transaction_id,user_id,amount,transaction_type,merchant_category,country,hour,device_risk_score,ip_risk_score,is_fraud,month
2128,246,428.130913153037,Online,Clothing,US,9.0,0.19285478965017844,0.2657482986915894,0,3
4851,559,68.34459230280073,POS,Grocery,DE,12.0,0.24209288224875875,0.15646144005834278,0,3
5250,307,165.49133486032923,ATM,Travel,TR,21.0,0.26577101623699684,0.07549462501411985,0,3
2385,167,2.8443605213706964,QR,Grocery,TR,7.0,0.14939146272850903,0.09537026885688248,0,3
2648,517,148.9519764258825,POS,Food,FR,21.0,0.1725048311538171,0.17034009603520253,0,3
2474,517,118.6785603515998,Online,Clothing,UK,11.0,0.05923549104171237,0.2703793716732533,0,3
4195,192,34.34974217254429,ATM,Grocery,UK,16.0,0.1038966731334704,0.127419942912134,0,3
2389,25,2.5419880820515353,QR,Food,UK,23.0,0.057411349756483876,0.14484625960941017,0,3
8661,312,69.95985289367361,Online,Electronics,UK,5.0,0.48012151215532417,0.3258873925098129,0,3
5682,821,95.00403491670161,QR,Travel,TR,3.0,0.08037267123878723,0.1025192792514149,0,3
6028,481,15.160791643947523,QR,Travel,FR,16.0,0.03373708396922543,0.15298504166622512,0,3
7654,713,130.18703613557176,POS,Grocery,TR,15.0,0.03765486877541015,0.02538271081588204,0,3
892,154,43.253075045269824,POS,Travel,DE,2.0,0.07138768009015536,0.6914598275569772,0,3
1256,663,338.97395901643966,Online,Travel,DE,12.0,0.39911203263882233,0.4316975668113119,0,3
342,804,439.1899107619444,ATM,Grocery,DE,8.0,0.31815016744970814,0.23083203978562253,0,3
8001,922,345.00056662064094,POS,Clothing,DE,10.0,0.11075137010604515,0.1882341628384708,1,3
3453,87,674.2940807842376,ATM,Travel,US,7.0,0.2764504622149721,0.4729507589186571,0,3
9018,416,97.36114990374791,Online,Grocery,UK,20.0,0.10614035209299806,0.19583523149482995,0,3
9083,555,479.9257684196638,POS,Electronics,UK,13.0,0.7603738525231009,0.7541415995585623,0,3
3807,850,113.52586565703115,ATM,Travel,UK,18.0,0.17408526396691068,0.11458246066056149,1,3
965,627,488.82190090778414,ATM,Clothing,US,5.0,0.5784652442272792,0.4471142246785735,1,3
1771,918,33.482785838425094,QR,Travel,FR,8.0,0.045353682303193615,0.02854022687872755,0,3
8949,815,51.27681847287663,Online,Grocery,US,12.0,0.14888154382244784,0.11918916878471948,0,3
7003,228,381.9301808644572,POS,Electronics,UK,23.0,0.448969380693642,0.10937082621731808,0,3
7111,912,6.120457690255795,QR,Travel,TR,10.0,0.04819365802366447,0.3749258256804144,0,3
8795,254,117.40342454990729,POS,Clothing,US,7.0,0.1082021981523742,0.4027223042713799,0,3
8544,964,147.18725863178608,QR,Clothing,TR,17.0,0.6011958789898957,0.17857248447281923,0,3
2295,479,53.9287837777927,ATM,Grocery,TR,10.0,0.05382621211917267,0.09063272031007279,0,3
4925,969,10.507609455654828,Online,Clothing,TR,21.0,0.1352869835898337,0.19654342549497614,0,3
6565,275,263.5764987247282,QR,Electronics,DE,10.0,0.3120564014227708,0.20807968422596182,0,3
8358,46,149.31700063390105,ATM,Travel,FR,6.0,0.24102524237480552,0.27180206016735553,0,3
7432,12,47.91627876100136,ATM,Grocery,FR,19.0,0.1036396210913957,0.19092361932468016,1,3
9955,507,82.8428037138888,Online,Electronics,UK,19.0,0.030903066494055914,0.06809027265763737,0,3
6382,816,333.2656493967085,Online,Clothing,FR,22.0,0.19379769396533553,0.33339813000910895,0,3
1865,946,98.95527704534388,POS,Food,FR,16.0,0.10577663899886147,0.28008187995972694,0,3
488,359,108.22836254707573,ATM,Travel,US,19.0,0.09788738689204596,0.08625047284453942,0,3
4419,636,63.3323076333876,Online,Electronics,TR,20.0,0.07031021377817184,0.08955383171000153,0,3
807,100,1.5533654763235627,ATM,Food,US,16.0,0.473807277625256,0.1940309495454875,0,3
8762,403,6.472204394148086,QR,Grocery,US,14.0,0.08489054154736651,0.11973253521006288,0,3
9849,851,116.0550419010249,ATM,Electronics,DE,16.0,0.1270094850765028,0.1577751633992354,0,3
4812,692,156.3986758353239,POS,Food,TR,15.0,0.08240696486519086,0.32714849026339066,0,3
5904,273,17.758704397476837,QR,Food,FR,21.0,0.20339941994972865,0.03419334967550257,0,3
5703,955,165.56656245997948,QR,Travel,TR,17.0,0.3740922676106704,0.029261303185296548,0,3
3132,661,11.367284834389391,Online,Electronics,TR,17.0,0.10314023639548989,0.12066519447499507,0,3
4079,956,0.0,ATM,Grocery,UK,23.0,0.17312413340987562,0.11362539565094579,0,3
3810,958,14.669262497571086,QR,Travel,DE,6.0,0.18434635784484427,0.1681565523492325,0,3
61,686,19.954953203557583,ATM,Travel,TR,23.0,0.03422845527757978,0.02585866322559767,0,3
8516,574,172.1277073348426,POS,Grocery,TR,12.0,0.1209571795079564,0.4305738730554928,0,3
3373,990,22.91490844115996,ATM,Travel,FR,18.0,0.06171890626636456,0.05258123131466724,0,3
7358,522,140.8448266064374,Online,Electronics,UK,19.0,0.4081963071681322,0.32714996035417826,0,3
6450,958,314.25343194660434,POS,Clothing,UK,6.0,0.1296856477478553,0.2445691804598125,0,3
2177,139,0.0,Online,Electronics,FR,14.0,0.04964834891629023,0.12823881526135522,0,3
7023,757,71.72165024374253,Online,Food,DE,22.0,0.27568174529476563,0.04756686184154392,0,3
3696,937,17.646025811833223,Online,Electronics,TR,18.0,0.06737661910810917,0.09522419533784932,0,3
8649,9,332.11871509439675,ATM,Clothing,TR,13.0,0.3146674332367606,0.6103553384816115,0,3
2734,912,135.57702777727445,Online,Food,TR,14.0,0.20987677747012198,0.1282543746216415,0,3
2376,215,484.7432734385277,POS,Clothing,DE,19.0,0.634943633180381,0.23259428436574983,1,3
5104,61,269.7125372449834,POS,Electronics,DE,21.0,0.15596104552502477,0.12407090895232381,0,3
1367,284,23.481810391796504,QR,Grocery,DE,4.0,0.0791616037258238,0.11775940680690612,0,3
393,942,42.587534514497015,Online,Electronics,US,22.0,0.09202338940093147,0.39639952364270453,0,3
4392,780,7.122204539410749,Online,Clothing,TR,21.0,0.07745247402360195,0.09905310904131356,0,3
5155,328,56.46983292884046,POS,Food,US,22.0,0.4630836781395534,0.3063789287545468,0,3
4375,571,68.66839860065654,Online,Food,DE,23.0,0.2454127076524908,0.39279233609679515,0,3
5325,395,54.81448218127333,POS,Clothing,UK,14.0,0.1908655776308316,0.4269293920817492,0,3
3969,693,321.3470069054942,QR,Food,DE,21.0,0.09288712584565462,0.3528855097836344,0,3
9867,48,38.6260949810532,ATM,Clothing,TR,19.0,0.13928678058044963,0.11446601664495804,0,3
7216,377,16.639702883238808,QR,Food,FR,8.0,0.0380786724201425,0.08194834493721671,0,3
5672,28,99.81010662856576,POS,Clothing,DE,16.0,0.08618273468773377,0.12316444089561832,0,3
9790,310,27.113233522062405,POS,Clothing,US,17.0,0.08284810867548836,0.14969555856545286,0,3
5790,991,118.91240009299263,POS,Food,UK,5.0,0.06860891364017922,0.5209597962668299,0,3
8482,493,30.377412719531073,ATM,Clothing,US,22.0,0.1785440725877248,0.44714696932499864,0,3
6349,967,53.0341577971665,ATM,Grocery,TR,22.0,0.2243380730925669,0.08193566110115598,0,3
5005,714,447.03809307594014,POS,Grocery,UK,14.0,0.15635388649262347,0.08185796437663626,0,3
5451,182,107.26114390181961,QR,Grocery,UK,20.0,0.44096522413158395,0.8798755581021936,0,3
9990,64,24.224185934572436,QR,Food,UK,14.0,0.06583271659748496,0.07207231838005516,0,3
4253,9,9.528783496948774,Online,Electronics,FR,15.0,0.039932674161927945,0.1152646759064913,0,3
1573,154,0.0,ATM,Travel,TR,22.0,0.05848526549763905,0.029782633314864908,0,3
8190,564,45.00054632627649,Online,Travel,TR,8.0,0.17056493847707907,0.13937679107101258,0,3
5261,604,417.63685784289385,QR,Electronics,FR,10.0,0.1054894613472187,0.09708933463757119,0,3
2726,527,45.34629216365048,Online,Electronics,DE,16.0,0.0924580627412826,0.1936016723321466,0,3
4667,154,207.9917399675747,POS,Electronics,UK,23.0,0.13050455262007127,0.0598610611246913,0,3
5391,310,74.40323606630204,ATM,Electronics,DE,14.0,0.5623855212603305,0.41150068847721843,0,3
9614,960,65.64060590759766,Online,Clothing,TR,13.0,0.16624225976898216,0.08447561937576686,0,3
2417,389,19.61800664610689,QR,Clothing,TR,20.0,0.11724048940243871,0.34020981138914247,0,3
8242,213,75.18540747829245,POS,Food,US,21.0,0.19590334781694166,0.12316590770651682,1,3
83,685,7.3302079175861525,POS,Grocery,DE,23.0,0.05722859224092,0.09619046270462127,0,3
5922,537,84.9879571079937,Online,Electronics,DE,21.0,0.1630288089163308,0.3213216350074931,0,3
396,838,11.124668129495348,ATM,Clothing,TR,21.0,0.30262375598942154,0.2036604078896626,0,3
1261,295,92.9671170703002,POS,Electronics,US,14.0,0.2664614835349273,0.29468118655232606,0,3
8160,229,1.7925504444685743,QR,Food,FR,23.0,0.4335180545592573,0.19425462803229954,0,3
6493,105,253.04311916999364,ATM,Grocery,DE,7.0,0.3637013017785983,0.3177886352641151,0,3
7923,624,61.434166517774194,ATM,Clothing,US,18.0,0.1724438821419436,0.027959999663297028,0,3
8706,325,486.65863609537365,QR,Grocery,US,4.0,0.2516658232380228,0.543291919358426,0,3
4614,234,239.5205578606191,QR,Clothing,DE,13.0,0.10675202552856956,0.13629637662025706,0,3
5547,535,751.8763865325265,QR,Travel,DE,10.0,0.09789881948467129,0.21524707796698112,0,3
8941,402,306.96963237802447,POS,Travel,UK,20.0,0.08116521840796345,0.053766148030420444,0,3
1269,631,443.95520051973307,Online,Travel,US,15.0,0.1223222829465838,0.12355520579711465,0,3
4290,30,37.297288072489266,QR,Electronics,DE,18.0,0.4646135933273827,0.04144466578389414,0,3
2513,344,135.41191854906364,POS,Food,US,15.0,0.13423990191187857,0.1311945001390862,0,3
6880,693,153.34454165142392,POS,Food,UK,17.0,0.37825695569803713,0.203275402511174,0,3
847,163,3.212175995916928,QR,Clothing,FR,18.0,0.38730749775025997,0.0714348819528348,0,3
9435,164,509.70559701336845,QR,Travel,FR,13.0,0.2858654625954018,0.23366830320356072,1,3
1084,53,593.2328929062982,QR,Electronics,DE,18.0,0.3469164238886008,0.3567664824297423,0,3
3745,211,32.00854918453846,POS,Food,DE,21.0,0.14696145844579128,0.13274130447058624,0,3
7479,633,87.79248053740716,QR,Electronics,UK,19.0,0.37665420168030117,0.16828779583094647,0,3
2093,450,8.52181758050627,ATM,Electronics,FR,10.0,0.02633569727043073,0.10182719005530814,0,3
2036,596,702.6893718704387,Online,Electronics,DE,13.0,0.525243695267229,0.29158523343943904,0,3
5928,317,430.03808809589196,QR,Food,US,14.0,0.08349996450420522,0.06008434572741521,0,3
3845,9,278.9684003149766,ATM,Clothing,FR,7.0,0.5031421759552424,0.23972558391775511,0,3
6588,442,4.844294791844261,POS,Travel,US,17.0,0.05808575516059889,0.05627532100126911,0,3
2270,572,0.0,POS,Electronics,US,9.0,0.05791135962552174,0.07770539205776786,0,3
540,313,0.0,ATM,Electronics,US,18.0,0.12020975999317488,0.06093973935110424,0,3
2235,782,225.03015892663237,QR,Clothing,DE,3.0,0.5089748198678883,0.12438609543184698,0,3
9950,717,3.0094968754815117,POS,Travel,US,9.0,0.09808833404432483,0.06106680704694998,0,3
9868,478,314.0821813832116,QR,Food,TR,18.0,0.09421067991152274,0.11670584203083806,0,3
7668,703,45.82445594444304,ATM,Grocery,FR,23.0,0.17508183228293195,0.06895684438002032,0,3
3260,605,88.74314471984057,POS,Travel,US,23.0,0.05949348814865732,0.0830098827597758,0,3
474,165,233.41456308290287,Online,Clothing,UK,15.0,0.2735693403751503,0.1946324527078076,0,3
8961,275,82.95296779064643,Online,Clothing,UK,17.0,0.051550249588491984,0.06619086653102756,0,3
9305,149,154.52370522524285,QR,Electronics,FR,13.0,0.44960403843645347,0.08648456475813765,0,3
2154,366,44.994405325058146,ATM,Electronics,FR,8.0,0.1993639347946243,0.3536813379031943,0,3
3340,625,150.78368452625347,ATM,Clothing,US,20.0,0.027830102401753674,0.029156950225424232,0,3
7435,729,121.93029824419348,QR,Travel,UK,18.0,0.1820666322512962,0.3268473878722765,0,3
2800,966,34.08260960994907,ATM,Electronics,FR,15.0,0.09178830818399583,0.028258846410202487,0,3
5885,903,222.07906571281146,POS,Electronics,UK,20.0,0.428198977740519,0.15115331210117353,0,3
3265,645,83.48353680766417,Online,Travel,FR,21.0,0.1498959260743067,0.2071647876437385,0,3
1787,143,202.94560614210346,Online,Electronics,US,17.0,0.3678897245591945,0.17887483716570132,0,3
9775,124,71.43273558933454,ATM,Travel,UK,14.0,0.20966967284495325,0.07696563475206639,0,3
8099,884,11.463504363485882,ATM,Grocery,US,17.0,0.08509008129186477,0.09327490387929481,0,3
498,277,615.2128967476043,QR,Food,TR,18.0,0.2982058857911097,0.2817968907181835,0,3
3946,260,173.98199965830682,QR,Grocery,UK,17.0,0.1915556970331174,0.16365833812491645,0,3
3534,740,33.08570329443815,QR,Food,DE,15.0,0.33621192195674743,0.10298792600455968,0,3
5509,46,855.677490888639,POS,Food,US,17.0,0.09031972549260534,0.39842469665993646,0,3
9566,90,123.68302644159498,Online,Clothing,US,14.0,0.2903961990466467,0.08491256137434282,0,3
6561,598,138.33104570990724,POS,Electronics,DE,18.0,0.1668017934715858,0.1201156326714668,0,3
6345,299,151.7755677921315,QR,Grocery,FR,14.0,0.23721292988672218,0.1877936252796598,0,3
3828,793,146.3940423011267,POS,Clothing,US,23.0,0.09924597164856541,0.05819338454527409,0,3
1636,438,198.46319081250437,QR,Grocery,TR,3.0,0.20681823103950264,0.04110861831854627,0,3
3423,351,0.0,ATM,Electronics,DE,22.0,0.09101620677036776,0.03650845665923397,0,3
695,822,253.35034196261083,QR,Travel,US,22.0,0.027604413964765064,0.03593526402506424,0,3
1243,818,151.57807125445933,QR,Electronics,DE,14.0,0.15817004498200263,0.11149301000332536,0,3
9488,541,8.30916085187262,QR,Electronics,DE,13.0,0.06085535841907159,0.5077062416614159,0,3
1889,720,393.153531561582,Online,Grocery,FR,17.0,0.15828088615339822,0.07889858258010567,0,3
9551,325,11.20236779242294,POS,Travel,US,18.0,0.09884194302307268,0.16414226077981028,0,3
6889,131,309.1387867904689,POS,Travel,FR,11.0,0.15774660050775172,0.4161190877775971,1,3
8362,186,32.95575214409032,ATM,Food,FR,9.0,0.17983233493162412,0.12267933714941723,0,3
7149,935,60.21374909542514,ATM,Travel,UK,5.0,0.09005968506369248,0.14241814268775818,0,3
4570,782,218.27427944909445,POS,Clothing,US,22.0,0.30514244836017523,0.11778052711835253,0,3
5453,206,514.3083935485374,ATM,Clothing,FR,19.0,0.2978812861311226,0.1919849320096093,0,3
3264,751,302.11692078355344,POS,Food,TR,9.0,0.22060175765194587,0.07644916827574225,0,3
5935,455,80.48303320382706,POS,Travel,DE,22.0,0.08587053961211527,0.25250003524993564,0,3
3106,482,0.0,ATM,Food,FR,13.0,0.031407450482534224,0.05825500987208307,0,3
7010,943,57.78955432454751,Online,Food,UK,3.0,0.08571683557462992,0.18815534950857354,0,3
7281,316,305.33794607215276,POS,Food,DE,8.0,0.3508605649535077,0.08728959395892139,0,3
29,51,91.23709716726499,QR,Travel,FR,11.0,0.14025181286716837,0.1079677717858773,0,3
6191,52,144.09718389406845,ATM,Clothing,FR,7.0,0.7918942922377992,0.3189903525994879,0,3
5531,98,15.187434937613995,Online,Clothing,US,9.0,0.13049826392792302,0.03554995496014138,0,3
7508,896,0.0,POS,Grocery,US,17.0,0.05023126536354823,0.19038206983859524,0,3
6740,699,238.71627201750297,QR,Travel,UK,15.0,0.08817034264796406,0.029597308317847293,0,3
5954,261,3.939388792114923,POS,Travel,TR,22.0,0.18129745888298673,0.08406119320650156,0,3
721,994,255.09104207273967,ATM,Electronics,TR,15.0,0.03200223677122268,0.05493022259362057,0,3
4939,882,156.55576157040838,QR,Electronics,DE,16.0,0.17320447668054226,0.16182131018883614,0,3
5760,616,70.43371649432223,ATM,Food,UK,13.0,0.5048709143613141,0.2252475558758309,0,3
1382,408,99.24578661041001,Online,Clothing,TR,8.0,0.33258276632440326,0.30546251367927735,0,3
3488,153,81.56996632636013,POS,Electronics,FR,16.0,0.2796418895337547,0.07634520883147783,0,3
9739,170,32.19435937859675,POS,Grocery,FR,17.0,0.10555528716880702,0.14953036331732975,0,3
8510,600,16.325375646712835,Online,Electronics,TR,17.0,0.15143200944414384,0.08129801755038804,0,3
3895,392,557.7409303563309,Online,Electronics,UK,19.0,0.5740785355995954,0.6453979601361766,1,3
6474,186,47.06937817065722,ATM,Electronics,UK,19.0,0.09147283687045987,0.1001159390796945,0,3
2292,877,356.7636226558154,QR,Electronics,TR,6.0,0.10212257189356869,0.1816974840663437,0,3
1238,281,4.740928544430167,POS,Grocery,FR,15.0,0.12868953778094583,0.04280955537764693,0,3
2056,690,1.4835676823108686,Online,Travel,US,20.0,0.09774544364065609,0.08775729673730123,0,3
8023,843,29.458937987821372,Online,Food,UK,18.0,0.1730064344747711,0.05319730578268858,0,3
4699,147,142.43381754802098,Online,Travel,FR,15.0,0.2824700000238444,0.2490704594838968,0,3
9606,444,18.267282356081562,ATM,Food,FR,6.0,0.03589500152444332,0.07522908729016109,0,3
1167,722,271.7716158911204,POS,Electronics,TR,22.0,0.1451445691270399,0.2956995742115366,0,3
8358,193,29.979792965814326,Online,Travel,FR,20.0,0.10001099903493929,0.11978503710333326,0,3
3856,926,400.9275352097881,QR,Grocery,DE,6.0,0.5844180770026057,0.08021899476884167,0,3
8427,862,43.4124304728185,QR,Clothing,FR,16.0,0.0792161468298884,0.047103257499718776,0,3
1861,26,20.095717354530994,Online,Clothing,NG,15.0,0.4487545974245961,0.12300083052545235,0,3
3533,604,173.73124498447234,QR,Electronics,UK,18.0,0.17337166512564378,0.13124919014391276,0,3
6858,308,188.11704679348182,Online,Grocery,FR,16.0,0.307357409705757,0.05813959667530682,0,3
7195,254,158.26816233280712,QR,Grocery,FR,6.0,0.289431177271109,0.1414939948554735,0,3
7337,208,5.015165612446806,ATM,Travel,UK,13.0,0.14278603299905718,0.1343558866979392,0,3
2562,825,222.53223409951605,Online,Travel,FR,23.0,0.20831485424477275,0.04884305099455505,0,3
3797,702,46.01943609137629,Online,Electronics,US,17.0,0.3888373314100004,0.17325240009024723,0,3
2361,485,137.72443456803447,ATM,Food,DE,5.0,0.2946739911038068,0.18785890039152217,0,3
4345,838,24.901825767058458,POS,Grocery,DE,17.0,0.10847430772600039,0.038609743945035316,0,3
9011,481,98.44585709775214,POS,Grocery,TR,23.0,0.2273935206751355,0.052692293349849276,0,3
377,234,75.94574263114532,POS,Travel,US,9.0,0.1478067881077927,0.2169212383034955,0,3
4817,938,19.154550817749875,QR,Grocery,UK,10.0,0.2698378900903179,0.0674215791812046,0,3
1621,255,86.49394487543519,POS,Food,TR,22.0,0.2747618849031332,0.10482402639553666,0,3
7945,333,25.16569428153221,POS,Food,US,21.0,0.07243899616019471,0.4971386485530296,0,3
9288,383,581.5217057754724,POS,Food,DE,6.0,0.21132901371850848,0.44310080174009336,0,3
5941,388,26.562429469721963,POS,Electronics,US,14.0,0.13027705735906042,0.1312756831895323,0,3
4823,548,62.93058730084442,ATM,Travel,US,23.0,0.21726046227270474,0.33177724560883937,0,3
455,170,165.83644197659166,Online,Electronics,UK,14.0,0.11918308239620612,0.059714475251278445,0,3
3726,118,156.71372197054168,POS,Food,FR,2.0,0.19342558630777423,0.3480392298213752,0,3
9906,635,132.26906640283636,QR,Food,TR,19.0,0.12959437371782787,0.14797923497403867,0,3
844,584,45.80739287193623,ATM,Electronics,FR,16.0,0.14843477850190417,0.22797956873177327,0,3
5889,374,111.31136387658653,QR,Electronics,US,22.0,0.08514515696409157,0.052309534367419905,0,3
9118,991,137.41348879894787,POS,Food,FR,18.0,0.4632212681420728,0.5326197358467574,0,3
6074,951,128.3498696561104,QR,Clothing,UK,6.0,0.2629826548804652,0.2383761694718119,1,3
9451,246,65.3477455339561,ATM,Food,TR,12.0,0.14072333035740087,0.05125199704680942,0,3
8602,253,14.950781304254589,POS,Grocery,FR,9.0,0.03718154661553891,0.11878518502607449,0,3
9579,510,35.395250702942036,QR,Travel,DE,12.0,0.46802724463091105,0.20412962071471796,0,3
1229,540,253.04125708461325,Online,Grocery,UK,20.0,0.1470985075407103,0.23199026100833903,0,3
293,715,373.20847182154876,POS,Food,UK,2.0,0.44200100109767326,0.16623406607502644,0,3
862,699,354.2481246722256,QR,Food,FR,10.0,0.0689732220440108,0.1848934192493672,0,3
1515,374,174.23987845020596,QR,Food,FR,11.0,0.06603986857255738,0.13766148582095075,0,3
6832,155,0.0,POS,Clothing,TR,19.0,0.06613402263887122,0.11754464106797685,0,3
747,479,341.71860495554324,Online,Electronics,UK,17.0,0.655609986575919,0.6547179938373436,1,3
160,82,320.1512734120012,QR,Grocery,UK,18.0,0.5834932567844421,0.2912788374708412,0,3
4380,195,429.8535516055839,QR,Food,US,1.0,0.13180468645243784,0.1925367539431733,0,3
6376,954,3.0017947030562,ATM,Electronics,US,17.0,0.15317847284706232,0.09911587503574788,0,3
1550,890,410.7881752764387,ATM,Food,FR,6.0,0.4488800419875072,0.2700425563023864,0,3
9443,228,168.67470757600813,POS,Travel,FR,15.0,0.24783543717603732,0.11871662295170005,0,3
32,554,13.961688374681337,QR,Grocery,FR,7.0,0.25770678224880655,0.14763262876944278,0,3
2318,415,218.20729331545178,ATM,Food,US,6.0,0.10870627712342397,0.07948920827382941,0,3
7808,686,40.3291269946335,Online,Clothing,TR,15.0,0.18858748096103387,0.25040255545806467,0,3
5137,573,495.762481117006,ATM,Clothing,US,20.0,0.04708800581451536,0.0709551726427043,0,3
588,521,74.70589130811874,POS,Electronics,US,5.0,0.13662560858836237,0.21536942124315506,0,3
2805,494,533.7299258347091,POS,Electronics,US,18.0,0.2767818016095499,0.5198702705584392,0,3
7556,202,328.7824877198388,ATM,Electronics,DE,15.0,0.40618554531901363,0.4316696952177614,0,3
5892,9,25.78237552402944,Online,Electronics,FR,17.0,0.13045538658725644,0.2016915172024509,0,3
884,54,243.67946571139916,POS,Food,FR,18.0,0.1299621809466465,0.16866582446966577,0,3
5377,25,27.32919025091164,Online,Grocery,DE,13.0,0.1323450750777302,0.4992001192139369,0,3
2374,171,496.2024729895877,ATM,Travel,DE,8.0,0.19085855850121222,0.4654224714335807,1,3
5494,768,8.260819384076502,ATM,Travel,FR,2.0,0.07154570694043821,0.04161743801610849,0,3
6422,168,8.974387323080816,QR,Grocery,TR,17.0,0.3443756898549936,0.45683946200317055,0,3
9092,802,109.25535033978592,ATM,Travel,DE,23.0,0.03738494304792673,0.17058132570687384,0,3
8502,603,10.726208937403769,POS,Electronics,UK,21.0,0.24700950946109418,0.4065234149195646,0,3
4102,59,115.55781408473987,Online,Food,US,9.0,0.1418351226954096,0.11654132622634139,0,3
9708,672,0.0,POS,Clothing,TR,22.0,0.17595998863584933,0.19233099620683244,0,3
4265,521,116.23382648292527,QR,Travel,DE,21.0,0.449222431650442,0.256776954413109,1,3
9309,975,33.438562810370165,QR,Electronics,UK,11.0,0.3342241528707547,0.31757612265106333,0,3
8041,176,282.29019507875716,POS,Electronics,FR,11.0,0.23700475986387662,0.260474742217636,0,3
4807,595,79.8789809051261,POS,Electronics,DE,15.0,0.1066148393693362,0.17863155837375438,0,3
5950,379,109.8398721533688,QR,Electronics,FR,18.0,0.20755812232428958,0.2545904874286648,0,3
6355,190,112.7819562838764,QR,Travel,DE,23.0,0.14455241659949247,0.06707039287066716,0,3
7356,605,105.92775601008097,QR,Travel,DE,13.0,0.07363124140750191,0.08959643589274742,0,3
979,378,98.92093980350101,QR,Travel,TR,20.0,0.8655157955518018,0.25375521445792865,1,3
1168,67,174.953849300395,Online,Electronics,FR,21.0,0.3851048919592218,0.2211321705763853,0,3
9272,616,426.52241485256224,POS,Grocery,TR,18.0,0.24082714446576206,0.30463755643141005,0,3
8241,565,38.22455236273539,ATM,Food,FR,23.0,0.05259612883054879,0.10339689787832569,0,3
2726,390,80.7732587138021,QR,Travel,FR,12.0,0.2002363952640317,0.2520320130536078,0,3
8592,924,12.43581218844147,ATM,Food,DE,9.0,0.21006110337420605,0.051987404955974384,0,3
1648,442,168.730479467927,Online,Grocery,US,17.0,0.26029947344467874,0.08750182256165905,0,3
5460,530,136.463499352357,POS,Clothing,UK,10.0,0.12239153495057387,0.16442010535754825,0,3
5275,385,4.789142401912874,Online,Food,TR,15.0,0.16254688794867525,0.11363395057555009,0,3
5715,839,512.0654256689938,POS,Food,FR,15.0,0.19780701348296142,0.049727661374564136,0,3
7830,478,20.881256324934856,QR,Clothing,FR,14.0,0.08146616491677322,0.16288309360360056,0,3
4378,957,210.66548595336118,Online,Food,UK,15.0,0.14644501971460364,0.21942217001376804,0,3
2291,873,761.3568355213112,QR,Food,TR,14.0,0.20707532555352065,0.1193744158650951,0,3
7719,665,20.181880992944436,QR,Clothing,DE,11.0,0.22281775143972193,0.11563290341207766,0,3
2591,682,402.2353919549513,Online,Clothing,TR,12.0,0.2505039743780218,0.12986809896760654,0,3
2482,862,173.8655047396067,ATM,Electronics,TR,8.0,0.29347845699046926,0.39402739499708533,0,3
1467,451,0.0,QR,Food,DE,20.0,0.10955074893091099,0.056419470022480864,0,3
3236,109,0.0,QR,Grocery,TR,18.0,0.07846073970361528,0.056842165953628704,1,3
5055,891,0.4414575048916394,POS,Food,TR,18.0,0.5683545243048967,0.29282472610226057,0,3
7564,526,85.46784160331853,POS,Travel,DE,22.0,0.03223591042477723,0.1681570694151771,0,3
3639,455,44.7189035943041,POS,Clothing,DE,7.0,0.39361121667571775,0.27127620191062785,0,3
5609,690,73.06437811683044,ATM,Electronics,UK,15.0,0.2886364550678716,0.10547149271449685,0,3
6393,251,297.0553703782319,POS,Travel,TR,6.0,0.1327108009630376,0.04220621489837556,0,3
9434,215,194.01480697136824,ATM,Grocery,UK,12.0,0.0626897246573406,0.0330902140749723,0,3
3723,240,4.787420433628843,ATM,Travel,TR,18.0,0.15737256855417886,0.3793549614346967,0,3
3852,965,8.402803051050231,QR,Travel,US,20.0,0.05854267464845239,0.3158344605893511,0,3
5028,420,44.43487736172867,POS,Food,FR,8.0,0.14860189558718442,0.33926836788719544,0,3
1992,172,74.48339803840264,QR,Clothing,FR,9.0,0.18058798144068938,0.07346328157411715,0,3
8115,583,27.87404493580878,QR,Travel,DE,22.0,0.0625876396666418,0.20597608518549101,0,3
5919,879,316.45970046628213,QR,Clothing,UK,12.0,0.16618264815158493,0.4106464080638646,0,3
2129,642,439.3632837784155,POS,Clothing,FR,15.0,0.24732784779122446,0.17508902318426206,0,3
1572,984,124.43737883994518,POS,Travel,DE,18.0,0.41234792577757323,0.2933905923942949,0,3
7730,226,41.379025683747464,ATM,Travel,TR,22.0,0.05251165006129169,0.13726114368683173,0,3
6853,852,106.6656575990665,QR,Electronics,TR,15.0,0.05139776314766123,0.16175567802903548,0,3
628,587,109.84423221993679,QR,Food,FR,20.0,0.43757153620127553,0.2506109296913911,0,3
6805,551,30.70231560476018,ATM,Food,UK,5.0,0.09891507729521239,0.11819696910482752,0,3
9780,935,326.04560106027355,POS,Food,FR,18.0,0.11550683950580273,0.34489858860179257,0,3
8172,271,75.43750515614589,Online,Clothing,UK,17.0,0.17600105047587966,0.17717057362502403,0,3
9079,137,207.05662916103933,Online,Clothing,US,21.0,0.7878998725978612,0.48478393615547266,0,3
7911,206,5.5547834013455155,Online,Grocery,FR,6.0,0.07603760148077028,0.4070619520621525,0,3
705,546,320.3430047501504,ATM,Food,TR,9.0,0.045388902923286206,0.22266529680494565,0,3
4871,755,249.40915942830998,POS,Clothing,UK,22.0,0.21980495695812333,0.43258415307392617,1,3
8845,838,158.8211810784531,ATM,Grocery,TR,22.0,0.15516665922849565,0.15996633088327364,0,3
8797,223,16.94295140266827,QR,Electronics,TR,20.0,0.18703108745739136,0.1276553014998573,0,3
5578,275,13.991547170860398,POS,Grocery,UK,21.0,0.09767866721483641,0.13903039583624024,0,3
7183,836,101.17867423431163,POS,Travel,DE,15.0,0.10151616944427473,0.3628034312281799,0,3
6907,287,363.7098571833817,Online,Electronics,FR,18.0,0.21094176304573056,0.26181505173403435,1,3
2160,228,70.0681628319702,POS,Travel,FR,20.0,0.14058626185994816,0.037889487891159104,0,3
175,681,132.02036020287494,ATM,Clothing,TR,10.0,0.20576231942888562,0.08154932340487775,0,3
6484,281,234.65891888433706,POS,Electronics,UK,9.0,0.5105504261781674,0.4891287053888217,0,3
1590,210,578.636468704653,Online,Grocery,US,12.0,0.38694650475716236,0.15450913980255782,0,3
8881,803,80.70523333678182,POS,Grocery,DE,13.0,0.15241231260687638,0.09152192800747797,0,3
5651,289,819.3859030693171,POS,Travel,DE,12.0,0.47158821577857424,1.0,1,3
8495,100,98.36787574423283,Online,Clothing,FR,10.0,0.30423335133544116,0.06810620555043892,0,3
2417,870,55.49375804670717,Online,Clothing,TR,5.0,0.1783835762854568,0.14411765271084348,0,3
3630,14,95.07042018042864,Online,Food,TR,10.0,0.16552612977788458,0.055071962864686824,0,3
1116,326,914.6033976324989,ATM,Travel,UK,17.0,0.40028582102998816,0.32314560802838227,0,3
6425,177,483.84893591941164,POS,Electronics,TR,18.0,0.29334625368427236,0.26048292818428465,0,3
5739,130,36.141129278916154,ATM,Food,DE,6.0,0.02657968500299544,0.033627741826327384,0,3
3312,555,454.61639170661414,ATM,Travel,TR,21.0,0.27786761721707925,0.1589373677704889,0,3
7249,440,172.08574842614019,Online,Grocery,UK,5.0,0.5395211950381081,0.8692484883115443,0,3
8432,646,460.62439103958656,POS,Clothing,DE,13.0,0.22408908074591044,0.35550544743083157,0,3
3562,197,1244.8687471834496,ATM,Clothing,NG,8.0,0.30231694409555665,0.4923367988744438,0,3
422,902,112.47973640435983,Online,Food,US,21.0,0.29550696865282733,0.14264870950254915,0,3
5591,10,351.7743623280553,POS,Grocery,UK,9.0,0.14372656788296234,0.11647847708085816,0,3
557,374,661.0736326152659,QR,Travel,DE,8.0,0.11018275916171028,0.22860196110682718,0,3
4001,731,126.82060745173187,ATM,Food,DE,22.0,0.07059120290083523,0.09809225458316949,0,3
3073,491,485.4361296947086,QR,Electronics,FR,22.0,0.3244137182071586,1.0,0,3
1343,617,368.5705968017694,ATM,Food,DE,20.0,0.13861990532919086,0.08363813374822618,0,3
7154,409,75.78110192214764,ATM,Electronics,UK,18.0,0.1365769989106794,0.24954767832949268,0,3
3834,263,0.0,Online,Grocery,DE,19.0,0.05527536095425637,0.053775684129235744,0,3
3797,903,48.13503673782464,ATM,Food,UK,23.0,0.22169619500657767,0.06383591003310277,0,3
1265,136,192.78418420004465,Online,Clothing,DE,18.0,0.08472529259072781,0.517388098421948,0,3
4037,275,118.55489329731978,ATM,Grocery,FR,17.0,0.11929430982611056,0.09254778742645985,0,3
5672,178,953.1368665910859,POS,Food,TR,8.0,0.39422204091564694,0.21382968483717615,0,3
6848,896,49.7712717501652,ATM,Food,UK,4.0,0.24927733973716876,0.2318098784832086,1,3
2909,792,4.404835996817216,ATM,Electronics,FR,22.0,0.10160468925005081,0.030316963152182335,0,3
2932,581,123.87286721750161,ATM,Grocery,UK,11.0,0.15879967554335886,0.17455237275724184,0,3
9870,378,3.131146133557916,ATM,Food,US,4.0,0.1570685690543453,0.29249240909488916,0,3
6178,432,255.48215234508942,QR,Clothing,FR,11.0,0.15150788668872361,0.4547798110645358,0,3
3854,498,508.34427596621487,ATM,Travel,US,21.0,0.1411313748620759,0.07550071373476151,0,3
3266,478,463.88531447837937,Online,Food,US,22.0,0.1534075673452575,0.06310134327120423,0,3
395,717,50.94880655366109,QR,Clothing,DE,18.0,0.13931588304127357,0.11927677773168392,0,3
1577,359,401.669136668228,POS,Food,DE,14.0,0.1081867531696912,0.18984897210614118,0,3
4839,228,10.222620561392432,QR,Travel,FR,21.0,0.08395568961657224,0.06248381645711634,0,3
509,603,172.9949564081328,Online,Travel,TR,18.0,0.11681641180812907,0.1233854341803145,0,3
2728,281,15.630325493976365,Online,Clothing,US,12.0,0.20622215979283984,0.39349235226707235,0,3
2848,748,360.8473866691938,QR,Grocery,US,3.0,0.6517541161936966,0.3046810406632242,0,3
2427,252,7.462384373773749,ATM,Food,DE,22.0,0.040751738637373476,0.31150671837777966,0,3
4694,77,96.11678300011178,POS,Travel,UK,21.0,0.0993843556813323,0.3386429060843153,0,3
7110,875,506.59000928274617,ATM,Electronics,UK,14.0,0.18065662885246567,0.14486901593966578,0,3
1376,711,238.79223567466846,QR,Grocery,DE,8.0,0.6694931435305859,0.08670532925429386,0,3
4206,894,483.7188249035042,ATM,Travel,TR,14.0,0.2091999393667168,0.1434445396683543,0,3
3378,280,1166.9068854154064,Online,Food,UK,14.0,1.0,0.6278559640908589,0,3
3860,677,169.13849963703532,Online,Electronics,UK,13.0,0.3817813958620176,0.23388706777288135,0,3
5079,617,97.47579815747802,Online,Travel,UK,20.0,0.29975885266251984,0.11984571359924293,0,3
5416,562,83.18449435586311,QR,Food,DE,9.0,0.3172834044910974,0.0866321248029493,0,3
4880,366,338.90348098595024,Online,Grocery,US,12.0,0.15246913780365454,0.33883981506942856,0,3
439,191,140.8527173572036,POS,Grocery,TR,14.0,0.36123075702788443,0.17601167682785912,1,3
2720,148,140.9258754716263,ATM,Clothing,UK,3.0,0.47424858867627884,0.41749432444023715,0,3
5284,759,56.92118306540552,QR,Grocery,FR,5.0,0.12844447729767067,0.22712165335405707,0,3
721,888,55.517916957827815,Online,Grocery,TR,23.0,0.03481680548397775,0.06857802133238225,0,3
2746,649,303.9082848183602,ATM,Clothing,FR,10.0,0.04269056267737452,0.14727702774947551,1,3
7751,259,634.2655908632282,Online,Food,DE,5.0,0.4002221910746114,0.14876993632783336,0,3
8890,500,34.04991312411402,QR,Travel,US,19.0,0.053976547632614516,0.06949930732549292,0,3
8895,698,403.6326689817348,POS,Electronics,UK,5.0,0.1301337743955137,0.3475852469358145,0,3
8972,865,143.9775815052897,POS,Grocery,DE,15.0,0.348034796739482,0.04984428153891684,0,3
8093,883,271.38723860246336,POS,Travel,DE,18.0,0.14424727079601077,0.19455870738697015,0,3
2943,894,462.32370510185336,ATM,Electronics,US,17.0,0.36996309006421585,0.22176723032955623,0,3
6726,266,77.1906271939092,ATM,Electronics,FR,10.0,0.11977154592463848,0.12287974298159587,0,3
8655,693,283.34704434593283,ATM,Food,UK,7.0,0.5512863131994691,0.6469786131806148,0,3
7022,85,251.32658140907952,POS,Electronics,DE,6.0,0.1884432921848484,0.17361886003792265,0,3
8120,67,31.5306977554955,Online,Travel,UK,12.0,0.5791521015318014,0.292625035091416,0,3
3874,106,424.0229805838022,POS,Grocery,FR,22.0,0.3604007208812246,0.20695633951558587,0,3
6448,852,273.4397660143296,POS,Food,US,14.0,0.1669642337492913,0.11082964686649593,0,3
2313,310,169.5150119265284,POS,Food,UK,19.0,0.1043433094325612,0.08235868227772078,0,3
4874,54,11.96546235577235,QR,Clothing,FR,23.0,0.2553114016924463,0.3062740064406084,0,3
562,484,59.15888922664117,QR,Food,FR,19.0,0.2456778070673058,0.21465783621618784,0,3
2185,548,262.2692039776914,POS,Food,US,14.0,0.22251294699832813,0.22007402417388067,0,3
8708,697,741.2524089399275,POS,Travel,UK,22.0,0.2780394171058987,0.3747521072515724,0,3
2908,127,112.94512474767016,QR,Food,DE,22.0,0.098924106361517,0.2520901126062006,0,3
9697,708,515.3455912301986,Online,Clothing,UK,20.0,0.3579713118469545,0.16027294731094474,0,3
2825,425,54.3041797131764,ATM,Travel,FR,20.0,0.06482311055159451,0.1675912235592194,0,3
744,461,280.5917467245088,Online,Travel,TR,18.0,0.03669080044171346,0.06313681513153274,0,3
1709,521,68.33127871260632,Online,Electronics,DE,6.0,0.0898424506660172,0.06566444288474493,0,3
2878,113,149.01170933951124,Online,Electronics,UK,14.0,0.16126540976461015,0.054022087620500474,0,3
3757,495,104.6391949397497,QR,Grocery,US,13.0,0.10190435399482915,0.07648018523798344,0,3
9854,592,9.443042428395588,QR,Travel,DE,23.0,0.16013646233419768,0.0647115341574803,0,3
9077,831,344.804168933691,Online,Grocery,UK,19.0,0.187822029663837,0.28449298681304125,0,3
8049,254,2.496730250789386,QR,Electronics,TR,12.0,0.24610387729865302,0.03154720376388809,0,3
5522,63,6.374613825476227,QR,Electronics,FR,14.0,0.1156458666805193,0.05190931187203815,0,3
5681,172,70.97412477540948,QR,Food,DE,8.0,0.2763657291172059,0.2987809547101497,0,3
8459,583,42.94644676214852,Online,Electronics,DE,18.0,0.1114503884378795,0.1088131708910861,0,3
8109,403,80.9558513869203,POS,Electronics,TR,13.0,0.13912690981240772,0.03733611810782864,0,3
9549,332,491.8596527858876,ATM,Grocery,UK,2.0,0.24139237149916537,0.5249855814023853,0,3
8803,959,155.90360622011266,ATM,Clothing,US,8.0,0.1744839871373777,0.089617616468771,0,3
9708,72,58.00492949519422,QR,Clothing,US,7.0,0.19816833528108496,0.4183682970967058,0,3
3515,438,180.29767111196136,QR,Food,DE,20.0,0.04431988320718578,0.08229628478234716,0,3
8757,76,29.05926197614398,ATM,Travel,US,22.0,0.05456104412916171,0.06626264716467825,0,3
1769,292,24.409634621211048,POS,Grocery,US,4.0,0.09742514909688602,0.07695003713508837,0,3
5099,117,80.46932008906593,Online,Clothing,DE,16.0,0.12684453639914314,0.0839540219137818,0,3
2364,868,103.05712246694071,POS,Travel,TR,10.0,0.08561261185412183,0.0574384614608273,0,3
87,25,510.2667207000438,Online,Food,US,12.0,0.03809140271572102,0.18517174624974864,0,3
9241,427,78.95686490227938,Online,Grocery,US,17.0,0.10529010674425328,0.02643642736911707,0,3
6987,443,317.6910509773375,QR,Travel,FR,15.0,0.38648074586453146,0.13178836541759228,0,3
2835,473,494.38037677647253,QR,Travel,FR,3.0,0.40108459876277625,0.3563450507901563,0,3
9351,652,18.6343622707313,POS,Travel,US,21.0,0.11683657992784272,0.16009934292135153,0,3
8297,322,33.13324518006172,QR,Travel,DE,10.0,0.04843294721203788,0.12941971353667683,0,3
9635,86,54.843614002026264,ATM,Clothing,US,22.0,0.058061905989979755,0.3780729071350657,0,3
2361,330,27.634815897715427,POS,Clothing,UK,12.0,0.15975367124776127,0.3901737916181201,0,3
1255,537,13.784448122387234,ATM,Clothing,US,22.0,0.26410205873148823,0.24676374569132717,0,3
1524,731,20.77197948698701,POS,Food,FR,22.0,0.07642885886576559,0.3490240286996332,0,3
1668,439,58.6426024124763,Online,Clothing,TR,19.0,0.5105309927853778,0.08511072491773558,0,3
5671,766,454.01584530841086,QR,Travel,DE,20.0,0.3206267963818875,0.4279489605202031,0,3
9287,84,47.522147164779675,Online,Clothing,DE,15.0,0.12614986810309253,0.09506833380566357,0,3
6146,830,108.96559203307386,ATM,Travel,TR,13.0,0.3457702718455197,0.1427465373970911,0,3
1891,638,1.1455630373552885,ATM,Electronics,NG,23.0,0.04901461470336183,0.08991703306384304,0,3
4968,586,390.4792436923081,ATM,Food,US,18.0,0.6240142749137116,0.07484029443383902,0,3
4672,778,1195.521455975767,Online,Food,FR,19.0,0.7451388601681344,0.3092848341410151,0,3
1141,169,498.26320270685454,Online,Electronics,DE,19.0,0.37934776202195186,0.124598302200278,0,3
7700,828,151.91395740883073,POS,Food,UK,11.0,0.17580364880922889,0.13008651533168186,0,3
1103,910,53.16314556753309,POS,Food,UK,17.0,0.10649125953292676,0.11910146529699536,1,3
4082,894,53.030179938997996,ATM,Food,TR,11.0,0.07222468609473164,0.13099120091046848,0,3
249,114,526.6862564943825,POS,Electronics,DE,18.0,0.8146915486648671,0.44175233382159723,1,3
1592,444,31.576824788796408,ATM,Clothing,TR,22.0,0.13552152365309958,0.21404033179635237,0,3
2246,572,618.0701876358133,QR,Travel,NG,5.0,0.14201508006348992,0.21405333091654533,0,3
2529,368,136.24699443024102,Online,Clothing,DE,4.0,0.06370598546120698,0.14294507197879203,0,3
5520,21,233.25335933953394,Online,Electronics,US,2.0,0.3533051587449478,0.17745046371735027,0,3
5158,731,11.883121767229888,Online,Grocery,DE,13.0,0.06491698130349685,0.08648414939860871,0,3
1055,869,464.640863549169,POS,Grocery,US,14.0,0.22586296254706403,0.2699798879538622,1,3
5391,497,508.8187825106792,Online,Travel,DE,18.0,0.20692138737368887,0.1618742246442766,0,3
1033,863,620.9092152170036,QR,Electronics,DE,13.0,0.30539916833950087,0.44921381249120396,0,3
4409,869,24.312533432353597,QR,Travel,UK,9.0,0.26063538961519106,0.15433937940543477,0,3
1986,567,16.461626010368395,QR,Electronics,UK,16.0,0.21021680169994694,0.056416980845830834,0,3
7675,40,309.7090452361941,ATM,Clothing,FR,15.0,0.547402173611739,0.31851125232450855,0,3
8482,103,1261.2586531719974,ATM,Food,TR,21.0,0.24820418341980616,0.24767243929598576,0,3
4637,633,6.340756289092461,POS,Grocery,TR,20.0,0.5540788662370566,0.19624244061468743,0,3
1324,728,413.33378109977383,QR,Electronics,DE,9.0,0.17147924959895086,0.6862715573964584,0,3
9315,143,103.76877607985324,POS,Travel,UK,14.0,0.09071017271498855,0.12319601762801591,0,3
6076,772,153.64683926272374,ATM,Grocery,DE,19.0,0.5178101479853703,0.17484356741913937,0,3
8010,608,0.0,POS,Grocery,TR,22.0,0.25209864430042667,0.553287774378742,0,3
6872,595,25.248473159429928,QR,Electronics,UK,19.0,0.10888061055126616,0.09244410889042508,0,3
4372,753,28.591073107984304,Online,Electronics,DE,19.0,0.14759067144217614,0.17061617833197254,0,3
1534,395,8.035752732130188,POS,Clothing,FR,12.0,0.33798652251989186,0.10639897656848324,0,3
6938,621,8.649145463853019,Online,Travel,UK,10.0,0.34923199373513486,0.47666276229901744,0,3
8635,142,7.035504879815417,Online,Grocery,UK,11.0,0.5289723842155558,0.29259529795368083,0,3
8612,110,406.58022850904734,POS,Travel,FR,21.0,0.07190119167079773,0.2837862642395033,0,3
4703,320,294.8613866947476,ATM,Food,DE,18.0,0.29222755620361723,0.3849762730677965,0,3
3194,254,322.58149183508635,Online,Food,DE,22.0,0.635273989582414,0.42179173641196244,0,3
4207,731,176.7054690920511,Online,Grocery,FR,7.0,0.088676495908497,0.05912506457438432,0,3
4371,185,35.7331892438129,ATM,Clothing,US,17.0,0.4300188937637967,0.5324376280813291,0,3
1346,334,652.7000368273065,QR,Grocery,DE,13.0,0.13305562381927322,0.5270933164156842,0,3
282,939,30.548866138155912,Online,Clothing,DE,23.0,0.21475728566206936,0.08898467666335072,0,3
4441,53,410.7995828758046,ATM,Electronics,UK,20.0,0.15453044765481097,0.12181339267056125,0,3
3835,830,442.0002283199271,Online,Electronics,FR,8.0,0.15803548376110071,0.2894811838397244,0,3
8057,551,10.999655580289724,Online,Food,US,12.0,0.24358391507427937,0.061350785291851485,0,3
8894,792,140.2973076409679,Online,Clothing,DE,23.0,0.3935104281333121,0.7132849380724845,0,3
9721,900,124.63269490735803,Online,Clothing,FR,21.0,0.16322816774034643,0.4852108991173211,0,3
9343,919,48.65325111302623,ATM,Clothing,US,15.0,0.1280093904838095,0.050529734972183785,0,3
7985,756,5.067627992538524,POS,Clothing,FR,16.0,0.1256059109246329,0.20116977594149144,0,3
5761,996,170.58369196028073,QR,Travel,DE,20.0,0.32038817844158546,0.24136901407327793,0,3
3640,884,30.84812841679604,POS,Clothing,TR,12.0,0.15230316412550135,0.3320523100099991,0,3
826,294,304.69920772546436,QR,Clothing,UK,4.0,0.20306003544265222,0.45903830959131675,0,3
406,6,128.3131566826046,ATM,Clothing,DE,20.0,1.0,0.2559140952219261,0,3
460,620,96.07805862090504,POS,Grocery,FR,20.0,0.24068451444780975,0.4107158348089448,0,3
5496,206,189.11038125439103,ATM,Food,FR,10.0,0.172762230058767,0.1559292988841429,0,3
2854,432,159.07148554653696,ATM,Food,FR,2.0,0.30385849864853787,0.1769366264131876,0,3
6961,378,210.5519450020271,POS,Electronics,FR,7.0,0.3109845092557893,0.08474863716508912,0,3
9133,325,34.13253474573516,Online,Electronics,FR,20.0,0.11360437911621132,0.17554837379346128,0,3
7200,780,574.3955228887382,ATM,Clothing,US,18.0,0.297908259095401,0.6386222608769171,0,3
9093,609,49.27350299622852,Online,Food,US,23.0,0.39348481993368667,0.39424963440516064,0,3
1262,630,251.7492905413511,QR,Electronics,UK,11.0,0.131316461874168,0.17044575589921393,0,3
298,731,206.93284636003668,POS,Food,DE,18.0,0.2156010669910448,0.3939383078409223,1,3
6566,452,143.3553134141645,POS,Clothing,UK,17.0,0.11312010561348154,0.21239491302072297,0,3
6183,128,88.58205055886646,POS,Electronics,FR,3.0,0.12073597675426749,0.25324233524075523,0,3
4339,441,57.378289371802126,ATM,Food,US,8.0,0.06674240740091493,0.19578438258116193,0,3
4690,134,561.2228328956245,Online,Grocery,UK,14.0,0.1343318209305798,0.4284156533976208,0,3
8080,294,68.77182440023769,POS,Grocery,TR,9.0,0.15470181810972627,0.055586060231711684,0,3
4084,56,133.62632910110892,POS,Grocery,DE,20.0,0.45652516495676654,0.2620789487537077,0,3
6709,683,404.8161413140163,POS,Electronics,US,18.0,0.08981687988604886,0.08041552984749732,0,3
5467,903,146.25208759774492,ATM,Food,TR,10.0,0.12674633541679162,0.058753249233415246,0,3
6018,519,72.83725436795172,POS,Food,FR,7.0,0.22727883481578653,0.40971393209056645,1,3
5738,799,160.51107173151223,POS,Clothing,DE,14.0,0.2697551733142363,0.3689910209481298,0,3
5585,889,118.47420175969167,ATM,Travel,FR,21.0,0.029264105166633747,0.18493405322055725,0,3
6990,334,172.25723021455673,ATM,Electronics,TR,15.0,0.09806479577563319,0.12266826752356952,0,3
4639,897,541.7943664846306,POS,Grocery,US,10.0,0.3817006770775649,0.17134117914992128,0,3
9316,663,470.8296554441064,ATM,Electronics,FR,9.0,0.09979114029883362,0.09104282800247389,0,3
4943,843,316.3691893229112,Online,Grocery,UK,10.0,0.2528513059359345,0.2488525245358601,0,3
6025,764,94.02602360730044,QR,Electronics,FR,20.0,0.7494818533563482,0.3260146576850004,1,3
8376,990,5.624966466732012,ATM,Electronics,UK,9.0,0.10984840205832098,0.16122388803338336,0,3
4606,591,16.510811602700233,POS,Electronics,DE,4.0,0.3513605923105156,0.11576394277501792,0,3
5166,777,22.281984558294628,Online,Food,US,21.0,0.09582460123414803,0.1426709525561917,0,3
6513,910,413.81450014816977,ATM,Grocery,DE,16.0,0.1744377575796434,0.18125790790584537,0,3
5299,319,303.8821253672005,ATM,Grocery,US,7.0,0.12455537236202173,0.06170062451298584,0,3
7359,999,51.88258088771684,QR,Electronics,FR,15.0,0.08736778532167261,0.18186530923990665,0,3
3118,952,290.8747132996309,QR,Travel,US,22.0,0.2644033052008668,0.08353206931275148,0,3
4572,574,7.065346427127982,ATM,Clothing,UK,14.0,0.02811238287881105,0.1351863245388962,0,3
3992,520,64.58251965689487,POS,Clothing,UK,12.0,0.19578957078600165,0.1047893252239391,0,3
9916,130,209.97399341252887,POS,Clothing,US,16.0,0.36163750290738794,0.1647279112268366,0,3
9942,409,16.65315430951065,QR,Food,TR,23.0,0.09621781296749322,0.043120040350572784,0,3
255,462,46.09554303127014,POS,Food,TR,18.0,0.23147552572662797,0.31459238461961303,0,3
397,919,51.796097381490576,Online,Food,FR,11.0,0.29268458922626245,0.18199923266727286,1,3
1223,935,9.492079263742456,Online,Electronics,DE,19.0,0.20872128336870002,0.07636953234677385,0,3
2118,609,3.7678975926807246,QR,Grocery,FR,6.0,0.09395501746323905,0.048206125143312184,0,3
1924,731,32.015538514027014,QR,Food,DE,9.0,0.41090271204452156,0.1711947009374257,0,3
8953,492,467.77981491012724,ATM,Clothing,UK,8.0,0.39349469780432883,0.16732148873444005,0,3
8222,790,358.8572766269552,QR,Grocery,TR,20.0,0.0603063873639923,0.34466850194362514,0,3
5386,402,256.36739925936195,Online,Clothing,US,21.0,0.11958139582973841,0.46845622449438296,0,3
6152,896,8.14751329688287,POS,Food,DE,4.0,0.23889881438236246,0.28685984615913523,0,3
1934,511,95.58658617442633,QR,Grocery,TR,16.0,0.11557393481958725,0.07973569878661305,0,3
1586,738,21.497712475330196,QR,Clothing,DE,20.0,0.16927306333147765,0.13750977570961223,0,3
2789,379,148.6425314678892,Online,Clothing,US,11.0,0.05232207166902231,0.15786159505195999,0,3
1359,941,70.14254519624885,Online,Grocery,TR,22.0,0.08809559495222316,0.08505099687366108,0,3
4780,463,17.844193339166694,POS,Travel,FR,21.0,0.16417494434884083,0.3407822479984407,0,3
5013,444,25.821006123207347,POS,Grocery,FR,20.0,0.2455283383778863,0.034357879701411825,0,3
3738,267,248.00012279522142,ATM,Food,TR,8.0,0.6584075000609741,0.4598885393763289,0,3
9910,818,238.53299627549615,POS,Travel,FR,3.0,0.36907452092552306,0.33487773078081745,1,3
924,640,61.800124873153536,POS,Clothing,TR,18.0,0.06587770885564487,0.06474707902549014,0,3
1918,554,150.2486869553519,QR,Electronics,UK,14.0,0.11296223958738051,0.13146220724878288,0,3
404,451,65.31400529332006,QR,Grocery,FR,11.0,0.15888232047210307,0.06213947949889216,0,3
2797,104,7.694266155106003,POS,Travel,UK,11.0,0.13165653600774813,0.1805327883142133,0,3
8091,674,36.095806932822384,QR,Clothing,FR,21.0,0.526413608715202,0.12739051718579986,0,3
1325,375,1053.891350362918,QR,Travel,US,19.0,0.06545058288610106,0.09497333540766681,0,3
7235,622,34.19033496892794,QR,Travel,UK,19.0,0.04544085877609329,0.07748422010725219,0,3
6422,893,7.903604540905947,Online,Travel,US,13.0,0.04995723888005222,0.059970243990326744,0,3
1598,655,286.5119503404944,ATM,Grocery,UK,7.0,0.17655971291359354,0.2568759355025651,0,3
9927,59,66.43231870561627,POS,Clothing,FR,21.0,0.11896479610747226,0.1619413737018746,0,3
4571,287,209.62779070047196,QR,Electronics,TR,6.0,0.4716872347205915,0.11018522744373055,0,3
5342,39,505.56664829738645,QR,Electronics,DE,2.0,0.09992137276122892,0.2295412802769948,0,3
6840,838,309.1234231309567,Online,Clothing,DE,5.0,0.4040751423239048,0.6009113088398372,0,3
4226,791,391.35967296891795,ATM,Electronics,DE,15.0,0.2279039174627959,0.1684456877517031,0,3
5082,415,818.2703503295404,ATM,Travel,TR,22.0,0.5325230821951182,0.08743890502010916,0,3
9063,912,99.30768601255706,QR,Electronics,TR,3.0,0.032923468877260144,0.051254908293883406,0,3
4377,260,754.2711906051779,ATM,Travel,DE,21.0,0.4433622323924874,0.20380623774522308,0,3
4742,846,9.655125600034989,ATM,Food,FR,19.0,0.06717065234447399,0.07755430154540104,0,3
7775,157,53.10468055714085,ATM,Food,US,12.0,0.3571151070397554,0.043554245197337874,0,3
7551,805,3.905697625036124,QR,Travel,US,21.0,0.3381391703342234,0.1359156854639232,0,3
5945,125,16.49712112352489,ATM,Food,DE,12.0,0.12223663024573503,0.09626593202774114,0,3
4768,110,13.566598355171251,ATM,Travel,DE,20.0,0.025868708275506178,0.1152535795202468,0,3
6790,180,968.0893204629213,QR,Food,TR,20.0,0.6286713108269344,0.1445375160825632,1,3
5352,547,104.72745266848969,ATM,Grocery,UK,15.0,0.17662860145382664,0.20014669429820656,0,3
7178,467,172.9545555444172,Online,Grocery,FR,11.0,0.0299684927853686,0.25865395163568655,0,3
5778,466,230.13920380822103,POS,Food,UK,14.0,0.29309043518621647,0.31569031637175,1,3
8122,389,0.0,QR,Travel,FR,12.0,0.03111916650628061,0.08471998605703203,0,3
9073,37,268.8491922070181,POS,Clothing,UK,5.0,0.047176405330816344,0.5612405467183406,0,3
4970,129,46.56514195534734,QR,Travel,FR,11.0,0.29745029289025554,0.24471287205161776,0,3
4817,884,68.18805307157743,QR,Electronics,TR,17.0,0.05045713851970083,0.11037096040131364,0,3
9134,391,81.639176116642,POS,Electronics,DE,22.0,0.49130721233736874,0.40144807806431604,0,3
5529,263,1.5716053636874552,ATM,Travel,FR,19.0,0.28870502023949596,0.11022126658848161,0,3
3207,299,134.57740147893,Online,Clothing,FR,16.0,0.11143887982410458,0.11210925666614804,0,3
1747,749,109.72841525350883,QR,Food,DE,11.0,0.0929139926776757,0.0493362418936918,0,3
3920,374,41.460969924313474,POS,Electronics,UK,19.0,0.7437511546602711,0.11776436455799791,0,3
6406,405,19.366621463666064,ATM,Travel,TR,21.0,0.07806919246901554,0.11161696973717627,0,3
8226,235,37.8923536385945,POS,Clothing,US,14.0,0.07248153286138329,0.26232034122840403,0,3
7512,185,1390.2764676595166,ATM,Electronics,UK,16.0,0.1942903390937842,0.21473985233740414,0,3
3033,502,25.04729513418229,POS,Clothing,TR,16.0,0.3556930986437004,0.35311776756171054,0,3
5733,285,132.9357375657057,Online,Food,UK,12.0,0.4130468486202133,0.07869837119335361,0,3
2866,896,156.84653381218362,Online,Travel,TR,6.0,0.16946247027616917,0.37654946581083326,0,3
3445,36,86.3438699126872,QR,Clothing,FR,10.0,0.3602032547375867,0.06246877523899669,0,3
4499,196,49.829786485968235,POS,Food,US,8.0,0.10986344738667045,0.2148153947596592,0,3
6701,618,307.6219833811442,POS,Electronics,US,18.0,0.39875718595733073,0.34587907909912863,0,3
6487,618,15.201081823266906,ATM,Travel,TR,9.0,0.2478904446891564,0.036901493370815205,0,3
4177,896,128.4745721688004,ATM,Grocery,FR,13.0,0.12831757260441073,0.13967355432494866,0,3
3553,663,0.8266950233983645,Online,Electronics,US,18.0,0.030279391050650896,0.06747951552468952,0,3
9094,972,276.6206548661398,ATM,Travel,FR,18.0,0.044619622534160366,0.07060556552508818,0,3
3893,613,277.1321543919996,Online,Food,FR,18.0,0.2054395062088962,0.2729501748302449,0,3
973,92,386.850034154565,QR,Electronics,US,18.0,0.2282783279991809,0.1950855879348501,0,3
6480,17,48.932705777103955,POS,Electronics,FR,8.0,0.10558199645284945,0.2395645730898716,0,3
3236,755,6.7377130618024434,ATM,Clothing,FR,23.0,0.19819618212110884,0.029941588160715227,0,3
5214,146,117.6471312048615,POS,Grocery,DE,5.0,0.15993326714921066,0.27444598484778926,0,3
8767,92,113.57365773043038,Online,Clothing,US,22.0,0.4097707021430269,0.7233027534588509,0,3
4780,637,3.2925792343955864,Online,Travel,TR,22.0,0.04772750241083664,0.03246080254502359,0,3
9323,659,25.86026787443369,Online,Grocery,UK,10.0,0.2736963924370783,0.17457238371021733,0,3
2339,550,182.74792976365276,QR,Grocery,US,17.0,0.1930093338673345,0.30217662374771637,0,3
6071,519,46.8308494299014,QR,Clothing,TR,15.0,0.23898437737523637,0.13648733322080217,0,3
5675,786,14.298161415660033,ATM,Food,DE,16.0,0.20770613938899715,0.1774053560206753,0,3
1333,111,12.498870724443062,QR,Travel,US,16.0,0.23433415556221063,0.1499708915342127,0,3
695,680,560.714473166867,ATM,Travel,FR,21.0,0.19712500099549377,0.7060610135180811,1,3
7017,638,151.6829711384366,QR,Food,FR,22.0,0.2954883216380157,0.16808524861168375,0,3
7520,758,102.57027070114533,POS,Food,TR,23.0,0.02912753877429665,0.12131647535925033,0,3
3544,304,0.0,Online,Grocery,TR,19.0,0.08938499742442602,0.09738921210965541,0,3
7956,12,249.22489433424184,QR,Clothing,TR,23.0,0.05325761580165958,0.12738817070850333,0,3
6675,244,63.832409373194345,POS,Clothing,DE,17.0,0.5867659125845587,0.07187839632373211,0,3
3446,380,1118.37295596018,QR,Food,US,22.0,0.19082739292484083,0.1807067550998408,0,3
1649,586,157.37102375248998,Online,Food,US,15.0,0.5120672369474938,0.3202312891598149,1,3
4620,325,11.265196417281174,POS,Clothing,TR,19.0,0.02724073345818028,0.05473737961041534,0,3
6997,441,324.3447868972842,ATM,Clothing,DE,21.0,0.47500735795107163,0.14375535567977551,0,3
7000,559,32.82763115645292,ATM,Electronics,US,21.0,0.17924047330204881,0.2632645341046522,0,3
7165,710,805.2900802851693,Online,Travel,TR,13.0,0.5525938201707056,0.3949375690424613,0,3
2923,430,259.1454096636489,ATM,Clothing,FR,23.0,0.3300238231817813,0.3201112930036153,0,3
4254,960,236.9295617401842,QR,Food,TR,21.0,0.15909257420690331,0.05971898328999081,0,3
8455,728,100.6650370167083,QR,Grocery,FR,13.0,0.15709117463333405,0.11333338579347466,0,3
6021,231,7.093933464828755,POS,Food,FR,15.0,0.04298047127308875,0.09147569229164533,0,3
5245,219,705.5981115429514,Online,Electronics,US,19.0,0.39494587943575377,0.2436881893577944,0,3
9272,512,160.45037870572534,Online,Travel,UK,11.0,0.35026035169448433,0.17101545298929133,0,3
2070,527,210.17451699817096,POS,Clothing,US,20.0,0.5799311795433729,0.1386335537238077,0,3
1194,687,14.511486338409789,Online,Food,US,11.0,0.041680546281998895,0.3006195681285023,0,3
2906,676,344.4392380138656,QR,Food,TR,15.0,0.024290592207162568,0.13046472021781205,0,3
4734,107,89.45005607412048,Online,Electronics,US,16.0,0.657910415739337,0.20037558243212839,0,3
9200,725,13.153991091190562,POS,Travel,NG,16.0,0.0756519215731299,0.2526927471864033,0,3
9889,687,151.8362536116114,ATM,Grocery,US,19.0,0.17002852106720925,0.30524560920458127,0,3
4653,883,50.60428800303126,Online,Food,US,10.0,0.276628557689408,0.5441722820153351,0,3
8464,11,274.6541389573296,ATM,Electronics,UK,12.0,0.11868784286672958,0.2730425379289069,0,3
5975,267,215.38261050052841,QR,Grocery,FR,8.0,0.29235134442869065,0.5287433622896535,0,3
208,89,573.6648087649793,QR,Grocery,FR,11.0,0.26777652967718574,0.16021827249778436,0,3
5998,713,42.265937516972436,Online,Electronics,US,7.0,0.1395970404326597,0.03663256516407254,0,3
5724,555,218.85024807752734,POS,Travel,FR,22.0,0.10527273652189609,0.13112562445159412,0,3
8674,211,317.7145177443907,Online,Food,FR,16.0,0.10400389694395504,0.27132646052559767,0,3
264,333,449.7756825781917,Online,Travel,US,18.0,0.16974039653046688,0.18104946849168224,0,3
1284,765,177.87649294620667,Online,Grocery,TR,5.0,0.3060428384686103,0.16953500341343458,0,3
6326,428,102.94965334536343,Online,Food,DE,18.0,0.09785573315737064,0.21352408071616455,0,3
78,993,37.173382807389075,POS,Food,UK,20.0,0.06260703086414438,0.08653806750307252,0,3
5774,949,268.2707206098831,QR,Electronics,TR,15.0,0.06138132793880956,0.0704079478753237,0,3
1985,125,303.1521038805998,ATM,Travel,TR,13.0,0.09300189245321795,0.16156148745820212,0,3
2673,902,195.72068444831206,QR,Grocery,FR,22.0,0.14053716856508397,0.12113558963560801,0,3
5499,850,15.811278049380782,Online,Food,US,16.0,0.0657008813991152,0.05636490313624794,0,3
9991,447,104.81609097426247,POS,Electronics,FR,10.0,0.15581274242989263,0.13698435142000354,0,3
2877,600,78.0021945898006,QR,Electronics,US,9.0,0.14149615064519175,0.18613262882588139,0,3
9549,625,187.30527132529363,ATM,Electronics,UK,19.0,0.24626618796267263,0.05954048258439159,0,3
5835,862,3.8232432823472107,QR,Clothing,TR,17.0,0.15668088785853165,0.11399003102975769,0,3
9242,316,610.7369887541702,QR,Clothing,TR,18.0,0.3228715626599549,0.2731019660756617,0,3
9603,138,27.35974894206808,POS,Electronics,TR,8.0,0.14339033705721962,0.09675532149056212,0,3
3720,419,667.0896836117835,QR,Travel,FR,22.0,0.655515961692379,0.6793548300028042,0,3
4572,896,138.48124656684806,ATM,Electronics,DE,11.0,0.5043477723442172,0.0708843116538945,0,3
7325,926,480.3155634386171,Online,Food,FR,17.0,0.3151409187684435,0.16448764077227881,0,3
7136,31,446.9659882921909,ATM,Travel,DE,20.0,0.21377476468897474,0.5256950440216203,0,3
4251,719,104.45518692671533,Online,Food,FR,18.0,0.11045280302711635,0.2911986538056377,0,3
3899,884,52.55151488246709,Online,Clothing,FR,19.0,0.5226271934230499,0.22719087016600262,0,3
299,67,559.2045071587684,Online,Clothing,TR,17.0,0.43709120959780506,0.2723894562265309,0,3
9867,420,148.69974844447418,ATM,Travel,DE,21.0,0.33835571526958164,0.12531644540454662,0,3
6651,843,52.710832283150815,Online,Clothing,FR,14.0,0.1596394187769544,0.07819901520948992,0,3
693,618,184.31125029911095,QR,Grocery,TR,15.0,0.36264218616038185,0.14723792654210446,0,3
1861,591,620.7473657598995,POS,Travel,DE,8.0,0.12808318952655762,0.15401057286322264,0,3
5981,273,0.0,QR,Electronics,DE,18.0,0.0835713789842069,0.1579165152899142,0,3
4600,197,185.21215021611255,QR,Electronics,DE,15.0,0.44460683637213894,0.8009988942035309,0,3
9603,223,25.62050896216368,Online,Grocery,UK,14.0,0.04886336141576682,0.1572423932404608,0,3
8925,600,268.0767542594684,POS,Clothing,US,17.0,0.33853779904175774,0.20295886340475705,0,3
6285,31,155.64665225747868,QR,Clothing,UK,15.0,0.5976266055051472,0.43574643759901405,0,3
2916,715,103.938586980403,POS,Travel,UK,23.0,0.2443058584016473,0.15120528202078137,0,3
9934,119,624.7016486115498,POS,Clothing,TR,15.0,0.4632166922057241,0.20639180776230315,0,3
409,381,170.98437141398412,Online,Travel,FR,19.0,0.14103581313212865,0.29180992459037874,0,3
6892,208,476.6439680849104,QR,Grocery,DE,3.0,0.6672724221088376,0.455758353280129,0,3
7888,574,143.3046866720689,ATM,Grocery,NG,13.0,0.05622591614230436,0.1269585645397019,0,3
257,637,451.2664254411192,POS,Clothing,FR,20.0,0.05013322101037806,0.24881770157498836,0,3
8389,773,14.803471957648501,Online,Grocery,UK,8.0,0.21339066183945382,0.2511672139276949,0,3
8001,536,132.79449940281216,QR,Clothing,US,6.0,0.06302756463555943,0.09465639582102237,0,3
9614,175,75.19167515900266,ATM,Clothing,FR,5.0,0.7753263971690242,0.19180757538738175,0,3
4974,991,140.41298207688467,ATM,Electronics,UK,15.0,0.19316564552875556,0.7205641485296773,0,3
5511,735,286.47211619836014,ATM,Electronics,UK,3.0,0.08802137065935631,0.062291987855633835,0,3
1003,810,101.90208221502624,ATM,Travel,US,11.0,0.05660388018802275,0.10357688161160813,0,3
3034,718,11.917719252808418,Online,Grocery,UK,3.0,0.15675719565449897,0.13931833798076784,0,3
6931,863,178.49923712996772,QR,Clothing,US,7.0,0.45007324265976806,0.3984359421594304,0,3
8260,991,95.0412681918026,Online,Electronics,DE,17.0,0.17399688542917657,0.04775375810151518,0,3
1018,220,74.22605973343866,POS,Grocery,US,12.0,0.3042783818395551,0.11140838593935083,0,3
5280,868,723.8770421448382,QR,Electronics,TR,16.0,0.248244041729973,0.18186266596104772,0,3
4986,600,80.5510029748323,POS,Grocery,TR,15.0,0.30187002402925117,0.4165087119444124,0,3
5776,929,175.00784994144132,QR,Travel,TR,13.0,0.3514798941122528,0.2346925952062856,0,3
6054,78,28.505909005133446,QR,Travel,FR,15.0,0.07897666501292121,0.1346967614376321,0,3
7377,208,28.090328445399685,QR,Travel,UK,11.0,0.06891240502600943,0.08674955679481564,0,3
5301,970,16.64343484116366,POS,Clothing,FR,22.0,0.02855126328034772,0.033559371413696706,0,3
6168,496,178.12413603733884,QR,Grocery,US,22.0,0.5928429737065274,0.4307033512013596,0,3
3190,198,26.474195452432326,ATM,Food,DE,12.0,0.10475522789265972,0.09567751515666396,0,3
4028,197,315.26443996006554,POS,Grocery,FR,3.0,0.10027661152797825,0.29926707276930137,0,3
4419,722,182.11225343027903,QR,Clothing,UK,11.0,0.295362291946385,0.363422981017146,0,3
1460,466,4.212185270583925,POS,Travel,TR,21.0,0.053014178636534806,0.16245513009584805,0,3
1900,738,78.17354682978801,Online,Travel,UK,22.0,0.18436472325420325,0.4097283169656357,0,3
6781,485,611.2733870026592,QR,Clothing,US,7.0,0.36639380142917133,0.24235248845906832,0,3
578,601,14.535705204256484,QR,Electronics,US,12.0,0.11899764568754762,0.05671917753208652,0,3
2585,992,838.4310439590157,POS,Grocery,TR,19.0,0.1496872862273621,0.43827408356549596,0,3
4714,537,344.4114964349579,ATM,Travel,FR,22.0,0.14852481544541854,0.06436917667352295,0,3
6526,294,8.169775368148947,ATM,Clothing,UK,23.0,0.10110740135711416,0.07702308258370286,0,3
981,966,28.342311284831254,Online,Grocery,UK,18.0,0.33898661776520295,0.22519737768948883,0,3
372,120,7.771210556053542,Online,Travel,DE,17.0,0.08095650571214326,0.06820790592268648,0,3
173,504,48.305071756100816,ATM,Clothing,US,18.0,0.18302366874092163,0.055265615363369276,0,3
7115,689,10.825538267469987,Online,Food,FR,13.0,0.06195541355157879,0.03150694153019484,0,3
9729,490,27.085504415452814,Online,Electronics,UK,19.0,0.3637171976083587,0.37263119146233825,0,3
5442,856,28.646143567988776,POS,Electronics,UK,21.0,0.02766586178416958,0.0990620158083194,0,3
4865,195,42.58692485310405,POS,Electronics,UK,21.0,0.08817098863145234,0.1696936117536424,0,3
8415,518,178.2477962475286,QR,Electronics,FR,19.0,0.028957965531154067,0.1446811764709785,0,3
7555,427,36.6084673645002,POS,Food,FR,16.0,0.20782748037352228,0.11238759326041435,0,3
6117,255,31.613135688790074,POS,Travel,FR,11.0,0.12825646881544284,0.2891863509168518,0,3
2448,223,150.05257394494149,Online,Electronics,UK,19.0,0.07248451711380514,0.12026147420365117,0,3
9243,693,78.93270354297924,ATM,Grocery,UK,14.0,0.21174668426780702,0.16480931150815853,0,3
2180,948,138.18629685770892,QR,Electronics,FR,17.0,0.5161956728092175,0.8666514952705958,0,3
9098,43,134.54546917922474,ATM,Food,FR,5.0,0.1154331520786076,0.059290328591344026,0,3
8392,618,82.15030885273194,QR,Food,DE,14.0,0.28812708272720255,0.13353278031075272,0,3
6533,697,99.73117533511224,POS,Travel,DE,14.0,0.11582872998628657,0.11686853155656862,0,3
8367,313,290.51149645825524,QR,Electronics,TR,19.0,0.3463542561605098,0.5125720091456029,0,3
2198,400,181.15671858656947,ATM,Clothing,TR,9.0,0.06544215043970748,0.06818850881214868,0,3
6612,682,368.656238056475,POS,Electronics,FR,9.0,0.28253755050678314,0.5286614717487108,0,3
3969,803,372.2856169524344,Online,Travel,DE,6.0,0.2517575149405611,0.30069392075280404,0,3
202,150,761.0875454096358,QR,Travel,US,10.0,0.1235467232214396,0.3310136969380928,0,3
2022,659,75.57213240284813,QR,Food,TR,22.0,0.19556973508454772,0.03906802081202361,0,3
5072,255,322.75440793520863,Online,Grocery,US,12.0,0.44475792395841607,0.17814802791931403,0,3
9183,149,432.37905667164296,QR,Travel,NG,20.0,0.15453491169002295,0.32392697766400835,0,3
8310,727,9.25190919897787,ATM,Clothing,DE,22.0,0.14160813967523367,0.1691005708648057,0,3
5899,204,80.46031230847827,QR,Travel,TR,18.0,0.029008043829262822,0.2337737108296775,0,3
8129,79,93.22804698415192,QR,Grocery,TR,14.0,0.5198843993781282,0.2745404251460729,0,3
8580,321,171.13616785206324,QR,Food,US,22.0,0.2604692429308941,0.3205970327204581,0,3
3272,113,7.303541370626491,POS,Electronics,DE,23.0,0.4158752186624185,0.11368748953100859,0,3
2791,994,120.43174314970986,Online,Food,FR,9.0,0.17232681885537046,0.04989553267531406,0,3
603,871,81.37501944145819,QR,Grocery,FR,23.0,0.15006931659019346,0.02958545409880842,0,3
8146,620,1042.704021456746,QR,Food,DE,2.0,0.2564770926700365,0.15910046144097992,0,3
1455,672,146.16056119449743,QR,Grocery,DE,8.0,0.42435557192854545,0.3209888508481487,0,3
7270,803,343.0968556404042,POS,Electronics,US,21.0,1.0,0.4585414124515644,1,3
356,411,143.02483489122181,QR,Electronics,TR,7.0,0.13151665531028262,0.04745443779269737,0,3
1283,914,268.48770847875534,POS,Electronics,DE,10.0,0.04685827389290198,0.09651030678650689,0,3
4793,987,31.118906674360286,ATM,Grocery,US,17.0,0.15250314497862677,0.057180793754276545,0,3
1069,858,0.0,Online,Clothing,TR,19.0,0.05353032884094628,0.06987393570100224,0,3
8135,57,154.48448572868506,ATM,Grocery,TR,23.0,0.48336087119068827,0.10082899801950394,0,3
7925,350,15.609540627398571,POS,Electronics,US,18.0,0.14495704441725793,0.19773217445327862,0,3
8170,548,354.4845273597432,Online,Electronics,DE,17.0,0.4036086883290825,0.06020224016491825,0,3
8479,138,100.71022975056214,ATM,Electronics,DE,22.0,0.04255423038834262,0.4462049083041597,0,3
8997,142,354.386044242731,POS,Grocery,US,19.0,0.4186165072643951,0.09097119594885911,0,3
7021,101,223.30592173319778,POS,Travel,US,20.0,0.748228419422852,0.5178225724596737,0,3
500,779,478.3772974163018,ATM,Electronics,US,23.0,0.46602229392877387,0.5352708571671411,0,3
2630,372,42.72971774117163,Online,Clothing,TR,10.0,0.06763921909953723,0.3201814503598685,0,3
4525,920,9.045183441688554,Online,Travel,FR,16.0,0.1206520688880272,0.19926102762377407,0,3
8578,270,45.44776797085812,Online,Clothing,US,22.0,0.05995527265859164,0.13595836129534658,0,3
6002,405,34.02828881118951,Online,Electronics,UK,17.0,0.13563809997295237,0.07320885017203838,0,3
8202,991,17.005558385685422,QR,Clothing,UK,23.0,0.15685076214867266,0.19173603742029519,0,3
1922,746,28.960341405050837,QR,Grocery,TR,5.0,0.0287987273744758,0.14560496566823752,0,3
2742,487,177.62254817681207,QR,Electronics,TR,12.0,0.3260189398803027,0.052399118401646835,0,3
4454,425,95.1699206953721,POS,Travel,TR,20.0,0.48484471639092613,0.26307711861667626,0,3
739,55,337.62505689901553,Online,Clothing,TR,19.0,0.2323007844587496,0.09522535305525918,1,3
2201,48,74.05901757954543,ATM,Food,US,21.0,0.23034431527636154,0.5532461145585298,1,3
4579,657,11.171410620112344,QR,Food,TR,10.0,0.14048081670955148,0.16492795421945045,0,3
9828,523,187.61830668580654,POS,Grocery,TR,16.0,0.3486047999108203,0.10719767883592247,0,3
721,868,10.426072666484348,QR,Food,US,22.0,0.15055423703714424,0.20693557442021418,0,3
2913,218,31.002023968838596,ATM,Food,DE,21.0,0.17490760101191088,0.12650396926309398,0,3
7652,48,90.25838598271912,ATM,Grocery,US,17.0,0.19681244983195123,0.23684961010743033,0,3
1102,228,50.30041967346895,QR,Electronics,UK,18.0,0.21846419108204396,0.07702330756340708,0,3
8076,85,159.81611931359254,POS,Grocery,UK,16.0,0.12917036382324998,0.12511331964007277,0,3
7771,960,47.71878322360689,ATM,Food,US,23.0,0.04506754334723655,0.05862689435332472,0,3
3239,53,3.9307815453427644,Online,Clothing,TR,19.0,0.15608808887574363,0.3280284315211191,0,3
621,472,467.574325185448,QR,Clothing,UK,11.0,0.34688478424690217,0.30070492896302686,0,3
8588,388,229.74224781145224,POS,Grocery,US,22.0,0.682888683003986,0.5057681890424643,0,3
3197,847,8.679015148433002,Online,Clothing,FR,9.0,0.3520080551474325,0.5309242340050857,0,3
1349,946,14.23314641570829,POS,Food,FR,12.0,0.09048648525825256,0.04892941303341445,0,3
3985,942,84.48651883976771,ATM,Electronics,FR,22.0,0.13188219155471664,0.5884719952770497,0,3
1827,722,49.09349291397386,POS,Travel,US,7.0,0.02616139614897153,0.08230156596705492,0,3
5819,48,94.63889510698795,ATM,Food,FR,23.0,0.1220584981653151,0.0646566129159784,0,3
9249,542,577.2254962845557,ATM,Food,FR,14.0,0.928434958066575,0.6233467556635216,0,3
7439,775,92.77057597488637,POS,Clothing,UK,13.0,0.1057209701578602,0.5137186254180574,0,3
5560,320,41.199830945222416,ATM,Clothing,UK,17.0,0.2006814531953949,0.33650144553482647,0,3
5529,140,9.1900594452017,ATM,Electronics,UK,5.0,0.17322114135940192,0.13164418484855686,0,3
8257,335,479.7422902254449,QR,Travel,FR,17.0,0.26612757310550905,0.14363730230132737,0,3
6994,407,29.98896604535651,POS,Travel,TR,10.0,0.09144896002673865,0.2003506362739184,0,3
4776,465,252.5328743260726,ATM,Grocery,US,17.0,0.18612062890451114,0.3297240557932976,0,3
7752,841,50.47678078795065,POS,Food,UK,12.0,0.33136602647281277,0.18604312815772542,0,3
3554,960,10.055219588930942,POS,Grocery,FR,16.0,0.16241175841759853,0.4181328529526891,0,3
9913,945,536.0892192072504,Online,Travel,UK,7.0,0.48843610482482114,0.22775841741079145,1,3
7364,301,140.2495403024718,QR,Food,TR,22.0,0.12510663601886748,0.2587958840378358,0,3
9468,457,197.8224597849992,Online,Clothing,UK,15.0,0.2790484179068521,0.3117458779952275,0,3
7244,198,327.27273304494446,Online,Grocery,FR,20.0,0.3022423840945334,0.5462316123870052,0,3
8636,679,39.45044551995707,POS,Electronics,DE,9.0,0.06844013313476208,0.14308592563849973,0,3
8815,454,4.355721578957719,ATM,Food,DE,13.0,0.08069323137449301,0.06402915062323827,0,3
2687,672,86.79709151664422,Online,Clothing,FR,22.0,0.08211473996958524,0.04854931756815134,0,3
9805,697,15.817762570132318,POS,Electronics,FR,22.0,0.06527614567450446,0.10964558940344835,0,3
6943,459,527.0330819462832,POS,Food,US,23.0,0.05135302472728865,0.13829822789984328,0,3
1310,837,102.51450682956951,ATM,Travel,DE,21.0,0.42366351875560626,0.1702977104838626,0,3
5766,742,244.49843570654502,ATM,Electronics,DE,9.0,0.47978690821049375,1.0,0,3
3315,800,2274.7011809169403,ATM,Clothing,US,22.0,0.5131444480865492,0.6488658749944645,0,3
8732,740,164.8748067476501,ATM,Electronics,UK,16.0,0.36930927692020954,0.2403888948456463,0,3
3371,48,136.4422463196804,ATM,Food,US,22.0,0.288546110890178,0.05780074452240583,0,3
8739,149,0.592537117295735,ATM,Grocery,UK,16.0,0.04603570949073492,0.06916170955378052,0,3
661,39,71.85114943742586,ATM,Food,FR,22.0,0.3624747113243203,0.33161468790943716,0,3
5134,635,584.8427004063948,ATM,Travel,TR,11.0,0.32594726502719734,0.07571748092217062,0,3
6874,974,78.85974960416874,ATM,Travel,UK,21.0,0.05215115122982793,0.15536460623397153,0,3
3853,697,22.16050302839967,Online,Clothing,UK,22.0,0.1275106156075461,0.05584493130756768,0,3
3540,13,47.16523513459426,Online,Travel,DE,14.0,0.4909516479197789,0.5139282859565163,0,3
2770,367,263.56912503913657,Online,Food,FR,19.0,0.14146866174599318,0.3044537831374036,0,3
6445,935,91.62490401054077,Online,Travel,US,20.0,0.04762972517506039,0.24745983251140866,0,3
9630,515,213.48006583519867,QR,Clothing,TR,22.0,0.3408181460595094,0.9415167987040122,0,3
1285,254,157.61244112381115,POS,Grocery,UK,12.0,0.6067980818469106,0.35308079468131115,0,3
2130,994,34.177207221242426,Online,Grocery,UK,14.0,0.4388893577775875,0.4081649748648709,0,3
3020,832,188.15943830623473,QR,Food,US,14.0,0.058484561424331685,0.09518574508141689,0,3
8222,565,437.74453981293703,POS,Grocery,FR,21.0,0.6807791096516053,0.34464647485782435,0,3
408,428,18.165145093154713,ATM,Clothing,US,13.0,0.16480735391853102,0.18401672065132987,0,3
3996,591,72.406067766821,ATM,Travel,DE,17.0,0.13866035427038403,0.05473525855761085,0,3
2989,104,9.069112931038783,POS,Electronics,US,17.0,0.09711111365881901,0.12659534225495822,0,3
7422,992,785.4990673324851,POS,Clothing,UK,10.0,0.17746054733025063,0.5699946358297331,0,3
486,170,0.5427496635719558,Online,Grocery,TR,10.0,0.12495811230020819,0.04018124433029708,0,3
9923,502,53.28372049495954,Online,Travel,DE,3.0,0.07669974108541776,0.1285807126552111,0,3
4636,381,0.0,Online,Travel,UK,11.0,0.07018884388733658,0.08034262037120944,0,3
6276,975,6.558571939951821,POS,Electronics,US,22.0,0.15046363178594158,0.06173082264073325,0,3
7428,158,5.951248932971241,ATM,Grocery,US,21.0,0.26990411689160254,0.1194147470708881,0,3
1154,937,190.64670816637522,ATM,Travel,DE,19.0,0.3161758613032102,0.24352759736896876,0,3
9539,492,61.52276085832996,ATM,Electronics,FR,13.0,0.11110940530537941,0.16566767691816425,0,3
3013,852,111.6330555133585,Online,Clothing,FR,5.0,0.06205174330014561,0.07781925712600571,0,3
6585,877,253.3370066551834,POS,Grocery,US,21.0,0.2868253395617894,0.3463356811257128,0,3
490,915,30.350154515660854,QR,Grocery,DE,21.0,0.14626662279716338,0.3249899726377922,0,3
7296,93,30.168002053326756,ATM,Clothing,US,21.0,0.15896959971233535,0.25108546786080965,0,3
7974,137,179.11682251655174,Online,Travel,UK,14.0,0.21461573441184073,0.5203000712280881,0,3
7595,365,167.83745944340663,QR,Clothing,UK,21.0,0.3694018255481628,0.27045828247958925,0,3
4700,137,52.74070777005503,Online,Electronics,DE,20.0,0.12081258256816599,0.08849767012760167,0,3
4913,991,264.1105186953814,Online,Food,US,15.0,0.1526181864916949,0.35339250166329134,0,3
9544,824,38.10553118291873,POS,Clothing,US,17.0,0.04768458105981932,0.1765077668129345,0,3
6820,90,40.57397688261378,QR,Clothing,TR,8.0,0.16555092419377082,0.20093162770277814,0,3
5208,715,132.45675706772658,QR,Travel,FR,11.0,0.16775171621810583,0.17364255453462868,0,3
96,782,26.03144112365961,ATM,Food,TR,22.0,0.5081231660734314,0.2194665756482848,0,3
2478,766,19.556238311799962,QR,Clothing,DE,22.0,0.116494205704696,0.2282104055878545,0,3
3752,877,231.15047776260351,Online,Electronics,DE,7.0,0.08939945401689212,0.15483235635475825,0,3
3267,591,255.3594936328004,QR,Travel,FR,12.0,0.2062733764616647,0.9047661182153329,0,3
6042,197,53.25063725119682,POS,Grocery,US,9.0,0.07111432070586637,0.03198611321725297,0,3
97,53,288.9203883191698,Online,Grocery,UK,10.0,0.33331646213612187,0.19975048281319444,0,3
8941,332,216.96699928888086,Online,Grocery,US,20.0,0.0942914677853785,0.10076671774611737,0,3
1490,677,161.9555884901196,QR,Food,DE,3.0,0.3510623353597101,0.5324048030753532,0,3
865,903,108.94850210010844,QR,Clothing,UK,18.0,0.18844907195728708,0.4805500074624412,0,3
4729,280,98.94007715672356,ATM,Clothing,DE,21.0,0.3235889527900019,0.2582731840168021,0,3
4463,786,16.755251667181202,QR,Food,US,22.0,0.1207173744697161,0.12185789652298906,0,3
6206,670,14.916841745939037,QR,Food,DE,16.0,0.2911860970639666,0.20877173624958212,0,3
1922,498,204.98744399143987,ATM,Food,DE,16.0,0.06207752960152868,0.1323553620387857,0,3
7280,218,21.395645607748975,Online,Grocery,NG,16.0,0.16893550304791827,0.06696709716217263,0,3
7754,752,26.977121618058682,Online,Travel,US,8.0,0.08785391515636047,0.03322417638925619,0,3
2242,227,459.6533976141809,QR,Clothing,US,6.0,0.23143477839967685,0.30042394964841074,0,3
3696,125,98.62300147659084,POS,Clothing,FR,12.0,0.264493174107786,0.2107852714506983,0,3
731,722,265.6110957976207,Online,Electronics,UK,9.0,0.05949280593557396,0.14217179398367324,0,3
5038,281,254.9912500281174,ATM,Electronics,TR,10.0,0.15004117222013144,0.35416929011514126,0,3
398,447,0.0,POS,Grocery,TR,19.0,0.03578967345464397,0.07435476297825253,0,3
706,578,5.431003185890818,QR,Clothing,US,20.0,0.09593341107089218,0.09462188242361776,0,3
1249,512,162.01039603535747,ATM,Travel,FR,16.0,0.08431549251319626,0.09295786967959799,0,3
7933,164,185.0460738407522,QR,Travel,US,11.0,0.07128945371448418,0.11289242208742044,0,3
7258,928,455.8384378602089,ATM,Electronics,UK,19.0,0.10974319027802547,0.10456375393941864,0,3
5652,353,1578.8194763525235,Online,Food,FR,20.0,0.8153408933926739,0.11170222519477796,1,3
7608,753,111.78682921355858,POS,Travel,DE,7.0,0.2670675973490889,0.2197556327447774,0,3
600,727,25.28556827181674,ATM,Grocery,US,20.0,0.050926152306998165,0.06283334631649352,0,3
8839,379,20.854247321807122,Online,Clothing,DE,3.0,0.23042530019766722,0.42665802335019903,0,3
6693,873,783.7581733368875,QR,Travel,US,14.0,0.2047535242103866,0.15466678490409996,0,3
9116,177,356.7692009505099,POS,Travel,UK,14.0,0.14831851603711177,0.3930655019938275,0,3
3486,551,103.49792573695974,POS,Food,TR,12.0,0.08661602261786067,0.43136880370550695,0,3
3046,813,146.40121665107125,QR,Grocery,FR,21.0,0.17368677020087578,0.024194558260785037,0,3
6600,975,25.479306232491354,QR,Travel,US,22.0,0.14661832229931,0.18227949321847553,0,3
596,566,121.22815280114317,QR,Food,US,22.0,0.16190513131534723,0.16322929695797808,0,3
1412,863,43.92447898726003,ATM,Travel,UK,14.0,0.29414219544437215,0.34608767953229547,0,3
2189,523,140.8420685776543,QR,Travel,US,11.0,0.036068029297011694,0.08125060123665745,0,3
8767,964,324.05282861339657,ATM,Travel,FR,14.0,0.05407169182597815,0.03859526275205262,0,3
1943,432,376.63178015825054,ATM,Clothing,US,22.0,0.22864288052616746,0.17846008592227672,0,3
1295,149,353.9178440742362,Online,Grocery,US,20.0,0.25983049081129184,0.7151735604272481,1,3
6752,312,431.39126242393206,ATM,Food,DE,22.0,0.4207600052434346,0.06069198146947837,0,3
4215,480,336.6024275924297,QR,Food,TR,22.0,0.2782964187685264,0.29610541285995934,0,3
1506,51,12.704954574301315,ATM,Grocery,TR,8.0,0.3025018979771764,0.1463784422002443,0,3
4397,490,101.2069533980862,QR,Clothing,DE,21.0,0.08158172322985151,0.16662938438958788,0,3
6630,15,824.8038118884812,POS,Electronics,DE,17.0,0.21579055928043106,0.09967399384757578,0,3
4453,855,207.59828186205814,QR,Grocery,DE,20.0,1.0,0.5723012494271212,0,3
6484,277,233.27725460487505,QR,Travel,UK,22.0,0.4854687237695576,0.38813187798286924,0,3
8126,301,116.53715417593892,QR,Electronics,DE,10.0,0.1388985677806805,0.19098852047001177,0,3
3389,19,67.18618720382977,ATM,Clothing,FR,20.0,0.0371889151661335,0.3969099806459426,0,3
5081,915,13.037953361213468,QR,Clothing,DE,23.0,0.15281359627498367,0.07804371411004503,0,3
9417,265,11.245300810322824,QR,Electronics,UK,17.0,0.11956385853939792,0.03161237326830731,0,3
9664,840,1014.2649319112429,POS,Electronics,US,11.0,0.5307436527234034,0.1361395321390592,0,3
9179,848,679.3045150586763,POS,Travel,DE,17.0,0.12832472879112317,0.23787623530752391,0,3
6536,742,279.9766963161938,QR,Grocery,FR,18.0,0.344126112778627,0.23412927230830835,0,3
5255,62,127.40194054368158,POS,Electronics,FR,16.0,0.6664838644304731,0.39225497818273175,0,3
8500,953,96.22287608721179,POS,Clothing,DE,22.0,0.26054116066127225,0.33626572903957275,0,3
6945,495,160.5449124383657,QR,Food,FR,12.0,0.13156774415851835,0.4782155509937601,0,3
4357,200,98.10006731177658,QR,Food,UK,14.0,0.04402491075589919,0.15237821078928837,0,3
6969,435,18.69751285083202,POS,Food,FR,14.0,0.10900658541663519,0.33594339746718493,0,3
3452,918,449.7233707691176,ATM,Electronics,TR,11.0,0.41788051839957585,0.6536853170119769,0,3
1504,549,1.3894913748903357,QR,Travel,TR,12.0,0.13633252261048806,0.2239505181809504,0,3
439,173,22.56108530321745,QR,Clothing,NG,20.0,0.30276749247715606,0.03594406080854003,0,3
8346,265,833.1488539456301,ATM,Clothing,TR,19.0,0.09372596984531245,0.028213506465026343,0,3
2201,496,218.21566158616352,QR,Travel,UK,12.0,0.1371584123894215,0.3290721323444815,0,3
141,746,439.0593547783797,QR,Grocery,FR,21.0,0.6009575281912838,0.22284254458255282,0,3
6226,126,43.60107547048878,POS,Grocery,DE,19.0,0.4787648384296678,0.17179002181098776,0,3
6157,433,20.4122156724802,Online,Food,TR,21.0,0.11386574462060278,0.1569913378234184,0,3
520,65,89.0778348413007,QR,Electronics,TR,22.0,0.08832933410038658,0.20301273530269365,0,3
3934,614,216.80367644559945,ATM,Electronics,FR,3.0,0.3899591801207599,0.7005011255011703,0,3
9173,290,201.43466266191308,Online,Travel,TR,10.0,0.07438946281318198,0.0410522586136228,0,3
5631,251,112.3563063403814,QR,Travel,UK,17.0,0.1901418709987136,0.21753419722765918,0,3
1885,236,224.27378303428122,POS,Clothing,US,15.0,0.4295001974581092,0.17081461365516812,0,3
4053,677,48.06386735885817,Online,Grocery,FR,23.0,0.10745272637787794,0.20658449814555446,0,3
9942,484,53.889927488492795,QR,Clothing,US,6.0,0.37543323688672814,0.3137604903631781,0,3
1314,923,98.91220774498525,POS,Travel,DE,17.0,0.31420157426831785,0.15571938837059218,0,3
1456,803,108.86435300184256,POS,Food,TR,6.0,0.10851421913352884,0.1686137443641383,0,3
855,585,16.33487415306327,POS,Grocery,US,22.0,0.03215601343293186,0.07839672384697746,0,3
6401,773,171.88102907052877,QR,Electronics,UK,22.0,0.1912986619984237,0.13515399112637919,0,3
8749,979,87.25624955669235,Online,Food,TR,19.0,0.23275560704106055,0.119887069487031,0,3
3419,217,69.08422999070316,ATM,Clothing,TR,10.0,0.05250385169642997,0.25464953486822073,0,3
5803,484,14.14403983855402,Online,Food,US,19.0,0.043773658787431086,0.0680042980960611,0,3
9238,765,319.39738709946903,POS,Grocery,US,10.0,0.2401193999751121,0.2940323816530177,0,3
7729,718,323.5512905696853,ATM,Travel,TR,20.0,0.04046841897249127,0.056180041671991116,0,3
8961,47,112.7385263698042,Online,Grocery,TR,13.0,0.023221270642093443,0.0387872894578479,0,3
218,133,384.58258849814166,ATM,Food,UK,21.0,0.24860882580810298,0.22173455568271894,0,3
861,89,170.39992077609443,POS,Food,DE,18.0,0.43619493011156524,0.2138202543201557,0,3
8701,194,14.755103317727256,POS,Electronics,TR,22.0,0.12784448953691888,0.06736264582817758,0,3
4102,801,15.160967123285252,QR,Clothing,US,16.0,0.27206346894455347,0.21143129583482054,0,3
9057,198,334.56907531399924,ATM,Food,US,22.0,0.12276910188212053,0.2911112938010306,1,3
9442,853,413.0099018851759,ATM,Clothing,TR,4.0,0.1734502802158447,0.23722996942916363,0,3
8357,765,126.25168103147051,ATM,Clothing,FR,14.0,0.2561544514298783,0.1303279513313747,0,3
3412,708,109.59720485247473,Online,Clothing,FR,7.0,0.1830847102671973,0.25227390872288363,0,3
4989,441,78.00275191120288,QR,Travel,DE,13.0,0.08835638513122265,0.13577074847086854,0,3
1989,102,23.064892521048066,ATM,Travel,US,21.0,0.1882630864845099,0.1148169432746127,0,3
2864,326,100.12151214771801,ATM,Grocery,TR,6.0,0.06740711798791134,0.16651120964201047,0,3
1769,282,176.23592489243018,POS,Food,FR,22.0,0.5016870503228933,0.2695124935675637,0,3
5017,363,94.3511078114959,QR,Clothing,DE,18.0,0.29074010715635806,0.42400958962584573,0,3
8226,933,35.829007514023544,Online,Food,TR,8.0,0.27514618974730976,0.10742701337725497,0,3
9836,775,595.8832007063129,POS,Electronics,US,13.0,0.391921633880426,0.3409534883268948,0,3
3548,92,177.54012829971958,Online,Clothing,UK,22.0,0.09993515695977628,0.146567408005787,0,3
7841,862,33.57649556110532,POS,Travel,FR,18.0,0.22302745705706456,0.11487533873741573,0,3
1628,379,41.839053744568744,POS,Grocery,UK,9.0,0.15521633205267416,0.13720625272144066,0,3
8979,769,121.88893413062391,QR,Food,FR,18.0,0.30588782502089706,0.12066699380858463,0,3
4188,934,138.29687607646073,Online,Electronics,UK,3.0,0.6273992598844046,0.07080566078805008,0,3
4652,208,8.206336692482106,ATM,Grocery,TR,14.0,0.14967579436469539,0.05723672618020924,0,3
8532,129,99.68137696060728,Online,Food,FR,8.0,0.060286591247793266,0.435501114813331,0,3
9791,813,428.7399527553224,POS,Food,DE,7.0,0.4162022245079033,0.25462114880178455,0,3
6758,664,321.43954975691224,QR,Clothing,TR,21.0,0.09615038788205983,0.2235053868066475,0,3
9756,837,289.12588142971174,POS,Clothing,TR,9.0,0.03075455710891824,0.08705852237021897,0,3
5260,988,121.31188940839962,POS,Grocery,US,21.0,0.07911688933189573,0.22787465584848354,0,3
7845,575,215.97702545711198,Online,Clothing,US,18.0,0.07490653278144513,0.2241745548802892,0,3
8916,710,20.272631965015353,Online,Electronics,US,15.0,0.0524930322660601,0.10440702174579991,0,3
593,152,196.37615495475438,QR,Food,US,9.0,0.28040850422678937,0.4265234049543613,0,3
3194,680,122.57802030478278,Online,Travel,US,15.0,0.06201218804627394,0.10205598689724568,0,3
441,400,77.99244398618971,ATM,Travel,FR,11.0,0.29813781243880105,0.09676704857716337,0,3
9208,389,7.462407396960167,ATM,Travel,US,22.0,0.058144249438124386,0.11536374661954911,0,3
6669,803,95.43832431958926,Online,Food,US,18.0,0.37196609989481344,0.0939140080774552,1,3
3302,937,92.44982561906535,POS,Grocery,US,17.0,0.15890800465018082,0.037590418263645786,0,3
3818,461,15.712472045407662,POS,Electronics,US,14.0,0.19477191780947342,0.1901204246170851,0,3
3683,128,49.85699849921337,QR,Food,FR,8.0,0.21684408241324313,0.4727413084739179,0,3
6344,991,330.9035839430995,Online,Clothing,DE,19.0,0.2507701629738673,0.320402500427832,0,3
4757,234,79.25318652960698,QR,Food,TR,11.0,0.47813697272665356,0.2733259125551927,0,3
6182,37,108.36844207400522,Online,Clothing,US,21.0,0.11601289031212435,0.11511461168007764,0,3
8711,719,8.920630990531592,QR,Food,FR,6.0,0.5839989665694636,0.1289360077483609,0,3
2611,128,82.70277798928221,Online,Clothing,UK,23.0,0.2002409957821994,0.1424582167547131,0,3
8264,549,284.12944593168146,POS,Grocery,UK,21.0,0.14396972504725278,0.08077837375166336,0,3
5076,905,140.40844449468938,ATM,Clothing,TR,8.0,0.268933907923189,0.2983669267757307,0,3
7436,657,12.045173635355823,Online,Electronics,UK,17.0,0.25260383490731564,0.15513222321978806,0,3
4832,816,9.667211380210407,Online,Clothing,TR,12.0,0.11772734910747619,0.04370497941543301,0,3
3700,725,5.491581866172142,QR,Clothing,TR,11.0,0.0851135064550316,0.029758469579891755,0,3
7457,400,71.92966442153879,ATM,Grocery,UK,21.0,0.1494171938450245,0.11052218435897232,0,3
4041,96,271.7405528305693,POS,Clothing,FR,20.0,0.6858630617813924,0.2936932886472171,0,3
5304,524,49.708135089488536,POS,Grocery,DE,13.0,0.5090220073480982,0.3223284259167962,0,3
7851,510,463.8500695854168,POS,Travel,TR,4.0,0.45852127085435435,0.11335036541085478,0,3
5381,886,55.40289996945797,Online,Electronics,FR,19.0,0.966503356032226,0.15688887297779053,1,3
7972,250,49.73639997744631,ATM,Travel,TR,14.0,0.3481293988139934,0.17992050041918883,0,3
5372,537,27.30361338623827,POS,Electronics,FR,22.0,0.05926399649698095,0.22013461161853107,0,3
4371,855,265.5817621250491,QR,Clothing,DE,22.0,0.5204272769820302,0.18632374967689158,0,3
8074,138,19.82489851528643,ATM,Travel,DE,22.0,0.15273049257449917,0.0518136078037979,0,3
1548,481,44.75541037890049,QR,Grocery,US,19.0,0.19229491083562678,0.5397346701274925,0,3
3744,944,20.106780073434717,Online,Electronics,UK,8.0,0.3425937357795902,0.06497291220322392,0,3
8661,168,277.0952880854971,QR,Food,US,16.0,0.189566604845688,0.08731915447260946,0,3
2456,17,221.7202862242786,ATM,Travel,TR,22.0,0.17287580116099832,0.3888368966090344,0,3
7762,211,161.20042303327793,QR,Clothing,UK,18.0,0.3550571946568934,0.17429922218728697,0,3
4132,207,691.5214218984556,ATM,Electronics,UK,10.0,0.22853947265557187,0.5332041106905716,0,3
4327,849,343.6029792608406,Online,Grocery,US,5.0,0.9782042705255225,0.26827315521294687,0,3
1027,973,136.78283514272465,ATM,Food,NG,22.0,0.28793392966287384,0.1408552030809073,0,3
6095,256,218.0299590085189,QR,Food,FR,9.0,0.07771248578424403,0.02662097407872114,0,3
3059,81,332.1234068789114,POS,Electronics,UK,14.0,0.32916849459420766,0.24577161470734013,0,3
3229,350,246.8039969566138,QR,Clothing,US,5.0,0.2074043374382578,0.1966899627127156,1,3
1764,727,0.09051753126426276,POS,Electronics,TR,23.0,0.04220186072505598,0.051823794393592935,0,3
8101,974,40.73934371740805,POS,Clothing,US,15.0,0.3957366687800643,0.5724338421439482,0,3
6924,368,697.0108532005203,POS,Grocery,TR,2.0,0.1418083614989213,0.2099685045237177,0,3
3675,689,85.76449155284908,POS,Travel,NG,10.0,0.02864021536072144,0.18125454521538886,0,3
5780,770,7.611353727475295,POS,Travel,FR,19.0,0.09890047545734101,0.34920938979502814,0,3
4127,694,20.651885653365998,ATM,Electronics,TR,21.0,0.04237936995536245,0.028493821636475035,0,3
5863,177,20.730981205008753,QR,Electronics,NG,14.0,0.1813762032231614,0.12543305325234155,0,3
8826,121,349.0906414413501,Online,Clothing,UK,13.0,0.18117776181759204,0.18582279884524727,0,3
368,520,52.72580298451821,Online,Grocery,UK,11.0,0.04480565679347105,0.17228081876144755,0,3
7276,379,6.346681191361225,Online,Clothing,US,13.0,0.04872100000684103,0.09553566467660185,0,3
4483,180,538.7167324762114,Online,Clothing,DE,8.0,0.27731141900100903,0.10694851260593798,0,3
650,241,115.66463070329644,QR,Electronics,DE,15.0,0.04510448628252478,0.08747018864546541,0,3
4796,503,264.15383110788446,QR,Clothing,UK,18.0,0.529138113128295,0.2866929473763502,0,3
8054,89,585.0668950861467,QR,Clothing,US,23.0,0.09671438348648115,0.2515819537453,0,3
6540,854,25.369742549365327,POS,Travel,UK,14.0,0.19698157302108432,0.09006379566107392,0,3
7726,104,227.02569558158413,ATM,Travel,US,23.0,0.44333764631916933,0.20078741700113156,0,3
2055,218,96.57429261821507,POS,Grocery,FR,9.0,0.14458999132143796,0.09431682700497743,0,3
4483,712,6.635706699534515,POS,Clothing,FR,21.0,0.13452105876435191,0.07149466190493439,0,3
9077,783,217.17558985343132,Online,Travel,UK,11.0,0.24457327461928044,0.10436411656837856,0,3
371,50,258.7357073598008,ATM,Travel,DE,14.0,0.13232379831181282,0.21206538713807144,0,3
9051,385,115.36623808519771,Online,Grocery,DE,7.0,0.3010158006731473,0.0726373462029008,0,3
2630,321,324.2156167097833,ATM,Clothing,UK,22.0,0.05401293993154052,0.22439949495629102,0,3
7113,192,14.457820237807013,Online,Grocery,TR,16.0,0.29587290389927917,0.08578370088377309,0,3
8226,232,29.078173154569207,POS,Grocery,FR,13.0,0.2502385382705302,0.04636574828451005,0,3
994,787,35.102506288672934,ATM,Travel,DE,20.0,0.5403052270455415,0.29229701237828243,0,3
4863,107,527.2195513552996,ATM,Food,DE,19.0,0.08116494985150632,0.1370008813722156,0,3
9024,282,86.48627158075556,POS,Food,FR,9.0,0.2075286403286694,0.8437935968112861,0,3
7512,115,8.528102377386618,QR,Travel,UK,6.0,0.18601883187356055,0.06258964619770668,0,3
2279,814,20.40619079325967,POS,Travel,UK,4.0,0.13035882428072665,0.1349502702506953,0,3
9439,255,161.75534444423783,ATM,Travel,FR,17.0,0.3131473864809052,0.12679699686074183,0,3
7722,86,0.0,POS,Clothing,TR,21.0,0.053606041642050066,0.05560823563578149,0,3
6402,745,131.30776547295736,QR,Food,DE,12.0,0.38164408362803265,0.21455586363701046,0,3
1927,420,0.0,POS,Clothing,US,17.0,0.05653254144459743,0.10786163077592412,0,3
8837,441,427.24964731744257,QR,Travel,UK,18.0,1.0,0.2440322391719528,0,3
9624,135,2.1943861161906524,QR,Grocery,UK,5.0,0.13253660665948014,0.14291591837069526,0,3
4573,946,107.41019876610224,Online,Food,US,23.0,0.28898161564549374,0.0738252440728481,0,3
5877,12,486.5226321847716,ATM,Travel,TR,5.0,0.47885030444901056,0.2552889855529555,0,3
2420,11,91.28197517375828,ATM,Food,DE,17.0,0.0800650387548425,0.07963767727703619,0,3
2293,716,525.5070644847129,POS,Grocery,FR,21.0,0.26940029685958716,0.14417327395683502,0,3
3473,769,62.555392445936086,Online,Clothing,UK,6.0,0.18546216162162343,0.3823395067445937,0,3
4205,156,127.55320280021975,ATM,Travel,UK,12.0,0.04238577770987516,0.13861546407287623,0,3
2402,120,76.05299531467395,Online,Travel,US,20.0,0.32523497672695095,0.11705857079195942,0,3
3710,780,46.90516828845005,QR,Electronics,DE,13.0,0.20905225034691252,0.08530292322686406,0,3
8715,37,389.76005934463774,POS,Electronics,TR,4.0,0.34235826277280346,0.16400840024953636,0,3
2480,891,194.06296979584445,POS,Electronics,DE,10.0,0.397968170807438,0.19078276597607913,1,3
9971,894,21.780987776798256,ATM,Grocery,TR,11.0,0.6091043159737962,0.41256295231463397,0,3
7461,129,233.26801573409253,QR,Grocery,TR,19.0,0.1890933554021704,0.09254206787530467,0,3
814,522,151.72448504977936,POS,Food,DE,21.0,0.06740441423723659,0.09027996234542587,0,3
3688,390,599.4882409794767,ATM,Travel,DE,16.0,0.18106210756697805,0.7729539637678481,0,3
9709,400,543.2089955587201,QR,Travel,US,19.0,0.21095491047371054,0.12747632358903327,1,3
2837,205,388.437259964704,POS,Food,TR,20.0,0.3274211873059539,0.5918030659710877,0,3
137,184,55.713449117304414,QR,Food,US,18.0,0.04244160698927589,0.06569988260764195,0,3
8434,898,7.802271692245383,QR,Electronics,US,6.0,0.08245319519718018,0.08152423291182748,0,3
9101,385,76.50118824363234,QR,Food,TR,19.0,0.1391405424191199,0.1037295535310859,0,3
5953,747,769.615563477941,QR,Clothing,TR,19.0,0.11660586041207655,0.24585399745513997,0,3
4736,983,601.3568412306491,ATM,Clothing,FR,13.0,0.1409024185374786,0.3911561334853074,0,3
5918,69,261.64818150559563,Online,Grocery,FR,7.0,0.37097599603995757,0.1323404757266598,0,3
4557,237,126.02797507022471,QR,Electronics,FR,17.0,0.032106010421913266,0.2160895091784508,0,3
5515,844,34.12463957103655,ATM,Grocery,FR,9.0,0.08123558043660116,0.08245428158765081,0,3
3498,415,401.4305832552202,POS,Grocery,FR,17.0,0.1443204361839228,0.2666033015853879,0,3
2575,443,104.90700599984426,QR,Grocery,DE,15.0,0.07429614038755264,0.15720139827804247,0,3
7058,771,291.73700624936066,Online,Grocery,US,23.0,0.10136972544183528,0.288385610824924,0,3
2249,472,422.93803172005573,QR,Grocery,US,17.0,0.33493691270901627,0.17567956057100687,0,3
6683,24,219.42619103851933,QR,Clothing,DE,20.0,0.20732074325528407,0.17796268598116197,0,3
7658,625,185.6895130644455,POS,Travel,TR,13.0,0.3863030590212223,0.3790301469271713,0,3
8018,492,17.178742349859448,POS,Clothing,UK,17.0,0.037988232120814744,0.12420203821381011,0,3
3239,111,323.1604891243199,POS,Electronics,FR,7.0,0.2412117647064332,0.3812922584137234,0,3
733,127,152.6751697069618,POS,Electronics,UK,17.0,0.04168105431606768,0.6754886236974575,0,3
5724,780,286.2743912896669,POS,Electronics,DE,20.0,0.23662527955038126,0.1875445551613749,0,3
3046,457,105.51908427572363,ATM,Grocery,FR,9.0,0.2260518935718941,0.25662677745453405,0,3
5291,383,154.64081656612404,ATM,Grocery,TR,7.0,0.11051951473246552,0.24111758963451907,0,3
4179,107,246.37747559947184,ATM,Electronics,TR,12.0,0.18458433601459193,0.17748618305300717,0,3
4015,398,36.919780822403304,QR,Clothing,DE,22.0,0.16320562605185618,0.07149102941338566,0,3
9892,552,14.104602555078001,POS,Clothing,FR,9.0,0.0924803978466707,0.17270460592219347,0,3
4398,532,80.50896110294761,POS,Grocery,US,4.0,0.15488023542398494,0.2664727761229654,0,3
1361,240,76.15097006405463,Online,Grocery,FR,17.0,0.44523274538177837,0.3273217984142934,0,3
712,839,23.88187601028057,QR,Food,FR,16.0,0.45883827030425306,0.18832183775207725,1,3
6678,865,5.055556409743833,ATM,Travel,FR,23.0,0.027193687623148343,0.024379152324970843,0,3
3149,419,123.11133916063903,QR,Clothing,TR,20.0,0.11935726389864755,0.03783490026862047,0,3
4964,5,676.2157067182694,POS,Food,FR,18.0,0.44303746124969245,0.06134495139533632,0,3
2090,309,85.13682585256792,POS,Electronics,UK,13.0,0.10734218970962517,0.1612613227848225,0,3
5468,250,317.37780824323397,Online,Food,US,10.0,0.12412098440730084,0.16746979776612478,0,3
7661,248,231.98669067080382,Online,Food,UK,22.0,0.27211686929801965,0.2936607610107202,0,3
2004,57,87.06497526949379,ATM,Clothing,FR,20.0,0.09053604871494965,0.31193445809291687,0,3
9637,400,298.4911285584407,POS,Clothing,FR,14.0,0.09490027703288567,0.23688553832488288,0,3
9134,870,986.198592117631,ATM,Grocery,US,6.0,0.18509024281852848,0.5420319913600282,0,3
9598,334,0.0,ATM,Clothing,DE,11.0,0.10908067354799246,0.047205665414660265,0,3
9753,66,0.0,QR,Travel,UK,15.0,0.0653485434680242,0.17924046253390682,0,3
735,725,30.66856807411662,Online,Clothing,FR,22.0,0.1869602376512141,0.02918017577114655,0,3
6144,439,361.3047747269717,POS,Travel,FR,9.0,0.6161166234933609,0.431438969004812,1,3
2734,889,99.06019252184178,Online,Electronics,TR,9.0,0.1509391770058359,0.4290971936482485,0,3
5901,92,119.10656424061976,POS,Food,FR,15.0,0.205676598759802,0.25638486656998505,0,3
1554,894,375.5474194787463,ATM,Travel,UK,4.0,0.04551435371423312,0.10824336162109975,0,3
3901,960,67.57132946454954,POS,Travel,US,20.0,0.24028047690636195,0.5409905304276043,0,3
7220,912,187.21108100573733,Online,Food,US,18.0,0.2197620188565003,0.07083647431194966,0,3
4420,842,139.89505256504907,Online,Food,FR,23.0,0.17565835674088986,0.08809995797338968,0,3
1857,170,47.155440765497936,ATM,Electronics,TR,13.0,0.22738975086749671,0.08284014968710707,0,3
6459,228,155.9931564052799,Online,Clothing,DE,14.0,0.05609937018309469,0.6830525024399802,0,3
41,576,126.61226606510967,QR,Travel,TR,22.0,0.05512752356105192,0.26209679484775117,0,3
8340,103,64.48884002375615,QR,Clothing,FR,12.0,0.1481137548217368,0.04311583799081302,0,3
9488,999,84.06037231586828,ATM,Electronics,TR,20.0,0.09236837503433067,0.12794572266431514,0,3
3668,360,136.4570339045116,QR,Clothing,UK,13.0,0.25828362371071556,0.3795303364428339,0,3
1437,153,50.81826295738871,POS,Clothing,US,13.0,0.10560434509583926,0.24243153973780007,0,3
128,787,78.699397659966,Online,Food,FR,10.0,0.04588839002919963,0.12287083992873882,0,3
1037,693,11.57048315144292,Online,Clothing,FR,15.0,0.2845317045660999,0.29360329985340816,1,3
3049,929,7.095097955126416,Online,Food,TR,20.0,0.17300292817819424,0.2243917671863196,0,3
4064,395,108.11376763118488,POS,Electronics,TR,22.0,0.5451310435192933,0.2643912632334304,0,3
2453,669,15.98793285317238,POS,Grocery,FR,7.0,0.06165682377076434,0.23319588734454602,0,3
3047,711,14.492008935380639,POS,Electronics,FR,21.0,0.08525349497169633,0.10717731043958306,0,3
7972,117,848.8982284369622,ATM,Electronics,US,15.0,0.3937406273400062,0.396948121869728,0,3
5612,287,12.162760160389178,ATM,Clothing,US,5.0,0.18304975102728469,0.06735047831826975,0,3
6054,509,22.465830218641955,ATM,Clothing,US,12.0,0.10276904776993245,0.09041218927927218,0,3
181,378,3.7769535431517025,QR,Travel,FR,17.0,0.11294471741983406,0.025075511911258275,0,3
4456,15,81.45667254474121,Online,Food,DE,10.0,0.3487533728445404,0.4659983465888345,0,3
1843,759,145.5565943429206,QR,Travel,DE,17.0,0.13873868175627083,0.1251156896407232,0,3
280,114,350.13106817386983,QR,Electronics,UK,10.0,0.17275047083459277,0.20830381831422473,0,3
8246,872,77.19866404685794,POS,Electronics,US,19.0,0.07541869086882688,0.1570405647734278,0,3
1483,68,371.90313789584405,QR,Food,TR,14.0,0.3587376173235992,0.49766668818805526,0,3
9978,323,68.02292235298549,POS,Clothing,UK,21.0,0.157099498151525,0.030054258303928518,0,3
1345,924,44.02875323103104,POS,Clothing,DE,6.0,0.27828172256630124,0.09132100038451194,0,3
6812,777,106.5496625638856,Online,Clothing,UK,17.0,0.31739299964734313,0.13416215396680864,0,3
4328,324,79.47647755154908,Online,Electronics,FR,23.0,0.1624372152884085,0.2230333323202592,1,3
5385,629,0.0,QR,Clothing,US,9.0,0.032053192762377315,0.06406797940617841,0,3
7096,245,226.26123788057384,Online,Grocery,DE,4.0,0.06557174509424174,0.1034098963792986,0,3
8000,546,81.48375480520387,ATM,Travel,FR,21.0,0.2860994111740838,0.06257341664574673,0,3
7859,634,230.10750365500886,QR,Food,FR,15.0,0.19686531912168315,0.06966424920499005,0,3
3012,972,94.30443123854464,POS,Electronics,DE,22.0,0.07405259624434218,0.10482091161143194,0,3
6154,279,100.62632289197623,QR,Clothing,FR,17.0,0.08644584782115644,0.24094974665075725,0,3
1186,920,51.89313886330737,POS,Food,FR,20.0,0.050170322437730654,0.11045592224774428,0,3
6770,146,73.79817031704046,QR,Travel,TR,13.0,0.18979690441133534,0.14671551710143155,0,3
3347,484,14.912377295393462,Online,Clothing,DE,6.0,0.10558987886479355,0.10499984481010605,0,3
5875,499,270.0839436794068,Online,Grocery,DE,15.0,0.41250859555672703,0.1290783046331382,0,3
901,218,260.63466971645636,QR,Electronics,UK,19.0,0.1156172562251647,0.22123344320614716,0,3
9705,64,5.6106376846322705,ATM,Clothing,US,14.0,0.03459202935194765,0.11825221835177725,0,3
7662,627,144.4036350669084,Online,Electronics,UK,21.0,0.26166745184015366,0.38816966630974564,0,3
2236,852,0.0,POS,Food,FR,20.0,0.08921781012533463,0.17446297814262454,0,3
3161,920,0.0,POS,Food,TR,11.0,0.034237042398922946,0.04027594905351434,0,3
9943,717,61.61202828797759,POS,Food,DE,11.0,0.20514155333021517,0.07972187198407572,0,3
530,681,40.57096864389253,QR,Travel,US,1.0,0.18479527457866995,0.22199864881168346,0,3
3514,518,4.832401539395152,ATM,Clothing,DE,1.0,0.08530345105928441,0.04555899517506409,0,3
642,969,41.34084329164223,Online,Electronics,US,23.0,0.452075144054311,0.23565119978101812,0,3
5126,572,182.39798153420276,POS,Electronics,US,6.0,0.31892325974749947,0.15761388564660966,0,3
770,961,73.17485627789809,QR,Grocery,FR,17.0,0.536098435714802,0.19184964380337505,1,3
9014,913,0.0,ATM,Clothing,US,19.0,0.039802023700579406,0.327529416765509,0,3
9962,698,46.89766412563482,QR,Grocery,TR,17.0,0.08927337305222377,0.27338364575866453,0,3
3355,838,2.978938705309908,POS,Grocery,US,5.0,0.09953824331470158,0.5240599083195195,0,3
6590,533,4.44293049111816,POS,Grocery,UK,10.0,0.18947752959426897,0.17613554252672695,0,3
2249,901,30.79981347141307,Online,Clothing,FR,9.0,0.2239964444349008,0.1709331645987339,1,3
1935,723,712.3760574441181,Online,Clothing,TR,9.0,0.17544831738966293,0.2700521501400199,0,3
6033,831,65.72771720655341,ATM,Grocery,UK,16.0,0.2984135926360967,0.09121088902076385,1,3
3554,572,278.65372549766266,ATM,Electronics,FR,13.0,0.20393253674681597,0.15930908074853975,0,3
3750,452,26.012954815123955,ATM,Electronics,DE,14.0,0.051836574880873586,0.24929266149302579,0,3
3491,842,528.1043255361859,QR,Clothing,UK,13.0,0.1077908946043281,0.1859175330706211,0,3
6683,270,405.85886928379796,ATM,Food,US,22.0,0.08574097987776788,0.10742843355874453,0,3
1076,807,143.71333171636422,ATM,Electronics,TR,17.0,0.1456639743799823,0.09582430406910511,0,3
5439,473,73.48310081772678,ATM,Grocery,UK,17.0,0.23159805452972515,0.18078646073681384,1,3
9892,574,109.20174380708917,ATM,Electronics,FR,7.0,0.17033992472504964,0.6706074538187718,1,3
2718,493,25.661003358040624,POS,Clothing,TR,10.0,0.2886622354226275,0.04119334598980626,0,3
2994,239,10.65190702882156,ATM,Electronics,US,13.0,0.07206937607109495,0.18870975897214254,0,3
1063,409,273.1321335533708,ATM,Food,DE,23.0,0.09226567982495973,0.09017139336211419,0,3
5081,848,146.32242991956073,POS,Travel,US,16.0,0.07946342372937226,0.1499783565950049,0,3
8462,153,411.8540997991602,ATM,Travel,DE,7.0,0.22413778757718494,0.23137425733630002,0,3
8170,675,277.5982670378291,QR,Food,US,18.0,0.5922170223986509,0.31603581545613885,0,3
268,898,77.78917153950006,POS,Travel,FR,9.0,0.2268568448865679,0.12070912690795658,0,3
6243,377,86.66087719267652,Online,Electronics,UK,22.0,0.18502003169030878,0.34604117860824507,0,3
7291,282,28.526293136338612,Online,Electronics,UK,21.0,0.07948215633957928,0.15332412788015573,0,3
4070,498,45.42483849104829,QR,Clothing,TR,20.0,0.09118783619041504,0.09634668642377732,0,3
8143,193,23.84821439682409,POS,Travel,UK,16.0,0.20359933422942303,0.08339827569596478,0,3
526,108,0.445936024529928,ATM,Food,US,22.0,0.17012303489643607,0.2468836382908853,0,3
764,21,230.4208074443245,ATM,Food,FR,20.0,0.1418164476708278,0.3345992087154456,0,3
9139,564,310.4778577666667,QR,Clothing,US,19.0,0.07061088356887382,0.12330801630918778,0,3
6967,538,138.36332891333103,POS,Travel,TR,11.0,0.34314356017529485,0.11281159807891042,0,3
3402,119,378.75051354719244,Online,Travel,UK,3.0,0.07973714456013976,0.07004286637308878,0,3
7365,577,12.839467817988123,Online,Clothing,TR,15.0,0.30582177252030285,0.46460615054973725,0,3
2818,780,67.8309182534403,Online,Travel,DE,21.0,0.11531386998606996,0.19839003027467994,0,3
3122,225,26.281435182149977,POS,Food,FR,22.0,0.33758293480143975,0.06290770045100379,0,3
93,368,4.363505302111605,Online,Food,FR,22.0,0.19823742702757569,0.08402155506192825,0,3
9254,991,28.428972497238796,Online,Travel,FR,17.0,0.08217556969123177,0.21199301081734273,0,3
165,40,26.12712019171548,Online,Travel,DE,15.0,0.6652528442175205,0.21922925466222767,0,3
581,526,75.07051436434564,QR,Food,DE,4.0,0.22937183332150765,0.07854260332609436,0,3
507,344,252.43305998030573,POS,Clothing,TR,21.0,0.538581392235971,0.14963580563330614,1,3
1830,715,60.90321863240803,QR,Travel,TR,16.0,0.13261756193636348,0.13023371999348554,0,3
9269,319,264.9536346775581,QR,Food,US,11.0,0.14654018158943038,0.3747568593795222,0,3
1623,401,1004.9125935239726,ATM,Food,DE,19.0,0.21770192840776353,0.360758334676132,0,3
5273,233,73.68744419405262,Online,Clothing,US,21.0,0.23028332173646254,0.24527288759256013,0,3
4575,277,5.049753052611226,POS,Travel,TR,13.0,0.3286991444799767,0.05333326474735753,1,3
9426,402,771.7721413094694,POS,Grocery,FR,11.0,0.5098773650126383,0.48589965262509716,0,3
8952,413,195.77863635608873,POS,Food,FR,14.0,0.18138465989902577,0.048264537461435275,0,3
5488,535,517.9744544136456,ATM,Grocery,TR,21.0,0.40093729678244344,0.4157844858076225,0,3
9720,876,3.1299141735934475,Online,Electronics,TR,21.0,0.05345513752553811,0.17235466916496567,0,3
5993,189,213.14997322983413,Online,Grocery,FR,22.0,0.21467511766408423,0.20275909109576057,0,3
9385,462,65.99354850072419,ATM,Clothing,FR,19.0,0.18383537522588808,0.06675999868312461,0,3
5392,335,6.666089361445553,POS,Electronics,FR,17.0,0.10376142456622303,0.06538912311100821,0,3
4277,719,2.0680292291500537,QR,Travel,US,14.0,0.14626810462892445,0.10548873788888612,0,3
8962,908,187.49532422286632,POS,Food,TR,19.0,0.32843072987087885,0.051546282149434915,0,3
1482,402,200.69169523441047,ATM,Electronics,US,17.0,0.16444658450652008,0.5032636264209818,1,3
6203,796,7.670028312160461,POS,Food,FR,16.0,0.0708857805515069,0.2336841260476578,0,3
8002,757,34.29525409009644,POS,Grocery,FR,1.0,0.3110776745253665,0.3406382428954604,0,3
4002,656,181.18610217158917,POS,Grocery,FR,21.0,0.18519789711196258,0.06820329150656877,0,3
8287,288,206.6291030380702,ATM,Food,FR,8.0,0.27143758390501666,0.10945930837041999,1,3
4679,928,70.10255750575266,ATM,Travel,DE,12.0,0.24561323773600052,0.12465190103323828,0,3
747,334,182.07215640047596,POS,Travel,DE,13.0,0.11290693657584173,0.22813880158614386,0,3
4929,277,22.60749841589277,Online,Electronics,US,11.0,0.11993723882117265,0.09470209053705884,0,3
5208,324,168.88128963692,POS,Grocery,US,21.0,0.3692759843257639,0.14578636533725714,0,3
7576,18,133.32486422476336,Online,Food,FR,6.0,0.3459255186479264,0.4226994136634538,0,3
3120,82,70.54032881676893,Online,Food,FR,12.0,0.11294887664982543,0.3800565606531387,0,3
3059,264,47.33060563775108,POS,Food,UK,17.0,0.06934791264034505,0.12077305017533353,1,3
5004,911,69.66877354540827,QR,Grocery,UK,10.0,0.15271288706536895,0.15059672924437495,0,3
6391,136,44.12561958894607,Online,Grocery,TR,17.0,0.16272866063684926,0.05970073772234273,0,3
36,821,116.56030314523595,POS,Grocery,FR,18.0,0.11684855864865724,0.11308506519161104,0,3
2255,347,402.6634927576672,ATM,Food,UK,16.0,0.35397743721072317,0.3919878720688937,0,3
30,874,321.12484338413736,POS,Electronics,TR,9.0,0.2959900757571639,0.12581731372666696,1,3
7553,304,156.88072809388282,POS,Food,DE,4.0,0.3307223411105954,0.23337581633341087,0,3
6180,310,1201.5896704715767,POS,Travel,FR,6.0,0.16314193648074538,0.05651454945522666,0,3
7059,216,21.508080921111254,Online,Clothing,US,17.0,0.12745649806883602,0.0738196567447715,0,3
997,987,112.15281006011847,ATM,Food,UK,14.0,0.26665588436552673,0.11838444615299588,0,3
255,986,18.09893798221891,POS,Electronics,TR,22.0,0.1518655457501055,0.16800065073227222,0,3
4750,362,162.5599167258521,Online,Electronics,TR,22.0,0.15578592442710978,0.3170410760691158,0,3
3201,124,60.19908594390166,QR,Grocery,FR,17.0,0.10378056497984077,0.17999142935129367,0,3
1963,511,49.37157329112643,ATM,Food,TR,21.0,0.13638467651302041,0.06323330686006468,0,3
3733,121,73.17325070254726,Online,Clothing,FR,5.0,0.25442040186034215,0.5814296283466567,0,3
1822,291,83.49509415991544,QR,Grocery,TR,2.0,0.18421031685728814,0.21408604533007933,0,3
1340,690,118.85292453007949,POS,Travel,FR,4.0,0.3946268739034389,0.2442403771115455,0,3
4604,585,135.5335727915828,ATM,Food,FR,10.0,0.12273386122311382,0.318141977750261,0,3
5996,919,370.17800581339174,ATM,Grocery,UK,23.0,0.23315406268582695,0.19770848619318585,1,3
1486,16,401.6580192826579,POS,Food,US,22.0,0.23442529632485956,0.3767147059756956,0,3
8910,674,245.83369496053135,QR,Food,US,21.0,0.38442900205471825,0.08467766301346934,0,3
5094,214,0.0,ATM,Grocery,FR,17.0,0.04001984913428233,0.08630159413897469,0,3
1302,226,17.53083383903809,Online,Grocery,US,4.0,0.07892799016071861,0.151939232098969,0,3
6728,61,83.02300307113052,Online,Travel,US,22.0,0.877199185744489,0.23726762833236675,0,3
3020,926,313.1052169003589,QR,Clothing,UK,3.0,0.3318319386113216,0.3540018274998903,0,3
4016,820,50.49610668323982,POS,Grocery,UK,18.0,0.1850961913934296,0.1173181930580566,0,3
6675,692,119.83329129708689,POS,Clothing,UK,20.0,0.14643502583998214,0.09926527631535974,0,3
7205,611,60.35741969841689,QR,Travel,US,20.0,0.06360265595396572,0.2737226763535688,0,3
7260,495,38.771449275395256,ATM,Clothing,DE,2.0,0.07890191301917127,0.18058965384913025,0,3
7708,514,510.1559791032559,Online,Grocery,FR,18.0,0.1366218362459291,0.07004103879108967,0,3
8784,886,0.0,POS,Electronics,UK,9.0,0.12311149559741268,0.32524139468692803,0,3
4791,210,111.32637309709997,POS,Food,US,16.0,0.05755506709047392,0.2927188977943886,0,3
7016,747,11.713500987932225,Online,Grocery,UK,14.0,0.02733503367623317,0.04319629857190409,0,3
6342,51,64.18430679932658,Online,Grocery,US,22.0,0.10168181350349606,0.05093505440465637,0,3
8371,183,241.23024471143913,QR,Grocery,TR,22.0,0.5199996090099152,0.05545052738145294,0,3
3913,539,514.4466062058011,POS,Food,TR,20.0,0.10434016105515906,0.2339398479851077,0,3
8246,70,9.714994093493054,ATM,Food,US,22.0,0.031342154103109865,0.11722535618782083,0,3
6213,991,40.209763896287285,Online,Food,UK,20.0,0.11476703029196604,0.05685216669437508,0,3
7908,227,40.95836915648548,POS,Travel,FR,17.0,0.18144473156045185,0.09030473440360143,0,3
1160,731,173.6598676212989,Online,Travel,US,15.0,0.1284376491316717,0.09549290214684264,0,3
5254,857,245.42498609948055,ATM,Food,DE,1.0,0.297864198022294,0.5663150473758823,0,3
3027,957,0.0,QR,Electronics,TR,12.0,0.04973145474707981,0.08040990004760856,0,3
3584,332,101.34114293408122,Online,Clothing,FR,19.0,0.17716477246377077,0.18343230630235882,0,3
8017,188,2.0415970174867946,QR,Food,US,18.0,0.04115563852546632,0.1122327886114229,0,3
7745,899,149.89049685678384,POS,Electronics,US,21.0,0.08235748292245457,0.1573155560128739,0,3
8855,620,61.61340642637881,POS,Clothing,TR,19.0,0.050020659000830234,0.23785090942289688,0,3
4095,792,115.61399637594268,ATM,Grocery,FR,5.0,0.39922936658066177,0.1720908025775032,0,3
3438,65,468.3093010970165,POS,Travel,UK,11.0,0.3421424496665274,0.32078212947169776,0,3
2508,766,143.12715922316528,POS,Travel,UK,20.0,0.3239809104029921,0.2211469629493413,0,3
7655,637,337.0994304323233,QR,Clothing,DE,16.0,0.23243086455438008,0.3939983702497676,0,3
5879,498,293.7596718485601,QR,Electronics,FR,21.0,0.5311427629030023,0.1365786253625117,0,3
7983,460,205.32624424304763,QR,Grocery,DE,3.0,0.5818736754410162,0.21233569796136897,0,3
5465,491,56.685018600301724,ATM,Grocery,US,18.0,0.3137963362125314,0.6761536512180515,0,3
6227,48,326.33884825004895,QR,Grocery,US,20.0,0.3638234651368567,0.4495566191678454,0,3
1837,715,0.0,POS,Clothing,TR,11.0,0.07515087195061722,0.1134565519708123,0,3
6286,243,337.04357488945584,Online,Electronics,DE,22.0,0.34892236023894435,0.3041943736827873,0,3
3071,129,72.77405952483996,POS,Clothing,FR,8.0,0.11151558978591108,0.3444661460925372,0,3
5403,491,154.09003889375336,QR,Grocery,DE,20.0,0.07644839816955674,0.13198638415533726,0,3
5266,325,53.81371638969295,QR,Clothing,DE,5.0,0.2077054990823073,0.3951283393786356,0,3
2642,852,17.50850975970011,Online,Food,FR,17.0,0.4547837660068808,0.2351110767427143,0,3
7322,545,16.562737124155365,QR,Electronics,UK,6.0,0.2770865459515178,0.23902557196154284,0,3
5117,328,26.70208905358073,POS,Clothing,TR,21.0,0.09230914042447037,0.17132954781874216,0,3
9699,959,312.2889435759851,QR,Travel,DE,16.0,0.19556227269965565,0.10331160499077995,0,3
7702,511,242.8889192753466,QR,Electronics,FR,21.0,0.11284751447412142,0.5329784005301808,0,3
1731,941,79.56200102187947,POS,Food,FR,5.0,0.16860220403064008,0.34256601074742427,0,3
1695,721,1.1978855171008553,POS,Clothing,TR,3.0,0.02585706844230335,0.04762727761886549,0,3
7332,603,54.99457966399288,Online,Travel,FR,8.0,0.21356774549067517,0.0389433232584173,0,3
6611,354,123.37680289258573,Online,Clothing,NG,10.0,0.540080132259831,0.6210211475891956,0,3
5399,55,157.8390294294321,POS,Electronics,FR,11.0,0.3126264368033285,0.27768444506843415,0,3
1226,413,95.26355864094508,QR,Food,FR,13.0,0.13904529408932298,0.12160765497606718,0,3
5734,853,484.22189585997074,Online,Grocery,US,18.0,0.3567468988481146,0.8561351879810424,1,3
6414,44,25.864031465336048,Online,Travel,US,21.0,0.19027594824361493,0.3201682722325914,0,3
5398,491,27.19878547332802,POS,Food,TR,17.0,0.17866253422970566,0.20853700741378353,0,3
2771,104,407.0264400375782,Online,Clothing,US,21.0,0.42888471565652064,0.36794489975587563,0,3
6818,637,98.93959533412472,Online,Electronics,DE,23.0,0.051955212508702525,0.0325679165713272,0,3
3119,745,174.76917813715392,ATM,Food,FR,22.0,0.08808335065603307,0.21904259546026,0,3
4037,663,83.81454555134053,POS,Electronics,DE,10.0,0.2761516484812712,0.24853658082782842,0,3
2410,715,621.6122435472549,ATM,Clothing,FR,17.0,0.27008396139650115,0.09802080326634255,0,3
8909,548,14.616633285155526,Online,Food,US,17.0,0.27790973652983575,0.07975760413448134,0,3
248,44,19.337563666748373,QR,Grocery,US,16.0,0.04564689281356757,0.05354349377724929,0,3
4145,348,18.17484399373413,POS,Electronics,US,9.0,0.12272556075299398,0.16466801851636292,0,3
5681,203,90.94248888697285,POS,Food,FR,9.0,0.38013665955146364,0.29002775669910874,1,3
3038,227,11.240482393853739,ATM,Travel,TR,5.0,0.03983435984395201,0.1240849926912879,0,3
6574,313,1139.277553840768,POS,Grocery,TR,9.0,0.1498654423433719,0.7030844386975775,0,3
1259,984,28.04330325076722,Online,Electronics,TR,12.0,0.046384365207127916,0.19518629671325363,0,3
5180,424,31.71019256367085,POS,Travel,TR,20.0,0.10875282074212005,0.033949203463738926,0,3
9287,894,104.55071965257734,QR,Travel,DE,8.0,0.31567470735827274,0.144556563107887,1,3
6424,889,11.482231623317496,QR,Electronics,US,19.0,0.23419391230669645,0.20225587399608616,0,3
4820,867,54.585507857290565,QR,Grocery,FR,17.0,0.1639160194423042,0.47241518756379675,0,3
8740,309,81.75557512656485,Online,Clothing,TR,13.0,0.04026478125603661,0.15158398473135523,0,3
3649,715,140.98272750905167,QR,Food,TR,11.0,0.326276933880381,0.18327770979561409,0,3
9121,389,3.8377412356110074,ATM,Travel,US,12.0,0.23849189809381124,0.052789719363449894,0,3
3266,840,141.1156099890283,ATM,Clothing,TR,14.0,0.9153652881621627,0.6419581953375374,0,3
5092,82,10.658220282293708,Online,Clothing,FR,21.0,0.11993191732017895,0.13027497702698249,0,3
6762,955,1.0006939179569914,POS,Grocery,US,17.0,0.08961593360865336,0.03410333198877451,0,3
2911,357,76.54613671865003,QR,Travel,US,22.0,0.029273314442606453,0.21596663108868452,0,3
8599,828,123.67328635718358,QR,Food,UK,21.0,0.13567767451381568,0.04534893613486837,0,3
5016,128,200.1448545303999,ATM,Electronics,TR,9.0,0.16636080169185888,0.27639999767669854,0,3
5698,995,60.99005300014319,POS,Clothing,UK,14.0,0.2665468980839188,0.07808349490848768,0,3
9880,406,62.157252106001295,Online,Grocery,US,7.0,0.16422983111938189,0.13725913600006573,0,3
3636,22,225.96132799879769,QR,Travel,FR,8.0,0.15087760607285788,0.26011012164992164,0,3
2823,149,68.40132747347255,Online,Food,TR,22.0,0.07089887097550694,0.07357480297274352,0,3
3425,374,191.15062882441305,Online,Clothing,US,18.0,0.23820559106059755,0.20856087453484776,0,3
824,576,247.8070239558345,Online,Food,US,15.0,0.16478442852892988,0.19294795522373945,0,3
892,545,30.04564779927317,ATM,Clothing,UK,11.0,0.047868424633780104,0.2696564732945897,0,3
1719,70,319.35056883704453,Online,Travel,DE,16.0,0.22439978681844336,0.272059096902576,0,3
1680,154,69.40461309001917,Online,Travel,US,22.0,0.09359888240669542,0.026775334081367296,0,3
6613,816,139.27856386209325,ATM,Electronics,FR,10.0,0.7972406790448625,0.07319961257863045,0,3
1409,459,61.76422647200206,QR,Travel,US,8.0,0.18816243980319128,0.3223951400098852,0,3
8090,632,98.52422334747423,QR,Electronics,DE,6.0,0.15457566053379718,0.11841331751938597,0,3
4083,225,24.943900482087372,ATM,Food,UK,23.0,0.1727490566213627,0.06328061400965607,0,3
1784,386,338.6172487490047,Online,Electronics,FR,19.0,0.2113276542678512,0.3464888303358427,0,3
3434,625,73.25487909226767,ATM,Travel,US,22.0,0.12940377891123372,0.041209545282492065,0,3
537,678,459.0124612213702,QR,Grocery,FR,21.0,0.5088265883818884,0.5532696648698595,1,3
1620,187,194.3187214805416,ATM,Clothing,UK,16.0,0.16562133053249858,0.27188018068076364,0,3
5332,547,601.0738123750122,Online,Clothing,US,20.0,0.4737968996276782,0.5240588595168979,1,3
3897,517,61.709371662510925,QR,Food,US,23.0,0.10017652472718176,0.14716914323460428,0,3
588,339,408.5568756945963,POS,Food,TR,7.0,0.28480421008808543,0.21208428921361888,0,3
9694,134,245.03408171090888,ATM,Electronics,US,23.0,0.18492076502871985,0.3935794937201437,0,3
8324,457,106.07993362435914,POS,Grocery,FR,21.0,0.028789749455452335,0.11549958047888662,0,3
2421,170,7.508113762494554,POS,Travel,US,13.0,0.18616002323924824,0.1646540316856293,0,3
4137,863,18.55206552208621,POS,Food,FR,22.0,0.10687128283790334,0.1960807162214782,0,3
7787,312,444.9178391277444,ATM,Grocery,FR,1.0,0.6729122890846717,0.43816656358511624,0,3
7204,906,89.41345008948943,ATM,Travel,FR,7.0,0.0801007138760759,0.08926395467387582,0,3
763,309,313.94421599495143,ATM,Electronics,UK,15.0,0.37657844753171404,0.4298301110044285,0,3
5129,346,1.7203093571979462,POS,Food,US,14.0,0.05504561561402897,0.0421802242123267,0,3
2712,287,17.30699809808455,ATM,Clothing,TR,15.0,0.11488064944022061,0.12249313076000636,0,3
5724,132,32.34770871927202,Online,Travel,FR,11.0,0.14786036148518086,0.23045015218615533,0,3
2261,638,5.198724067411469,QR,Electronics,DE,18.0,0.050273111016821484,0.28869868211033084,0,3
2960,992,579.1480459998854,ATM,Travel,US,18.0,0.5429055350939576,0.4008347604355058,0,3
3547,357,254.62570284609976,POS,Electronics,TR,6.0,0.3383317404301943,0.2896955230214491,0,3
4047,494,105.58041340271882,Online,Electronics,UK,8.0,0.3112080176043394,0.15408610406718798,0,3
2920,747,86.49010769640735,POS,Clothing,DE,22.0,0.08388804066398761,0.2228945776492938,0,3
424,688,188.15446614387582,ATM,Clothing,DE,8.0,0.07188908376328301,0.1116892475018928,0,3
3748,201,616.582470321791,ATM,Clothing,TR,6.0,0.06438133794663502,0.1826048150549001,0,3
9483,399,39.01547348687872,ATM,Travel,TR,13.0,0.05502005568137269,0.06476464581426829,0,3
6635,424,55.34625878387025,ATM,Electronics,FR,8.0,0.15450089416034976,0.2370913823784027,0,3
1923,881,165.68166714101716,POS,Electronics,FR,9.0,0.1252729877817166,0.23687160620937986,0,3
2345,191,8.723664048025007,QR,Travel,FR,9.0,0.07425536185954257,0.058688044124717356,0,3
5962,117,223.27980165468742,QR,Travel,DE,5.0,0.5577876469402351,0.30670124712197133,0,3
3403,715,282.1019381559054,POS,Food,TR,22.0,0.1605091733908494,0.2343726194138968,0,3
7500,918,53.851316475231336,POS,Electronics,US,13.0,0.04758972867639315,0.12454682431617786,0,3
8599,614,239.21734925370544,ATM,Electronics,US,15.0,0.25380650212836214,0.27223370252400014,0,3
5137,122,35.477043991126216,Online,Electronics,DE,17.0,0.267425576129094,0.1503275213739797,0,3
5930,204,35.23872126885473,ATM,Food,US,3.0,0.16018175483418168,0.08818799456950087,0,3
1675,510,399.53977482411324,QR,Clothing,DE,20.0,0.28374566807396423,0.15313210829732105,0,3
2123,898,10.292577564389632,Online,Electronics,UK,10.0,0.13601935303801996,0.14040988781985522,0,3
9165,645,103.49639058721357,POS,Food,US,15.0,0.20537223478263317,0.32818340777493327,0,3
2258,386,171.87982511767152,ATM,Food,TR,9.0,0.05556286994725616,0.03953911973390061,0,3
4508,925,18.9330257648531,QR,Clothing,TR,15.0,0.04644410640858253,0.09973090653131711,0,3
3637,583,147.9537413628739,ATM,Travel,FR,15.0,0.13021142015757559,0.17707239522722346,0,3
7719,376,711.0418356150267,Online,Grocery,TR,8.0,0.4298796496416147,0.10457349840436429,0,3
5964,41,79.06145515418433,QR,Grocery,FR,7.0,0.5503900177197462,0.6345858774212255,0,3
9555,546,362.0305597413768,QR,Grocery,TR,22.0,0.11637579345842919,0.26281122849320526,0,3
795,238,257.450795168698,POS,Clothing,FR,11.0,0.29503183411713557,0.27915999684543785,0,3
8085,900,302.9842913467125,QR,Food,TR,13.0,0.025870336242183968,0.07034820483348561,0,3
3057,334,87.3030161497452,QR,Clothing,US,13.0,0.15723952863003632,0.3292489879383456,0,3
9237,63,204.61038818773073,Online,Travel,TR,10.0,0.22411876406039485,0.41812192289655953,0,3
3196,24,25.856688111202747,Online,Electronics,TR,12.0,0.048664791657372385,0.060263000135346176,0,3
3523,625,82.24224345636569,Online,Electronics,TR,14.0,0.30310437666715623,0.11770595441665332,0,3
5332,572,40.230313938046514,QR,Travel,UK,8.0,0.330934103693787,0.05004365317698214,0,3
6530,955,224.45880399957073,Online,Grocery,TR,7.0,0.21392065708045405,0.20028962299115655,0,3
1677,471,142.57347675282992,Online,Food,US,11.0,0.14939763009352858,0.36990229927879953,0,3
513,912,748.038669877283,Online,Electronics,US,19.0,0.24435141872529512,0.36337706647152607,0,3
3764,166,113.08441753446793,ATM,Food,TR,15.0,0.26824720262607604,0.06669653761240577,0,3
7746,215,234.17627956908996,ATM,Food,FR,21.0,0.03523914832242635,0.04318655968345664,0,3
2406,794,237.96764305324464,QR,Electronics,TR,14.0,0.05828210535890292,0.2324701312618742,0,3
4593,894,5.167145678313169,POS,Grocery,US,19.0,0.029487280637792025,0.12786350611559893,0,3
3681,580,36.65292711190769,ATM,Clothing,US,3.0,0.03310683684496355,0.032828375016963694,0,3
6879,593,63.309915525353176,ATM,Food,NG,17.0,0.37937093034811703,0.3602335108067879,0,3
2767,978,162.04099040969507,Online,Grocery,FR,15.0,0.34707326430754265,0.18211428574182406,0,3
5628,952,2.7439162224876963,Online,Food,FR,23.0,0.5113292767973981,0.27860378015634885,0,3
1835,858,100.98994959700315,POS,Grocery,UK,12.0,0.11291228569770308,0.1150608792150243,0,3
7264,234,35.96274917602602,POS,Clothing,DE,1.0,0.37115347305015245,0.1914920879525976,0,3
5386,219,734.8013595827005,QR,Electronics,DE,13.0,0.3872925843963607,0.13298477091440392,0,3
7377,166,251.9914522725119,ATM,Food,TR,21.0,0.2424198766572269,0.236308277717056,0,3
1857,456,39.97789547300125,QR,Travel,DE,12.0,0.05010971439277137,0.44581660819791447,0,3
7997,362,183.15292624981763,ATM,Clothing,UK,22.0,0.35520304781108786,0.1711365234770036,0,3
8166,545,231.9692987137137,Online,Clothing,DE,18.0,0.09605369344348919,0.038600385751008257,0,3
4940,387,6.740230454929482,ATM,Clothing,US,19.0,0.04381688200448357,0.04670120290670775,0,3
5320,568,46.25895188103028,QR,Electronics,FR,8.0,0.2129463680760817,0.10585882770635768,0,3
7782,803,35.015553458086465,POS,Grocery,DE,21.0,0.08640321294147933,0.10313270806184541,0,3
2883,659,19.76853225341918,POS,Electronics,UK,13.0,0.6655227799543059,0.360538720513738,1,3
6529,991,21.053580260399265,ATM,Electronics,UK,17.0,0.4795477555068925,0.10038193417355316,0,3
5235,241,180.4533922922687,QR,Grocery,US,13.0,0.12661828117462726,0.1753963686147797,0,3
9149,759,430.74061813161114,POS,Food,DE,17.0,0.24571023724350177,0.1743243628641373,0,3
3659,24,5.557543062606044,POS,Clothing,DE,22.0,0.08605937086053492,0.03510514547649912,0,3
5753,188,189.97851494244102,QR,Electronics,TR,17.0,0.2942330203694694,0.21391596221300635,0,3
962,450,73.64722678592202,QR,Food,DE,21.0,0.20859660360294413,0.10055340588863886,0,3
6324,287,326.6288822903305,Online,Clothing,DE,8.0,0.17488517728840225,0.27897612563131174,0,3
9111,690,503.05779483162377,ATM,Food,US,3.0,0.14194428122705569,0.0429317430885173,0,3
9753,589,1185.3618310562285,QR,Grocery,DE,10.0,0.10885302295356333,0.21876368149957343,0,3
1520,749,59.63748996414739,POS,Clothing,UK,13.0,0.19997611574559798,0.1355873397887218,0,3
5430,724,793.7921044691609,QR,Electronics,FR,17.0,0.06857685164647295,0.3641144216235972,0,3
2736,675,54.326686334992814,QR,Grocery,TR,13.0,0.19794782322022542,0.10005195921344977,0,3
845,860,8.895517228724728,QR,Travel,TR,17.0,0.051466370195317544,0.03824189952446502,0,3
6999,210,97.89392493485066,Online,Clothing,US,16.0,0.06321858815506262,0.20054621278740944,0,3
2554,458,320.31181633942055,Online,Food,US,18.0,0.30160817642186954,0.25275224134551155,0,3
1936,787,145.37200387001585,POS,Food,DE,15.0,0.12416040362433432,0.1330930436248095,0,3
3058,697,0.9515156819669776,Online,Grocery,US,2.0,0.2720451059910085,0.35271048706436703,0,3
5379,174,468.0138940612613,Online,Electronics,TR,21.0,0.16111299200533583,0.0851086824655582,0,3
590,84,209.29419645022386,ATM,Electronics,TR,21.0,0.05740334403148792,0.03874066300704887,0,3
7080,862,548.0501264389842,POS,Travel,TR,17.0,0.13264755988440086,0.11660876880363819,0,3
8789,889,235.5301698823133,ATM,Electronics,DE,21.0,0.052722255538988794,0.4177084016577048,0,3
6295,429,225.7384572977079,ATM,Clothing,TR,11.0,0.30192329704787463,0.08311343474866592,0,3
5045,324,10.623102378497828,QR,Clothing,FR,22.0,0.18653053086062776,0.03497244517738154,0,3
7888,17,17.80305287849042,Online,Food,DE,13.0,0.11031502745438213,0.33123666601777624,0,3
3446,917,422.6940893305213,ATM,Food,FR,2.0,0.6307618310986756,0.5922280777858228,0,3
403,919,252.70280714971702,POS,Clothing,TR,8.0,0.5988948014514126,0.15048013538909488,0,3
2317,937,1.0209689553717594,Online,Travel,US,22.0,0.6125449710831277,0.38111694793679124,0,3
9990,513,0.5241706300410334,QR,Food,US,18.0,0.1385196584401147,0.4227762863255144,0,3
1901,163,113.74649593059084,ATM,Travel,DE,18.0,0.06685000361577559,0.0936818654074978,0,3
2673,100,228.02960087462975,Online,Clothing,UK,21.0,0.7798069747990527,0.2783830104171981,0,3
8233,941,47.6632547386267,Online,Clothing,UK,8.0,0.27212363453305777,0.2886442897639786,0,3
808,99,480.48516256373904,ATM,Clothing,US,14.0,0.22399189690416396,0.06608194721797016,0,3
5695,819,130.34561208222212,Online,Electronics,UK,19.0,0.10089970345004651,0.049269603568077386,0,3
9714,421,443.51125535018457,POS,Electronics,DE,3.0,0.10433563299897428,0.14417235267233636,0,3
8684,857,53.7938189313294,QR,Grocery,TR,13.0,0.41677211863762004,0.20816017290234684,0,3
8003,746,333.434728457319,Online,Grocery,DE,3.0,0.52493561018402,0.47219048381775036,0,3
767,877,370.2570163802081,POS,Travel,FR,11.0,0.19622361796698293,0.4585241942305468,0,3
1255,898,82.50072096726643,Online,Food,US,17.0,0.06821369048310738,0.07506852019867515,0,3
8249,334,14.674390158804174,QR,Food,US,23.0,0.17230602778848447,0.20664907854281958,0,3
71,145,36.76118713937256,QR,Travel,TR,6.0,0.39924476547262794,0.20004593045802785,0,3
4359,821,190.55111456554593,POS,Travel,DE,12.0,0.06828289588070127,0.1056151800436437,0,3
5945,642,52.74578780995407,POS,Electronics,US,14.0,0.1127610852958019,0.30268009311043215,0,3
9944,15,10.97328503949314,QR,Clothing,FR,21.0,0.0645029318034591,0.032234194151387424,0,3
7205,553,0.0,ATM,Clothing,FR,16.0,0.2811602292682642,0.1400924042694061,0,3
4276,623,30.65886439345444,QR,Clothing,FR,13.0,0.20469779565964863,0.8725089560907938,0,3
88,339,0.0,ATM,Food,FR,20.0,0.4503526988035873,0.026446398783914346,0,3
314,432,11.073948896316695,QR,Travel,US,18.0,0.23586980219269751,0.046863247824642795,0,3
724,372,51.98074770355596,QR,Travel,FR,11.0,0.08017350190927772,0.18271684098023783,0,3
2444,314,176.58037535165892,ATM,Travel,DE,19.0,0.29165401009547465,0.20892911379907256,0,3
2649,337,38.078415292087804,POS,Grocery,FR,14.0,0.39236566101934234,0.4050542960314599,0,3
9303,252,0.0,POS,Food,US,13.0,0.38833096510058795,0.36331875455183443,0,3
8504,753,245.62636228099575,POS,Food,US,7.0,0.19442733691622738,0.2131528966911797,0,3
8884,185,398.6765675871947,QR,Grocery,DE,19.0,0.30974280817070493,0.2865849773417042,0,3
8353,415,173.40675431340554,Online,Electronics,UK,6.0,0.2277311372917682,0.35391540706740304,0,3
5301,962,448.89826878860816,POS,Clothing,UK,3.0,0.4521910954160128,0.27761185408310085,0,3
8269,534,110.5811378937989,QR,Clothing,FR,19.0,0.12746719237561213,0.1954152004437243,0,3
1925,795,509.1737735221144,ATM,Food,UK,15.0,0.1944193877398503,0.27332847908936303,1,3
4147,977,3.286916647448243,Online,Clothing,DE,6.0,0.09323375770033689,0.4562704648352968,0,3
2117,237,75.81132389046344,Online,Travel,UK,12.0,0.38683726929578743,0.2545293279738341,0,3
1781,554,254.03035915484932,ATM,Food,DE,21.0,0.3116081972520421,0.14750117162946136,0,3
5167,568,13.539324426140505,POS,Electronics,FR,6.0,0.13251171478785756,0.4643278373014298,0,3
6341,547,381.83874582168534,POS,Grocery,TR,22.0,0.4886149138257957,0.3635148016285812,0,3
9731,654,51.440177745921986,QR,Clothing,UK,21.0,0.10863505925313872,0.18596599006583575,0,3
7403,667,36.56466886991984,Online,Clothing,US,11.0,0.25973867467821743,0.17493235964023363,0,3
5026,600,26.798197503055267,Online,Electronics,FR,18.0,0.21078712095361637,0.09620703809564936,0,3
4752,205,100.44966382313946,ATM,Grocery,UK,19.0,0.10613771850049089,0.6935981630731635,0,3
1526,381,32.571750700218445,Online,Grocery,TR,15.0,0.7407921245126697,0.3284321394533199,0,3
6466,508,3.8585648062900795,QR,Clothing,TR,19.0,0.03555426290346177,0.1940912978127403,0,3
3295,764,67.22683177486958,QR,Travel,UK,14.0,0.29056907714305047,0.1308095925614709,0,3
5009,363,24.083628423001652,POS,Food,FR,19.0,0.033276196842282155,0.1086471317756669,0,3
8081,873,65.94052195274051,POS,Electronics,TR,18.0,0.08446401540621329,0.5085994132191504,0,3
7638,890,84.7084290610213,QR,Grocery,TR,2.0,0.24087360493165547,0.3863583942958324,0,3
5408,140,36.609638113546005,QR,Electronics,US,12.0,0.19338157764169653,0.08557501283973706,0,3
8182,903,298.7617642460958,Online,Food,FR,21.0,0.132783587189358,0.6626974254995788,0,3
9522,516,0.0,POS,Electronics,FR,20.0,0.13959511627771504,0.08907986008757318,0,3
1098,132,80.8434192859414,Online,Grocery,US,16.0,0.10286314535034949,0.06558565587898323,0,3
497,882,201.2073215120356,ATM,Food,US,18.0,0.22919652374496888,0.057341467047515166,1,3
4671,556,335.4906044106157,QR,Clothing,TR,17.0,0.6240394282918453,0.28605985594843236,0,3
5687,272,259.39419875570525,QR,Food,FR,22.0,0.3795783666736212,0.42999792846033,0,3
8707,408,47.3940736327471,QR,Electronics,FR,7.0,0.07668736864846963,0.34703936421865883,0,3
9999,924,139.36570078618044,POS,Travel,TR,19.0,0.32347532873774076,0.267873601320562,0,3
5814,714,381.44323728158514,POS,Electronics,TR,8.0,0.41266449926442916,0.1849419916327545,0,3
670,784,115.71595784333812,POS,Travel,FR,16.0,0.06506448540265092,0.08239406470749043,0,3
6038,612,13.255561942425903,Online,Electronics,US,19.0,0.2208033437448982,0.05716090773099319,0,3
6535,634,82.08149075362782,POS,Grocery,TR,13.0,0.24019905152521073,0.16162928237098695,0,3
2634,114,21.678214760118458,ATM,Grocery,DE,15.0,0.0673931600641685,0.04294433049277388,0,3
8053,775,41.69858951650834,QR,Travel,UK,13.0,0.16632402827694245,0.24702383164988084,0,3
2157,882,259.55238107942245,POS,Electronics,UK,18.0,0.3219459580591003,0.13225048133913145,0,3
4985,191,274.6619590206547,ATM,Clothing,TR,18.0,0.6463414591397366,0.5438591300520437,1,3
8678,58,175.96842902941276,POS,Travel,DE,6.0,0.19063942416341273,0.2519612533249851,0,3
1531,899,33.38063651955283,POS,Food,DE,3.0,0.1706136002172546,0.07768920047007587,0,3
5940,499,313.9895316678105,POS,Food,FR,20.0,0.20582275900854563,0.37464409340350446,0,3
6256,163,147.7878710861052,Online,Food,UK,23.0,0.10325732817379135,0.14079613239035574,0,3
2097,769,1.9077036688730882,POS,Travel,TR,23.0,0.3810426455810463,0.23692681145117545,0,3
7781,242,97.79375443396543,POS,Travel,TR,8.0,0.08194601361211998,0.09720923059200948,0,3
4421,74,122.82058095782688,QR,Electronics,DE,22.0,0.11453062079572048,0.12968465250861125,0,3
185,133,96.16728546626929,ATM,Food,UK,7.0,0.2517822317937412,0.0811525679327663,0,3
6598,732,31.12233154889674,QR,Electronics,UK,17.0,0.06818565128281079,0.08909543882294255,0,3
6879,707,411.2757536497862,Online,Clothing,FR,15.0,0.42404974555887714,0.17938513268913597,1,3
2520,84,87.54349229763582,ATM,Travel,TR,7.0,0.07130839815736284,0.10755127235325876,0,3
6714,699,290.1213077803302,QR,Travel,TR,18.0,0.3501523177752028,0.2883230720078614,0,3
3570,100,583.8636960088388,QR,Electronics,FR,19.0,0.21810986828594217,0.2020833856475275,0,3
3108,55,122.36175153928181,Online,Food,DE,15.0,0.293655163327414,0.43594884246604165,0,3
7735,197,64.26769462689555,QR,Grocery,UK,13.0,0.1898249817763242,0.4829385242393586,0,3
2185,413,241.9147260341719,Online,Clothing,TR,21.0,0.0872465399079929,0.2819004246462597,1,3
1967,560,20.133280900262356,ATM,Food,US,20.0,0.07379895636015758,0.254511289332639,0,3
1849,261,34.43613234063009,QR,Food,UK,2.0,0.3143390498261895,0.13723602508379015,0,3
8850,230,10.61301827049867,POS,Travel,UK,8.0,0.0957544886275885,0.06236034472856432,0,3
4116,630,122.1293444760588,POS,Grocery,DE,9.0,0.16660319020794012,0.2890822282030825,0,3
6119,267,1373.7806288221145,ATM,Grocery,TR,14.0,0.8784294497727729,0.3524294623998564,0,3
5981,704,115.16540728339837,QR,Electronics,US,2.0,0.06401529353422865,0.2876639847893608,0,3
6991,595,91.40703656232526,POS,Food,TR,18.0,0.06985277824575954,0.07902403539066752,0,3
5286,762,699.829734177375,ATM,Clothing,US,19.0,0.2705134765228094,0.3484036081567282,0,3
1115,646,112.00077506314217,Online,Food,US,12.0,0.04249963216504808,0.30038165967811997,0,3
3210,753,146.84024335823065,QR,Clothing,DE,13.0,0.13359662052119275,0.2561905335846595,0,3
3026,926,309.3048489082627,QR,Grocery,FR,21.0,0.38876944524465656,0.16189576976281123,0,3
7671,243,51.813213751933645,POS,Electronics,TR,0.0,0.08494983354251492,0.11700711888114199,0,3
9714,845,29.443709905303812,QR,Grocery,US,12.0,0.2284588022844053,0.2624838534040087,0,3
2124,408,47.54616085577905,ATM,Travel,UK,17.0,0.12675858018384498,0.21129493357181378,0,3
8695,953,96.19236570170273,ATM,Electronics,DE,14.0,0.07630298172839904,0.04217903055720884,0,3
7565,125,1238.296020752082,POS,Electronics,US,22.0,0.23817999821045358,0.5840836072990039,0,3
6194,514,100.87469258328346,Online,Food,UK,18.0,0.03431568460383331,0.06314890543631399,0,3
8204,342,152.93897872755412,QR,Grocery,UK,20.0,0.11607292179021896,0.07922711734260403,0,3
1201,917,243.8720127215548,QR,Food,FR,23.0,0.07103462490649036,0.11410673534120752,0,3
9163,699,67.9301581528293,QR,Food,US,22.0,0.10688801632247617,0.17196191615563694,0,3
3884,721,176.02254906827667,QR,Clothing,UK,18.0,0.16947429205153272,0.1309900139344189,0,3
4709,22,233.20424487585242,Online,Food,TR,19.0,0.0911377290265667,0.06706801677507877,0,3
1698,528,89.28820533017145,Online,Travel,FR,17.0,0.1671668729041111,0.14882235140617767,0,3
2585,157,226.01485526480093,POS,Clothing,DE,11.0,0.24362442877254487,0.32998257210712306,0,3
8849,680,105.80397582262404,ATM,Travel,UK,4.0,0.07015321729385723,0.14481595368084882,0,3
6343,431,209.19847813709714,Online,Travel,FR,9.0,0.04440595423691335,0.21023047645441134,0,3
2866,443,25.466838385879157,QR,Travel,US,5.0,0.16285448060010738,0.36851735855362616,0,3
6023,724,226.61438153218708,POS,Electronics,TR,14.0,0.1424088331858558,0.17341901357635178,0,3
9168,561,118.09795006812142,Online,Grocery,DE,3.0,0.17449082920823863,0.315221661767396,0,3
3084,95,247.6272662348266,Online,Clothing,DE,23.0,0.13975390873826804,0.17685512822430483,0,3
6435,859,301.5943391810855,Online,Grocery,TR,19.0,0.38648298502479805,0.32193040755102104,0,3
5288,389,4.637810616853062,Online,Electronics,FR,8.0,0.21941754372757985,0.17276576959134482,0,3
5970,510,598.7649258408237,POS,Clothing,FR,12.0,0.12496965392973866,0.6655792176806746,0,3
5524,572,350.8934782105309,QR,Travel,US,11.0,0.1950502235073439,0.12829756383037555,0,3
3204,237,110.63025577719591,POS,Electronics,FR,23.0,0.20177764337631265,0.20631718899513965,0,3
4900,246,46.68050175895422,Online,Electronics,US,18.0,0.029084827386448058,0.06210257035318989,0,3
161,716,0.0,Online,Food,US,8.0,0.062282389819407875,0.07653955589035971,0,3
9581,892,189.25001344544089,ATM,Clothing,US,17.0,0.12239145957784826,0.26123602248011485,0,3
652,812,449.730107791139,POS,Food,FR,19.0,0.22862750371435098,0.20593380949572995,0,3
2701,187,92.78367914454287,QR,Travel,UK,7.0,0.39467228123287706,0.08495195168782241,0,3
5032,478,686.3901118827339,Online,Clothing,UK,15.0,0.05778336113601482,0.09769958152858806,0,3
9062,463,39.0911403592441,Online,Food,DE,22.0,0.241728432067466,0.1460852122537601,0,3
6410,516,205.66337422828678,POS,Clothing,DE,22.0,0.27784816436529614,0.29860460993610627,1,3
78,841,23.394427920755504,POS,Clothing,DE,9.0,0.1292257505093413,0.13245723907175694,0,3
2435,782,63.25486739052085,POS,Grocery,DE,21.0,0.04474148162221124,0.028298383186288016,0,3
2715,222,199.3552981508968,QR,Electronics,UK,10.0,0.08503919395912396,0.25592053408349974,0,3
9664,336,147.33013314395737,QR,Food,FR,22.0,0.6428176476472679,0.3872804282179958,0,3
9562,885,0.0,POS,Grocery,US,14.0,0.27694691753558864,0.2653738604717945,0,3
2620,762,229.27846167152765,QR,Clothing,TR,15.0,0.09489339163983344,0.21306590195976455,0,3
5923,86,307.09231207812303,POS,Electronics,TR,4.0,0.13738160218360074,0.19285216050270762,0,3
790,501,36.69979933277054,QR,Grocery,UK,16.0,0.2589464111239213,0.06708448824528082,0,3
8635,707,177.62900261749644,POS,Travel,DE,15.0,0.13294110330293257,0.4376412400615012,0,3
5102,268,12.39827495563216,ATM,Electronics,TR,19.0,0.027112937694008247,0.0770821827035203,0,3
7849,438,282.89097813241233,ATM,Food,US,19.0,0.21241549638427187,0.5596812107756951,0,3
9179,383,14.194616274058564,QR,Food,UK,12.0,0.06386200865641946,0.06091477104971585,0,3
7778,556,3.8222221249925976,Online,Travel,FR,18.0,0.12185683979617766,0.05423122808181518,0,3
8805,483,266.7331395930416,QR,Food,US,17.0,0.16996458244539767,0.041452005203858736,0,3
99,736,338.9083369780339,POS,Grocery,FR,9.0,0.15339307412089542,0.26275106364986955,0,3
1471,51,149.81349747820332,Online,Food,UK,20.0,0.040680204105209665,0.04529646376347242,0,3
1034,637,89.71138023509741,POS,Grocery,FR,8.0,0.21138007362460848,0.10861763881243132,0,3
4300,919,386.1057395764031,ATM,Food,TR,15.0,0.10727304600747167,0.3162355353809729,0,3
9094,533,245.4826901430873,QR,Travel,UK,1.0,0.4453593782971272,0.40875257133846665,1,3
1284,247,22.055672125353833,QR,Travel,UK,17.0,0.08896210276756561,0.03940445525104419,0,3
3610,445,152.6602906459577,ATM,Food,US,17.0,0.24690361763142638,0.18942716124312542,0,3
8520,241,330.8508376354673,QR,Grocery,UK,16.0,0.6757465171710447,0.40506693074607264,0,3
5190,665,16.07278905755611,POS,Electronics,TR,20.0,0.11870581578765783,0.22857236954063692,0,3
6461,387,207.08109785353093,ATM,Food,TR,18.0,0.2687173970981986,0.44872013524027365,1,3
1007,245,852.6366494435692,QR,Electronics,DE,15.0,0.22260235022310915,0.30400902972230115,0,3
2361,428,25.61454874730091,POS,Travel,UK,18.0,0.16574559819958745,0.043583810455894004,0,3
4803,95,83.23311200862051,ATM,Electronics,TR,18.0,0.1594950051583275,0.171612519680166,0,3
9696,18,13.124039720811108,POS,Travel,FR,19.0,0.10270755158458889,0.15394512906800326,0,3
8270,110,444.5785764148387,QR,Electronics,FR,20.0,0.13174567656180458,0.0569524152056784,0,3
7414,86,1.4937903243164907,POS,Food,US,22.0,0.09115248880036958,0.11248063596517366,0,3
9132,822,0.0,POS,Food,TR,18.0,0.1306393450330852,0.08990885109954476,0,3
5568,71,163.22914221573973,QR,Travel,FR,9.0,0.18646872524165764,0.3844249768072843,0,3
5105,121,57.473169873895195,QR,Electronics,TR,12.0,0.06683757665251563,0.20302821336917692,0,3
538,107,483.25515056813015,Online,Electronics,TR,19.0,0.2650198127253196,0.14668699290298437,0,3
6718,888,310.25276433295835,QR,Grocery,US,11.0,0.15636721563734907,0.24011020040024794,0,3
4780,946,171.535264661255,POS,Clothing,US,17.0,0.11752715970837616,0.22424296320957457,0,3
4630,510,183.52730018306545,QR,Food,TR,11.0,0.032932770423203785,0.09395143529008713,0,3
5585,74,83.0031084652312,Online,Food,FR,15.0,0.3396532925368274,0.12191343006094095,0,3
4952,725,595.471958840533,QR,Grocery,US,13.0,0.12332043548225904,0.18296640190901495,0,3
7463,58,8.054793803263845,ATM,Travel,FR,4.0,0.14910969912495112,0.24543191898510455,1,3
9189,386,55.594746961436535,Online,Clothing,DE,15.0,0.12956217970038114,0.1526951112244956,0,3
2085,951,250.54694981087343,ATM,Electronics,DE,12.0,0.6140706847497328,0.47360114821154997,0,3
4822,24,9.904613315108158,POS,Grocery,TR,20.0,0.16271077596856193,0.2994397988017451,0,3
3532,748,24.443500775969145,Online,Grocery,DE,13.0,0.18925515614274344,0.2242007832498057,0,3
3685,298,43.28821087241187,ATM,Grocery,DE,11.0,0.034930699046150294,0.04665462685557782,0,3
7089,790,7.511509476584984,Online,Travel,NG,11.0,0.11556043857998205,0.07815697365775803,0,3
5453,574,333.50413038185167,QR,Grocery,US,22.0,0.31594025049572216,0.0932545262729333,1,3
1685,72,10.791610506604615,Online,Electronics,DE,15.0,0.11787973481106234,0.06620134927705415,0,3
6613,213,13.305492784091701,Online,Clothing,TR,4.0,0.21220673707030133,0.2209878129353074,1,3
3964,558,181.07747141171683,Online,Electronics,UK,13.0,0.19226327462492288,0.1569807565476722,0,3
8350,393,0.0,Online,Travel,TR,23.0,0.025833844526248696,0.025056173869715058,0,3
5748,581,239.24330187779694,QR,Food,DE,16.0,0.040064895611822846,0.31612359743058804,0,3
6306,681,19.824418751204878,ATM,Clothing,FR,13.0,0.16195976196236372,0.49518902944766285,0,3
5556,868,730.3124290445165,ATM,Grocery,UK,18.0,0.1652460528710197,0.17903457058754008,0,3
4203,746,331.08843398658473,QR,Electronics,DE,20.0,0.21330516769668856,0.47997469929584535,1,3
9091,369,92.25383819305377,POS,Food,TR,19.0,0.3088365280820659,0.2845730291113476,0,3
9254,307,0.9173766489624067,ATM,Electronics,UK,12.0,0.03827318714496238,0.034813027926847,0,3
23,851,56.41804097105954,QR,Travel,US,5.0,0.08494796116880624,0.39071750163698993,0,3
6783,956,489.1792090926135,ATM,Electronics,DE,19.0,0.2822455233109973,0.1904191504209479,0,3
5376,694,118.71902661834025,POS,Grocery,DE,8.0,0.13885040878782445,0.1628847578709703,0,3
1475,690,278.91117330517943,QR,Electronics,DE,15.0,0.19744267749047387,0.364950443141956,0,3
8874,580,268.91029268196405,Online,Travel,TR,22.0,0.1297236100379537,0.1600768173228803,0,3
4465,835,43.65632562101359,Online,Grocery,DE,18.0,0.05476584373986873,0.3096246202312248,0,3
2083,176,120.34488383686302,Online,Travel,TR,20.0,0.42903569784637197,0.6739002208853013,0,3
6139,435,88.61553059960117,ATM,Electronics,UK,17.0,0.8339374615883587,0.4308115071036642,0,3
1397,479,534.2627288952933,Online,Grocery,US,19.0,0.10643073892298612,0.37599113983459537,0,3
634,557,116.07341057994138,POS,Electronics,US,18.0,0.04308264510081009,0.24010675099433548,0,3
9040,399,490.11600519135584,QR,Grocery,DE,13.0,0.03516328791198412,0.27209155038188865,0,3
2411,230,19.249805243187726,QR,Travel,UK,22.0,0.19174723104103933,0.23694053418096386,0,3
5499,840,385.23161228832055,QR,Food,DE,16.0,0.477520240901719,0.33064107936236975,0,3
5858,64,193.80199742816723,ATM,Electronics,UK,22.0,0.3042864265928692,0.7522005855802438,0,3
7346,595,15.240259886198434,QR,Grocery,FR,18.0,0.09933348468339523,0.041008070503596714,0,3
8435,163,150.56706649493074,QR,Electronics,FR,12.0,0.19430417902486755,0.13093818536939822,0,3
6675,104,376.22998958222615,Online,Food,US,14.0,0.06628322591408864,0.19593829689923498,0,3
7913,707,6.718136486883572,ATM,Grocery,UK,16.0,0.10582852122145613,0.030156096765017636,0,3
9445,688,456.21089518474895,ATM,Electronics,US,18.0,0.1632798538427718,0.07695051906361317,0,3
7848,458,4.838677642119778,ATM,Clothing,DE,10.0,0.11032953032318414,0.1782627656436312,0,3
4664,986,94.07611481800198,Online,Travel,FR,15.0,0.17776768715046698,0.11727287686088615,0,3
7346,81,150.94382981876853,Online,Travel,FR,19.0,0.47392270446172136,0.4501480802990162,0,3
5185,835,210.59418430814742,Online,Electronics,UK,21.0,0.18891019742616041,0.35414512729006487,0,3
3865,598,12.60883139778259,Online,Clothing,TR,23.0,0.2874773073399855,0.4316406529765309,0,3
4496,990,0.0,ATM,Travel,DE,21.0,0.2849785429611479,0.1048959412995639,0,3
4865,124,539.8027953404953,QR,Travel,UK,11.0,0.5127160717202001,0.13453036667522283,0,3
6472,936,524.0440112168708,POS,Clothing,UK,19.0,0.16530296476979625,0.11662564073840562,0,3
7175,82,84.20714118443327,ATM,Travel,DE,4.0,0.0473304735071104,0.1896415236687072,0,3
3337,338,611.1413879500044,QR,Grocery,TR,18.0,0.3102192760783195,0.2139862720343547,0,3
1628,69,132.39218783617972,ATM,Clothing,UK,13.0,0.24873085026035885,0.18273548333076156,0,3
5897,959,0.0,QR,Clothing,TR,13.0,0.07533962756930278,0.049312079202232156,0,3
5149,630,194.1363674541006,Online,Travel,DE,11.0,0.11476279022517646,0.23391990363809984,0,3
5939,645,176.420244421156,QR,Electronics,FR,22.0,0.13966702807930134,0.05114239791146906,0,3
7194,726,38.92467927595153,ATM,Clothing,UK,7.0,0.19042876563590513,0.13740135637908674,0,3
5618,700,325.09936128752406,QR,Grocery,TR,18.0,0.3583997606009498,0.3948959689886933,0,3
3285,909,85.50316509125888,Online,Food,UK,18.0,0.08829225808593318,0.1940321260190065,0,3
3218,674,30.66608319227077,POS,Food,FR,19.0,0.18988677521791283,0.4131526060837881,0,3
6780,533,42.6720078568771,ATM,Electronics,FR,22.0,0.536191669817083,0.16021522109066977,0,3
3487,696,202.94975694638927,QR,Travel,UK,5.0,0.16377832468858788,0.04219550790813627,0,3
7750,821,111.84235313421678,POS,Food,UK,8.0,0.5109120981418286,0.09171557417429116,0,3
8186,227,36.71437686146876,Online,Grocery,US,11.0,0.2661670154093173,0.41022297888973885,0,3
9777,527,298.05741769976055,POS,Electronics,US,9.0,0.061142532092891416,0.319627211978014,0,3
7775,554,47.52046658680784,Online,Grocery,DE,5.0,0.13992557897839572,0.1455629723760642,0,3
1113,550,263.3990372599382,QR,Grocery,US,19.0,0.1923953525214011,0.41291131071605247,0,3
6815,238,31.785221811368864,POS,Clothing,FR,9.0,0.11690519279370232,0.0577304598680048,0,3
4167,206,213.31678323806136,QR,Electronics,UK,16.0,0.1075064445636392,0.24576951865551436,0,3
7996,557,0.0,Online,Travel,DE,14.0,0.08097258345519759,0.12136106549273173,0,3
3423,667,163.7714029065804,Online,Grocery,US,8.0,0.09853875264946155,0.2045542290489274,0,3
5078,908,192.50809902278553,QR,Food,UK,22.0,0.10662516472679347,0.12480660343045971,0,3
1340,317,40.60081003230903,POS,Travel,TR,14.0,0.10868351987909626,0.3231312490213715,1,3
117,628,263.7436218367793,POS,Clothing,UK,17.0,0.29027643589692564,0.1831290653180436,0,3
1754,537,213.71500225169603,POS,Grocery,TR,15.0,0.4670228795453478,0.1693490599328842,0,3
7773,755,62.321592358532925,POS,Food,FR,15.0,0.11839928515396435,0.16241041223754574,0,3
8946,674,49.05225721392099,ATM,Travel,FR,14.0,0.05374627478385424,0.03256461766876034,0,3
3854,864,235.02210265143557,ATM,Grocery,FR,10.0,0.058743092793677974,0.20843096826719443,0,3
8675,236,0.0,ATM,Clothing,US,12.0,0.42461499167537675,0.149382652599529,0,3
4741,630,226.79194252682728,ATM,Electronics,TR,17.0,0.14605627029411594,0.4172650852797408,0,3
7024,184,11.124384393694275,Online,Travel,TR,20.0,0.028322806636224593,0.030760675773273828,0,3
1213,411,156.69222733614203,Online,Grocery,US,7.0,0.1605123128622503,0.6807900120019933,1,3
6980,489,0.0,QR,Food,DE,10.0,0.13547222800189612,0.18503682103406224,0,3
6317,246,500.32975676368045,Online,Food,TR,16.0,0.41262540645548673,0.32259177504201253,0,3
5401,193,24.675637593992228,Online,Food,FR,23.0,0.19225791886188562,0.06652469563702641,0,3
6207,100,323.99367039690725,QR,Clothing,TR,23.0,0.4983995234699914,0.5064048797996087,0,3
8195,443,170.0620855507908,QR,Clothing,UK,19.0,0.49068167445625016,0.16164188908934657,0,3
7256,924,456.27340140733304,QR,Grocery,FR,7.0,0.4003491486079621,0.2612001369475896,0,3
7116,854,61.97468896806713,Online,Grocery,DE,6.0,0.055732221342366876,0.39105735358976695,0,3
2106,404,55.99362167468698,POS,Travel,FR,14.0,0.07281897506545197,0.05948102457728761,0,3
1650,5,92.40082886835303,QR,Grocery,FR,21.0,0.25723126460162166,0.11455338296830929,0,3
6133,312,80.34197841694866,Online,Clothing,TR,8.0,0.06953712230189979,0.3197729699859155,0,3
1119,751,88.68708864398519,POS,Travel,TR,12.0,0.13574462018992509,0.37051516733020473,0,3
5805,292,0.0,ATM,Electronics,US,16.0,0.03565356514452201,0.02767466163481451,0,3
4660,47,141.0762422445059,ATM,Grocery,TR,20.0,0.171471311073139,0.0682232230112885,0,3
4479,784,16.177500707053742,POS,Travel,DE,14.0,0.04185028327259559,0.07277355058399024,0,3
4207,563,22.058860553920994,Online,Travel,US,15.0,0.2481034460037596,0.1278489776220648,0,3
7516,127,457.33920652365106,QR,Clothing,TR,23.0,0.6849206128060514,0.17313771085318644,0,3
1532,435,267.1229026635441,Online,Electronics,TR,20.0,0.06426308672674064,0.14270888593163455,0,3
1568,49,119.20845515440848,POS,Travel,TR,14.0,0.3370037452669604,0.21947765957865126,0,3
7716,18,80.13954184836301,Online,Travel,TR,23.0,0.060685701873822016,0.1973610833587012,0,3
7022,249,580.3551441878548,QR,Clothing,FR,8.0,0.3637578798481301,0.4412448366810128,0,3
4297,583,226.53709513967618,Online,Grocery,UK,20.0,0.1582801069539612,0.3312831487342928,0,3
2006,759,46.99359901085098,QR,Travel,TR,19.0,0.31810910376592105,0.25441334064357835,0,3
844,252,201.48863023376938,QR,Food,FR,5.0,0.1165171225821377,0.09456762058296361,0,3
6794,805,37.23852102719876,QR,Clothing,UK,15.0,0.080095086040696,0.1494885090553134,0,3
5115,180,324.5659320001291,Online,Travel,UK,21.0,0.24503311303944522,0.21494891352166126,0,3
509,379,31.343007599509747,Online,Electronics,TR,7.0,0.2644235844081302,0.6141615111054156,0,3
8762,194,201.9343648844397,POS,Clothing,FR,18.0,0.05253543929769729,0.06661272316096034,0,3
9349,926,22.23933663861017,POS,Grocery,DE,11.0,0.1279314451955254,0.19055381059479226,0,3
1297,336,157.69832409748906,POS,Clothing,FR,22.0,0.09713505944203747,0.22057504053652724,0,3
7736,390,29.057853570058327,ATM,Travel,UK,12.0,0.07741192070480257,0.030348029830034595,0,3
3429,317,434.13785898347237,ATM,Grocery,DE,21.0,0.07118657966911286,0.13042528478992693,0,3
6241,792,14.48437961368084,POS,Travel,FR,19.0,0.13268371029077788,0.18953391234399072,0,3
7044,626,122.81546139225262,QR,Electronics,FR,16.0,0.22177331937447933,0.42508882535583314,0,3
8714,132,48.17778096628273,Online,Electronics,FR,20.0,0.33827802800174267,0.07876420781667562,0,3
6300,272,360.5089130292204,QR,Grocery,FR,19.0,0.16568655787674297,0.17566075912374793,0,3
2421,942,46.800282616169525,ATM,Food,FR,15.0,0.07432474248284461,0.143642121733569,0,3
639,862,292.5973724467072,ATM,Electronics,FR,19.0,0.06782829448150365,0.029990809187793642,0,3
7416,92,407.8500899425043,Online,Grocery,TR,2.0,0.5647297656265494,0.40569087157339784,0,3
3467,463,10.72500571113022,POS,Grocery,US,19.0,0.036235517315159504,0.2752423141529354,0,3
1732,778,407.0020423913687,ATM,Travel,FR,17.0,0.7190050042174654,0.2116703522101333,0,3
1365,857,117.41083139884303,POS,Food,DE,23.0,0.07561452296095011,0.06833368902176458,0,3
530,522,1161.8790068246558,ATM,Travel,TR,4.0,0.1687229145172456,0.25358219118119796,0,3
7341,569,208.70948076390022,ATM,Clothing,DE,17.0,0.09529879980533681,0.6915017902655661,0,3
4141,613,101.64296895801216,ATM,Food,FR,22.0,0.2186215549785247,0.03738391302496026,0,3
1581,217,32.55243902390488,Online,Food,US,14.0,0.09338662328927241,0.04546896340555977,0,3
1211,187,157.5125948063601,Online,Grocery,FR,2.0,0.0741026702429683,0.03915914599460017,0,3
3366,239,18.331406514817107,QR,Grocery,UK,15.0,0.4370260351703014,0.5220766199923684,0,3
1130,575,237.72248391866796,QR,Travel,DE,13.0,0.5903666701899652,0.5791739647506104,0,3
3485,656,448.1850484327326,POS,Food,NG,16.0,0.216101137567444,0.4323479623757647,0,3
4144,461,760.7167391483513,POS,Clothing,FR,11.0,0.3358474908688382,0.8353788266407345,1,3
6553,497,35.00696026415181,POS,Travel,FR,18.0,0.0720580171317672,0.11247028946094811,0,3
329,406,11.086687718044361,ATM,Travel,DE,6.0,0.06396257850400124,0.1356829415226958,0,3
8334,649,5.767135394860491,ATM,Food,US,14.0,0.1305562947153699,0.1711408511499908,0,3
4002,372,20.55631357557262,ATM,Electronics,TR,22.0,0.11751143529249476,0.03629915622762957,0,3
1932,686,121.53257604749645,POS,Food,DE,15.0,0.14954218004357286,0.27271617857725033,0,3
3560,924,2.296114184307263,ATM,Electronics,US,12.0,0.1443920355472274,0.21757020313091047,0,3
7684,80,211.410121587246,Online,Food,TR,23.0,0.61715866139817,0.3367140474004268,0,3
1352,56,241.67586363994735,POS,Electronics,UK,6.0,0.40292830356138454,0.27466343906060114,1,3
8733,291,122.27462835029968,POS,Food,TR,9.0,0.06463976630192929,0.11609537083282283,0,3
2279,357,162.28440997973038,ATM,Electronics,US,18.0,0.06894697354081403,0.06961101686634869,0,3
6003,61,67.9464204847474,ATM,Food,FR,14.0,0.24169997107887764,0.1590195556070967,0,3
8747,393,8.57783802507868,POS,Grocery,DE,19.0,0.0985962427574908,0.23147073456379086,0,3
8043,946,41.29168726982857,POS,Clothing,FR,3.0,0.5702475073393505,0.15750335626846387,1,3
6639,769,29.9215109162838,Online,Clothing,TR,17.0,0.07749085984182602,0.08847162559511768,0,3
1608,283,85.36292827489908,ATM,Food,FR,21.0,0.3461588069318744,0.2468886237438841,0,3
6677,942,485.5154940100243,QR,Travel,DE,10.0,0.21267016049534787,0.17507169930488076,0,3
2683,847,6.378605739712291,Online,Food,US,22.0,0.03746363642762331,0.06250137057580438,0,3
1360,699,69.29570443774647,QR,Food,UK,11.0,0.325854765244032,0.15593023443036363,0,3
5812,217,110.48017077633004,POS,Electronics,UK,9.0,0.27416178891640985,0.15442242727301903,0,3
5221,300,203.62255567388533,ATM,Grocery,DE,19.0,0.36626180532001956,0.08421897395619211,0,3
8415,516,36.539409836300194,ATM,Food,UK,8.0,0.18233316607529565,0.36236323478417526,0,3
23,439,110.72331295139102,Online,Clothing,US,15.0,0.13608067724615522,0.40451012415972104,0,3
3119,629,79.34353732764073,POS,Electronics,FR,20.0,0.243482458629379,0.5240624241098212,0,3
8006,530,67.4846276550524,ATM,Food,US,18.0,0.3221349095493611,0.3489900191666144,0,3
4389,851,759.7555967677035,ATM,Clothing,TR,4.0,0.9521872503639274,0.6888294147370976,1,3
1529,287,257.0715151235981,QR,Food,US,23.0,0.2611872132033607,0.11786774448291795,0,3
5463,645,126.55644788049584,Online,Clothing,UK,19.0,0.11293256354393923,0.22733125843715646,0,3
1323,634,103.93663967856035,QR,Travel,FR,6.0,0.3950006968816977,0.46478950350737336,0,3
2613,298,323.0199463641192,POS,Travel,DE,21.0,0.3310695465956709,0.28612387803510836,1,3
3794,648,52.36805595368897,Online,Grocery,UK,15.0,0.28732259027131696,0.11429315193168559,0,3
1123,925,259.7380178392834,QR,Food,US,23.0,0.2049733017277778,0.6282710829717643,0,3
7491,825,1.9020870190882722,ATM,Clothing,TR,13.0,0.2175406967486704,0.16101046578565711,0,3
7865,937,280.90560472515773,POS,Clothing,UK,7.0,0.37335493208201465,0.2630500178929772,0,3
9452,883,57.89480705329325,Online,Electronics,US,13.0,0.24032291985286539,0.10263945522034487,0,3
2781,160,663.1406068966519,POS,Travel,FR,17.0,0.8078672340182828,0.1551830580002801,0,3
5714,894,725.5659872723209,Online,Clothing,UK,8.0,0.1733321906781093,0.26204818221744364,0,3
8881,818,183.72597927414168,ATM,Electronics,DE,6.0,0.35629572303505,0.2429309066011513,0,3
6097,637,49.9766291806845,QR,Electronics,US,2.0,0.3808338757251165,0.42109583051498695,0,3
6794,353,51.78255107753567,POS,Grocery,US,22.0,0.1679808211047016,0.12394989287117635,0,3
9836,294,72.07615738172784,ATM,Food,US,19.0,0.08331888307716127,0.1279536163778864,0,3
1663,336,263.63091657640433,Online,Clothing,DE,14.0,0.3782704545726731,0.12047410010156108,0,3
815,153,217.5143943624007,QR,Travel,TR,20.0,0.1280988813693586,0.03468863579172382,0,3
1989,278,125.33653808488661,QR,Travel,US,16.0,0.185185888892269,0.08831461645325446,0,3
598,444,181.50962992305776,POS,Food,DE,9.0,0.45183645397459665,0.08034746422214928,0,3
7358,283,89.55856769520898,Online,Clothing,TR,19.0,0.29310166195226534,0.14440329690409684,0,3
7651,342,61.4256818178594,ATM,Clothing,TR,22.0,0.1636448156584699,0.03017163743891634,0,3
473,889,25.34980961596355,QR,Electronics,UK,14.0,0.15277113329832304,0.23257505176491602,0,3
5633,350,105.25194752953433,Online,Electronics,FR,20.0,0.5911361758300198,0.7388316734811713,0,3
2578,161,14.645961540606223,ATM,Travel,DE,15.0,0.26056080160220435,0.0989177510267752,0,3
8724,438,183.55745082025788,Online,Travel,DE,5.0,0.40727192259075884,0.6696847819537818,1,3
2640,555,74.51872798039686,POS,Clothing,DE,14.0,0.0990739651343494,0.4793990726179098,0,3
6660,26,114.10171020238576,QR,Grocery,TR,21.0,0.33984287167385596,0.3696082676917608,0,3
8749,474,280.3336057980252,QR,Grocery,TR,5.0,0.033605706091630855,0.20590250811709346,0,3
619,527,500.0257860467635,ATM,Food,NG,1.0,0.7241360060172592,0.5620078089122154,0,3
2550,837,73.25914789936256,ATM,Travel,UK,21.0,0.22477113143736877,0.2695186289192347,0,3
2643,874,287.1456440628559,QR,Grocery,TR,16.0,0.31323226034342794,0.11229703982962416,0,3
9372,769,131.8193786155714,QR,Grocery,DE,8.0,0.14733680590635048,0.12283390826509394,0,3
1429,503,43.65086462964513,Online,Grocery,US,19.0,0.03637528562667967,0.20387308771721915,0,3
9148,348,63.11369037085932,POS,Travel,UK,14.0,0.4677157988368421,0.07619269236296258,0,3
7477,470,15.712029127633542,POS,Clothing,US,21.0,0.1856907433334291,0.22502258693749552,0,3
2504,483,47.20517060728819,POS,Electronics,DE,20.0,0.07192574011499919,0.04442347406076014,0,3
7992,722,13.558954491165862,ATM,Electronics,UK,14.0,0.3441402579755732,0.1698175538676519,0,3
1082,167,67.48479672156543,POS,Grocery,TR,15.0,0.06551510641657025,0.12450622368811552,0,3
2700,793,105.24195336894657,POS,Electronics,FR,18.0,0.11477182058327062,0.056084779968824036,0,3
4312,527,108.43717915754105,ATM,Travel,UK,6.0,0.3460668258117123,0.5481581546616859,1,3
3496,329,19.01027700961419,ATM,Grocery,FR,15.0,0.13742266134634515,0.09428586728066067,0,3
363,120,9.66453609127813,POS,Food,DE,19.0,0.4106185621692304,0.39006080997068787,0,3
2543,554,62.813694313427334,ATM,Food,TR,23.0,0.2476545286320911,0.3570456209948737,0,3
9237,699,98.17933118463868,QR,Food,TR,16.0,0.07783475258771129,0.16219386436456895,0,3
3793,976,102.86635783851838,Online,Grocery,DE,20.0,0.2038258503813754,0.2371128728247422,0,3
2126,764,57.27607539617886,QR,Grocery,US,18.0,0.47691686482442797,0.19777412588439322,0,3
1854,663,24.134262806219805,QR,Travel,FR,14.0,0.3185145056432842,0.1097637454326874,0,3
9795,822,327.7504160862283,Online,Food,US,6.0,0.11705755478194341,0.14092731410758663,0,3
6268,295,8.580586963558424,QR,Electronics,DE,8.0,0.08804280162971394,0.22541127145041118,0,3
7946,131,25.00796758754431,POS,Food,UK,22.0,0.11492647687426932,0.0610053087717394,0,3
8065,72,325.8700957835295,QR,Electronics,US,19.0,0.18094444012490468,0.5503755761700687,0,3
9990,176,881.0522135340557,QR,Travel,UK,12.0,0.5171193371072602,0.4058923683305041,1,3
5742,781,201.68818279918133,ATM,Grocery,TR,11.0,0.2648323661587664,0.1928977432173288,0,3
9778,375,19.630831735353496,Online,Food,FR,22.0,0.04006254098992796,0.023670159758990277,0,3
4969,865,293.5847333177271,ATM,Electronics,FR,17.0,0.2503429168047506,0.3409011491789826,0,3
3439,502,641.2481718312863,Online,Travel,TR,20.0,0.1758184304500185,0.1504461065521788,0,3
8406,211,212.05446097700676,POS,Food,DE,18.0,0.25080167270452375,0.14067528848261227,0,3
638,138,195.56382041342903,QR,Electronics,DE,17.0,0.3419497646161696,0.3297609064093495,0,3
9242,108,175.30859792489628,POS,Clothing,FR,17.0,0.0352274203197221,0.12346146914047135,0,3
7992,109,404.25102253617945,Online,Grocery,FR,23.0,0.18716669687859902,0.3799131985425954,0,3
7988,90,129.8702411868209,POS,Grocery,TR,21.0,0.12367415436588439,0.13845970318676487,0,3
5179,970,169.29571131279346,POS,Electronics,TR,23.0,0.2899110562709225,0.18203505706066156,0,3
7928,662,10.113767961863017,POS,Travel,FR,23.0,0.08455835540534129,0.21279199689173883,0,3
4446,395,415.78100188274675,POS,Electronics,TR,21.0,0.1492995420631923,0.193171821963992,0,3
6137,444,138.0489527909478,POS,Clothing,DE,12.0,0.1290824246005916,0.1406684787807706,0,3
8860,975,321.46087987110644,QR,Clothing,US,18.0,0.2216982422303781,0.11552017917811512,0,3
2593,451,157.2514101867246,POS,Food,TR,20.0,0.07740959599442221,0.24228586527487075,0,3
6502,782,294.9953489409069,POS,Food,FR,9.0,0.23912140453517142,0.12642625225260404,0,3
3625,500,37.7152711736064,QR,Food,US,3.0,0.07134091903306375,0.0311745249368455,0,3
8289,210,41.87445355395195,POS,Travel,TR,20.0,0.09299440750788902,0.29295624037470924,0,3
4455,207,152.516851971755,Online,Grocery,UK,18.0,0.7382585696648595,0.2028921141412617,0,3
3989,52,180.36419622146133,Online,Electronics,US,22.0,0.1258312775874553,0.3280580853498157,0,3
6214,429,165.68584545275618,QR,Grocery,UK,17.0,0.19613433371340266,0.25043602941835963,0,3
3153,559,263.58973858617867,POS,Electronics,TR,15.0,0.23176686269451272,0.3161984654397502,0,3
3953,526,180.2980931953795,POS,Travel,FR,21.0,0.33286256856298263,0.06710422161714967,0,3
3440,839,6.5965185477036625,QR,Grocery,FR,18.0,0.03291017177645681,0.09908055123111116,0,3
712,589,333.58389390175097,POS,Travel,US,9.0,0.14812609610050265,0.11695053430424449,0,3
2812,444,399.95702344661174,POS,Clothing,TR,16.0,0.3157173340715389,0.18775920480869013,0,3
5972,265,327.45452834601736,ATM,Food,US,21.0,0.5247217973336911,0.21544656177052401,0,3
8275,708,7.171238709879782,Online,Food,FR,14.0,0.06943394290139647,0.3127863270951431,0,3
3948,400,51.834411862218545,Online,Travel,TR,18.0,0.21652535377976295,0.10424934413336108,0,3
7594,312,12.103866998783912,POS,Electronics,TR,8.0,0.09004095535104334,0.07073906472536616,0,3
2384,290,155.93814216460396,QR,Electronics,FR,2.0,0.15219132772332,0.18228736343265906,0,3
2492,836,290.2651678846468,Online,Clothing,DE,23.0,0.04217001591833604,0.14233120386586084,0,3
7753,699,52.58175138212377,Online,Grocery,DE,22.0,0.10542350889635833,0.09017553864813134,0,3
3344,858,539.3004423336021,ATM,Clothing,UK,5.0,0.36812331498568895,0.42742573591922234,0,3
1756,41,182.29776410271432,QR,Electronics,DE,17.0,0.09581433482126081,0.25256206262923675,0,3
189,686,192.3098312024322,ATM,Food,FR,7.0,0.048343601026808763,0.3935443747913976,0,3
8976,114,158.76731201902092,Online,Food,UK,17.0,0.11689056899331059,0.1399717709348054,0,3
1396,469,4.1229105182750825,POS,Electronics,DE,13.0,0.339600865949931,0.3089177425917277,0,3
5170,877,16.66844728013344,Online,Travel,DE,15.0,0.18663558927004545,0.2036778532124102,0,3
7540,218,70.23567931994725,ATM,Travel,UK,11.0,0.31402523559021983,0.29653408410307946,0,3
6020,962,460.0663711164478,Online,Travel,UK,19.0,0.3439410942727557,0.2980291997595147,0,3
5938,858,119.05265282615393,QR,Food,US,8.0,0.28099919766729464,0.07814367072080855,0,3
9519,15,84.32871989361547,ATM,Clothing,US,19.0,0.34702882341521,0.27224254121605673,0,3
8975,746,28.58509483504407,POS,Travel,US,11.0,0.21238949157472975,0.3935398943843893,0,3
5845,956,345.7371454303141,POS,Grocery,TR,16.0,0.1718631062905302,0.32261105448920074,0,3
8492,706,29.040999198643696,ATM,Electronics,DE,15.0,0.236322819657736,0.20354621569178497,0,3
97,910,308.482699357724,POS,Electronics,TR,9.0,0.47645295338804894,0.06138239427471617,0,3
825,27,694.5400474043203,POS,Grocery,FR,23.0,0.21783191590221943,0.05019203253475718,0,3
4914,919,178.80203142374666,QR,Travel,US,14.0,0.0709936062576593,0.06924132053463605,0,3
8371,830,26.894688353900982,Online,Travel,DE,12.0,0.09463265527132964,0.25266030347680785,0,3
3542,57,374.2667386652245,QR,Clothing,FR,13.0,0.10194679294326672,0.11652169437320167,0,3
584,901,353.2775648532138,ATM,Grocery,TR,13.0,0.43421898408899173,0.1669339676726328,0,3
4559,947,10.158171150217923,POS,Food,TR,1.0,0.24568218582269166,0.4773523244529189,0,3
1509,323,187.25860833219477,ATM,Electronics,FR,10.0,0.28356905884543615,0.09863876283910684,0,3
5572,816,196.5139599042121,QR,Travel,UK,12.0,0.47674401609373473,0.1802297478425013,0,3
3649,872,12.67372870174313,QR,Clothing,TR,17.0,0.08939420958113471,0.38723598881884624,0,3
1657,184,34.276967737322884,Online,Clothing,DE,14.0,0.14532756451276843,0.1065096469456592,0,3
8676,522,163.66350346832036,QR,Electronics,DE,11.0,0.2880082784948785,0.17230091982255422,0,3
4678,787,255.8776696603714,ATM,Electronics,UK,21.0,0.28973312018568864,0.15012066290406617,0,3
1320,452,89.60271733218187,QR,Electronics,TR,17.0,0.40169570400072274,0.10273104091361242,0,3
2187,454,86.09464980179685,POS,Clothing,UK,22.0,0.2848063609980115,0.22411762266893137,0,3
4963,957,191.93860706863828,Online,Food,UK,10.0,0.14826560673572847,0.13730683957729006,0,3
8041,178,180.0485038313383,QR,Clothing,UK,16.0,0.17188881256829652,0.35557093941687745,0,3
9936,421,312.2818197695164,ATM,Electronics,DE,8.0,0.5210612809577353,0.13198222908604673,0,3
5677,821,77.04621744958355,Online,Food,TR,21.0,0.2530018611607909,0.25059322810062934,0,3
9618,839,7.8673792689374356,POS,Travel,FR,23.0,0.08465506076463655,0.16227043534604801,0,3
1115,915,84.25787840786452,ATM,Food,FR,13.0,0.26639507756620523,0.04546811739336688,0,3
9706,702,20.35179201398437,Online,Clothing,DE,22.0,0.09126989004937155,0.07984302556155216,0,3
1337,287,267.8933500637088,ATM,Clothing,US,16.0,0.21244687036740093,0.4159334404353731,0,3
2939,769,228.2931060923846,Online,Food,UK,10.0,0.42979762824822026,0.4232934928571447,0,3
5540,803,383.1006196394507,POS,Electronics,UK,14.0,0.18001061482872638,0.27209020436750614,0,3
3433,983,906.8283986054037,ATM,Travel,FR,10.0,0.05531932109230843,0.31321476880933313,0,3
564,663,66.88717650196341,Online,Electronics,US,17.0,0.14085168051901786,0.2769674248940519,0,3
1251,222,55.25981008506489,Online,Clothing,FR,21.0,0.18185872004363168,0.1715347550834026,0,3
4984,596,247.18787192749926,POS,Food,TR,21.0,0.1704397198665061,0.18455863924078386,0,3
7317,609,685.727457391891,ATM,Grocery,UK,18.0,0.05909071412681399,0.05243616906993602,0,3
991,310,10.063820632242992,ATM,Grocery,TR,16.0,0.3817460920681431,0.0972451959034776,0,3
8805,225,124.21743282444353,POS,Food,UK,14.0,0.5453239904343197,0.32883191293547237,0,3
3784,167,9.468821747326011,POS,Grocery,FR,15.0,0.3206744181373616,0.167907328283187,0,3
9528,230,113.25684835630943,QR,Grocery,US,20.0,0.2408294031804445,0.27526494912567684,0,3
6400,392,63.60847811265439,Online,Travel,FR,22.0,0.2394233930171774,0.1998512700233024,0,3
5317,581,120.81985584927723,Online,Grocery,US,22.0,0.06477484499595669,0.09679294789406279,0,3
7065,801,503.28205193782117,Online,Food,DE,22.0,0.22930408999676116,0.1660726061848945,0,3
8117,793,257.9666520329467,POS,Travel,TR,20.0,0.5122558956015507,0.09448752213688084,0,3
2577,864,25.481991194255592,POS,Electronics,UK,2.0,0.06649348720095907,0.21763428035485777,0,3
20,252,3.1977268190436092,ATM,Electronics,US,3.0,0.19531194813199437,0.2438871671729325,0,3
6126,560,495.18640454369876,POS,Clothing,TR,14.0,0.16035783041207796,0.2641681400207903,1,3
6032,814,75.01167026655875,ATM,Clothing,FR,6.0,0.10690582660883687,0.15001851106682593,0,3
6352,452,356.20829248847184,ATM,Food,DE,11.0,0.367108999146784,0.2824700294432968,0,3
2086,583,96.63737555303913,QR,Clothing,DE,5.0,0.593729572685228,0.20010437051933636,1,3
7258,336,57.18613841392603,ATM,Grocery,US,23.0,0.40202250018183117,0.04677310238651962,0,3
652,301,159.3305736240836,Online,Electronics,UK,11.0,0.20691811471133356,0.21147824291364845,0,3
8206,798,148.0325247834495,POS,Travel,US,12.0,0.14656221251502521,0.056270098784043265,0,3
8129,535,17.596760312092094,QR,Electronics,US,21.0,0.28603624849330833,0.1622672682144968,0,3
2094,508,181.60216387656345,Online,Travel,FR,20.0,0.21677898903209372,0.17687972136964053,0,3
7009,610,40.438228037015456,POS,Clothing,DE,19.0,0.31578152993561565,0.33631333459034835,0,3
3492,445,107.48844629092898,POS,Clothing,DE,17.0,0.18520373470553264,0.3844860705877877,1,3
4032,392,585.8899881392522,ATM,Food,US,15.0,0.4643572463314982,0.1329436948227509,0,3
2193,206,49.5398270234161,Online,Electronics,UK,17.0,0.4521333853985152,0.24138796490188713,0,3
6378,922,64.96211274318598,POS,Travel,US,19.0,0.34309034326714943,0.18972645384830747,0,3
79,418,860.136124230835,QR,Grocery,TR,7.0,0.5987975953188442,0.3499763690909416,1,3
1414,113,222.45729403431628,ATM,Travel,DE,22.0,0.07321528392916098,0.07569393888321,0,3
2930,41,15.32237419985469,ATM,Food,US,20.0,0.11232276012913536,0.10376547552925286,0,3
7917,487,47.09369718854148,ATM,Electronics,UK,7.0,0.08074850758424754,0.19935532102692993,0,3
4834,11,116.01438337533,Online,Food,TR,18.0,0.24865978572463693,0.14102985625729042,0,3
3849,586,343.8572130663034,Online,Electronics,UK,3.0,0.4653629809818656,0.13921207679251255,1,3
7981,720,106.8643344825347,QR,Clothing,TR,11.0,0.07299173932514157,0.1359876041331738,0,3
8495,380,287.77917108225796,ATM,Travel,UK,20.0,0.6132991285373081,0.20136020200051893,0,3
679,427,596.0602793911863,ATM,Grocery,UK,11.0,0.24093779274468838,0.2615683911751539,0,3
5001,73,158.28308155324154,ATM,Food,UK,23.0,0.06610432854689621,0.27409625632550855,0,3
9429,186,79.4053912765936,POS,Travel,DE,17.0,0.12295122820575644,0.19462758683553671,0,3
7375,365,660.6730027238135,ATM,Grocery,US,17.0,0.4247631222515949,0.29968946948567965,0,3
9241,893,42.918949156538474,POS,Food,US,12.0,0.03872521142653228,0.037746993751024,0,3
1749,940,209.25719051719875,QR,Travel,DE,9.0,0.10889060343777875,0.46267807225265456,0,3
9951,495,250.0604856122615,ATM,Electronics,FR,13.0,0.4693354651660891,0.5854300339425598,0,3
9037,158,3.8768672537569464,QR,Food,US,16.0,0.02454027218011641,0.41729844785366027,0,3
2240,109,116.13896949106618,QR,Food,US,19.0,0.32437050944661977,0.1557859738825438,1,3
4008,71,98.22280485592583,POS,Clothing,US,22.0,0.12938484182706253,0.19096860715289726,0,3
7541,615,39.469896648588985,POS,Food,FR,10.0,0.20869889699581562,0.13549964497496755,0,3
561,893,255.74819259796777,Online,Grocery,TR,20.0,0.05376668720014564,0.07132504543308182,0,3
4789,185,507.12557558088207,QR,Clothing,FR,21.0,0.3011921719837298,0.3459541348820922,0,3
1725,366,36.00691979048244,Online,Travel,TR,19.0,0.204831786584603,0.3420414861664217,0,3
7588,889,20.323054706031332,ATM,Electronics,US,5.0,0.16192767006869982,0.1314443305490924,0,3
1305,914,0.0,Online,Food,FR,9.0,0.5010121450606019,0.2720857542880484,0,3
5898,296,239.73147701731799,QR,Grocery,DE,15.0,0.09069361014587936,0.2652084416671714,0,3
8904,313,53.971037472343696,ATM,Clothing,TR,21.0,0.054117742230207606,0.17818188703679605,0,3
2201,868,23.716899030127458,QR,Electronics,FR,3.0,0.08948706992232985,0.5688567493945761,0,3
522,536,388.1366496738045,QR,Electronics,DE,12.0,0.0735326876784284,0.13151769366924407,1,3
8575,550,211.1953931038436,POS,Clothing,TR,19.0,0.10265623103449441,0.1754066358331194,0,3
6047,877,25.390728645680706,QR,Electronics,TR,7.0,0.1918290871244176,0.1800364768915159,0,3
1106,573,440.6777786164078,Online,Food,UK,23.0,0.2711036102045062,0.15142005905193945,0,3
8011,783,79.78446014185397,QR,Travel,US,16.0,0.07139736630902857,0.03396450088528455,0,3
7590,132,189.74583925423624,Online,Travel,FR,2.0,0.05761813990704653,0.15926056593371912,0,3
4345,356,42.51685858657433,ATM,Clothing,DE,13.0,0.1687896459841104,0.12013991722660787,0,3
4421,366,27.616715580088158,ATM,Travel,DE,20.0,0.5129379725961029,0.02863904676931102,0,3
1161,167,335.1442102149808,ATM,Grocery,UK,11.0,0.20601468074143223,0.14181665567896828,0,3
6659,537,381.99550175779746,POS,Grocery,US,3.0,0.1747247669292822,0.12059605241122273,0,3
6440,333,179.65758102409,ATM,Grocery,FR,16.0,0.12414213663481563,0.12588543294231402,0,3
6120,109,25.975806041524013,ATM,Grocery,FR,17.0,0.2296709085206125,0.030387003228706435,0,3
3487,922,255.03878593542353,ATM,Clothing,US,16.0,0.44788639358425686,0.49153818836702223,0,3
9697,161,285.23064159272394,ATM,Grocery,US,2.0,0.20535413829907115,0.24592142773678843,0,3
3281,581,47.68452378421908,QR,Clothing,TR,18.0,0.07008814923024617,0.15152820521606042,0,3
3396,438,7.992007374428272,POS,Electronics,US,22.0,0.080840818598055,0.29127866323776913,0,3
8020,388,0.5885878836691005,POS,Clothing,UK,19.0,0.2974482520019171,0.03456854053637852,0,3
580,197,478.0102872888881,ATM,Electronics,US,13.0,0.18332178043540998,0.32917528306012084,0,3
4420,294,122.2455852679273,POS,Electronics,UK,22.0,0.1845811661265767,0.1553108261421032,0,3
5232,485,81.0005387492729,Online,Clothing,US,14.0,0.4184987017855809,0.3628445486396037,0,3
2157,780,199.16225329729636,POS,Grocery,TR,11.0,0.21682093324605475,0.09002877181376431,0,3
4781,794,178.38590269243176,QR,Grocery,FR,13.0,0.10117057885383933,0.27749334113436047,0,3
668,245,166.58870620503777,QR,Travel,FR,18.0,0.1193586242758391,0.2965097756414297,0,3
6286,936,11.660939486579021,ATM,Electronics,UK,4.0,0.14834909394941237,0.1545173779594914,0,3
5993,315,269.19579751283106,QR,Electronics,US,7.0,0.3671294165924691,0.18094302403411072,0,3
3037,755,159.96756196388043,QR,Clothing,UK,17.0,0.24141321575912436,0.4392833590620419,0,3
7549,575,92.36019663462898,ATM,Food,UK,16.0,0.048209380311816444,0.18760070044842156,0,3
4263,324,23.21123704693383,ATM,Clothing,DE,17.0,0.028210450712182866,0.08243825456879585,0,3
7078,703,372.00159034973314,QR,Electronics,UK,7.0,0.178332347062708,0.2690260418009485,0,3
1269,207,56.53899613247766,POS,Clothing,FR,18.0,0.20665224876902646,0.2428925411105499,0,3
1083,896,491.61470056098995,POS,Food,TR,16.0,0.3055824971959377,0.3227490806645222,0,3
2371,986,50.04111744278053,ATM,Clothing,US,23.0,0.02340926693589206,0.06082788341373446,0,3
7120,776,117.23678268436865,Online,Electronics,US,6.0,0.23646444140857906,0.2155210291910106,0,3
8120,674,340.0977830695741,ATM,Grocery,TR,4.0,0.24820003593199474,0.16761829187063004,0,3
6850,583,46.401534121653114,ATM,Clothing,FR,11.0,0.14926443894131983,0.148479696266263,0,3
8004,420,149.40580472507108,POS,Grocery,FR,15.0,0.3810359366440691,0.2013218085989616,0,3
6056,337,309.28106799501006,QR,Travel,UK,18.0,0.15052352527097512,0.10641144821682241,0,3
8927,775,99.78008961641316,ATM,Clothing,US,19.0,0.19551446890981608,0.2753184878382235,0,3
1041,56,369.77997565768396,QR,Grocery,UK,16.0,0.13602270437041367,0.242590514481404,0,3
4371,766,223.52120307419534,POS,Travel,TR,19.0,0.3063949807260479,0.13123041306156233,0,3
9177,231,119.88935164476241,POS,Grocery,US,22.0,0.46113907553912153,0.3543764125348821,0,3
4011,49,36.79369655167448,Online,Clothing,DE,17.0,0.11508459643089178,0.48222687893776467,0,3
6105,361,1472.0342602487983,ATM,Clothing,US,22.0,0.3505799281651112,0.11270923203038916,0,3
9755,631,368.6232397694046,POS,Food,UK,16.0,0.25047777719093195,0.0692676064169449,0,3
6835,572,196.5246275102705,POS,Food,TR,20.0,0.26822668155711576,0.17334718715346037,0,3
6340,189,232.17982599181835,Online,Clothing,UK,6.0,0.09737997488167806,0.1480466889765026,0,3
1976,440,13.016684328122194,POS,Grocery,DE,13.0,0.5609275066406962,0.08829943662018332,0,3
346,819,280.10811132893804,Online,Travel,TR,15.0,0.16262468007481384,0.12534693653737253,0,3
3095,87,133.38376018631797,POS,Grocery,FR,18.0,0.1276947335578718,0.2629801296976276,0,3
9357,39,358.1823442447064,POS,Travel,UK,19.0,0.5474657260987705,0.22344455473605906,0,3
7702,876,129.90658928738551,ATM,Grocery,UK,15.0,0.4020477605040818,0.3332745250046592,0,3
6681,202,109.1005478020205,Online,Food,UK,15.0,0.5069686031125561,0.19228942984595185,0,3
1929,578,29.499185734197656,QR,Clothing,DE,14.0,0.217471671531558,0.09992853443876397,0,3
3469,337,71.41100057999601,ATM,Clothing,DE,7.0,0.27467341054923844,0.2116207212903489,0,3
18,566,359.5690542063813,QR,Travel,UK,16.0,0.1805302062133463,0.47438101862980053,0,3
9721,811,6.736959008299557,QR,Clothing,FR,12.0,0.08268832397618098,0.10495048451237286,0,3
8638,682,659.686329113824,POS,Travel,US,16.0,0.3013641904611366,0.15374939719689115,0,3
480,384,590.4665443971976,POS,Food,TR,15.0,0.11055103811996217,0.15160172049504206,0,3
1772,891,280.87735239563267,POS,Grocery,DE,11.0,0.7166835743210166,0.6551946113444677,0,3
3395,831,30.600646727101907,Online,Food,US,18.0,0.5036394457298566,0.42715380763970245,0,3
3491,78,26.80421963456338,Online,Clothing,DE,13.0,0.43055048834182963,0.05852277966609297,0,3
6504,989,248.82490980293477,ATM,Clothing,US,15.0,0.274068049615987,0.15812732085235806,0,3
9521,68,292.81724850484426,Online,Electronics,FR,18.0,0.5240839418173645,0.5461092965922245,0,3
75,924,89.32611176683857,QR,Food,TR,22.0,0.05698964489412249,0.13042933444643728,0,3
6135,389,170.91969613699635,Online,Electronics,US,7.0,0.20170473033633857,0.21382286409740792,0,3
94,507,14.869350642383406,ATM,Electronics,TR,19.0,0.10787795951407832,0.2992669423233356,0,3
5956,527,18.338145286760824,QR,Travel,UK,18.0,0.25166708739555244,0.24812229662515523,0,3
7485,959,95.2661489891032,Online,Electronics,US,11.0,0.23053558572162858,0.13183998613144227,0,3
9507,205,302.7602993455054,QR,Travel,DE,20.0,0.18464081485752326,0.10109827210277816,0,3
6783,466,92.23213918363366,ATM,Food,US,15.0,0.17557211478832827,0.06592698035426292,0,3
7471,357,43.309185496288265,QR,Clothing,US,22.0,0.1700560255710207,0.03627370221112973,0,3
8911,313,117.00993790901443,QR,Food,DE,20.0,0.2623560553935977,0.6650508700922869,0,3
629,517,161.72250833086957,Online,Travel,US,14.0,0.3235266562598758,0.22241797767122093,0,3
508,315,34.69499607844968,POS,Clothing,DE,7.0,0.10036168948782664,0.13599453565195366,0,3
853,511,50.902299798341666,Online,Clothing,DE,19.0,0.29630777857217483,0.6255616289360384,0,3
6406,874,119.94273786102887,QR,Grocery,TR,6.0,0.1590729472751599,0.12255341285203085,0,3
2863,657,278.9257415618117,QR,Electronics,UK,17.0,0.10675298644275265,0.06423615192366161,0,3
5123,677,0.0,ATM,Grocery,US,18.0,0.06547263223865357,0.032830223197289565,0,3
9685,633,20.013477425918545,QR,Electronics,TR,16.0,0.12997742942393106,0.14088555889056822,0,3
4352,639,22.904220716863705,Online,Food,DE,18.0,0.07118441330953153,0.08099335970000604,0,3
8203,139,14.217621834164982,POS,Travel,NG,17.0,0.03489704196775828,0.2690707770374788,0,3
3094,257,49.53547785944869,QR,Grocery,UK,8.0,0.3485138691646103,0.27787498204948496,0,3
6353,306,782.1762659998836,POS,Travel,TR,19.0,0.4571040330522606,0.41163048660544405,0,3
7708,314,282.87512912320545,ATM,Clothing,TR,20.0,0.41042398399677327,0.17076008002573548,0,3
8555,489,112.85330271658461,Online,Food,FR,14.0,0.2779746903692574,0.16986598329695027,0,3
9503,193,99.4424394508092,QR,Food,US,22.0,0.387596543826246,0.048531375860314994,0,3
6077,75,20.019206630931258,Online,Travel,FR,18.0,0.13760988496485643,0.2600946096486123,0,3
1412,183,37.4234329623111,POS,Food,FR,11.0,0.1641935853942154,0.07595940779780982,0,3
1443,934,204.62901458009412,POS,Electronics,DE,23.0,0.18851409114183093,0.21602437876544858,0,3
7767,353,268.9971207636155,Online,Travel,TR,22.0,0.20588208776388459,0.23394664952952685,0,3
2796,447,33.90650513477355,Online,Electronics,DE,21.0,0.06658879094355351,0.11432646044779615,0,3
3741,893,834.3862759508602,QR,Food,US,8.0,0.4091979747900592,0.06652656702459772,0,3
5286,49,89.48172523845487,POS,Travel,TR,21.0,0.1319280924023577,0.2731999682114691,0,3
2181,31,10.079660076011823,QR,Food,TR,21.0,0.069025489941071,0.088882246524708,0,3
4761,985,182.69598358105108,POS,Electronics,FR,14.0,0.2812910562031431,0.07416071009800815,0,3
3675,832,316.5714524514549,POS,Electronics,UK,23.0,0.13766615966860843,0.18086419394421013,0,3
2524,972,273.66125822762024,ATM,Grocery,US,20.0,0.23017726438135414,0.3055049425532302,1,3
2277,366,306.96333219170896,ATM,Travel,UK,14.0,0.3476476199209484,0.3913961586864053,0,3
1877,362,49.969535176609625,POS,Travel,US,18.0,0.20371280931937502,0.04469552950228135,0,3
9611,339,114.96512086936114,Online,Electronics,UK,13.0,0.22489123631195437,0.11332062083580532,0,3
9739,533,12.584072714632835,POS,Electronics,FR,23.0,0.1614675681289091,0.03819845972723339,0,3
1426,563,24.20056543978668,ATM,Electronics,TR,3.0,0.09063609030078254,0.07198517658328085,0,3
6163,667,238.8381734280202,POS,Electronics,FR,8.0,0.08491023667854734,0.191605871599668,0,3
7226,24,291.3557943702924,Online,Food,US,11.0,0.26998051053656485,0.2992724512115241,0,3
7295,647,1103.0403935909,POS,Travel,FR,23.0,0.43280225216448326,0.3162894044519734,0,3
2975,708,38.7234220633468,Online,Grocery,DE,21.0,0.6470400685140358,0.11709868311273942,0,3
2077,978,5.723507229369716,QR,Electronics,TR,22.0,0.2293172509707278,0.12690709985848486,0,3
4675,251,452.0154333275059,QR,Electronics,DE,17.0,0.4365778339763124,0.16951833756156096,1,3
216,736,3.6985972943711687,POS,Clothing,US,7.0,0.18969045340690205,0.1020508459034153,0,3
5560,889,16.27999919121484,QR,Food,UK,19.0,0.10400356290898446,0.026631855534566422,0,3
88,905,1548.9021307730504,Online,Clothing,DE,12.0,1.0,0.7146581136647803,1,3
6699,870,62.007064021173015,POS,Grocery,US,18.0,0.12731260032308575,0.15337148097734804,0,3
2029,45,30.37204547891438,QR,Food,DE,10.0,0.0744603820284455,0.1116469057937796,0,3
7523,974,16.612120559002243,ATM,Food,FR,21.0,0.055334009360965795,0.16371225338860265,0,3
769,465,333.4572911251253,ATM,Travel,FR,14.0,0.25280974672253004,0.4052864496347587,0,3
6700,734,420.2374859299458,POS,Food,UK,15.0,0.3131613115901593,0.24006837187793517,0,3
8566,935,72.11782127919443,ATM,Grocery,DE,19.0,0.06050586946962981,0.027673533589276957,0,3
6496,573,25.973228517482184,ATM,Clothing,DE,23.0,0.17361558713002603,0.03180860951027138,0,3
9512,354,158.42135033377465,Online,Electronics,TR,13.0,0.1667035673934869,0.22505438921085405,0,3
4760,669,373.67007075919963,ATM,Travel,TR,18.0,0.2192288233464253,0.2838580977876557,0,3
5489,558,232.25771160571355,POS,Food,FR,1.0,0.11859911608580959,0.5523636180576492,0,3
79,918,12.869630117784531,Online,Clothing,FR,20.0,0.1381163437150026,0.13543328161448992,0,3
5790,912,316.7169695729399,ATM,Clothing,UK,22.0,0.17977690007661207,0.08887961696414495,0,3
8783,825,14.517460194921568,QR,Travel,DE,22.0,0.032165936065941494,0.025112465058452924,0,3
8632,191,150.32291137676285,ATM,Grocery,DE,18.0,0.22947600083875555,0.18532943860744616,0,3
6510,914,150.50361559282354,ATM,Electronics,FR,20.0,0.1115601944603579,0.15048437229456108,0,3
1947,206,48.285488022367204,POS,Grocery,UK,22.0,0.8701222996729552,0.1357303145576143,0,3
5917,826,0.0,POS,Travel,US,17.0,0.1342441028387606,0.2547387305919605,0,3
674,478,324.37646457852037,ATM,Food,DE,21.0,0.13703688209195367,0.1476966651169141,1,3
9431,257,204.60381234628784,ATM,Grocery,DE,22.0,0.04107581878601949,0.08109055825282749,0,3
1547,171,41.95346499226716,ATM,Electronics,DE,18.0,0.5782835703942141,0.21210589738777108,0,3
8881,178,321.0003572839043,POS,Grocery,TR,21.0,0.06821433366205601,0.10979314940319038,0,3
3699,557,211.30387233521276,POS,Travel,TR,5.0,0.15072819426273554,0.09438400337135065,0,3
7520,663,35.10150612576845,QR,Clothing,DE,11.0,0.16174189375991774,0.21081932901474815,0,3
5449,429,336.7298818567091,Online,Clothing,TR,11.0,0.23994711779093225,0.15407681900615597,0,3
6910,312,124.01240739228847,POS,Grocery,TR,8.0,0.21449589680770037,0.31820459903888454,0,3
6196,777,51.756699727331764,ATM,Food,DE,22.0,0.02852239203035109,0.08675132829991272,0,3
3930,177,293.60299776850076,Online,Food,TR,6.0,0.07203493263265186,0.17919008523118288,0,3
2978,393,257.46247047704003,Online,Grocery,DE,22.0,0.2534250908952945,0.04987778485287233,0,3
8529,227,195.85818767362906,QR,Clothing,FR,9.0,0.040919417037110495,0.17624861654993657,0,3
9570,255,302.9934438699618,ATM,Clothing,TR,18.0,0.21243264149264274,0.20808206302826177,0,3
9,647,192.36459024068128,POS,Grocery,TR,2.0,0.35112240465805683,0.3077190640192723,0,3
8997,868,215.06557019018175,ATM,Electronics,US,20.0,0.08862070095143677,0.039511155836110694,0,3
8607,976,136.2071854401338,QR,Electronics,DE,22.0,0.49485679608389577,0.4034174709217144,0,3
9317,611,69.06204213455692,POS,Food,UK,6.0,0.19392942060820334,0.1468868750504456,0,3
3677,509,80.64771562700388,QR,Travel,TR,5.0,0.10175050963288271,0.3933410557207358,0,3
5084,336,57.82166986642382,ATM,Food,DE,23.0,0.6179558011112153,0.3547575481603164,0,3
1792,980,249.49252150051925,ATM,Food,UK,23.0,0.18584574530344997,0.15280820902296072,0,3
8811,278,178.07055766195543,POS,Grocery,FR,4.0,0.04842735544143538,0.04479552802991661,0,3
1908,911,18.3268828974021,Online,Travel,DE,17.0,0.15456721766471893,0.0949413344441531,0,3
6336,438,12.173469116925503,Online,Clothing,TR,20.0,0.06354927793342331,0.09997873512331193,0,3
5043,191,176.60482418561122,ATM,Electronics,UK,21.0,0.030524063475129825,0.21726520355831366,0,3
8,100,87.52692149356166,POS,Grocery,TR,19.0,0.2716198556261787,0.2962063630009548,0,3
4157,379,24.452347939459496,POS,Electronics,FR,1.0,0.09744349482769184,0.058237773972002145,1,3
9142,590,1188.3073079702135,QR,Electronics,UK,18.0,0.336785854262627,0.04671610449383496,0,3
3307,742,34.31002397307239,QR,Grocery,FR,15.0,0.044523882018378494,0.0538485482623105,0,3
1811,535,545.662488359743,QR,Travel,US,15.0,0.18714382050555672,0.12186765006860478,0,3
40,95,2.434872281084034,POS,Travel,US,22.0,0.116008231425905,0.07332562644031812,0,3
4790,698,42.94360503570799,Online,Clothing,TR,17.0,0.1058471612261519,0.10698843713729264,0,3
2340,413,222.90242437941777,Online,Clothing,FR,12.0,0.26871559039370757,0.22875766976526873,0,3
632,25,31.281935544441495,ATM,Food,US,19.0,0.26564826314453277,0.08736529351260669,0,3
5569,294,77.1570249866063,ATM,Clothing,FR,8.0,0.04680161135495649,0.3968646757178288,0,3
8872,893,133.12806052150955,POS,Grocery,US,4.0,0.12859354637306902,0.19147343973770295,0,3
4697,190,304.26335350715493,QR,Travel,FR,3.0,0.07612880131595101,0.2656908138289865,0,3
8448,161,34.72755728982965,Online,Travel,US,20.0,0.0465122842433912,0.05069793976054278,0,3
5621,372,155.182154661103,QR,Travel,DE,22.0,0.12172351950972762,0.3597823314320152,0,3
8284,631,14.91258759081294,Online,Electronics,UK,20.0,0.0628339757771062,0.0383879143968083,0,3
5576,501,633.32435007639,ATM,Travel,UK,20.0,0.3564834134370228,0.03552399638627568,0,3
7985,798,226.38339517567596,POS,Travel,FR,21.0,0.12516923188275794,0.21691393970817122,0,3
4868,451,219.40179065517498,Online,Clothing,FR,15.0,0.19188112169026766,0.1222200846977005,0,3
902,198,67.8258906680455,Online,Food,DE,15.0,0.09461544520253863,0.34855991992160096,0,3
6745,282,214.64645561460165,QR,Grocery,FR,22.0,0.06416395002797642,0.08084102776380123,0,3
5167,61,57.359751845684585,Online,Electronics,TR,14.0,0.2263269177064816,0.13396381684052897,0,3
4668,200,280.26279875428474,POS,Clothing,TR,16.0,0.04924444458177467,0.06147882672817388,0,3
5225,688,0.0,POS,Clothing,FR,9.0,0.17545312869248858,0.31301159906683157,0,3
9763,810,16.305624533950027,POS,Food,TR,2.0,0.09934319758591144,0.025291201600397203,0,3
964,631,133.90130308618583,Online,Clothing,UK,9.0,0.18946970067554722,0.35805128695689986,0,3
3415,345,40.558015604094706,ATM,Grocery,FR,20.0,0.1810098415826902,0.10784411043601179,0,3
5865,768,73.8960097880858,ATM,Food,FR,9.0,0.3330508293100077,0.5189223738415341,0,3
3306,991,385.8067171344145,QR,Grocery,US,18.0,0.1327162105296137,0.18507939230043752,0,3
9318,658,677.9302981901945,Online,Clothing,TR,14.0,0.2675800179098755,0.16615354397289572,0,3
686,62,7.822037464871327,Online,Food,DE,21.0,0.13028251232314192,0.04083876370646883,0,3
1019,93,9.14602640734185,QR,Clothing,TR,15.0,0.1009486653247566,0.10978778624788513,0,3
8911,764,52.552543409870005,Online,Grocery,TR,22.0,0.34639079758845825,0.1298817787806076,0,3
5586,799,434.6110701478155,POS,Grocery,US,4.0,0.04517980339561273,0.1875888252189854,0,3
3135,689,139.34211076522163,ATM,Food,UK,14.0,0.3518993077847725,0.243460630480221,0,3
6444,399,9.098749349931587,Online,Food,DE,22.0,0.057697634624955335,0.0790154264548686,0,3
2340,273,25.003979744159658,QR,Travel,FR,21.0,0.24767792332507813,0.16583452554925845,0,3
3920,264,45.57417027080464,Online,Clothing,DE,16.0,0.2867329629041489,0.2225745298728643,0,3
9291,55,9.761212257034634,Online,Clothing,FR,10.0,0.0924215043062205,0.06954930102779511,0,3
1257,326,20.272228397486266,Online,Food,UK,11.0,0.2266886354997405,0.29194499889123265,0,3
9085,205,77.03593904311795,ATM,Travel,UK,7.0,0.1896357532961488,0.11877094925907011,0,3
7042,47,571.479273494297,ATM,Grocery,UK,22.0,0.285193742617456,0.16179051760349825,0,3
9494,570,9.99448975841863,ATM,Travel,UK,16.0,0.2399044084373432,0.166806174967585,0,3
9829,939,1.0877598652093292,ATM,Electronics,TR,14.0,0.047063194882442545,0.29873834736902705,0,3
3794,459,189.07540521502526,Online,Clothing,FR,20.0,0.09283807733577243,0.17444605690097267,0,3
9605,546,30.86974443147377,POS,Travel,FR,22.0,0.619821333140531,0.2711324702559982,0,3
5129,438,300.5727493740892,Online,Food,UK,11.0,0.23362398044131616,0.0521735461246418,0,3
9432,275,7.622124274093955,ATM,Travel,FR,4.0,0.027878070349726114,0.03918338111954931,0,3
2489,933,100.30557850682503,QR,Electronics,UK,13.0,0.17627496076216714,0.10220543923135135,0,3
6388,708,56.55243913994058,QR,Electronics,TR,17.0,0.0918640527872968,0.02315880007574117,0,3
8789,146,334.5916061982663,POS,Grocery,FR,23.0,0.031704730417333245,0.09993162731324004,0,3
6489,913,215.41590426544306,POS,Travel,DE,13.0,0.06010955604075717,0.052824755256086695,0,3
3489,136,386.19694464038014,Online,Food,FR,16.0,0.38842608360568,0.3311657630656741,0,3
3752,533,192.76627415774348,POS,Food,DE,15.0,0.0919502738235807,0.24142327904577057,0,3
5399,530,395.532097061624,QR,Grocery,TR,11.0,0.05647828181214924,0.12962166273640874,0,3
7530,787,20.199485061579225,Online,Food,US,14.0,0.23219745642137485,0.02865287753731452,0,3
7485,213,113.5045184521311,POS,Electronics,DE,12.0,0.0862681419903951,0.09152476828036607,0,3
4017,554,57.373791010989585,Online,Clothing,FR,23.0,0.043094659820959516,0.028464547714124863,0,3
2587,232,57.13713835584992,POS,Grocery,DE,7.0,0.09420235350831652,0.1960383387161696,0,3
5791,761,179.04655673420308,POS,Grocery,TR,19.0,0.21732836220034527,0.5281150203551536,0,3
8311,293,57.658551015749055,Online,Grocery,DE,21.0,0.048953166674262624,0.0926409441683502,0,3
9307,146,46.58317948993424,ATM,Grocery,TR,23.0,0.037802164680426,0.046570813062667776,0,3
7356,41,306.17684775145193,QR,Grocery,DE,21.0,0.07661277822452586,0.39242322066673846,0,3
2817,998,152.06538319601515,Online,Clothing,DE,17.0,0.10052903031277396,0.07824734050550376,0,3
4134,862,171.91474522664603,Online,Electronics,DE,4.0,0.3560671473237538,1.0,1,3
344,551,239.88727332995902,Online,Grocery,FR,21.0,0.32279753694638275,0.09268601813665353,0,3
3388,442,55.74698284655769,POS,Travel,FR,22.0,0.2053379736571395,0.058313582000195416,0,3
4401,204,264.12405363418657,Online,Clothing,TR,16.0,0.29881694971031386,0.12446728642954216,1,3
4324,355,70.5624466281417,ATM,Travel,US,22.0,0.08633614948660706,0.09047998987483072,0,3
5056,710,223.68367619672492,QR,Clothing,TR,13.0,0.35131478005456435,0.17046200829627348,0,3
7028,145,347.0033654995121,POS,Electronics,UK,21.0,0.10719812541243418,0.09841596145167356,0,3
2193,611,71.93185212612529,QR,Clothing,FR,20.0,0.342655658317255,0.044660538483288534,0,3
4056,280,945.4366514319922,QR,Electronics,US,4.0,0.284860828308352,0.15220608092581356,0,3
2813,492,18.75923686991593,ATM,Clothing,UK,14.0,0.08317747818363852,0.3201920128749731,0,3
3223,147,111.06671852924771,ATM,Travel,TR,14.0,0.2050205126620753,0.15990951317625052,0,3
5584,213,6.818657414051662,QR,Grocery,DE,21.0,0.15859466100684366,0.09223430600600846,0,3
4164,352,152.7066056372996,QR,Food,TR,5.0,0.4301779551435582,0.07929629021109637,0,3
1153,622,131.57981627816534,POS,Clothing,FR,14.0,0.14812301134098277,0.08928594819970229,0,3
226,113,133.01763485008604,Online,Clothing,DE,21.0,0.08401477023771721,0.1283375122455315,0,3
6781,132,49.77182272621871,POS,Travel,FR,5.0,0.20848199734944908,0.11294995275733642,0,3
3924,541,89.20622646875825,POS,Food,US,12.0,0.08990307545443543,0.11065094767019557,1,3
5643,6,134.9385284579227,Online,Food,FR,22.0,0.058784143916421255,0.30333530788572555,0,3
4784,533,131.7216673665792,POS,Food,US,4.0,0.05920439247651332,0.04478676116749249,0,3
7635,834,101.15474808692231,ATM,Clothing,DE,14.0,0.21665570029034675,0.12288473303788569,0,3
8346,939,63.29158475277854,POS,Grocery,US,10.0,0.048333547365145176,0.14570573314474833,0,3
8272,72,131.85921205328825,POS,Grocery,UK,9.0,0.11332787489456617,0.1757494090432668,0,3
9855,115,297.52159543864843,Online,Grocery,TR,12.0,0.18439573087539773,0.1104668886530078,0,3
6402,13,80.71372963033151,ATM,Grocery,FR,15.0,0.6902623846654788,0.0665428850340502,0,3
9374,618,31.756772923175035,POS,Grocery,US,15.0,0.25341657120645156,0.3630895149398649,0,3
9322,992,64.98484790182096,Online,Grocery,UK,4.0,0.24125035269711695,0.13968458503646428,0,3
3567,720,145.62292835428002,QR,Clothing,UK,11.0,0.04484365987616688,0.09651970826214035,0,3
1263,911,514.0389766175388,Online,Grocery,US,15.0,0.2804185745559991,0.2418316334753601,0,3
6062,325,229.4366842115328,QR,Travel,DE,12.0,0.26533893880215914,0.23187787957208578,0,3
364,982,31.831476278121297,POS,Clothing,TR,11.0,0.04009345819616917,0.10341202195647509,0,3
4620,331,11.257099502908387,QR,Clothing,US,20.0,0.08723429589657165,0.08091723286589014,0,3
2656,480,169.6278343015367,POS,Electronics,US,12.0,0.15164932802427142,0.1450440377548975,1,3
8745,370,316.84038760844584,Online,Electronics,US,20.0,0.3509438344316868,0.10348958281313794,0,3
8517,38,145.2630910569394,POS,Grocery,US,19.0,0.10586138977767365,0.23964045769433173,0,3
6881,521,251.79595796562404,POS,Electronics,UK,15.0,0.17239707211695293,0.12541167333106218,0,3
6504,876,328.6545076341578,QR,Grocery,UK,18.0,0.29552704308352434,0.3728538247688723,0,3
9122,336,433.7809664391205,Online,Travel,DE,13.0,0.8130149036571401,0.3615689549819559,1,3
3296,766,292.52687141612364,ATM,Travel,TR,10.0,0.362075488263102,0.17889477916840307,0,3
7248,713,238.67730795373333,Online,Clothing,DE,20.0,0.19614972286020702,0.2783018056962874,0,3
8534,963,92.07082575893058,QR,Grocery,UK,21.0,0.09141701367460367,0.19430923934972638,0,3
9795,430,84.17115738253241,QR,Electronics,DE,12.0,0.12619321906011502,0.08531988295114003,0,3
1275,739,51.207445967329456,ATM,Electronics,UK,12.0,0.04420100421016317,0.15372970875852426,0,3
7073,989,170.85356345222812,ATM,Travel,UK,11.0,0.49368231922256056,0.6967877048405731,0,3
3587,266,109.90158759878159,ATM,Clothing,UK,16.0,0.31267322437232137,0.14115319995132966,0,3
2385,858,45.51430976788825,POS,Travel,US,6.0,0.04273848279186522,0.177355650720375,0,3
5539,707,458.75904950848195,Online,Grocery,UK,9.0,0.39782286781502724,0.23958528204177104,0,3
918,733,5.720432665826589,POS,Electronics,US,19.0,0.08585314478343362,0.11559841899779053,0,3
9984,601,0.0,QR,Travel,UK,6.0,0.06400804795382138,0.21864239724744963,0,3
4812,60,52.85089426153862,ATM,Electronics,FR,13.0,0.2712359807243202,0.07690676924566418,0,3
3249,454,200.70620476163737,Online,Food,UK,19.0,0.2874999488686537,0.22580379123847555,0,3
9340,792,33.53340336325588,QR,Clothing,DE,1.0,0.11457320092015646,0.3087637409045464,0,3
6203,795,56.877321986430864,Online,Travel,UK,17.0,0.11800552374644968,0.24157198979141015,0,3
3913,232,567.1200015279206,POS,Electronics,UK,14.0,0.4277741613179579,0.8873527846289841,1,3
5262,983,27.617693468866282,QR,Grocery,US,21.0,0.05088260279780285,0.13482473310044435,0,3
8024,111,28.689373633927598,QR,Clothing,FR,22.0,0.07492802534832328,0.06325882923630971,0,3
7665,58,82.0297999224755,POS,Food,US,8.0,0.08099718809315859,0.17157326007196816,0,3
4768,674,77.78376957147256,POS,Grocery,UK,9.0,0.18555994884462873,0.1470120349545433,0,3
1653,865,161.88217850598167,ATM,Electronics,US,21.0,0.024727340285406706,0.04445594605099065,0,3
6827,129,90.62829292827867,QR,Food,US,14.0,0.05631628087457699,0.05054719587179101,0,3
2981,315,24.082489644370288,POS,Food,UK,21.0,0.18957809231599868,0.03626887984817287,0,3
3649,414,222.36308638993845,POS,Electronics,DE,1.0,0.45331177056024174,0.6018102751203886,0,3
3906,868,137.90081750653232,QR,Travel,UK,13.0,0.11128570483159704,0.16418178580689063,0,3
771,793,394.9461091735296,ATM,Clothing,US,12.0,0.6223222931310619,0.48610342255125,0,3
6714,372,6.34147166865616,Online,Clothing,TR,20.0,0.030280041349674415,0.07874242248291294,0,3
7567,214,122.21203024387444,POS,Food,US,21.0,0.11639615649775584,0.11401348418619596,0,3
3321,437,325.3130044637739,ATM,Clothing,FR,18.0,0.3945846980888424,0.29866273448849606,0,3
4046,679,4.670832025109249,QR,Food,US,23.0,0.03616313263233175,0.03406004111049743,0,3
5945,854,12.612105403685675,ATM,Food,FR,16.0,0.11528864450732546,0.09517737570986667,0,3
758,564,219.09760946285823,ATM,Food,DE,10.0,0.200567594662207,0.11119325874867539,0,3
9794,992,0.0,QR,Grocery,TR,23.0,0.13877643425452715,0.050137218581713244,0,3
7223,634,91.83750595555588,ATM,Food,DE,11.0,0.424207125942398,0.43562899822651935,1,3
7362,939,13.061274140556382,POS,Electronics,US,7.0,0.0680596217489566,0.06744749755788093,0,3
4130,826,123.72302719278916,QR,Travel,TR,2.0,0.3472841100148465,0.42576015189903055,0,3
1386,803,0.0,ATM,Food,DE,7.0,0.05978115992371681,0.08287204688636249,0,3
2740,633,77.53625236536926,Online,Grocery,DE,18.0,0.038767490405654595,0.08346109903725311,0,3
9196,706,119.6223899238894,QR,Food,UK,14.0,0.23466575381721272,0.10756759789913736,0,3
8643,276,54.179116111193984,POS,Travel,FR,18.0,0.5635747768237896,0.38334574660780246,0,3
6174,24,254.47762640414865,QR,Electronics,TR,17.0,0.28196433784084396,0.1919990919207055,0,3
6025,365,611.7863383818012,POS,Grocery,US,22.0,0.2163997565838757,0.3042784134574393,0,3
3563,484,36.97508049831774,QR,Grocery,US,23.0,0.0675627754880517,0.07805981203964436,0,3
1943,293,0.0,ATM,Food,UK,23.0,0.13674864430813816,0.03717149321322974,0,3
4587,866,539.5179053928093,QR,Food,UK,4.0,0.38305241941172513,0.608140388787405,0,3
6720,267,44.130972985566686,QR,Electronics,US,14.0,0.06994838978697362,0.03286842032579583,0,3
28,151,15.919371820963566,POS,Clothing,US,22.0,0.5277939434255998,0.690544865758094,0,3
3494,115,35.85156588042474,ATM,Grocery,DE,20.0,0.11954316672054287,0.14430811216471393,0,3
59,228,99.95632522461374,POS,Food,FR,15.0,0.3618435250782063,0.1489947645111892,0,3
9341,517,4.844259539958827,ATM,Electronics,FR,19.0,0.1651445041904792,0.05858478002706953,0,3
3704,463,234.34015000544767,Online,Clothing,US,2.0,0.22370971709035142,0.17369845666497258,0,3
3878,549,8.438717712215555,POS,Food,FR,21.0,0.08933240890802532,0.04293667053847169,0,3
9837,117,275.50049782082266,POS,Food,US,21.0,0.0996231321792501,0.31079497804768785,0,3
8914,719,232.63385436561467,QR,Electronics,UK,22.0,0.09109303697480478,0.08317691253254737,0,3
4690,676,24.335705349985975,QR,Electronics,US,15.0,0.20301995105004791,0.33100511124927706,0,3
6082,459,162.26337171638818,Online,Travel,TR,17.0,0.04977282921206082,0.10098103380116993,0,3
3106,72,399.27794224767894,Online,Electronics,UK,8.0,0.1612493936286315,0.35741005015860816,1,3
2623,906,397.788527440535,ATM,Grocery,US,4.0,0.35455796673500245,0.4957875096632685,0,3
6660,854,0.0,ATM,Travel,US,21.0,0.26321464964054647,0.053202299251951544,0,3
9346,852,162.40237956602743,Online,Grocery,UK,11.0,0.24886786042646755,0.07733030842749548,0,3
2368,79,28.237491790011546,Online,Grocery,DE,5.0,0.10016357923916729,0.3442335987308832,0,3
7180,665,144.39393111688437,ATM,Clothing,DE,9.0,0.26854609614980246,0.4204583234436306,0,3
8922,125,239.98914016342945,Online,Electronics,TR,9.0,0.1454303327878838,0.19029385959464834,0,3
6123,122,69.7746183387279,ATM,Travel,TR,14.0,0.07360127338686187,0.05528026722059987,0,3
5888,567,263.34587835658067,POS,Grocery,UK,17.0,0.1725214286107405,0.18572818890510628,0,3
1559,338,46.5262937016988,QR,Clothing,DE,17.0,0.08662168704690186,0.36802580090800274,0,3
9565,378,99.04490700394342,ATM,Travel,DE,17.0,0.07394694800900238,0.22521470059816995,0,3
1199,298,212.79119271215725,Online,Electronics,FR,15.0,0.18925038452985152,0.13861038150439003,0,3
9226,229,46.99806595949589,POS,Food,DE,13.0,0.03080211714658304,0.08716556267542017,0,3
4295,408,123.28454198645736,Online,Clothing,DE,10.0,0.06050965909975675,0.17296546191889614,0,3
4123,663,111.92157786571202,ATM,Grocery,FR,22.0,0.08316829107756336,0.16874822793811217,0,3
6047,659,246.81360214084802,QR,Grocery,FR,17.0,0.17211484812714514,0.11310297094656727,0,3
8312,452,141.68778495426247,Online,Food,UK,18.0,0.48691470531454367,0.1548337700891515,0,3
4062,244,19.84298924625093,QR,Food,UK,14.0,0.5603526226019122,0.289662379865146,1,3
9643,449,57.25708755472682,Online,Food,UK,8.0,0.3157545905010184,0.5217706178674266,0,3
3844,520,20.66738116558548,ATM,Electronics,UK,6.0,0.08794298453969784,0.05811712779408825,0,3
8911,682,50.93828925362632,QR,Food,FR,19.0,0.03428003107160502,0.24638065903920314,0,3
3951,206,298.8800898242719,QR,Electronics,TR,21.0,0.23846999300212138,0.3577941171010704,0,3
3790,476,113.3320139191138,Online,Travel,DE,23.0,0.369431430254013,0.3137610466027374,0,3
6118,259,22.313265971280114,QR,Electronics,UK,20.0,0.047056185690024316,0.10092110532899434,0,3
4582,896,274.3340029175273,Online,Electronics,DE,13.0,0.07836863943588196,0.32515899783726976,0,3
7,425,43.43034338988113,Online,Electronics,DE,23.0,0.32769927238152524,0.22242486852734739,0,3
6106,112,6.749207623212853,ATM,Clothing,UK,18.0,0.1283823832838959,0.04743501110269381,0,3
2314,221,22.16928576584006,Online,Food,UK,12.0,0.03350170341423413,0.1372702308000176,0,3
7833,803,131.78775562156306,POS,Clothing,TR,16.0,0.11797238895605061,0.1296388874914126,0,3
8323,161,69.77423033804112,QR,Grocery,US,21.0,0.33179772128936486,0.1881243057801204,0,3
2609,924,28.281876731105363,ATM,Travel,UK,4.0,0.2910366589646998,0.25866442236485615,0,3
7319,426,47.430951190661666,ATM,Food,UK,19.0,0.21528094618872803,0.03845179960449717,0,3
761,61,240.65384815130818,POS,Travel,US,20.0,0.06651431785839061,0.5484509917504282,0,3
8418,344,41.46523309383487,POS,Food,US,22.0,0.1256257475307213,0.12134531784212085,0,3
2583,410,77.15282804834997,POS,Grocery,FR,22.0,0.050317538361640976,0.18609177211839803,0,3
7340,473,778.9272851765462,ATM,Grocery,DE,14.0,0.16438227047026707,0.322224202511272,0,3
4780,767,584.2942499208546,POS,Travel,US,20.0,0.108725272714717,0.6498208665409952,0,3
7527,674,27.406704854345357,Online,Grocery,TR,14.0,0.22871178802525374,0.17867155706820242,0,3
5919,594,448.57144210536217,Online,Travel,DE,19.0,0.2731907809463154,0.09502970590134809,0,3
4591,515,26.336820321993397,ATM,Grocery,TR,18.0,0.10422692043147702,0.16812232406677746,0,3
5850,784,45.74407972976574,Online,Grocery,FR,15.0,0.38538632957961283,0.11906741761150202,0,3
4254,823,39.9869157157467,Online,Clothing,DE,18.0,0.06738239019019697,0.06531300950120665,0,3
8760,897,956.5805999119142,ATM,Electronics,UK,12.0,0.43252354132450965,0.0359909959125462,0,3
6644,749,356.6598136519932,POS,Food,TR,21.0,0.05053943000344315,0.2214599964284725,0,3
4084,537,6.472004256003192,QR,Travel,UK,22.0,0.6163797572317791,0.1778096121653264,0,3
7673,244,31.08858731208027,Online,Travel,DE,7.0,0.17794003131653646,0.23446691525532598,0,3
6473,759,767.6010432425549,POS,Clothing,NG,20.0,0.8452914956241926,0.5077068518529632,1,3
725,370,9.281881084877675,QR,Clothing,US,23.0,0.23702845881540807,0.09525628728916649,0,3
1984,64,124.42922104505854,ATM,Travel,FR,0.0,0.3281317345405086,0.18259637764739836,0,3
5674,721,908.2569215215009,POS,Electronics,TR,16.0,0.1227851743652104,0.20210617890975832,1,3
6212,430,0.8807694901315859,POS,Travel,DE,22.0,0.21424811921597292,0.04263618773435067,0,3
9761,155,28.64513337178259,Online,Travel,UK,10.0,0.17490546672284016,0.16787998944343102,0,3
2063,909,20.23580435722146,ATM,Electronics,UK,15.0,0.13042066436646232,0.17496883372715677,0,3
6412,686,4.563050337199792,POS,Travel,US,22.0,0.5001258934268913,0.3184745720313856,0,3
7841,327,304.97369711161815,QR,Food,US,14.0,0.10911872261870842,0.26230569704291123,0,3
6193,236,35.31051305211617,ATM,Electronics,UK,16.0,0.1594310468345019,0.06294234929640774,0,3
9153,140,310.63747234605086,POS,Travel,TR,10.0,0.27238445244962706,0.10817605559205226,0,3
8340,619,397.01177378976325,Online,Grocery,UK,16.0,0.39833838965405777,0.7480865840981208,0,3
6674,259,372.82596019107314,POS,Grocery,TR,23.0,0.38517826844332315,0.04279198416356464,0,3
7715,4,297.67206514498747,ATM,Clothing,TR,17.0,0.1333059151038903,0.274614740319298,0,3
8283,944,330.2890721520025,Online,Grocery,FR,15.0,0.10556729268314276,0.20204629943606206,0,3
8299,513,403.42158766000347,ATM,Travel,FR,10.0,0.07181890799755442,0.2300926129280933,0,3
9607,95,449.2068889299946,ATM,Travel,US,9.0,0.09370537825828842,0.6887926366441252,0,3
2563,94,48.896665064617075,QR,Travel,US,20.0,0.028215541364129338,0.029074443629292512,0,3
5011,201,116.57222009730471,QR,Grocery,US,12.0,0.0936740371673664,0.16191113713671235,0,3
7763,860,191.59905484878377,Online,Grocery,UK,17.0,0.08687530067374483,0.1650775068474519,0,3
6848,381,105.2455861974903,ATM,Electronics,DE,16.0,0.13340326465534313,0.2149564272257104,0,3
3692,991,64.55439996503866,QR,Clothing,UK,19.0,0.07278238749282602,0.24548113961214946,0,3
1000,474,199.1246756467228,Online,Travel,US,16.0,0.11218103915538986,0.11531517988212567,0,3
633,902,110.55699769997734,POS,Clothing,TR,22.0,0.36728968729893496,0.18068152400030216,0,3
2745,366,72.0569976737562,Online,Travel,US,19.0,0.051437781821095624,0.33679617122001937,0,3
4327,615,51.161500619022505,ATM,Clothing,TR,11.0,0.09727604653828399,0.12497334147058317,0,3
7905,140,55.62674218886101,POS,Food,US,8.0,0.44154285262751375,0.14058809949158738,0,3
4455,64,536.0237127051184,POS,Food,US,6.0,0.36762988870790814,0.4401290966824295,1,3
7708,883,3.197874532071824,ATM,Food,DE,21.0,0.12470211115816558,0.03212557225288677,0,3
3534,809,88.3316162464891,POS,Clothing,DE,19.0,0.07863662401737508,0.24459063374799772,0,3
7900,258,408.6464624064577,QR,Food,DE,9.0,0.2743653003724329,0.5132067694789869,0,3
5052,899,141.1143244926309,POS,Travel,US,20.0,0.21758957265299927,0.13774795816831148,0,3
2067,134,67.80435867276093,ATM,Food,DE,16.0,0.16353158670500278,0.14811494792232782,0,3
7991,138,180.55504568300535,QR,Clothing,UK,8.0,0.17331577469899895,0.11079014840583618,0,3
2940,43,436.35179300862666,ATM,Clothing,DE,16.0,0.380907351146709,0.3506285801791217,0,3
4030,599,61.129094598531246,ATM,Travel,US,14.0,0.1980743002445146,0.3361958013170627,1,3
8539,377,51.12060420538574,ATM,Food,UK,19.0,0.08754694116070089,0.23289739957290712,0,3
6022,572,378.0075994466008,POS,Food,UK,7.0,0.0992643922347719,0.3533740588484161,0,3
4150,957,268.1850453460404,POS,Electronics,DE,17.0,0.22920998956598002,0.08908397633378144,0,3
9216,424,18.443808384474607,QR,Clothing,FR,16.0,0.038836881097386644,0.12719597955152284,0,3
2256,62,45.434004380153354,QR,Food,UK,3.0,0.24095519357279616,0.09670288698388803,0,3
6454,284,236.45345070946445,ATM,Food,FR,17.0,0.49935126549344666,0.19313653975112477,0,3
4425,338,151.5894408444921,ATM,Electronics,US,2.0,0.07058036792497338,0.04661014237955759,0,3
5222,620,42.31925290279737,ATM,Electronics,DE,22.0,0.14125351419128407,0.10020211992824196,0,3
2009,146,79.1351382569514,Online,Food,UK,10.0,0.15349798693249675,0.3030399195260133,0,3
8058,771,314.5262195224624,ATM,Clothing,DE,18.0,0.26296626805236883,0.1929991757233087,0,3
3683,681,184.89900526339554,POS,Grocery,DE,11.0,0.22947202376648684,0.0583987560171035,0,3
6820,848,27.199078089065004,ATM,Food,FR,23.0,0.21224218366177408,0.19368897368948249,0,3
9710,188,304.7454932775882,ATM,Electronics,DE,20.0,0.2854396853120401,0.12432084001323937,0,3
8456,89,397.79760155280576,POS,Clothing,DE,22.0,0.08186222407507376,0.07758440787519733,0,3
6365,635,154.90835604283342,ATM,Electronics,TR,12.0,0.2960368381587696,0.3464932684892639,0,3
5584,585,1.924940626500689,QR,Grocery,UK,21.0,0.10817019184029567,0.09049171289955579,0,3
6078,639,104.4464094536368,POS,Electronics,TR,12.0,0.2756363094509376,0.4039775595360916,0,3
8256,138,0.0,POS,Electronics,TR,20.0,0.12010337968404666,0.036013521197657286,0,3
1942,830,216.73377750488862,QR,Travel,UK,22.0,0.4042964464116836,0.5625493351740334,0,3
9483,438,84.39899916069571,Online,Food,UK,11.0,0.14445277305322335,0.17738963603929264,0,3
663,297,167.54069063334487,ATM,Clothing,FR,20.0,0.061516410349336054,0.09752173277089901,0,3
5452,461,19.907165128362692,Online,Food,FR,8.0,0.32058355680765543,0.23130896630430808,0,3
4071,208,255.68664825624927,QR,Grocery,US,19.0,0.5001468868589551,0.20003369357720147,0,3
4964,1,370.1148508251927,ATM,Grocery,US,7.0,0.11291575240081145,0.1533127397944387,0,3
3142,437,278.20646362043954,POS,Food,UK,22.0,0.7214343818542389,0.5288401055252758,0,3
9651,259,71.69359864345846,ATM,Travel,FR,12.0,0.15624359906456972,0.24848509294107096,0,3
2780,292,72.33011412852129,POS,Grocery,FR,19.0,0.17000505617867911,0.07038831990595729,0,3
7328,564,116.80824690930258,QR,Food,FR,3.0,0.10959239758856808,0.0516880436886955,0,3
972,373,145.3959173515973,Online,Electronics,FR,11.0,0.32998815915973434,0.13358023059539906,0,3
5963,614,111.88623679436161,Online,Grocery,DE,3.0,0.24737803712128306,0.035820221918343595,0,3
1615,452,9.753832836764802,POS,Clothing,US,7.0,0.24099104923464812,0.05701301333503692,0,3
6567,217,261.365847768161,QR,Clothing,FR,14.0,0.8627480113755029,0.3638341273643684,0,3
5385,794,88.88628425077269,POS,Travel,UK,20.0,0.3968557824055958,0.112847304524051,0,3
1116,216,326.2032870315156,Online,Electronics,DE,20.0,0.21613718006743618,0.07980844303446887,0,3
6034,540,450.9693821240735,Online,Electronics,TR,14.0,0.2112655896719968,0.14652558034947033,0,3
2733,564,9.420384330436715,QR,Electronics,US,19.0,0.03956937241735635,0.11238262978882753,0,3
6679,143,7.6005335780960035,POS,Clothing,TR,21.0,0.24166390064122764,0.11797991301346182,0,3
7380,70,10.526015081294936,Online,Electronics,UK,10.0,0.2986861836846051,0.277748011769663,0,3
9967,913,373.08835702244096,ATM,Grocery,UK,23.0,0.4753310484181241,0.6058371402154624,0,3
4057,607,81.34223855009962,QR,Electronics,TR,5.0,0.14143023523841586,0.04721467398526724,0,3
8201,531,120.33863924639276,Online,Grocery,US,21.0,0.6746277341223585,0.10063193446763646,0,3
6671,275,114.25861922032786,Online,Grocery,DE,17.0,0.20164422062644072,0.09460200592479741,0,3
1534,848,22.757421760534108,POS,Travel,FR,16.0,0.03667967801363367,0.11774653240435956,0,3
3539,377,1.6114569354940143,Online,Clothing,DE,23.0,0.12175492895962803,0.07633631668512458,0,3
3703,933,478.2757957672565,QR,Food,DE,21.0,0.305399755955713,0.1999449415349868,0,3
7151,881,23.30036409380589,POS,Travel,TR,18.0,0.162280540134508,0.06829170850369365,0,3
3102,880,144.86977460802703,ATM,Electronics,FR,20.0,0.2111802361337585,0.11364976277548039,0,3
822,304,287.0997677524881,ATM,Grocery,FR,23.0,0.031335053866844535,0.08723215750177109,0,3
8248,942,17.273184325508417,Online,Electronics,FR,2.0,0.03468516242694243,0.09160147532058921,0,3
6296,513,50.029253534646855,Online,Clothing,FR,18.0,0.11535946851897606,0.03847147309747244,0,3
1272,601,83.4728582430953,Online,Clothing,UK,17.0,0.23280270761248978,0.05898954851631634,0,3
335,252,0.0,Online,Electronics,FR,16.0,0.26628018380226787,0.33456498510908805,0,3
3473,975,140.29699679295805,POS,Grocery,UK,8.0,0.11695204586779849,0.352022356107558,0,3
4134,854,42.78965493097595,ATM,Food,US,4.0,0.1590972882477289,0.409379178308159,1,3
7317,460,28.264855833848454,Online,Electronics,TR,20.0,0.07244569574784399,0.1021847634307004,0,3
2507,202,128.68476327304342,POS,Clothing,UK,21.0,0.12227179152257914,0.0609257093968357,0,3
6738,585,136.84680199925384,ATM,Electronics,US,22.0,0.07082746386414542,0.07742131956070293,0,3
7416,725,421.7568021630609,QR,Clothing,FR,18.0,0.33511619662476333,0.38093074449809206,0,3
7025,124,69.97482202675928,ATM,Clothing,US,16.0,0.15213056947838274,0.1141215867309218,0,3
7078,463,9.635564255672275,QR,Electronics,FR,13.0,0.09781617634248949,0.33227306521630207,0,3
7511,481,117.45627406968977,POS,Electronics,FR,20.0,0.2167550798744406,0.15359795348571695,0,3
7979,264,51.0851737429011,Online,Travel,US,11.0,0.04257583827444231,0.2569351834183928,0,3
6295,767,228.1444185271744,ATM,Electronics,TR,13.0,0.8075487814489544,0.2903947548492711,0,3
8159,603,347.79871465599786,ATM,Clothing,TR,21.0,0.40876141994581516,0.14852388357494875,0,3
786,92,61.49428124075957,POS,Clothing,DE,22.0,0.1389070828847372,0.061014766667072826,0,3
5720,900,142.207996550029,QR,Grocery,DE,11.0,0.1586194132146811,0.18402491791943068,0,3
6033,2,83.38032634739608,ATM,Electronics,UK,8.0,0.20500989942407769,0.2714648004134951,0,3
7085,830,19.659763333153045,POS,Grocery,UK,9.0,0.05318953814260653,0.05985302045959067,0,3
9968,628,7.468679256553088,QR,Clothing,DE,17.0,0.20009806799879587,0.10990177052073816,0,3
7865,196,67.93996642000812,QR,Electronics,FR,16.0,0.15104626700766938,0.163079952502733,0,3
6200,782,351.555687544718,ATM,Electronics,UK,12.0,0.05813944871417677,0.2673018786208197,0,3
1533,211,633.6919975684082,Online,Clothing,US,12.0,0.5294976688011592,0.12846983366132084,0,3
1037,480,328.4955740380443,POS,Food,FR,22.0,0.427041962237954,0.22315709156361696,0,3
8016,481,131.46753220064613,Online,Travel,US,22.0,0.46498800803444357,0.31414411847593643,1,3
1839,330,10.683590730781098,Online,Travel,TR,17.0,0.1597913145942469,0.0830905084263391,0,3
1590,646,463.8935075992445,ATM,Grocery,TR,20.0,0.3355307109924307,0.3524902365844134,0,3
780,918,26.86990353910783,ATM,Food,US,21.0,0.13454893237821375,0.47312821761824336,0,3
2901,753,0.6149468094751458,QR,Electronics,US,8.0,0.12027751365589869,0.1447061955547718,0,3
8118,440,17.119369125465298,POS,Clothing,UK,14.0,0.06029055137130378,0.06632919976191737,0,3
5128,161,26.478844727437053,ATM,Clothing,UK,9.0,0.05656185855758576,0.34393840351215105,0,3
8444,951,414.9805051114162,QR,Clothing,DE,21.0,0.05721647398772382,0.2329114100451279,0,3
8408,514,519.6869658494265,ATM,Food,DE,14.0,0.26955113079364923,0.32890706436853523,0,3
1825,960,68.10620347495392,QR,Food,FR,22.0,0.2629418749744014,0.04438805894039277,0,3
2469,730,348.73022635123635,Online,Clothing,US,20.0,0.8676514260595505,0.13459374968878385,0,3
6649,804,15.841245279722974,POS,Electronics,FR,7.0,0.31931229118210924,0.08703756270776855,0,3
8556,537,184.96832289205702,POS,Food,FR,19.0,0.29505805805214846,0.3676175531182526,0,3
6384,228,39.69120884153797,ATM,Travel,FR,23.0,0.1576093929500198,0.20356990642395997,0,3
6369,20,252.82098779922785,POS,Clothing,UK,22.0,0.08877755443520344,0.21778861959409632,0,3
4823,272,428.9000108206174,POS,Travel,TR,23.0,0.2697352858834104,0.12581637818407707,0,3
4339,827,41.429513750114594,QR,Food,FR,18.0,0.26204504377322335,0.2721818982311382,0,3
5297,266,155.26648047695033,ATM,Clothing,TR,11.0,0.13074851899846884,0.13310814213797015,0,3
2647,951,48.9754095654948,ATM,Electronics,UK,7.0,0.7595405451158733,0.12220683898098364,0,3
9864,972,25.424220122523515,ATM,Food,US,16.0,0.4308214110360518,0.6230351169227222,0,3
9790,95,336.7617158261754,ATM,Clothing,FR,5.0,0.2602179278756767,0.33938606836672947,0,3
8595,760,50.04738513208626,QR,Grocery,FR,17.0,0.14435976343405288,0.33990772071201986,0,3
5823,657,17.806511375406537,QR,Grocery,FR,4.0,0.06167135802736041,0.08519303454855884,0,3
318,215,347.9677462135845,ATM,Travel,TR,20.0,0.17360641225857829,0.2368864476068094,0,3
438,752,199.82178332710075,QR,Electronics,TR,11.0,0.29607335031392995,0.2790593099945578,0,3
1723,432,6.566951097754865,POS,Food,UK,18.0,0.059594773857857206,0.05491074698561667,0,3
9423,113,311.2167213017851,QR,Grocery,US,22.0,0.36314264141413355,0.08094275195016082,0,3
8007,804,29.936631102054438,POS,Clothing,TR,15.0,0.02711305062372683,0.030343918555800122,0,3
4401,415,150.39834452700873,POS,Electronics,UK,21.0,0.2144049912409093,0.3395885890850001,0,3
3728,675,752.3245532613903,ATM,Food,UK,20.0,0.5062384231848686,0.3998606689133882,0,3
5625,849,202.21611019732623,QR,Food,US,2.0,0.3899260696097678,0.26192078499043037,0,3
5786,451,176.68522553310015,ATM,Travel,UK,6.0,0.6188773892991946,0.15923244761267713,0,3
1989,916,60.73300440529326,Online,Clothing,DE,7.0,0.2821346978187872,0.08467510344093217,0,3
5530,685,115.33628532363352,QR,Clothing,DE,20.0,0.5319977076686925,0.20637762537454726,0,3
276,63,105.12969556675927,ATM,Electronics,US,13.0,0.11865861842597178,0.23204762213829888,0,3
298,564,71.00841719086857,QR,Travel,TR,8.0,0.07822676331734266,0.07441242960346163,0,3
5058,641,12.367688539057408,Online,Grocery,FR,4.0,0.1508161953897605,0.4514816611630838,0,3
4608,723,10.623982903588844,QR,Electronics,FR,19.0,0.21529887532309042,0.16401572946762957,0,3
6443,438,275.37496883605917,QR,Travel,TR,3.0,0.5300841660647418,0.26207112751743233,0,3
930,806,31.437103178620085,POS,Food,UK,22.0,0.4871887664141757,0.2651639881045565,0,3
2735,654,5.834131314713931,ATM,Electronics,FR,10.0,0.07356778985576953,0.07051064576499635,0,3
6552,627,99.83117221501189,POS,Travel,DE,12.0,0.07228348247699463,0.14273831522366323,0,3
4426,498,295.00297969381023,POS,Electronics,UK,23.0,0.3642167063833805,0.07600654204419037,0,3
5813,984,72.18923921982716,QR,Food,TR,14.0,0.2559048438522345,0.4005343475010918,0,3
2505,539,39.67548215330861,ATM,Travel,FR,16.0,0.4602203777648292,0.0920223346753912,0,3
1998,712,428.283009974282,QR,Food,FR,5.0,0.22562109377709438,0.18157768101466823,0,3
3766,343,18.1139066557445,POS,Food,TR,15.0,0.05425755802842243,0.3085666266464984,0,3
3663,395,236.1542158219953,Online,Electronics,FR,15.0,0.35401156970754977,0.055532807631754,0,3
1155,445,17.47686022089688,Online,Travel,FR,22.0,0.03918958001002816,0.28155477139123164,0,3
5326,272,16.807455739976344,POS,Travel,TR,3.0,0.06147158439081456,0.1131930406629294,0,3
4660,980,521.698275648654,POS,Grocery,UK,19.0,0.09006873990377046,0.26469225920430595,0,3
3431,359,271.911927558921,ATM,Electronics,UK,13.0,0.3340283363009685,0.09455268611379593,0,3
7984,605,299.2627862726633,ATM,Grocery,FR,6.0,0.11636873736659685,0.19343139227999084,0,3
4315,626,56.5975892310006,ATM,Food,US,11.0,0.1923977066523052,0.05424494988457322,0,3
3306,422,99.56044966929167,ATM,Food,TR,19.0,0.20563148074105622,0.08388118535023478,0,3
6236,725,207.98037300255277,Online,Clothing,UK,10.0,0.34367017912205133,0.14937955534756878,0,3
1674,51,155.12814854819138,ATM,Food,FR,15.0,0.08630770650682915,0.16559682955045718,0,3
3999,186,47.089862770010946,QR,Electronics,UK,16.0,0.12324554579679511,0.2421611176009938,0,3
5772,613,78.62761456695142,POS,Electronics,TR,19.0,0.20414165844174437,0.06292699998531218,0,3
5520,92,96.83860874144561,ATM,Electronics,FR,15.0,0.33198870600727987,0.24992349184479482,0,3
8021,421,37.40138274591986,ATM,Grocery,UK,20.0,0.1143791370868518,0.2691157090048016,0,3
4239,385,12.78854808252842,ATM,Travel,DE,12.0,0.3408850775140297,0.28131758213799346,0,3
8453,923,181.40051481461853,ATM,Clothing,UK,17.0,0.177727593486291,0.18028220716393256,0,3
4384,904,43.81162707719132,QR,Grocery,UK,6.0,0.14159206901184526,0.05500347405275809,1,3
292,238,11.871266336092923,Online,Clothing,TR,20.0,0.2285533335470011,0.05568738473966643,0,3
9596,718,4.6016725369547595,QR,Food,FR,23.0,0.1523790156219958,0.1492594999701182,0,3
7949,381,33.112812960075146,QR,Travel,UK,22.0,0.29185460355365755,0.40553026871822223,0,3
9394,78,24.859712939107226,QR,Grocery,TR,20.0,0.14256509386502436,0.2534315251681474,0,3
3707,935,58.423184264264364,Online,Grocery,FR,15.0,0.4396912800945928,0.3341659540344417,0,3
7650,312,192.09112041774566,ATM,Grocery,US,20.0,0.21859007791872298,0.10051204366181568,0,3
2303,86,269.58482792894887,Online,Travel,US,18.0,0.5257606372692473,1.0,0,3
2575,115,232.96191976711452,Online,Clothing,DE,18.0,0.401677846255568,0.16551506038456776,0,3
9808,733,94.43290916718857,ATM,Travel,FR,14.0,0.20952245467313704,0.09081064609187726,0,3
5264,891,101.77999110561444,ATM,Travel,FR,8.0,0.1643997185499493,0.33157191243959183,0,3
1844,559,34.94467030213612,ATM,Food,UK,16.0,0.16129890603800182,0.1447191962546848,0,3
8074,961,5.518377455581206,POS,Grocery,TR,22.0,0.030088521182872842,0.04256709731432097,0,3
8480,6,410.2709532710327,QR,Travel,US,13.0,0.31737108004293463,0.49886747014982424,0,3
4133,893,146.97328178286568,POS,Travel,TR,14.0,0.18166719750419533,0.09237311689271431,0,3
4713,601,166.64438769276205,ATM,Travel,TR,18.0,0.4052188094724827,0.10665250651803859,0,3
5886,68,86.28850506219527,ATM,Travel,US,12.0,0.18231906491570604,0.13656931739372466,0,3
9618,726,63.712958475068305,Online,Food,FR,20.0,0.44306343006976157,0.3495192221287083,0,3
126,556,402.79982604086973,Online,Electronics,US,11.0,0.15490097742794612,0.2693684071249827,0,3
7308,692,456.09037209634096,Online,Grocery,US,15.0,0.07872039119739974,0.06380018980016813,0,3
2594,268,267.9983135175654,POS,Travel,DE,15.0,0.20446799140281122,0.10503632194743982,0,3
2212,321,328.3760630633037,POS,Grocery,US,14.0,0.731103037429084,0.49085022337507467,0,3
6910,889,212.26273642547886,QR,Clothing,FR,20.0,0.18340080715678636,0.14251261048504898,0,3
8970,225,385.64045404417055,POS,Clothing,DE,23.0,0.0320082283100839,0.08527866197399923,0,3
1358,162,293.1354233127571,POS,Travel,DE,21.0,0.10756029187385466,0.38392224130163144,0,3
2330,545,241.32821610947326,POS,Grocery,TR,13.0,0.052019447884344455,0.07937327893714526,0,3
3956,96,9.214723232008097,POS,Grocery,UK,23.0,0.17530800510680583,0.26501014510359105,0,3
906,380,146.05675460189056,ATM,Travel,US,4.0,0.43866835474479393,0.32692070098428416,0,3
9561,746,78.72146217020432,Online,Clothing,US,10.0,0.16358968535142226,0.13360877368938165,0,3
9043,200,53.42835257986955,POS,Clothing,UK,19.0,0.07049169872755529,0.12298763394762502,0,3
6328,716,53.25887646984235,ATM,Grocery,UK,5.0,0.6072378870627319,0.1623356757332551,0,3
4835,575,172.7506157263151,Online,Food,US,18.0,0.24247038597332085,0.11889542253578474,1,3
3088,716,114.42499536220176,QR,Food,DE,3.0,0.05406100029734598,0.15155997357601014,0,3
973,958,354.90388264222736,POS,Food,DE,5.0,0.027703096829434715,0.07220577292573971,0,3
9661,693,525.0851927528892,POS,Clothing,FR,6.0,0.15196196656187722,0.02962893225210846,0,3
2632,185,12.264890853714144,Online,Clothing,DE,12.0,0.09664508338638478,0.03860962109675104,0,3
8894,391,105.21095031009285,QR,Food,UK,19.0,0.06942929189820746,0.142579565383663,0,3
5692,240,370.7346397627657,ATM,Electronics,TR,21.0,0.16679150198291218,0.12373581658557224,0,3
9848,671,79.4567121706951,ATM,Electronics,US,12.0,0.24410902541415716,0.21934117685261872,0,3
4090,775,81.94429920663366,ATM,Electronics,US,15.0,0.10924323661975953,0.36639564982770395,0,3
6020,825,199.03287592754555,ATM,Electronics,DE,20.0,0.09757065571771967,0.25083900188534386,0,3
308,885,9.807159952704167,QR,Grocery,FR,22.0,0.035624986799757806,0.12819759975827888,0,3
8140,529,213.1722774552586,QR,Travel,DE,21.0,0.32422652874118413,0.09922436682014017,0,3
4534,966,317.9972162223479,Online,Electronics,US,8.0,0.13850711675530972,0.21476304310767746,0,3
679,997,476.34480121021807,QR,Clothing,TR,22.0,0.09481941686886414,0.3932916702418652,0,3
1170,420,86.19137251430834,POS,Food,TR,20.0,0.5350668122386479,0.22759427908259336,1,3
8743,339,51.61673143476786,QR,Electronics,TR,17.0,0.03224008501367277,0.2595245986150858,0,3
3767,323,17.420633769875757,ATM,Electronics,TR,21.0,0.05002970927867073,0.025330978219521752,0,3
1721,507,65.57512336265572,Online,Grocery,US,21.0,0.08459602777361289,0.032339835591963934,0,3
5617,935,881.1595903563347,POS,Food,UK,20.0,0.2848144877426398,0.2748017318458304,0,3
1386,453,0.0,Online,Clothing,FR,12.0,0.0770620908575711,0.059153141121551914,0,3
8752,531,50.5952798070495,ATM,Clothing,DE,20.0,0.3106724351394817,0.03918340779960302,0,3
7535,731,15.038084808047419,POS,Clothing,UK,13.0,0.11004171845152799,0.21409551596270332,0,3
5827,932,112.66169367667334,QR,Grocery,FR,8.0,0.1807776611179876,0.4106146885755266,0,3
3910,227,9.660105235950107,ATM,Clothing,TR,18.0,0.03258245108955724,0.09532782199241085,0,3
2761,702,525.593810226427,Online,Electronics,DE,10.0,0.11128777741222513,0.1355849292430408,0,3
2969,921,12.365805793459458,Online,Electronics,FR,8.0,0.032571295550150973,0.04791052958263254,0,3
4013,363,92.94015475079166,QR,Grocery,TR,22.0,0.04686861972614835,0.34834813089401195,0,3
5413,380,248.33477705726216,Online,Grocery,UK,12.0,0.4323883560349208,0.34441685816866824,0,3
4240,738,665.1725209119653,QR,Grocery,NG,21.0,0.05874101287235456,0.04773979561564623,0,3
3705,658,183.99447473948672,Online,Food,FR,17.0,0.28886717465441863,0.16838705670565088,0,3
3658,537,16.87553923700957,QR,Grocery,TR,19.0,0.09428445428866128,0.1257322721959941,0,3
9905,258,634.9778855934132,POS,Travel,TR,4.0,0.11291932962970663,0.2307806833433851,0,3
320,248,173.02566742812726,QR,Grocery,TR,18.0,0.12427955804215766,0.32876214617940347,0,3
415,800,151.00626869677026,QR,Clothing,US,23.0,0.2561409054249158,0.4249601381909845,0,3
4236,273,218.8583617011606,ATM,Clothing,TR,3.0,0.2468824974793185,0.12650155602672028,0,3
1105,339,44.64793469711659,Online,Clothing,DE,13.0,0.1848511039857825,0.06662035315154276,0,3
2844,323,48.699538440796786,QR,Grocery,UK,12.0,0.4144137600357401,0.07780827358448845,0,3
4895,813,97.59339272703393,Online,Clothing,US,11.0,0.26482139134764654,0.0694520209762373,0,3
7279,741,61.846227283442985,QR,Electronics,US,20.0,0.4368204587777305,0.06072054431890039,0,3
7711,403,33.91703729462714,POS,Food,TR,16.0,0.04159239671633998,0.14339948823599996,0,3
3725,980,7.851084333752903,Online,Clothing,DE,22.0,0.04580091844819263,0.06613123651004996,0,3
1164,636,52.67555669870335,POS,Grocery,UK,15.0,0.19264033820627915,0.15585739442840524,0,3
1157,762,14.51993676212542,ATM,Travel,FR,6.0,0.16404113317466956,0.10587136293427321,0,3
2429,421,225.98106260781844,QR,Grocery,TR,15.0,0.5757183328531993,0.06787069869865285,1,3
5712,638,181.02304901537462,Online,Travel,UK,18.0,0.21137464896788305,0.10718218799513868,0,3
2336,500,118.16587297555077,POS,Travel,UK,14.0,0.12867053968431655,0.04982544260420503,0,3
8787,648,56.99912793337079,QR,Electronics,DE,8.0,0.15632541069206773,0.20229378765150866,0,3
738,680,191.24079081363323,Online,Clothing,UK,10.0,0.23751261595059486,0.03356624661477858,0,3
1401,760,7.834617274029123,QR,Clothing,TR,11.0,0.060916374479673754,0.16017502915073736,0,3
8208,142,544.0049956038006,QR,Electronics,US,7.0,0.13363824126894994,0.6665051504212326,0,3
6599,420,64.20865660064771,ATM,Clothing,US,10.0,0.08143143765733804,0.10187914515640226,0,3
3166,812,419.8252680205533,POS,Food,TR,20.0,0.08639221779043518,0.13076520486976806,0,3
6552,173,132.96353162656655,ATM,Electronics,DE,9.0,0.20909739621285453,0.3763813701447305,0,3
8183,0,452.2326556532171,POS,Grocery,NG,10.0,0.16653270186272004,0.08312778688901265,0,3
4494,169,31.708276773276786,QR,Food,TR,9.0,0.04040138257634475,0.1637197922935106,0,3
726,930,0.0,POS,Clothing,US,20.0,0.03532300643804705,0.03861511825188219,0,3
4595,868,9.655484484540507,Online,Grocery,FR,12.0,0.08387983659244164,0.31749697117500103,0,3
3335,251,109.34314247971508,POS,Electronics,FR,3.0,0.12050308661566428,0.27771761555176794,0,3
1329,640,565.6109902037379,Online,Clothing,UK,16.0,0.3581203197674423,0.2970750654526311,0,3
9545,832,36.081870100750365,POS,Travel,US,8.0,0.06059215729812954,0.3614242494562526,0,3
8319,599,82.0399985715901,POS,Electronics,DE,18.0,0.15790812806050714,0.12147913466958539,0,3
3559,753,137.93009039187064,ATM,Electronics,TR,20.0,0.33651177723790476,0.18684203712688197,0,3
6575,657,89.0140582858627,QR,Travel,UK,8.0,0.40384658623131453,0.13500290320641511,0,3
7053,438,145.92528624813536,Online,Food,TR,9.0,0.19998725520755994,0.11826522304274073,0,3
2040,129,335.75506086633527,POS,Food,NG,17.0,0.23533129137716985,0.26174569876349796,0,3
8119,987,37.57936831830333,ATM,Grocery,FR,9.0,0.1115941576052585,0.20868284999539796,0,3
9059,842,269.95604039538813,QR,Clothing,TR,21.0,0.4321260407269595,0.2732296526357486,0,3
2081,722,323.58887704465326,POS,Food,US,19.0,0.04943766804882474,0.5962787059492096,0,3
8715,629,95.78000086654468,Online,Travel,DE,13.0,0.09303986927376297,0.24092248400472832,0,3
9650,520,190.73125647239203,QR,Electronics,FR,7.0,0.11311784504118566,0.07049104973760616,0,3
4833,220,528.9010070724927,Online,Electronics,TR,22.0,0.14879510958155262,0.10798335939172879,0,3
1949,886,37.530475764549635,POS,Food,FR,15.0,0.1544648299818326,0.3376304159792102,0,3
2796,266,163.2148178246965,Online,Electronics,TR,8.0,0.3177564340798506,0.22495914981888349,0,3
6402,656,254.1128561648665,Online,Clothing,US,21.0,0.21923867494518878,0.22938360688941645,0,3
9310,600,38.16441362645922,POS,Travel,FR,12.0,0.36723159645781817,0.17219027939944098,0,3
4155,393,71.66052793767955,ATM,Electronics,TR,18.0,0.339479944213108,0.11909598939987315,0,3
2671,359,297.17496606452323,QR,Electronics,FR,11.0,0.14783705463945845,0.07584640086541557,0,3
9917,883,92.57203724306518,QR,Travel,US,13.0,0.29810343169448855,0.4274495460248694,0,3
559,915,146.98182671355065,ATM,Food,UK,13.0,0.03843553962271465,0.1631174881141971,0,3
6178,162,91.02039222547081,POS,Electronics,US,15.0,0.13236283535924492,0.027706190371600707,0,3
7338,95,219.07707173433855,ATM,Food,DE,7.0,0.09360272000988179,0.14161321067948773,0,3
8902,318,122.76001098366537,QR,Food,TR,14.0,0.17879435011116357,0.24013716530045057,0,3
7378,386,28.264148299209964,ATM,Electronics,US,19.0,0.1598532872324859,0.25848690283111925,0,3
4267,896,1.6249619630585599,QR,Travel,UK,21.0,0.0571624061517384,0.1848656341592484,0,3
9977,680,62.85081000885443,ATM,Travel,DE,20.0,0.26320387427327074,0.1759766419874261,0,3
5677,252,0.0,Online,Electronics,US,10.0,0.08158559457839058,0.3163089392129442,0,3
6665,686,12.786190714318039,QR,Grocery,FR,12.0,0.03101870812893338,0.1271902540538204,0,3
5585,802,567.0280014027389,ATM,Food,FR,12.0,0.1958261253960513,0.17620668520903232,0,3
8770,663,75.080026880859,ATM,Clothing,UK,18.0,0.10186602013244937,0.09476545262539825,0,3
2296,711,243.28865809655832,ATM,Clothing,US,21.0,0.055603192639411866,0.3919271857045133,0,3
6372,794,0.26813040816915734,ATM,Grocery,DE,11.0,0.23016133628572255,0.17287760844138853,0,3
6156,550,7.545996532179421,QR,Electronics,US,3.0,0.08563732715713214,0.11200859416895488,0,3
6861,732,35.10770063207265,ATM,Travel,TR,13.0,0.08938945154067299,0.10441810838861006,0,3
6486,988,50.523539886359046,POS,Grocery,TR,23.0,0.5112185105116959,0.053314459633874225,0,3
1400,543,216.86909601619266,ATM,Travel,DE,17.0,0.27588292383717633,0.46255863403992226,0,3
200,234,503.885362380183,POS,Food,US,23.0,0.1853653629860315,0.2402314041947901,0,3
5142,149,129.04551020456088,ATM,Food,FR,18.0,0.08553417091960158,0.028800824794339017,0,3
6185,633,4.879653100685419,QR,Electronics,TR,15.0,0.10669642957256534,0.22649124401529497,0,3
1840,851,25.596091934207095,POS,Grocery,TR,12.0,0.1375653382906877,0.04466762894084254,0,3
1002,688,188.13453067905445,ATM,Grocery,FR,9.0,0.06993277944573549,0.10731661917722198,0,3
4874,100,62.060864906409805,QR,Food,DE,6.0,0.1491468309392083,0.1562804165897779,0,3
3524,838,536.6582131781761,POS,Electronics,UK,20.0,0.17399114050959513,0.24939928010235954,0,3
2961,312,211.07417645169198,POS,Food,FR,22.0,0.3832223987363804,0.28392456694196244,1,3
8856,194,8.519624769970807,Online,Clothing,FR,11.0,0.20531536153614582,0.15669261946274649,0,3
1218,953,276.2921772795622,ATM,Travel,US,17.0,0.2520094497168913,0.282270742329853,0,3
4746,131,244.50471989679008,POS,Grocery,US,13.0,0.1518591734082569,0.58797886424803,0,3
4579,211,79.66262513282682,QR,Food,DE,21.0,0.33745249930238547,0.3537380322224983,1,3
8451,46,97.98792107623402,QR,Travel,TR,11.0,0.2087299321768088,0.18347853580853185,0,3
3086,584,144.61225802145154,ATM,Food,US,4.0,0.14587857856514969,0.10091923317192716,0,3
5992,645,2.8471866250652136,ATM,Grocery,DE,20.0,0.18337768984774128,0.044280702696533274,0,3
3378,266,62.44910399718118,QR,Food,UK,20.0,0.23889902888087672,0.4677390570395191,0,3
7303,318,0.0,Online,Grocery,US,20.0,0.02837916378876007,0.02532311129636512,0,3
5982,944,379.6330365298364,Online,Electronics,US,12.0,0.18456870188020458,0.09200343236163377,0,3
9386,235,1100.838241772206,ATM,Clothing,US,12.0,0.1444204992175667,0.34615022371185095,0,3
9304,865,567.819868946061,QR,Grocery,UK,21.0,0.18029109007086844,0.3272398843526678,0,3
8315,236,262.8510750659291,Online,Clothing,UK,6.0,0.11872861702546025,0.4001964221549597,0,3
1461,153,180.69887927220645,QR,Clothing,TR,7.0,0.15028814953299724,0.22780571132039917,1,3
400,282,181.37049324905755,ATM,Clothing,FR,8.0,0.11455460368342331,0.07151991206344203,0,3
2636,969,217.62803404315767,Online,Grocery,US,1.0,0.23226827263235272,0.06769274196011073,0,3
5072,648,264.1668963009141,POS,Clothing,FR,22.0,0.2251902030605908,0.10219227651855432,0,3
8156,224,227.18032593761458,Online,Grocery,DE,23.0,0.508641612669477,0.26799869085084144,0,3
6642,385,314.39861945373224,POS,Electronics,TR,20.0,0.21799828869885318,0.22437710351873644,0,3
3145,235,22.702689871246164,ATM,Travel,DE,15.0,0.08570915912153845,0.26697503391197347,0,3
8997,242,154.94604527297838,POS,Grocery,TR,13.0,0.15907365266004042,0.14188808172377196,0,3
9566,718,95.60712262518057,QR,Travel,FR,3.0,0.18580244804006416,0.14277904975898403,0,3
6747,725,28.58329324699277,ATM,Food,US,21.0,0.1450457245217518,0.19655549860689503,0,3
5550,737,64.38132649264077,POS,Electronics,UK,5.0,0.1193427426726087,0.050540639786524524,0,3
4064,636,0.0,Online,Grocery,FR,21.0,0.1066295861433359,0.1169408589070356,0,3
9458,825,46.07395321714945,QR,Clothing,DE,20.0,0.0636916553301646,0.13325309347267142,0,3
6581,572,174.94208593492505,ATM,Grocery,TR,20.0,0.24728412435660208,0.20094811565195103,0,3
7284,562,56.767264451494526,QR,Food,DE,23.0,0.14620324621412145,0.13984622439324107,0,3
8925,826,44.89249246808249,QR,Clothing,DE,21.0,0.15094406520029538,0.07795326343159598,0,3
2626,433,272.91960301990423,POS,Clothing,US,14.0,0.5284068836391637,0.08084696398629207,0,3
8312,208,418.40696996080277,ATM,Clothing,US,18.0,0.3412852458023986,0.20260668255701483,0,3
4076,793,724.7300503238295,ATM,Clothing,DE,8.0,0.974337082906457,0.3391378605096077,1,3
9471,782,2.3330332176356032,QR,Travel,NG,14.0,0.30006759474227074,0.1531000086002547,0,3
392,816,265.44564668160814,POS,Travel,UK,17.0,0.09088945409176977,0.033088237500589354,0,3
2530,993,25.074425778281867,ATM,Travel,US,13.0,0.14050195400941293,0.16434288509486972,0,3
3670,154,29.90404344152814,ATM,Electronics,US,10.0,0.2225936903779172,0.28370647713384856,0,3
2544,388,124.78955679545301,Online,Clothing,UK,20.0,0.25846760692889614,0.36324229088796406,0,3
6157,216,107.41671256100356,POS,Clothing,FR,9.0,0.12197381570231454,0.4103714829911581,0,3
7052,185,138.54554417797377,ATM,Grocery,FR,16.0,0.20083040241775627,0.2738820627271298,0,3
8732,727,28.2717223330464,ATM,Clothing,TR,12.0,0.23318520758950728,0.13253638565360207,1,3
8596,489,303.76391942746295,POS,Food,UK,16.0,0.15137355714057282,0.18708099490668584,0,3
8392,283,100.92072760074949,Online,Electronics,US,20.0,0.11620166580982465,0.1305313217110389,0,3
6890,668,447.6499137842292,POS,Food,FR,20.0,0.4778668394290377,0.43250899175455626,0,3
5989,382,168.95414668517395,Online,Food,FR,23.0,0.305932835222945,0.5688095021911832,0,3
5487,561,51.44818021473364,ATM,Food,FR,9.0,0.03115240447875179,0.03492901882676553,0,3
4154,865,4.3223578206437425,QR,Grocery,FR,5.0,0.6401667891932625,0.14875486051245557,0,3
1965,831,42.10814550266673,Online,Travel,DE,11.0,0.292184405916446,0.24375045995611988,0,3
6812,507,136.17373606763195,POS,Travel,FR,21.0,0.21668484236997848,0.0801038147833106,0,3
40,760,122.00511713848266,POS,Grocery,US,7.0,0.18252687925598643,0.31201526828105536,0,3
3665,911,235.27776833327425,QR,Clothing,US,10.0,0.28419809287317527,0.18220223471053473,0,3
3011,181,193.31065093108884,Online,Grocery,DE,10.0,0.16773249481759814,0.11971347820042208,0,3
7954,946,178.18731373265726,Online,Grocery,DE,2.0,0.14156676722239173,0.053717724523759475,0,3
2799,701,302.05707226530257,POS,Travel,TR,18.0,0.09792268855859235,0.12231470116833733,1,3
1685,678,520.494316197235,QR,Clothing,TR,20.0,0.22943275424040435,0.24594726301032055,0,3
2966,891,141.98706678814722,QR,Electronics,NG,11.0,0.19798673116600296,0.15301346938119786,0,3
5741,25,35.81595212306356,Online,Food,TR,23.0,0.14567766358226358,0.3241842063058363,0,3
8995,12,805.4242895381785,ATM,Grocery,UK,19.0,0.3166542408933336,0.1045937959703987,0,3
5045,449,9.89337787465624,ATM,Grocery,UK,20.0,0.1349326814373064,0.5175049690133178,1,3
840,627,303.7314650245833,ATM,Travel,DE,20.0,0.3092126168608081,0.11842912573367559,0,3
963,984,63.067172201502245,Online,Travel,UK,20.0,0.14139154666216813,0.0851405706389506,0,3
9319,395,91.92110890748467,POS,Electronics,TR,19.0,0.35703083348434234,0.16862055892626968,0,3
3748,318,167.47098796491716,QR,Grocery,FR,4.0,0.2482312778988198,0.2809033029283234,0,3
3818,83,12.873985044762053,ATM,Travel,US,11.0,0.17490530267600018,0.2850211464019476,0,3
3427,363,77.23491699232264,QR,Clothing,NG,19.0,0.3343591799690795,0.554018514385482,0,3
2133,689,52.13220198716968,Online,Electronics,US,15.0,0.10618474709593585,0.2057294042311043,0,3
5165,157,26.303123264463537,QR,Electronics,US,19.0,0.10542687552005207,0.16397992549935742,0,3
5092,334,175.64847896477343,Online,Grocery,FR,18.0,0.21684806981594076,0.24539144564099055,0,3
9044,875,945.8065858023251,QR,Electronics,UK,21.0,0.3895440094964083,0.42707373727317555,0,3
1963,540,53.876364498235944,Online,Travel,US,14.0,0.17230401605795737,0.3919403716575613,0,3
1241,798,55.40320148077914,Online,Food,TR,23.0,0.05139016481020943,0.05728453657523877,0,3
6190,746,124.30821433853053,Online,Food,UK,18.0,0.27645396547011136,0.5113627174894345,0,3
5096,644,10.030066570837207,ATM,Grocery,UK,15.0,0.15314720100045823,0.18450413341379623,0,3
3034,707,186.52986302985957,QR,Clothing,US,22.0,0.2413070373450844,0.06394763151580543,0,3
9695,291,9.373834574136579,QR,Travel,DE,9.0,0.17766967692894642,0.3758142512969407,0,3
7402,51,85.26352904366657,QR,Electronics,FR,14.0,0.38687762440021467,0.21789255633868534,0,3
6471,713,84.76078027852418,ATM,Clothing,FR,20.0,0.3119090845430391,0.07900508759439251,0,3
670,463,40.225954229123076,ATM,Electronics,FR,23.0,0.09166474412186265,0.03390678200791249,0,3
4375,403,87.5055844091978,ATM,Food,US,15.0,0.1459314412015402,0.2416554637386549,0,3
5204,155,9.722107355681288,ATM,Electronics,FR,16.0,0.21065460620694748,0.13052850067779576,0,3
1485,180,177.45461507278333,POS,Clothing,DE,2.0,0.12691232431890567,0.13704148259723764,0,3
8805,830,0.053610058114216486,QR,Food,UK,15.0,0.22944140518101203,0.11928990184197066,0,3
9464,74,125.14683811429447,ATM,Clothing,TR,22.0,0.1968011414284015,0.25859971930662623,0,3
5727,50,6.449654766206772,POS,Electronics,FR,13.0,0.20680048447036073,0.07165168140400105,0,3
2458,494,32.9197016351594,POS,Clothing,UK,22.0,0.09657030513123825,0.12331855302970278,0,3
6043,743,330.1987488921081,POS,Food,FR,20.0,0.1922656699328686,0.12438668296960262,0,3
3335,987,151.54736280549588,QR,Travel,UK,19.0,0.08768016870204236,0.11806318788372033,1,3
9494,368,28.42079078233391,Online,Food,DE,20.0,0.12008558982676679,0.10526448062154203,0,3
9782,507,287.4436175419809,ATM,Grocery,DE,15.0,0.12970542599033547,0.1090043584155942,0,3
163,388,357.5546553861392,POS,Food,US,14.0,0.13607484288384644,0.2889934941287063,0,3
9845,522,119.89055238399567,QR,Food,DE,14.0,0.17735130677373864,0.10804226401780648,0,3
770,630,152.881648932128,Online,Grocery,US,18.0,0.03230150186129452,0.21680675105023392,0,3
7173,657,75.87913115726279,POS,Electronics,US,19.0,0.11044735835782495,0.12921117132530893,0,3
3046,797,50.673936910457265,Online,Clothing,US,11.0,0.23144231149599037,0.22805722972367962,0,3
4040,198,144.92177214534354,QR,Clothing,FR,13.0,0.1214704805656305,0.396304777330441,0,3
208,282,414.05961804369366,QR,Travel,UK,22.0,0.33861701778950903,0.10171402262943263,0,3
9777,286,151.49240739164426,QR,Food,TR,8.0,0.09191923672878191,0.10736215648878208,0,3
9871,609,21.029531759873013,ATM,Electronics,DE,16.0,0.11645626153705382,0.08842517345758118,0,3
5963,114,10.870691845995673,ATM,Electronics,FR,23.0,0.08302981882302726,0.0856582073500522,0,3
8839,833,86.98151126717198,ATM,Clothing,US,18.0,0.040018586612589314,0.05438330115852351,0,3
545,297,230.64325474919568,ATM,Travel,TR,11.0,0.10376037273812805,0.46025139750817146,0,3
6771,534,102.17695968550032,POS,Electronics,DE,16.0,0.22012819532061856,0.15251467435141533,0,3
7409,941,0.0,ATM,Travel,UK,14.0,0.0730746632870667,0.1424374084069703,0,3
7995,590,38.15491169121557,POS,Electronics,UK,15.0,0.23904332481050672,0.08129892655465915,0,3
2612,156,1.8595780810687739,ATM,Food,TR,23.0,0.21016979336830865,0.4419822386327234,0,3
301,731,99.68547171462164,QR,Grocery,FR,4.0,0.23525884489873686,0.5658805763311983,0,3
866,7,128.9431203147121,ATM,Grocery,TR,22.0,0.18792079935016076,0.14271375101785144,0,3
547,857,42.731136711765316,QR,Grocery,US,13.0,0.05842445834340487,0.057061412861920374,0,3
7112,988,43.8162608281841,Online,Electronics,TR,13.0,0.1929793958290184,0.14219992026711856,0,3
5839,528,621.4584503279965,Online,Clothing,DE,13.0,0.5173823550524599,0.9390007354435419,1,3
3400,53,14.183140503719477,Online,Grocery,FR,21.0,0.1557839816203926,0.06570658377154588,1,3
8757,186,169.6170838895039,ATM,Grocery,UK,23.0,0.17639806748243742,0.32521149006073735,0,3
9011,150,6.214663084393714,POS,Electronics,DE,11.0,0.12731730646336914,0.4179711706031719,0,3
6727,611,14.483373238219258,Online,Grocery,US,16.0,0.050700329083391546,0.10366558287524866,0,3
740,949,657.434676464794,Online,Electronics,UK,22.0,0.10177792521243861,0.3701230829835645,0,3
9294,886,23.151778348154664,Online,Electronics,US,22.0,0.09321499350983833,0.4110945837301924,0,3
8449,392,28.772150521226678,POS,Food,TR,19.0,0.07091760308023623,0.1521314477592496,0,3
861,75,17.100496038491872,POS,Grocery,UK,19.0,0.04324218548784931,0.05163616360854456,0,3
8070,551,244.47344383804364,ATM,Grocery,FR,22.0,0.10893445524249001,0.2268964721559401,0,3
3553,787,391.4321945722391,Online,Electronics,UK,12.0,0.13694221151115413,0.11393921865762498,0,3
6613,160,294.4199154378772,Online,Electronics,DE,10.0,0.046354799624990624,0.3171134534570868,0,3
6922,849,104.24044211106145,ATM,Travel,TR,18.0,0.38461795263814663,0.14501473095694267,0,3
1104,651,323.83579963535243,QR,Travel,DE,9.0,0.0369001603417006,0.15980090354468318,0,3
147,13,85.71347515812857,ATM,Food,US,23.0,0.08147113560731611,0.07687960552168174,0,3
2046,693,234.06508677747627,ATM,Grocery,DE,20.0,0.2480259700102603,0.18082239124207583,0,3
217,838,174.24676353638327,QR,Travel,UK,18.0,0.29405320044021876,0.12956057364684564,0,3
6681,40,20.444772893895752,QR,Travel,TR,21.0,0.12035153145007679,0.05473680688475179,0,3
229,402,135.79146792727488,Online,Electronics,TR,22.0,0.03385355601727827,0.15266157891088716,0,3
622,123,36.36383677285534,ATM,Clothing,FR,13.0,0.07658656361466075,0.20445795663683464,0,3
6294,27,164.4115163431905,ATM,Electronics,DE,18.0,0.11567055542795462,0.3512892042551571,0,3
2760,573,57.37730273629983,QR,Travel,FR,22.0,0.054678299639488115,0.11009714322970435,0,3
728,969,70.9223072545051,QR,Travel,FR,22.0,0.41090808836706516,0.5173412017032247,0,3
4208,508,49.11778233792784,QR,Food,DE,19.0,0.24548912169589338,0.09788928285811073,0,3
2098,588,28.177515929944345,QR,Electronics,US,10.0,0.05942092662293115,0.1977289038697133,0,3
2805,420,470.3705019048514,ATM,Grocery,US,14.0,0.7466151297721728,0.06416794630101118,0,3
8180,494,13.952282234983358,Online,Grocery,US,23.0,0.11819944137923738,0.046381617513520074,0,3
5351,573,5.008020244818066,POS,Electronics,TR,12.0,0.23453568382759513,0.1830007641877706,0,3
6669,60,0.42349863782435193,ATM,Electronics,UK,21.0,0.13508257756402423,0.05287668511983708,0,3
4059,421,49.177936334598535,ATM,Travel,TR,19.0,0.049890201763990547,0.18521578584174375,0,3
1097,807,3.925133028171806,ATM,Food,UK,9.0,0.21707752388897225,0.2736879881561895,0,3
2380,6,33.25090930591651,QR,Clothing,TR,18.0,0.07438000833578304,0.1997972365700612,0,3
3810,790,269.962848195688,ATM,Electronics,TR,18.0,0.2390856243881189,0.18236539561468362,0,3
6839,26,416.81839408143065,Online,Travel,UK,14.0,0.1424798647735119,0.05491612346045846,0,3
2526,121,38.559642022673565,QR,Food,FR,21.0,0.22333176976086297,0.05166532711381869,0,3
8027,657,194.0065914299916,POS,Grocery,DE,22.0,0.1254479635439888,0.37451234262108796,0,3
7296,912,311.3171597100778,QR,Grocery,US,22.0,0.11588414596275201,0.14136738796353895,0,3
7173,800,233.2931157734733,Online,Grocery,TR,7.0,0.08718389027203516,0.03561883023685794,0,3
7978,393,111.62130114524624,ATM,Travel,FR,13.0,0.2268184900000314,0.11059353683382842,1,3
5501,657,118.48972955628098,POS,Clothing,US,22.0,0.4349868094373551,0.07747240340810128,0,3
5136,851,209.747993179996,ATM,Grocery,TR,18.0,0.06207583079180083,0.033454591136942186,0,3
3081,224,31.832971580601527,POS,Clothing,FR,12.0,0.1379617558410218,0.26860621627190995,0,3
1851,263,10.130956748066339,POS,Grocery,DE,13.0,0.08306942502932507,0.1313906588210571,0,3
757,681,129.12249739092542,POS,Food,US,16.0,0.19053018525889615,0.18682888854073973,0,3
2205,953,84.12115331504285,ATM,Electronics,UK,8.0,0.16575081425736893,0.13834291853326633,0,3
7523,411,1.3440779536869103,ATM,Travel,FR,21.0,0.05969737885672739,0.09087213196618937,0,3
5664,949,71.61504670443107,QR,Food,NG,20.0,0.40352051295078445,0.2516094541529988,0,3
2835,104,161.81365664260483,ATM,Travel,TR,15.0,0.11833622015818074,0.12709167857708326,0,3
9890,87,89.52808039666131,QR,Electronics,DE,20.0,0.16321496677648203,0.3740782841785111,1,3
7964,320,128.9356302133475,Online,Clothing,TR,4.0,0.41803256358971597,0.35806321672696384,0,3
1441,993,168.3153749003947,POS,Food,FR,7.0,0.16717782934588457,0.42328731052967666,0,3
2001,869,16.832213450670686,ATM,Grocery,TR,15.0,0.1392646663660477,0.12069204898065843,0,3
6384,153,21.28012337520523,ATM,Grocery,FR,16.0,0.05810211627256887,0.0869159636471038,0,3
4026,92,424.21496529102825,Online,Travel,UK,17.0,0.6638499465829818,0.30825600966948047,1,3
7959,722,231.7068905609511,QR,Electronics,UK,11.0,0.34874878319651414,0.42647806170912117,0,3
349,715,136.86859928996327,ATM,Travel,UK,14.0,0.10542327233737574,0.368666271361695,0,3
7458,946,342.9525697269839,POS,Electronics,TR,20.0,0.1910422860922514,0.43691678299374465,0,3
2421,546,133.63620639269632,Online,Grocery,TR,7.0,0.07618310275987089,0.0943575784456395,0,3
5380,824,31.912339516649777,POS,Travel,FR,16.0,0.30245511568524763,0.15101018143039732,0,3
475,702,32.635531235032744,ATM,Grocery,FR,23.0,0.04008331633751295,0.060677848574076335,0,3
7995,421,483.8826569756596,ATM,Travel,FR,9.0,0.35943990019446276,0.39416653305781374,0,3
1415,824,177.79599370231082,Online,Food,NG,14.0,0.4939454267395055,0.39685243443045504,0,3
3743,655,177.79643327562,POS,Grocery,US,20.0,0.10264153081263538,0.09685855115949539,0,3
9074,327,11.621625353409287,ATM,Clothing,UK,8.0,0.09476769248257033,0.14320113715012053,0,3
3791,425,139.3497675940288,Online,Travel,US,10.0,0.22877053048557838,0.7744509934678938,0,3
3655,560,81.42951017197754,POS,Grocery,FR,18.0,0.11560929091672828,0.23943064161193978,0,3
9690,278,156.01553020740366,POS,Travel,FR,3.0,0.06684365019302514,0.10025965243578382,0,3
2015,729,42.310507140932806,QR,Grocery,FR,15.0,0.1940955566786131,0.14404201605002326,0,3
2090,81,11.49689263835234,ATM,Electronics,DE,22.0,0.16689933645472405,0.12039075467215146,1,3
6804,143,104.99070948234785,Online,Clothing,US,17.0,0.22177181087077397,0.516360538629779,0,3
2784,696,95.1260739440963,QR,Grocery,US,6.0,0.1370219973796194,0.04739198741327977,0,3
3766,462,16.646329815467283,POS,Clothing,UK,22.0,0.21814851068630767,0.09361239134404743,0,3
6757,539,44.04821667230536,QR,Food,TR,20.0,0.1383896282474698,0.1664588607061699,0,3
8720,728,29.980036061321854,POS,Food,US,13.0,0.1380394382368207,0.1861208399726371,0,3
3411,109,9.71307312819535,POS,Clothing,US,6.0,0.36367649415700565,0.1455316675421451,0,3
2308,499,54.273441035726215,Online,Travel,UK,15.0,0.1933406774976654,0.07755427286500381,1,3
9857,992,285.03377807172205,QR,Grocery,FR,22.0,0.0806043655079822,0.09575225961811991,0,3
6520,663,37.51743315939916,QR,Food,UK,19.0,0.23257039706483004,0.05260398600994281,0,3
2805,184,517.9168434666593,Online,Grocery,FR,20.0,0.15697995419726635,0.12075068242231266,0,3
7956,440,23.65511821068589,ATM,Grocery,FR,6.0,0.06370868303046254,0.09511973511186948,0,3
5910,101,23.609548884975084,POS,Grocery,DE,16.0,0.04404826818117892,0.07709107021303943,0,3
9437,609,114.4778648046403,POS,Travel,US,4.0,0.04224368510170501,0.22571729433012946,0,3
7979,753,107.194724802199,QR,Travel,TR,17.0,0.09823845805409283,0.06991994460111206,0,3
2244,661,224.54920602837774,ATM,Electronics,DE,5.0,0.11751238472257547,0.22481666205397155,0,3
1274,520,79.6348542568547,QR,Food,US,17.0,0.17750926416962604,0.8993952126753113,0,3
7426,720,126.68524314594654,POS,Travel,FR,13.0,0.18703657442284669,0.42178647096691607,0,3
5065,501,119.477115037963,POS,Food,TR,21.0,0.32952294825572165,0.08253063228354252,0,3
7701,813,655.6903117021229,POS,Food,UK,23.0,0.06763801362510326,0.05351383558208517,0,3
2845,51,29.38769565712378,POS,Clothing,US,22.0,0.1321590456961029,0.09598838051573624,0,3
9480,153,1.784949737379395,ATM,Clothing,TR,16.0,0.06884310834131267,0.07853618584457478,0,3
9798,362,20.558079683004767,Online,Electronics,US,6.0,0.29923362961787336,0.49364797957027146,0,3
1023,662,13.764586540137392,ATM,Electronics,TR,21.0,0.04927811337598005,0.07669104338205157,1,3
7751,407,27.140855320421494,QR,Travel,DE,21.0,0.02977452922681104,0.2881241902753247,0,3
7687,370,688.2411250932503,Online,Clothing,US,18.0,0.24644181533304996,0.20894880479876787,0,3
6655,856,26.36167409980049,POS,Electronics,US,1.0,0.07170851035450797,0.14643385320934468,0,3
4291,616,126.97014193570837,Online,Electronics,UK,8.0,0.23587338637054317,0.17736372812179468,0,3
399,769,167.1420010429035,POS,Travel,TR,20.0,0.14188293031209404,0.03596759049566081,0,3
5531,885,1.2085725856965888,POS,Grocery,TR,14.0,0.044353141604132465,0.049533022091583424,0,3
229,885,0.0,ATM,Clothing,TR,22.0,0.22427181420879266,0.06363567724519992,0,3
5977,594,408.67699193856697,POS,Grocery,US,23.0,0.4676417792224963,0.11490226332458767,1,3
6955,978,434.0180133084159,Online,Food,TR,20.0,0.29174515943765233,0.08521057306109417,0,3
6243,127,25.643643762243507,QR,Grocery,US,17.0,0.20255907234515422,0.09685649150528086,0,3
1939,488,77.7195958799576,POS,Travel,DE,16.0,0.1065664079753317,0.27192340953231764,0,3
381,736,192.06393368977055,POS,Grocery,UK,18.0,0.17568291007753542,0.3375798637924114,0,3
366,222,177.71277060987333,ATM,Travel,UK,6.0,0.691699666885639,0.4152491089194364,0,3
4322,556,5.530278104340585,POS,Clothing,FR,7.0,0.1602587481355007,0.3814142564667619,0,3
9940,962,196.21706437667933,POS,Travel,US,6.0,0.09164432263491351,0.16053118669400723,0,3
4915,386,195.97783273925225,POS,Food,UK,11.0,0.20950436310651205,0.33224942594792795,0,3
1004,946,49.38811086713856,POS,Travel,FR,15.0,0.18185804913235998,0.08944814608479348,0,3
4713,959,7.314964670073758,Online,Electronics,US,20.0,0.025945007358901602,0.03385202089939243,0,3
4583,339,89.27394006341316,ATM,Electronics,TR,20.0,0.18231489083719396,0.12810888695600606,0,3
5777,270,69.35067658846384,QR,Travel,UK,3.0,0.7068121625200828,0.4686383549629242,0,3
356,724,44.980686178565236,ATM,Clothing,DE,6.0,0.22302682395323872,0.31566692651946787,0,3
3959,213,132.26201202471597,POS,Electronics,FR,11.0,0.5203542704616477,0.6212261060650206,0,3
4657,209,406.79821547386746,QR,Grocery,TR,7.0,0.08194982900655425,0.1511144311492989,0,3
3090,794,21.128647911727604,POS,Grocery,TR,17.0,0.11653304043906579,0.061356879256911745,0,3
776,129,7.290667023220971,POS,Electronics,FR,3.0,0.2066560359927384,0.11008805008241473,0,3
5407,277,222.56056969262838,ATM,Clothing,DE,21.0,0.12637709887208823,0.026006568242993,0,3
3246,250,160.32121354735517,Online,Food,DE,5.0,0.061672737621970244,0.07708465112766287,0,3
9009,58,144.00136551777163,Online,Food,FR,11.0,0.1562001240150189,0.19847053665354186,0,3
3833,357,171.2462862672298,ATM,Electronics,UK,11.0,0.1558964191664628,0.37242674213774807,0,3
400,908,49.707112662477535,QR,Travel,US,19.0,0.13694574574873342,0.08950062411535001,1,3
1397,789,137.92703099528137,POS,Clothing,UK,21.0,0.13892934192096262,0.03547005398840951,0,3
3810,881,178.6401418052726,ATM,Grocery,DE,18.0,0.2764124881695472,0.12034458002627578,0,3
1497,501,589.9086046523937,ATM,Clothing,UK,6.0,0.1545832612195384,0.20661644876943386,0,3
3660,319,994.2395320286871,QR,Travel,US,17.0,0.16459445926537178,0.4568344540966575,0,3
3976,946,21.61768881137582,QR,Food,UK,20.0,0.041642793355555124,0.07739108284619944,0,3
6964,742,369.93108226992223,Online,Clothing,UK,18.0,0.17750994628859237,0.2972453960854941,0,3
3713,232,8.132103836876018,QR,Travel,US,1.0,0.026731582618626057,0.06553948804768309,0,3
7568,565,13.979515578248058,Online,Electronics,UK,12.0,0.05804837896308137,0.28118593357409616,0,3
2416,168,26.005025292629533,Online,Electronics,US,22.0,0.2294771947249281,0.06931045987895121,0,3
3773,958,134.47123436157153,POS,Clothing,UK,19.0,0.03248625324822432,0.08407542364371427,0,3
280,735,50.952846681907296,Online,Grocery,US,1.0,0.3938410567593465,0.12965634199521767,0,3
1470,825,36.93397605930651,QR,Food,TR,14.0,0.038414848457413386,0.04252124731399163,0,3
975,991,364.9932176599757,ATM,Grocery,US,11.0,0.08670118489771736,0.035552211332552514,0,3
2274,364,14.369860178887851,Online,Clothing,FR,7.0,0.25746626933165523,0.1031363399108109,0,3
4654,972,75.28010866334375,POS,Clothing,UK,18.0,0.2986993495052648,0.16012280128582984,0,3
512,902,169.60124715512046,QR,Food,UK,18.0,0.2207251141257287,0.1548857720119114,0,3
3948,553,114.89606043081726,POS,Grocery,UK,5.0,0.36624253711701316,0.1687661606821689,1,3
862,536,112.5367995946037,QR,Travel,US,7.0,0.258213810014446,0.5177355715329194,0,3
6587,201,236.4194657319178,POS,Electronics,US,20.0,0.20418423942963143,0.39216547373151817,0,3
4757,296,14.29037393458931,POS,Food,UK,20.0,0.18992358617015362,0.2520041406283777,0,3
851,442,151.915756279595,POS,Electronics,DE,19.0,0.17080825644482572,0.1137157406283835,0,3
2352,157,103.16401893379133,POS,Food,FR,21.0,0.15422031362775585,0.14144802148468882,0,3
6402,935,51.66260446837145,POS,Food,UK,14.0,0.0625601701425458,0.09780817194694663,0,3
4378,420,694.7362561699247,ATM,Travel,US,13.0,0.059589948970314416,0.07241781089375328,0,3
328,104,270.20541143240587,POS,Food,UK,21.0,0.15093256980770062,0.12680850575833838,0,3
5835,55,13.385406546135883,QR,Electronics,UK,20.0,0.19047274626128458,0.1425404952330034,0,3
6106,54,113.14097445063314,QR,Electronics,FR,16.0,0.27467966660140497,0.12822382527137222,0,3
9372,328,232.3171879784557,Online,Travel,DE,22.0,0.12717220576309937,0.0697804629074087,0,3
6210,20,82.30353515188803,POS,Electronics,US,16.0,0.07118909370727568,0.2789631755429181,0,3
6715,209,94.77655092688235,ATM,Food,FR,12.0,0.12595650824575702,0.03872042656510967,0,3
3817,573,66.00129849213342,QR,Travel,UK,11.0,0.07366561573510844,0.19847503187108992,0,3
1006,518,340.86115966718336,QR,Grocery,UK,22.0,0.05536411087639215,0.39771437852792546,0,3
9070,70,83.29128844672191,Online,Clothing,FR,3.0,0.26243159627509033,0.07061292197194013,0,3
8037,689,9.597673074502737,POS,Food,DE,22.0,0.08350120444272183,0.04512403805204544,0,3
3803,330,32.35463937411582,QR,Grocery,US,20.0,0.07828348166423799,0.13953985160456187,0,3
2199,254,50.15005295470184,Online,Food,FR,6.0,0.06653875224362765,0.08633355488663529,0,3
2476,914,226.12057815612792,Online,Food,UK,9.0,0.2205436201554475,0.07210933099722897,0,3
2756,773,531.5308520716445,QR,Electronics,UK,10.0,0.2955897661304797,0.27664185706598654,0,3
8608,441,281.03341524427515,Online,Electronics,US,5.0,0.08012608715126257,0.22201797432856007,0,3
7945,354,152.8597745383437,ATM,Electronics,FR,9.0,0.3838656082610046,0.17789041064359662,0,3
1732,308,11.106496060252274,Online,Grocery,TR,18.0,0.5654090850074317,0.2599958439654321,0,3
2323,998,67.52422273409142,POS,Food,US,22.0,0.09661559701393883,0.11125799094020132,0,3
8379,50,57.589651115538494,ATM,Food,US,22.0,0.2629909807712136,0.3012614957394379,0,3
7925,561,122.9016403833756,Online,Clothing,DE,16.0,0.07850731875331607,0.036563959994077695,0,3
9411,312,95.01370258617655,Online,Electronics,US,15.0,0.5191354646693694,0.42965049792396076,0,3
1785,343,187.61116742894743,ATM,Travel,NG,15.0,0.3563859040538332,0.060499663177680955,0,3
7272,760,43.147335970826994,POS,Electronics,FR,22.0,0.13011074182506094,0.04822134117949904,0,3
486,471,251.44540576537457,Online,Electronics,US,19.0,0.06345775396183106,0.16535844341540323,0,3
7670,52,4.487757683995416,QR,Grocery,FR,2.0,0.34762744177555865,0.17963907527037953,0,3
8216,450,168.5435447170453,ATM,Clothing,US,17.0,0.49991589089368005,0.17126088343458476,0,3
8359,533,74.87018588485066,QR,Grocery,US,8.0,0.2248012708788849,0.4918979916213935,0,3
3109,343,113.61698011241732,POS,Food,DE,23.0,0.09881029119514961,0.11012194360757564,0,3
8610,420,135.0872986693896,Online,Travel,TR,16.0,0.37068991862662215,0.40738330217263063,0,3
2997,501,57.45354670627161,QR,Grocery,US,15.0,0.04057553626209341,0.06562470507131395,0,3
729,30,103.70451148977064,POS,Travel,FR,12.0,0.4509689875269334,0.31755346917955,0,3
5139,184,0.0,Online,Food,FR,10.0,0.1952069612365068,0.08083102243231137,0,3
8243,847,346.9316453612686,QR,Grocery,UK,20.0,0.26098747583385157,0.08475425532161483,0,3
4926,179,5.519729205410507,Online,Food,US,22.0,0.10058442584953539,0.08321010288836406,0,3
5941,342,118.51894279165283,ATM,Clothing,US,14.0,0.07118165096250732,0.14695048726759394,0,3
8812,135,333.4288568157804,POS,Clothing,UK,13.0,0.7218896615061232,0.15385958826543183,0,3
4596,983,162.50165375226769,Online,Clothing,FR,22.0,0.0512070801870307,0.1089736949610119,0,3
854,400,163.87121309542692,QR,Food,FR,15.0,0.11619824986158021,0.18270617397182717,0,3
9673,414,217.38711827537256,QR,Grocery,US,7.0,0.2226721229916955,0.2371787716668207,0,3
7796,773,123.46753238700413,ATM,Clothing,TR,17.0,0.16701625963504854,0.1897516953755086,0,3
4076,203,164.8161751321609,ATM,Food,TR,23.0,0.7623172045483899,0.15893608647520374,0,3
5518,358,116.03789896301576,POS,Food,UK,16.0,0.11392980401837555,0.2597769746762284,0,3
3670,663,112.52687612278895,POS,Electronics,FR,19.0,0.05373351728537293,0.18026369438614853,0,3
7108,637,277.5797982577811,Online,Food,TR,7.0,0.32401229030092754,0.4427794361278582,0,3
7773,934,566.7408383269999,Online,Travel,NG,10.0,0.7671786471540463,0.13236019432841745,1,3
368,842,117.77497305844479,POS,Travel,TR,16.0,0.29507722808426995,0.05565910865572796,0,3
9589,285,586.5976935765757,ATM,Travel,TR,4.0,0.3517112326801673,0.20684821413841595,0,3
4966,815,24.925053539712092,ATM,Travel,TR,6.0,0.19461915195997703,0.0473329913390393,0,3
8105,809,110.06758930615439,Online,Travel,US,21.0,0.38725144777486126,0.13321256815832233,0,3
1656,861,285.0530536944482,ATM,Electronics,FR,16.0,0.1770049142656644,0.08531406947492279,0,3
8585,747,124.36338633496158,POS,Grocery,US,2.0,0.3609024164077592,0.1764223429033527,0,3
8570,100,0.40693184120808246,ATM,Travel,TR,16.0,0.060039097093590246,0.4307725451564561,0,3
4724,404,187.13358236259435,ATM,Electronics,DE,0.0,0.22030297704626442,0.4059444818785949,0,3
8431,925,178.12225904535768,QR,Travel,UK,15.0,0.041198864483991036,0.13043417008765779,0,3
7097,915,9.605336020543382,QR,Travel,TR,19.0,0.08182247238259999,0.343073064801799,0,3
7514,698,366.173922232363,POS,Grocery,US,16.0,0.2762320364220885,0.11468786671881039,1,3
6189,329,298.0271317083599,QR,Food,DE,14.0,0.10643594787392245,0.16624363833946246,0,3
3769,161,225.79655021035992,POS,Grocery,TR,23.0,0.3322281365988853,0.5113460982255535,0,3
7604,720,76.95693618940734,POS,Travel,US,21.0,0.36712699880818833,0.047005822062648424,0,3
7163,805,258.7828032522236,QR,Clothing,US,10.0,0.3652585146110557,0.12136481986394043,0,3
1100,387,10.84370035541275,QR,Travel,TR,22.0,0.0800039972641713,0.15921269116866332,0,3
363,920,34.869689148280045,QR,Travel,TR,21.0,0.07285125206719031,0.45244707919949867,0,3
4886,221,69.42762690580274,ATM,Clothing,TR,22.0,0.18208805642570877,0.07639210438344989,0,3
6850,708,433.92885654545745,POS,Grocery,FR,12.0,0.025131256419847082,0.29706740021244094,1,3
2999,930,34.12096951671377,ATM,Electronics,FR,21.0,0.20466151194668378,0.1245000312831368,0,3
2397,350,105.59819657564086,POS,Grocery,FR,4.0,0.29976494777900164,0.18608700596772546,0,3
1411,994,338.7844976337028,QR,Grocery,US,13.0,0.11724249243870156,0.10835002883564905,0,3
8423,929,74.95536545700878,ATM,Travel,TR,17.0,0.06154615016998295,0.04841042318860417,0,3
2675,679,69.8288526764676,ATM,Grocery,TR,14.0,0.23984352602628597,0.26212740965814485,0,3
1665,96,26.215590877094893,ATM,Travel,TR,19.0,0.2847659100455333,0.07116534009249167,0,3
3356,737,647.1756953161952,QR,Food,US,12.0,0.14205283994502912,0.653439049527464,0,3
5605,653,49.32350480620007,Online,Food,DE,18.0,0.07612077590803204,0.09165328378187339,0,3
1843,866,224.0467759509521,ATM,Food,FR,7.0,0.0670511709831314,0.18120486079040388,0,3
8327,105,4.814631655411443,ATM,Food,DE,8.0,0.17817715252073674,0.21710375952743644,0,3
8262,360,36.62378761828733,POS,Travel,UK,21.0,0.2334768982743426,0.2090373961399452,0,3
1604,848,15.856988700309907,Online,Food,US,19.0,0.07344865815746893,0.138268488612184,0,3
1460,961,71.18582451927696,Online,Food,US,5.0,0.1205880341564018,0.034945543816912186,0,3
2134,663,195.6006255673523,QR,Grocery,TR,19.0,0.061044523583068624,0.09930057019616897,0,3
245,975,159.03320269254652,POS,Electronics,UK,11.0,0.09864592636926532,0.14377034959853247,0,3
7186,905,348.22046135530394,ATM,Grocery,TR,17.0,0.05575883727843489,0.24509160271231298,0,3
5438,860,7.357516314189649,QR,Grocery,FR,14.0,0.08358407464370611,0.12332683815856216,0,3
934,943,25.695963825501646,ATM,Grocery,FR,22.0,0.18307446211394346,0.1323072468385218,0,3
6871,830,220.37497593560406,ATM,Grocery,US,10.0,0.292938899319104,0.19341093242961876,0,3
7754,615,229.46287665264765,ATM,Food,FR,9.0,0.03963810777835641,0.08552876415072432,0,3
7966,547,24.20098142566251,POS,Clothing,FR,17.0,0.10082320225916515,0.16332740646315907,0,3
1616,542,161.62952571938555,ATM,Travel,US,21.0,0.14056372118629018,0.17346248678074433,0,3
9955,128,236.23439272485203,ATM,Food,TR,7.0,0.09432319935449976,0.22429335810802042,0,3
831,96,173.68147354459308,Online,Grocery,DE,22.0,0.20423944593633536,0.11029078820613097,0,3
5765,3,244.21306826136893,POS,Food,UK,9.0,0.1396607674768122,0.15411104081601906,0,3
2399,714,49.165748710900644,POS,Clothing,UK,14.0,0.5131921682353486,0.19794294109164356,0,3
4674,955,102.18970291119643,Online,Clothing,UK,18.0,0.22953468762663512,0.2230325879520492,0,3
1792,436,43.04446767552044,POS,Travel,FR,6.0,0.10062115234932291,0.3147774921424417,0,3
5604,491,207.99490689591363,QR,Electronics,FR,14.0,0.4703336329934144,0.19258677253414946,0,3
4465,462,133.40336999611281,Online,Travel,UK,19.0,0.1574525126646827,0.21507515679245265,0,3
2808,834,103.89446195369361,ATM,Clothing,FR,10.0,0.08013036239024537,0.4166830907719278,0,3
1300,456,86.94663341414558,POS,Grocery,US,19.0,0.34629882587167,0.1651787643846464,0,3
296,766,38.94982047331571,Online,Grocery,US,9.0,0.23915030581182356,0.3107899200375162,0,3
7394,47,94.5910602484022,ATM,Grocery,US,23.0,0.07322253166447067,0.1604006071254697,0,3
372,990,28.341578724086194,POS,Food,US,14.0,0.23819262380477205,0.17432738746741847,0,3
829,628,422.58656417683,POS,Clothing,TR,23.0,0.07756141224657284,0.05050230214738542,0,3
3592,280,476.14555852386627,Online,Electronics,US,17.0,0.26826163031633987,0.0963384310219414,0,3
3498,593,239.46115046536326,POS,Travel,DE,20.0,0.6137789268515981,0.16524151395824366,0,3
153,380,94.02535249481502,QR,Food,UK,21.0,0.10956421091490762,0.20093679513177087,0,3
1777,668,277.0436477040622,QR,Food,UK,5.0,0.10807123096729392,0.13146593708630017,0,3
4018,315,354.3367058398875,POS,Travel,DE,18.0,0.5561373057358469,0.20238292009776346,0,3
5922,578,2.1750612407044887,QR,Travel,DE,19.0,0.0355412539679441,0.04980593945428447,0,3
1281,821,333.37606577560933,POS,Food,FR,14.0,0.19666958240260887,0.1750956259838652,0,3
2045,7,41.643082842109315,QR,Grocery,TR,18.0,0.5015201390097286,0.09355011993896209,0,3
3784,125,307.0437189593641,QR,Food,US,8.0,0.2343936868669051,0.21139386671917976,0,3
2544,356,440.01021095016233,Online,Travel,DE,16.0,0.21064177144398494,0.0735403240412007,0,3
7012,425,62.70477474255326,ATM,Travel,FR,20.0,0.4408856520219824,0.0784543296709034,0,3
6918,242,146.78996717215475,Online,Food,US,19.0,0.22481604267728025,0.49067324250390215,0,3
3918,408,141.43730898961263,POS,Grocery,FR,7.0,0.537870188971975,0.4315839938909041,0,3
1269,715,20.209454582203055,QR,Electronics,UK,19.0,0.15122586573995966,0.08909443068022027,0,3
141,313,22.904448324748092,ATM,Grocery,FR,23.0,0.14747761388513336,0.2992691903112231,0,3
548,970,510.8469217628311,Online,Electronics,FR,21.0,0.2077545319950325,0.25500646403506294,0,3
4034,880,18.139928525608514,Online,Grocery,US,17.0,0.19783467389262627,0.26917677792862155,0,3
5165,95,21.81625582762094,POS,Travel,FR,20.0,0.25288848193380864,0.2148919235004846,0,3
9976,266,100.31112235175713,QR,Clothing,US,3.0,0.12204694869098535,0.22727030467617015,0,3
4116,124,94.96779553288431,POS,Grocery,TR,18.0,0.17078681500581502,0.08859068484203303,0,3
1831,415,7.804376221400851,Online,Electronics,US,17.0,0.2166087230064042,0.17426291576552577,0,3
5492,870,150.27431751323087,Online,Food,FR,19.0,0.15121647489922044,0.0865880170311662,0,3
8671,321,57.63808424118379,Online,Electronics,DE,10.0,0.08852590216063354,0.1479608568415803,0,3
6512,548,285.5331867223225,Online,Travel,DE,18.0,0.19658612756493987,0.21434040247717054,0,3
2878,532,13.401468761518522,Online,Electronics,TR,22.0,0.0745922081589854,0.17307927385729502,0,3
3495,980,121.13637279941301,Online,Clothing,TR,21.0,0.1528243985116633,0.12023758389236344,0,3
8533,953,62.870291560218185,ATM,Clothing,DE,20.0,0.060793294278341986,0.10916127875032063,0,3
1155,736,312.78987152280445,POS,Electronics,DE,20.0,0.3719376918739405,0.21214018316030347,0,3
3511,196,59.67884469725278,QR,Electronics,DE,21.0,0.0836350115742818,0.12793822047138506,0,3
1626,548,369.12578201388897,QR,Food,US,4.0,0.22318740793232575,0.23031623726861533,0,3
7469,607,4.0360535321856315,ATM,Travel,DE,11.0,0.05167900233157406,0.1250406206114118,0,3
5097,731,102.31531233406177,QR,Food,TR,16.0,0.03217500368189977,0.23149705405897764,0,3
2231,418,303.20512927221466,ATM,Clothing,DE,9.0,0.11946435391438093,0.029401124149176002,0,3
998,51,251.61647507730808,Online,Electronics,TR,15.0,0.13050744415465,0.15630742867495878,0,3
6157,515,66.1924067253447,Online,Clothing,FR,12.0,0.1522595768560808,0.2283159274582514,0,3
3864,180,48.33160313780405,ATM,Grocery,TR,6.0,0.1301162857076042,0.07431937737088845,1,3
9312,419,476.98563406275474,Online,Electronics,FR,17.0,0.039341326732804716,0.29339540594411107,0,3
4979,421,64.87818857973097,ATM,Clothing,DE,4.0,0.10632823272989281,0.19014947555506795,0,3
4804,549,533.5753926507952,ATM,Grocery,US,7.0,0.21575595295083821,0.3027708233156438,0,3
421,45,81.66307605896371,ATM,Grocery,FR,13.0,0.08315581989088192,0.23576568798772604,0,3
1911,981,436.9501538262143,Online,Electronics,US,17.0,0.363960812632739,0.14816390809881452,0,3
4251,516,400.62794403153913,ATM,Food,TR,20.0,0.22218119665748018,0.1418369941395066,0,3
7755,865,256.5393020681396,Online,Grocery,UK,23.0,0.13460369467477806,0.376397764960508,0,3
1317,973,456.6647669615659,ATM,Food,FR,16.0,0.20443637812181945,0.3601355182816236,1,3
8538,313,69.8918510889108,ATM,Grocery,DE,5.0,0.2011279638241087,0.22756822774114677,0,3
4137,438,61.873528260782216,POS,Grocery,FR,20.0,0.03870036184971752,0.14086456219442506,0,3
7265,449,24.172874547613063,QR,Grocery,FR,20.0,0.41152107838152047,0.06869925941446105,1,3
5401,282,242.8667231976894,QR,Food,US,20.0,0.07482583929072764,0.44476662081475815,0,3
2911,554,40.22567689213753,Online,Travel,TR,19.0,0.3288929232984399,0.12003837830180729,0,3
3453,225,99.46844145088568,ATM,Grocery,US,22.0,0.2061881759254628,0.3925045137149271,0,3
6522,548,187.19998819526657,POS,Clothing,FR,12.0,0.05004094130616653,0.1929578264767215,0,3
8189,11,19.570737785705198,POS,Food,UK,23.0,0.3092115289089392,0.40182703290699395,0,3
6670,667,84.63385024466255,ATM,Food,US,3.0,0.12257352834825108,0.12891881158339397,0,3
7799,678,40.85329081169804,QR,Electronics,US,17.0,0.025799471748657203,0.0602905887236371,0,3
6289,532,1.8107408671324938,POS,Clothing,FR,13.0,0.05621611247316372,0.047046480401022314,0,3
2948,140,8.076379363255692,Online,Electronics,FR,17.0,0.08848685519660895,0.3187209288906491,0,3
186,815,84.64631547379706,QR,Food,FR,23.0,0.18111070365792029,0.12914469777310494,0,3
6069,478,19.962230833242117,QR,Food,US,19.0,0.24768910633791644,0.11176569227405472,0,3
5914,288,4.727529727326743,Online,Travel,TR,21.0,0.05440055541608965,0.0329850583909934,0,3
1410,849,59.35680256036587,QR,Clothing,DE,11.0,0.16737043229663248,0.1886961302202035,0,3
1337,25,186.1320753034113,Online,Clothing,DE,15.0,0.09761943855632688,0.041219220189881875,0,3
6080,96,91.17814019234947,ATM,Grocery,NG,18.0,0.23342258789101783,0.47976549691136605,0,3
1266,187,255.63317061603396,QR,Clothing,UK,19.0,0.17961775837908467,0.08067622061518756,0,3
9005,851,0.09385831139491652,POS,Food,TR,22.0,0.11166404768747046,0.07340131886306692,0,3
376,424,93.75985506044347,Online,Food,UK,18.0,0.2430884452018291,0.1906405228582207,0,3
9800,165,235.41057590803993,POS,Electronics,FR,20.0,0.12058543527323703,0.14847360569983628,0,3
9371,791,0.0,POS,Electronics,UK,17.0,0.2996358672894857,0.17733061748853318,0,3
3134,883,20.03147106839049,ATM,Travel,FR,6.0,0.3049337928891825,0.2770777448193356,0,3
2961,58,128.63269482182946,ATM,Food,US,9.0,0.20506203085987487,0.18551913082744356,0,3
7114,96,745.3687603080233,Online,Travel,FR,11.0,0.4209113947836196,0.20602923580123322,0,3
3632,491,364.23856675203416,POS,Food,US,14.0,0.13251124447682552,0.5282005049128315,0,3
2314,982,69.55239454758046,Online,Travel,DE,17.0,0.06811580896401039,0.08297799948329006,0,3
2575,238,35.200655856081056,POS,Electronics,DE,8.0,0.5818774580007192,0.23170928585153056,0,3
7037,945,64.3169299443068,POS,Clothing,TR,21.0,0.03349319790019562,0.04780437869681129,0,3
7798,744,234.08244717525974,Online,Clothing,FR,15.0,0.22829737058667687,0.09623156352600361,0,3
7849,316,46.7808542198708,ATM,Grocery,FR,15.0,0.11673405889069077,0.06915410695586519,0,3
3577,100,177.57503241800882,QR,Food,UK,22.0,0.2119882814020927,0.3039081355089086,0,3
5443,892,535.1917697274614,Online,Travel,DE,20.0,0.25202752581457877,0.30474740215234764,0,3
2326,637,187.11516375844252,ATM,Travel,FR,19.0,0.19169462721693548,0.18515383558961324,0,3
5372,668,177.82434767473583,QR,Food,UK,18.0,0.09228412057568443,0.20220291949811364,0,3
7175,932,167.01068842057646,ATM,Food,UK,22.0,0.23493458103744547,0.18192144259669574,0,3
2444,797,0.0,ATM,Travel,DE,21.0,0.31369448079937867,0.18483290945958175,0,3
3260,138,446.0144203213179,ATM,Electronics,US,17.0,0.12381171282219097,0.3795109590978831,0,3
8760,626,37.196183687664124,ATM,Grocery,UK,21.0,0.18825337048919952,0.05465528078111354,0,3
9509,430,21.24647714410901,QR,Travel,US,16.0,0.21785123481153285,0.21324961597475645,0,3
4819,350,48.60163706243822,Online,Clothing,DE,11.0,0.23427391287194677,0.05150175322869572,0,3
5976,703,2.630850927949383,Online,Clothing,US,10.0,0.05783470461126304,0.047411908867850155,0,3
5014,301,135.95863150979784,QR,Grocery,DE,17.0,0.08254484072096127,0.3819495386821567,0,3
6117,432,150.21658871912732,POS,Clothing,TR,18.0,0.5181557387723829,0.3083360113935585,1,3
4260,124,530.9942277594859,POS,Food,DE,4.0,0.5410980740596775,0.11488758130369488,0,3
3361,627,37.4197933216939,Online,Electronics,US,18.0,0.05444966420296992,0.1304481379642712,0,3
198,127,226.38266687785827,ATM,Electronics,TR,23.0,0.1417361637383175,0.05940175951331661,0,3
2098,298,424.0321536421587,QR,Electronics,DE,11.0,0.40759177146022113,0.19083966162939092,0,3
3835,886,305.1804324181753,POS,Grocery,US,17.0,0.17227936281007228,0.03813468209829326,0,3
4715,59,52.324825552513296,QR,Grocery,FR,22.0,0.04864861487574189,0.12402408519107132,0,3
1194,351,10.975492151899115,QR,Travel,US,17.0,0.11048715293865675,0.15622068331758965,0,3
5191,450,19.261552455794863,POS,Grocery,UK,16.0,0.15341146421414203,0.19118585195946441,0,3
644,338,97.76269574233845,QR,Clothing,TR,16.0,0.04820277976318563,0.03578782868549735,0,3
1993,146,38.928363532929225,QR,Grocery,DE,21.0,0.39035243925674934,0.29576916761560235,0,3
4656,41,39.01790022797163,Online,Clothing,FR,20.0,0.13129826767181277,0.1002978830241624,0,3
5349,525,29.822812118467226,QR,Travel,US,12.0,0.1908854265905468,0.2944353710607267,0,3
9306,568,30.93971683500594,POS,Food,US,17.0,0.17579440858397063,0.061969224352098506,0,3
5376,259,7.681388777733719,Online,Electronics,US,11.0,0.08451335453725525,0.19169914584167713,0,3
4315,451,40.13227756668767,POS,Grocery,UK,22.0,0.1243676602607827,0.0744547038453617,0,3
5776,990,129.80489514465037,ATM,Travel,TR,22.0,0.18274972847594462,0.04362267368735881,0,3
3427,629,562.3534150207796,POS,Clothing,TR,14.0,0.03330182872102345,0.041199992486934345,0,3
8169,747,0.0,POS,Clothing,UK,15.0,0.11385475845077886,0.3654945482417125,0,3
2514,751,105.97561692951018,Online,Electronics,DE,4.0,0.22301482992835228,0.1397993770566083,0,3
3457,590,314.2502189265444,ATM,Grocery,DE,10.0,0.2634261310206253,0.13068981526276469,0,3
7242,466,5.758720525233871,ATM,Travel,UK,22.0,0.09975067211514793,0.3632231626164335,0,3
9774,802,234.60468267949588,ATM,Food,FR,13.0,0.06927785658998753,0.044200059955433676,0,3
9974,205,65.57351744559,QR,Food,TR,18.0,0.43034864688377156,0.12199513777411956,0,3
2101,680,491.5039388242301,QR,Clothing,FR,21.0,0.10678211058884735,0.10103388893523789,0,3
1162,773,486.88170285465435,ATM,Electronics,DE,23.0,0.3552221031686594,0.22760722699750882,0,3
4199,873,668.9809738429551,POS,Electronics,FR,14.0,0.13658894237672795,0.34557428409346774,0,3
5762,227,30.112716244936088,QR,Travel,FR,14.0,0.3810933778882031,0.0463651665096168,0,3
6540,166,18.072345632180227,Online,Grocery,FR,21.0,0.07862495298082048,0.09728220703105313,0,3
3152,174,18.9136317476071,POS,Travel,TR,14.0,0.34085969372242264,0.08676384981436798,0,3
7401,709,239.0373539961257,POS,Clothing,US,19.0,0.045518333921443485,0.22333681651957288,0,3
5324,127,1.2311127447082393,POS,Travel,US,8.0,0.06712395963088008,0.03821290420994537,0,3
1141,634,501.3823773927243,ATM,Grocery,UK,10.0,0.10655804619398207,0.07704719403417433,0,3
7740,328,159.3334216794138,Online,Travel,TR,10.0,0.20111248469684462,0.04134175530801169,0,3
1207,310,132.379686649595,ATM,Electronics,US,15.0,0.10939187747322685,0.6595561563720337,1,3
309,937,38.561898712428864,ATM,Food,US,14.0,0.05920410861481559,0.11466255496441269,0,3
6637,646,289.4109304021385,Online,Grocery,NG,15.0,0.3362422266009543,0.1505014147595054,0,3
5285,269,11.273481414407943,POS,Grocery,TR,21.0,0.07809598521629227,0.1345877986675365,0,3
3217,862,762.8621199809131,Online,Grocery,US,8.0,0.1328363767460331,0.5790095016322755,0,3
7737,362,245.03836095656783,POS,Travel,US,21.0,0.3566242007641687,0.3030713259136929,0,3
4399,291,112.16067230548231,QR,Travel,US,7.0,0.0756549847233188,0.23927558839377203,0,3
2855,555,8.24528108402488,POS,Grocery,US,23.0,0.05955217335775957,0.07475478851461898,0,3
222,364,643.5601903851929,POS,Travel,US,9.0,0.40412967142201534,0.4176358158610283,0,3
4034,603,0.0,QR,Food,DE,18.0,0.17240404860653646,0.1364785500854229,0,3
6010,560,378.1731165685993,ATM,Food,UK,9.0,0.1776918756032533,0.36222514238565406,0,3
7482,791,736.1742100760737,Online,Electronics,UK,8.0,0.1579316805905232,0.3772966395649483,0,3
7897,200,124.34843246188167,QR,Clothing,TR,11.0,0.2429524674190837,0.10755911596393272,0,3
8093,86,14.968682963046056,POS,Electronics,FR,20.0,0.029740323291644746,0.12804475479798424,0,3
4519,805,7.102714472193746,POS,Food,FR,13.0,0.058097226900235034,0.05193809952543163,0,3
9837,839,11.265284907580149,ATM,Grocery,US,6.0,0.04529142841316217,0.18019033252994326,0,3
621,225,330.6678296880428,QR,Clothing,UK,18.0,0.027185014231082914,0.08185573419959533,0,3
5149,630,71.67511412740633,QR,Clothing,DE,17.0,0.23154396523381174,0.2807637404460612,0,3
7678,325,2.757322289481441,Online,Food,DE,23.0,0.07841089113151371,0.04286152330832086,0,3
8751,689,1.452042456855441,ATM,Travel,NG,16.0,0.10056661588862287,0.2147907712909839,0,3
4190,267,198.46767118623828,Online,Travel,FR,21.0,0.25231994326666296,0.35750789715661774,0,3
601,122,29.684812813819605,ATM,Clothing,TR,16.0,0.10505144730487748,0.04922837253440647,0,3
3919,257,1.006469607513258,QR,Electronics,TR,12.0,0.023165048320586218,0.13180260562599133,0,3
5739,707,13.214215329660398,QR,Electronics,UK,21.0,0.12024069578741581,0.043673081681365605,0,3
5619,166,100.86750768811204,POS,Travel,UK,6.0,0.43902861543045807,0.4891511354492863,0,3
4777,69,545.1686903792507,ATM,Electronics,DE,19.0,0.08215151424047143,0.21654448410644764,0,3
4016,918,24.902154074678077,POS,Grocery,FR,20.0,0.030194544506967513,0.11550358676006406,0,3
9619,46,50.01083129789335,QR,Grocery,US,10.0,0.2910181573861888,0.18550096169664715,1,3
358,271,5.686526042735253,QR,Electronics,US,21.0,0.04664999580127723,0.08700295641943043,0,3
2423,68,13.606306167231887,Online,Clothing,US,17.0,0.1278044964841458,0.10744496895379875,0,3
1504,419,306.2903800544277,Online,Grocery,TR,19.0,0.2902686446997035,0.04181868250377466,0,3
1890,627,92.04212444799381,ATM,Clothing,FR,19.0,0.26955317785232785,0.1428055350715635,0,3
293,898,302.35577341409595,QR,Travel,FR,10.0,0.43998541309928163,0.458204311444132,0,3
2255,593,170.13199324310162,Online,Travel,TR,14.0,0.1887021813669799,0.23254255073484578,0,3
2866,676,153.95363681722347,ATM,Grocery,US,17.0,0.06157143915244033,0.36062821869860867,0,3
7235,241,294.872681497302,Online,Travel,TR,18.0,0.18629013754442747,0.4263420278265349,0,3
9317,215,337.6050711285434,QR,Travel,US,17.0,0.048501908777410965,0.19623138189545725,0,3
6794,427,115.30259633579476,ATM,Travel,FR,21.0,0.1951911742767402,0.09998133347723417,0,3
7044,980,173.97154745442882,Online,Electronics,FR,13.0,0.21237374290023403,0.22747897366502057,0,3
8800,799,177.38181773884128,ATM,Electronics,DE,7.0,0.6057972488604707,0.18832593936108072,0,3
404,731,903.9626970345023,POS,Food,US,22.0,0.512458393697578,0.16828806184048314,0,3
8475,307,34.117362403255015,POS,Clothing,TR,23.0,0.08051477291680784,0.04464425503889695,0,3
8776,170,171.96859857560756,POS,Travel,DE,7.0,0.05494116739579327,0.09375313492226262,0,3
4753,590,2.9039206378709705,POS,Food,US,15.0,0.1646399155082499,0.06773668128434718,0,3
5297,111,214.30184533306183,POS,Clothing,FR,19.0,0.1091912753650754,0.3871616778223912,0,3
8530,511,448.7401881205737,ATM,Clothing,DE,22.0,0.3113841829151484,0.12253022990826432,0,3
215,864,59.4529176533113,ATM,Clothing,DE,19.0,0.21140659908926832,0.21626874189747386,0,3
8179,454,20.150635118391456,Online,Travel,UK,2.0,0.3008787139846801,0.052479913324833705,0,3
9521,211,297.6544114164287,POS,Travel,FR,21.0,0.14082135701304044,0.04863263410349194,0,3
6278,42,54.63110588616903,Online,Travel,DE,16.0,0.051557908091916696,0.10346183498160401,0,3
2374,782,36.513740044204766,QR,Travel,FR,16.0,0.1327568881656792,0.14060356618618866,0,3
9294,715,101.42908643108146,QR,Electronics,FR,20.0,0.10961087217728269,0.09551392130684483,0,3
6606,413,161.66294222318166,QR,Electronics,US,21.0,0.2869136957892783,0.042094222452672844,0,3
9244,123,2.3203964054017874,QR,Clothing,DE,23.0,0.18947639817955877,0.29332721128481853,1,3
5930,924,243.9900492392224,ATM,Food,US,10.0,0.41420901575551927,0.12987568125273374,0,3
5661,15,425.1829950101582,POS,Travel,UK,8.0,0.07291075279942,0.33406103740951093,0,3
2370,402,19.182417763857732,ATM,Clothing,FR,14.0,0.060674317869888514,0.2220354831465926,0,3
7110,614,68.55335701079349,ATM,Clothing,FR,10.0,0.3746202069018005,0.2692453565347105,0,3
620,722,120.75725119299518,POS,Food,UK,18.0,0.1983174021762685,0.22184345389305973,0,3
6066,547,61.25854909720408,QR,Clothing,US,8.0,0.08532733351683489,0.08287301027609048,0,3
6604,749,169.73756526287445,Online,Food,DE,10.0,0.069800136881874,0.046272303940007586,0,3
5602,319,37.42173639191141,QR,Clothing,US,8.0,0.06601986732508387,0.0570566339727436,0,3
7636,812,46.740707607223506,POS,Travel,DE,20.0,0.24868411963665005,0.1928419449817783,0,3
5457,212,191.48615489475577,QR,Travel,FR,23.0,0.14339164982946562,0.27068708170674805,0,3
4965,227,80.83979297758808,QR,Grocery,UK,22.0,0.054304127178333744,0.2758958126849627,0,3
2660,535,190.16391146201704,POS,Food,FR,22.0,0.2782723974921849,0.14831260993344736,0,3
2042,914,31.642329947104184,ATM,Food,UK,10.0,0.29255767090645896,0.22392286404496803,0,3
9837,692,232.2489865062914,POS,Travel,TR,1.0,0.11846225719595782,0.1991979652897489,0,3
4494,460,66.26221435140653,Online,Food,UK,9.0,0.1151651731630268,0.07972800937408256,0,3
7373,367,39.778302288512165,Online,Clothing,DE,22.0,0.20154852754052305,0.2443483549900865,0,3
5578,268,31.105918749085625,Online,Travel,FR,22.0,0.07380272864965988,0.06591590882719758,0,3
3461,935,4.80837791976289,Online,Clothing,DE,18.0,0.06369036844258551,0.1716146089783259,0,3
9206,668,58.931258436727504,QR,Travel,UK,23.0,0.3483019785533857,0.18997298680617258,0,3
5394,899,13.073849179289573,POS,Clothing,FR,8.0,0.15572002525074216,0.29387146288278515,0,3
4685,750,95.15330488635924,POS,Electronics,DE,10.0,0.04354992107390135,0.07462067736841273,0,3
3453,463,158.93766471813612,POS,Grocery,FR,15.0,0.1294287098077058,0.11797500428394317,0,3
1597,322,670.2226159419297,QR,Food,UK,11.0,0.2391941895651671,0.09759833410786901,0,3
6509,520,179.27624424911528,ATM,Travel,US,20.0,0.10419498159677533,0.3820027446380237,0,3
1420,826,66.38733229255041,ATM,Travel,US,8.0,0.049617127059229105,0.0772158391910856,0,3
443,100,189.2745595079401,Online,Grocery,US,10.0,0.2142026349874518,0.12398256209687164,0,3
6310,190,193.906440802751,QR,Travel,UK,11.0,0.17008581330865086,0.08229887582711981,0,3
7434,354,264.77296610572995,Online,Grocery,DE,12.0,0.19195921699946183,0.1514021879187962,0,3
9225,134,7.703110964673567,QR,Food,UK,21.0,0.17035339831093985,0.05713022814015443,0,3
3226,343,18.2357916667704,QR,Grocery,US,10.0,0.08015535714827296,0.12013365615331975,0,3
2728,591,10.909469453027945,Online,Electronics,TR,14.0,0.05480267267934421,0.5629177028863026,0,3
380,866,53.7993074308663,QR,Travel,UK,23.0,0.03647063196352115,0.03984448325197147,0,3
2267,518,189.28145204346896,QR,Grocery,TR,20.0,0.09047441017018513,0.1962770057014685,0,3
4258,316,83.27661583662561,Online,Grocery,US,16.0,0.14288834944362364,0.18344221501947613,0,3
476,375,97.54388774897417,Online,Grocery,FR,15.0,0.07683340235562298,0.08742770742106179,0,3
9524,328,251.1455632178458,POS,Clothing,DE,16.0,0.12689571832175298,0.15839931277772798,0,3
8198,714,265.29766210283617,POS,Travel,TR,17.0,0.14902437290988163,0.21674105446289654,1,3
1866,692,111.54242496663775,POS,Travel,FR,20.0,0.13386087269749591,0.1604786986752779,0,3
5144,794,106.09553936524509,Online,Travel,DE,8.0,0.07587729578241645,0.034105282341760294,0,3
1588,510,96.11050993230342,Online,Food,FR,8.0,0.025532549589405908,0.07695718509711053,0,3
3990,629,425.6818759906076,POS,Travel,US,15.0,0.2889611873301044,0.09347349017345505,1,3
9038,616,100.1956004003866,ATM,Food,UK,8.0,0.15920265112443394,0.08672143076616104,0,3
4695,378,145.42041755800415,ATM,Clothing,US,23.0,0.2998621664825285,0.21106556321619377,0,3
4700,99,147.2976192153507,QR,Travel,DE,12.0,0.2349762225544223,0.18978607512976695,0,3
777,753,236.83751870071762,ATM,Electronics,DE,11.0,0.14788814850236423,0.21562669352711478,0,3
4784,451,36.66147014359425,QR,Food,DE,4.0,0.1951776235501041,0.1510269591141959,0,3
4792,715,363.87278154513945,Online,Travel,DE,12.0,0.537953824657228,0.6028292247510348,0,3
5374,321,48.572017502886126,POS,Food,FR,18.0,0.03381125940117784,0.07512441735884466,0,3
928,213,147.37004556124603,POS,Electronics,UK,7.0,0.24623095879145102,0.1982571506591912,0,3
7836,860,29.199162828161253,Online,Food,US,20.0,0.2501926117349055,0.33558694460106303,0,3
1327,734,324.97131251834753,ATM,Electronics,US,3.0,0.4329875691884127,0.2561425622398888,0,3
1699,921,274.4410319511018,QR,Grocery,TR,10.0,0.0941026805119021,0.07989388958041863,0,3
9447,320,21.782614140464847,POS,Electronics,UK,19.0,0.2916850439786361,0.09848460994235958,0,3
483,470,9.991029243374498,POS,Electronics,UK,13.0,0.13177069934714256,0.15689690758732072,0,3
7937,255,31.16346389861304,ATM,Travel,TR,21.0,0.16630798722648457,0.21342404684349184,0,3
5965,401,841.5214831424859,QR,Electronics,UK,13.0,0.09356697854801185,0.043583354966429254,0,3
1222,564,20.087018374723584,Online,Grocery,TR,16.0,0.10683318985258104,0.6590525711097273,0,3
9431,968,64.82187082581137,ATM,Grocery,TR,6.0,0.053943632758904916,0.06330622459747812,0,3
9041,656,52.40185611295292,Online,Electronics,US,21.0,0.04152556608718716,0.08301562123890947,0,3
5632,100,134.82462278918834,POS,Grocery,DE,14.0,0.06387649418704801,0.050783861181561446,0,3
2671,551,27.17422704960943,Online,Electronics,FR,21.0,0.5825980828908076,0.25052162768877445,0,3
1063,288,419.4851817604354,ATM,Clothing,UK,16.0,0.2895208357523439,0.09566305036953786,0,3
259,862,133.71048107894686,Online,Grocery,UK,21.0,0.1399919396364396,0.07333239189987203,0,3
8837,978,11.256420904278603,ATM,Electronics,DE,13.0,0.09552080943500342,0.0660928564770371,0,3
2488,617,43.04479438288569,Online,Food,UK,15.0,0.4222068162712598,0.25972700242462227,0,3
375,200,45.05854896945615,POS,Clothing,TR,14.0,0.06247970725680475,0.12545185927124927,0,3
9149,183,199.3482736033128,ATM,Clothing,UK,4.0,0.1482268569566244,0.05084840000705097,0,3
2930,203,30.212779809322733,POS,Food,DE,12.0,0.030568181429992486,0.12545941689819584,0,3
2243,905,0.0,Online,Travel,US,21.0,0.09547897463221025,0.06649210133201297,0,3
9124,67,0.0,Online,Travel,DE,22.0,0.03419705926100945,0.14558353904210272,0,3
1947,863,1837.031324934257,ATM,Clothing,US,18.0,0.7224690657498115,0.7557903933315266,1,3
8631,132,262.2915571292377,QR,Food,DE,18.0,0.1685859529666498,0.35614316986309125,0,3
7888,95,233.16113121941893,QR,Clothing,DE,11.0,0.1453497574586877,0.09374439691462735,0,3
4444,411,170.5071213702908,POS,Grocery,TR,21.0,0.0470171528098909,0.024150030935173653,0,3
4572,643,129.14112022321552,POS,Electronics,FR,21.0,0.5980466559590406,0.080165877701145,0,3
4419,857,34.747499804736556,POS,Clothing,UK,16.0,0.34256448531449724,0.21644051326875927,0,3
9368,830,30.476370402914885,ATM,Travel,TR,14.0,0.11693531339878899,0.32585792100211847,0,3
7634,59,398.3193602369517,ATM,Clothing,TR,4.0,0.39862215496093534,0.2770581431145239,0,3
3975,836,203.19408874582666,POS,Food,FR,20.0,0.14984006056576177,0.08864936227422968,0,3
2724,884,257.3149807288448,QR,Grocery,US,2.0,0.19209850663199182,0.11281283665447718,0,3
1377,180,275.3270064990677,QR,Electronics,FR,3.0,0.21142689498263786,0.3668463919234937,0,3
8239,569,79.38202949117202,QR,Travel,US,20.0,0.2624416858840108,0.3110335134855127,0,3
6988,541,257.88339095454035,POS,Travel,TR,22.0,0.36217290534082514,0.11170365992474508,0,3
5766,652,10.488933300130249,QR,Travel,TR,8.0,0.2546116405221095,0.11880352866448182,0,3
2135,574,9.371734794497247,Online,Food,TR,15.0,0.08367326505650738,0.15727738532260926,0,3
618,223,40.25604792309126,Online,Clothing,FR,21.0,0.13669439398142746,0.18320094273604165,0,3
5802,72,181.95459850173725,QR,Travel,US,17.0,0.0923295053448136,0.06007620228446046,0,3
9726,192,466.7665641407328,Online,Travel,UK,13.0,0.36870468422775754,0.2276812405229776,0,3
4098,270,111.41028596775888,QR,Electronics,TR,7.0,0.04500593078869728,0.2008244332723444,0,3
390,508,327.2138579682529,Online,Grocery,US,11.0,0.6365734749436364,0.10686426588024504,0,3
1542,409,200.96524442725018,ATM,Travel,TR,20.0,0.1898639031865512,0.06260704193795828,0,3
9073,378,444.4018689965351,Online,Electronics,US,6.0,0.2180251223337884,0.07443443911515042,0,3
2909,809,4.6241498927438265,Online,Grocery,FR,7.0,0.11842640684355292,0.0628174680438604,0,3
8959,356,22.0669354467699,POS,Clothing,UK,21.0,0.028430005775116562,0.196925200526551,0,3
7079,213,573.5310382575967,Online,Clothing,UK,12.0,0.1816579918192488,0.16834352634481453,0,3
7918,210,55.86916638910523,POS,Clothing,DE,16.0,0.2206886067211027,0.03604919265683412,0,3
6042,414,889.3115973355568,ATM,Food,TR,19.0,0.16501554536566906,0.4214493370865398,0,3
8937,932,839.866237899129,ATM,Travel,FR,1.0,0.9470305793999306,0.5073452503298767,1,3
6760,649,36.4379189870089,Online,Electronics,UK,4.0,0.14673208621453013,0.05713154696793091,0,3
4837,52,112.06111278848671,QR,Food,DE,4.0,0.35798486768845433,0.5042721984377802,0,3
3198,87,446.7903406316156,POS,Electronics,FR,12.0,0.3577252446496411,0.21303035794565772,0,3
7705,544,38.64974501105647,POS,Travel,UK,16.0,0.2163390867910278,0.2922374243183287,0,3
7558,805,85.67754652037218,POS,Clothing,DE,6.0,0.16766434109443212,0.29802482011338804,0,3
8155,665,58.35432614498259,QR,Clothing,DE,13.0,0.19219556987874423,0.11090434600836416,1,3
1272,407,665.7596041048581,Online,Grocery,US,21.0,0.4369347499857793,0.41941918019768754,1,3
1962,212,28.699052367507583,POS,Food,UK,14.0,0.3468075712906953,0.27117460378906655,0,3
6392,802,159.01786538056442,QR,Grocery,DE,14.0,0.29190770138094135,0.36388667201223457,0,3
9512,970,83.45912310620324,ATM,Clothing,DE,15.0,0.149673594319838,0.0987815806489282,0,3
1278,855,76.59477971383228,POS,Clothing,TR,10.0,0.16686896814807312,0.3019996231155175,0,3
9457,849,595.611420959923,POS,Electronics,DE,19.0,0.27159738328526845,0.16898919964539,0,3
6630,303,399.61775654264295,POS,Food,TR,20.0,0.1684642087718856,0.07075972297385166,0,3
2037,751,19.238846230037062,ATM,Travel,US,19.0,0.1474516969599321,0.23109906855362838,0,3
9578,22,90.49396494094925,POS,Grocery,TR,23.0,0.15955945416533987,0.06607630271439484,0,3
9227,488,85.70495188518171,QR,Electronics,DE,15.0,0.16653813256482253,0.18114303615073643,0,3
3632,497,5.101788677398014,QR,Travel,FR,13.0,0.03870868680387884,0.14842580537849032,0,3
8258,577,520.1218328755224,QR,Grocery,FR,15.0,0.19992804309990073,0.07830144204900308,0,3
2173,824,545.7769078082935,Online,Electronics,DE,21.0,0.19878487188280497,0.36038666071241177,0,3
2770,701,24.60630784616618,ATM,Clothing,US,6.0,0.15166175648012759,0.327708738570009,0,3
6948,385,10.537136369803,ATM,Grocery,UK,22.0,0.22654837091194,0.2173224469911294,0,3
1207,98,228.1563165062475,POS,Electronics,DE,11.0,0.04346035023125468,0.2149583496387026,0,3
3705,217,205.14666367814596,POS,Food,TR,9.0,0.3655884546028075,0.4708916890663544,0,3
87,525,58.57383253268609,ATM,Clothing,FR,15.0,0.07088428080371387,0.09152821728175245,0,3
4335,240,71.3731097989039,POS,Food,US,18.0,0.23625536142959586,0.2658718034237244,1,3
1366,290,135.89964142807327,Online,Food,TR,15.0,0.22170190335413767,0.3115414442897729,0,3
4310,505,54.17799191731147,QR,Clothing,DE,20.0,0.23031637810916042,0.17192741311498944,0,3
7147,104,286.92127787700605,ATM,Food,DE,6.0,0.5190040422973775,0.2418819968585751,0,3
9496,47,197.70089640768475,QR,Travel,US,20.0,0.37796647448085874,0.3041054059990393,0,3
363,75,202.01405026751553,QR,Electronics,DE,7.0,0.1440070132685543,0.14299800922624278,0,3
8741,309,55.91397632912555,ATM,Clothing,FR,1.0,0.21212079071943238,0.06029778367151277,0,3
1740,739,375.3608118394272,ATM,Electronics,UK,17.0,0.15663187440353613,0.11393589043721722,0,3
3421,447,136.3851609570242,ATM,Travel,FR,7.0,0.3371269305509397,0.5409676504807304,0,3
9755,839,69.22056533144654,POS,Grocery,US,20.0,0.06251349868889954,0.11162517500842643,0,3
3617,537,96.19588763108777,Online,Grocery,FR,22.0,0.08244616010614242,0.16444931347932068,0,3
792,679,9.693579980124351,QR,Grocery,FR,15.0,0.14908864301183408,0.053118044363232905,0,3
6593,961,102.97649026833778,ATM,Clothing,DE,19.0,0.527584287563905,0.47170205550869976,1,3
1707,531,6.443778449571536,QR,Grocery,US,17.0,0.06398185002297226,0.24611906687235313,0,3
3584,281,122.68944227194386,Online,Clothing,DE,15.0,0.15065154361294605,0.41671206139120526,0,3
7051,867,158.06097421057686,ATM,Food,TR,10.0,0.14523280037863062,0.2553724693241597,0,3
247,23,469.63922182967053,POS,Grocery,TR,15.0,0.133592681121084,0.2599377153725215,0,3
9003,720,84.733426077001,QR,Travel,US,16.0,0.10419894997381464,0.06752656374020137,0,3
5449,669,162.16715611052527,ATM,Electronics,FR,15.0,0.07263343920302717,0.2043183216705722,0,3
292,524,130.41097613284492,Online,Grocery,TR,11.0,0.15702620182715693,0.05827569246740826,0,3
3538,44,75.67487864018172,POS,Grocery,DE,11.0,0.39583141943067607,0.1982023847355815,0,3
2740,801,119.62021953244913,QR,Grocery,FR,21.0,0.15745006212554077,0.09727195396688798,0,3
1305,136,81.43307034386281,Online,Travel,UK,15.0,0.07569899665378388,0.051256358310363515,0,3
5977,931,338.069661499028,ATM,Travel,FR,16.0,0.41913643865157274,0.36480446960032475,0,3
2609,617,267.3275378967004,ATM,Grocery,UK,12.0,0.24197597761166217,0.08949261986176993,0,3
4843,616,83.58913104186489,QR,Electronics,TR,6.0,0.10576926472505352,0.4223526006487516,0,3
2672,140,297.6663052476448,QR,Clothing,DE,18.0,0.3681737162532756,0.23601016849294126,0,3
1958,769,171.72392856231107,ATM,Electronics,TR,12.0,0.13671071584272665,0.14435740293668622,0,3
9182,661,68.25229100220402,Online,Travel,UK,21.0,0.3646760483681415,0.21581837932324963,0,3
4624,300,82.75620239334134,POS,Clothing,DE,13.0,0.2952940381372466,0.3075256459523995,0,3
9731,57,549.711543640567,POS,Grocery,UK,17.0,0.19885815573982943,0.1871067041042786,0,3
4915,850,19.650930844644208,ATM,Clothing,TR,21.0,0.3112316950390274,0.16159834899553685,0,3
728,859,3.4493360892488307,POS,Food,US,19.0,0.058801567882187544,0.10464697911077157,0,3
5625,212,77.09631967344717,ATM,Clothing,FR,23.0,0.2530209888855633,0.20163583162927223,0,3
72,870,52.175932802410884,Online,Grocery,FR,22.0,0.03184530017926196,0.22793585461897897,0,3
5737,778,56.72884643692572,Online,Clothing,FR,14.0,0.2993911487109116,0.03441437391704007,0,3
6437,296,91.14808915632298,QR,Food,UK,17.0,0.14028320885567114,0.11317237962092519,0,3
8186,145,59.1835616008526,Online,Grocery,US,22.0,0.0729039449171712,0.08908139643455662,0,3
3901,839,65.79942798629044,POS,Food,UK,13.0,0.21961580449919949,0.05591121214139262,0,3
1153,731,45.05214364720861,ATM,Electronics,FR,9.0,0.1237190147642682,0.09484077191928661,0,3
6145,121,272.1692880173476,ATM,Electronics,FR,22.0,0.4534363733481718,0.12470207382010665,0,3
3601,513,125.98037152371097,POS,Grocery,TR,16.0,0.1391245463806711,0.09552508710407863,1,3
3642,777,485.30590748680925,POS,Food,DE,4.0,0.4902352384716192,0.11513841580992115,0,3
6963,59,57.99328935924113,POS,Electronics,UK,20.0,0.5003723092233813,1.0,0,3
8199,769,121.14213181720224,Online,Clothing,TR,11.0,0.14534782653464712,0.20912272982023697,0,3
3721,749,12.670918904129055,ATM,Travel,UK,21.0,0.0513334544758363,0.040682330360119395,0,3
4746,957,353.96400687561396,ATM,Electronics,DE,2.0,0.23821676064867456,0.14946781261558767,0,3
6328,193,276.5925507158327,POS,Food,NG,23.0,0.20972565212202518,0.28272641815639366,0,3
5141,617,86.10570486860126,QR,Food,DE,12.0,0.1755847202681934,0.1265762866146135,0,3
4914,550,475.37268430540735,Online,Clothing,TR,8.0,0.03161436860471864,0.06271676413123081,0,3
4839,975,202.57754853075912,POS,Food,FR,23.0,0.1319922513437284,0.056144962859714084,0,3
4159,984,254.869298660385,POS,Electronics,FR,10.0,0.18787617084483493,0.325698828814291,0,3
8179,325,560.206435737777,Online,Clothing,FR,3.0,0.1636480787092371,0.1316066064522189,0,3
3633,765,8.676533898599821,ATM,Electronics,FR,15.0,0.2175209005633415,0.1855398955276614,0,3
6441,799,163.15105655808472,POS,Travel,DE,16.0,0.2959299988767006,0.20146946639975977,0,3
394,110,45.28652182202155,QR,Clothing,FR,14.0,0.03796907995095725,0.13230096399911084,0,3
8430,610,63.67761557592608,ATM,Grocery,UK,22.0,0.08386988499710521,0.35116334523550813,0,3
2095,11,378.1255300742886,POS,Clothing,TR,11.0,0.1563377414600765,0.06859867831270522,0,3
172,382,425.2817203855882,POS,Clothing,UK,23.0,0.07293023891423486,0.07773027082265957,0,3
4354,194,349.7136401338765,POS,Travel,DE,20.0,0.2630526043212279,0.17925094986286308,0,3
9324,554,484.26171976934336,POS,Travel,DE,19.0,0.19854660003028304,0.39308241508331027,0,3
5158,83,128.3779959973054,QR,Grocery,TR,13.0,0.055285332884237606,0.5381663459125801,0,3
6481,832,459.77326822323414,POS,Grocery,US,23.0,0.4745045981995642,0.16468946957203598,0,3
9404,835,114.73682948950501,QR,Electronics,TR,17.0,0.15108452968069985,0.3274686341358162,0,3
7806,437,0.0,Online,Travel,UK,16.0,0.3392047680323649,0.14939806768931427,0,3
2571,120,32.6077003587619,POS,Travel,US,2.0,0.07402504558286273,0.03217444325241815,0,3
1236,138,148.22004530933046,POS,Electronics,UK,14.0,0.1526842896617123,0.10912635338288465,0,3
8879,273,21.553549994743094,POS,Grocery,DE,17.0,0.12915553542982205,0.3810299646231421,0,3
5962,336,343.5943881599663,ATM,Electronics,US,7.0,0.5165985878655547,0.5026943267699593,0,3
1797,500,139.46373111727613,ATM,Grocery,FR,4.0,0.748419844972496,0.6576203687690422,1,3
5594,830,126.40793752681374,Online,Food,US,21.0,0.5862476535315969,0.26883852763852334,0,3
5371,907,52.64786191749935,QR,Travel,FR,5.0,0.09249104283507395,0.08205473166755615,0,3
8835,886,232.60877032895016,POS,Clothing,US,1.0,0.5234755914456881,0.2741996055059448,0,3
1620,287,131.29321712875654,QR,Clothing,US,16.0,0.3200489079022376,0.11876912049460292,0,3
8048,762,83.36046417464999,ATM,Food,TR,17.0,0.048416118970913614,0.06783637737952475,0,3
9041,133,20.552327497877485,Online,Electronics,DE,23.0,0.030654764575992373,0.12670485724746466,0,3
2708,614,116.6918844028033,ATM,Clothing,DE,14.0,0.21380202728607306,0.4499272320153646,0,3
5298,616,307.10153298056485,ATM,Clothing,UK,17.0,0.3240870693601162,0.6552611145688298,0,3
2572,937,435.73454000734563,QR,Clothing,DE,22.0,0.11853190908858792,0.09280162467118325,0,3
9261,905,9.309872693788453,POS,Clothing,US,22.0,0.053248584949608976,0.14344551894232496,0,3
6634,251,17.223172150779025,QR,Grocery,FR,15.0,0.11853708418956305,0.18971904773781864,0,3
256,82,68.74633247132549,ATM,Clothing,FR,23.0,0.11443802817317389,0.03864679953906125,0,3
2649,541,58.64415824702391,Online,Clothing,US,11.0,0.09627839652038078,0.07860336912301018,0,3
7113,711,59.56398968536132,QR,Electronics,TR,20.0,0.032302730942835096,0.1911099930967176,0,3
2630,289,211.93423248412898,ATM,Clothing,FR,19.0,0.027055070954008123,0.03457545946060715,0,3
4281,237,31.22759146569127,ATM,Grocery,TR,19.0,0.03360737563532143,0.23678874229270186,0,3
9033,968,187.3011271336665,Online,Electronics,UK,6.0,0.15192552438254978,0.2629893858615471,0,3
1114,105,157.11439874433455,ATM,Clothing,UK,22.0,0.4167013804633043,0.12709248359786252,0,3
2992,55,166.96660048806552,ATM,Electronics,US,5.0,0.11866174622446553,0.0663258092192072,0,3
26,649,313.0822131385919,Online,Grocery,UK,11.0,0.3012662005465772,0.22577165314684217,0,3
4425,136,363.4974254653646,POS,Travel,FR,20.0,0.08787117768209979,0.3637100582350628,0,3
9659,206,286.550475012071,POS,Travel,TR,9.0,0.3143446035270359,0.5056406864151045,1,3
6145,236,14.131028491495524,ATM,Clothing,TR,22.0,0.0507558586040337,0.12816888353401615,0,3
9212,498,13.901847834979982,QR,Travel,UK,13.0,0.3698113987676322,0.47000231624832833,0,3
9167,61,23.023703096529363,ATM,Food,DE,18.0,0.23253267055377433,0.1709142120202007,0,3
7486,196,26.848540754442233,Online,Clothing,DE,15.0,0.3859677292917035,0.1135232822392962,0,3
5575,339,131.0018684517125,POS,Food,TR,20.0,0.7496854382588609,0.12117946971007737,0,3
8379,75,207.8102740101903,ATM,Electronics,US,22.0,0.06107927254949266,0.19639238816794546,0,3
8084,390,52.120551903860346,ATM,Travel,US,23.0,0.07476399098453912,0.45075175418558405,0,3
5921,193,179.4347495238345,Online,Food,UK,21.0,0.23246271444396646,0.1228456972025866,0,3
3029,37,32.74168591860398,Online,Food,FR,12.0,0.6093159069202196,0.4729550688029832,0,3
2484,672,15.136593513784595,QR,Electronics,UK,9.0,0.17926168389134747,0.10636082816348473,0,3
8613,59,45.10750682841593,QR,Clothing,UK,14.0,0.07003994741494894,0.051384354244328787,0,3
4025,695,235.5571788606484,QR,Electronics,UK,11.0,0.20314276476877546,0.03804821215577836,0,3
5061,458,509.6091541690656,QR,Travel,FR,10.0,0.2028630102356593,0.5605069315675995,0,3
5243,597,167.49775447087106,POS,Grocery,TR,3.0,0.40118991246167846,0.12795050920314388,0,3
4503,983,402.81107465543573,ATM,Electronics,DE,9.0,0.08592565101559699,0.35974473700234894,0,3
3451,718,290.5281633914716,QR,Travel,FR,21.0,0.19821682924975487,0.3368701913256987,0,3
9466,756,627.6480824760116,Online,Travel,FR,16.0,0.21436848841996525,0.08160532156239567,0,3
7352,21,59.89538244332944,QR,Grocery,UK,21.0,0.09309528208768121,0.3269013590995134,0,3
3786,451,38.918609200727346,Online,Grocery,US,5.0,0.19600843824306924,0.06515378167219471,0,3
5707,755,32.69071803100271,ATM,Electronics,DE,17.0,0.6885899890978269,0.15213956163510403,0,3
830,202,96.82627556785401,QR,Clothing,TR,11.0,0.8901062480899817,0.14868710425000858,0,3
2889,118,891.363965354708,Online,Grocery,US,5.0,0.3327543832873635,0.44650079030437945,0,3
8040,824,586.2963349299114,Online,Grocery,DE,12.0,0.3012044730676288,0.06230431419066723,0,3
3189,192,0.0,POS,Grocery,FR,11.0,0.1159331322009006,0.049517206190445445,0,3
8539,297,25.141199117162103,Online,Grocery,TR,22.0,0.2748165374585224,0.11413757577873682,0,3
5150,479,59.23431743370934,ATM,Electronics,TR,16.0,0.44270606541813096,0.10418646540165573,0,3
3541,7,22.691877757516128,POS,Grocery,FR,22.0,0.23117770334885898,0.16784611063199,0,3
6008,104,0.0,ATM,Food,DE,21.0,0.10804067349899614,0.05766446814569656,0,3
7339,716,557.5284811481007,Online,Grocery,FR,8.0,0.15423988815010564,0.742928677629042,0,3
3547,578,1024.8537171231608,POS,Food,US,7.0,0.8037359568478758,0.23350832956578538,1,3
9200,992,7.838742073846941,Online,Food,US,10.0,0.2442430660721695,0.10705281647374636,0,3
1348,941,107.70907291521611,POS,Clothing,US,11.0,0.12712179999372344,0.1252440339605377,0,3
7209,143,223.4027030634271,POS,Food,UK,6.0,0.39061222700198067,0.2377625440094498,0,3
3055,24,248.0158885374796,Online,Food,TR,2.0,0.09686638619985448,0.06408574307654658,0,3
38,915,0.0,ATM,Travel,US,22.0,0.0349051649673903,0.27592255337589666,0,3
105,337,74.07913006898109,POS,Grocery,DE,17.0,0.31900694049295225,0.20211137457486658,0,3
7646,681,132.72850724770421,POS,Grocery,TR,7.0,0.6125136717645343,0.11726512629900074,0,3
8474,137,299.8335562128336,POS,Clothing,TR,9.0,0.2103592348223637,0.24438854889223666,0,3
8472,203,49.168547121530665,Online,Grocery,TR,20.0,0.1780837634889021,0.2917108581382166,0,3
2080,237,193.57869407622135,Online,Food,US,16.0,0.08352721783178342,0.1537022332581557,0,3
8547,5,401.0075742584126,QR,Travel,UK,7.0,0.14533404978541314,0.3379692205089732,0,3
2103,330,708.1635779589957,POS,Travel,TR,23.0,0.030751611126455268,0.18173643404253476,0,3
5741,569,353.6336734399161,QR,Grocery,TR,11.0,0.3504927961148203,0.14881636137667806,0,3
6711,442,123.27840053855493,POS,Food,US,22.0,0.49396504649445677,0.043241301527978504,0,3
4720,789,15.307070009756753,QR,Electronics,DE,14.0,0.5272518651942589,0.41512292690866726,0,3
996,181,66.46365838489162,QR,Electronics,FR,1.0,0.07802858187626671,0.03791514837853939,0,3
9254,157,163.770080545567,QR,Grocery,UK,23.0,0.13694418727569194,0.08764813317898142,1,3
7328,124,19.884552240600666,Online,Electronics,TR,16.0,0.038028394583248575,0.2695806945203886,0,3
8312,725,403.3938736881714,QR,Grocery,DE,12.0,0.1395386629682727,0.05631370536052763,0,3
3378,982,0.0,ATM,Clothing,FR,17.0,0.04862246823552875,0.07156239588063464,0,3
810,235,49.275868944567854,Online,Food,US,12.0,0.06651682319933072,0.14637374390797053,1,3
5440,493,306.5692002316668,POS,Travel,UK,3.0,0.11637740926374557,0.23856836789769728,0,3
9787,842,168.1634546073097,POS,Clothing,TR,6.0,0.19171300974546274,0.10801908048727471,0,3
9975,402,187.71468736724566,ATM,Electronics,FR,21.0,0.3229635969847563,0.31474795078396245,0,3
3922,142,73.7499454460461,QR,Electronics,TR,2.0,0.10814580882760325,0.11705437419750724,0,3
6127,209,105.88204134966288,QR,Grocery,FR,8.0,0.06111524840997055,0.19046858709613446,0,3
3227,191,181.07613610045814,ATM,Food,US,20.0,0.13120244767957723,0.18711078267840903,0,3
8828,798,112.03598369866492,ATM,Travel,TR,19.0,0.33957477509685735,0.23363232974353113,0,3
9763,810,166.51051960059417,QR,Grocery,US,12.0,0.06577123518947822,0.34716572879773827,1,3
9663,267,1.7810472442968202,POS,Electronics,US,14.0,0.03184682469813731,0.07586840627110096,0,3
4929,370,96.08489993150272,Online,Grocery,TR,5.0,0.26340314946877286,0.13817753478643993,0,3
9170,226,3.8112938452809804,ATM,Electronics,DE,23.0,0.02571218165158069,0.1010809211026873,0,3
9764,428,727.9737931249646,QR,Grocery,TR,13.0,0.11517123357842833,0.14165067826351768,0,3
1585,301,12.320884928239018,POS,Travel,US,7.0,0.10564021232313583,0.07528246212157105,0,3
8596,538,159.07210040474143,ATM,Electronics,TR,16.0,0.34319507767017343,0.0999054773812668,1,3
6028,742,386.0888654884939,Online,Electronics,TR,8.0,0.08968222905504894,0.04180648013386548,0,3
2822,239,1.4761620631512418,POS,Grocery,TR,13.0,0.06271463389580584,0.20191304689102244,0,3
200,813,43.85771695599241,POS,Travel,DE,10.0,0.1342470214742648,0.19463112075338693,0,3
218,68,348.94647777996096,Online,Food,DE,20.0,0.11853260549707795,0.11635707564380732,0,3
5214,460,176.86152923305113,Online,Electronics,US,4.0,0.33240297145187864,0.20884819155183607,0,3
7611,677,127.32518031889619,Online,Food,US,8.0,0.16762794271887152,0.1644645269009665,0,3
1910,564,289.34396490497784,POS,Electronics,TR,16.0,0.190778349677233,0.10857080683981292,0,3
6098,490,26.885532873740512,Online,Grocery,UK,9.0,0.1334810482299983,0.036237115288866986,0,3
2856,40,74.60937721272997,Online,Grocery,US,21.0,0.14377644031577363,0.03225416262671643,0,3
8509,449,128.23105213511553,POS,Grocery,UK,6.0,0.5598163902573194,0.10343884839733174,0,3
7088,258,25.843420155910724,POS,Electronics,UK,13.0,0.17725836756690908,0.2229379566395742,0,3
2504,436,28.063829230492306,POS,Electronics,UK,9.0,0.42363493857273576,0.39337862482286684,1,3
3107,747,33.7236450084907,POS,Grocery,DE,19.0,0.209393576211689,0.37846125826107596,0,3
2170,566,378.9335903776241,POS,Food,FR,19.0,0.2025680169397165,0.04946889142326884,0,3
1740,451,533.9928974328473,Online,Grocery,TR,21.0,0.44349768574483917,0.5016666671224678,0,3
4658,913,0.0,Online,Travel,FR,18.0,0.2676907780127847,0.06106025540844473,0,3
2765,71,42.16907577017889,POS,Food,US,14.0,0.02837428020176127,0.18863947184699598,0,3
9128,552,134.46326803839963,POS,Electronics,UK,17.0,0.15991400384813317,0.11084469248457879,0,3
5888,58,21.635946942894268,QR,Electronics,TR,22.0,0.2758691093572371,0.12935041889355348,0,3
8106,267,90.7560324649496,QR,Clothing,US,8.0,0.07275539393865049,0.045737041237115375,0,3
861,269,16.220699319058795,ATM,Grocery,TR,21.0,0.11274077238420961,0.08269900486732809,0,3
8123,962,175.40953637019274,ATM,Electronics,DE,19.0,0.1213545533534592,0.3262640565657597,0,3
1378,612,93.82882629020112,ATM,Clothing,UK,20.0,0.23916433742405668,0.1290685367097369,0,3
6525,827,43.23907416927716,POS,Grocery,DE,22.0,0.07667509726360718,0.1218308008139603,0,3
6655,380,280.89401783706154,POS,Food,FR,16.0,0.05201418326902845,0.0387668544861217,0,3
2698,553,255.5558418029298,ATM,Travel,US,21.0,0.13892657443669781,0.17857861744222428,0,3
2039,170,373.0688642821499,Online,Electronics,UK,16.0,0.026021116614434098,0.02559531141533362,0,3
5184,612,0.0,POS,Travel,FR,23.0,0.49185182218187223,0.1313938704086872,0,3
5745,608,285.71020153807933,Online,Food,DE,20.0,0.08366887391206795,0.11338082425355994,0,3
7602,200,111.52744072711818,ATM,Electronics,FR,16.0,0.058622925228819844,0.024910064010519622,0,3
9110,659,128.28422147514223,Online,Food,TR,20.0,0.03675541372890996,0.06827954041660177,0,3
4996,753,482.1384911936938,POS,Travel,TR,18.0,0.5099169580219793,0.1626975186412255,0,3
3712,561,6.492085556365503,QR,Travel,US,22.0,0.06771937146827264,0.06937386839007295,0,3
9651,53,28.570608480416766,ATM,Food,FR,20.0,0.05379959739631612,0.2335389101021752,0,3
7159,553,106.00275056188907,ATM,Travel,US,13.0,0.13018571219098662,0.14519400841444666,0,3
7422,334,140.7255520389525,POS,Clothing,TR,21.0,0.0718510274717113,0.15872017892739076,0,3
1496,363,42.9992406429093,Online,Electronics,UK,15.0,0.03960675492925268,0.027998344133275888,0,3
2833,816,21.712343405139634,ATM,Clothing,DE,22.0,0.03199939925613601,0.04365566689629252,0,3
7248,882,10.521305787249217,ATM,Electronics,US,21.0,0.09689565221358543,0.12636940300931376,0,3
3453,59,443.853775662509,ATM,Clothing,TR,4.0,0.10488835511591392,0.34101754917290455,0,3
2972,522,71.53544590319402,Online,Grocery,TR,14.0,0.0888594164526834,0.14333145835548022,0,3
6103,757,5.375006585664176,Online,Food,US,21.0,0.20955916558568,0.19789096037183843,0,3
5355,232,180.96698503314946,ATM,Electronics,UK,22.0,0.13102659049162985,0.10128414615467579,0,3
9645,917,42.67556139701299,ATM,Food,DE,16.0,0.21324306828330186,0.13804764925318483,0,3
769,786,46.88069316072098,ATM,Electronics,UK,20.0,0.41229789824704743,0.4202898262688654,0,3
7939,573,756.2320904320079,ATM,Grocery,UK,17.0,0.4000641919571959,0.20619357748939995,0,3
5369,133,349.6961996999396,ATM,Grocery,TR,4.0,0.4420491035610613,0.21302498554886093,0,3
2425,147,21.17184763096301,Online,Food,FR,17.0,0.5024362471331766,0.30341487021243874,1,3
7370,865,81.98015608587582,QR,Travel,US,3.0,0.20654440753961767,0.07655586335547765,0,3
680,912,79.03513080016309,Online,Food,DE,10.0,0.06636781805400813,0.05694616374665537,0,3
7172,438,77.99840800055553,ATM,Grocery,US,13.0,0.12466135617673667,0.1632772699008793,0,3
3083,769,100.06252265960855,POS,Grocery,TR,20.0,0.04295302393427831,0.08668350992549499,0,3
585,663,197.5824864640027,QR,Travel,TR,22.0,0.09624615978092749,0.22605065581176548,0,3
5125,270,44.977326033658635,POS,Electronics,TR,5.0,0.1975731288052244,0.3732747900293528,0,3
1249,719,15.608352724826437,POS,Travel,FR,13.0,0.061005421939817284,0.091301093537465,0,3
8299,843,355.7808412730745,Online,Food,UK,21.0,0.08861769027913151,0.313870107634742,0,3
3215,81,40.080521252632224,ATM,Food,FR,15.0,0.034158783943934,0.14119541400380403,0,3
9814,596,115.43707258602063,POS,Food,US,13.0,0.13439591505856385,0.07150399713907747,0,3
3842,642,15.894365717576274,QR,Food,DE,16.0,0.09508804640970445,0.2901331483340033,0,3
7678,899,167.49021137514933,QR,Travel,UK,22.0,0.3032422144509521,0.3724300073133177,1,3
4123,550,77.07337653335222,QR,Electronics,DE,22.0,0.20930495141778493,0.07201064049039878,0,3
5337,52,60.53430740794208,ATM,Clothing,US,8.0,0.08891374663570563,0.2785871494693843,0,3
9439,11,142.53039290552286,QR,Grocery,FR,21.0,0.06729592936586061,0.3041100050959182,0,3
667,669,84.18953196539658,Online,Clothing,US,4.0,0.4116921177218284,0.2128140298625849,0,3
8420,246,208.71510010267386,POS,Food,FR,15.0,0.1814255315251045,0.3505255092379117,0,3
1839,903,216.9094411826696,ATM,Grocery,DE,13.0,0.3501553771774935,0.6598827707673192,0,3
6605,206,73.94642387841606,ATM,Clothing,TR,22.0,0.1880951690006694,0.33173077965235953,0,3
663,939,513.286415574834,POS,Clothing,DE,23.0,0.13779460623734258,0.0403023961501973,0,3
6651,715,101.04578408350609,POS,Grocery,US,21.0,0.0657190860502206,0.08738018781842415,0,3
1958,135,32.62041116054638,Online,Travel,DE,4.0,0.09350991405945361,0.0636659312787899,0,3
6183,87,742.1276998014687,POS,Clothing,US,15.0,0.151002749016011,0.2233603944507304,0,3
3685,421,0.0,Online,Clothing,UK,20.0,0.044490839931924125,0.07606844524559044,0,3
1131,97,625.44912442297,ATM,Electronics,FR,23.0,0.14270657007214715,0.17475320904744038,0,3
2930,808,56.94160624082504,ATM,Grocery,FR,4.0,0.33155175931253034,0.5348526308612636,0,3
5145,498,169.95096858655978,QR,Electronics,US,22.0,0.2635516987856798,0.05842345888005709,0,3
8824,5,16.94468782853165,ATM,Clothing,UK,14.0,0.1231091606291562,0.34995572478590514,0,3
7530,661,115.62559023078579,Online,Travel,FR,4.0,0.38596877306441985,0.31090087753485424,1,3
9861,913,165.53265601504728,POS,Grocery,UK,13.0,0.6338862821627077,0.8499328483072041,0,3
4738,507,156.21218502066108,ATM,Clothing,FR,7.0,0.3396585790999285,0.5083200314600382,0,3
8782,440,87.6503899014935,QR,Grocery,UK,15.0,0.1158711337953938,0.08127980674674054,0,3
4309,915,78.04694935352316,ATM,Food,TR,11.0,0.1900699140743977,0.03925009072277444,0,3
5780,272,1.3693275214944483,QR,Grocery,TR,19.0,0.15616523322818432,0.2893655048781071,0,3
4617,395,190.11723454808546,ATM,Travel,US,22.0,0.19456295153948583,0.13735024550960137,0,3
9813,861,178.46052656120656,ATM,Grocery,US,12.0,0.048032991390349264,0.16268342998085802,0,3
4759,247,109.84836217697489,ATM,Travel,DE,13.0,0.32389395930053794,0.5867528188680075,0,3
403,141,25.62958614503037,ATM,Clothing,UK,22.0,0.35716914502064556,0.4067932049977525,0,3
1986,335,44.31171439854404,QR,Travel,DE,2.0,0.11947560204493296,0.03630479602541973,0,3
448,558,115.37208780143158,ATM,Clothing,US,23.0,0.044182648390231144,0.05390581937717229,0,3
3408,946,408.4738337921614,Online,Electronics,DE,12.0,0.21266370427628067,0.3166040403247515,0,3
4150,24,93.69592534355856,QR,Travel,FR,10.0,0.12183269745629532,0.2803599067571261,0,3
8888,35,452.3297484051444,ATM,Grocery,DE,14.0,0.0535154210112537,0.06573667681416052,0,3
7843,279,5.276304701451659,QR,Clothing,FR,7.0,0.031028388531447286,0.04019819397983232,0,3
9570,29,130.14974911357376,ATM,Grocery,US,17.0,0.04058535842480865,0.06827337129732974,0,3
9087,239,3.9732015661484494,POS,Travel,FR,19.0,0.05735982462685091,0.0371663372174045,0,3
2050,790,169.4570361255467,POS,Travel,US,22.0,0.14351238319910986,0.16732162943249543,0,3
6863,75,56.06943385846022,ATM,Grocery,FR,14.0,0.10029763706268419,0.05447972811122928,0,3
2525,365,417.7951932832651,POS,Food,DE,19.0,0.08416726392866392,0.2123375023735371,0,3
9981,807,109.54780824473099,QR,Travel,TR,6.0,0.044941248803288814,0.3063916781991246,0,3
204,412,378.95310583609256,QR,Grocery,UK,20.0,0.24514896480764717,0.3037604216877777,0,3
9162,34,84.64991705133656,POS,Clothing,FR,23.0,0.10966593070539876,0.08464450845743524,0,3
6712,262,12.059970240309777,POS,Clothing,DE,16.0,0.35132319866738587,0.3548563518239426,0,3
3967,836,40.24401083678083,POS,Grocery,FR,21.0,0.18391852081522506,0.3853858703387589,0,3
1331,124,234.6222218901004,QR,Electronics,TR,11.0,0.4159914849717042,0.29171933149025725,0,3
8835,101,632.8081139441354,ATM,Food,FR,21.0,0.07094186181713796,0.2607040101697211,0,3
4368,44,0.0,ATM,Grocery,US,5.0,0.19081650980602194,0.1577244153948311,0,3
6628,72,60.572236372220026,ATM,Food,TR,20.0,0.4607004302564191,0.442089288045298,1,3
261,780,49.32244225607477,Online,Clothing,DE,23.0,0.10880635705779679,0.032933957169016245,0,3
7501,385,25.623740612944218,ATM,Travel,DE,17.0,0.07908246903092836,0.06909259528038252,0,3
5508,345,32.601729517225,ATM,Electronics,TR,5.0,0.15245924911323872,0.21664176253872183,0,3
3814,297,2.435207326098947,Online,Clothing,TR,21.0,0.11196833667488931,0.16690869749035023,0,3
8963,429,571.867330594467,Online,Food,DE,23.0,0.2814453519591092,0.38648296197171644,1,3
6656,663,267.2750840628729,QR,Clothing,UK,16.0,0.09053118623117076,0.14813993857530583,0,3
8298,855,443.898716916436,POS,Electronics,US,23.0,0.23541630955474235,0.026180513392174382,0,3
212,70,597.3094790984615,POS,Electronics,FR,13.0,0.08873413041162612,0.06966230825149348,0,3
2900,53,71.01342030778196,Online,Food,DE,21.0,0.8025980213553157,0.4062160178052798,0,3
290,467,546.2686418898509,POS,Food,US,9.0,0.20340356350379796,0.44538789237110704,0,3
5135,725,300.97698564497676,ATM,Clothing,US,19.0,0.3795712944095529,0.18689312339906775,0,3
7084,457,564.98448992258,ATM,Electronics,TR,22.0,0.22163609024740072,0.20288487610660833,0,3
3039,686,49.757387555526144,POS,Clothing,FR,14.0,0.07747743525779648,0.14759930975426597,0,3
6469,547,351.95207065372955,QR,Clothing,FR,18.0,0.13563093487349795,0.03697830533594639,0,3
4104,264,0.9219160049345632,ATM,Food,UK,18.0,0.10726992762275286,0.027024771915630574,0,3
327,70,188.38426761260348,ATM,Travel,FR,8.0,0.3112127452813357,0.06933362694502292,1,3
5919,641,209.8639103502779,Online,Grocery,FR,7.0,0.21465183599732018,0.09993597703409138,0,3
9241,813,104.26076456476828,POS,Travel,FR,13.0,0.16800229372915218,0.26232414855887043,0,3
6518,375,996.9175260015106,ATM,Travel,FR,15.0,0.34261517331752045,0.4282777175427421,0,3
6905,168,1061.3086068180623,Online,Food,US,3.0,0.29000765059688366,0.4508284134297848,0,3
1454,515,27.816066598535535,ATM,Food,TR,14.0,0.07260001114880801,0.052105271882151374,0,3
3004,854,156.16697571191528,Online,Food,TR,15.0,0.142701861698661,0.35086193211483596,0,3
5282,686,11.718226633964335,Online,Grocery,US,16.0,0.0320200127904556,0.07781262746596447,0,3
5960,280,40.89638286573037,ATM,Clothing,TR,22.0,0.10700933573819424,0.700812037581157,0,3
6936,266,285.3816504757023,Online,Food,UK,11.0,0.11076889860961059,0.07176108464851437,0,3
2361,795,74.12102788461159,POS,Food,TR,14.0,0.03026874934808659,0.1250792936957507,0,3
1211,281,73.43529586500999,Online,Grocery,TR,22.0,0.26364106331757564,0.055382405107889984,0,3
1316,370,375.27152570231914,ATM,Clothing,DE,17.0,0.12314846691987907,0.06365218789129125,0,3
8093,773,32.72007090273261,POS,Grocery,US,22.0,0.07003804159273117,0.08111803032165267,0,3
8246,707,234.01721515929685,ATM,Clothing,UK,15.0,0.12274022299022735,0.5374052811712835,0,3
4047,742,630.3367860567917,ATM,Travel,DE,2.0,0.2746022210420824,0.3352146901324936,0,3
54,82,227.0129743480819,ATM,Travel,TR,19.0,0.14015826169735,0.10954793642297758,0,3
2884,125,100.06163392905692,ATM,Food,TR,18.0,0.23431115983047918,0.20086446624659104,1,3
4199,577,42.27173353144188,QR,Grocery,FR,22.0,0.06978229523632178,0.10170496692043302,0,3
2135,81,24.237850187130626,QR,Travel,DE,13.0,0.06759327116835989,0.10207721165138428,0,3
7620,702,8.010774671983363,QR,Food,UK,22.0,0.18268480246144977,0.08883124212631685,0,3
789,2,221.35951835561636,POS,Grocery,US,11.0,0.5610548535550237,0.38896165514639436,0,3
4833,187,14.217775494792491,Online,Grocery,UK,17.0,0.08275692661936992,0.11593318020607232,0,3
635,167,238.12882711739326,POS,Clothing,US,16.0,0.13705191503576722,0.18613088394138155,1,3
4447,196,8.390762256446626,Online,Travel,UK,22.0,0.06615504629580632,0.5300881219444882,0,3
7049,678,243.34471010101055,QR,Electronics,FR,3.0,0.29064708854711263,0.2518196224872233,0,3
7894,877,31.522558853253386,ATM,Travel,TR,16.0,0.05670801490604624,0.08836956908339422,0,3
6871,281,64.90241943214001,Online,Electronics,FR,9.0,0.1092117632193347,0.17074456795953966,1,3
9946,991,24.84375530647553,POS,Electronics,TR,13.0,0.12954075376846924,0.10202510023614289,0,3
8883,810,110.20654495847224,Online,Food,US,8.0,0.06782835192619385,0.21546791636107582,0,3
7121,752,492.1949572498607,POS,Travel,US,18.0,0.11849135378663087,0.40220532441187,0,3
612,818,202.3453730681769,Online,Food,TR,11.0,0.06722522173493771,0.4533919646384813,0,3
4960,557,123.41329660394985,ATM,Electronics,FR,21.0,0.5023753048104119,0.48836718638333726,0,3
1586,826,163.0662167524806,Online,Electronics,DE,16.0,0.3434409542292151,0.45997331435337935,0,3
7408,552,199.0090873742219,Online,Clothing,TR,9.0,0.13649495565245642,0.1494028744016596,0,3
8810,980,153.64120671073076,Online,Travel,US,17.0,0.05386867327744285,0.13743976188418083,0,3
5527,204,13.762963212282898,POS,Travel,TR,2.0,0.12771854137242752,0.06658957062352487,0,3
8494,860,11.292082906412032,POS,Food,TR,18.0,0.24263323147364632,0.24529314115956605,0,3
4951,83,36.61790538292963,ATM,Clothing,FR,21.0,0.12172326863232237,0.25261843758423147,0,3
5506,257,31.752845150636148,Online,Clothing,US,13.0,0.10031682299433645,0.3358562638295598,0,3
5575,526,202.76170436392164,QR,Travel,FR,15.0,0.19648654479890673,0.10896440074803868,0,3
1278,336,17.904035655809952,POS,Food,US,7.0,0.09046217112266355,0.0709867627957366,0,3
7062,247,36.38999795301259,QR,Clothing,TR,3.0,0.2036222079855568,0.23062647787633783,0,3
5933,915,4.426204805434889,POS,Grocery,US,14.0,0.07331861818511375,0.06405108316859517,0,3
3719,673,0.0,Online,Grocery,DE,10.0,0.07888025660262689,0.05761771097551757,0,3
2307,371,318.1776511327383,Online,Travel,DE,21.0,0.22760943129604147,0.5049063197069107,0,3
6966,680,53.56958769429769,Online,Grocery,US,16.0,0.2268944693461083,0.12380334567858986,0,3
631,963,56.290586268214334,ATM,Food,UK,18.0,0.4774543905783075,0.22462714028399008,0,3
3705,395,345.4373855714232,ATM,Grocery,FR,17.0,0.10360327347800799,0.07979909090438618,0,3
3984,288,219.53274159535016,ATM,Travel,US,6.0,0.13556964718027797,0.2810470872663203,0,3
4769,65,10.3149181862117,POS,Electronics,UK,21.0,0.17902847593754234,0.10667149983888558,0,3
1591,991,91.66608003952264,ATM,Travel,TR,12.0,0.16718233290217754,0.2876529611982556,0,3
9476,893,0.40858898698242463,ATM,Electronics,US,22.0,0.31011424742258836,0.10568976410878247,0,3
9267,734,33.37478475619527,POS,Travel,DE,17.0,0.21620530774244104,0.09729928871975389,0,3
6804,37,144.8297766246153,POS,Clothing,US,23.0,0.06656694383745072,0.2712473731167482,0,3
4697,17,64.92045760893178,Online,Travel,TR,21.0,0.31226672902152436,0.2370098339704065,0,3
7278,616,308.6466376640037,ATM,Grocery,FR,11.0,0.1125637295455573,0.885568314791457,0,3
844,529,15.67652170631793,POS,Electronics,US,18.0,0.02842878492357559,0.024375564810081136,0,3
9288,514,332.74269560323086,POS,Clothing,FR,23.0,0.3396303406310061,0.0735853736826412,0,3
3923,651,127.79475363511517,POS,Food,US,16.0,0.13950705095474986,0.13284042135464288,0,3
283,822,44.55447026047424,POS,Travel,UK,14.0,0.052072095960583195,0.06249356073839579,0,3
2529,916,106.19797194962771,QR,Grocery,US,22.0,0.03458519307381431,0.08654142591942943,0,3
5446,415,291.3812400312276,Online,Grocery,UK,22.0,0.13041670358498464,0.23256512586587813,0,3
1814,576,253.9956083473415,QR,Food,DE,12.0,0.19268543133631588,0.24658507807945484,0,3
7453,100,53.127269130586185,Online,Electronics,NG,14.0,0.2743539395068876,0.4798759145990932,0,3
7402,537,18.782518160645903,POS,Electronics,UK,16.0,0.11664345092921899,0.23933584067521307,0,3
2608,558,109.1663569146632,QR,Travel,UK,8.0,0.09570885780524577,0.17734005413353265,0,3
7185,760,41.439978600073296,Online,Food,US,10.0,0.03931863563601137,0.07426258257590651,0,3
757,719,247.45897078018717,ATM,Food,UK,16.0,0.16417598052960805,0.10894380221241486,0,3
1908,418,0.0,POS,Grocery,UK,5.0,0.026662060917109712,0.034569640191023446,0,3
4471,91,26.080230915225002,ATM,Electronics,TR,3.0,0.025259717040703497,0.37018693752909204,1,3
4126,414,1011.1538020898182,Online,Electronics,DE,18.0,0.21646456157966054,0.22491077670102574,0,3
7449,323,37.41422218098644,QR,Travel,TR,16.0,0.04054053401338,0.04351225647755158,0,3
9099,797,420.97208048100714,ATM,Clothing,US,22.0,0.1544086208480677,0.09155287872183643,0,3
6152,180,10.133265435356886,POS,Food,FR,22.0,0.2910091041598873,0.05268261996148609,0,3
9274,910,21.96460226277182,ATM,Grocery,DE,20.0,0.08846300182491568,0.1121893139408065,0,3
554,924,60.79511580568099,QR,Travel,DE,15.0,0.19505025733971362,0.258182756839905,0,3
4073,30,18.30944747211104,ATM,Clothing,DE,19.0,0.10090565303512394,0.158453313608715,0,3
7772,129,4.095016035550418,ATM,Food,US,21.0,0.15207005221968212,0.05730284269016819,0,3
2970,421,66.69294593801908,ATM,Travel,TR,6.0,0.06873510477359335,0.11784587303428395,0,3
5965,50,146.95924507036267,ATM,Food,US,1.0,0.2816737640714006,0.2093643541731871,0,3
239,116,25.098433357302593,ATM,Grocery,US,11.0,0.2372549100870106,0.10832735721181856,0,3
8989,537,33.72254613455732,Online,Grocery,US,7.0,0.32569378636880836,0.11114649885852557,0,3
7404,979,10.38702530805051,POS,Clothing,FR,8.0,0.4101245967568684,0.22242866142328477,0,3
3258,11,33.79864179294196,ATM,Travel,US,14.0,0.15417534676998126,0.28504894602898423,0,3
5625,535,72.77610486277902,Online,Grocery,US,7.0,0.15373635722135492,0.19104548667303348,0,3
1962,38,327.6998373710172,POS,Travel,FR,20.0,0.08762420255966592,0.3359535774534464,0,3
7860,236,181.62485006635433,POS,Travel,TR,15.0,0.17043718844417693,0.3066038336417865,0,3
1443,403,121.49495218990646,POS,Clothing,FR,12.0,0.6629958458820725,0.6001651999828496,0,3
5037,660,129.77723780772877,POS,Food,FR,22.0,0.10463957140429077,0.31219648038202674,0,3
7808,588,95.66398924008,Online,Electronics,TR,16.0,0.0688068065003339,0.03229632919774253,0,3
2828,837,12.404567509951736,QR,Travel,UK,19.0,0.055250103147549086,0.13661970871193757,0,3
5050,892,8.161096796621957,POS,Travel,US,17.0,0.14635326923393763,0.11747353910770691,0,3
9299,203,58.484672018827105,Online,Electronics,FR,9.0,0.23702353295839262,0.49876199419711587,0,3
7891,162,8.467410186509158,ATM,Grocery,US,19.0,0.15016897131726992,0.16804347189176178,0,3
6085,313,0.0,Online,Grocery,DE,18.0,0.05422499740278057,0.1124624162640892,0,3
8975,276,5.584746950910672,Online,Electronics,DE,18.0,0.09977021354139025,0.28746921114245,0,3
8884,554,10.996596556840855,QR,Electronics,US,19.0,0.10306203312985504,0.04145338763045559,0,3
8084,532,445.0621842133357,POS,Grocery,DE,20.0,0.03702859674566253,0.353397303398625,0,3
71,465,28.221909712083274,Online,Travel,US,9.0,0.166198138034289,0.03508862369868897,0,3
9203,559,1.142542815828313,Online,Food,UK,15.0,0.21402525799728273,0.21748153099530523,0,3
7450,898,217.78404077542166,Online,Grocery,TR,17.0,0.16977695070391105,0.13975886855352748,0,3
7218,441,94.21781271418676,POS,Electronics,FR,17.0,0.1001474168554987,0.18260017726935246,0,3
6479,987,187.9326755059716,QR,Grocery,US,9.0,0.05622583264670171,0.07752957823639099,0,3
7074,117,25.15759324654904,Online,Clothing,US,18.0,0.0692009937357132,0.19409725089683091,0,3
5248,95,107.7731897346089,QR,Travel,TR,16.0,0.3943772464155321,0.30145952795910547,0,3
8298,986,181.32227486055393,QR,Clothing,US,11.0,0.46160852065699975,0.3629201019072843,0,3
6762,226,98.22387720596737,Online,Travel,TR,9.0,0.33007683714812275,0.3792829804568847,0,3
972,574,33.134956889444055,POS,Food,TR,6.0,0.289518632412715,0.8948686103492066,1,3
829,400,401.5499541499693,ATM,Grocery,DE,12.0,0.06334735241655788,0.2865194359242886,0,3
2733,874,11.999562790705038,QR,Grocery,US,18.0,0.10642138424400284,0.1792673076816504,0,3
7254,690,43.48878752316151,Online,Electronics,FR,21.0,0.12308683637545624,0.10428524471459567,0,3
4361,367,16.023483842008712,ATM,Food,TR,20.0,0.03985158570931176,0.057746200182253384,0,3
3749,766,89.93212764674118,Online,Clothing,UK,20.0,0.5928581454628786,0.27924691030056104,1,3
1439,856,127.81151459852177,QR,Travel,DE,11.0,0.506480245592884,0.503180842003151,0,3
8096,149,15.137764753726302,QR,Electronics,US,16.0,0.054793046387406806,0.09542777759408888,0,3
8710,589,7.534896018733931,QR,Electronics,UK,14.0,0.0741860169563342,0.039666600259687476,0,3
536,665,81.99207310492918,QR,Food,US,17.0,0.03964395747391382,0.2641952532739771,0,3
3992,835,60.52932427167546,Online,Clothing,US,21.0,0.06178074235065912,0.2817200549941983,0,3
2594,782,14.037043671095178,ATM,Grocery,FR,12.0,0.0689946807691028,0.0955283812488247,0,3
1718,498,131.7606011669722,ATM,Travel,DE,11.0,0.09705193927704663,0.1025611576081662,0,3
637,111,123.836079001406,ATM,Food,DE,5.0,0.2763319531102268,0.3281615499611998,0,3
8224,474,341.9345402780715,POS,Electronics,DE,23.0,0.3773480543766633,0.10526181888015043,0,3
6921,880,448.81369860680957,ATM,Clothing,US,13.0,0.15649002694959174,0.21065186263268576,0,3
6805,172,32.27552757488669,ATM,Food,TR,21.0,0.14956895668925116,0.06904232082526159,0,3
9850,305,64.53778086437696,QR,Clothing,US,21.0,0.3189682785649078,0.19529376104963436,0,3
3940,687,277.83531069952414,POS,Travel,US,20.0,0.284994952993512,0.2393616347001488,0,3
7533,530,64.69063643141364,POS,Grocery,TR,13.0,0.2960161773959957,0.1319871973882411,0,3
6811,977,6.85716298878466,ATM,Electronics,UK,23.0,0.10926948670990594,0.3372697212203756,0,3
3309,37,315.76792456828383,POS,Travel,FR,19.0,0.2183096858364131,0.3365343243176192,1,3
233,588,8.520963493003627,POS,Electronics,US,15.0,0.5851041147951868,0.11960803551454298,0,3
6474,111,179.40953775560044,Online,Grocery,FR,6.0,0.09630845565270085,0.20013613849364545,0,3
1059,752,409.9767179926162,Online,Travel,UK,12.0,0.6985028607516355,0.44630308561105864,1,3
1555,135,338.6292051646167,Online,Grocery,US,16.0,0.20291913398685874,0.02902527547911863,0,3
4045,230,69.16201647277812,Online,Food,DE,13.0,0.07557797561534936,0.23345786351831968,0,3
8907,951,14.840518692060037,POS,Travel,DE,8.0,0.056051817574444066,0.035321676507751684,0,3
3742,568,107.79302501821971,QR,Clothing,UK,15.0,0.12253449904693099,0.12702217431639284,0,3
2746,877,63.11558323912128,QR,Clothing,US,23.0,0.0662128634419078,0.12001462557725531,0,3
7558,865,27.07396692236375,QR,Grocery,UK,18.0,0.3073013094788591,0.10502887233196176,0,3
8078,823,0.0,Online,Travel,UK,18.0,0.14714084840907207,0.029023843864453183,0,3
3616,12,31.249897418827604,Online,Food,US,17.0,0.10721034044234587,0.45748900926953395,0,3
8157,955,30.097076966131773,POS,Electronics,FR,20.0,0.10675977145170715,0.11507009263063434,0,3
3341,282,281.92271456383486,POS,Grocery,FR,17.0,0.14748531781757745,0.1513551038224484,0,3
1217,120,46.00925839751358,POS,Electronics,DE,10.0,0.05036538313950763,0.039359937932988476,0,3
4496,971,14.313684104112436,QR,Electronics,TR,13.0,0.031238166384025004,0.09177907908168717,0,3
1827,7,67.94247778692586,ATM,Electronics,US,17.0,0.380201533671602,0.18136794881842505,0,3
9995,59,42.44681854784696,ATM,Travel,US,3.0,0.13457534634867307,0.3071415439317172,0,3
5796,954,205.4614471230831,POS,Clothing,UK,10.0,0.12309342661906786,0.1667128260047377,0,3
4117,247,2.064192028319221,QR,Electronics,FR,13.0,0.10600436967039947,0.06950422192963805,0,3
9860,351,340.09457539303264,ATM,Travel,TR,19.0,0.20363093624538825,0.3259657463342937,0,3
8118,578,21.779833124423348,QR,Travel,US,17.0,0.15798353324822303,0.36672413230659207,0,3
2495,451,52.470340263415025,ATM,Clothing,UK,17.0,0.056293561026883945,0.032670626609948766,0,3
9888,950,726.1900824118609,QR,Travel,DE,19.0,0.2135573568720923,0.2437902096136783,0,3
3678,206,3.531653087543926,QR,Food,US,19.0,0.06176305747741913,0.15784044906848935,0,3
7033,300,469.9989536194862,POS,Clothing,DE,8.0,0.053022689048639944,0.2973177523923506,0,3
5672,149,10.331049926956599,Online,Clothing,US,14.0,0.249725437215278,0.20528902340086158,0,3
8916,157,12.081602481543724,POS,Food,DE,21.0,0.042029595878024364,0.06819991854859159,0,3
3782,74,214.31560861985034,ATM,Food,US,17.0,0.25695521814699657,0.08155888939733852,0,3
1584,101,79.23511572884098,Online,Travel,DE,14.0,0.09856125967389417,0.07207526247260242,0,3
6763,529,69.52265020901503,Online,Grocery,FR,10.0,0.24460219273976305,0.4758054319309117,0,3
7090,320,79.52536110686606,QR,Food,FR,11.0,0.032108623229195124,0.05096828133644818,0,3
3936,102,554.6052044484219,Online,Electronics,TR,8.0,0.032718875247997437,0.0813142979532212,0,3
9299,30,447.3917911090946,Online,Grocery,FR,13.0,0.23158260331411,0.3343041364284452,0,3
9770,268,4.6183447884128155,Online,Electronics,US,11.0,0.02491444699250191,0.05361158226265196,0,3
7794,925,337.16367757613205,QR,Clothing,DE,22.0,0.30663857487172896,0.5399373745780758,0,3
4379,485,163.29825843839177,POS,Electronics,NG,20.0,0.17358887841659837,0.26608335697368946,0,3
7120,180,15.921758395741723,ATM,Clothing,UK,23.0,0.03287748950959836,0.02585278019219232,0,3
7892,588,111.84739849552525,QR,Food,DE,8.0,0.12549977713782898,0.1176516651415296,0,3
7776,909,0.0,Online,Travel,DE,9.0,0.156041357228211,0.10278407651147492,0,3
2968,587,86.7805418866689,QR,Grocery,DE,23.0,0.1336961724636878,0.07130775925823898,0,3
5471,809,202.90544473008296,ATM,Clothing,UK,14.0,0.13940379335723863,0.04589174165390465,0,3
9033,623,71.49224318969542,Online,Electronics,US,10.0,0.26016906191400885,0.35436670027547834,0,3
9219,848,261.30476907830933,ATM,Clothing,FR,21.0,0.06097802455798396,0.03194701096762913,0,3
769,753,5.110374538691646,Online,Travel,FR,21.0,0.17559310702619674,0.4450201095401891,0,3
4528,48,65.90037597057416,POS,Clothing,DE,16.0,0.6562229379347806,0.24362415450097122,0,3
5711,396,141.6412119213174,QR,Grocery,US,21.0,0.43040431891755876,0.2471837361372993,0,3
2144,694,479.6736701350543,ATM,Travel,DE,23.0,0.22302322615738598,0.1883393570391268,0,3
5082,501,194.35626728954577,Online,Food,TR,10.0,0.7992014224092509,0.06702368390194659,0,3
85,440,724.0099722331927,QR,Grocery,TR,20.0,0.4042283630264001,0.26664693338902984,0,3
758,834,0.0,ATM,Grocery,UK,11.0,0.059227709204601964,0.464123502397143,0,3
4012,587,46.73912097095176,Online,Food,DE,17.0,0.20092340626356942,0.22561737798674214,0,3
4636,652,65.49114812435297,ATM,Grocery,US,22.0,0.08774915650684074,0.20175536849760473,0,3
9241,111,136.44328089232317,POS,Electronics,US,6.0,0.12494727917102322,0.1821388929286445,0,3
3995,74,99.465456927344,POS,Grocery,NG,13.0,0.40262231031779283,0.28694903429393503,0,3
1919,710,194.31851400420825,POS,Travel,UK,14.0,0.05055160022993192,0.08826677906576216,0,3
7956,143,108.14600216997228,Online,Electronics,TR,19.0,0.2579846799439307,0.363950033061003,0,3
2559,418,265.47318763065516,QR,Grocery,DE,21.0,0.22115345070854828,0.5026138442535223,0,3
5823,968,222.69574204028422,ATM,Electronics,US,21.0,0.2303025401661925,0.06276445197687615,0,3
8938,864,460.95100479992885,QR,Electronics,TR,19.0,0.29552139482607326,0.10544849968997148,0,3
4332,236,123.9261176474649,QR,Electronics,UK,18.0,0.3398902749887257,0.3054751369118984,0,3
956,179,230.68511497821265,POS,Food,US,21.0,0.17181117563852633,0.07808189700334031,0,3
571,780,74.21534645379626,Online,Travel,UK,7.0,0.3061700540910901,0.16109883436817432,0,3
9145,752,12.911846677262549,POS,Travel,DE,16.0,0.10279083361452838,0.10850674222282901,0,3
9844,103,113.31833757357592,ATM,Electronics,FR,21.0,0.33478801256145413,0.3025271114797503,0,3
3998,558,43.47383587961023,QR,Travel,US,16.0,0.14593227502266273,0.07260117760088525,0,3
9310,361,9.9756152178089,POS,Food,DE,13.0,0.19800254834188127,0.3173036538857124,1,3
708,102,20.43260210840623,Online,Food,FR,5.0,0.120507219780707,0.17587542054304334,0,3
3578,582,0.0,POS,Travel,UK,19.0,0.055366614545919964,0.1775126602258487,0,3
7231,4,334.3137539859202,QR,Grocery,US,6.0,0.11200785142835054,0.03476130013814466,0,3
5790,729,11.768528915933476,QR,Food,UK,19.0,0.031771126603590175,0.04108792957623415,0,3
686,779,31.86621990549142,ATM,Grocery,DE,11.0,0.12859808429302258,0.350752461831756,0,3
9586,743,346.0096908257728,QR,Electronics,UK,17.0,0.11284044086433553,0.41798575183470965,0,3
7777,43,36.81710893075008,QR,Electronics,UK,7.0,0.22972237718044386,0.1921137891822839,0,3
725,99,309.01727155560064,POS,Clothing,UK,8.0,0.23513628031131745,0.519934740888496,0,3
8632,578,6.992084678957655,Online,Travel,DE,13.0,0.03656738111714403,0.045981956555853035,0,3
3257,511,12.320049153985233,QR,Clothing,UK,14.0,0.13785833352136775,0.07738592859217018,0,3
9097,675,0.0,Online,Food,UK,22.0,0.20005639442682707,0.04278158997341764,0,3
3824,433,737.1733488591098,QR,Food,FR,11.0,0.18803678004344399,0.5176255836851335,0,3
577,988,257.144326115058,ATM,Electronics,TR,7.0,0.21559665007998585,0.11790202720039555,0,3
6399,433,15.341008003555025,POS,Travel,UK,13.0,0.08144423286151337,0.034348596895325406,0,3
1476,306,9.09326459058167,Online,Grocery,DE,21.0,0.03150612016271076,0.1141892492136121,0,3
247,560,0.0,POS,Travel,DE,10.0,0.0910246039517296,0.09554388131778974,0,3
3037,603,34.31445620214913,Online,Electronics,US,14.0,0.09181732079027514,0.13917596171459257,0,3
5620,565,31.477707022297345,Online,Food,DE,15.0,0.3205282318682186,0.22692115043444758,0,3
976,443,719.9331356278233,POS,Clothing,FR,7.0,0.21763963246860973,0.24482446873658226,0,3
6701,946,142.92261343859656,QR,Clothing,TR,6.0,0.029031576715935096,0.25784988812135784,0,3
7616,618,10.428954771042111,QR,Food,DE,22.0,0.05190227608453336,0.17266925555779294,0,3
3509,234,146.39234477101476,QR,Travel,DE,23.0,0.2828933189223252,0.7815170928127093,0,3
2774,575,179.57158943092963,POS,Travel,US,13.0,0.1154316769755664,0.11742873683811575,0,3
34,650,45.87404723761289,Online,Clothing,UK,14.0,0.5378611969815121,0.13475226021457903,0,3
8296,775,42.44564668609888,Online,Clothing,TR,19.0,0.1045566401189436,0.08925949077848494,0,3
9182,319,958.7962508904042,POS,Food,DE,11.0,0.6991529540701001,1.0,0,3
8814,804,15.449485931462949,QR,Food,FR,20.0,0.03798981614237435,0.2642289375673137,0,3
3357,823,81.48748970055449,QR,Clothing,US,19.0,0.2886196407594459,0.06603948591336567,0,3
7752,52,195.57782001280066,Online,Travel,FR,22.0,0.22040218211834872,0.05502856739502611,1,3
240,529,130.48890473640301,POS,Food,TR,16.0,0.39372130558640384,0.13269478300087573,0,3
8104,979,119.56920506308974,POS,Electronics,FR,16.0,0.36626517198917846,0.3639772071390496,0,3
532,508,356.3703477998,POS,Clothing,TR,11.0,0.1096991038918168,0.11246834713181247,0,3
3415,533,166.61022347387194,ATM,Electronics,DE,15.0,0.23287165716828023,0.2702849193111728,0,3
3943,868,98.85054258099251,ATM,Electronics,DE,17.0,0.08721486155969578,0.05629649168941148,0,3
272,738,102.43110083543573,ATM,Electronics,UK,12.0,0.1749910968218159,0.04867924138335038,0,3
6531,667,107.12779395986503,ATM,Food,DE,20.0,0.27246762436760413,0.16598481447847252,0,3
7155,753,561.9397822879516,Online,Electronics,UK,9.0,0.48704001811716063,0.2798572357862891,0,3
7617,142,0.0,QR,Food,US,9.0,0.08593295772636815,0.11902550049158687,0,3
9787,916,65.61787394077588,ATM,Electronics,TR,15.0,0.13689834877898563,0.091496570826169,0,3
9986,656,516.3567634187417,QR,Clothing,FR,21.0,0.43708176581424285,0.08731922640294021,0,3
3810,12,74.85361660400356,POS,Travel,DE,9.0,0.18519254774086805,0.2198798262122122,0,3
2344,196,322.5146081587293,Online,Electronics,FR,2.0,0.26990459211405754,0.17963152324226997,0,3
2272,826,18.950542632766346,POS,Travel,TR,3.0,0.12816064505365155,0.2808629038777222,0,3
3670,690,131.41724518708446,POS,Grocery,US,21.0,0.20347083578914382,0.06256593881849855,0,3
5016,652,595.6400904428506,POS,Clothing,UK,19.0,0.27919285503122754,0.32103488482506337,0,3
302,418,359.81780314875647,POS,Electronics,DE,12.0,0.21278066814369026,0.4700203764458511,0,3
7994,380,227.89411780576998,POS,Food,FR,10.0,0.0686110521030833,0.03473463705406621,0,3
7972,454,32.11339154187722,Online,Travel,FR,8.0,0.2819768219002174,0.1537478266463739,0,3
9477,786,77.15707438879002,Online,Food,TR,22.0,0.11025478386257531,0.3512591142995536,0,3
9659,89,39.84469571627845,POS,Electronics,TR,16.0,0.04874748550314667,0.18586471428921147,0,3
1582,794,134.39881831084725,POS,Electronics,FR,19.0,0.30023046155748145,0.21250396647812209,1,3
1652,286,0.0,QR,Food,US,11.0,0.06359971955262789,0.09826691764083628,0,3
7617,420,27.360266759330706,Online,Travel,TR,17.0,0.1171207699091542,0.05380199610619731,0,3
4692,698,127.04492691271204,Online,Travel,DE,19.0,0.29250632173892266,0.3551953730356409,0,3
2393,936,42.23350830578066,QR,Clothing,TR,16.0,0.12514137105617387,0.136907164070838,0,3
2108,297,617.7091551220444,ATM,Travel,FR,6.0,0.19471595372312778,0.12631503948318534,0,3
6200,514,154.46835976582588,POS,Grocery,US,21.0,0.1271708045337919,0.04254548719190564,0,3
2682,375,40.35124098931253,ATM,Food,TR,23.0,0.02387187367849311,0.0981909833780436,0,3
1589,249,126.46102941161692,Online,Electronics,FR,20.0,0.8322129111638952,0.10563670652249506,0,3
7462,146,6.2501539153441605,POS,Electronics,UK,3.0,0.14757567267058416,0.06446913784138796,0,3
5737,136,257.33915242981345,Online,Grocery,US,10.0,0.14775315832836258,0.5257462063942733,0,3
4321,383,5.319901793078329,ATM,Electronics,UK,7.0,0.2818813434769499,0.44221620632564546,1,3
5029,136,12.168939447746682,ATM,Food,US,8.0,0.22936809749508896,0.05131835579100845,0,3
1414,239,257.2195013151639,QR,Travel,FR,17.0,0.6008213550991182,0.3319183807756537,0,3
664,605,29.61350489360276,ATM,Clothing,UK,8.0,0.3257164657727373,0.31567981449641713,0,3
2948,645,181.10172401455753,POS,Grocery,FR,12.0,0.131027454285411,0.15278373324571037,0,3
7597,55,70.62906690474028,ATM,Clothing,US,21.0,0.07719704561068577,0.13694168063809592,0,3
8095,105,372.76414228625623,Online,Food,FR,17.0,0.2004536338907641,0.27352721373546796,0,3
8387,215,167.61446817537745,QR,Grocery,TR,12.0,0.3166442685824487,0.22550923230853204,0,3
5858,933,53.078224066596114,ATM,Clothing,UK,16.0,0.23126147883721332,0.1558980054004399,0,3
1851,561,20.72633407147721,Online,Food,FR,19.0,0.4060078260937128,0.08538305866331805,0,3
8965,119,85.56510889172068,POS,Grocery,UK,19.0,0.2515071568598652,0.13133180285692925,0,3
371,221,79.04119520314454,QR,Clothing,UK,11.0,0.5131913193201395,0.11009683864206324,0,3
1136,663,8.001630304200358,POS,Travel,US,9.0,0.21638013164669206,0.07446988079961772,0,3
8094,424,84.06307955766852,QR,Food,US,3.0,0.3108738991892193,0.35756479899862237,0,3
3240,658,108.19666460616935,Online,Food,UK,21.0,0.026485332371289673,0.09182160430140537,0,3
7701,422,315.21581318287036,Online,Clothing,DE,17.0,0.3590463846023447,0.10914151608972365,0,3
3649,907,216.35853959396505,POS,Food,US,6.0,0.3026759181425049,0.7425412450678975,0,3
9316,366,167.42758622957373,Online,Electronics,FR,7.0,0.23668767590285705,0.3677706928837157,0,3
9643,577,106.46476295235718,ATM,Food,US,19.0,0.44862179924620965,0.3651092337324189,1,3
3677,358,85.47892410625208,QR,Clothing,UK,21.0,0.07943972832438508,0.11953144968533863,0,3
1037,399,29.595965680739003,POS,Clothing,DE,15.0,0.04612281059270472,0.07377478118784346,0,3
4275,265,165.37852959440943,Online,Travel,DE,11.0,0.2272299670273087,0.2670326469672674,0,3
4479,149,27.965330325632255,QR,Food,US,15.0,0.05629135231712518,0.15827542819191806,0,3
9114,228,185.26430949893418,POS,Electronics,TR,20.0,0.09942914638606179,0.6577647675082356,0,3
4451,293,129.1160340614147,QR,Clothing,UK,10.0,0.4811017886504326,0.16883286035761638,0,3
2146,542,11.42406070635885,POS,Food,US,20.0,0.11413938099498772,0.11280647315462543,0,3
8411,720,18.844166363496846,POS,Food,TR,22.0,0.13795047306488428,0.1520325477491767,0,3
9279,150,389.13533030477885,POS,Electronics,FR,20.0,0.24864678252350428,0.12983973716122,0,3
7743,620,234.33075957254601,POS,Clothing,TR,17.0,0.500778955291881,0.4009718850242277,0,3
4578,201,0.0,Online,Travel,UK,22.0,0.1422501291290161,0.05194245033518616,0,3
8241,528,11.774811348817531,POS,Clothing,US,9.0,0.26716755610552934,0.14870822407711573,0,3
5332,88,138.32572680259707,Online,Food,TR,14.0,0.12527967204166823,0.29239377479291906,1,3
9486,903,6.157749477809359,ATM,Travel,US,21.0,0.3436414876606324,0.10855705300552668,0,3
8133,57,21.713885925471494,QR,Clothing,TR,17.0,0.23596369670348738,0.35146273869160277,0,3
2284,293,46.7297953935472,ATM,Grocery,TR,5.0,0.10643259539889847,0.09485473668574003,0,3
822,692,225.44941045543214,Online,Food,FR,9.0,0.28636596319654567,0.19219593444686298,0,3
8881,352,378.73022296122684,Online,Food,DE,23.0,0.23886346202893788,0.2428159038435971,0,3
8436,508,82.52522516721477,POS,Food,DE,16.0,0.06913699557618912,0.18683170637150584,0,3
1358,375,171.6080822584839,Online,Grocery,FR,22.0,0.23784594364230446,0.15599190724077086,0,3
1488,999,24.149526758006026,Online,Electronics,NG,11.0,0.42930020635896543,0.22410273151410795,0,3
1107,819,288.1947321254359,QR,Travel,US,18.0,0.18952074811860636,0.07562388614520388,0,3
1507,93,513.036052405947,QR,Food,UK,14.0,0.10909138113846995,0.17083471992837715,0,3
2367,748,29.55386068070439,ATM,Clothing,UK,2.0,0.33408022506379603,0.24958493469322113,0,3
812,48,124.87884061926357,ATM,Food,US,16.0,0.06776447920231905,0.3718038701596968,0,3
8424,921,18.524087234534832,POS,Travel,UK,11.0,0.06065039314674521,0.055461468564454705,0,3
7194,199,4.722899333673782,ATM,Grocery,UK,20.0,0.11467725599966538,0.05921820843927264,0,3
4040,897,12.638750496884281,ATM,Food,UK,12.0,0.2484965572417291,0.17946837705636629,0,3
6679,687,190.4216666637104,ATM,Food,US,12.0,0.19474211795749735,0.11335548002970516,0,3
3047,411,130.4626926875796,ATM,Electronics,FR,16.0,0.3894666932332159,0.4062241107906892,0,3
1246,450,43.6182505979943,ATM,Travel,FR,14.0,0.8845640213680109,0.039979711664696035,0,3
1413,515,5.673613843940686,ATM,Clothing,US,12.0,0.028944047715780834,0.03123944508605156,0,3
2913,463,203.8199526176322,QR,Clothing,US,18.0,0.22155582274875177,0.21014606607233563,0,3
9234,577,36.62113733290032,QR,Clothing,UK,18.0,0.13049069893044024,0.5203278202785123,0,3
7857,490,21.71005967597237,ATM,Clothing,DE,6.0,0.1265487849910227,0.09501104337807416,0,3
3462,238,74.19696758441287,QR,Electronics,US,15.0,0.19956741761281577,0.3696058038548677,0,3
2798,434,66.6973319834931,POS,Electronics,TR,23.0,0.044958773493851356,0.03686742883206989,0,3
8814,90,5.149278975727795,Online,Travel,FR,12.0,0.16040649861909465,0.36781991779410017,0,3
2854,32,28.410852929215544,QR,Food,US,19.0,0.5029393408032143,0.26148607907903265,0,3
972,214,160.74666970151978,POS,Food,UK,20.0,0.21678969138551857,0.5337775065138161,0,3
6591,343,35.52734371023799,Online,Electronics,FR,15.0,0.19997176412342432,0.07567396742693051,0,3
4504,673,133.63618797552544,ATM,Food,TR,10.0,0.4414261302919905,0.2453302561943836,0,3
4265,73,121.94398863788044,ATM,Grocery,DE,18.0,0.41210844978001704,0.35785049572501804,0,3
7974,300,10.852822552286252,POS,Grocery,TR,6.0,0.2309862376801962,0.1780597909989943,0,3
5532,460,99.79831557431838,QR,Electronics,UK,19.0,0.13846164017962098,0.05334185622246078,0,3
7042,257,575.2138762362712,Online,Grocery,TR,22.0,0.14809829536875918,0.15414217874074915,0,3
1483,941,239.86823485930307,QR,Electronics,UK,16.0,0.13970936750582663,0.19682486842671404,0,3
1926,730,335.3773516452736,POS,Food,TR,22.0,0.09293412471505749,0.11408576473174156,0,3
435,773,529.069868533761,Online,Electronics,US,11.0,0.07434582561308355,0.4619519964073071,0,3
7643,822,90.67186478705318,POS,Clothing,TR,4.0,0.0761366068981697,0.061185241533856155,0,3
6703,728,97.55509461740286,QR,Electronics,TR,14.0,0.11218303928937712,0.10534696044886431,0,3
941,466,62.61999441223664,QR,Electronics,UK,10.0,0.02652775625153338,0.266784682165552,0,3
4979,164,289.183707873584,QR,Grocery,TR,12.0,0.07196056940866842,0.3851745539508262,0,3
3039,551,214.5157733029444,Online,Electronics,DE,11.0,0.16641308099717178,0.2370269551376823,0,3
4222,576,87.12841119368714,QR,Grocery,DE,7.0,0.20963077692507143,0.1908195882170948,0,3
1301,246,6.652357710181855,POS,Grocery,US,16.0,0.3169131235980585,0.15104078440742733,0,3
9580,87,46.03941631387925,ATM,Travel,DE,20.0,0.11262393039754576,0.5348702945720568,0,3
3756,819,504.4775365091371,QR,Grocery,UK,10.0,0.3931874867790853,0.15170378322860584,0,3
2796,749,8.93200966095888,ATM,Electronics,TR,22.0,0.12746063167643074,0.19015712716592081,0,3
6803,104,282.80393239813014,POS,Grocery,FR,18.0,0.12279805748371475,0.11889306539739977,0,3
1894,949,13.253757989769333,Online,Clothing,US,21.0,0.0505558004400825,0.05508083647127744,0,3
7126,378,189.28321595483732,QR,Food,FR,7.0,0.2156840564308714,0.2486428233438164,0,3
3068,152,288.58257947096286,ATM,Clothing,FR,11.0,0.09922259240529388,0.20493664183540816,0,3
7752,256,86.0044896320626,QR,Electronics,FR,9.0,0.11028782072242056,0.13342231951294478,0,3
8760,925,350.331997621767,QR,Travel,DE,21.0,0.2981179385226155,0.041909705905834066,0,3
6783,67,77.03612117378941,POS,Travel,TR,22.0,0.03276439739839335,0.18306252182851565,0,3
2593,868,84.18235360117762,ATM,Clothing,NG,9.0,0.3188026626650751,0.1130236038896502,0,3
8456,991,627.7599029453812,ATM,Electronics,FR,22.0,0.14499996518305666,0.03967196957271675,0,3
9399,415,25.87966935455245,ATM,Clothing,DE,16.0,0.3891851559411552,0.2703696356324061,0,3
7023,545,252.52278985933935,QR,Clothing,FR,21.0,0.17658732089953622,1.0,0,3
7068,883,24.728735619660213,Online,Food,DE,22.0,0.06177889873907988,0.04986602342110552,0,3
6278,95,42.663959869504666,ATM,Travel,FR,10.0,0.16842646140287237,0.1283945143708657,0,3
441,831,62.92586794018014,POS,Grocery,FR,20.0,0.3635311845703725,0.19663349608849306,0,3
1188,49,26.50820481049501,POS,Clothing,TR,16.0,0.1404005164494941,0.4317264139799959,0,3
6926,761,101.64030479133734,QR,Electronics,DE,10.0,0.17478146589522925,0.20166560194262814,0,3
4663,265,215.76222408674764,ATM,Grocery,DE,8.0,0.1218112373586178,0.11804325040307743,0,3
3245,864,39.08725819781533,ATM,Food,TR,11.0,0.06568866927922505,0.06426720375045819,0,3
2338,528,252.64622665244184,POS,Grocery,US,16.0,0.12482451263779687,0.17297959677234734,0,3
5564,947,99.95818773387815,Online,Grocery,FR,21.0,0.6312598947898892,0.4598487329113457,1,3
3633,210,167.63606046434074,POS,Travel,UK,21.0,0.427015547689286,0.2222435839745636,0,3
9298,980,36.95446539569314,ATM,Grocery,UK,23.0,0.16543087793183262,0.15376954952490612,0,3
6549,594,483.44583762164467,POS,Food,TR,2.0,0.2960907117689791,0.5818040529099017,0,3
568,71,341.52248514432307,POS,Electronics,FR,18.0,0.21948031868228543,0.33531011254971915,0,3
5081,540,82.22958954276392,POS,Grocery,US,3.0,0.05907418074635144,0.1378391590532393,0,3
6717,514,247.37509626090733,POS,Food,UK,17.0,0.3078070953553381,0.2664142491420398,0,3
3053,780,291.21868899854786,ATM,Clothing,NG,18.0,0.17975366821220806,0.4093786968423986,0,3
5195,996,4.222688581592884,ATM,Grocery,TR,17.0,0.10511969412769173,0.09404009985309453,0,3
9417,374,16.97699585474398,ATM,Travel,FR,20.0,0.18769626078089827,0.43888313043450955,0,3
5381,882,741.5458244806651,Online,Travel,TR,16.0,0.3683366004345562,0.43447746039939833,0,3
5813,234,329.54235642011656,POS,Grocery,UK,5.0,0.21418340451333787,0.0686606833937555,0,3
9105,423,246.97949921237407,Online,Grocery,TR,19.0,0.1719730625416979,0.06842505797404136,0,3
9589,35,339.8840645335505,POS,Electronics,US,7.0,0.5379742192736061,0.0781025248662101,1,3
5806,325,489.4092791486709,Online,Clothing,FR,18.0,0.31673743757708883,0.3891795142210515,0,3
4288,693,529.9760705942109,Online,Grocery,TR,19.0,0.4876901038420116,0.22782525887815286,0,3
1325,420,65.82961058794497,Online,Food,FR,5.0,0.3658002906507036,0.08848771632909762,0,3
7082,691,325.6668136474255,QR,Food,TR,7.0,0.3648023558102104,0.5949787058010912,0,3
1501,84,9.458426592109928,Online,Electronics,FR,22.0,0.11951729228806773,0.24595469966170747,0,3
7784,655,109.94025456779535,POS,Travel,FR,20.0,0.08403776134998073,0.18238989742208245,0,3
8777,461,34.39025750970831,Online,Grocery,UK,18.0,0.6312757575109117,0.3635747771469827,0,3
1439,854,295.3705168784264,POS,Grocery,TR,14.0,0.06881070898581303,0.10724089817304047,0,3
9702,300,15.911967745899041,POS,Food,TR,21.0,0.42255396266138073,0.2940634508587688,1,3
1049,783,101.4374981989571,ATM,Food,TR,21.0,0.1575778917463923,0.05247226823690852,0,3
172,716,374.18217015813025,ATM,Food,TR,19.0,0.7606106940121704,0.2563458703825458,0,3
1521,129,111.66589283969542,QR,Travel,UK,22.0,0.09632477598365521,0.0839996068370963,0,3
2403,333,754.8066530931883,QR,Food,US,11.0,0.35817522136803936,0.19392074650427432,0,3
8318,769,0.0,ATM,Clothing,TR,8.0,0.09735356644901583,0.1926232578141131,0,3
7011,16,84.09725209205169,QR,Food,DE,15.0,0.06368243085036202,0.15263597040557386,0,3
7356,188,63.7178335748139,POS,Electronics,TR,19.0,0.05743858630898168,0.26504082822475067,0,3
7673,170,64.84310237081233,Online,Grocery,FR,8.0,0.3841618728159421,0.11417030079376617,0,3
1311,466,403.1962659723437,ATM,Travel,FR,6.0,0.2507047958249952,0.22151414765855446,0,3
695,391,2.186623344146353,POS,Travel,FR,21.0,0.2036329565946591,0.03988281946115368,0,3
3132,802,48.14359326759509,Online,Clothing,UK,5.0,0.26784178597428815,0.13629513510605482,0,3
5164,626,436.23580295229885,Online,Clothing,TR,21.0,0.11169469689657703,0.34965299716210485,0,3
4863,161,9.863159044775923,ATM,Electronics,TR,17.0,0.0679862031373863,0.2719189333068025,0,3
9754,269,117.04645140511533,POS,Clothing,UK,15.0,0.12500467989026523,0.17683627562540308,0,3
1467,897,0.0,Online,Clothing,US,19.0,0.051257326266443026,0.037686973173541666,0,3
457,993,10.174070925405543,POS,Clothing,UK,6.0,0.22852769636001932,0.07581351571663376,0,3
1040,873,1464.804628778401,ATM,Grocery,UK,15.0,0.40493854835956405,0.23987857471072538,0,3
7430,491,72.01680304121527,ATM,Travel,UK,16.0,0.28925789542275543,0.28203936500510285,0,3
9846,230,37.29680048850102,ATM,Food,US,22.0,0.41365294586574863,0.18091616440727132,0,3
4068,766,32.590910818266615,POS,Clothing,DE,17.0,0.2881579123800126,0.02879785976446587,0,3
3919,695,5.610986916701581,QR,Travel,US,20.0,0.194457910118785,0.04408233551239239,0,3
2615,539,88.98925647330773,Online,Travel,UK,19.0,0.05709604306000864,0.10959153399921744,0,3
8700,386,11.397542997566301,QR,Travel,US,7.0,0.23526986729156907,0.17491460474509846,0,3
2062,170,600.2369937744402,QR,Grocery,NG,18.0,0.5573050964660138,0.22559341801865584,0,3
8278,531,288.65748263712885,Online,Clothing,TR,21.0,0.12352892733294935,0.29778822785354586,0,3
7332,512,174.25352392510538,Online,Clothing,DE,6.0,0.2980699376639751,0.5533144711213405,1,3
702,24,39.248993105805454,Online,Food,TR,20.0,0.04039116230431139,0.13352728164616867,0,3
1801,202,23.057138349787373,ATM,Travel,FR,19.0,0.31376762622134424,0.16276624315388363,0,3
1474,910,133.42036114598687,QR,Electronics,US,17.0,0.1079015865238836,0.08225252940167053,0,3
4329,846,382.33195971993666,Online,Electronics,TR,22.0,0.0871888650811756,0.11602303675062421,0,3
7299,687,0.0,ATM,Food,NG,21.0,0.04131187135636383,0.04098674291404385,0,3
301,555,0.0,Online,Food,US,12.0,0.06799897090901337,0.02691276667610919,0,3
2155,289,119.0601915834863,Online,Travel,DE,23.0,0.3016852421565368,0.2537497002849379,0,3
9701,426,106.97324202446825,Online,Food,UK,6.0,0.2924718082292974,0.09213668567860214,0,3
8804,133,3.494718363325457,POS,Clothing,DE,20.0,0.15410458706086977,0.40831814086483825,0,3
7220,63,27.733249891331756,POS,Grocery,TR,21.0,0.05804041086960347,0.04652842844617648,0,3
4199,126,33.26466019871413,POS,Grocery,FR,4.0,0.705684129710586,0.20567146080709228,0,3
3680,726,518.7097008004861,QR,Grocery,US,21.0,0.18189583760799616,0.06350856447766247,0,3
5780,64,391.64219341156064,QR,Food,UK,3.0,0.1618342429797074,0.15039090867501512,0,3
7232,132,295.64179913458673,Online,Travel,DE,15.0,0.19424043747319217,0.18349594258224514,0,3
1988,749,163.11881248740949,POS,Grocery,UK,21.0,0.05923403462284089,0.03222147129427027,0,3
1983,912,145.84679986873826,Online,Clothing,US,15.0,0.19071579976811226,0.11602212470326262,0,3
8971,863,67.53196267953781,POS,Travel,TR,22.0,0.14224966967155983,0.1181813808735089,0,3
9240,366,58.31359741074964,ATM,Electronics,TR,20.0,0.11710703967981384,0.3005167933825365,0,3
9552,632,529.117875195068,POS,Grocery,TR,21.0,0.7200697433234584,0.2112617755345129,0,3
1314,499,56.35704290637654,Online,Electronics,TR,21.0,0.2879147105993317,0.4342898980181556,0,3
6840,490,39.82003353482582,QR,Travel,US,10.0,0.12554150999971583,0.31101455492592245,0,3
2261,12,5.191810769337598,QR,Electronics,US,15.0,0.14210314648491384,0.04270631100255448,0,3
5162,698,161.840208624759,QR,Electronics,UK,7.0,0.048940936160014936,0.20260500636384762,0,3
3620,472,25.115047228479416,POS,Food,US,22.0,0.08610592904435434,0.033199160500414396,0,3
1444,220,91.40971341024289,Online,Clothing,FR,22.0,0.4033548988681742,0.11142984042696366,0,3
3684,899,37.78882396801121,ATM,Grocery,UK,19.0,0.0718981417843118,0.09442795771593843,0,3
4201,285,25.506320342379944,Online,Electronics,UK,20.0,0.14360953441308805,0.1285749219056331,0,3
6292,564,73.79632875731365,POS,Travel,US,12.0,0.10057653475879959,0.0277266330295197,0,3
4203,636,21.88056506127355,QR,Food,US,19.0,0.07351942132814915,0.08751520647541133,0,3
7531,125,10.409855826141419,QR,Grocery,FR,22.0,0.040797544456089754,0.11670990996969198,0,3
6087,448,44.14112436540959,Online,Electronics,UK,11.0,0.24353038892083398,0.10142607216037537,0,3
1906,648,83.95960935421198,POS,Food,TR,9.0,0.09052283029225063,0.05239973271004157,0,3
114,627,68.4211921361621,ATM,Electronics,US,22.0,0.05285287780380117,0.037272343075728104,0,3
7920,524,28.221923692892265,QR,Grocery,TR,16.0,0.09391354222739867,0.057835839978352496,0,3
6077,174,69.19905253132,Online,Travel,TR,20.0,0.16764950072937868,0.12279180817478201,0,3
9522,478,323.07787927199814,ATM,Clothing,US,8.0,0.23905658941322352,0.293674109656908,0,3
2161,260,26.07008862186366,QR,Travel,TR,23.0,0.1153517103772778,0.12194847746139888,0,3
9485,349,0.0,POS,Grocery,TR,15.0,0.043640344641995815,0.02696670770957553,0,3
6904,325,8.57317991379876,POS,Clothing,FR,16.0,0.06829951975511628,0.12514525723440728,0,3
4267,574,30.109903672011008,QR,Clothing,DE,21.0,0.07919243912886109,0.05653404047366889,0,3
6593,946,32.22480594764266,POS,Clothing,TR,12.0,0.03388740365881511,0.09021406956503919,0,3
1098,200,48.28154517768748,ATM,Grocery,FR,11.0,0.03070738760341045,0.11784653603069684,0,3
285,965,129.6627321956848,POS,Food,TR,7.0,0.12318165005224027,0.19339278902556184,0,3
6457,360,21.777433276805418,POS,Electronics,FR,23.0,0.046174608904672274,0.07775599669549954,0,3
1424,705,68.6405138162189,Online,Electronics,FR,8.0,0.2785873158731075,0.24298082401274912,0,3
4734,316,9.842167758016444,QR,Travel,UK,9.0,0.032855315143339225,0.17698536527894676,0,3
2045,938,30.72043827853598,ATM,Travel,US,6.0,0.08781342048928534,0.10559883507377604,0,3
3523,768,130.3122045541126,Online,Travel,FR,23.0,0.11280787614752551,0.20601570412374692,0,3
7650,312,7.712761450687726,ATM,Clothing,TR,19.0,0.22807759518857518,0.038557827620364325,0,3
6941,762,50.60413361759804,Online,Electronics,FR,23.0,0.2994911696668013,0.40902239639039656,0,3
1971,803,14.030980003646501,POS,Food,FR,15.0,0.31371016490797654,0.34669730972274065,0,3
3163,476,356.4893574910681,Online,Food,DE,19.0,0.17509234903140972,0.06087287668208083,0,3
110,990,42.26843954285591,Online,Food,UK,23.0,0.17255695139412341,0.08045815848456389,0,3
1240,536,202.76091296943392,QR,Grocery,DE,2.0,0.5329604632448289,0.2966926849726215,0,3
9270,103,90.14783691113604,Online,Electronics,DE,14.0,0.5134372121168502,0.34324410307948594,0,3
3210,446,11.416120860134985,ATM,Clothing,FR,12.0,0.12597247084593619,0.3442088684120603,0,3
1595,444,178.93672336891498,QR,Grocery,UK,22.0,0.1328329206389241,0.08868437781561075,0,3
8490,413,226.69004027585885,ATM,Travel,FR,12.0,0.32417707263972023,0.05924215889154434,0,3
1723,364,32.69830460491398,QR,Clothing,FR,20.0,0.09854960510836054,0.27770064917960763,0,3
7439,451,197.52297665761125,POS,Electronics,UK,19.0,0.33978621062211994,0.4028737292338656,0,3
1135,582,27.34138013625253,Online,Food,DE,21.0,0.11016900829904853,0.0626867583639617,0,3
2783,203,310.36879623144466,POS,Food,NG,8.0,0.28947056347578337,0.23072772987658974,0,3
6513,359,50.23940390968791,Online,Clothing,US,13.0,0.3763075162706552,0.046720156241763976,0,3
8562,152,69.1904879344991,Online,Grocery,TR,11.0,0.09639593161362936,0.05620149282552017,0,3
7513,739,473.1022627866918,Online,Food,FR,19.0,0.3948786806070757,0.0990447321644652,0,3
4290,897,167.86367668289773,Online,Clothing,DE,3.0,0.48479011455797105,0.10444602505060822,0,3
4961,994,189.76640124706793,POS,Food,UK,12.0,0.08439001449016682,0.1447165218871408,0,3
684,118,188.00902998338077,Online,Clothing,TR,19.0,0.19885452931114475,0.05362322627460993,0,3
6066,672,108.5986259320346,Online,Travel,FR,17.0,0.14273487826194212,0.12657048769883306,0,3
3808,627,18.319275452221408,ATM,Electronics,TR,20.0,0.13224495793528374,0.15795042382439317,0,3
3229,357,33.08953681769017,QR,Travel,FR,17.0,0.4471776527766551,0.15691445092440257,0,3
90,320,146.97353307048468,QR,Grocery,NG,10.0,0.08947674857063734,0.5891446142082767,0,3
5913,183,38.12455903963801,POS,Clothing,US,22.0,0.39767464694295634,0.08053348662153573,0,3
7221,110,387.62122472296204,ATM,Electronics,TR,12.0,0.2022335276186454,0.11490662338057163,0,3
5113,45,194.94766196375676,QR,Clothing,DE,13.0,0.23654676141939698,0.25970932743159447,0,3
1750,449,69.77157556952336,POS,Travel,UK,13.0,0.026589858738831143,0.07118672059795116,0,3
1293,82,11.623268529555938,QR,Grocery,FR,20.0,0.1980802917573347,0.11545324170227998,0,3
4179,111,178.31801981725712,ATM,Clothing,TR,13.0,0.09188105000690158,0.03313645337520019,0,3
577,583,112.0734843194885,POS,Food,FR,22.0,0.08301979173142715,0.17656075595218731,0,3
3335,550,221.55099031778528,ATM,Grocery,US,19.0,0.20982925871506664,0.236963445464375,0,3
2696,629,739.5903883259001,QR,Food,TR,3.0,0.6528070268431349,0.7812053031932465,0,3
4720,828,579.9271775477608,ATM,Food,UK,10.0,0.17300296769702125,0.27299046693361817,0,3
2987,633,602.047500685702,Online,Travel,UK,12.0,0.7803651267392816,0.43121306990243063,0,3
1133,543,28.34347826170945,QR,Grocery,UK,22.0,0.06341749114489886,0.2284857798705061,0,3
1606,266,12.747791178112223,POS,Food,TR,14.0,0.4550015815071867,0.3040775963151034,0,3
4082,652,107.39601349491677,QR,Travel,US,19.0,0.377200602750668,0.17348418325863438,0,3
5144,150,283.9120448372765,ATM,Grocery,US,22.0,0.11670167089409651,0.1363975177662333,0,3
8342,94,5.183635976051428,QR,Food,TR,22.0,0.062428231443166664,0.041294764555671486,0,3
1363,291,108.21395066901334,POS,Grocery,TR,14.0,0.08375017075246315,0.1326216936323027,0,3
9055,982,70.93535459057148,ATM,Electronics,UK,11.0,0.07947313995154187,0.2870153035292085,0,3
2604,407,28.343804263601236,POS,Clothing,DE,7.0,0.09248009019893667,0.059141650341889916,0,3
9110,989,244.1157599293538,POS,Grocery,FR,20.0,0.11548831428688934,0.14229876097711577,0,3
1286,610,52.79159359391241,Online,Travel,TR,14.0,0.20055824248707937,0.21500026574277387,0,3
453,938,263.9244311965457,QR,Electronics,UK,20.0,0.04034880091305172,0.188603178640901,0,3
867,359,65.21814647890864,QR,Grocery,FR,21.0,0.046178607738861274,0.2998038015747641,0,3
4152,782,162.85865751007003,POS,Clothing,FR,17.0,0.040729041609420105,0.32441433019649235,0,3
2052,332,30.833333538172834,Online,Grocery,FR,15.0,0.3018593558246403,0.042291904386926094,0,3
5539,24,49.389225803812124,Online,Grocery,FR,22.0,0.056374387219233206,0.19912941942806894,0,3
4197,395,0.0,Online,Food,TR,19.0,0.12625051527859477,0.0777927972149424,0,3
6878,87,51.55001025531091,POS,Travel,DE,21.0,0.41960972038766187,0.14672603253814298,0,3
643,648,66.08961938718315,QR,Travel,FR,12.0,0.1676133884439487,0.1527325513152839,0,3
3033,652,167.34275364400824,QR,Clothing,US,15.0,0.1408364627956635,0.09799458970928968,0,3
2945,402,0.0,POS,Electronics,FR,4.0,0.23767979075243023,0.03749153439150274,0,3
3693,486,318.5905159118436,QR,Grocery,FR,18.0,0.11158007170729065,0.05585481230020069,0,3
7663,596,375.7839976417181,POS,Grocery,TR,19.0,0.12436369221266004,0.12761034643816538,0,3
200,470,377.6013889030848,ATM,Grocery,TR,3.0,0.048248758315513895,0.3510000575262794,0,3
8353,76,139.72161826802352,ATM,Food,UK,21.0,0.057013546527793016,0.18898133090697106,0,3
4794,858,48.23689246380027,Online,Grocery,UK,22.0,0.13389109856334508,0.27162559988570684,0,3
2124,605,95.69076788317436,Online,Clothing,US,23.0,0.16533707221121186,0.30923251065182406,0,3
9811,973,233.80723527731217,ATM,Food,UK,21.0,0.2744832513108605,0.1859380776618117,0,3
1539,912,81.69136004533121,QR,Food,DE,23.0,0.07788012022883525,0.17617032285304288,0,3
3491,263,215.76488526759317,Online,Travel,FR,7.0,0.07645475446990867,0.08453193473683279,0,3
8587,479,143.79389724238754,Online,Clothing,US,20.0,0.203694841827129,0.5609717174670331,0,3
7602,692,371.61808339803883,QR,Food,DE,2.0,0.1354833951764286,0.28133906766910044,0,3
3431,964,101.34534197718021,Online,Electronics,FR,8.0,0.2893472870472119,0.49625788309669,0,3
1010,969,95.57340416085,QR,Food,FR,13.0,0.06746507261780252,0.07882103472396393,0,3
7420,261,1136.9044005265353,Online,Electronics,US,12.0,0.21958337680958845,0.07882228721531877,0,3
8013,36,9.093128357736376,ATM,Electronics,DE,5.0,0.195426228929028,0.11028555274470349,0,3
5649,850,18.551240607528367,QR,Food,US,17.0,0.13461283682086664,0.1342520521066568,0,3
3805,252,113.5356256975558,QR,Travel,TR,20.0,0.23498011443273764,0.29870037174308206,0,3
833,91,25.0904784109134,POS,Food,UK,22.0,0.13136835574232394,0.16427187674843172,0,3
7473,793,6.8208220750510025,POS,Grocery,TR,10.0,0.1521581617507661,0.3996957499421183,0,3
8339,789,194.64171412591745,QR,Electronics,UK,17.0,0.37550607367041516,0.2466301398349651,0,3
4623,649,491.2174326212127,ATM,Clothing,US,17.0,0.45633857802197403,0.22555115334762948,0,3
4216,206,457.0415768015227,POS,Clothing,TR,14.0,0.7721812640892689,0.6049175543907293,0,3
1860,696,0.0,POS,Travel,FR,23.0,0.17208936289230164,0.05984424875265302,0,3
5114,710,137.68002899158589,POS,Food,FR,8.0,0.2649579064440638,0.5705429147678847,0,3
1577,229,94.35799753162172,QR,Grocery,FR,18.0,0.04880385349018827,0.04652995164330439,0,3
305,595,478.2680584115765,Online,Food,TR,21.0,0.23383471338159018,0.13756024218637788,0,3
1606,217,118.85295108977944,POS,Travel,FR,4.0,0.08924724607370128,0.5121054205342821,1,3
9543,316,398.4469906854238,ATM,Travel,FR,19.0,0.22037056297654498,0.5366784455174031,0,3
5622,181,7.364869988934268,POS,Clothing,UK,22.0,0.11929718867427526,0.03966486898414646,0,3
490,617,79.19966887440239,POS,Grocery,DE,5.0,0.26775606316614287,0.25904000701383006,0,3
9615,114,122.26163453150778,QR,Electronics,UK,22.0,0.3371132839582865,0.1501766630803384,0,3
705,560,265.78054554322625,QR,Grocery,TR,20.0,0.2457919288177532,0.2049252520320271,0,3
6970,184,139.85188229675933,Online,Grocery,DE,15.0,0.27051884531696296,0.4442087409613949,0,3
3070,528,76.65114512788473,ATM,Food,TR,19.0,0.026975810322014813,0.05894866516398266,0,3
1420,357,286.90151729321053,ATM,Grocery,UK,9.0,0.0913353657752061,0.14057343628650462,0,3
4880,284,422.40502009060873,QR,Clothing,TR,13.0,0.6569761947947715,0.21373649901581002,0,3
852,215,107.6780629224263,ATM,Clothing,UK,11.0,0.20154722392929209,0.08991996143127738,0,3
3747,609,295.800361868483,Online,Grocery,TR,8.0,0.11604973287970656,0.37317629064220204,0,3
3913,997,63.17120965155557,ATM,Food,US,11.0,0.37040959321925,0.21720831075654437,0,3
8670,567,122.01333350664281,QR,Grocery,TR,17.0,0.23811776083159403,0.22961618242381282,0,3
2426,51,46.0464203968215,QR,Electronics,US,21.0,0.0684086628841919,0.13755274232884993,0,3
6908,778,52.14735456279373,Online,Clothing,FR,8.0,0.317156263394002,0.3756459887022063,0,3
5888,305,30.968789573422445,POS,Clothing,UK,20.0,0.3841544993360784,0.1900793212241386,0,3
8589,573,280.34744292780044,POS,Grocery,UK,23.0,0.09378286844168802,0.14291150544853498,0,3
3069,866,161.04282514408837,ATM,Grocery,FR,21.0,0.14997824378300587,0.1490687821612454,0,3
3920,369,773.1967015934987,POS,Travel,DE,23.0,0.7181735230023476,0.7409412668294308,0,3
587,375,404.99840194193325,ATM,Food,UK,13.0,0.098334333824678,0.04650881547365564,0,3
656,623,603.7252266659498,Online,Clothing,TR,18.0,0.15701792764878436,0.09166992956209781,0,3
8155,873,116.06149533183341,QR,Travel,UK,23.0,0.4582258504012767,0.2875456322519153,0,3
2208,520,86.08561969097948,ATM,Grocery,UK,18.0,0.06343915176322644,0.19990335367443632,0,3
8861,19,99.29552696491223,POS,Grocery,FR,12.0,0.06987258874275541,0.23819012889075075,0,3
1390,964,40.95567364394952,Online,Food,TR,22.0,0.14763011603926599,0.24110741240859346,0,3
1799,381,11.854769398773772,ATM,Grocery,DE,18.0,0.039628471070203786,0.25175525907295304,0,3
7837,132,94.14393137074653,ATM,Electronics,TR,13.0,0.3820888722573893,0.47241422551202356,0,3
7324,186,0.0,POS,Grocery,UK,22.0,0.3535094213657368,0.28107914402697476,0,3
2459,679,256.9577672609829,ATM,Travel,FR,22.0,0.05307239619858043,0.08863245595571893,0,3
6354,625,4.42467277818106,ATM,Electronics,TR,22.0,0.2037273369214474,0.31145993137803096,0,3
9929,796,3.59024464270183,Online,Grocery,TR,11.0,0.03299096852030391,0.07217028910918794,0,3
6854,699,511.8238342861259,POS,Grocery,DE,16.0,0.4515135863328841,0.508364699581944,1,3
3904,412,381.0926176124556,POS,Food,FR,21.0,0.19777829640050892,0.0631409702593369,0,3
678,488,176.64378998359766,QR,Food,US,16.0,0.33710463564101634,0.08205895706828206,0,3
3813,97,999.4099677765141,QR,Electronics,DE,19.0,0.5379988033144407,0.30912978211693554,0,3
2098,199,696.9254274214368,QR,Food,FR,18.0,0.5795542815554315,0.34917000473735293,1,3
9674,359,55.66963454622354,ATM,Grocery,FR,3.0,0.16937779161563393,0.3017923980293692,0,3
2216,601,23.204590943737553,QR,Electronics,UK,21.0,0.15837721628421064,0.06775338405642357,0,3
6346,703,447.9520421567803,POS,Electronics,UK,21.0,0.09026468738756904,0.169231142226425,0,3
7341,456,124.77953282905483,POS,Travel,DE,21.0,0.27398739429154667,0.6185565243746989,0,3
8056,788,424.14943707032614,Online,Travel,TR,16.0,0.3746524234980344,0.2523570025249364,0,3
1007,934,102.90715449061436,ATM,Travel,UK,12.0,0.1472877307971484,0.18335900413334183,0,3
4933,513,482.47020422536724,Online,Clothing,DE,8.0,0.2885441658823799,0.2063072797054743,0,3
6623,656,1044.8723059535878,QR,Grocery,TR,20.0,0.6393965634058206,0.1955501320892028,0,3
1310,307,81.32967117759931,QR,Travel,UK,17.0,0.44850714237763367,0.3179941726736622,0,3
1083,663,232.87423846380716,Online,Grocery,US,12.0,0.19171559383029182,0.23201423551466127,0,3
3011,499,249.13394329016478,QR,Travel,DE,4.0,0.13348709437613016,0.2939262731136963,0,3
7522,770,132.04153652066705,QR,Food,UK,14.0,0.1154133331584461,0.1270596881637418,0,3
841,386,110.9550018855896,POS,Clothing,US,18.0,0.20815173147683202,0.3028641818898578,0,3
1767,755,115.49794110802438,Online,Electronics,US,3.0,0.4107730832541446,0.09837242976045046,0,3
4019,520,5.748837185933301,POS,Electronics,UK,4.0,0.2939078164527583,0.16777371212754597,0,3
9549,270,30.433288259896848,Online,Electronics,UK,22.0,0.15412272986644787,0.1138154582871178,0,3
9114,59,29.621302934034418,ATM,Travel,US,23.0,0.2213902942195553,0.2835152061487881,0,3
5709,349,31.349932007958262,POS,Food,TR,6.0,0.0321868958448937,0.05322178629598891,0,3
7117,309,261.29650764873173,ATM,Grocery,US,13.0,0.16931673443821618,0.24625180440370603,0,3
7639,757,144.0839632590305,QR,Grocery,US,14.0,0.45974319794955787,0.22876170064739992,0,3
9588,278,3.284492966230539,ATM,Grocery,FR,20.0,0.10481994124829612,0.02940809428630652,0,3
1205,758,317.1037587810531,ATM,Electronics,DE,13.0,0.32473048042521646,0.40901699929055446,0,3
7712,110,128.51375474999375,QR,Clothing,FR,19.0,0.06391606532413818,0.06410114829702468,0,3
553,92,282.89400124843354,ATM,Clothing,US,19.0,0.34014925247324546,0.15401982390382468,0,3
7691,252,613.6231543586874,Online,Electronics,DE,10.0,0.4755563914994373,0.12064626035509149,0,3
1045,208,5.1396242594300405,QR,Grocery,UK,21.0,0.18373947115609673,0.03902863463012514,0,3
6614,406,8.535265794895846,ATM,Grocery,US,4.0,0.06339513341606007,0.06611958085432501,0,3
6599,547,512.0831633927306,POS,Electronics,FR,10.0,0.10021282101129521,0.2430247689059753,0,3
6980,414,20.756759344649446,Online,Grocery,UK,20.0,0.04668020286141064,0.06173326168303345,0,3
2392,733,79.61261233351597,QR,Food,DE,20.0,0.42569469948529814,0.2285494302002063,0,3
5831,462,249.47183915895238,QR,Electronics,FR,16.0,0.2552317333791832,0.2683168072518372,0,3
2623,117,140.51587173093904,POS,Grocery,DE,7.0,0.18451579110737024,0.19616232682313525,0,3
879,102,341.031577503172,Online,Electronics,TR,9.0,0.13730437682768237,0.26741270983956866,0,3
8721,28,68.90806670561985,Online,Grocery,DE,22.0,0.16934868688511404,0.2684830559407187,0,3
9453,515,59.59469921459138,QR,Travel,FR,4.0,0.2194429351884383,0.10567004034295893,0,3
9544,137,197.4644700633975,POS,Food,US,11.0,0.3061272125886518,0.10978493769256256,1,3
2371,214,308.8261339364757,ATM,Travel,FR,16.0,0.48269291851111207,0.25162734288827426,0,3
2361,827,23.071466350140813,POS,Grocery,FR,21.0,0.10533809041094487,0.1465094220117521,0,3
2791,873,30.446817513481314,POS,Food,US,8.0,0.2402601335740437,0.09459733569495513,0,3
7077,624,496.0965978553366,QR,Electronics,TR,19.0,0.05360960646920868,0.12405455851826405,0,3
1604,244,104.77579450298866,QR,Food,US,19.0,0.33973415299509,0.09496911660342873,0,3
4848,216,156.73266550812997,POS,Food,US,15.0,0.1156822622616016,0.1849410356390597,0,3
7830,170,541.234258698097,ATM,Food,US,17.0,0.08806746448449011,0.09143271983231659,0,3
7051,852,27.002911186859734,Online,Food,DE,16.0,0.07220684336555074,0.12017971978037148,0,3
9438,860,497.2479989532583,QR,Clothing,FR,21.0,0.11362042412895365,0.2226143305919454,0,3
9601,982,166.98146890355656,Online,Electronics,NG,23.0,0.13995761209004431,0.1603543696282064,1,3
2576,456,114.59400596687941,Online,Food,US,21.0,0.33491138854142355,0.12162132473672278,0,3
784,539,315.369977752037,POS,Clothing,US,19.0,0.1924473611220531,0.18304634782234314,0,3
8701,108,29.7992228238705,POS,Travel,US,14.0,0.3489218863253915,0.22650111739135614,0,3
7858,559,49.154961012121994,Online,Electronics,US,15.0,0.17431062047136944,0.05919316494954295,0,3
752,279,41.09285567964196,QR,Food,TR,20.0,0.1168267294188271,0.19146028645401703,0,3
9743,746,38.88733031874757,POS,Food,TR,16.0,0.2387269601635488,0.11808606467755049,0,3
2506,753,131.81748842933908,POS,Clothing,DE,5.0,0.1572355728884051,0.5076244822802738,0,3
9109,532,61.11709906919041,ATM,Grocery,FR,10.0,0.18937644766620954,0.15309330579815061,0,3
8368,686,8.031956669891517,ATM,Food,DE,23.0,0.024668742193770764,0.049043367422346024,0,3
6981,862,7.558078892138492,POS,Food,DE,21.0,0.08560473373533475,0.07293714424558002,0,3
5143,660,120.30178162735865,ATM,Travel,DE,16.0,0.2759350434167115,0.04222968961884539,0,3
3633,261,349.6001112203312,POS,Food,FR,16.0,0.5919194913864848,0.3966356072281789,1,3
8411,668,255.14458596011704,POS,Electronics,US,12.0,0.18906440045013645,0.31572139441035957,0,3
617,211,544.6970771952249,QR,Clothing,FR,6.0,0.5761899731031707,0.3349875706106688,0,3
5217,290,96.60338325749338,POS,Food,FR,16.0,0.30279704451092704,0.08213412021928965,0,3
3599,270,252.78416070429247,ATM,Clothing,TR,17.0,0.18520445427820725,0.11462100825240779,0,3
6377,19,177.63091837759035,QR,Food,FR,21.0,0.032044096138982354,0.09539956580101346,0,3
5771,111,0.0,Online,Travel,UK,14.0,0.358127690964555,0.15100373371694967,0,3
141,264,56.115574789295145,QR,Food,DE,15.0,0.13640214378735915,0.18487882105947623,0,3
134,675,85.12512971475545,POS,Clothing,FR,22.0,0.6807683550417257,0.30702331071052125,1,3
6902,748,108.31429562844973,Online,Electronics,TR,6.0,0.27405412818002445,0.2299101735617214,0,3
1162,167,200.5342239171509,Online,Electronics,UK,6.0,0.32220850159045555,0.19627061184700567,0,3
8998,196,78.5599682194644,Online,Travel,TR,12.0,0.16558163355527056,0.13057659086612433,0,3
9717,80,10.859979515945252,Online,Grocery,DE,16.0,0.17465876058441945,0.16732696042425305,0,3
1515,848,266.4868978800797,ATM,Grocery,TR,19.0,0.31507128179749244,0.18563140347488455,0,3
6501,802,299.0455095215156,QR,Electronics,UK,15.0,0.20939702758740925,0.2769341176033244,0,3
5302,661,321.6751386348575,POS,Clothing,UK,13.0,0.37106440959947573,0.3942448913035151,0,3
4311,165,768.7382501836283,QR,Electronics,UK,17.0,0.21436856796958553,0.2942796014741787,1,3
584,714,636.1693952021583,Online,Grocery,US,6.0,0.4594686600397867,0.1515337384230392,0,3
1618,364,463.0732539153933,POS,Electronics,FR,18.0,0.09063849971663275,0.1309829929543033,0,3
2460,832,433.1168380172733,Online,Clothing,DE,19.0,0.03372831134173003,0.3772528710607421,0,3
6264,271,166.32319629097006,ATM,Travel,US,21.0,0.3930863749285637,0.6590074903632153,1,3
294,111,46.14110982237459,QR,Clothing,TR,2.0,0.09778726383921989,0.06306849438276113,0,3
3106,150,664.8236549095701,POS,Electronics,TR,17.0,0.2050196098060898,0.8841063469339017,0,3
9430,928,21.852380283151415,POS,Grocery,UK,20.0,0.29079086978488367,0.8386316521079399,0,3
1033,723,74.09123043067204,Online,Grocery,TR,3.0,0.22479263608840333,0.11024000503254291,0,3
8802,988,332.9016259562427,Online,Clothing,UK,20.0,0.24737362421124473,0.21293639455006763,0,3
7186,55,156.75674577882933,ATM,Clothing,FR,23.0,0.177060008007639,0.07640609586931243,0,3
4677,272,18.412448258920115,POS,Food,DE,14.0,0.586583044066731,0.09904995126526212,0,3
5590,514,311.5901367616868,QR,Clothing,UK,18.0,0.1368509268312253,0.05746449729881538,0,3
8594,981,5.224226680481918,Online,Grocery,DE,12.0,0.07325832237219292,0.050394048502546154,0,3
9617,121,495.14416730942133,QR,Clothing,US,9.0,0.12522147742642123,0.7470977672183623,0,3
6008,996,711.5569104667472,ATM,Electronics,UK,11.0,0.08166416535879059,0.36227975796860684,0,3
6658,316,30.689079689102023,QR,Grocery,UK,12.0,0.0642809970090811,0.03079079484115666,0,3
1043,883,4.688118292785821,ATM,Clothing,TR,20.0,0.2056105467284916,0.21107869643348232,0,3
6016,470,318.5986376543172,POS,Travel,FR,21.0,0.2888148555795068,0.2361684608892808,0,3
816,890,805.8183226287066,ATM,Grocery,US,23.0,0.29030763961380274,0.15885976961840934,0,3
7351,146,47.35096508279156,QR,Food,TR,16.0,0.1254457759661428,0.033235966637435624,0,3
3377,801,693.9504890005962,ATM,Food,UK,20.0,0.10356296681137639,0.3189171456692506,0,3
8009,524,46.189711962003976,QR,Food,TR,10.0,0.17258972403597264,0.10488312404947964,0,3
7809,533,502.00969510717607,POS,Electronics,US,21.0,0.2583119266327291,0.1873103654693741,0,3
8291,966,25.304659027009873,ATM,Travel,DE,22.0,0.13047766575008962,0.1415908366359817,0,3
8995,346,41.52346393464806,POS,Clothing,US,23.0,0.036367902725600865,0.03315649175632834,0,3
7622,148,26.540209380133536,ATM,Grocery,DE,12.0,0.1280218891212615,0.14210850666995142,0,3
1924,841,138.8873596389155,QR,Clothing,UK,17.0,0.10874194091275732,0.25544247990692565,0,3
2630,885,780.9016108579958,Online,Electronics,UK,19.0,0.19741865580616083,0.2073601888849916,0,3
3322,521,64.91064276197724,ATM,Food,UK,14.0,0.14752372513233683,0.33336856469578047,0,3
6913,287,164.5546040720909,ATM,Clothing,DE,19.0,0.3758381904490923,0.12857739766532625,0,3
9150,851,22.800428182494613,ATM,Travel,UK,10.0,0.10640345359662948,0.206158108858249,0,3
6245,700,4.734154504571571,ATM,Food,US,5.0,0.039960404132709,0.0536989272672434,0,3
8454,709,124.30489472376526,ATM,Food,US,16.0,0.17481534465948145,0.2032097757367418,0,3
7830,203,195.63796964358278,ATM,Electronics,DE,23.0,0.1600187256263519,0.1722011437302026,0,3
2456,662,152.9341314891402,Online,Food,US,5.0,0.06509095030474354,0.10882673864995612,0,3
1062,299,127.25072617086748,ATM,Grocery,DE,11.0,0.2336522743904204,0.376263220627167,0,3
9791,482,322.6425811899564,Online,Grocery,TR,17.0,0.1481256022800186,0.1919890548909887,1,3
8459,498,465.55216713326865,Online,Grocery,FR,15.0,0.2424995283364939,0.5921026030913716,0,3
7626,365,607.3304731047305,QR,Grocery,DE,14.0,0.2502416850943786,0.21379026222690672,0,3
8160,326,258.01669935717416,Online,Electronics,US,22.0,0.21879582828989264,0.19106332693274825,0,3
998,322,0.0,ATM,Grocery,UK,10.0,0.1796231894015611,0.05974820172754017,0,3
5606,674,404.75035750417777,POS,Food,TR,11.0,0.5643955272429497,1.0,0,3
9190,392,79.51649895439661,QR,Electronics,US,18.0,0.2828446650953328,0.3125105579352373,0,3
5276,896,10.12667191896869,QR,Clothing,TR,22.0,0.30105653968025853,0.11120510884383074,1,3
7014,648,94.41191165911407,Online,Electronics,UK,22.0,0.16295977684940421,0.3473179209153659,0,3
6455,235,132.29129593490075,Online,Grocery,UK,20.0,0.056134513646433626,0.34497507114591097,0,3
3148,190,34.90469599628809,QR,Clothing,FR,18.0,0.38889306294022186,0.36215830259960324,0,3
3687,587,409.0728005044742,POS,Travel,FR,19.0,0.42080158863882106,0.3799421377462671,0,3
5021,467,1.8147429272246396,ATM,Clothing,FR,8.0,0.047827487067012384,0.1450949083788519,0,3
9530,724,74.6909517377757,ATM,Electronics,DE,10.0,0.032344224564435906,0.06953944955826605,0,3
7641,26,82.93613432683445,QR,Clothing,DE,22.0,0.13528815408001096,0.15371992743656154,0,3
7206,446,4.629148232433147,ATM,Travel,US,23.0,0.08221392006274436,0.05294786235185539,0,3
7505,834,105.79991316474782,QR,Food,UK,19.0,0.4675398901466653,0.0926701338553098,0,3
8201,257,133.52469868329817,ATM,Clothing,FR,10.0,0.33920424390565773,0.15570152317912067,0,3
5796,209,318.82496628952595,ATM,Food,TR,22.0,0.07649732338010999,0.6112859533786676,0,3
2991,506,133.11252209012238,ATM,Clothing,FR,16.0,0.19300272555758882,0.09168058424551914,0,3
1972,713,103.23705587487184,POS,Electronics,TR,17.0,0.12149070116756923,0.18948538146255223,0,3
7609,319,47.53755762707839,Online,Food,DE,5.0,0.10041971381709852,0.20004003698080874,0,3
4448,983,23.249520676208164,Online,Food,TR,22.0,0.04557394532836746,0.09257911210380826,0,3
5757,854,99.69649398934966,Online,Travel,DE,14.0,0.21948955295799896,0.07107394768608552,0,3
165,312,56.693603359074594,POS,Travel,FR,22.0,0.3548480920518455,0.13030154900464805,0,3
8645,619,560.4519537727595,POS,Food,US,7.0,0.3387118863079403,0.39873674053959196,1,3
6339,598,17.929136506626925,QR,Grocery,DE,17.0,0.09139855492365583,0.35142523233617917,0,3
7266,650,71.17223588144317,POS,Clothing,FR,16.0,0.10190835053782321,0.0767455170070557,0,3
2399,48,23.15188621537392,QR,Electronics,TR,21.0,0.08741891406388216,0.08991977157228634,0,3
2879,775,18.351798517353142,QR,Electronics,US,16.0,0.527334590566857,0.09737610750645151,0,3
3207,227,76.59627654471763,Online,Food,US,14.0,0.07732679486882219,0.025847412240549823,0,3
6635,621,22.58096589305739,ATM,Food,FR,4.0,0.03202145346791259,0.1035147724049772,0,3
6267,921,47.40878883220327,POS,Travel,DE,20.0,0.03714152617356815,0.0488454222616128,0,3
8445,642,409.9258531821596,QR,Food,FR,11.0,0.29038017548486,0.5394964750980896,0,3
9703,1,43.45502690016323,QR,Food,US,6.0,0.029307570312040118,0.0811599058996843,0,3
8521,431,129.06695023167683,QR,Electronics,FR,12.0,0.2709605813933457,0.25082399683870227,0,3
4903,116,75.85707620825693,Online,Clothing,US,5.0,0.186016021899839,0.03545879827938708,0,3
6715,18,96.30374553419965,POS,Travel,DE,10.0,0.5451140065789406,0.418785960451417,1,3
7516,998,128.44407567168133,Online,Clothing,DE,19.0,0.4125037930223426,0.20345910384411156,0,3
3338,845,172.33529794046143,QR,Grocery,UK,22.0,0.05914443263308833,0.07205887286432339,0,3
3671,74,211.24698204213797,Online,Food,UK,20.0,0.37252288637521974,0.43704538547144645,0,3
9985,24,125.71274745906001,POS,Grocery,TR,23.0,0.21863001924277703,0.3189807924322785,0,3
7642,752,161.40055881240238,POS,Food,FR,6.0,0.05456530876043747,0.07099258678186608,0,3
2560,894,85.15360821471258,ATM,Clothing,FR,23.0,0.0460690157912997,0.08857753647918304,0,3
7619,103,144.13984430190072,QR,Food,US,13.0,0.044419459829540944,0.048156104850505976,0,3
6182,642,39.37470664639845,ATM,Clothing,DE,15.0,0.049755315532631836,0.07250431192886196,0,3
7375,701,121.9673728828707,Online,Travel,US,11.0,0.494245942416648,0.04137788060614998,0,3
1314,850,43.42058667224113,QR,Travel,TR,17.0,0.4441314533597812,0.20473543081424464,0,3
993,108,61.09330172063878,Online,Clothing,TR,21.0,0.3447946027704973,0.24870922154242986,0,3
4655,149,110.29223541400982,QR,Travel,UK,21.0,0.6562273835235091,0.745359814766083,0,3
694,167,246.34759699305962,ATM,Food,FR,18.0,0.059574202752497585,0.09333752490719259,0,3
6257,545,49.7939403388002,POS,Travel,DE,23.0,0.2927049942580129,0.09612512902672588,0,3
9145,414,256.60166765349135,Online,Food,FR,23.0,0.12355804124614861,0.049445803329356885,0,3
6686,51,350.5714820044234,QR,Grocery,UK,5.0,0.10229684849564766,0.3094940292649673,0,3
1616,832,5.917549430634508,ATM,Food,DE,21.0,0.1801411937661262,0.2674584094372648,0,3
2959,721,51.99044576715699,Online,Travel,US,22.0,0.24116508284476573,0.560073214223302,0,3
1938,684,2.2845098203019516,POS,Clothing,DE,17.0,0.15195986614000376,0.20823079555918733,0,3
2151,208,256.90751152629576,ATM,Travel,DE,22.0,0.05704284356964588,0.18466965324902251,0,3
4265,81,185.59777219317678,Online,Clothing,FR,22.0,0.23149983556311277,0.1739043370354866,0,3
6516,885,144.55342635524116,ATM,Clothing,UK,17.0,0.2541618244036423,0.1014735741862799,0,3
991,885,583.5310960846019,POS,Grocery,DE,15.0,0.18398899734913182,0.17140923937160582,0,3
422,532,159.70414023918758,Online,Food,TR,18.0,0.18011803716749275,0.2372873059089619,0,3
2696,409,126.05289727218877,Online,Grocery,DE,12.0,0.357835466757063,0.3990788505196454,0,3
3322,192,62.438343202495965,Online,Clothing,UK,22.0,0.22361787987649417,0.14783286254492597,0,3
1172,764,610.6284117745041,POS,Food,FR,20.0,0.6423474148566002,0.4214959123907111,1,3
2313,511,16.200015131039848,POS,Food,TR,16.0,0.13141347750943855,0.15808003129954332,0,3
1849,147,189.31567975878983,QR,Clothing,UK,5.0,0.1468378109581039,0.16595457202115865,1,3
1533,6,21.086820327347418,ATM,Clothing,TR,18.0,0.08396068676453103,0.030450029102860522,0,3
8148,493,202.49136331936973,POS,Travel,TR,11.0,0.17158621102969987,0.22687163247722736,0,3
7570,762,0.0,QR,Travel,UK,10.0,0.10847116158726437,0.06807461983030992,0,3
9907,289,140.49355638240831,POS,Food,FR,7.0,0.19354625594115246,0.1702876647631278,0,3
9972,83,436.51222057878874,ATM,Grocery,DE,15.0,0.5770706678745514,0.27762162251302097,1,3
4890,48,767.7362926303895,POS,Electronics,US,9.0,0.14420262547004148,0.07075782813215199,0,3
7134,551,508.2827687553095,QR,Electronics,US,13.0,0.3950445428424875,0.4834914394057549,0,3
2131,897,95.54905760852776,Online,Electronics,FR,12.0,0.2595285271579159,0.22841702007847461,0,3
4394,897,153.23902469115785,POS,Grocery,TR,16.0,0.0642339429128613,0.17266499031665167,0,3
7573,132,250.20580846789065,ATM,Clothing,DE,17.0,0.274868162147724,0.14555327982423982,0,3
4314,509,299.21440849347107,ATM,Food,TR,23.0,0.13557965050027576,0.17870245872006918,0,3
8328,662,138.0606885283608,Online,Electronics,US,20.0,0.15959159313805987,0.270681304869768,0,3
3299,104,429.6737644152626,POS,Food,US,3.0,0.29028348343266297,0.464425946832409,0,3
5403,651,149.2885322370322,POS,Travel,FR,17.0,0.10904088766205156,0.07723573924034023,0,3
6133,199,151.15513662370222,POS,Food,US,22.0,0.2181196254095982,0.08062877292971941,0,3
1713,604,338.43409178396814,ATM,Grocery,DE,12.0,0.37605211950828854,0.1466887164265535,0,3
4356,939,311.95465694003417,QR,Food,FR,12.0,0.06313449838466523,0.1577518099843354,0,3
8097,340,184.57644923835016,Online,Clothing,TR,20.0,0.48591774803742915,0.5311391636926739,0,3
7718,291,28.029376365683785,POS,Food,DE,17.0,0.2743876763180778,0.08268939510081988,0,3
186,627,317.88742023725985,ATM,Electronics,DE,17.0,0.17575803987466806,0.03938725591160321,0,3
3909,371,73.24858522000693,QR,Travel,DE,17.0,0.17100019848373574,0.1788586765711985,0,3
1591,547,7.6686367692784305,Online,Grocery,FR,5.0,0.17233628966224224,0.2119400733194326,0,3
2786,916,33.29245345795107,POS,Food,TR,17.0,0.3038527691403497,0.0719895835527201,0,3
9544,540,85.16709014288354,POS,Travel,FR,20.0,0.14043178317230837,0.09565176885903409,0,3
3004,972,276.6473627197316,QR,Food,UK,17.0,0.3525388338949555,0.5387446370841319,0,3
4094,845,21.704611032219262,ATM,Travel,US,19.0,0.07813661114574091,0.06060899261077717,0,3
2750,874,64.26049793407743,Online,Travel,US,4.0,0.2382993302186585,0.4980953203740791,0,3
9829,414,251.96368424986875,QR,Electronics,TR,12.0,0.10473372229645483,0.3993858489867386,0,3
4016,298,116.87717444344803,Online,Food,TR,21.0,0.4293960508291226,0.2514123887613674,0,3
3142,11,291.7580316083654,ATM,Electronics,US,7.0,0.3165891825431614,0.07924856395433316,0,3
4825,792,25.589438358816835,POS,Clothing,US,8.0,0.03873104274989327,0.08090109145960125,0,3
2700,107,95.83463081287162,ATM,Grocery,FR,10.0,0.05545012018620744,0.05582359577673873,0,3
4904,561,204.42091560444788,POS,Grocery,FR,18.0,0.08175216692438168,0.1356093211027976,0,3
3500,239,105.24301568998281,QR,Food,FR,9.0,0.27832574599227394,0.2296258699912038,0,3
3259,286,37.91297447573333,QR,Grocery,US,22.0,0.27994166772841833,0.06849333177792488,0,3
3430,834,91.65021945514327,POS,Electronics,DE,7.0,0.175348968921734,0.16063065498749812,0,3
8478,636,0.0,POS,Travel,DE,21.0,0.05401750962540564,0.15609278857689945,0,3
8003,743,128.51500741207272,POS,Travel,DE,10.0,0.329497871716412,0.16708504007373579,0,3
3178,172,206.84118555884487,POS,Travel,FR,8.0,0.1169612562549186,0.1298529062872407,0,3
6035,120,14.803920061534969,POS,Electronics,US,20.0,0.029511108921001505,0.09358424284913675,0,3
6867,430,144.62126741809936,Online,Food,TR,19.0,0.10099829952044531,0.06262568089115622,0,3
5160,129,45.052631554051736,ATM,Food,US,13.0,0.15534172656778697,0.3753910814423924,0,3
9889,358,703.4499867898589,POS,Grocery,UK,20.0,0.7327474354769135,0.128152978854677,0,3
9708,920,247.86752628633374,ATM,Clothing,UK,5.0,0.24419897226941573,0.15509541141943217,0,3
891,563,398.8180803247707,QR,Travel,UK,19.0,0.25164887514693707,0.22842448370207094,0,3
2353,798,241.0798250591904,QR,Food,TR,2.0,0.24458612662984575,0.18978365044225076,0,3
6798,936,6.295221566258504,ATM,Travel,TR,18.0,0.0817804272909798,0.2355720194034686,0,3
4068,220,445.11907794914936,QR,Clothing,DE,8.0,0.3490669887746389,0.4483662760186065,1,3
495,166,449.61718783364796,Online,Grocery,NG,22.0,0.23356534726054634,0.08340505465974105,0,3
9586,68,74.59517034703147,Online,Travel,UK,13.0,0.06402534315397189,0.34410337035831196,0,3
7648,516,13.671330770382223,QR,Electronics,US,20.0,0.6442295543756045,0.4195630453100533,0,3
2513,621,530.8822766241105,Online,Clothing,US,16.0,0.24531932247686916,0.3523061981185227,0,3
79,170,160.40218097438833,ATM,Grocery,UK,11.0,0.053390698430062035,0.1462958183922256,0,3
6769,211,84.04614716120822,Online,Travel,DE,20.0,0.37243612783402474,0.4182043522725827,1,3
5026,568,312.5517806428025,QR,Travel,UK,19.0,0.47711235938082963,0.4441730197879026,0,3
2634,249,157.76038086641114,QR,Grocery,FR,13.0,0.04755154543743034,0.1371648763451006,0,3
7261,526,26.169617459206123,POS,Electronics,FR,22.0,0.19155800741557796,0.23726854197049288,0,3
863,169,0.22790491006897273,QR,Electronics,FR,7.0,0.25148255951700044,0.046341237409520744,0,3
6569,495,410.37790732642895,POS,Grocery,FR,19.0,0.06952160416171192,0.17100380790772524,0,3
6432,686,21.657359933484223,ATM,Food,TR,19.0,0.1840102912072621,0.06741197238195618,0,3
2407,107,22.042536803953823,Online,Electronics,US,22.0,0.2276490450260029,0.09419904311987166,0,3
9088,743,154.4948829447581,POS,Travel,TR,9.0,0.29273070548094043,0.6683708511680932,0,3
6420,911,1.847489521245672,QR,Electronics,FR,11.0,0.08491873246816231,0.07544362364545043,0,3
9847,730,141.29495082342004,QR,Grocery,DE,23.0,0.3769850453185324,0.22737991381729508,0,3
2139,946,652.783752549769,QR,Food,UK,15.0,0.18114706940531772,0.12645248679732532,0,3
5713,103,88.68496672765392,QR,Clothing,UK,21.0,0.07539720173283522,0.038540029737482745,0,3
8077,838,10.306372232580483,POS,Travel,FR,13.0,0.10934077507078066,0.04017080730115194,0,3
6662,645,81.69580410264102,ATM,Clothing,UK,12.0,0.1966481609833525,0.16221114490967525,0,3
3623,763,367.02286675758825,Online,Travel,DE,18.0,0.10642811599592232,0.25802538804386155,0,3
6324,948,8.44105674015703,ATM,Food,UK,22.0,0.47457780258655685,0.2512594296786452,0,3
3251,620,500.23918662775486,QR,Grocery,DE,9.0,0.0746848386063166,0.21628488168067667,0,3
1756,988,5.749563141007107,POS,Food,TR,19.0,0.05230670063390727,0.050211052399889836,0,3
9472,823,268.5299335267294,QR,Grocery,FR,19.0,0.19339941765670568,0.21115000434549008,0,3
251,657,167.15436635458914,POS,Grocery,DE,19.0,0.07794644906383322,0.14767270922433606,0,3
6347,451,680.6627522107516,QR,Travel,DE,19.0,0.10179349708019894,0.2795227797400578,0,3
8669,344,590.8601580348085,Online,Clothing,UK,2.0,0.12186588694211588,0.2748823138243228,0,3
9589,842,11.263231209011188,POS,Travel,US,13.0,0.272018068768624,0.3887335380522889,0,3
186,337,232.38671105452818,ATM,Grocery,FR,23.0,0.17925304629834737,0.34352977213629177,0,3
3210,668,2.2794146870041336,Online,Grocery,TR,15.0,0.14633860355618863,0.07497434136558834,0,3
8909,550,81.48173041949681,QR,Electronics,FR,16.0,0.2998151385868655,0.04460488350528591,0,3
9559,991,76.94908834777564,POS,Food,FR,9.0,0.03791052326306112,0.12562588575281416,0,3
2052,816,197.2145473279503,QR,Clothing,TR,14.0,0.4258903985814737,0.19304078200023442,0,3
9920,181,116.74489674678689,QR,Food,TR,6.0,0.19525524778562753,0.05226218689473268,0,3
4713,313,11.431764993142712,QR,Travel,FR,12.0,0.1461485828591403,0.10990844086527926,0,3
163,982,104.07877784197167,Online,Food,DE,9.0,0.3387528179232939,0.33267040343290616,0,3
5738,860,399.4426632150886,POS,Clothing,DE,12.0,0.19383469216917598,0.3061631347862754,0,3
8646,78,60.575194632083495,Online,Grocery,US,17.0,0.18293386865873087,0.2114671677564469,0,3
115,977,22.077977409102637,Online,Electronics,UK,22.0,0.19598876643312246,0.24963424938854983,0,3
5365,310,306.403901718741,Online,Food,TR,9.0,0.5302524087359538,0.15270753345223237,0,3
6094,186,10.163595817388186,QR,Grocery,DE,23.0,0.10256098151703948,0.03758410165927917,0,3
6600,870,736.9766847887498,QR,Electronics,US,15.0,0.28635077209515736,0.22014566728737706,0,3
7915,192,37.670872413659566,QR,Clothing,US,17.0,0.08288941391876793,0.1417062843713781,0,3
581,486,149.49596019951912,POS,Grocery,US,21.0,0.18055525915674436,0.07867880643043516,0,3
4963,138,558.4582189851012,QR,Grocery,FR,14.0,0.18206119533666443,0.21230139730426867,1,3
4614,113,246.08373596426344,POS,Food,UK,17.0,0.1417935722878077,0.07172310036070502,0,3
1671,680,149.76079151074634,QR,Electronics,FR,16.0,0.14525118621641336,0.16559136542957312,0,3
9250,774,9.312214503052969,POS,Travel,DE,22.0,0.04418929430846896,0.13948445861434833,0,3
1594,788,32.76942717613218,ATM,Travel,DE,18.0,0.07117874172991619,0.16133164923438903,0,3
622,412,5.6945116191500285,Online,Food,US,23.0,0.4198442954762733,0.47800854444184304,0,3
6707,552,24.605904433282628,ATM,Clothing,FR,6.0,0.12034200214890205,0.12071297616012529,0,3
5801,135,16.219000446703724,POS,Electronics,UK,21.0,0.08085003672006079,0.17901595871772089,0,3
9612,371,33.59112684922095,POS,Food,US,10.0,0.28220279251233665,0.1181385246639661,0,3
9475,247,121.27937846256337,POS,Electronics,TR,20.0,0.271840997198344,0.4330471028873176,0,3
7852,393,11.391547131095862,POS,Travel,FR,22.0,0.27658861383894073,0.11740852462718447,0,3
5183,869,174.44937934830764,ATM,Food,FR,22.0,0.18416585103640845,0.09790874178856221,0,3
4706,249,410.44433945520274,Online,Clothing,DE,16.0,0.32768488481736424,0.2159121224718841,0,3
6036,852,519.3780571265486,ATM,Grocery,US,13.0,0.5607494094629675,0.3280371969486824,0,3
8859,949,47.368593004827794,QR,Clothing,UK,11.0,0.2211792908396511,0.034303250011246185,0,3
3657,515,824.5707187701391,QR,Grocery,US,15.0,0.10006911458086071,0.2530550677864295,0,3
2323,550,35.50354021779485,POS,Travel,US,17.0,0.049729519272910666,0.1669682227880757,0,3
5031,902,160.70423825228198,ATM,Food,DE,16.0,0.24219273132501362,0.4295800534271419,1,3
929,13,42.747104074251446,Online,Electronics,FR,23.0,0.07447479210238526,0.12835642738925307,0,3
7251,924,69.25970838943583,ATM,Electronics,US,11.0,0.18634864789396244,0.3137100304245122,0,3
2560,858,490.0826092683931,Online,Clothing,UK,22.0,0.7760157842020443,0.11484769924059038,0,3
1115,289,13.429796720343711,ATM,Grocery,UK,22.0,0.20652221537016624,0.1992015575871444,0,3
8597,808,662.7218012727513,Online,Grocery,FR,17.0,0.5690772992612858,0.5624072248849217,0,3
7678,465,118.00457633224076,QR,Food,TR,13.0,0.1817955722160289,0.14723853249379332,0,3
5113,744,9.615030467629948,Online,Travel,TR,22.0,0.1615765294376576,0.24610112354035504,0,3
9093,363,366.4563643514576,POS,Travel,US,11.0,0.39066110750376437,0.5023598288482741,0,3
3693,444,265.78370918921786,Online,Travel,TR,13.0,0.18795862167828395,0.1347974971790534,0,3
7461,218,0.8559544266992196,POS,Clothing,TR,7.0,0.11784241245314317,0.03103014937139904,0,3
6746,323,79.7592601968615,ATM,Food,US,9.0,0.1817665722877682,0.2320353709365272,0,3
4019,516,422.22185844074346,ATM,Food,FR,18.0,0.21411837853587218,0.10175776429565216,1,3
5190,710,27.341239816278282,POS,Food,DE,22.0,0.06329725113990678,0.24288051246596684,0,3
4625,191,43.5216567942755,ATM,Travel,US,4.0,0.17127474379426988,0.40448529721947873,0,3
7047,745,671.9932495162312,ATM,Travel,DE,14.0,0.38716203690891937,0.2545938481568167,0,3
7047,629,4.841266615249317,QR,Travel,FR,15.0,0.12355817392310396,0.07718119076996016,0,3
9027,117,708.4014761049444,QR,Clothing,TR,21.0,0.23267638129493684,0.1133077374402717,0,3
6379,923,169.6951358478307,POS,Electronics,UK,18.0,0.16329072085489268,0.23693756909927471,0,3
9923,743,328.1159294517548,Online,Food,US,18.0,0.17243145687770742,0.21662443150231722,0,3
1887,834,38.950369236823725,Online,Food,UK,20.0,0.26526410031450354,0.2917356717967528,0,3
9544,880,44.69544885641895,POS,Food,US,10.0,0.4104019966261643,0.38198798319601446,0,3
7606,854,43.46527398677597,ATM,Electronics,US,5.0,0.09424550573306911,0.12204125738297539,0,3
1900,871,52.33029100712783,ATM,Electronics,UK,21.0,0.11225842161896558,0.2291901932557935,0,3
5311,338,125.03329633867327,Online,Travel,DE,16.0,0.24389605546031207,0.24478002639669638,0,3
1246,948,33.95996905587489,QR,Travel,TR,4.0,0.12481474732492816,0.09768891946427419,0,3
5940,401,109.22003149170365,QR,Grocery,US,13.0,0.10460604093922832,0.5898590044179285,0,3
1927,350,370.5335744910601,ATM,Grocery,FR,20.0,0.18200108317132757,0.32353791913244967,0,3
1368,197,165.74893653172532,Online,Travel,UK,7.0,0.12442529766760549,0.08697091720459918,0,3
6016,702,55.344036833668014,ATM,Grocery,UK,16.0,0.06363590056520699,0.22954496389248175,0,3
4015,284,77.50819344338906,ATM,Grocery,US,16.0,0.24610387339361028,0.049874216777168516,0,3
8500,516,140.37361705954643,QR,Grocery,FR,23.0,0.0917380873903558,0.06418048988650873,0,3
1517,284,6.735647179035677,ATM,Grocery,FR,19.0,0.06991358806841969,0.15373378089256637,0,3
9981,164,869.5171752637832,Online,Electronics,US,14.0,0.20813117944712597,0.15844982306383915,0,3
7470,155,505.6365602680909,POS,Grocery,UK,21.0,0.11425786834311666,0.5960092153148455,0,3
300,430,42.220930678693826,POS,Food,FR,15.0,0.18910882115418864,0.06784859676035981,0,3
4586,940,0.0,POS,Food,FR,10.0,0.05029944866595337,0.07186651131490451,0,3
9120,56,355.5474261145142,POS,Electronics,DE,17.0,0.2622063147866599,0.43712339814987033,0,3
7035,234,269.82961116466197,QR,Food,US,15.0,0.32592666321899383,0.3746975906788111,1,3
574,548,127.88522804835263,QR,Food,DE,20.0,0.038166009640863266,0.09532147996773924,0,3
3054,38,180.69448029425257,POS,Electronics,TR,17.0,0.11925645171988461,0.13596324105814672,0,3
741,692,545.2957721933491,QR,Food,DE,8.0,0.42574886399540574,1.0,1,3
4957,865,489.80504704535997,QR,Clothing,US,23.0,0.28285331171602,0.2710977748310343,0,3
8622,445,624.0818042123111,QR,Grocery,TR,20.0,0.05896235987864895,0.22469866039185132,0,3
4298,258,9.142617374666953,ATM,Grocery,UK,12.0,0.21946697843104562,0.15684096265901404,0,3
9113,373,133.60043392385546,POS,Grocery,DE,21.0,0.1669737466412341,0.11449293437516016,0,3
3596,728,42.28391407500978,POS,Grocery,DE,16.0,0.17905623302775908,0.06413633519070877,0,3
3475,205,82.56537833026172,POS,Clothing,TR,20.0,0.05310044938267389,0.06911990440666052,0,3
4578,246,81.96990393247621,QR,Food,TR,18.0,0.06378292373005569,0.0488279648146735,0,3
9795,420,426.35565095800405,ATM,Electronics,US,10.0,0.2501109161604236,0.19842451642469264,0,3
3426,591,243.51559045599197,QR,Clothing,DE,20.0,0.11625570523022546,0.9165302747436066,0,3
1731,600,52.14291502477544,Online,Electronics,TR,20.0,0.16417567458209276,0.12810705524277344,0,3
238,698,480.9013353035972,POS,Food,US,11.0,0.17555085096843476,0.24074855469063622,0,3
9890,677,64.46614767430957,Online,Grocery,DE,9.0,0.39492779257238453,0.2210152803966047,0,3
7948,365,87.22125404261676,POS,Food,US,18.0,0.4934183194537013,0.23363340134158406,1,3
2417,122,77.5146935249026,QR,Travel,UK,16.0,0.4219679166965232,0.4373397121470131,0,3
3035,901,480.855181826118,POS,Food,US,20.0,0.3853885675338334,0.21746183928351748,0,3
7199,186,40.08940260676851,QR,Clothing,DE,17.0,0.20933637463320046,0.39004177117606165,0,3
7994,626,351.9398823118272,ATM,Grocery,DE,8.0,0.04804124277451515,0.22451157502792363,0,3
5206,333,69.78203193068046,Online,Food,NG,20.0,0.39938018414224036,0.17418208535943303,0,3
161,479,0.0,QR,Grocery,DE,12.0,0.21461606550529866,0.1408338100627251,0,3
6597,465,49.72261793564007,POS,Clothing,UK,21.0,0.32960854406154755,0.17692006844005928,0,3
681,130,179.61871138895796,POS,Clothing,FR,14.0,0.12984139717230267,0.21123730465886845,0,3
3545,988,71.3927195617639,QR,Grocery,US,19.0,0.15869175268402125,0.08005554857376662,0,3
9889,291,38.03224070808744,QR,Electronics,US,20.0,0.15975145758870743,0.12760702055068054,0,3
9087,845,39.958150018053104,ATM,Grocery,UK,6.0,0.2672791822183751,0.25766056968561873,0,3
7968,340,14.305051449280487,POS,Electronics,TR,8.0,0.21048292219082348,0.08114265774903637,0,3
8972,58,13.537150805378179,Online,Clothing,TR,4.0,0.2465188286733398,0.2944287739808037,0,3
4133,733,29.877157148490742,QR,Electronics,US,11.0,0.25834796135444926,0.07004458103667174,0,3
385,773,137.12640594673084,POS,Clothing,DE,13.0,0.03267885594402035,0.2562267357669425,0,3
9154,724,4.082735257842392,Online,Clothing,US,21.0,0.09605569794642392,0.07841714805375166,0,3
2160,170,106.70871776629765,POS,Food,FR,14.0,0.1866952245088254,0.32709942379991075,0,3
4925,486,20.90669515321609,Online,Travel,US,8.0,0.16575938091620399,0.289657966649013,0,3
6238,863,24.893701293089155,POS,Travel,FR,22.0,0.07079726448937901,0.11304339252442835,0,3
9232,448,15.674749364937144,ATM,Grocery,DE,22.0,0.0892150681397746,0.2514832769947935,0,3
4792,43,12.006068291368162,POS,Grocery,US,23.0,0.18766860083299236,0.20111525242665784,0,3
6089,569,18.313297112165706,QR,Grocery,DE,22.0,0.2744690324865095,0.0796709662157325,0,3
3638,456,36.39467764970143,Online,Food,TR,16.0,0.09921972265209975,0.1711264000804201,1,3
9607,6,899.8311776987182,QR,Travel,UK,15.0,0.6752326456895149,0.39276570895083723,0,3
1386,830,193.71017636716877,POS,Grocery,FR,14.0,0.038446914765041695,0.052399150105896096,0,3
4140,630,194.5804353872534,QR,Electronics,US,15.0,0.16908760876851564,0.3544232707960318,0,3
937,705,215.54466349408955,POS,Electronics,DE,9.0,0.23555702665715114,0.18152534506041776,0,3
1422,379,39.42951670260395,ATM,Travel,FR,23.0,0.042693092896994383,0.39400170201100815,0,3
9461,727,58.75003983406742,QR,Electronics,TR,11.0,0.08025956063117998,0.12459370880121941,0,3
3596,662,154.06393664717845,Online,Travel,TR,21.0,0.13430124812025376,0.2509397569322255,0,3
750,271,92.00448699575995,ATM,Clothing,FR,15.0,0.34269875981786685,0.16025507063209876,0,3
7499,860,10.544655627106494,Online,Clothing,TR,12.0,0.030278396873602016,0.10240893536743158,0,3
7355,937,77.5242287058905,ATM,Grocery,TR,20.0,0.1274329828400098,0.18674182267812772,0,3
7878,204,26.930419043636146,POS,Electronics,US,23.0,0.07309025687450502,0.13968085769530053,0,3
2112,246,161.66523251166234,POS,Food,US,19.0,0.10278468915968492,0.23975366724049474,0,3
4204,719,28.14787520684856,ATM,Food,UK,11.0,0.029150569228559943,0.048765305986799096,0,3
3238,611,128.11711618403586,Online,Travel,DE,13.0,0.25782343480532754,0.29619869319253483,0,3
9453,507,276.6106093938006,QR,Food,FR,12.0,0.18083025355085458,0.1748121898308679,0,3
7629,228,82.879654443386,POS,Clothing,UK,21.0,0.05791823071233128,0.03448230552591179,0,3
8557,566,228.37106942025733,QR,Travel,UK,8.0,0.34936397454615414,0.8043218036695672,0,3
2677,819,34.304451439769956,Online,Electronics,US,12.0,0.1492217375634508,0.2002337726388455,0,3
2045,480,97.41384927036326,POS,Food,US,5.0,0.6438394765198574,0.06476547478416303,0,3
8370,697,118.52827802061228,POS,Grocery,DE,12.0,0.1691160073028369,0.38404034046434643,0,3
3886,814,92.22449829013384,QR,Electronics,US,9.0,0.1730681328405927,0.2772349437485792,0,3
7579,163,110.71446496944716,ATM,Food,UK,4.0,0.29671160887264975,0.17957285105031295,0,3
362,747,3.040798473375734,ATM,Grocery,US,23.0,0.03569689374311864,0.09079154079971687,0,3
1263,790,42.617256275100885,POS,Clothing,US,15.0,0.3002760130167629,0.10938390000537809,0,3
9572,919,29.52918283182935,ATM,Clothing,FR,11.0,0.04246809789426023,0.024514157474383375,0,3
6944,871,27.931059515838136,POS,Travel,DE,7.0,0.12334085251328938,0.08491815065813475,0,3
8200,885,289.39880213193754,ATM,Electronics,DE,22.0,0.2232045310767712,0.7901678353840456,0,3
5198,524,350.3657967267035,ATM,Electronics,UK,19.0,0.24231280660961646,0.394364190248228,0,3
6421,848,21.70411275427861,POS,Grocery,FR,20.0,0.17850153058997853,0.14879283830973616,0,3
8773,245,6.216409599741645,QR,Grocery,US,10.0,0.12448002235365664,0.41821619926584397,0,3
7951,731,34.87011127848439,POS,Clothing,DE,18.0,0.07714408005893005,0.048292469288353096,0,3
1411,972,119.1420318957497,ATM,Food,TR,23.0,0.174366966741403,0.30774202896000546,0,3
3837,974,154.06466704653027,QR,Electronics,FR,22.0,0.5181179913219823,0.6689490551876641,0,3
2093,665,105.40698075069605,POS,Electronics,DE,9.0,0.1084309150402073,0.07231329871542856,0,3
2606,261,355.73773907941967,QR,Travel,UK,22.0,0.2712882635610693,0.3613756036269853,1,3
4471,20,137.05206250397242,POS,Clothing,DE,18.0,0.35873645486911576,0.36732576687744406,0,3
6033,682,276.09674030285294,ATM,Travel,TR,16.0,0.14062470839400013,0.2673048827706296,0,3
6215,651,94.42152260329651,QR,Electronics,UK,8.0,0.26750948603000196,0.061462526597995434,0,3
4974,846,43.986534875718334,Online,Grocery,FR,23.0,0.04088063853985195,0.17778738644425837,0,3
9518,996,128.2050898194556,QR,Grocery,FR,19.0,0.2459496124804319,0.09670459636830749,0,3
6847,456,11.533555190957514,Online,Grocery,DE,8.0,0.09134592366052799,0.3564174601458795,0,3
5211,167,90.18205609952297,Online,Travel,US,17.0,0.18497831410003626,0.24872386591845397,0,3
2734,862,2.4132637764311875,POS,Food,DE,21.0,0.05323001758504242,0.26704801819450513,0,3
7712,222,38.372319369872855,POS,Grocery,TR,18.0,0.05084473449901017,0.1683605580121708,0,3
7559,495,0.0,POS,Grocery,UK,17.0,0.032296336946832364,0.13284513725462738,0,3
5137,223,11.902150360320338,Online,Grocery,UK,17.0,0.0545816441928268,0.08769649998384328,0,3
1247,569,42.79672790221946,Online,Travel,UK,15.0,0.07114028330911012,0.4705236815768255,0,3
1788,124,2.067410481055809,ATM,Travel,FR,17.0,0.05020409862484072,0.14957159254398156,0,3
203,54,16.132569276084293,Online,Clothing,FR,9.0,0.22156838378132146,0.3377702819603223,0,3
8914,848,105.49190596549265,ATM,Food,US,20.0,0.0396064509548419,0.04348183122663488,0,3
7600,921,14.016729624044004,POS,Food,US,21.0,0.06014188421689871,0.06316742187041913,0,3
4742,25,119.43369520369248,QR,Food,TR,10.0,0.1685174707269683,0.05016571430735309,0,3
4159,211,63.663467182524684,Online,Food,FR,4.0,0.088695839342083,0.0270380161855642,0,3
4747,728,68.89518497779545,ATM,Electronics,FR,17.0,0.09780151590204897,0.17688139715516374,0,3
1580,986,148.32369763556298,POS,Electronics,TR,5.0,0.47824285281892326,0.25420019896077584,0,3
6812,448,482.8241623521731,ATM,Food,UK,13.0,0.31587965000314244,0.40008234102449386,0,3
2982,363,84.79243884703095,Online,Grocery,UK,14.0,0.148190459926486,0.1418650062885522,0,3
432,480,223.28659645235217,QR,Electronics,TR,13.0,0.22666190981574624,0.11675938297478415,0,3
1841,612,128.31792128843722,Online,Electronics,US,5.0,0.077352420687096,0.23658657327699462,0,3
9044,540,333.2715556024621,Online,Food,UK,16.0,0.14400798226763212,0.30060143124370503,0,3
4150,877,92.12598195097821,ATM,Electronics,UK,20.0,0.2895022046028019,0.06315586513754046,0,3
6997,44,58.125750069986935,POS,Food,FR,22.0,0.08909025820843364,0.1356862043423286,0,3
8818,884,103.55765516995935,QR,Clothing,FR,12.0,0.24329060787033627,0.18990324741514233,0,3
4675,869,52.848098712216434,POS,Grocery,TR,7.0,0.28483701788152377,0.23127221937573114,0,3
4548,662,136.31333211528423,Online,Food,DE,19.0,0.05794254852472308,0.042881537853487584,0,3
2186,146,1.1484017713307964,POS,Clothing,US,16.0,0.18185766101961579,0.14810586224033523,0,3
3667,44,337.2782063077414,Online,Travel,DE,22.0,0.09076386787505683,0.6123054574722273,0,3
2923,788,211.82735189328898,POS,Grocery,DE,22.0,0.31780511229324054,0.09530252332649301,0,3
1017,215,14.272012783300065,POS,Travel,US,21.0,0.2516293849583625,0.09352972578489568,0,3
6319,997,52.40885076862248,POS,Grocery,NG,11.0,0.298331276437392,0.44911797065312575,0,3
9204,277,45.63364475636973,POS,Grocery,UK,23.0,0.6834408280207741,0.29356462968929303,1,3
8715,861,0.0,POS,Travel,US,19.0,0.15601573926300602,0.09713043550563358,0,3
4655,153,125.39381602946077,POS,Electronics,DE,18.0,0.4573959202504738,0.19161647983063185,0,3
281,906,48.68512675357091,ATM,Food,US,19.0,0.36482030463073406,0.28672301581969806,0,3
8889,472,1.766571969133218,POS,Clothing,FR,20.0,0.18615659378248023,0.06540914047844729,0,3
746,190,9.911208496553073,QR,Travel,FR,22.0,0.084726327927004,0.09990546446797917,0,3
6899,527,53.558504292212696,POS,Grocery,TR,5.0,0.14538725848222067,0.20293561254316786,0,3
4052,465,1.7185702194679284,ATM,Electronics,FR,22.0,0.12363424102435233,0.42100982955860294,0,3
7751,808,6.86993028504976,POS,Clothing,FR,8.0,0.03864238923951753,0.09615841181910367,0,3
3065,419,42.74866839952379,POS,Grocery,TR,15.0,0.16600041429661722,0.055252908374482254,0,3
8146,982,133.17577520654325,ATM,Travel,DE,22.0,0.07188665117138812,0.14562821992406008,0,3
1580,103,0.0,QR,Clothing,TR,20.0,0.15912451620764306,0.10569751772409466,0,3
7875,203,88.63062141948565,ATM,Food,UK,16.0,0.18127624150000748,0.06544443051214796,0,3
2176,2,87.89718293811993,QR,Grocery,TR,12.0,0.09069727397965671,0.1808083561895011,0,3
2552,652,17.672370850029406,QR,Grocery,FR,9.0,0.3518444840654571,0.08906779348519614,0,3
7747,497,50.55456248372395,QR,Clothing,UK,14.0,0.18727618210218383,0.27199171538258765,0,3
8678,734,0.9757588208646693,QR,Grocery,TR,18.0,0.0560717203181081,0.04510417026232695,0,3
620,232,19.32472072215687,QR,Food,DE,23.0,0.3280274472851139,0.1188874335450977,0,3
7842,952,128.5999145585686,ATM,Travel,DE,18.0,0.38438738272747996,0.20133770404770412,0,3
1120,692,164.6551551852226,Online,Food,UK,23.0,0.5920034133814454,0.7677835770917383,1,3
6484,750,8.25468942625498,Online,Electronics,US,21.0,0.07953605460270138,0.027105298986537695,0,3
7335,945,23.521985937066397,Online,Travel,DE,15.0,0.06076052421449088,0.1230814302012713,0,3
25,998,144.1458453565726,QR,Food,US,21.0,0.2059670452642269,0.3134180652447758,0,3
390,527,387.43225823880636,POS,Food,TR,19.0,0.4511112972306803,0.20869021185971454,0,3
3738,869,64.8152096634395,POS,Food,US,13.0,0.030514023625939555,0.058396464877001425,0,3
590,170,863.136608816464,QR,Clothing,DE,8.0,0.21188018903997963,0.27881578955539515,0,3
1869,0,15.989540649896977,POS,Clothing,DE,21.0,0.10885556380087666,0.05529503038878318,0,3
1543,60,57.519152771487555,Online,Electronics,TR,7.0,0.13850885017841125,0.27830593403635506,0,3
1349,703,84.38562437350959,Online,Travel,UK,12.0,0.09260057916984588,0.38683841710326505,0,3
1855,236,809.2314532643035,Online,Electronics,UK,21.0,0.05811443166454078,0.15921473458147262,0,3
6128,697,16.562362196991238,QR,Clothing,TR,11.0,0.28390496722565256,0.06546889357830561,0,3
5396,702,83.0488330234097,QR,Food,UK,14.0,0.12626698099932812,0.17763549861475322,0,3
555,187,210.97896531305645,ATM,Clothing,US,21.0,0.10267552199948249,0.6564636153263764,0,3
898,114,12.590613485505934,POS,Electronics,TR,9.0,0.059035833939093965,0.12415738397306401,0,3
9239,779,238.28893175218525,QR,Travel,UK,22.0,0.24408384372190706,0.0658645255054787,0,3
6751,892,56.43002610665465,Online,Food,FR,16.0,0.16490272745883006,0.10984237816997208,0,3
5633,65,46.06330869999996,QR,Clothing,TR,22.0,0.1153793341543602,0.24440071583595513,0,3
8840,489,88.48675052876038,QR,Travel,DE,14.0,0.13378843716165567,0.12399144885619626,0,3
3150,857,0.0,QR,Food,TR,11.0,0.15007268943452964,0.14726171890165746,0,3
5862,377,324.17696171377725,POS,Grocery,FR,12.0,0.14611900622725502,0.26680190365885387,0,3
8108,23,83.46670098876555,Online,Grocery,FR,2.0,0.2924974251467587,0.10644330418239394,0,3
66,530,269.13205789163123,ATM,Clothing,UK,4.0,0.14734029720046213,0.28697589931448775,0,3
4866,887,150.32405918647177,ATM,Travel,UK,11.0,0.14791387521023672,0.17350160320062236,0,3
7693,347,251.79183161643064,ATM,Travel,TR,22.0,0.11513463135826792,0.037362121745373275,0,3
4686,12,133.35118514467814,POS,Food,TR,16.0,0.16834435141260143,0.1724722999029618,0,3
9860,751,225.95384912800947,QR,Grocery,FR,15.0,0.4366764854538864,0.18602630855994695,0,3
1830,697,15.32553866960938,ATM,Clothing,TR,12.0,0.20295958882051857,0.1729399374536607,0,3
4077,327,27.283198565230396,ATM,Travel,FR,23.0,0.03378373307375306,0.058240012235943855,0,3
9407,536,611.4327693757685,QR,Food,US,16.0,0.33740304176816155,0.17288796436861795,1,3
3761,30,42.86379630811935,POS,Grocery,UK,13.0,0.15779445453235796,0.24087769565305686,0,3
3178,64,332.73624228102955,ATM,Food,TR,23.0,0.4698952482324305,0.0634031019911782,0,3
4493,334,42.285108941644424,ATM,Travel,TR,15.0,0.15766549632923735,0.21182042226751815,0,3
70,987,46.13367019003444,ATM,Travel,DE,17.0,0.24119777484313648,0.5432331977760172,0,3
6422,503,28.612810983845996,QR,Clothing,TR,11.0,0.5448763427759835,1.0,0,3
2136,729,413.32595636863226,POS,Travel,FR,9.0,0.2829698955020416,0.1529498931973163,0,3
5154,684,155.26129460259634,ATM,Food,DE,12.0,0.12097490996384669,0.19143174756194498,0,3
6225,783,164.785806693228,ATM,Travel,TR,8.0,0.3125742749376769,0.22816276802220978,0,3
3737,500,126.8158106544173,Online,Food,DE,20.0,0.07553370367656286,0.03527023034281808,0,3
8366,923,23.403349706340624,Online,Travel,US,6.0,0.18137522640623494,0.2866325952693082,0,3
1939,741,62.58618095460068,QR,Food,DE,4.0,0.2951066865215396,0.26036192643763706,0,3
5155,734,47.35581988888354,QR,Food,FR,14.0,0.15759220955467457,0.12873499220653645,0,3
8960,196,217.21746402439229,POS,Grocery,TR,20.0,0.1393966245198974,0.08833475613810397,0,3
9750,601,48.70392713323926,QR,Grocery,US,13.0,0.15407535457313032,0.2866516689087872,0,3
9006,315,23.565985747659465,POS,Grocery,US,9.0,0.039804664552257285,0.035547197262686445,0,3
6534,363,160.18138739311547,Online,Travel,US,17.0,0.24140632297966086,0.22013019145884372,0,3
6753,652,63.24554358981114,QR,Travel,DE,18.0,0.056801620171105405,0.09328206830592739,0,3
9948,824,336.7937637781067,Online,Travel,DE,13.0,0.07282625038510815,0.09892234086097819,0,3
4084,272,35.40967688400485,ATM,Food,UK,11.0,0.1435097867669075,0.057148028355897676,0,3
4851,294,191.84309493272093,QR,Grocery,TR,13.0,0.21001294145593083,0.5222883510971146,0,3
145,831,223.05976846212047,POS,Clothing,UK,11.0,0.45373234009528646,0.3050116935397087,0,3
4179,713,173.07809438806711,QR,Food,DE,10.0,0.07654452476040689,0.06470661885592989,0,3
3826,523,37.50938614026072,Online,Clothing,TR,9.0,0.146851318430566,0.06400426555616334,0,3
6426,652,89.75438956103018,ATM,Clothing,TR,16.0,0.20611119848423942,0.2557423872558444,0,3
5910,425,147.43483426991332,POS,Grocery,TR,21.0,0.2859859493025184,0.20262915711851168,0,3
675,802,256.70357120976394,POS,Grocery,UK,18.0,0.3558666816677392,0.23018444574570973,0,3
3642,992,253.80542984660337,POS,Travel,DE,19.0,0.28096388397911914,0.042745976480656256,0,3
3085,495,160.82907397481114,Online,Electronics,US,7.0,0.11522401930522135,0.17399224786311912,0,3
9675,89,187.81591654543183,POS,Grocery,US,20.0,0.08398912179133636,0.49000259781901223,0,3
1256,140,0.0,POS,Clothing,UK,21.0,0.20048947343898693,0.14727131710839508,0,3
280,812,269.5094314322134,Online,Travel,UK,20.0,0.08688610181881691,0.0679496698242306,0,3
6083,655,124.10484009196242,POS,Grocery,DE,10.0,0.12182228211836707,0.1342599733844937,0,3
9807,616,907.808614745573,Online,Electronics,UK,16.0,0.5312445826714942,0.21600379163414563,0,3
7702,595,41.7311035308786,Online,Clothing,UK,10.0,0.12397646587816422,0.21644601917324885,0,3
8141,114,463.213054159559,Online,Electronics,UK,20.0,0.06841941586847484,0.10608176286877656,0,3
5263,324,288.12072205208864,QR,Food,DE,17.0,0.45727821830077264,0.19948292575053575,0,3
2407,243,122.94720252793263,POS,Grocery,FR,10.0,0.321510686859579,0.11878525779423685,0,3
291,837,419.4767510212911,Online,Grocery,DE,20.0,0.15086521328466204,0.3754322494418252,0,3
3166,990,207.53019506099324,ATM,Food,UK,22.0,0.0891579864131144,0.06100142534676112,0,3
4567,452,183.62799825229308,POS,Food,FR,16.0,0.47022567104383123,0.2163607456991385,0,3
4605,348,194.81548683892504,Online,Food,UK,21.0,0.1736435203563026,0.3093342726026902,1,3
7490,393,338.6515619902554,ATM,Clothing,DE,22.0,0.13602859883142504,0.22510600441147666,0,3
6331,518,75.06375341909278,QR,Electronics,DE,11.0,0.20081572561594088,0.08726434452697675,0,3
2428,180,1080.110594848248,ATM,Food,US,22.0,0.12953713177289397,0.08258468671284791,1,3
3038,277,74.65301329646974,QR,Travel,UK,22.0,0.04627123997365344,0.364946265082005,0,3
1884,517,68.04117069756312,POS,Food,DE,20.0,0.19954753535619024,0.26977129284300194,0,3
9707,236,40.655819840427,POS,Travel,DE,17.0,0.4317638219681178,0.395664971938891,0,3
5562,455,1.4809078727592482,QR,Travel,US,23.0,0.13147546492405943,0.027592512354202393,0,3
3213,205,153.5425058827367,ATM,Food,US,23.0,0.15379968619599646,0.09953658679595957,0,3
9673,47,1.2049430875962013,ATM,Travel,TR,23.0,0.07868145671906798,0.16630567559039905,0,3
5914,857,332.45342488266033,QR,Electronics,US,9.0,0.08162252385246219,0.08508205893815493,0,3
9499,892,153.89091069821626,ATM,Food,DE,22.0,0.03896909443705764,0.1596529124596939,0,3
3336,236,338.98285085537304,QR,Grocery,UK,18.0,0.245268146226155,0.05959732159639378,0,3
7401,413,366.6272036053995,QR,Clothing,FR,22.0,0.4005907478583112,0.20638837637152185,1,3
5427,406,47.71490548165081,Online,Electronics,FR,10.0,0.09544725468674521,0.042206663277754936,0,3
3087,382,78.13261840308176,QR,Food,US,16.0,0.10285486584729561,0.16936811177963246,0,3
4635,834,120.33168778388733,POS,Food,DE,12.0,0.1356325485900482,0.38361088764129136,0,3
4908,912,1.566684263385083,QR,Food,DE,15.0,0.040642563904316545,0.1079241945145673,0,3
1676,229,388.7064525240649,QR,Clothing,DE,13.0,0.2677641729403684,0.29484071020332786,0,3
8910,62,113.03032103950048,ATM,Clothing,DE,18.0,0.034832410615764295,0.076566279635864,0,3
2371,308,18.369790332670654,QR,Travel,DE,21.0,0.07162855921680918,0.16236499904267643,0,3
2468,556,407.7774907473723,QR,Grocery,UK,16.0,0.2363634952787325,0.05359990008726,1,3
2436,939,223.9287070188385,POS,Electronics,US,18.0,0.31700812028223785,0.2275854882118212,0,3
1860,282,39.316585531481856,QR,Grocery,UK,15.0,0.3612491362493647,0.29410746390674447,0,3
6012,250,900.5637943362024,QR,Travel,FR,12.0,0.05249558122087,0.13888472284162434,0,3
3586,707,93.68726443714205,ATM,Grocery,FR,15.0,0.15526926796683668,0.5193629206278914,0,3
4396,979,667.1774060507731,POS,Food,UK,3.0,0.1937380453215288,0.6869479183896303,0,3
7815,694,330.994779304392,POS,Travel,DE,23.0,0.1097891581181587,0.13235920715350113,0,3
9513,862,233.95596425901942,Online,Travel,UK,16.0,0.26679389014684374,0.16732962142122274,0,3
9482,423,136.0978774782533,QR,Grocery,US,0.0,0.17494430354111618,0.3644616202379239,0,3
4563,520,80.66446806335487,POS,Clothing,US,13.0,0.30362713947071285,0.13298157612468758,0,3
8880,210,914.0521344929577,POS,Grocery,US,20.0,0.06221653349054904,0.33473739695585775,0,3
3575,832,248.40353775373603,POS,Grocery,FR,12.0,0.16298154535800735,0.17218144073781966,1,3
1337,991,55.47157244185709,POS,Clothing,TR,22.0,0.04209528115038777,0.04661238607265482,0,3
7277,755,15.695768992380517,QR,Clothing,US,15.0,0.18049758968413487,0.03521431731533925,0,3
1740,582,45.03890693257012,POS,Electronics,US,15.0,0.16009070764188088,0.2965965666490979,1,3
7519,834,18.06944106587047,QR,Clothing,US,13.0,0.05594303249225117,0.12767372102460345,0,3
7612,404,161.85816098773049,POS,Grocery,DE,21.0,0.06658644457854529,0.08533307302895904,1,3
4179,987,424.5888325110529,POS,Electronics,DE,8.0,0.41002248839776845,0.17990744351496332,0,3
2923,818,228.60205697937548,ATM,Travel,TR,11.0,0.04860409240369531,0.10579206240940502,0,3
9963,690,184.30174806124595,Online,Clothing,UK,14.0,0.42471363563104697,0.22346535023862568,0,3
5427,33,239.15883136705,POS,Travel,TR,14.0,0.3785943499387855,0.26766075793022864,1,3
4021,169,183.19058433318366,QR,Clothing,FR,16.0,0.14247011006771365,0.1321747167051252,0,3
9118,268,123.44193235904929,ATM,Electronics,DE,18.0,0.08826651395606193,0.06964883164113791,0,3
3238,68,155.49460717082678,ATM,Food,DE,8.0,0.10248691740637669,0.15754824195850106,0,3
3559,259,129.77811841166977,ATM,Grocery,DE,20.0,0.12902678886782384,0.03844742167289583,0,3
9007,438,29.05116983354462,Online,Electronics,FR,23.0,0.10690790813177095,0.07835157138186319,0,3
8385,257,2.656637910429814,POS,Electronics,UK,12.0,0.059096477890200186,0.04476939025852418,0,3
5602,443,498.39999448615686,ATM,Food,DE,9.0,0.09224653278871749,0.1466895382543304,0,3
2136,958,754.3969573612455,Online,Grocery,TR,9.0,0.10889116939633486,0.4320843841719073,0,3
8400,833,4.823417676666278,QR,Electronics,FR,22.0,0.10357583474460284,0.05178574943933797,0,3
8484,421,130.7797720243957,POS,Travel,TR,15.0,0.08391108586975893,0.15111764812185566,0,3
7553,433,16.02238721938544,POS,Travel,FR,13.0,0.14926899145850842,0.10885762171533575,0,3
8017,647,1074.7511466416329,QR,Clothing,DE,22.0,0.23839788945957405,0.06232510438195779,0,3
1770,330,163.2408032729054,QR,Clothing,TR,14.0,0.11942865707196428,0.34285309994773966,1,3
6631,222,168.28068725909003,POS,Electronics,UK,20.0,0.4548418130276772,0.24819014119944102,0,3
2527,78,209.4748998577316,QR,Clothing,DE,6.0,0.5263884157971892,0.22865698487437944,0,3
6466,618,240.43382965426753,ATM,Food,FR,21.0,0.19524873997692055,0.07494707765382747,0,3
592,191,356.60659807125955,ATM,Electronics,DE,11.0,0.3564088696632223,0.27816153571224717,0,3
1765,466,29.780044263295533,POS,Electronics,US,5.0,0.11583524749162985,0.10706618530541731,0,3
4455,31,342.90428238928115,ATM,Grocery,TR,21.0,0.14091633071303838,0.07314296086234359,0,3
6314,730,29.838245172128097,ATM,Electronics,FR,16.0,0.2552111676786411,0.20760567238028255,0,3
755,280,9.63863256078761,POS,Grocery,UK,20.0,0.1832509110802615,0.12260456891732402,0,3
8217,194,885.0207217831446,POS,Electronics,FR,6.0,0.08431332599453639,0.3175713565688668,1,3
8462,237,0.0,ATM,Electronics,FR,8.0,0.49538233523681274,0.052210238973073766,0,3
8369,600,69.14685693432224,Online,Electronics,FR,15.0,0.1607197997861742,0.17883310322452559,0,3
2371,715,37.103121427764556,QR,Clothing,US,19.0,0.1179280650051053,0.06291381858871367,0,3
8262,113,43.906875560872614,QR,Electronics,TR,7.0,0.6701850840654875,0.26114637387745987,0,3
5143,699,78.82190846635085,QR,Food,TR,6.0,0.1367340347762937,0.43344949711314656,0,3
5426,401,95.65789017271494,Online,Clothing,US,19.0,0.029626159430080304,0.07851691344601412,0,3
5434,250,40.427891675284066,POS,Electronics,DE,7.0,0.12485257415611165,0.24243507486472418,0,3
9571,85,190.48998148951685,Online,Clothing,DE,13.0,0.11717986208705189,0.30640582250884163,0,3
4230,206,77.40653726000299,QR,Travel,TR,18.0,0.09666774584829418,0.04619924179873916,0,3
325,924,243.07965712324946,QR,Clothing,FR,5.0,0.16838666571717234,0.1660545209121505,0,3
7329,296,90.45946183033912,QR,Grocery,TR,17.0,0.6238693806444376,0.03570205074265975,0,3
3866,141,479.3599559025331,ATM,Food,UK,13.0,0.6385140429004044,0.327943105307439,0,3
5308,636,196.38284460748835,ATM,Electronics,UK,5.0,0.1779090111308033,0.1125108464339705,0,3
9405,564,5.500582318736656,POS,Electronics,DE,20.0,0.032648880196863836,0.17326339408517827,0,3
7552,287,8.18990906934071,QR,Travel,DE,13.0,0.42096026941803233,0.03724907484495099,0,3
1731,788,129.54886863997822,Online,Food,UK,18.0,0.18978769920967414,0.07469537822962095,0,3
1500,651,117.44097723763728,ATM,Travel,UK,18.0,0.59266342033723,0.2287509400219167,0,3
3437,701,0.5518151786044445,POS,Clothing,TR,17.0,0.17062265053770598,0.08531422798652984,0,3
1251,289,226.7196498084444,Online,Grocery,DE,22.0,0.15869544322411852,0.32032563124759145,0,3
1757,188,758.620080885003,QR,Travel,TR,17.0,0.38842093282849854,0.9453302263993163,0,3
8238,290,336.5215265899246,QR,Travel,US,8.0,0.25785477862088624,0.2529962370968633,0,3
2145,173,0.0,ATM,Travel,DE,22.0,0.06667067591791909,0.08579374926921637,0,3
117,564,18.15549981428333,ATM,Grocery,FR,21.0,0.3314476606820771,0.043597849232777944,0,3
7254,530,569.2780249819915,ATM,Electronics,UK,21.0,0.41886201463882894,0.08420215357861432,0,3
6001,881,577.4831763732923,POS,Travel,US,20.0,0.39840215690130987,0.5051505200485051,0,3
7022,848,47.348447598668045,ATM,Clothing,US,19.0,0.12318202167409631,0.3368683455306644,0,3
1251,278,0.0,QR,Clothing,DE,19.0,0.08725931927284379,0.07893907039281892,0,3
5667,611,39.28594497173299,ATM,Grocery,US,22.0,0.06825451714313324,0.034962066653861236,0,3
3919,769,3.9654399371535147,POS,Clothing,TR,23.0,0.11309393852575267,0.1575501059373497,0,3
3852,72,113.80522924129114,QR,Electronics,TR,19.0,0.30544781490775924,0.19046088729172578,0,3
5950,144,71.26766630459888,QR,Grocery,TR,9.0,0.1976731437734743,0.28317249924357646,0,3
9373,686,28.900998143907405,POS,Food,TR,21.0,0.19268324753195523,0.2580328640659302,0,3
5764,578,414.5393109061227,ATM,Grocery,UK,12.0,0.3804264238676632,0.23169768286610914,0,3
928,107,1.2802258874412882,ATM,Travel,UK,11.0,0.1546846790322228,0.14680320482845727,0,3
3243,247,678.9608692327373,ATM,Food,US,19.0,0.7902903516337426,0.3434177444667576,0,3
9721,867,60.94428898055796,POS,Food,TR,23.0,0.10308857248506748,0.18468524913743042,0,3
4156,445,87.67889925325609,ATM,Clothing,FR,19.0,0.29930984263844346,0.04939500674668604,0,3
5198,992,37.769942496993465,Online,Travel,TR,11.0,0.13151137847426542,0.057326417086311365,0,3
2518,5,292.5995300349972,QR,Travel,UK,10.0,0.07699047138889992,0.11017293638451825,0,3
4942,796,256.6029600258531,POS,Grocery,US,5.0,0.3452517907786184,0.26787586135456337,0,3
890,506,93.62616520517484,Online,Clothing,US,11.0,0.1436610099848522,0.11807344854963436,0,3
1578,735,84.49471547172138,POS,Travel,UK,11.0,0.04202246851571399,0.5088277791039209,0,3
2111,789,95.61787571734779,ATM,Electronics,US,13.0,0.5972376535719439,0.43090993853524207,0,3
8754,392,167.48209223590467,QR,Food,UK,22.0,0.15628036640043805,0.1191350074651443,0,3
512,635,0.46726670630983946,Online,Travel,DE,14.0,0.2289987621947484,0.41139279741880413,0,3
5650,44,130.58167051095117,POS,Grocery,US,17.0,0.22734972690901936,0.0854425657845492,0,3
9220,900,199.78364021169287,Online,Clothing,FR,3.0,0.28721886599355845,0.4430810602042137,0,3
8572,599,0.0,QR,Food,DE,17.0,0.03704026543826463,0.1305059506395469,0,3
6159,971,362.4750880578686,POS,Travel,UK,22.0,0.4442500171738575,0.09970652009059977,0,3
6583,788,69.45092748658071,Online,Grocery,US,15.0,0.05662976755073903,0.06601559814407021,0,3
3731,112,23.20727314693631,POS,Clothing,UK,23.0,0.10957589603179937,0.05153575413071729,0,3
4665,214,210.62449678076217,ATM,Travel,TR,22.0,0.45549361279496503,0.1993304027887943,1,3
5749,853,141.34123593691578,ATM,Clothing,US,12.0,0.037770348438106956,0.0487357434651465,0,3
5398,793,51.56941622300859,POS,Clothing,FR,11.0,0.17643920950877862,0.08903583266939286,0,3
7499,665,0.8127068042652343,ATM,Clothing,US,6.0,0.0499649047948048,0.17439597013276587,0,3
1724,490,188.52913660053602,ATM,Grocery,FR,18.0,0.12192647625498294,0.30400060370984966,0,3
2967,902,6.221676146504782,ATM,Food,UK,20.0,0.16163891990926857,0.39838318629864333,0,3
9223,849,127.1513458685754,POS,Food,TR,17.0,0.16456530700962757,0.059435751646234714,0,3
9670,674,51.36234220450174,QR,Travel,US,23.0,1.0,0.1468993636108443,0,3
7941,289,151.43482581958028,ATM,Grocery,US,10.0,0.1160683689347758,0.08454861450735413,0,3
5442,661,683.0458527244057,QR,Grocery,FR,15.0,0.28333062368625345,0.16617152397082363,1,3
733,872,64.56697338127094,Online,Electronics,UK,3.0,0.24739436983732593,0.35549580183126217,0,3
2983,233,390.7376681928984,POS,Electronics,FR,13.0,0.33093587692665904,0.3081598494199748,0,3
716,460,47.52709898788136,POS,Food,DE,20.0,0.17191094664634254,0.14489547397367694,0,3
6678,715,355.04543643329805,ATM,Travel,US,18.0,0.23759577150233677,0.06009187168822131,0,3
527,591,138.5678091391021,ATM,Food,DE,19.0,0.22912518243566796,0.3261110516050157,0,3
926,670,377.91651244672613,ATM,Electronics,FR,23.0,0.125982707890529,0.1126633191901324,0,3
7958,597,0.7549326034314587,POS,Food,UK,14.0,0.047076023920911605,0.135140440316647,0,3
4024,620,567.4128774593374,POS,Grocery,DE,14.0,0.3767537665389936,0.1849564793891434,0,3
2249,323,299.00735200835567,QR,Food,DE,20.0,0.21490857637066124,0.15589257883029975,0,3
8586,781,174.5679476355514,QR,Clothing,DE,7.0,0.3167423989863854,0.4061669718731623,0,3
654,146,51.35362761352631,POS,Clothing,UK,4.0,0.13770879533947183,0.22841643224850805,0,3
1239,56,274.39032993966663,QR,Food,DE,15.0,0.25613293420406824,0.24960021902893836,0,3
7416,473,493.4659608416792,POS,Electronics,DE,14.0,0.14469997923810396,0.2112501887326556,0,3
7685,451,196.48288001434074,Online,Food,DE,2.0,0.9686133793075397,0.3207583983881777,0,3
3044,613,29.441446777854864,Online,Grocery,FR,15.0,0.22189344063551178,0.3262724117212801,0,3
2123,454,150.96047128578428,QR,Clothing,DE,15.0,0.12217750439187319,0.03440625594707451,0,3
6031,531,15.869678542556194,ATM,Food,UK,13.0,0.06870660116969177,0.23977333705342785,0,3
3410,427,104.563813842811,ATM,Food,TR,16.0,0.26833913203210047,0.19613640298688859,0,3
6344,361,43.463410590292156,Online,Electronics,TR,20.0,0.07313372804467795,0.2330497922980816,0,3
3120,510,213.37337815449456,Online,Clothing,UK,20.0,0.1268186377221849,0.0571071285714207,1,3
8336,301,134.24047916193527,QR,Grocery,UK,22.0,0.17447717108137606,0.06850020169823995,0,3
3816,901,84.98562552473298,QR,Grocery,TR,23.0,0.25826379760834733,0.43804667930808694,0,3
6457,141,50.68461988639262,ATM,Electronics,FR,20.0,0.2370594004956,0.1450533641291593,0,3
5406,759,4.4624916232786225,POS,Clothing,US,7.0,0.10132041095476123,0.4297686135922308,0,3
7094,181,502.88105781768263,QR,Electronics,FR,14.0,0.4073322718030871,0.43383006751093284,0,3
1641,990,11.185966688319246,Online,Electronics,TR,16.0,0.12877097427245604,0.37182659796151407,0,3
7489,653,85.48630140333502,ATM,Grocery,NG,5.0,0.09837401752295873,0.1627120128454662,0,3
9457,119,67.45244270035467,POS,Clothing,UK,14.0,0.21676948277607744,0.3028999111292696,0,3
3427,180,554.6844199851035,ATM,Food,UK,23.0,0.17177043538023284,0.39224790707157814,0,3
1336,610,39.53436455702,ATM,Food,TR,17.0,0.18400151738995,0.16113978803561615,0,3
9921,815,143.6952151166865,Online,Food,US,23.0,0.20869019868287556,0.08211937726783988,0,3
6456,698,367.17821204067724,ATM,Food,TR,8.0,0.25334291447274004,0.39736370648029745,1,3
8375,575,82.62929144834636,Online,Clothing,DE,11.0,0.12629746164307667,0.18728793717235848,0,3
4624,11,77.02712971085992,POS,Grocery,DE,4.0,0.2301397332981395,0.17193047944853593,0,3
3515,105,9.559087288957056,ATM,Grocery,US,22.0,0.40265644727600514,0.1966782085883643,0,3
2949,69,103.20586749142669,POS,Electronics,TR,19.0,0.14142441059168281,0.12275933646260706,1,3
8430,195,269.0807371154298,Online,Food,US,20.0,0.2991845943356827,0.08288975725599865,0,3
6618,378,89.89365395205103,POS,Travel,DE,21.0,0.22958938183350405,0.7378995632635373,0,3
9689,715,94.20588359131435,POS,Travel,US,15.0,0.11482487124538221,0.02830193785075035,0,3
9762,185,14.150586430178828,POS,Food,UK,17.0,0.1434424659436052,0.16772093131981336,0,3
4588,270,544.8534108051097,Online,Clothing,US,22.0,0.1749976839278659,0.252327600623105,0,3
2356,833,19.65647036867871,POS,Electronics,US,16.0,0.1480978172033608,0.0500624501455038,0,3
9936,347,15.922444848264195,POS,Electronics,DE,12.0,0.15868933569200536,0.06332490637048344,1,3
9029,851,83.3710213260531,QR,Travel,UK,9.0,0.19813942513497582,0.2542693101149389,1,3
3765,309,0.0,QR,Food,TR,22.0,0.07783215948031076,0.05960374786831314,0,3
2592,740,437.28428226789845,POS,Travel,TR,9.0,0.06481056562308682,0.23150194122059126,0,3
5912,259,141.89646260621257,QR,Travel,TR,13.0,0.8419042274636123,0.04962507603024326,0,3
3656,12,112.03206897823861,QR,Grocery,TR,3.0,0.12279491897324987,0.1183566379816305,0,3
6227,885,184.72826277340639,Online,Food,TR,22.0,0.1708353601999171,0.19717922600153456,0,3
9213,667,38.05801284313188,ATM,Electronics,UK,10.0,0.3591335906665714,0.24361250434811452,0,3
3280,596,16.799625385847452,POS,Clothing,DE,14.0,0.052610681291460834,0.14392740066442952,0,3
5187,657,10.530383985512682,Online,Food,DE,18.0,0.1433295379724883,0.21883700018240043,0,3
3745,791,941.1863574346633,ATM,Food,FR,17.0,0.21004487370315028,0.17469576486547567,0,3
1570,838,101.40474966890943,POS,Grocery,UK,22.0,0.05952548596408741,0.15244452582732518,0,3
3566,904,94.89802439908367,Online,Food,DE,14.0,0.2594111524096245,0.050606270732059325,0,3
8975,162,9.035294948349353,Online,Travel,DE,21.0,0.30539323942526597,0.07741506806235543,0,3
8715,264,585.2886084702476,QR,Grocery,FR,21.0,0.3039873393167437,0.23242897206739482,1,3
3180,545,50.99896077746075,POS,Clothing,DE,20.0,0.13572302708862496,0.14252073922337566,1,3
6181,467,80.96535869010812,Online,Food,US,21.0,0.07840718678689201,0.19088437726569638,0,3
3292,920,81.04009190561361,Online,Travel,FR,21.0,0.025035780983121342,0.13488277854033573,0,3
7691,233,499.80029004231403,Online,Electronics,FR,18.0,0.62421225877179,0.2792260209889539,0,3
5750,730,5.225731151695877,POS,Food,UK,20.0,0.22953830027494,0.11830244444989305,0,3
2294,692,114.71896227305672,Online,Clothing,US,17.0,0.17630796913109095,0.045994518715815585,0,3
4259,312,424.95494681030146,Online,Grocery,FR,17.0,0.1998757885651002,0.10524339988657366,0,3
9455,731,36.73543775673397,Online,Grocery,NG,14.0,0.24412067344582952,0.19609789678337275,0,3
1977,907,0.0,ATM,Food,FR,7.0,0.06249474243080553,0.18039589069654483,0,3
6589,207,38.87976794200142,Online,Grocery,DE,17.0,0.36033118090504324,0.16102103735665602,0,3
6454,198,175.4992595071506,POS,Food,TR,17.0,0.06946220994169504,0.05279555578831219,0,3
3273,71,131.54263609851404,Online,Travel,FR,11.0,0.23583631641977468,0.09359177425238374,0,3
7713,451,281.35487313328684,ATM,Clothing,UK,3.0,0.5651400886921898,0.44462676227159953,0,3
4619,339,75.3892689389079,Online,Grocery,US,18.0,0.13636125311790198,0.3627479200766366,0,3
7046,899,256.4194824341626,POS,Clothing,DE,16.0,0.38435890988281,0.47466021574162026,1,3
1,462,161.59892980013242,QR,Food,DE,1.0,0.25879370411440344,0.15512661316969348,0,3
7672,166,198.77741276559772,ATM,Clothing,FR,21.0,0.2385791211207498,0.4161642302694073,0,3
3963,728,17.601473495304308,POS,Electronics,FR,17.0,0.03061211009176672,0.11491227485043254,0,3
8473,337,100.88948088106002,Online,Grocery,DE,14.0,0.036380417355077174,0.117850266209708,0,3
5725,710,646.9225994775753,ATM,Travel,DE,19.0,0.6055995316161119,0.5483326655608487,0,3
9376,566,389.5730731796319,QR,Travel,TR,21.0,0.3856321956638321,0.42409272254757585,1,3
6718,808,377.22316221377395,POS,Clothing,UK,17.0,0.11916981549483577,0.03263826646829074,0,3
9332,575,23.295567448127933,QR,Travel,UK,23.0,0.2590462790703291,0.2732191359963206,0,3
3509,791,818.8998587033827,POS,Electronics,US,14.0,0.5056031611174635,0.3556364054047372,0,3
8137,499,28.66271480695189,Online,Food,US,22.0,0.05304276289352598,0.05698466637990726,0,3
7237,222,32.84373123591912,POS,Electronics,TR,7.0,0.23436372486197582,0.1080085792526494,0,3
8679,809,77.01805712383882,Online,Clothing,FR,2.0,0.09960846081804586,0.10177831838585326,0,3
276,593,197.9070428308811,ATM,Travel,UK,17.0,0.09084115008188753,0.06626256390566618,0,3
8994,873,7.987595076987463,POS,Travel,US,11.0,0.092206405917723,0.07931808708410991,0,3
2016,70,8.178152951644416,Online,Food,TR,23.0,0.1221309624169031,0.12469863631329703,0,3
5995,766,106.28094604785903,ATM,Electronics,DE,9.0,0.7964638085843478,0.18997612056816532,0,3
8927,144,584.4730161168703,Online,Food,DE,19.0,0.07415949298874758,0.1073679181110931,0,3
4118,506,182.50510692001174,Online,Electronics,TR,14.0,0.13689549934121448,0.1508845650463363,0,3
4504,212,193.70958631114945,ATM,Electronics,UK,9.0,0.3076544418924246,0.20606087963029823,1,3
8117,463,115.22999500618562,QR,Electronics,TR,22.0,0.15566291219540696,0.08125552909138836,0,3
4042,583,101.09798121811333,Online,Electronics,US,19.0,0.13908724234890496,0.03885389605194835,0,3
5898,238,8.654949037936476,Online,Travel,DE,16.0,0.14492888234811407,0.06753168191570737,0,3
5188,782,97.76682158274689,ATM,Travel,DE,14.0,0.18207386376664997,0.09526537196939115,0,3
8850,701,771.5748969956694,Online,Grocery,US,4.0,0.054968267695545116,0.17898038690874943,0,3
3423,487,0.975972825114825,POS,Travel,DE,18.0,0.029928486185109612,0.06867495876503688,0,3
7773,130,180.06153606595197,ATM,Electronics,UK,8.0,0.17235370970366987,0.21091443358577583,0,3
1663,412,254.50745374219557,QR,Grocery,UK,20.0,0.2135346559490724,0.11002819163161451,0,3
241,164,162.32914618846172,Online,Grocery,DE,20.0,0.25851326646844314,0.11670125513013455,0,3
2746,207,24.935518982915493,POS,Food,US,20.0,0.06202862333421117,0.03993087335246126,0,3
4757,231,218.32376706761642,POS,Travel,US,10.0,0.12028352059493798,0.027847259325256057,0,3
1387,691,34.48997150243789,POS,Food,US,21.0,0.24283047950292733,0.28519968393802747,0,3
2918,24,353.578585810471,POS,Food,US,15.0,0.10742216537052715,0.10424367834499841,0,3
49,932,95.8257288571754,Online,Food,FR,17.0,0.0705156158479695,0.23407967193683363,0,3
964,978,236.17169378741386,QR,Travel,US,6.0,0.10276375049246683,0.16378073396386936,0,3
8391,867,814.5364217879836,QR,Food,DE,17.0,0.06703821944238395,0.775727202025754,0,3
4178,942,0.0,POS,Clothing,TR,20.0,0.21035458948897173,0.0675488324621264,0,3
2696,297,177.90258919504734,Online,Clothing,US,8.0,0.2948896752895886,0.26559526929901156,0,3
7715,396,281.9950840306272,QR,Grocery,UK,13.0,0.05913853829850825,0.4565890730678782,0,3
3860,595,135.0121093943306,POS,Food,UK,18.0,0.3160638720059889,0.03499678496345132,0,3
7404,437,79.53364891304685,QR,Electronics,US,23.0,0.030187986835308635,0.024906533338777792,0,3
7846,975,798.6024728996002,ATM,Travel,US,14.0,0.2617294598595043,0.08695962179054376,0,3
4676,867,244.68487542425132,Online,Electronics,FR,13.0,0.4902267327451629,0.10246410236274026,0,3
3269,854,49.96593491023415,Online,Grocery,TR,5.0,0.09120909219940762,0.38625542070879637,0,3
943,870,108.18405901974614,Online,Clothing,TR,16.0,0.5073448592269497,0.33539719164237475,0,3
4163,221,18.921707691599682,Online,Food,US,22.0,0.030668206726203785,0.07883020156836962,0,3
9202,754,11.76410480707455,ATM,Travel,FR,22.0,0.16129476225722894,0.07304704033953136,0,3
677,210,98.84112491155034,Online,Grocery,US,13.0,0.1355031376271169,0.06577961817193775,0,3
513,208,37.27647540326841,POS,Electronics,US,17.0,0.09738226511103514,0.15805452449745377,0,3
7746,750,212.4147929927605,Online,Food,UK,17.0,0.774192890139004,0.2229598453389513,0,3
1092,0,0.0,ATM,Food,DE,20.0,0.12621444137026677,0.1067134410996691,0,3
8856,819,104.06622557484266,Online,Travel,FR,21.0,0.24159409135542714,0.22938396853160664,0,3
8645,292,452.0093397056057,ATM,Food,UK,20.0,0.14194197254370042,0.08529641613835487,0,3
9801,213,563.2237792603803,POS,Clothing,DE,15.0,0.2351818401149373,0.10930709184418677,0,3
8085,527,796.7662927316845,Online,Food,UK,16.0,0.4228307116310732,0.6687912260158201,0,3
5583,547,44.99941654229324,Online,Electronics,FR,23.0,0.15359846018116802,0.05416650036436028,0,3
9743,160,367.4188377396009,Online,Grocery,UK,17.0,0.2377774702860108,0.16084248202543927,0,3
9253,706,342.6269308797563,ATM,Clothing,FR,17.0,0.07245727464425818,0.14756889023744502,1,3
504,913,740.6369329651856,POS,Electronics,US,13.0,0.19067941553305467,0.13274678252213246,0,3
3914,817,32.911518670195875,QR,Travel,UK,21.0,0.11378170213568958,0.19971052296732883,0,3
7193,134,416.7981376933311,Online,Travel,UK,22.0,0.2012275709118258,0.2525805555557556,0,3
1745,99,24.24674986183865,POS,Food,TR,13.0,0.10703598870577444,0.06432340007277529,0,3
8745,340,52.18259394890465,ATM,Grocery,FR,13.0,0.38786260886465435,0.26766227894893846,0,3
8924,501,37.67410793906426,QR,Food,FR,20.0,0.1574546176613863,0.06741859632239194,0,3
8152,844,285.69839391866907,POS,Food,TR,9.0,0.04671831194435966,0.16734917487447176,0,3
2918,651,385.83195630088966,POS,Food,TR,19.0,0.05950232036529942,0.11669108391595111,0,3
2729,819,7.562638722723784,QR,Grocery,US,15.0,0.17575104870130073,0.03583420872738195,0,3
6474,210,61.37850509032789,QR,Travel,DE,17.0,0.040430238989635964,0.16706504178240775,0,3
7937,926,42.179769183571956,ATM,Grocery,FR,5.0,0.20807736243481087,0.08780013694892744,0,3
9105,284,5.126646733405904,POS,Grocery,UK,22.0,0.06265126209572082,0.05242078885157596,0,3
7473,494,78.85074719914151,QR,Travel,TR,19.0,0.3650797905536647,0.30135337999659095,0,3
8240,112,80.31239645292366,Online,Food,US,12.0,0.1996027001613008,0.2565008639653884,0,3
5643,705,57.91909002496865,ATM,Clothing,TR,11.0,0.21715618619461005,0.0635098903974344,0,3
4703,719,141.73001372149855,QR,Grocery,DE,12.0,0.2737307486970372,0.19297162656685288,0,3
8798,216,271.8715039830858,QR,Clothing,US,23.0,0.08962978805957433,0.08146513961910218,0,3
8478,508,34.03630178375848,Online,Grocery,FR,20.0,0.19794182923170195,0.10587022650650614,0,3
415,584,19.43981750890668,QR,Food,FR,4.0,0.13386372637699184,0.08497386902580359,0,3
5046,937,9.174241011797541,POS,Electronics,US,8.0,0.14086868615566162,0.5240322144697617,0,3
5171,698,253.74262743220902,ATM,Food,US,21.0,0.17487698522080655,0.20503752719452217,0,3
9037,621,16.661877683596895,QR,Clothing,DE,7.0,0.15540647470057378,0.06397020160654335,0,3
9620,531,380.4957696017516,POS,Grocery,US,18.0,0.49683004353319293,0.07699029565310671,0,3
9139,157,40.046178857234835,ATM,Clothing,FR,7.0,0.04892202564424012,0.10498311619502489,0,3
5577,2,4.1439052815894435,QR,Electronics,TR,18.0,0.10146347227996554,0.36939799615051755,0,3
5681,479,120.1201790066781,POS,Grocery,US,22.0,0.16358052058955533,0.391600832595046,0,3
5325,908,81.02035200870348,QR,Clothing,DE,13.0,0.20840999435903967,0.14327951314567242,0,3
6240,16,66.37088178773168,POS,Clothing,US,13.0,0.06084915512434476,0.04815930606652078,0,3
2953,886,111.36846078031616,ATM,Food,UK,14.0,0.4252060022564257,0.502584102534718,0,3
5960,677,238.52452889035663,POS,Travel,UK,17.0,0.1514642750031967,0.09006720852521842,0,3
1281,452,58.314820888941334,POS,Food,US,5.0,0.28293975183156556,0.13966062708805338,0,3
1206,671,3.5689499860243483,QR,Food,DE,22.0,0.3726088098457768,0.2614304732887899,0,3
7143,76,72.55173075450887,Online,Food,TR,9.0,0.37264950673218356,0.4355290929143747,0,3
8952,501,225.8523486750468,ATM,Grocery,DE,13.0,0.27953894277090857,0.3520472372250067,0,3
9429,641,242.80073897075476,Online,Clothing,TR,23.0,0.46187257963642436,0.1479595065501606,0,3
7719,743,58.859104608158766,Online,Electronics,DE,21.0,0.22130689025677877,1.0,0,3
5901,938,369.66294077048025,ATM,Food,US,15.0,0.6360672722630614,0.37273117703465564,1,3
4637,432,276.6165393303751,QR,Grocery,DE,18.0,0.20032937177873175,0.1536398887057123,0,3
2420,583,35.11737491440747,Online,Clothing,DE,23.0,0.19999059875425038,0.28386400989943494,0,3
4449,701,89.87946525674201,Online,Travel,FR,1.0,0.5290926513927006,0.06783720898236803,0,3
3506,65,300.88446210448575,Online,Food,UK,17.0,0.3114300830273856,0.04813846692385772,0,3
1152,637,0.0,Online,Food,TR,21.0,0.07091255248638914,0.08665333636137906,0,3
9373,206,106.45083677286921,QR,Clothing,TR,16.0,0.21493455222319385,0.23860878903398366,0,3
4651,99,377.4754843853811,Online,Food,TR,11.0,0.12730861048398634,0.26317440207905923,0,3
56,174,2.632133232706783,QR,Electronics,US,15.0,0.06178921111299247,0.0431566456477825,0,3
2877,90,19.876921891281224,ATM,Grocery,UK,18.0,0.19778846013422147,0.09099078371855297,0,3
8275,958,187.99407904493557,POS,Food,TR,22.0,0.28453267225298984,0.5446252754776348,0,3
9929,608,15.875003306033598,QR,Grocery,TR,21.0,0.025800215792767475,0.03603327404419901,0,3
321,190,160.66547603406,QR,Clothing,US,9.0,0.0881062475997759,0.15958657162009127,1,3
6380,870,9.141741821307129,POS,Grocery,US,8.0,0.1806669459781338,0.17196330370789592,0,3
8008,146,174.46372853693467,POS,Grocery,TR,21.0,0.33251860620183704,0.1881200771990804,0,3
9192,457,553.2844283780267,QR,Travel,UK,15.0,0.3470020216854483,0.4491492370489634,0,3
5252,616,12.730038803817875,ATM,Travel,DE,22.0,0.06324462208877729,0.2277290753906865,0,3
5696,47,388.736622354179,POS,Food,TR,17.0,0.27169203771993017,0.24136033495842252,0,3
1900,566,42.40140004904879,ATM,Clothing,DE,15.0,0.31322334614355596,0.41929073106918757,0,3
6576,906,43.03254070766339,ATM,Grocery,TR,19.0,0.3408745222846657,0.26829321557012287,0,3
1170,441,91.48121408132793,Online,Grocery,UK,7.0,0.292099886817219,0.23231691825312673,0,3
5047,230,35.37267924063957,ATM,Food,TR,5.0,0.05418710737790009,0.1603671837815104,0,3
5956,424,6.000054352433084,QR,Electronics,FR,6.0,0.0632766143603108,0.07533638001643124,0,3
2528,808,16.005120327807447,POS,Clothing,DE,16.0,0.30655519218881877,0.4647218783300814,0,3
9387,184,151.05797882263633,QR,Grocery,US,6.0,0.08377627215630588,0.06877993026428757,0,3
5052,959,75.4774132758416,Online,Food,UK,17.0,0.10470774763467153,0.15051595801653672,0,3
3036,663,90.43521490258614,QR,Food,DE,12.0,0.32401811311209167,0.1687410871611866,0,3
2135,188,206.67506276421196,QR,Clothing,UK,23.0,0.3983147054842312,0.18678842605778143,0,3
9804,446,311.76743412555834,POS,Travel,DE,10.0,0.21578634805360358,0.2763410935469167,0,3
559,731,25.62896346879717,POS,Food,TR,13.0,0.057065617493343504,0.03710555457391171,0,3
6347,258,1277.9948846367322,QR,Food,UK,14.0,0.3819218029409698,0.29829343232260763,0,3
2867,697,33.688665346481784,Online,Travel,FR,21.0,0.16008890889122462,0.1595972679496701,0,3
158,155,318.3535964760149,ATM,Electronics,FR,22.0,0.15085501808347612,0.62103609275281,0,3
6457,935,307.30279299256534,QR,Electronics,DE,18.0,0.1234248448821621,0.7591336480676144,0,3
8280,696,45.88225118246437,POS,Food,UK,11.0,0.40472664399984154,0.25027699789143965,0,3
370,78,10.90323487355337,QR,Electronics,UK,22.0,0.19177089347489074,0.056762929151754626,0,3
5404,594,209.93016597122448,QR,Food,US,4.0,0.17208010105899307,0.5931999626007309,0,3
8595,537,708.9993399574993,Online,Electronics,TR,6.0,0.16696485840107914,0.45870789371109266,0,3
5401,562,169.76603262785548,QR,Grocery,FR,9.0,0.05663320655603832,0.22225263179302535,0,3
9729,110,164.76818161442725,Online,Grocery,TR,18.0,0.15161589600500777,0.4104970537692508,0,3
5407,751,19.231395530158956,QR,Clothing,UK,10.0,0.08037708207195003,0.04226846204703163,0,3
977,882,11.737523277955756,Online,Clothing,TR,22.0,0.07067464010812875,0.228765290667346,0,3
9592,254,612.5252084543725,POS,Travel,DE,12.0,0.5523441045234344,0.1921326077511776,0,3
3210,623,22.958916995500672,POS,Electronics,UK,20.0,0.1890904735664281,0.06121568631494631,0,3
9709,126,11.582082425696772,ATM,Travel,TR,5.0,0.032570487834690326,0.03132823557691332,0,3
6923,905,295.7911890403439,ATM,Travel,DE,4.0,0.2534646833305739,0.09573821981237451,0,3
3885,951,55.54347113754253,QR,Grocery,DE,14.0,0.10079778164928146,0.15571204488097795,0,3
4840,87,166.17781662488142,POS,Food,US,11.0,0.352191621231582,0.21120057701750003,0,3
9170,898,65.44334777396884,POS,Electronics,DE,21.0,0.3267990785850575,0.06531272695678642,0,3
2637,443,17.16061634423263,POS,Grocery,DE,2.0,0.05470288403309326,0.7117015906787102,0,3
7234,45,4.452535634466461,Online,Clothing,FR,20.0,0.29495852466128514,0.09716999753848538,0,3
2440,165,1.2024588090981467,ATM,Clothing,UK,14.0,0.36990822301055876,0.05875185986921475,0,3
6605,87,116.60328759682574,QR,Clothing,DE,22.0,0.06580275664239377,0.13146188069807266,0,3
9514,368,62.92400629179148,QR,Grocery,TR,5.0,0.22467603787922927,0.21804347967657142,0,3
5165,15,541.3076333715978,POS,Clothing,DE,17.0,0.20026155685214972,1.0,0,3
2364,575,12.12719165467102,Online,Food,US,17.0,0.16564485682583097,0.036806308531611,0,3
1081,645,110.70132524285201,ATM,Food,US,6.0,0.03467378413907175,0.033261509255025565,0,3
7260,780,5.489795799647721,Online,Clothing,TR,20.0,0.09280546859672972,0.09446211323791746,0,3
6993,921,142.7555707364025,POS,Clothing,FR,18.0,0.3165309885221023,0.17320305505272904,0,3
4938,676,419.86290504909556,ATM,Grocery,TR,13.0,0.29518548718648513,0.15768268371748434,0,3
1076,597,238.97874958492363,ATM,Food,UK,19.0,0.09776290291523886,0.1427349605680122,0,3
9670,153,91.23295405542898,Online,Food,FR,17.0,0.09042365627605929,0.1840416099940886,0,3
4408,213,85.72571305482681,QR,Electronics,US,9.0,0.09875240743782827,0.06681759932759145,0,3
7905,15,91.08499181589164,QR,Food,DE,18.0,0.09532808048096696,0.38744204610171723,0,3
553,998,31.899431265416354,POS,Clothing,US,13.0,0.3644325701763427,0.338251929510594,0,3
8520,207,0.0,Online,Food,DE,11.0,0.05660496002736669,0.06882468168596959,0,3
3757,310,186.1688009542893,QR,Grocery,FR,19.0,0.1454847336735322,0.32078660525851754,0,3
5480,936,86.44183533473009,POS,Travel,US,22.0,0.2268116890063096,0.08821656174629872,0,3
3917,890,504.10883209326175,POS,Clothing,US,1.0,0.30334133881921704,0.25142340270596336,0,3
6233,837,552.5623120417908,POS,Food,TR,21.0,0.3415791623868397,0.23302009158278475,0,3
6485,123,90.41205926272312,POS,Clothing,UK,22.0,0.4241948342258439,0.2592014669961664,0,3
3884,277,17.651586405522295,ATM,Food,TR,5.0,0.06176705744723236,0.38617986310676844,0,3
9312,739,212.28868674756166,POS,Food,TR,22.0,0.33407913810882084,0.3606823595761063,0,3
6199,680,69.83029984942662,ATM,Travel,UK,15.0,0.11478730095607405,0.04764657076941836,0,3
4497,650,20.8775318451423,POS,Travel,DE,19.0,0.08675445270526266,0.0806946793895298,0,3
7390,391,223.55282796380664,POS,Travel,DE,12.0,0.128526707806157,0.1620384138249553,0,3
7191,298,228.90209743167716,Online,Travel,TR,22.0,0.1393358691859736,0.11426141281485486,0,3
5808,21,237.36108786278587,Online,Electronics,US,21.0,0.23127104877634846,0.14269548978064622,0,3
2582,461,243.70445759859325,ATM,Grocery,FR,9.0,0.8967152273629857,0.2496034179610378,0,3
5665,481,375.084329584757,ATM,Clothing,US,14.0,0.10035920383923692,0.10204333617589846,0,3
8833,282,18.331706636345213,ATM,Clothing,UK,16.0,0.036226764834057276,0.03742662908509932,0,3
2285,423,17.12538139755114,QR,Clothing,DE,19.0,0.20071123596168441,0.05910724104624554,0,3
2658,955,5.694146952872774,ATM,Electronics,US,22.0,0.05326248043145081,0.11856878245481398,0,3
2345,861,192.71502277423278,POS,Electronics,FR,8.0,0.1789696703528345,0.39602717330848813,0,3
6588,838,199.18393207440909,Online,Grocery,US,12.0,0.1134615688985618,0.10026102529974813,0,3
49,408,134.61361367382264,QR,Electronics,US,2.0,0.1338197157396157,0.20720216521899046,0,3
6513,273,17.123547895867432,QR,Electronics,FR,20.0,0.027613324631782062,0.16910769521434732,0,3
2911,701,5.819109342097866,Online,Travel,US,9.0,0.2151505271080187,0.18388825547969745,0,3
2598,490,13.498601377653252,ATM,Food,FR,12.0,0.2326310661119371,0.03919212204571705,0,3
6361,503,98.59196275157565,ATM,Electronics,FR,23.0,0.15079683654874257,0.0837027522759265,0,3
776,675,122.27787045311925,POS,Clothing,UK,6.0,0.281808346609721,0.3220031224195454,0,3
1442,426,65.5070836403349,ATM,Travel,NG,3.0,0.38212115468459024,0.21398827243935536,0,3
6625,749,439.026815801759,ATM,Food,TR,17.0,0.10495584350984868,0.560109070328061,0,3
264,959,14.119252653883558,POS,Clothing,TR,16.0,0.025500069861439587,0.13145338943777818,0,3
6046,891,43.771843750660516,QR,Electronics,FR,6.0,0.15038719747587204,0.4123700861920715,0,3
4297,701,102.32673742558922,POS,Electronics,FR,17.0,0.04632936930915642,0.15948057012213973,0,3
1474,973,0.0,POS,Travel,TR,10.0,0.07149165235305677,0.06157646820838615,0,3
9517,725,248.92485450294944,QR,Electronics,TR,16.0,0.20775912915655373,0.039825278904024944,0,3
253,320,163.15312698179926,Online,Clothing,DE,13.0,0.5315818898659306,0.46932337056249673,0,3
9037,39,903.261243027079,ATM,Food,UK,13.0,0.2807088801953257,0.23278842767486002,1,3
373,849,98.10937502227185,ATM,Electronics,US,21.0,0.3664421724237077,0.15139957138295157,1,3
6149,171,71.6161281990778,POS,Travel,FR,8.0,0.056683891636195124,0.049694696195552786,0,3
2923,692,295.97457042873066,POS,Electronics,TR,20.0,0.11089760318744735,0.1849814766848466,0,3
5984,68,52.06289132606902,POS,Grocery,DE,22.0,0.08577354518746678,0.07549549641177668,0,3
277,92,110.69391525061879,QR,Grocery,US,19.0,0.09949840137826088,0.19283581427034877,0,3
676,771,20.460079849715452,ATM,Electronics,TR,21.0,0.0894609668108961,0.13489576893720787,0,3
7360,974,1089.0154424443094,Online,Clothing,UK,13.0,0.4958524339408269,0.36902089001640503,0,3
4376,989,791.7723089187065,POS,Grocery,UK,12.0,0.22307138028565032,0.08496906517690933,0,3
9574,47,2.594382442443841,ATM,Food,TR,13.0,0.14068254339145847,0.185227910507299,0,3
3115,892,496.2312829459942,Online,Travel,FR,14.0,0.5103664574622672,0.07835453175894513,0,3
9592,690,750.4900380438955,Online,Electronics,DE,4.0,0.19526003532784814,0.47769884272757546,1,3
2030,246,89.37181581148269,POS,Travel,TR,7.0,0.419860989515713,0.17266311369003692,0,3
1714,162,54.26905101325023,ATM,Clothing,TR,19.0,0.21030875607147845,0.0698593158793342,0,3
5216,533,185.53361870493436,POS,Grocery,UK,22.0,0.6203959311924678,0.23120251848329743,0,3
7751,333,134.06741799073063,POS,Grocery,US,23.0,0.17505454673238047,0.09194050776977408,0,3
3262,426,21.204674505245034,POS,Food,DE,15.0,0.13839109214257714,0.04366397095472349,0,3
2630,533,164.3402079025011,ATM,Travel,US,11.0,0.19479350841893983,0.08633083223915368,0,3
6255,68,53.68151623611287,POS,Food,DE,14.0,0.2056203783764554,0.09446821428130307,0,3
3807,164,12.422015342201863,QR,Food,DE,23.0,0.032357163652174614,0.1168931371240177,0,3
7379,562,50.97747917782874,Online,Electronics,FR,14.0,0.02914950400177483,0.024705178699856892,0,3
4692,173,255.25661739515917,ATM,Electronics,TR,10.0,0.11821567533743786,0.12710770288409406,1,3
4111,803,105.87631265406883,POS,Travel,DE,12.0,0.042050222981065186,0.08311579368002646,0,3
7155,762,242.94620594031343,POS,Food,UK,11.0,0.052216226643857694,0.13736361086070448,0,3
178,908,6.613583269120872,Online,Electronics,TR,12.0,0.024888941549280046,0.06389912739645205,0,3
8832,773,0.40567762506565685,Online,Food,TR,2.0,0.03222837316655332,0.05464726495115868,0,3
8535,659,65.78921780914615,POS,Grocery,UK,23.0,0.058115550015807524,0.22065379072594682,0,3
231,445,290.55312578017083,POS,Electronics,US,20.0,0.37749872915030447,0.2060618564921413,0,3
8920,40,3.715858405491021,ATM,Clothing,US,22.0,0.25375963720258493,0.09826450982833536,0,3
6798,697,281.3403748321324,POS,Grocery,TR,19.0,0.15295037308181528,0.14145955692616807,0,3
586,308,52.92030887729803,POS,Food,DE,19.0,0.06570495646873581,0.2643604134174833,0,3
8583,284,7.513200427248401,POS,Clothing,DE,17.0,0.055913979862735844,0.024882655637001348,0,3
5580,106,307.48958519029173,QR,Travel,FR,3.0,0.24754927895128692,0.21293412600700493,0,3
3584,569,48.934130750039245,POS,Food,TR,19.0,0.29040989245222076,0.5079415385713394,0,3
8819,831,92.93668629028953,Online,Electronics,UK,11.0,0.4422019083798988,0.20019980066410212,0,3
3671,835,53.607802986855184,Online,Travel,US,3.0,0.15803819340323494,0.32628479388679776,1,3
901,323,5.635996888064732,Online,Clothing,UK,7.0,0.18104094243068722,0.2770396202778891,0,3
6491,64,1065.1919144478438,ATM,Food,NG,3.0,0.6010129824915227,0.35248319142217177,1,3
1339,816,226.8368876900112,ATM,Travel,US,11.0,0.08860232968992451,0.2444907700565513,0,3
6034,385,466.2985422714602,ATM,Food,US,16.0,0.20711800052307477,0.04650734747313136,0,3
2060,497,917.4209307124871,Online,Clothing,US,12.0,0.1807630213559356,0.050804136197250556,0,3
8481,738,81.90876911603559,POS,Travel,DE,12.0,0.1596294291742824,0.8585372509884671,0,3
7455,725,408.2563215165427,ATM,Electronics,US,23.0,0.3014834857034271,0.37239197365102167,0,3
3779,500,236.60364812965562,Online,Food,UK,20.0,0.09497870800573553,0.1352637856675275,0,3
9157,196,276.0602870844149,QR,Grocery,TR,11.0,0.13567928704424898,0.17822607055431589,0,3
3257,164,56.74426204491834,ATM,Electronics,DE,17.0,0.21044792339188068,0.13677747249886907,0,3
1634,656,93.28084031641662,POS,Clothing,UK,9.0,0.19362283624161913,0.05331133062640557,0,3
9342,554,341.22470129022275,ATM,Travel,DE,7.0,0.2748341011716011,0.20021439137364205,0,3
3757,391,130.41676286280173,QR,Clothing,DE,20.0,0.23502191005400389,0.06943433790008129,0,3
9866,85,163.1553217482612,Online,Travel,UK,17.0,0.2792822212178411,0.3505956206152037,0,3
5589,832,742.7294977498972,Online,Travel,DE,16.0,0.5038423901274999,0.3398551548562796,0,3
3516,852,0.0,Online,Food,US,8.0,0.18044585342931208,0.2012336142860125,0,3
6035,680,63.23891230633701,ATM,Electronics,FR,18.0,0.05532570346943725,0.14845799626471753,0,3
4684,821,289.3652875020783,Online,Grocery,DE,8.0,0.2553162370795317,0.27050650166348134,0,3
7047,839,120.18795566018063,POS,Electronics,FR,20.0,0.2724137689000671,0.1651073474820346,0,3
3300,481,341.4757399192611,QR,Clothing,FR,8.0,0.20625093341304532,0.2013170271681163,0,3
9812,420,63.67359252403743,Online,Food,US,21.0,0.03807858679985961,0.10958326134621676,0,3
3519,272,255.71613851168868,ATM,Travel,FR,15.0,0.28890842866699895,0.2828847826219096,0,3
7899,843,98.3005107226708,Online,Clothing,UK,21.0,0.12537371796416802,0.12655616026315644,0,3
349,712,0.0,Online,Electronics,UK,14.0,0.42326870096069447,0.11647917122816658,0,3
5234,660,134.48765999698628,ATM,Electronics,UK,18.0,0.3797792269815611,0.37259918993688323,0,3
7082,842,3.471283198532647,QR,Food,TR,18.0,0.1784767447650428,0.3241749323340097,0,3
5684,111,334.09617432446527,ATM,Clothing,TR,21.0,0.22806558914358943,0.31170677653748763,0,3
8037,622,185.6140946165939,POS,Travel,US,23.0,0.2643025335342063,0.07852145886991446,0,3
7863,676,0.0,POS,Clothing,FR,19.0,0.09659854292537635,0.3092917865494931,0,3
8531,69,330.8910616133649,QR,Grocery,TR,20.0,0.12407897825825334,0.0871377275138961,0,3
1698,233,71.44297022880147,Online,Travel,DE,20.0,0.09842087135420113,0.10444549801927555,0,3
4352,693,61.53276978458334,ATM,Food,TR,16.0,0.38409856384266,0.23159793491693273,0,3
8303,161,9.0172767868707,POS,Travel,TR,23.0,0.05316910164726966,0.11743868872028684,0,3
1679,383,122.3265712948502,POS,Travel,US,13.0,0.4950415174312001,0.07672468464959158,0,3
9862,793,134.06075450846245,POS,Food,DE,18.0,0.19297643246803609,0.2797669860380792,0,3
7965,972,100.94797227027016,Online,Food,FR,7.0,0.2586479550998154,0.18493541567929786,0,3
6524,417,134.3142496359884,POS,Clothing,TR,19.0,0.3581759708631907,0.37047902451860704,0,3
8931,690,1110.7891217905958,Online,Food,TR,6.0,0.19355361322645426,0.09246935869982464,0,3
6638,188,326.93664508465884,Online,Clothing,UK,17.0,0.1646419994941003,0.06041399433767042,0,3
3141,472,242.99430557166372,ATM,Clothing,FR,12.0,0.2818033573165785,0.45191559157534034,0,3
6845,53,24.34540116670489,POS,Electronics,DE,9.0,0.12306038531476221,0.09458494638306703,0,3
7768,624,271.4919841250837,POS,Grocery,FR,23.0,0.08415010940273278,0.17927846058131527,0,3
1719,293,24.15027272558751,Online,Food,TR,7.0,0.06295044833231812,0.137699173658757,0,3
8993,246,589.1912860811872,POS,Travel,UK,11.0,0.5854198375241918,0.09931693132548589,0,3
2574,693,108.93169738954587,QR,Electronics,DE,20.0,0.3101918845522354,0.1262219606524211,0,3
5825,114,22.79234785286781,Online,Clothing,US,20.0,0.1172112361845258,0.2877506555072654,0,3
6228,420,900.2820039443299,ATM,Grocery,TR,10.0,0.6308159981150927,0.6712348173639182,0,3
7110,447,91.52502279560176,ATM,Grocery,DE,22.0,0.18419231920007004,0.2489133325514602,0,3
5579,400,41.35887384022058,POS,Travel,FR,15.0,0.3838309186523549,0.1993588952605562,0,3
2408,543,725.7175983389171,Online,Electronics,TR,11.0,0.20786937889343798,0.13070876987979274,0,3
3040,587,126.25524395890166,Online,Food,US,16.0,0.08416068404728815,0.2161984070986151,0,3
3278,502,189.65565754563892,Online,Travel,UK,10.0,0.09170429940759023,0.05359772941609016,0,3
4476,246,74.64477709304327,Online,Clothing,US,11.0,0.09589174940757886,0.10694392118255114,0,3
7940,554,144.51541031992087,ATM,Electronics,US,6.0,0.13866858699056853,0.061061723406267684,0,3
9438,600,92.53045602000626,QR,Clothing,TR,13.0,0.20954447049432426,0.11240112472711067,0,3
9980,717,485.0153623751244,ATM,Food,US,7.0,0.08032936443702927,0.25627437446126355,0,3
3808,322,68.6753122228001,Online,Clothing,FR,7.0,0.15831165207523862,0.06385268885707035,0,3
6622,219,113.1850682174625,POS,Travel,DE,4.0,0.32696202052972334,0.14377521190826803,0,3
2668,78,7.654443750428656,QR,Travel,US,15.0,0.0718865715753445,0.04125769782805947,0,3
71,129,112.9315751596576,Online,Clothing,US,15.0,0.4323175565890243,0.6486787909130289,1,3
4496,170,195.08670801788114,Online,Electronics,US,18.0,0.10524390630745901,0.37833320402386456,0,3
1075,771,139.49209096421626,QR,Electronics,US,18.0,0.026391511131534855,0.2615939009470734,0,3
1894,206,441.90100062296494,POS,Electronics,FR,13.0,0.3011678951280837,0.12840946547266624,0,3
2618,388,32.497703939477354,Online,Food,US,16.0,0.043603452100399134,0.031274644287602626,0,3
3270,716,10.586689846952213,ATM,Clothing,US,13.0,0.047248527538147594,0.025742937012141642,0,3
9355,171,11.688703473205898,POS,Food,US,20.0,0.0757245262299107,0.07137864563682533,0,3
8776,121,107.9289370103745,POS,Grocery,UK,23.0,0.10132127337779787,0.13066531680578902,0,3
848,245,296.31769691688345,POS,Electronics,UK,8.0,0.11698844717365432,0.08315954062353144,0,3
6581,291,5.680464778454818,ATM,Electronics,TR,10.0,0.15965615448947224,0.08746235205357894,0,3
6304,672,181.62266598861873,ATM,Grocery,DE,20.0,0.10541539965223583,0.10910656730658873,0,3
8835,354,110.42177621424504,POS,Clothing,TR,5.0,0.2756121967234586,0.43915391412474725,0,3
6547,788,0.2918984509588607,Online,Grocery,TR,19.0,0.062104706966942716,0.1452709371892322,0,3
8882,736,28.662607482950158,POS,Clothing,UK,22.0,0.17673901903593237,0.1960841211991301,0,3
1364,920,500.3016500440147,Online,Travel,US,10.0,0.0531653871998332,0.17818608093297172,0,3
3353,14,287.3732099168919,Online,Grocery,US,20.0,0.07055638732019451,0.11321172361752968,0,3
4645,350,85.47165439747799,QR,Food,TR,8.0,0.27923565345112755,0.463662852980881,1,3
1571,289,408.85410590648274,QR,Food,UK,22.0,0.12868131592759546,0.3457109225309618,0,3
6913,733,86.76809278444021,ATM,Food,DE,22.0,0.2305646232097048,0.13797788916976414,0,3
6559,161,29.39246449949799,Online,Travel,US,15.0,0.09394208970584672,0.0749817317704409,0,3
4768,420,165.11037045988405,POS,Electronics,TR,16.0,0.11851975953892556,0.20717875859379628,0,3
716,782,142.46106126373346,ATM,Clothing,UK,21.0,0.1311304245906822,0.13851997649653663,0,3
5599,624,119.01669369187657,Online,Electronics,DE,6.0,0.11459905626831297,0.20369206478644036,0,3
1073,84,278.45857790535445,POS,Clothing,FR,21.0,0.15756257764764414,0.3312311514327254,0,3
591,384,58.04796131543407,QR,Travel,NG,8.0,0.059769688344452204,0.08364874424600484,0,3
2449,874,47.52249077955338,POS,Electronics,UK,12.0,0.12966799307263727,0.20173004092845587,0,3
733,556,225.50771378831965,Online,Travel,TR,19.0,0.05278193063852139,0.07730150655111935,0,3
589,87,252.5560224922268,Online,Food,DE,22.0,0.14520488932011158,0.18845571441830336,0,3
3819,68,265.02731975289754,ATM,Travel,DE,20.0,0.21911995655104172,0.14546644017502477,0,3
7596,487,620.3611844827004,ATM,Food,DE,11.0,0.2987012553556162,0.2177296544506289,0,3
559,306,0.0,Online,Grocery,UK,12.0,0.26901660051552834,0.1406298544718352,1,3
2431,654,669.3374538417968,ATM,Grocery,UK,17.0,0.08707392716910291,0.12275425640824392,0,3
8409,314,35.41556424466084,POS,Travel,TR,22.0,0.07323911894626561,0.1359938968775566,0,3
9152,497,98.54955827121574,Online,Grocery,FR,20.0,0.06850697527251426,0.0283709948194638,0,3
121,860,141.6222236491925,QR,Food,DE,4.0,0.19110275568884513,0.12129914295395791,0,3
9295,795,69.70110440883875,ATM,Clothing,US,21.0,0.02843255841984792,0.07406886465577286,0,3
5065,221,315.04176427611804,Online,Food,UK,8.0,0.26918897847192874,0.2995481645679744,1,3
3944,539,238.72987633875022,QR,Food,US,17.0,0.17353688612884433,0.1642675609180844,0,3
902,771,65.27725218743132,POS,Food,FR,11.0,0.3994590596108362,0.14799386690433056,0,3
5837,957,259.65608234440987,Online,Clothing,TR,13.0,0.13481615159654506,0.08458629887001712,0,3
726,9,244.80756053728777,ATM,Electronics,TR,23.0,0.07979036439850692,0.1965135590796585,1,3
7713,522,9.673344523798075,POS,Clothing,TR,15.0,0.21778199449981064,0.12101887199237214,0,3
1087,361,61.73254717085943,POS,Food,UK,23.0,0.3928963245047502,0.220815954719269,0,3
7809,631,8.09328934688936,POS,Electronics,US,12.0,0.25722815788201836,0.1258401765580883,1,3
5152,711,846.529557137172,ATM,Clothing,FR,12.0,0.16572797039590637,0.3070864153986201,0,3
6032,336,0.0,POS,Electronics,UK,16.0,0.21639494723595298,0.04819667085080839,0,3
9233,762,21.34145703638616,POS,Electronics,TR,20.0,0.29420624398050105,0.08296930072708876,0,3
3384,102,218.4860588875345,ATM,Travel,UK,21.0,0.2066372370756409,0.15383710806364134,0,3
8508,697,256.8877385227041,Online,Travel,TR,18.0,0.07965411115298163,0.2709363976127812,1,3
8275,129,32.80561807498785,ATM,Food,UK,13.0,0.3308250106614527,0.13270683479708567,0,3
6632,274,3.691523388504117,ATM,Grocery,US,19.0,0.17884861502658794,0.05454794047140232,0,3
163,252,13.632170048844209,ATM,Electronics,UK,22.0,0.24518027801319298,0.1586192582307427,0,3
8861,573,9.3695794573628,Online,Food,UK,9.0,0.045443879383283786,0.11625426556648821,0,3
5246,961,144.7948340762241,QR,Grocery,DE,18.0,0.1181636408314172,0.16144882103111247,0,3
1089,442,7.672381576008309,POS,Electronics,US,15.0,0.1588333223702105,0.22486351698956025,0,3
7059,386,1.518412093647934,Online,Food,FR,13.0,0.03248497064197127,0.05454732808053779,0,3
7149,325,15.42562540651361,QR,Clothing,FR,21.0,0.15732781968619572,0.031761321020340204,0,3
8509,945,0.0,POS,Grocery,DE,19.0,0.2020968870959063,0.34034011061956093,0,3
3098,65,429.97277819197717,Online,Grocery,US,18.0,0.19793983487342623,0.2554223126153018,0,3
7960,231,45.65523838912411,ATM,Travel,FR,9.0,0.8595504624266374,0.381805318698089,0,3
4778,673,607.5732532959321,QR,Travel,TR,21.0,0.24750580748358741,0.10698036180372861,0,3
2484,131,77.45929867452516,Online,Clothing,UK,9.0,0.13757883495580125,0.3928411424760844,0,3
3183,334,184.8806131952831,QR,Travel,US,14.0,0.200213494706391,0.3811691494007514,0,3
2828,862,173.28461262373332,POS,Food,US,21.0,0.22949278527408812,0.9454783015816087,0,3
7994,550,339.3545847998,POS,Electronics,TR,13.0,0.32762135644862206,0.11608426207369098,1,3
2076,74,45.38546725196338,POS,Grocery,DE,2.0,0.45062374118312587,0.34111059012912187,0,3
595,637,0.0,POS,Clothing,UK,10.0,0.37909692377312676,0.5465346803760597,0,3
9704,922,245.55565992116516,ATM,Clothing,TR,19.0,0.12449185926626984,0.032433071368992504,0,3
8830,317,476.6443703559915,Online,Food,FR,23.0,0.14417744778913122,0.17568999828574508,0,3
4642,762,348.6420436077655,POS,Grocery,TR,16.0,0.42725406092220264,0.20292726772601166,0,3
2844,937,56.78772638612897,ATM,Clothing,US,12.0,0.288527414675665,0.3262877673867688,0,3
5659,686,27.00551225618909,POS,Travel,FR,21.0,0.3552096417710999,0.30348534695850415,0,3
7966,118,307.0403048472492,POS,Grocery,UK,5.0,0.36845361854997344,0.2890048008291678,0,3
3214,478,147.396206032711,QR,Travel,UK,8.0,0.09659664121888153,0.45399894724491163,0,3
3621,373,19.767584808310644,QR,Food,UK,16.0,0.12605995027358718,0.12697574096177833,0,3
57,856,427.7685625730162,ATM,Electronics,FR,4.0,0.2727866998961416,0.3758552162168088,0,3
4177,65,24.683064682119625,ATM,Food,FR,18.0,0.21515651117602097,0.07344283903241189,0,3
155,666,505.1362649386238,Online,Electronics,FR,19.0,0.4024725205991081,0.6135209459446515,0,3
2733,451,4.11815905578474,Online,Food,FR,15.0,0.1837691714511489,0.09084608789291569,0,3
1418,585,515.497674544457,ATM,Food,US,4.0,0.29653148567685245,0.21589655119412007,0,3
6918,921,453.2095981557031,Online,Grocery,US,6.0,0.4134470128342423,0.2821542936707652,0,3
2581,279,182.592310922236,QR,Travel,US,11.0,0.08958424046009356,0.414805095457213,0,3
7935,559,102.49601415149263,POS,Travel,TR,9.0,0.21740951809195086,0.1625028340601526,0,3
2568,574,188.2521568847536,ATM,Clothing,FR,14.0,0.43164829563009155,0.4000778846611064,0,3
4234,390,41.274398709823565,ATM,Grocery,TR,17.0,0.17477916205767047,0.04511320117593426,0,3
6644,825,33.053685987911855,Online,Clothing,DE,20.0,0.14279089040980358,0.18287978716856299,0,3
1493,729,494.0576780146174,POS,Grocery,DE,17.0,0.5249513157316485,0.38208140171557836,0,3
6023,330,209.2904778154432,ATM,Clothing,TR,7.0,0.2743720184703952,0.6664085548851403,0,3
8798,508,160.73827785597763,Online,Electronics,TR,21.0,0.08548890106091134,0.05602054984230845,0,3
477,383,92.72073742148719,QR,Clothing,UK,19.0,0.10521703275174302,0.15265458395474618,0,3
5242,55,106.5710251956195,QR,Food,TR,16.0,0.029425638649976972,0.045070128263821445,0,3
1605,978,426.4169481871995,Online,Travel,UK,15.0,0.2781424318854234,0.3436973239619791,0,3
4401,400,47.268367003618394,ATM,Travel,UK,20.0,0.07485896256644087,0.04057318422598108,0,3
7407,928,16.416353582100335,Online,Electronics,US,19.0,0.11962236765791803,0.057876275407176825,0,3
891,63,129.01470330555702,ATM,Travel,FR,20.0,0.22923152409779232,0.2462826681293335,0,3
2711,835,0.0,ATM,Travel,US,22.0,0.03876962795188823,0.057827146374230906,0,3
6518,845,170.25573469415886,ATM,Clothing,TR,20.0,0.43260258956806374,0.15570500393854866,0,3
1788,909,205.46945588127628,QR,Grocery,DE,17.0,0.08652167034494546,0.143808188293612,0,3
7418,976,140.12718230897656,Online,Grocery,DE,22.0,0.23730660033897963,0.3215762233342405,0,3
8303,282,145.14163269857278,QR,Food,UK,9.0,0.06463080686692732,0.09675105135949016,0,3
6619,686,285.8094314279564,QR,Travel,UK,10.0,0.7388533388002513,0.4246044779545233,0,3
6431,471,38.78620832575446,Online,Electronics,US,1.0,0.13794141545636618,0.09586849998770691,0,3
3239,972,197.289576100259,Online,Food,UK,18.0,0.6304244570619533,0.5475473892813706,0,3
65,220,86.55193174178956,Online,Clothing,US,9.0,0.8854965070790297,0.6442151366182991,1,3
8732,14,94.26235356921038,ATM,Travel,UK,20.0,0.06696163305434481,0.3819775748955001,0,3
8989,151,26.019211273893173,Online,Grocery,DE,7.0,0.2725858925909698,0.14629404173961919,0,3
867,892,114.76931254282506,QR,Travel,DE,9.0,0.2623919921334695,0.11799460442223587,0,3
9612,664,123.3704145707857,QR,Grocery,FR,17.0,0.25996630709956137,0.26090095823633097,0,3
8050,827,261.83494653119834,ATM,Food,FR,13.0,0.1906113485859127,0.11539283376054085,0,3
9023,821,127.3400546432786,POS,Clothing,US,12.0,0.07228456256746843,0.09809659212892638,0,3
3981,790,249.74759531934612,Online,Clothing,TR,6.0,0.2454007426461641,0.35160728761705073,0,3
6341,522,15.472758358681501,QR,Electronics,UK,20.0,0.50575019644284,0.33372218766908895,0,3
2238,132,19.880565738595045,Online,Travel,TR,14.0,0.15460115053306517,0.03321087729680597,0,3
7199,21,136.75178989456091,Online,Food,US,2.0,0.07327425715223754,0.21633726513280516,0,3
4877,382,11.377872354819228,POS,Travel,TR,8.0,0.23268290970330052,0.10546939808282593,0,3
2457,259,55.58759117501339,POS,Electronics,US,8.0,0.16748890089842622,0.12432167223284271,0,3
981,183,189.4915331860853,POS,Clothing,DE,14.0,0.20961215275290646,0.15115580668283757,0,3
1887,475,66.16524081918313,POS,Food,TR,6.0,0.1449932335015911,0.14270444178590636,0,3
900,290,68.85271183581516,QR,Travel,DE,23.0,0.09498327890089076,0.17506985527069993,0,3
9214,490,14.323089275874594,ATM,Clothing,DE,2.0,0.4589653663231526,0.11454715574842839,0,3
7314,131,55.99431193092898,QR,Clothing,US,21.0,0.08667457720472098,0.04236617088114377,0,3
3213,324,41.763233636924674,QR,Clothing,US,19.0,0.04766396501054396,0.06721756380159433,0,3
7300,537,56.342992273925795,Online,Travel,FR,21.0,0.22655393928761272,0.20129769685589463,0,3
1253,286,105.14633909295807,ATM,Grocery,US,18.0,0.20690708245786202,0.3591099626384067,0,3
2700,765,60.13688905616341,Online,Grocery,TR,19.0,0.11590100574647189,0.16504631003593415,0,3
8530,923,29.52951340768669,Online,Electronics,US,18.0,0.06634002535754432,0.051370096801704325,0,3
5593,493,727.4372182049966,Online,Electronics,DE,22.0,0.25265187843557835,0.2874718197127797,0,3
6679,678,29.611934727968638,QR,Clothing,TR,20.0,0.20661322092548695,0.10689400943824622,0,3
6531,610,10.940440487164114,Online,Grocery,US,11.0,0.22124524091390774,0.06557307668634327,0,3
6870,347,100.39800686090604,QR,Food,TR,16.0,0.11303874979072559,0.06218859588456724,0,3
5803,904,611.7337054711554,QR,Food,FR,18.0,0.24961158476389028,0.34458968120930167,0,3
5956,57,81.51107653907857,POS,Clothing,UK,16.0,0.09798141381064279,0.08186544635596459,0,3
8435,311,92.06424525707517,QR,Travel,US,17.0,0.06150633699536408,0.31554407305978105,0,3
7298,112,11.007639992597609,ATM,Travel,US,4.0,0.1181200282161965,0.29588274105105766,0,3
6046,270,16.18269724137737,ATM,Electronics,TR,15.0,0.07937117942416344,0.11543203062531766,0,3
6960,446,36.10660186384812,Online,Travel,UK,4.0,0.04006504505206161,0.035053648990291744,0,3
3654,591,1020.2735966172922,QR,Travel,UK,7.0,0.2761734441903372,0.48150486390594555,0,3
6107,725,105.64841682426483,QR,Food,UK,5.0,0.1431051581104204,0.054174017246265554,0,3
4234,655,42.543071678306575,POS,Clothing,DE,15.0,0.24382572691108087,0.36594979786168147,0,3
4188,18,249.82153696749944,ATM,Clothing,FR,16.0,0.14471831428503484,0.1562954815720277,0,3
3345,290,26.279179548729402,Online,Clothing,TR,16.0,0.24012699031507573,0.13631755741739335,0,3
8662,92,135.10079399588446,ATM,Food,US,10.0,0.26337361998675607,0.19475436289045242,0,3
1170,697,20.87761074807445,POS,Grocery,FR,4.0,0.2587693974402809,0.12431708741099563,0,3
561,287,19.248372239509877,POS,Travel,UK,8.0,0.11022525199065085,0.05921930416558428,0,3
288,813,396.9974273599822,Online,Electronics,US,12.0,0.1404508138142777,0.12706145525065615,0,3
5169,713,5.8059696501761024,ATM,Travel,UK,13.0,0.15970307262398525,0.18457839452228098,0,3
1812,801,155.81061221193886,QR,Travel,TR,3.0,0.4623905671272354,0.3622247555814529,0,3
1929,923,2129.5335249202867,ATM,Clothing,TR,8.0,0.4191924673256503,0.44152795832261255,0,3
4028,618,16.001863660126435,POS,Grocery,TR,21.0,0.13281569998413192,0.05518075145025151,0,3
800,662,104.4116857173126,Online,Food,DE,23.0,0.0684644238653963,0.13372221839042253,0,3
6417,923,244.00760485452767,QR,Travel,TR,7.0,0.12341762884828679,0.1771229920944092,0,3
4427,401,266.61883174318984,POS,Electronics,DE,13.0,0.05535323728932483,0.30315555584171083,0,3
9861,875,77.17204008666599,POS,Food,TR,9.0,0.09847691915839218,0.24390494301541493,0,3
4013,789,6.788441219052794,Online,Electronics,DE,16.0,0.31426968492587215,0.07855028668357783,0,3
9640,197,35.46373510055368,Online,Electronics,FR,20.0,0.2577923017884718,0.03467505229539671,0,3
441,32,118.88491395002362,QR,Clothing,TR,8.0,0.11471934675308938,0.10035165892911883,0,3
5224,261,857.4781389107256,POS,Clothing,FR,22.0,0.29699820748751693,0.09902440203070029,0,3
1036,92,65.20810402584449,ATM,Clothing,US,15.0,0.4672097281457484,0.28246355812037716,0,3
4003,200,6.7920118134201495,POS,Electronics,DE,7.0,0.15799787975602322,0.2239761641850453,0,3
3490,867,133.01341007666304,QR,Electronics,TR,13.0,0.1487872256254615,0.15464449058517152,0,3
2309,239,67.86967489116641,QR,Travel,FR,5.0,0.3237224549590516,0.1460428604410483,0,3
2268,757,26.578813416153046,QR,Grocery,TR,20.0,0.12498921701143603,0.14165559113939868,0,3
2324,219,326.99232378632814,ATM,Clothing,TR,11.0,0.1545503359261863,0.07346126537922132,0,3
3428,68,63.60183540206318,Online,Clothing,FR,9.0,0.469283285504195,0.1609054165972677,0,3
5524,495,121.96443098209264,POS,Grocery,FR,22.0,0.23982269800187717,0.2441360045584038,0,3
4869,843,77.19310426291965,POS,Grocery,US,23.0,0.06947631947285493,0.05873024925669654,0,3
282,988,42.78026376338319,Online,Food,US,8.0,0.21830258542808997,0.28818151768689476,1,3
9833,655,12.768264851778735,QR,Food,DE,23.0,0.02324943305759172,0.15716368858952484,0,3
8574,681,82.52154213229787,POS,Clothing,US,8.0,0.0897144854215119,0.08844885185166296,0,3
8349,548,20.169855608861884,QR,Grocery,TR,10.0,0.08885773336735067,0.048998762225084626,0,3
3997,722,4.248783458459447,Online,Grocery,DE,3.0,0.030729067773539814,0.03298518406662272,0,3
868,935,29.42384544277337,POS,Travel,FR,22.0,0.05756776297575693,0.225128432544248,0,3
1931,286,366.95747633379284,ATM,Travel,DE,14.0,0.10761486524856186,0.45898093350189295,0,3
4262,246,222.91285130236895,ATM,Travel,US,20.0,0.3449007789168326,0.9218563111962393,0,3
9347,337,69.34088094841712,POS,Travel,US,21.0,0.2591736852474005,0.14400685760825002,0,3
523,693,86.29265339804148,QR,Travel,FR,5.0,0.3895376955792888,0.2536356826043709,1,3
8890,771,7.18238349403756,QR,Travel,TR,6.0,0.044291355912200944,0.15800087679892633,0,3
4177,445,171.88406047955164,POS,Travel,US,17.0,0.13039122377983828,0.08947584597929581,0,3
6945,492,285.54598087478325,QR,Clothing,TR,9.0,0.2502300653869719,0.08622498405973698,1,3
2750,601,310.75598281605505,QR,Clothing,FR,21.0,0.19739221574346652,0.2533588455647047,0,3
6331,377,11.516740078391546,Online,Travel,DE,20.0,0.027668320227493073,0.08576070068171623,0,3
9641,419,76.92344584031524,Online,Travel,UK,22.0,0.24738794807419323,0.035714145096484254,0,3
5066,889,330.83073138933963,POS,Electronics,DE,22.0,0.17230005031322998,0.18915518058551178,0,3
8968,187,10.987316121042923,Online,Clothing,TR,19.0,0.06244543276293503,0.11361294958733986,0,3
7725,465,404.34246211394236,ATM,Grocery,TR,18.0,0.19582506338046618,0.36661900275189574,0,3
7200,880,232.53022837832262,POS,Food,FR,1.0,0.03685184215710203,0.06317225999702764,0,3
1889,697,136.17430511898735,POS,Grocery,TR,16.0,0.19951535375065102,0.19759895111840536,0,3
4816,598,120.3891422480124,POS,Electronics,FR,13.0,0.12150193213847127,0.29377788698540325,0,3
3417,886,87.44008820872999,QR,Clothing,TR,20.0,0.38769427349637103,0.9637603927825312,0,3
3803,813,409.90270433428054,ATM,Food,UK,18.0,0.4308448136472711,0.20890171215230277,0,3
8301,698,40.060109771486154,ATM,Travel,FR,16.0,0.050439960553837454,0.11465921578135455,0,3
5478,498,73.97670214444311,ATM,Food,UK,15.0,0.08130364411178558,0.024837448799906577,0,3
4748,789,133.86196296546666,ATM,Food,US,18.0,0.08591389223426951,0.2650107161092623,0,3
1530,573,555.1763445179039,POS,Grocery,UK,10.0,0.40246514519298493,0.23066619153757428,0,3
1707,782,43.83737148073001,POS,Travel,FR,14.0,0.13403384929099513,0.07872605595232818,0,3
1777,575,131.44446832999662,QR,Travel,US,7.0,0.17214968749073484,0.050058841936966,0,3
4801,410,182.1504212649085,POS,Food,FR,11.0,0.1552340613308796,0.08659947646254916,0,3
6839,463,1.4575189990970578,POS,Food,UK,13.0,0.23903836447154525,0.17098870517899623,0,3
9053,78,84.5770068329602,ATM,Electronics,TR,19.0,0.22654516700164673,0.09852992320949754,0,3
9763,445,293.31181062453487,Online,Food,DE,19.0,0.12393621101550018,0.04107465151467528,0,3
3661,83,69.58740356966706,Online,Clothing,FR,23.0,0.09163795874594234,0.03771675531805341,0,3
1201,458,82.5501064752403,Online,Travel,DE,14.0,0.04208910428325591,0.04123721905387293,0,3
9398,103,253.56394866892367,ATM,Grocery,UK,19.0,0.37018407110463736,0.3804749912081808,0,3
6295,476,3.183839430702588,POS,Grocery,US,19.0,0.1458017837076742,0.1309649466377744,0,3
4184,619,486.3354481289272,POS,Clothing,US,6.0,0.1682088724714974,0.3145887806570142,0,3
4378,404,664.2156244295153,QR,Food,FR,9.0,0.5982904661606411,0.31099040716970666,0,3
4652,843,121.73697811216245,POS,Electronics,TR,4.0,0.03219399789820137,0.13975971394060052,0,3
4064,904,52.82021826297033,ATM,Grocery,FR,19.0,0.038974273193359096,0.09584908015536117,0,3
5872,450,332.33159886075765,ATM,Food,DE,12.0,0.46027144094307515,0.2935112798984238,1,3
9310,992,14.149219600328461,POS,Clothing,US,22.0,0.28626045343864276,0.09166517436082466,0,3
9847,275,7.636254451620424,Online,Electronics,FR,17.0,0.08612846809177552,0.07579537857596137,0,3
8092,651,919.6907912665038,Online,Food,TR,16.0,0.15980029904231993,0.43599952063766795,0,3
6266,282,34.99993296302269,POS,Food,TR,15.0,0.079628268198996,0.2701648468649147,0,3
1977,207,128.41696385497886,Online,Clothing,DE,20.0,0.05622028915805122,0.1458412056867022,0,3
6387,717,20.975228080026366,QR,Clothing,UK,18.0,0.038409463815098084,0.12159652577125635,0,3
8678,755,112.28915327249017,QR,Grocery,UK,21.0,0.39264319813703197,0.39489238761169837,0,3
1783,881,0.0,QR,Grocery,DE,18.0,0.038597066061465436,0.028082318353483786,0,3
3578,314,289.3342655247144,ATM,Clothing,DE,21.0,0.1856664605158854,0.3754713145777289,0,3
4429,933,137.75491005007206,ATM,Food,FR,12.0,0.06872575484672414,0.07245568800569635,0,3
5472,692,583.5999747000499,Online,Grocery,UK,9.0,0.17506585972995853,0.3825344527899491,0,3
6559,279,95.68458840680712,Online,Grocery,FR,17.0,0.1407822901205783,0.11489064165979607,0,3
5773,670,35.848420416057024,QR,Travel,US,22.0,0.08030064940312819,0.20875835518826574,0,3
8278,621,169.51558490214876,ATM,Electronics,UK,8.0,0.05704299037545368,0.30980171580719285,0,3
2735,69,170.0530540414235,QR,Food,FR,5.0,0.6786075552533275,0.24383335265401893,0,3
1042,168,154.60602282926777,QR,Electronics,TR,9.0,0.18678360329866528,0.21543849321702097,0,3
8128,246,64.09990982415208,Online,Travel,US,21.0,0.42455927248623615,0.2558567354951384,0,3
1115,389,85.28594387694194,QR,Grocery,US,19.0,0.3389702887236067,0.0495963796237934,0,3
6674,354,1.5836438889954554,ATM,Electronics,FR,17.0,0.10000266802375128,0.30548769859107366,0,3
8994,549,363.0511824621973,POS,Electronics,FR,8.0,0.15598408878055067,0.09168655450570688,0,3
893,972,522.4544204481051,POS,Grocery,US,13.0,0.2846976229669047,0.35662928692159995,0,3
9857,710,8.910243001829977,QR,Food,US,22.0,0.09143417814210585,0.03631479720906569,0,3
5752,391,311.09955894962343,POS,Travel,US,17.0,0.4927475319782998,0.4019005733917701,0,3
7622,231,14.539494607006738,ATM,Travel,DE,15.0,0.13321481688810669,0.023305275586354285,0,3
9955,836,124.05326914145365,Online,Electronics,FR,19.0,0.11040960124182095,0.0315899438611921,0,3
7524,421,191.63468772420939,Online,Clothing,US,18.0,0.19867289640176108,0.4212492043854908,0,3
5329,374,95.00630783017559,ATM,Food,DE,4.0,0.1404327848797855,0.24822337968984629,0,3
1916,809,32.46588282849777,Online,Grocery,TR,18.0,0.397983985828542,0.26737615349422017,0,3
5781,645,110.64300640005861,QR,Clothing,TR,21.0,0.6006504384000216,0.11648061221672268,0,3
1202,339,47.183351767948686,Online,Electronics,US,14.0,0.13272697618033108,0.052940323356826455,0,3
3143,914,25.002877928370403,Online,Clothing,US,15.0,0.2142840744906747,0.04908033847106693,0,3
3529,410,458.08411210926965,ATM,Travel,DE,11.0,0.19292618726093494,0.23903790902790834,0,3
1182,214,442.5361993808154,ATM,Grocery,TR,10.0,0.13436229896813887,0.2609454766250503,0,3
3917,755,177.85452021779628,POS,Electronics,FR,2.0,0.17708011759971476,0.42673572119037434,0,3
1646,493,44.707551104646996,Online,Electronics,TR,14.0,0.06549548688749343,0.11555573881144005,0,3
9401,382,176.80220337195132,POS,Travel,FR,20.0,0.2321253484024278,0.10217767946504885,0,3
2116,256,387.87634003185457,POS,Travel,US,22.0,0.0721073952139406,0.21702641095709854,0,3
9759,116,29.296435313878902,Online,Clothing,US,4.0,0.14055298337174785,0.10065387565122809,0,3
8000,888,232.2405025305095,ATM,Grocery,UK,6.0,0.03958219366457634,0.11816818427810344,0,3
8711,365,298.442507430328,ATM,Clothing,TR,17.0,0.12074204663150451,0.14707375436826642,0,3
5526,295,28.079645223114156,ATM,Grocery,DE,10.0,0.06765935390547376,0.23338262254783812,0,3
7728,950,173.9400657958426,Online,Electronics,DE,22.0,0.46978093122055997,0.07816653466249789,0,3
247,528,169.58085102378269,POS,Clothing,FR,15.0,0.2417497273859262,0.05271042067017209,0,3
4713,79,153.70476577380825,ATM,Travel,UK,15.0,0.050529578330896295,0.056855468231812645,0,3
7322,556,140.17350349068863,QR,Food,US,22.0,0.09366111521746487,0.22073183205125482,0,3
9570,378,80.1145964611301,POS,Travel,FR,22.0,0.18502675861124962,0.04343913164772521,0,3
1900,265,57.0593038367649,QR,Clothing,US,21.0,0.19613600293305827,0.0815774436900383,0,3
721,170,81.11068806720017,ATM,Clothing,UK,22.0,0.14306652044638574,0.1585214389195002,0,3
1632,752,77.59811075939317,POS,Electronics,US,21.0,0.05700546739293259,0.04034396536585091,0,3
527,576,210.25180150545248,QR,Clothing,UK,10.0,0.7527229714610517,0.2589366259601889,0,3
1549,946,45.83534153811846,POS,Clothing,FR,22.0,0.2848435930972903,0.16376738316215153,0,3
7855,917,195.6443961795986,QR,Grocery,DE,14.0,0.4569965085698061,0.12422504498633669,0,3
1861,989,277.0203737759949,POS,Grocery,FR,8.0,0.15421764557393852,0.2834366936446341,0,3
556,973,342.56507921014907,POS,Electronics,US,11.0,0.06114801610182584,0.1981458848976032,0,3
3066,842,328.90346048938835,POS,Grocery,US,18.0,0.22826165945070245,0.33737966726191426,0,3
9475,356,79.1042962617301,ATM,Travel,FR,22.0,0.07497579301887071,0.2754926753041924,0,3
8555,292,51.36178548185652,Online,Electronics,TR,5.0,0.12997221301302628,0.19170722901998483,0,3
9996,725,0.0,POS,Electronics,NG,18.0,0.10253398657415869,0.0724431729945052,0,3
4876,913,153.67989139777154,Online,Grocery,US,7.0,0.27768053399844367,0.23674546840929708,0,3
3168,102,375.30583678071747,ATM,Grocery,TR,20.0,0.23073683779994564,0.4317804705078573,0,3
1020,446,7.7683731243801475,QR,Electronics,US,21.0,0.05997061018115656,0.07205954930711832,0,3
8313,431,281.2886219786372,QR,Travel,US,23.0,0.14964020651728058,0.10586736282970206,0,3
8975,833,811.180031278581,ATM,Food,TR,16.0,0.0760187267342965,0.5877633170789196,0,3
8307,688,19.293995194746273,Online,Grocery,TR,14.0,0.20045373184625975,0.12233941751569764,0,3
5204,956,59.84091972294055,POS,Electronics,FR,18.0,0.22696668458119557,0.053652535033098615,0,3
5801,937,61.25285816851676,Online,Clothing,FR,15.0,0.056359780836199386,0.1575771052577927,0,3
4348,492,7.514940554884785,Online,Electronics,FR,23.0,0.05586351352588739,0.18905618982570427,0,3
5882,78,178.76740421796924,ATM,Grocery,FR,17.0,0.3653678526793731,0.08197913104280308,0,3
6233,270,66.07316975907338,ATM,Food,FR,12.0,0.11958999977390308,0.09326759076479547,0,3
612,766,198.90190513031467,QR,Clothing,UK,14.0,0.5131512851480078,0.32296914487483475,0,3
7672,608,10.480658219440727,POS,Grocery,TR,23.0,0.04653972342641788,0.21464557267386072,0,3
8644,461,372.5472968780642,QR,Electronics,FR,17.0,0.12060482825911076,0.24158099067190317,1,3
5281,678,181.16691887028588,ATM,Grocery,US,20.0,0.046828144467958174,0.13451566680545368,0,3
356,636,0.0,ATM,Electronics,US,6.0,0.11451497711222122,0.07781254000157384,0,3
1206,633,209.97843628534199,Online,Electronics,TR,8.0,0.2605250094990819,0.5145574370078463,0,3
7006,742,419.7709286018989,QR,Travel,US,6.0,0.09640513321149702,0.2285765058405628,0,3
2584,581,24.04816874263799,ATM,Clothing,FR,17.0,0.03436174793531118,0.09179485359326224,0,3
5719,925,57.95913372976315,POS,Travel,US,17.0,0.07880666861312645,0.10600011200447279,0,3
2802,865,36.96693886226027,POS,Travel,DE,16.0,0.03273477913171013,0.15518038570204765,0,3
7123,9,281.19130996293165,QR,Clothing,UK,13.0,0.15360324111748494,0.4030852217662104,0,3
9395,167,124.92979800153708,POS,Electronics,US,21.0,0.04306383696240902,0.11291553289494154,0,3
1001,736,4.540553022973161,QR,Electronics,UK,22.0,0.08607687764855612,0.04470955963754575,0,3
8599,186,1.1104395215272889,Online,Food,TR,12.0,0.10195836581069682,0.12136009874746623,0,3
7435,779,147.97167545535598,ATM,Grocery,UK,9.0,0.319006389929895,0.06516442127718801,0,3
8272,700,32.37166424159163,Online,Clothing,TR,19.0,0.14104554855770765,0.14724306709584703,0,3
5654,68,299.7194814844825,QR,Grocery,DE,21.0,0.511344130317337,0.36841006245588814,1,3
4794,583,23.80720048205762,Online,Grocery,UK,10.0,0.0789083593194085,0.11240606952961764,0,3
3527,57,272.89894662255654,QR,Clothing,TR,12.0,0.09986043229399909,0.21086600197696506,1,3
1039,993,67.86044376497667,QR,Clothing,DE,15.0,0.251334220729149,0.21003036312466766,1,3
3740,382,9.287963604999337,POS,Grocery,TR,13.0,0.1098935965831841,0.19737267631526587,0,3
1139,278,43.80589115909196,ATM,Travel,UK,22.0,0.11983152293891361,0.02697716015910799,0,3
8436,520,94.48932440907635,Online,Travel,FR,22.0,0.07514319458328972,0.05937314299404784,0,3
8008,392,166.93689578821488,Online,Electronics,FR,19.0,0.46355471790856057,0.4293833507468714,0,3
5747,950,82.50624824682427,POS,Clothing,US,16.0,0.04983775911721246,0.024099125557533865,1,3
5514,253,67.36859279789627,Online,Electronics,UK,16.0,0.2339775070654098,0.12101272176376539,0,3
8534,402,0.0,QR,Food,US,13.0,0.2063751800152431,0.1466428541996564,0,3
6853,616,66.8584129104284,QR,Grocery,DE,9.0,0.276887517802759,0.2845150304933371,0,3
3445,200,24.853966317719824,QR,Travel,FR,16.0,0.15292172973048243,0.05314460769931345,0,3
4116,921,509.3444104710162,ATM,Grocery,US,7.0,0.4010144920725626,0.18936305691134753,0,3
2398,558,1036.4534112997708,ATM,Travel,FR,16.0,0.1531533778146296,0.28767834965853933,0,3
4981,230,95.53064230559151,Online,Clothing,DE,13.0,0.13214508947536632,0.38953344371877674,0,3
3046,702,205.24184919386693,POS,Food,DE,21.0,0.06535232991561979,0.06435664297335521,0,3
741,733,6.729123626741914,POS,Grocery,UK,14.0,0.03935776280889933,0.035433411031191075,0,3
320,724,72.04865156782533,QR,Clothing,TR,23.0,0.42904337146119453,0.3985115629076691,0,3
8242,15,3.2344217997301237,QR,Clothing,FR,22.0,0.06315445550516195,0.2595236074499065,0,3
7576,204,38.59775121101585,ATM,Electronics,DE,14.0,0.28478581779095546,0.20929748106501353,0,3
3509,843,77.43740173308848,Online,Grocery,US,18.0,0.36222280724809836,0.10570667525875771,0,3
4069,515,728.5402757003275,QR,Clothing,UK,16.0,0.3488141705413562,0.3775087117796806,0,3
3351,348,56.51472511181892,POS,Grocery,US,14.0,0.10472863159318044,0.06265651188074259,0,3
1156,814,364.7833247686467,ATM,Clothing,DE,21.0,0.11969645560991346,0.07929136656412189,0,3
5673,612,199.09349541161254,POS,Electronics,DE,19.0,0.44210208008906005,0.17197673928371784,0,3
6506,107,32.70960840827558,Online,Grocery,US,15.0,0.4330302994536729,0.24256816888285707,0,3
998,302,13.545325191503828,POS,Grocery,UK,21.0,0.22401154361918307,0.06776116291764799,0,3
3704,363,688.4279784388351,POS,Electronics,FR,22.0,0.08893505796944498,0.09409712384945157,0,3
4623,845,22.561622954424827,ATM,Clothing,DE,21.0,0.09380094941530043,0.07504696436282329,0,3
4461,542,30.061080834006674,POS,Clothing,FR,20.0,0.07262613502718407,0.08554733729825553,0,3
9744,415,22.354124269326064,POS,Food,UK,21.0,0.26770099097436034,0.06712178875734913,0,3
2243,540,254.1726614467315,ATM,Food,TR,15.0,0.05003638251158311,0.406481225856541,0,3
1622,849,18.46799774431345,POS,Travel,UK,17.0,0.044536696628346,0.13350002471568584,0,3
6819,267,4.618762463926803,Online,Clothing,UK,19.0,0.35077663915681173,0.15881602227625538,0,3
6139,181,92.72545638554413,POS,Clothing,DE,17.0,0.11587726855801801,0.40775101889483706,0,3
7619,993,6.849634100389373,QR,Electronics,FR,8.0,0.06245044272795446,0.39003851710553417,0,3
4354,557,85.0852528388867,QR,Grocery,DE,8.0,0.07101070026816661,0.08095985484576365,0,3
887,982,52.92663201535166,QR,Food,FR,8.0,0.09423092187619315,0.08645565517971569,0,3
3137,288,141.70358423346707,POS,Travel,US,15.0,0.3700017325552221,0.20303378888450155,0,3
8721,879,387.75604537935067,Online,Electronics,US,8.0,0.2923838551091108,0.04846508267691388,0,3
1787,236,49.54858254847082,QR,Electronics,DE,10.0,0.14317437272941744,0.3021186982334013,0,3
6940,647,519.3342844863903,POS,Electronics,TR,21.0,0.28153931999261533,0.8125569412271185,1,3
3975,731,415.00727339773374,QR,Clothing,TR,23.0,0.24015454957825377,0.13757882499231627,0,3
5544,689,774.1534125709677,Online,Electronics,DE,12.0,0.8942641682574883,0.6536957073122425,1,3
8050,673,100.99683630879079,POS,Grocery,UK,10.0,0.13775715537227573,0.044084699564663495,0,3
3552,208,24.83607825111354,Online,Travel,DE,18.0,0.08614986853071864,0.1950464169956857,0,3
3939,819,43.11540584603999,QR,Electronics,US,19.0,0.07977774322968975,0.278420814801857,0,3
2503,111,663.4644022591078,POS,Food,US,19.0,0.10877174105368337,0.19186146334901444,0,3
5431,248,198.55246132979818,QR,Clothing,FR,22.0,0.17993801078681046,0.15275018851691682,0,3
5291,501,49.18800019340293,ATM,Grocery,UK,22.0,0.03889337975091672,0.12914684614787347,0,3
2354,551,14.925858964821241,ATM,Grocery,UK,15.0,0.0453593245753646,0.1373925360024468,0,3
4855,240,0.0,ATM,Clothing,FR,13.0,0.025429985073396697,0.03781208498538174,0,3
4893,798,18.010312340316318,POS,Electronics,UK,18.0,0.10255003242099325,0.027743290936885337,0,3
6785,176,78.72935837818287,Online,Travel,TR,15.0,0.382142385702081,0.04164539271227173,0,3
6478,876,54.68335201069341,QR,Grocery,TR,19.0,0.3255455583955713,0.3332765520960553,0,3
6390,494,142.788987753741,QR,Electronics,FR,12.0,0.039656362660350636,0.09039819905323736,0,3
9503,189,223.62445546216014,POS,Grocery,FR,15.0,0.1042596571161801,0.33292444470817606,0,3
1099,660,27.379765203933257,QR,Travel,FR,18.0,0.17163199542520993,0.7728785293370298,0,3
4670,863,15.336768286234998,ATM,Travel,FR,14.0,0.12910344679572533,0.027011372402583136,0,3
7348,195,190.8160905071079,Online,Travel,UK,12.0,0.050046276554715066,0.1970383384644496,0,3
8234,525,11.599281223388425,QR,Food,FR,20.0,0.10712864002795307,0.15926429057684555,0,3
4991,95,34.718782642411085,QR,Clothing,US,22.0,1.0,0.168159484299777,0,3
8390,564,48.24620781756916,QR,Grocery,TR,12.0,0.05019706809900583,0.20078716043289618,0,3
260,496,4.80408021705847,Online,Clothing,DE,6.0,0.06793595281367475,0.2380375999600997,0,3
8652,569,127.21474103208692,POS,Food,US,20.0,0.19264858819510824,0.08007660841426,0,3
6640,660,85.62899480697908,ATM,Travel,TR,21.0,0.16158505900551368,0.2298632148677174,0,3
9636,438,61.32570250510546,QR,Travel,US,16.0,0.05546615495055243,0.2759079939222578,0,3
4883,494,85.57173379983838,QR,Electronics,US,8.0,0.049437584997302525,0.03485571335465458,0,3
9110,690,7.274533847890798,ATM,Clothing,UK,23.0,0.06010132746918057,0.08211330898452752,0,3
3477,458,170.50815539072025,POS,Clothing,DE,9.0,0.030477211339036855,0.04726180348012142,0,3
3575,207,7.32403547386078,QR,Electronics,US,13.0,0.049047048976294985,0.05582293746801868,0,3
5850,972,268.89653336875716,POS,Grocery,DE,22.0,0.23447449163924056,0.15182058082127303,0,3
1562,939,911.3883473665941,QR,Clothing,DE,20.0,0.3227768200192827,0.4478835593846676,0,3
5358,2,24.573520305921978,ATM,Grocery,UK,16.0,0.06056337438173827,0.20510028260725524,0,3
5234,940,70.26872429487979,QR,Electronics,UK,11.0,0.18539458750798346,0.09184605609054382,0,3
9603,825,199.5934031655083,Online,Travel,FR,17.0,0.32299921968806605,0.4749227630002312,0,3
6492,489,164.0631215347201,POS,Food,US,16.0,0.19279305882908374,0.050489947358947115,0,3
2984,896,103.30188160509762,Online,Electronics,DE,23.0,0.22474621409568576,0.5124950280326386,0,3
9702,667,33.49259428654721,POS,Travel,FR,21.0,0.23035255848266192,0.2339307435979896,0,3
1509,630,65.66656387418848,POS,Electronics,UK,10.0,0.11292756344418939,0.13337021539873412,0,3
1548,605,177.4916733595027,ATM,Food,US,14.0,0.07825173826693711,0.1493452782970719,0,3
4852,377,186.54907232581917,ATM,Electronics,FR,12.0,0.20176912064478797,0.031039404776329986,0,3
9907,860,8.413550206043093,Online,Travel,UK,16.0,0.18332588807180195,0.2634863433591638,0,3
2531,353,374.0451028175859,QR,Food,FR,11.0,0.37507448431907753,0.23170623702989124,0,3
1982,205,111.51059231834964,POS,Clothing,FR,11.0,0.4261927028288009,0.6538189387746558,0,3
8741,365,152.118883314558,QR,Grocery,NG,23.0,0.15315933594011405,0.37664084571970363,0,3
1181,232,9.094408397504104,POS,Grocery,UK,15.0,0.13583622375963164,0.06562271041070114,0,3
5118,147,234.5283495766367,ATM,Travel,US,15.0,0.4381064246883357,0.20368958692896663,0,3
1678,446,92.25792074333039,ATM,Food,TR,9.0,0.060419368905579945,0.20605760553829322,0,3
2199,526,94.62453614076774,ATM,Clothing,US,21.0,0.22036042608956444,0.05750827591995019,0,3
2885,435,5.6376140699293815,POS,Grocery,TR,7.0,0.05358848279390343,0.14578261779257842,0,3
3064,194,11.661690950137155,POS,Travel,DE,1.0,0.3459146660775935,0.1331867936894589,0,3
6040,164,71.10142655359331,POS,Travel,DE,6.0,0.2921607722613749,0.04739333456763459,0,3
1153,686,101.50838955287675,POS,Electronics,UK,19.0,0.3196219140682215,0.12187400663235967,0,3
8703,189,214.2498475425354,QR,Electronics,FR,20.0,0.42237913991340964,0.7609428368877353,0,3
244,255,25.843461022387793,POS,Food,FR,18.0,0.25873135948831766,0.09950747952138159,0,3
5508,470,174.61809979436055,ATM,Clothing,FR,23.0,0.1883179962140917,0.11776370887165426,0,3
6339,887,370.64935360970946,POS,Clothing,TR,12.0,0.1275215561842197,0.030763222185506624,0,3
9087,160,238.2599071960789,POS,Grocery,US,8.0,0.490035138963512,0.4685442710103117,1,3
6593,172,12.133659087221002,Online,Grocery,DE,18.0,0.19878553230168433,0.06335304825268251,0,3
5292,600,568.732200982354,QR,Electronics,FR,16.0,0.34023838916499344,0.4081650217531622,1,3
7247,611,90.69356512799628,Online,Travel,US,6.0,0.1867290399081464,0.603858998123102,0,3
7771,784,62.162985867534296,ATM,Travel,TR,19.0,0.07846260034257599,0.10973478395172992,0,3
4257,725,95.81809687870285,Online,Food,DE,18.0,0.05355415503550791,0.05604542337811856,0,3
3961,592,44.82679461715564,POS,Grocery,TR,23.0,0.04350304845639044,0.19698143559540351,0,3
7895,381,65.91885342347744,QR,Grocery,TR,16.0,0.7596522478202601,0.37397107825420256,0,3
2767,741,21.41766294375919,ATM,Travel,UK,21.0,0.16584874048998272,0.41734278228111055,0,3
7564,452,176.98981980564338,POS,Food,TR,11.0,0.07575104957900253,0.06794112359403508,0,3
742,607,282.8310842676308,POS,Clothing,DE,8.0,0.6590186678134679,0.10879745210088612,0,3
1407,76,28.281701767535385,Online,Electronics,DE,21.0,0.06816960184163845,0.0935260543901971,0,3
552,564,109.24424936735683,POS,Clothing,FR,7.0,0.3791294950986967,0.11141800807902515,0,3
2146,848,49.210334411769594,QR,Travel,TR,20.0,0.05194975007532307,0.11529748763046963,0,3
1743,601,75.0524310936576,Online,Food,US,2.0,0.20124174894954625,0.2223437613782499,0,3
6143,106,301.21093834254975,ATM,Food,FR,22.0,0.2607757869035686,0.19134552780142375,0,3
5224,632,37.446374973539136,QR,Travel,US,18.0,0.18729841543245798,0.04304153166556891,0,3
6331,709,143.50201966869545,QR,Electronics,UK,17.0,0.15774410306430636,0.42781494813459275,0,3
9483,440,447.12459609373957,Online,Electronics,DE,23.0,0.2950243934038645,0.13044854357487445,0,3
4403,705,83.75191003391086,Online,Clothing,US,18.0,0.4398653436101152,0.2715049245915393,0,3
2937,421,319.70853422457606,POS,Clothing,US,16.0,0.08867619126959499,0.4913823695888987,0,3
9331,824,91.2083464066256,QR,Travel,UK,18.0,0.05538524373960711,0.22560653597446473,0,3
7128,453,538.1499077641075,ATM,Clothing,US,22.0,0.43032053798598047,0.7598932663826811,0,3
710,24,380.387104204694,ATM,Food,DE,22.0,0.0902122277304867,0.16332197722178657,0,3
2742,685,34.701621746732485,QR,Clothing,FR,21.0,0.0916782478802132,0.26408536320750164,0,3
6153,9,194.4296076318835,ATM,Clothing,UK,7.0,0.3592129413875589,0.10317530458262088,0,3
828,694,484.65602389067885,Online,Food,TR,19.0,0.39747023067497955,0.29345848797698243,0,3
9457,43,28.295668024781783,Online,Grocery,UK,17.0,0.05295620294775301,0.11402697405004586,0,3
5788,139,87.79729304965377,POS,Travel,US,19.0,0.14317173605837616,0.2370866211019119,0,3
1583,529,59.50468263119235,POS,Clothing,US,4.0,0.06258846045843491,0.29156077241359685,0,3
8823,943,84.53237890978963,POS,Electronics,TR,19.0,0.07240449795460097,0.20045968812912482,0,3
3327,658,123.10961547586768,QR,Food,US,15.0,0.25224560284515674,0.15261480423796045,0,3
3137,68,10.487110999755844,POS,Electronics,FR,19.0,0.05952044257863238,0.3071313488221092,0,3
6803,362,7.3088439499952305,POS,Grocery,US,18.0,0.14340674498717818,0.31067962458753756,0,3
3245,878,819.3114709114025,QR,Clothing,FR,15.0,0.050081912521161176,0.1351341099052994,0,3
7257,493,25.26497534540465,POS,Grocery,DE,21.0,0.11253779940177913,0.17898249138797076,0,3
8335,537,44.37793330197407,POS,Travel,FR,23.0,0.40684929739149617,0.060299931309321014,0,3
7238,801,4.311566483813991,POS,Electronics,FR,23.0,0.19882941438276144,0.1634098103736003,0,3
22,167,61.17953925249765,Online,Food,UK,21.0,0.4273755958915694,0.05126754484615362,0,3
1312,414,6.9089522258378775,Online,Grocery,TR,8.0,0.06856004567379738,0.09653980055414815,0,3
1019,499,83.02751640984285,QR,Clothing,US,5.0,0.38518931686199204,0.1364753512855397,0,3
4009,280,31.78068289997516,ATM,Travel,UK,19.0,0.040574714866213876,0.039449816542909424,0,3
78,228,434.9577967573515,Online,Clothing,US,1.0,0.03703572731118776,0.21661870731836325,0,3
8684,23,19.689810275305643,ATM,Travel,DE,22.0,0.10051862010131196,0.1443105363306234,0,3
2687,623,164.74076903581252,ATM,Grocery,DE,21.0,0.31515552065616137,0.6451719236777925,0,3
9138,994,28.574424084513957,Online,Travel,FR,11.0,0.03599900986949584,0.1107490387233501,0,3
190,699,562.6629703880321,POS,Grocery,US,16.0,1.0,0.6750343257009369,0,3
5342,566,132.98263654644953,Online,Electronics,UK,14.0,0.44439252626069015,0.4858259772995612,0,3
161,578,128.88605297702978,Online,Food,DE,19.0,0.23035606631097047,0.19487910184952936,0,3
6866,133,100.68977497758975,Online,Clothing,DE,4.0,0.34168284336697224,0.20001102369193663,0,3
5442,508,13.373765393477372,POS,Food,DE,22.0,0.34723974848215444,0.6558055651465095,0,3
6384,92,14.866516403306951,ATM,Electronics,TR,15.0,0.03276017530082262,0.09071964502976469,0,3
1838,440,7.969635267501408,ATM,Travel,UK,21.0,0.16385966713097577,0.039478555540008294,0,3
5923,857,220.95979090669778,ATM,Food,TR,8.0,0.19063061465618142,0.07317438802624696,0,3
8594,622,145.68156447727503,Online,Clothing,UK,11.0,0.09355686805755765,0.22750198861586132,0,3
5193,383,23.475826620236333,Online,Travel,DE,11.0,0.09616989154763836,0.02847162556389282,0,3
3650,753,223.60597174144326,POS,Travel,TR,23.0,0.11962578260673531,0.07724345246545039,0,3
4390,697,87.79491542317021,QR,Food,US,14.0,0.2866160570100766,0.29312771373744406,0,3
5180,106,27.288581832780114,QR,Electronics,UK,2.0,0.2514321541488955,0.21186312145577252,0,3
5709,573,238.854824818441,ATM,Travel,DE,10.0,0.038072747216423466,0.12071115004098401,0,3
948,536,557.7411469380337,QR,Grocery,TR,13.0,0.1179558731292572,0.12646297906161386,0,3
1401,894,0.0,POS,Food,US,15.0,0.06225234921699793,0.04977136822484543,0,3
6402,798,151.95873733505817,QR,Electronics,UK,8.0,0.05210377026431691,0.06817795602588393,1,3
6030,776,161.82956120457652,ATM,Clothing,US,14.0,0.3400204648512719,0.1362492587641298,0,3
32,744,322.5755582162917,POS,Food,UK,19.0,0.43881217160724106,0.1853525459482685,0,3
8312,594,31.20594597187831,POS,Travel,TR,23.0,0.038496263983187104,0.036656924750086306,0,3
4231,454,1.1285671009960978,POS,Clothing,DE,17.0,0.28617453354116207,0.37080768174865886,0,3
2178,924,516.0132149458947,ATM,Food,FR,4.0,0.3577086140742455,0.1301388460523899,0,3
2407,508,18.398242554877545,Online,Grocery,US,7.0,0.22900646546201953,0.2241640870238712,0,3
9368,576,17.729872755047854,POS,Electronics,FR,13.0,0.10946842629354372,0.4215171539038175,0,3
7166,435,204.6056958917366,ATM,Electronics,UK,22.0,0.30175946517221613,0.1606400911198432,0,3
7415,808,59.895386021157876,POS,Travel,FR,13.0,0.06396139903878059,0.03848429000781835,0,3
340,547,3.598208141911421,POS,Food,TR,17.0,0.0986034619181344,0.10073426688834879,0,3
9732,87,167.78663548068894,QR,Food,UK,10.0,0.1307331510415734,0.3714577065515282,0,3
2436,595,103.5298063881844,POS,Clothing,US,19.0,0.07399461740923378,0.10746653095976752,0,3
3655,479,10.29853778147923,Online,Clothing,FR,14.0,0.3425729082335931,0.15835116153490766,0,3
6433,784,42.493730461161874,POS,Electronics,FR,23.0,0.166675349948202,0.24908842375565152,0,3
4129,505,361.7125538553233,ATM,Food,UK,13.0,0.3604029365095355,0.44433175802479585,0,3
9659,622,45.613944597037936,ATM,Clothing,DE,4.0,0.1390317508740552,0.5364397843414134,0,3
9053,568,17.453617596783577,POS,Travel,TR,11.0,0.17279843363521533,0.292254697351827,1,3
7333,10,144.41944325531918,ATM,Clothing,TR,15.0,0.06803016663853588,0.19875934971586492,0,3
8773,781,72.78704333374694,ATM,Travel,FR,22.0,0.3091007165635494,0.1454977086268853,1,3
4451,942,93.83135692510889,QR,Grocery,US,13.0,0.18632311697846898,0.06991149865316808,0,3
7371,341,47.15070130911,Online,Electronics,DE,6.0,0.12108560085762574,0.05925614404237978,0,3
9508,759,0.0,Online,Travel,US,12.0,0.07665564660788225,0.16137746543295528,0,3
670,216,83.62018379631124,ATM,Grocery,DE,21.0,0.16096522248296993,0.0870244004641839,0,3
7064,458,4.6216703704539785,Online,Clothing,TR,23.0,0.06865869595953612,0.2128435683072049,0,3
9052,314,836.9481968153324,POS,Travel,TR,15.0,0.4486030263907932,0.5409383541735069,0,3
8143,537,51.12913691452863,POS,Clothing,DE,13.0,0.05161566496054331,0.2432843296233286,0,3
32,397,231.6894477509394,QR,Food,DE,20.0,0.11257305602395144,0.19647169980920157,0,3
9887,716,475.0343899000493,Online,Grocery,UK,5.0,0.06936646243081379,0.5831600516647604,0,3
5135,323,196.74761840848586,POS,Travel,TR,22.0,0.12722358725702132,0.30723946776191535,0,3
6209,758,256.991037214082,POS,Grocery,US,7.0,0.11468151443092482,0.1257226512589789,0,3
5077,569,116.115440237696,POS,Travel,FR,11.0,0.22494837255630376,0.09389870987887047,0,3
8002,206,262.5025371878646,Online,Food,NG,19.0,0.15539275290237364,0.10816634285911879,0,3
5321,38,233.6775744823357,POS,Food,UK,20.0,0.10185399596974268,0.09072930943725362,0,3
698,867,217.35640150509423,ATM,Travel,US,6.0,0.8312489647455134,0.4461667885905208,0,3
1000,500,10.795301177512151,Online,Electronics,DE,23.0,0.15385441322459298,0.11211175514617626,0,3
3161,811,58.89033722546522,QR,Travel,US,10.0,0.05041561140346183,0.04239613308749787,0,3
6658,497,180.52043947446393,Online,Food,FR,12.0,0.09050087532498646,0.3277822863184478,0,3
1931,153,332.0289053187809,Online,Clothing,TR,21.0,0.10462182062583394,0.15871872440471346,0,3
5121,421,365.17469619621073,Online,Grocery,US,8.0,0.5083694382055659,0.3901708375811995,0,3
559,533,20.74228571169646,QR,Grocery,US,16.0,0.028272492596771448,0.042190712452516085,0,3
1012,167,16.7792190726333,QR,Food,TR,23.0,0.13659537751610878,0.04399746589521271,0,3
3294,244,239.70162449873783,Online,Food,UK,3.0,0.34829861076318425,0.17339613970891574,0,3
2874,27,762.7417525862232,POS,Grocery,TR,4.0,0.25869236657057537,0.05766978839563244,0,3
9995,316,593.2358700963644,ATM,Clothing,TR,8.0,0.08780596820682651,0.091433125354073,0,3
2974,787,102.05583030902125,ATM,Clothing,UK,7.0,0.1884974943570301,0.2860546859763728,0,3
9102,459,484.95742681668855,Online,Grocery,US,20.0,0.046274675792006684,0.040744906630792985,0,3
4151,312,0.0,POS,Clothing,US,21.0,0.08944495777179606,0.4072653542861448,0,3
2373,698,380.08734775120524,POS,Food,TR,5.0,0.046951841662312366,0.05181661082655875,0,3
4750,74,16.041711291070833,POS,Travel,US,19.0,0.043591067350194454,0.4496052558556184,0,3
1062,374,3.3483119553580645,Online,Food,UK,17.0,0.15275124597369855,0.21452468924708293,0,3
6756,115,5.940297974002818,QR,Grocery,US,10.0,0.1128247677498731,0.18370005211253948,0,3
7578,476,222.19960904014994,Online,Electronics,UK,14.0,0.15868608460325892,0.2624633897538494,0,3
2283,9,52.572718028226085,Online,Electronics,TR,22.0,0.2705012897268505,0.11443172892408188,0,3
4711,229,21.51196911146338,QR,Food,FR,8.0,0.26268026222511087,0.08800343413938103,0,3
9426,365,0.0,POS,Grocery,US,11.0,0.036978039148156464,0.07159886326101159,0,3
1325,661,168.8999996146278,QR,Clothing,US,19.0,0.08726878979762909,0.32995051611619164,0,3
2555,648,0.0,Online,Clothing,TR,16.0,0.12189946934096627,0.06859701256140269,0,3
8484,272,4.044640635481963,Online,Clothing,TR,11.0,0.49039258166993205,0.2724172182224947,0,3
1130,526,134.58507856502482,Online,Electronics,US,19.0,0.14016097760096308,0.18748670755910382,0,3
7431,909,321.7294223803569,QR,Food,TR,9.0,0.1407137485190495,0.15848499128042953,0,3
888,950,45.534965774112166,Online,Grocery,US,23.0,0.2159226039103741,0.2180537154662764,0,3
201,936,94.47185042029771,POS,Electronics,DE,12.0,0.24446541710073896,0.05020570268108711,0,3
5565,122,364.5621712943678,QR,Travel,FR,12.0,0.33612625722864786,0.03177027170879884,0,3
9399,161,21.030421259693522,ATM,Food,US,16.0,0.4777255643643683,0.20513706636761364,0,3
6982,473,79.22780688372586,Online,Clothing,FR,19.0,0.3928014668511164,0.1021455486273542,0,3
3247,680,211.95409717409947,ATM,Clothing,UK,22.0,0.7758334060991228,0.16821350448868613,0,3
4106,324,129.59604646991158,QR,Travel,UK,6.0,0.390476733551312,0.25092048820663154,0,3
9952,519,1.4177012852731512,QR,Grocery,US,18.0,0.13343271600944112,0.033053287468641855,0,3
2568,656,0.0,ATM,Electronics,US,21.0,0.1305390012419588,0.170017007186318,0,3
1179,586,758.7256640381041,QR,Clothing,UK,6.0,0.12796446742383627,0.07140652160384126,0,3
5390,917,639.8175702667426,ATM,Travel,TR,15.0,0.1606188905630765,0.11909811564621277,0,3
5565,368,138.53458134199397,POS,Grocery,US,23.0,0.5230641637394516,0.15248416384284472,0,3
3178,230,282.7587854539872,POS,Grocery,FR,22.0,0.14151645679169592,0.0819441851135928,0,3
4307,324,280.9532611425538,POS,Grocery,FR,18.0,0.4277434191189855,0.2690548305162595,0,3
3314,924,176.71497462280834,Online,Travel,UK,12.0,0.3330280017287329,0.16539004071520885,0,3
8842,314,161.89739289198363,QR,Electronics,UK,15.0,0.2749350857077785,0.10557227138973833,0,3
9029,827,21.361650222885164,Online,Travel,UK,16.0,0.08405994912487297,0.3181099972831438,0,3
3169,414,284.79043596943234,QR,Electronics,TR,12.0,0.3524354068858804,0.14505168608056995,0,3
2263,70,222.6808340947048,ATM,Grocery,DE,13.0,0.1542338246128141,0.28102621568209557,0,3
7169,485,0.0,QR,Food,FR,22.0,0.24017956192823567,0.39905781213553,0,3
6847,810,126.36041486711596,POS,Travel,US,18.0,0.19561141706913662,0.16521647014043842,0,3
9132,366,47.568581213219424,POS,Grocery,DE,18.0,0.0798903928507953,0.11044340225818773,0,3
5431,43,50.30978328551671,POS,Grocery,DE,14.0,0.11191778161982537,0.07030591456854118,0,3
7304,836,12.856634740863825,QR,Travel,US,21.0,0.0590372511681507,0.090461767089025,0,3
7517,7,4.179548465256849,QR,Grocery,TR,19.0,0.09994589677408644,0.32178438987884583,0,3
199,919,34.2095642361108,QR,Electronics,US,17.0,0.11704810588680377,0.4497229105238669,0,3
4392,106,17.18257355217481,POS,Grocery,TR,22.0,0.2707748942526879,0.03564436321852575,0,3
9493,955,71.06468140179612,ATM,Electronics,TR,18.0,0.0332983099642281,0.24171689198927676,0,3
7595,402,102.38744489370634,QR,Clothing,US,5.0,0.10181118295956149,0.2157490148950022,0,3
785,444,245.1960832690617,Online,Grocery,UK,23.0,0.129580304168743,0.13077841747437996,0,3
7430,991,1298.5266472679614,ATM,Food,UK,11.0,0.28761063530742187,0.4000230517851211,0,3
8027,364,160.06701154938952,QR,Grocery,DE,13.0,0.4766494051633506,0.16302614649147218,0,3
2738,140,58.414584586824546,Online,Grocery,DE,16.0,0.060254199109448535,0.3472806114161783,0,3
5275,600,805.3814096131333,Online,Travel,TR,12.0,0.14282498758117446,0.18002274558655612,0,3
3371,289,59.25647447789359,Online,Electronics,TR,8.0,0.03137980889999618,0.301162368616809,0,3
9874,829,194.87151089963146,QR,Food,US,22.0,0.1269102292595956,0.08490971261569219,0,3
150,539,330.3196637620196,ATM,Electronics,TR,16.0,0.10816657948466021,0.025872905333247206,0,3
2241,704,35.65114260643155,ATM,Clothing,UK,9.0,0.1279408252085982,0.472588734075726,0,3
1549,729,155.11419169637242,ATM,Grocery,UK,11.0,0.059121671502120166,0.033165567364162776,0,3
1294,559,56.54445439907809,ATM,Grocery,UK,20.0,0.07681055554097511,0.08449218548615658,0,3
2984,853,18.90032745993495,POS,Grocery,FR,18.0,0.12900912266026832,0.11246907674528896,0,3
5749,800,60.58268304068854,ATM,Food,UK,6.0,0.3408790407304013,0.37428727042779925,0,3
1964,875,114.79385441041255,QR,Electronics,UK,22.0,0.10823806238977508,0.05997217068326603,0,3
8898,138,13.22113982670868,ATM,Electronics,UK,10.0,0.28470719299302405,0.39141096506404405,0,3
9908,753,22.93520568058291,QR,Travel,TR,15.0,0.44001195782335356,0.20050333034407114,0,3
4665,56,266.157596990866,ATM,Clothing,FR,16.0,0.19895257732321653,0.08805400382020863,0,3
9044,982,99.00487878292016,ATM,Grocery,UK,16.0,0.19866746831728233,0.3425453486246361,0,3
6879,533,112.54028855857804,ATM,Travel,DE,21.0,0.28193406507622176,0.09167158557284348,0,3
4720,483,100.14198683046519,Online,Travel,DE,20.0,0.09140172103592228,0.2037687139617262,0,3
706,748,236.41104181254508,QR,Food,FR,22.0,0.1605098637361574,0.051371027179798696,0,3
4705,20,92.23237522628875,ATM,Clothing,DE,21.0,0.15286848745757775,0.42025328113205657,0,3
6484,838,37.083113528864374,QR,Electronics,FR,18.0,0.2241896553847408,0.03585752523595176,0,3
1318,329,78.78579464366526,Online,Travel,FR,18.0,0.11780168211367709,0.43160951136829007,0,3
8061,124,173.77519544252678,ATM,Travel,FR,15.0,0.6828801358344,0.2227097233982438,0,3
5501,345,35.65611622756126,Online,Electronics,DE,16.0,0.17757655170616887,0.4915047747826135,0,3
8631,942,387.6367317318096,QR,Food,US,17.0,0.3192827097685919,0.37508473402396836,0,3
548,138,104.90596188414456,POS,Food,UK,13.0,0.6656210353877294,0.8991639378933274,0,3
3793,367,67.47047659300901,POS,Travel,US,21.0,0.2206219437365221,0.042959693098489224,0,3
7000,303,2.3829584232649097,POS,Electronics,TR,23.0,0.10629866092161733,0.08402575030562941,0,3
6421,560,26.312567416600473,ATM,Travel,UK,12.0,0.4256542557728058,0.8868519334304076,0,3
2453,496,618.9455681350968,QR,Grocery,US,7.0,0.17762062809573734,0.11710597566564061,0,3
2049,970,17.182908923676475,Online,Grocery,FR,21.0,0.03900647921580837,0.08540113439503784,0,3
1848,748,178.73240503662518,POS,Travel,US,22.0,0.0921950451200422,0.09740590071673214,0,3
8551,654,81.06555569512497,POS,Grocery,FR,21.0,0.20323300072484313,0.23821295402094886,0,3
5647,65,58.819773639125124,POS,Travel,UK,16.0,0.11305857103390542,0.1789926632373843,0,3
3798,990,330.9392200340621,POS,Clothing,DE,17.0,0.17911797511980196,0.13023707056995903,0,3
9860,216,145.8813552770003,QR,Travel,UK,21.0,0.10329806039298974,0.13171378429406927,0,3
7223,411,47.55117859703057,Online,Travel,DE,23.0,0.13095014400913557,0.28462205623021136,0,3
8882,105,45.40525374927173,POS,Clothing,UK,15.0,0.26194518090195906,0.25476065564793476,0,3
800,397,171.41816060038934,QR,Electronics,US,19.0,0.16531292783046087,0.10268158459732403,0,3
2265,607,480.8926498557864,Online,Food,TR,11.0,0.2524090277385608,0.27470634918892256,0,3
4,158,231.03047483160142,POS,Electronics,UK,18.0,0.2689142394106829,0.5568562347793001,0,3
9142,909,0.0,QR,Clothing,US,19.0,0.16991701550816724,0.04636122011826342,0,3
2741,508,327.5600827967657,Online,Travel,UK,18.0,0.4104212826801239,0.18883440596909282,1,3
7856,897,13.489890312801059,POS,Electronics,UK,5.0,0.048195454191967045,0.07384338837243351,0,3
7434,750,522.2485786803725,QR,Food,FR,17.0,0.31030392759761594,0.11710924116871817,0,3
1636,270,72.8001441875709,Online,Clothing,TR,3.0,0.12978918946363033,0.07964961946530125,0,3
8695,379,198.9394440897156,POS,Clothing,UK,5.0,0.29823089859465773,0.18289489973447082,0,3
310,810,337.517780211358,Online,Travel,FR,18.0,0.27646606227444315,0.16839895195745055,0,3
5773,556,17.915005897700244,POS,Travel,UK,15.0,0.48472157276221245,0.20972414854962448,0,3
1445,102,6.577965083704067,Online,Electronics,DE,13.0,0.0605943033823627,0.17447424551694043,0,3
5409,753,49.86195601284691,ATM,Travel,TR,17.0,0.1443442950502812,0.052672831489217864,0,3
260,399,434.5735588953679,POS,Electronics,US,4.0,0.031513372390091735,0.10581802478667904,0,3
6116,840,12.794227970895705,QR,Travel,UK,21.0,0.09262990721063144,0.05238442783347548,0,3
8055,918,86.03778953365925,Online,Travel,US,19.0,0.03350356945554385,0.08016172462478897,0,3
5519,854,77.56682176281507,ATM,Food,FR,14.0,0.11043222891862305,0.06807565501670096,0,3
8412,490,27.008766067789303,Online,Electronics,US,23.0,0.23288097426957222,0.13136751131922908,0,3
2136,589,130.92723256200713,ATM,Grocery,US,11.0,0.04963902196438779,0.312291549577623,0,3
6004,758,206.38910398165112,ATM,Clothing,DE,19.0,0.06899488587958157,0.2110669998141522,0,3
8115,716,218.1348559228925,ATM,Electronics,DE,16.0,0.12738212771432603,0.09058921998275724,0,3
4040,938,219.2343985615697,ATM,Food,UK,13.0,0.11195686498537485,0.26103093037659714,0,3
6213,688,22.879552244676272,Online,Travel,FR,18.0,0.25754962242666113,0.12186059746452282,0,3
9532,944,92.51252374385456,QR,Food,US,15.0,0.13083999543829086,0.2483544817940819,0,3
3575,536,84.66583030349483,POS,Travel,DE,21.0,0.1471986303461925,0.09391846575229441,0,3
6482,83,12.26236117788958,QR,Food,TR,20.0,0.40605009933801833,0.19656226407712415,0,3
2074,737,587.2989733711497,ATM,Grocery,UK,20.0,0.24250003188065303,0.03216608202451113,0,3
7800,834,248.94105267246417,QR,Electronics,FR,18.0,0.255151923090853,0.6598244125821231,0,3
8135,464,635.3891431369806,QR,Travel,US,17.0,0.14356433244106,0.18252690424229104,0,3
954,828,172.79982062546418,Online,Travel,US,17.0,0.29251315748251805,0.3136832668784161,0,3
5942,226,9.417267613381316,ATM,Clothing,UK,21.0,0.18913866177563288,0.10557904316229778,0,3
8982,316,318.62794274332987,QR,Travel,US,5.0,0.2919615051073341,0.16105468544047058,0,3
6186,473,317.80032969453043,QR,Grocery,US,13.0,0.15895411638306023,0.2650944600353909,0,3
7211,919,18.646432779075234,QR,Food,DE,19.0,0.12242885804711592,0.1109261772847703,0,3
7591,491,63.777509504054706,POS,Electronics,NG,22.0,0.06253712588738054,0.20175357443223674,0,3
2590,832,210.3634489707167,ATM,Clothing,TR,14.0,0.05900229155663664,0.3948816051858447,0,3
3285,691,117.58829893200806,ATM,Clothing,US,12.0,0.0949568026987578,0.3041440421233211,0,3
1077,478,945.141017741448,QR,Electronics,FR,17.0,0.26212637504290537,0.1717006966587266,1,3
5148,479,406.84039179699704,ATM,Food,US,7.0,0.2728101747964204,0.7104099795358003,0,3
3743,650,478.29870127781896,QR,Food,TR,10.0,0.07510947729869154,0.22219568126828435,0,3
4726,56,10.980631395056385,ATM,Food,FR,16.0,0.16907886940110056,0.11459570033824827,0,3
2346,809,115.8692610688649,Online,Electronics,TR,23.0,0.18352339223090988,0.2709026877664806,0,3
755,638,120.52665456554563,QR,Food,TR,22.0,0.03387156465013523,0.07065385051985494,0,3
8636,923,63.14132108346284,ATM,Electronics,US,18.0,0.14835336154332782,0.13652921751021857,0,3
6831,758,116.77458051772598,Online,Travel,UK,7.0,0.04466968712202511,0.15446726267899943,0,3
1901,272,324.46892726979723,ATM,Travel,TR,19.0,0.07196686140453307,0.24018167988791345,0,3
528,358,62.212477817227224,Online,Clothing,TR,14.0,0.2694957594699917,0.05346669170398129,0,3
2604,818,274.96088991297836,POS,Clothing,TR,7.0,0.14260864206474352,0.39528971470738394,0,3
660,136,67.72771356334616,ATM,Clothing,TR,5.0,0.17042982889149896,0.12162021053339726,0,3
3729,108,12.869569738057768,QR,Grocery,US,19.0,0.2889627791579623,0.19433389611198074,0,3
7810,649,406.579428901719,ATM,Grocery,DE,19.0,0.6667615892886816,0.77869324063502,0,3
2301,806,22.068533863451123,Online,Food,TR,22.0,0.04582690019002587,0.04558369589376425,0,3
4100,189,88.16944807691753,ATM,Electronics,US,2.0,0.3655892981648818,0.11517803834290802,0,3
5152,28,8.031451913625439,POS,Travel,FR,12.0,0.2875681423036785,0.16739641118208906,0,3
847,442,180.45216044353367,ATM,Food,FR,11.0,0.05049153139280316,0.2248865251425499,0,3
7772,801,21.294762555462796,QR,Clothing,UK,2.0,0.3908110377860595,0.1750826887850641,0,3
7119,312,85.7387939609664,Online,Clothing,DE,15.0,0.11106646261658269,0.16003594419320244,0,3
4649,761,35.68984189948287,Online,Electronics,FR,23.0,0.05552176589155057,0.20918160904398733,0,3
8644,278,280.9754157527287,POS,Travel,US,20.0,0.8973443727838368,0.3210269937686486,0,3
817,951,305.2683164585347,Online,Grocery,UK,10.0,0.21694738002085653,0.22713738501511258,0,3
8875,4,88.83288128021907,QR,Food,FR,3.0,0.151397328449339,0.06534428869663911,0,3
5182,690,48.769017047602425,Online,Electronics,US,8.0,0.17505433050398958,0.09786731274127312,0,3
7104,816,35.125555357953544,Online,Travel,TR,11.0,0.05866478085253862,0.16633429394732344,0,3
220,610,122.34757260286176,Online,Travel,US,21.0,0.4662756783250593,0.39817832062043595,0,3
128,283,49.468933077961346,QR,Electronics,TR,12.0,0.04451693228435273,0.06726785554736396,0,3
5934,383,94.93098731247345,Online,Grocery,FR,18.0,0.07947614632792561,0.047731104256558576,0,3
7222,780,131.23699025734015,ATM,Food,DE,13.0,0.3742904373984631,0.5209928759455117,0,3
9994,259,48.37742188615906,POS,Electronics,TR,7.0,0.10513048516803847,0.2960860784550147,0,3
7298,345,4.624479870060648,POS,Travel,UK,13.0,0.03393298952920107,0.13631652509924588,0,3
9264,190,304.8405229799284,QR,Electronics,FR,1.0,0.05509611532841959,0.14035845915597298,0,3
7874,686,147.3943629727609,ATM,Grocery,UK,15.0,0.1214500493563226,0.1439241099359554,0,3
6026,635,959.7497335288037,Online,Food,DE,8.0,0.16907137388997526,0.40626103583287626,0,3
3688,949,68.34667349606154,ATM,Travel,FR,19.0,0.1241538168433756,0.2937061952180796,0,3
3640,553,204.64233715177454,QR,Food,US,14.0,0.07372838212503063,0.2799182255539219,0,3
8428,219,13.906650800651985,Online,Travel,US,16.0,0.23836815951266396,0.23299016983099743,0,3
620,72,375.0983556903527,QR,Clothing,TR,21.0,0.21153484156235608,0.4680647747435629,0,3
6288,633,136.66148477355065,QR,Travel,UK,14.0,0.17703966684610306,0.18552429250365798,0,3
8343,694,238.5069305878944,ATM,Electronics,TR,14.0,0.24197926752728652,0.2731005695747197,1,3
1336,41,55.714616133514824,ATM,Travel,TR,4.0,0.34619893543667807,0.224275080144712,0,3
896,890,101.25845715426257,ATM,Electronics,TR,22.0,0.10680843158185048,0.16613342384244373,0,3
6976,609,18.343125372799673,QR,Food,UK,12.0,0.2358337472447805,0.12590901200089127,0,3
4921,333,127.95267402579489,Online,Grocery,US,8.0,0.12285429238564054,0.12342085452540548,0,3
2723,359,358.86643996929615,Online,Electronics,FR,6.0,0.23919297865951328,0.36231409124226793,0,3
9374,202,80.93718465302297,POS,Travel,US,11.0,0.09676006023798657,0.07121476636167008,0,3
7542,254,80.0592777064526,Online,Food,TR,16.0,0.045687721335180856,0.12752527102830039,0,3
4014,443,103.61573976243552,ATM,Grocery,TR,10.0,0.030343939780153033,0.06321053466560023,0,3
6158,649,116.13478998083342,ATM,Travel,TR,17.0,0.5956875594253375,0.3940988430313908,0,3
4592,117,264.01331081764056,POS,Electronics,DE,3.0,0.23228469935409857,0.3895333048193862,0,3
3253,490,677.872326078932,QR,Travel,UK,23.0,0.35481865176552213,0.3205787888941326,0,3
3251,246,419.25662549709824,Online,Food,DE,23.0,0.3226055088061889,0.21773024787779138,0,3
2739,860,181.1441818483822,Online,Clothing,FR,21.0,0.2889995419671667,0.6216154246788647,0,3
5856,745,146.29671354337523,POS,Grocery,UK,19.0,0.33786902107077815,0.16066707955177206,0,3
2111,760,26.372615353400388,ATM,Clothing,DE,18.0,0.09094146365546793,0.22657309984799823,0,3
7627,277,455.9677052119298,Online,Grocery,US,10.0,0.585012214717184,0.2870209359198765,1,3
1912,914,39.21300649799604,POS,Clothing,FR,20.0,0.26597179171145663,0.19626324554160024,0,3
6362,438,149.22783338728803,ATM,Food,UK,7.0,0.46225709338363596,0.299642744713008,0,3
5129,799,158.55311057213243,POS,Food,US,1.0,0.22900911503236795,0.336417167203456,0,3
1115,616,321.0106145892124,POS,Travel,TR,5.0,0.612333188846465,0.467873527736547,0,3
329,780,276.16991428536903,QR,Clothing,UK,6.0,0.14316128181523627,0.30666954248633044,0,3
6155,213,0.0,QR,Food,UK,20.0,0.03791447448653114,0.1925091489149719,0,3
6015,976,60.19955351259068,ATM,Travel,TR,21.0,0.12160221609504854,0.26659154158404735,0,3
3543,887,276.5134682565447,POS,Travel,TR,21.0,0.08343410392532495,0.07290782982185015,0,3
8946,403,106.55853827937952,ATM,Electronics,UK,15.0,0.1164948942991211,0.454805640122444,0,3
525,42,50.110396973263946,Online,Grocery,NG,18.0,0.027307228294968275,0.025162601809836115,0,3
6049,784,62.77527029923565,ATM,Electronics,TR,17.0,0.07883713650789388,0.2177029096471926,0,3
6186,97,136.18928925295498,ATM,Food,US,6.0,0.2483650355912177,0.059239938035688965,0,3
4657,202,10.161051437084703,ATM,Clothing,UK,16.0,0.03371217294545567,0.10875397645514286,0,3
7506,431,199.69314300237306,POS,Clothing,DE,19.0,0.40162284154806693,0.2962921661665349,0,3
730,924,53.54067102263645,Online,Travel,UK,18.0,0.07680788462117315,0.13374396615436526,0,3
1733,762,499.08127074003045,Online,Electronics,UK,22.0,0.14090568363671951,0.10087444104713456,0,3
7627,261,262.8848872838379,QR,Clothing,TR,19.0,0.0964781279795619,0.32738966335291214,0,3
4394,67,338.5706697935484,POS,Food,DE,8.0,0.4354974186836478,0.3193677909912217,0,3
1424,14,84.85624815836418,ATM,Grocery,UK,6.0,0.09771364823344884,0.07075665770936213,0,3
7069,425,84.2556686158805,Online,Clothing,US,21.0,0.04704863064083624,0.06108372906998366,0,3
2444,888,125.58253669957828,POS,Electronics,TR,4.0,0.047378430053941066,0.272950871567548,0,3
4601,588,233.30886285607954,POS,Food,DE,12.0,0.2124479773233732,0.1393955220813196,0,3
9067,795,18.432920200846805,ATM,Travel,DE,12.0,0.426188511984102,0.17096320016503952,0,3
8664,911,0.9816524990622408,ATM,Grocery,TR,22.0,0.35469106485482593,0.21987367195939847,0,3
7003,688,43.87577074745954,QR,Clothing,DE,10.0,0.04077228793623806,0.027583590947372595,0,3
9834,970,94.5133999545511,ATM,Food,TR,8.0,0.1347649619861013,0.08852367684108174,0,3
8770,148,79.62668837931588,ATM,Food,FR,21.0,0.051674883959611645,0.10801354055548058,0,3
5631,648,1072.6031331988074,Online,Clothing,UK,18.0,0.5211240902329128,0.706584117323481,0,3
9082,491,46.8974509834124,POS,Travel,DE,15.0,0.15918190841388744,0.09677814041112674,0,3
1926,731,315.655323530061,QR,Electronics,UK,12.0,0.07561383548541364,0.45989717091017934,0,3
4745,827,3.1735381721184295,Online,Clothing,FR,20.0,0.07729083932769128,0.11512514123501297,0,3
8269,86,171.9209352189473,ATM,Food,DE,14.0,0.751788805392268,0.42592001610257607,0,3
5930,222,240.2760722270117,QR,Food,DE,14.0,0.2134101767581951,0.5903343221085326,0,3
5834,797,29.383187550906065,ATM,Electronics,DE,10.0,0.079048009921813,0.11466443694502798,0,3
5097,134,0.0,ATM,Electronics,TR,16.0,0.13257409520737812,0.7050877884673072,0,3
2656,537,128.26680645937313,ATM,Travel,DE,17.0,0.2979333051309882,0.30532606895322795,0,3
9462,966,1084.9776477228527,QR,Travel,US,17.0,0.36522145085763685,0.28218346411169365,0,3
4991,121,35.626734791838565,ATM,Electronics,UK,16.0,0.08237286026873886,0.04876206375963073,0,3
7252,663,56.46877956685514,ATM,Food,US,15.0,0.23848364021633925,0.08588051418353415,0,3
3753,550,147.5925916513847,QR,Travel,FR,15.0,0.05665590306182057,0.05691321389596475,0,3
7436,84,40.18406534756619,ATM,Electronics,UK,14.0,0.21075316675104722,0.061794741736870176,0,3
623,411,114.49442843768962,POS,Grocery,DE,18.0,0.38498380625715556,0.3398017720850551,0,3
2013,81,6.97442808677502,ATM,Travel,US,8.0,0.03253719928485493,0.033479203137468175,0,3
7210,361,49.04167165966423,Online,Travel,FR,12.0,0.14377977223061644,0.34248124800116114,0,3
2507,433,205.87159459836838,ATM,Grocery,TR,15.0,0.2774534762163999,0.1599533732641525,0,3
6516,889,1.7389894785696085,ATM,Electronics,TR,12.0,0.12164366736094542,0.12460251165448483,0,3
8219,164,157.61947161364208,POS,Electronics,US,16.0,0.3393527448265926,0.23156177741824896,0,3
7770,501,79.44642994461543,QR,Electronics,DE,18.0,0.4594815980961507,0.15607226025600635,0,3
1786,550,136.4686105945869,QR,Travel,UK,12.0,0.48169270951363913,0.42827236873679475,0,3
4725,705,69.11755579647104,Online,Clothing,TR,4.0,0.46949967770330675,0.1863914851383816,0,3
5594,798,7.20991890387514,QR,Electronics,UK,11.0,0.13234258524554707,0.12826999085461124,0,3
9226,525,1179.8695539132373,POS,Clothing,TR,13.0,0.07811703974653472,0.09230633995452524,0,3
9648,89,57.94944973351289,POS,Travel,FR,21.0,0.3039373825677023,0.10918713385446269,0,3
7689,919,88.77149400991979,POS,Travel,FR,23.0,0.10060359893290971,0.11893500228045041,0,3
1227,945,74.84553257422193,QR,Travel,US,14.0,0.06291073812311665,0.051344203463146554,0,3
7897,642,18.464820040335006,ATM,Travel,DE,18.0,0.03462582312223181,0.17245789532768124,0,3
4873,248,19.741141945178235,QR,Food,US,2.0,0.1531804844822337,0.16051138271745002,0,3
7219,424,1243.0050080284786,QR,Grocery,TR,16.0,0.5384568698358108,0.13225151129664325,0,3
8885,981,150.93663760352038,QR,Clothing,FR,11.0,0.11202898349820728,0.11866665646912025,0,3
5674,855,52.20641647023037,Online,Grocery,US,15.0,0.09983947285833347,0.06113767502045335,0,3
6953,13,124.08788033610274,Online,Clothing,FR,23.0,0.2274173886601637,0.2163111563442931,0,3
4037,520,83.31599928179598,Online,Clothing,US,21.0,0.0896612715034431,0.3404757202801124,0,3
6228,803,165.82269398275625,Online,Food,UK,21.0,0.11654250435561783,0.211047284753628,0,3
5818,964,468.37927677852133,QR,Food,US,19.0,0.4776157363420762,0.13173486456433361,0,3
8945,186,331.8893021017092,Online,Clothing,TR,5.0,0.0779195465225567,0.24142590953991955,0,3
7523,991,71.38923564862066,POS,Grocery,TR,17.0,0.08072278498747429,0.04798849801116502,0,3
5926,767,28.304384677171697,Online,Grocery,US,11.0,0.21657516742768615,0.05897974819784234,0,3
2492,413,40.27603346813214,POS,Electronics,UK,11.0,0.06211990896080466,0.12494287514596084,0,3
3985,127,214.0503761787431,ATM,Food,FR,18.0,0.1931901626007461,0.5379209852248573,0,3
7030,784,153.4405852672058,POS,Clothing,TR,20.0,0.11318945379921491,0.12339964584063842,0,3
6692,467,221.39533000206248,Online,Travel,FR,18.0,0.10027945273942707,0.32075366289578067,0,3
8427,686,7.79450991141441,ATM,Electronics,DE,10.0,0.201406776886114,0.06523053284213132,0,3
5832,332,194.37887631677285,ATM,Grocery,TR,16.0,0.10782828251448426,0.1377612802953269,0,3
4586,686,343.0719042270574,ATM,Travel,UK,15.0,0.27038650071414577,0.4104933195979607,0,3
946,648,6.39913048807194,ATM,Clothing,FR,14.0,0.047728490375761476,0.042849592538656694,0,3
6960,269,0.0,ATM,Clothing,FR,16.0,0.09814363625728739,0.19336405062382292,0,3
558,748,53.04227140974834,Online,Food,US,0.0,0.2205641480685615,0.06360260572975962,0,3
4927,992,154.4428882884869,Online,Travel,US,18.0,0.1396937283659899,0.16983307353819613,0,3
3302,683,5.66166585852771,Online,Clothing,FR,10.0,0.15394543572925723,0.12645917361248088,0,3
3954,182,366.23490771329705,ATM,Electronics,NG,12.0,0.1363310143755297,0.13038566709769714,0,3
6065,42,22.95843962597089,ATM,Food,US,21.0,0.07098204648288428,0.05103778215416106,0,3
856,288,551.0156817920617,Online,Food,UK,11.0,0.09008388021927449,0.1852624351113733,0,3
5904,755,60.2784452566227,ATM,Electronics,US,18.0,0.16999083648392913,0.1351261547949837,0,3
8048,133,464.16639306084056,ATM,Food,FR,10.0,0.26467481409000276,0.26434352959443186,0,3
8551,521,1002.0972680525159,ATM,Travel,US,18.0,0.26359281683542557,0.2945195916977122,0,3
775,210,26.45090037957521,POS,Grocery,US,16.0,0.35260023618631975,0.14840177417797742,0,3
8677,514,5.772086514905746,POS,Electronics,US,20.0,0.21517725227215886,0.09318203046807076,0,3
4888,800,31.352662573364608,QR,Grocery,DE,18.0,0.07453812106735477,0.07336554387090838,0,3
3626,977,182.9278761160496,POS,Clothing,TR,16.0,0.12292851574361402,0.05998192033597024,0,3
3986,452,153.20481133772788,ATM,Grocery,TR,7.0,0.10444022962058425,0.20852644748365823,0,3
2735,743,170.82325786250863,POS,Food,UK,17.0,0.38938562853625097,0.17614102285305183,0,3
6728,47,120.38547967341474,ATM,Clothing,UK,13.0,0.3254809600157108,0.16209965219476602,0,3
7596,557,23.993298311467914,ATM,Travel,US,20.0,0.2746353989582144,0.20522442005803904,0,3
5,769,60.96621448554534,ATM,Clothing,DE,22.0,0.22949565658853452,0.22483708380240533,0,3
8332,19,515.287526114102,ATM,Travel,FR,20.0,0.2309470277647932,0.30851187007908165,0,3
390,568,145.867749191065,Online,Electronics,US,19.0,0.09440550663007397,0.13333352302013568,0,3
3942,227,154.15282192915905,Online,Clothing,TR,11.0,0.17709704545342864,0.1853123997422386,0,3
4949,334,96.58784752972157,POS,Grocery,FR,11.0,0.3367642322187058,0.2415152839597059,0,3
4626,375,30.09950928911972,POS,Food,FR,22.0,0.07990757668888089,0.2212695706816669,0,3
2283,206,27.28254871106604,ATM,Electronics,US,20.0,0.06790110879102419,0.059560668064771005,0,3
5663,135,888.9257959290724,Online,Travel,UK,14.0,0.2733310219442505,0.25550009507757476,0,3
8981,180,356.915752578082,ATM,Clothing,FR,6.0,0.1549268309045121,0.3483407854841751,0,3
9491,368,144.33103704181562,Online,Clothing,FR,14.0,0.03624977315599059,0.08436985322786497,0,3
694,270,45.331935650286496,POS,Grocery,TR,9.0,0.1217935717861294,0.06915944941287971,0,3
267,892,5.309600670817607,POS,Clothing,UK,15.0,0.16880930832468527,0.02389573385842416,0,3
9271,132,0.0,POS,Travel,TR,15.0,0.09502629118412453,0.2767804362221454,0,3
8483,395,143.74991476233197,ATM,Travel,FR,12.0,0.21021009920050743,0.04709853101082974,0,3
8093,528,917.7097554528413,Online,Grocery,UK,13.0,0.40672821387851305,0.17413253813107346,1,3
3890,725,0.0,Online,Clothing,FR,22.0,0.04797286475415241,0.16587273510117662,0,3
130,180,13.076639107712897,QR,Electronics,US,23.0,0.053566146273362134,0.025784571580159565,0,3
3628,568,113.7949710260776,POS,Travel,UK,16.0,0.15946812145158623,0.2496628917916427,0,3
795,255,69.28999001520685,QR,Grocery,UK,11.0,0.25211705803213036,0.18129191663395733,0,3
4676,439,304.7177487421581,QR,Clothing,TR,11.0,0.2164929587220086,0.31172918386489407,0,3
5516,81,185.51434936500058,ATM,Travel,DE,22.0,0.13873903276387578,0.14301346864510814,0,3
5769,925,18.467102897193065,Online,Travel,US,22.0,0.04104269174879108,0.038479065568718405,0,3
6895,585,28.747293539745407,POS,Electronics,UK,7.0,0.45678342357973617,0.10213172827840905,0,3
1900,541,29.248244484643664,POS,Travel,UK,11.0,0.10855042955812608,0.23319064584393726,0,3
1353,404,0.0,QR,Food,US,23.0,0.1083702199951175,0.16079596403223612,0,3
7993,477,17.427096364739544,Online,Clothing,FR,20.0,0.34162872942012334,0.25539954543923793,0,3
7025,330,24.221766140781664,POS,Electronics,DE,16.0,0.296937790020584,0.14184940852218458,0,3
2060,789,84.5155623873689,Online,Travel,FR,18.0,0.17837506607632586,0.24520312173116482,0,3
6627,263,89.75182889423111,Online,Grocery,FR,8.0,0.1349547552178201,0.12860321373780123,0,3
5111,140,202.44825998653843,QR,Clothing,UK,22.0,0.2614200032076167,0.26043671138513,0,3
1509,477,206.54650463093313,POS,Grocery,DE,14.0,0.2762480063648149,0.2934614573407206,0,3
2065,601,42.33987726508626,QR,Travel,US,21.0,0.23502922369674512,0.16272537781668878,1,3
7011,460,206.62145418727727,ATM,Travel,TR,19.0,0.554838574756049,0.8699103562608765,0,3
7423,751,0.0,ATM,Clothing,TR,13.0,0.11701432370310907,0.04144897504115114,0,3
5866,229,197.6275880081915,ATM,Travel,US,20.0,0.465732991773674,0.20341383216574593,0,3
8252,687,165.91879038979926,Online,Clothing,US,17.0,0.10999356933926291,0.07915537151213811,0,3
6609,807,545.2044848424931,POS,Electronics,FR,21.0,0.17167352034502564,0.4309849384694405,0,3
4660,173,96.9402982150349,POS,Travel,DE,10.0,0.07084267049945187,0.16947244264080863,0,3
9659,659,349.3622532468339,POS,Food,DE,11.0,0.49594695193497057,0.3305493719830587,0,3
7486,835,97.09547491467144,Online,Clothing,FR,17.0,0.0968249977216365,0.06388408627467075,0,3
1931,499,32.78683762314816,Online,Clothing,DE,19.0,0.4671309261723242,0.06924052332521215,0,3
5377,860,83.44067427013493,ATM,Clothing,TR,16.0,0.14223634116152375,0.06550063803884144,0,3
8546,164,198.98816100666855,Online,Electronics,TR,4.0,0.22783052371343304,0.07438984966865966,0,3
9212,680,412.83010808673686,Online,Grocery,DE,13.0,0.21923106088872857,0.03195984433212674,0,3
4985,441,8.762331481062521,QR,Electronics,TR,19.0,0.40966537812409476,0.1971655198387149,0,3
1479,607,100.90716013022279,QR,Travel,US,22.0,0.13405367845641888,0.13758267129480173,0,3
2639,217,3.348294277285309,Online,Food,US,13.0,0.06929568764941807,0.2727116776769005,0,3
8390,363,576.9763107154192,QR,Travel,US,20.0,0.30374929716053733,0.05698065308034683,0,3
9697,802,365.80923773747395,POS,Electronics,DE,17.0,0.2926733622147643,0.13156301364949552,0,3
5948,995,88.3883957175619,POS,Clothing,DE,9.0,0.133443022226595,0.28037846918430054,0,3
5575,617,144.82655610799645,QR,Grocery,UK,15.0,0.13140320449180612,0.07279303930765701,0,3
4891,972,137.05779958805272,QR,Travel,TR,21.0,0.2889068371075041,0.23495772493868486,0,3
2153,601,373.20273156314875,QR,Electronics,DE,15.0,0.2192053540600965,0.05185109870037291,0,3
9821,437,128.05004891324486,Online,Food,US,11.0,0.049481116294829035,0.18200065497033288,1,3
9726,242,77.14900988642675,QR,Food,TR,19.0,0.14039273246096665,0.09522556557551334,0,3
1223,112,284.04060904199713,POS,Grocery,UK,8.0,0.06047576722370458,0.18233228614778868,0,3
1642,128,89.82629807616918,Online,Electronics,FR,16.0,0.08001790702388026,0.08118898562274468,0,3
4980,334,66.39194597250932,Online,Electronics,FR,22.0,0.17410201055090954,0.1114199577059522,0,3
2426,251,180.08170188582216,Online,Grocery,DE,22.0,0.14674649867700862,0.4866850964055051,0,3
6388,731,468.3619522869065,ATM,Electronics,US,20.0,0.16150108542161012,0.06139013909214227,0,3
748,533,715.6677175038851,POS,Grocery,FR,5.0,0.1877963339603767,0.04820331467808366,0,3
8385,510,79.31608839444388,POS,Grocery,DE,18.0,0.28962154242984683,0.12866439614599373,0,3
293,17,54.77852683100436,Online,Travel,US,6.0,0.1875942283592527,0.3474840899028491,0,3
3425,775,438.35509149673726,POS,Electronics,FR,14.0,0.20342638887040754,0.16129711305381578,0,3
4903,928,261.16512030834787,ATM,Clothing,US,11.0,0.04217678569450295,0.07128160913105816,0,3
7026,101,16.685287886872306,Online,Electronics,US,20.0,0.05257985685605383,0.1288578767224891,0,3
2923,811,76.33264505236858,POS,Clothing,TR,17.0,0.12321021393993428,0.0812134500180636,0,3
132,805,28.58777031092037,QR,Grocery,UK,15.0,0.1665549164136986,0.17073203290883257,1,3
803,322,27.118489655781335,QR,Travel,DE,15.0,0.08361021097203078,0.03482381427494079,0,3
7966,155,18.977065991686914,QR,Electronics,DE,16.0,0.11975243143216002,0.5356559200902564,0,3
3609,886,19.044425124186564,Online,Electronics,TR,11.0,0.06384140211302969,0.05899946711964592,0,3
7233,484,57.363678422878166,POS,Grocery,UK,10.0,0.516245608734585,0.4259387622483291,0,3
8417,871,7.654626825417012,Online,Food,US,13.0,0.0757145271199754,0.0729531524317529,0,3
1519,729,87.39676301297695,Online,Electronics,US,1.0,0.031225819908918376,0.06871071854545256,0,3
6981,286,25.70963514348472,POS,Food,FR,17.0,0.19436033059356897,0.37378623185800763,0,3
403,630,64.40715355257876,POS,Clothing,US,21.0,0.11428187860449182,0.08852105839987665,0,3
9699,102,751.1339503150894,POS,Food,DE,14.0,0.15710481829819456,1.0,0,3
5111,723,206.94351046712205,Online,Electronics,TR,16.0,0.1855882678868179,0.18323126290726616,0,3
9709,339,167.00014638963907,Online,Electronics,DE,14.0,0.19264420511703992,0.10851492674874622,0,3
5535,278,368.6343740594188,QR,Food,TR,5.0,0.11495932629700009,0.25099917758332096,0,3
1395,180,165.24080502391973,QR,Clothing,FR,8.0,0.2579798839119027,0.1845356406491744,0,3
2461,897,14.063776061493959,QR,Grocery,US,5.0,0.2590109759915001,0.07622245184882069,0,3
4315,633,439.98825683227636,QR,Travel,DE,6.0,0.6526076789974012,0.5904118362358863,0,3
4291,851,6.862840161276817,POS,Electronics,FR,22.0,0.06608928800237945,0.05108675155693639,0,3
5202,123,103.41070788434214,QR,Electronics,US,22.0,0.09135915578156939,0.047813853930446654,0,3
7869,386,13.517195104574823,ATM,Grocery,DE,18.0,0.09246321869666209,0.09314691603284145,0,3
5152,485,141.49108367496984,POS,Food,TR,19.0,0.1621576971451766,0.6073451425684968,0,3
8291,11,22.28162223315876,ATM,Electronics,TR,22.0,0.029371313764157955,0.03414902744227882,0,3
5575,379,2.039083193893684,ATM,Clothing,DE,23.0,0.12943239219801383,0.054560239299585596,0,3
6097,527,66.55927554643274,Online,Clothing,TR,19.0,0.3058550305679064,0.09986502793307649,0,3
4239,553,355.4160428653197,Online,Travel,TR,7.0,0.17350993195501646,0.42449116482852156,0,3
3426,387,547.9933786564526,ATM,Food,FR,13.0,0.18171496945848295,0.2809836488540267,0,3
5136,458,305.04426305073156,POS,Electronics,DE,16.0,0.3372000780768052,0.23221467166944446,0,3
7702,851,108.11726097240947,Online,Clothing,DE,16.0,0.19274426553351928,0.08060286842304813,0,3
7170,67,128.8685746909838,Online,Grocery,DE,8.0,0.13992126441072436,0.083059906104856,0,3
8039,522,89.7049440258983,ATM,Electronics,FR,22.0,0.07369709205189953,0.21562793899352808,0,3
5190,361,143.1493287194493,Online,Electronics,UK,1.0,0.13627843207768597,0.2641665947970754,0,3
7175,864,46.12467425765506,Online,Electronics,UK,7.0,0.029392821427414537,0.10268607445951163,0,3
748,384,269.6850767781338,ATM,Travel,DE,14.0,0.6042978169562792,0.5657979545874969,0,3
8465,174,176.2983321789048,ATM,Electronics,US,14.0,0.2823539705928651,0.25412827674441146,0,3
7480,869,96.4328448745631,POS,Food,US,23.0,0.14471910885941427,0.15312932856564132,0,3
3827,355,0.8807946477793919,ATM,Clothing,DE,15.0,0.025521412637518705,0.10541730311666259,0,3
2176,760,57.358431552090835,ATM,Electronics,DE,23.0,0.22347113147703343,0.1485715359744973,0,3
9099,842,132.3435315435786,QR,Travel,TR,15.0,0.1785996901886071,0.10338438753282081,0,3
7123,896,560.1748575611392,QR,Food,TR,15.0,0.2144282078918819,1.0,0,3
2684,232,19.18391778874746,Online,Electronics,TR,10.0,0.037081636739501,0.02980152749619861,0,3
8119,38,135.68699784856213,QR,Grocery,US,4.0,0.1817812434685135,0.1957261489094293,0,3
357,970,254.09275255470655,POS,Electronics,TR,21.0,0.23591200594572884,0.17927908108374435,0,3
8632,596,100.98120287774401,ATM,Travel,TR,12.0,0.311474040026319,0.08399752834792121,0,3
499,908,13.152004934507154,Online,Electronics,US,19.0,0.10595149548276805,0.16440894889807053,0,3
5919,325,33.58803146654498,POS,Electronics,TR,8.0,0.09783714906066669,0.4236977845069353,0,3
1402,85,119.22394969797959,POS,Electronics,US,15.0,0.12000096834017343,0.06586459558614564,0,3
1399,791,140.61438350086667,ATM,Clothing,US,19.0,0.06379379965653262,0.37330844588266443,0,3
6680,524,217.32928405362009,ATM,Electronics,DE,3.0,0.4681169234745616,0.28142938646218324,0,3
2237,907,27.696598657564877,QR,Electronics,TR,16.0,0.32785777013086176,0.36360484825741873,0,3
7613,971,385.0923800462854,ATM,Food,US,23.0,0.3776003647984564,0.6331241853979591,0,3
1460,624,112.1546456981014,Online,Electronics,UK,4.0,0.13258579895676248,0.11519245471902775,0,3
4763,308,68.56692052769706,Online,Electronics,US,6.0,0.20414034718983226,0.10501988303541422,1,3
7797,154,346.8478228775539,ATM,Electronics,TR,17.0,0.3008059845340611,0.24621911437389493,1,3
7184,421,51.36251520918304,Online,Travel,US,9.0,0.11581755327535051,0.25244213875437127,0,3
2201,198,285.7401613409625,QR,Electronics,TR,19.0,0.24186399180553048,0.12328248222267107,0,3
908,685,9.88596552647322,QR,Travel,TR,21.0,0.18406335236780041,0.03333389495962728,0,3
5926,383,351.75652081379695,Online,Electronics,DE,15.0,0.6178559147071628,0.14522825756701996,0,3
6314,590,962.785493113775,Online,Grocery,FR,12.0,0.2058485008223946,0.5058948360985277,0,3
2499,57,113.16350105631912,POS,Clothing,DE,18.0,0.5120360481066921,0.1982781269106272,0,3
8330,222,48.22142476748438,Online,Food,DE,22.0,0.05480583791060005,0.13612335138751747,0,3
7669,134,41.36838778157483,ATM,Electronics,UK,7.0,0.062248615383823674,0.0831830490401969,0,3
8703,114,73.92244693899877,ATM,Travel,UK,6.0,0.3209805810884886,0.12429936910509876,0,3
6907,920,32.45964301959194,POS,Food,US,18.0,0.4339369131121695,0.33097764710459454,0,3
7919,515,183.74915867552392,QR,Grocery,TR,10.0,0.11112170462367571,0.09219130887097568,0,3
8033,22,173.42183814299716,POS,Food,US,22.0,0.28732420255107616,0.12928970851014443,0,3
922,935,336.2232603899857,ATM,Travel,TR,21.0,0.10699065803201296,0.17228456107235543,0,3
7609,956,509.669372718833,POS,Food,FR,17.0,0.050344318578873185,0.3941356408764408,0,3
3752,70,0.0,POS,Travel,US,2.0,0.35375882895171495,0.17059770015948209,0,3
5707,676,235.7630229453904,POS,Travel,TR,21.0,0.18329444590998709,0.20668572798590537,0,3
7768,544,134.95173332613382,POS,Clothing,FR,15.0,0.4172156132018063,0.2549923012604194,1,3
7982,367,68.56237265113514,QR,Food,US,22.0,0.14479790229545508,0.1289482734943248,0,3
7427,210,249.4579179935288,ATM,Travel,DE,20.0,0.2663309142980929,0.16102533345182404,0,3
3497,712,53.37900511448143,ATM,Electronics,TR,5.0,0.11250404613639396,0.20965571124091373,0,3
8260,606,49.95271030810133,ATM,Grocery,FR,13.0,0.2051850301111124,0.32672202837849085,0,3
7443,116,9.07603340264834,POS,Food,TR,20.0,0.22198243501997275,0.11053957132206496,0,3
9159,138,1244.1698365780278,POS,Grocery,FR,20.0,0.4147123657988354,0.4653021502728386,1,3
7566,788,290.643824833258,ATM,Travel,US,20.0,0.2963274841887931,0.29121151528650197,0,3
2789,365,59.62505493486922,ATM,Travel,DE,5.0,0.04661768053537732,0.11887120616703825,0,3
9134,291,158.7964563031112,Online,Electronics,UK,16.0,0.11189714353503771,0.03220569023490752,0,3
5648,87,415.2966826604637,QR,Electronics,TR,23.0,0.31571854510773223,0.1587381009956177,0,3
1024,725,83.39604689590162,Online,Travel,DE,8.0,0.445750254535735,0.09198902292632037,0,3
599,572,69.7316894861848,Online,Travel,TR,16.0,0.03681426862489233,0.3768162542879637,0,3
2880,57,39.658782062134534,Online,Food,US,4.0,0.5225549222467836,0.5896900083982936,0,3
7849,939,205.09363464706502,QR,Clothing,US,17.0,0.06576158095314537,0.12726788488043006,0,3
6058,302,120.53784076248182,Online,Clothing,DE,11.0,0.3212379901524538,0.10174774288434456,0,3
4479,703,43.679569813877976,POS,Clothing,US,16.0,0.3329552456103645,0.2731381643359654,0,3
2721,404,226.86670898012414,QR,Grocery,FR,22.0,0.23939227274923858,0.14612394374156837,0,3
2767,650,67.18558956566571,QR,Travel,US,16.0,0.19173762750131942,0.3435957304400882,0,3
5114,496,107.13504331741964,ATM,Clothing,UK,19.0,0.22614734291042918,0.14509596220000967,0,3
7480,111,2.4353549841268336,POS,Travel,FR,18.0,0.0587704374344305,0.03482126936488168,0,3
8504,539,355.8363083254463,QR,Food,DE,16.0,0.10171325903760664,0.18769977992772416,0,3
1273,495,218.7233524740877,QR,Clothing,TR,22.0,0.34721697614756675,0.14777999749809234,0,3
2492,628,165.36861130836667,Online,Electronics,TR,11.0,0.09885391387787129,0.057379202510219655,0,3
2871,325,314.35568171594406,ATM,Grocery,FR,18.0,0.3961229212774654,0.08629806542643384,0,3
3430,833,243.03979866264038,ATM,Clothing,FR,22.0,0.1111176559683077,0.1729694839137333,0,3
4418,623,333.92423141843113,QR,Clothing,DE,22.0,0.45235599259248077,0.4931989103829518,1,3
4868,933,77.76349570625594,Online,Food,US,16.0,0.03968193601978495,0.17432875708006162,0,3
2035,491,18.280248619071735,ATM,Grocery,FR,21.0,0.17195446731688083,0.1702935878666339,0,3
1619,734,219.40043227647686,Online,Clothing,NG,1.0,0.4336003690182918,0.2405142101815483,0,3
540,509,304.93265303572355,ATM,Travel,US,22.0,0.18552490157607643,0.1928086261101693,0,3
8465,612,5.711373518841813,ATM,Travel,FR,14.0,0.0600785741307056,0.04895810968567086,0,3
8080,908,78.79632215380802,ATM,Food,UK,15.0,0.16505792633713873,0.15250338009071354,0,3
6111,407,156.36747413163994,QR,Grocery,TR,14.0,0.15932346003723447,0.2183409644193869,0,3
4273,266,20.309466325679246,QR,Grocery,UK,8.0,0.10219950431680434,0.24798692677084413,0,3
1525,642,164.26015494752994,POS,Electronics,UK,13.0,0.12406757125584192,0.08739426109750076,0,3
3856,146,227.89330109994805,Online,Travel,DE,12.0,0.034986829829754165,0.10981152406461117,0,3
8099,717,145.35045391221854,QR,Food,TR,12.0,0.6476733632638296,0.14602613890410204,0,3
7810,597,86.02510555384197,QR,Food,FR,11.0,0.11767744728854532,0.11126517200231553,0,3
549,629,704.5119588693618,QR,Food,US,22.0,0.32825342619032305,0.08139817133376674,0,3
4561,891,111.81832149318583,Online,Electronics,DE,20.0,0.09531701550522748,0.24826223325501956,0,3
8613,298,350.80742548922603,ATM,Travel,TR,15.0,0.3568187570101624,0.16369877280428322,0,3
9713,210,6.136684196837766,ATM,Clothing,DE,3.0,0.08216364234877349,0.04569296256901938,0,3
2804,172,10.969572824971545,QR,Travel,FR,15.0,0.05415446045072218,0.29870074137634345,0,3
3951,891,322.17861043549874,POS,Grocery,UK,22.0,0.2979173552835261,0.2127247086161133,0,3
9629,382,1322.9442939908186,POS,Grocery,DE,3.0,0.7068725259679562,0.6803757449929169,0,3
8173,838,107.70682341172528,QR,Travel,US,17.0,0.14340218078405628,0.404831278381438,0,3
2995,252,36.63679808950489,ATM,Travel,DE,19.0,0.03273345133595122,0.10993770544192139,0,3
2068,681,17.399115437686334,POS,Electronics,US,16.0,0.17836855125506368,0.1627225932431057,0,3
8546,0,31.316446849859673,Online,Travel,US,11.0,0.10674275864011117,0.2486222842859751,0,3
8641,677,78.67739590251112,QR,Travel,US,22.0,0.20074129347186534,0.39213792955689664,0,3
4099,897,569.1567129847275,Online,Electronics,UK,13.0,0.07854599628037308,0.48243504004304927,0,3
8384,199,179.51590106899022,POS,Travel,DE,20.0,0.16367075591269967,0.34713480172696143,0,3
806,844,1429.9377006002494,ATM,Travel,UK,16.0,0.1999282965809863,0.8158404688072025,1,3
6779,124,113.27387885852171,POS,Clothing,FR,18.0,0.6519803558055693,0.10668137341206758,0,3
5767,752,152.21578944450525,POS,Clothing,UK,19.0,0.1999303082880624,0.45944583261815475,0,3
9349,933,99.14177806159013,ATM,Grocery,UK,4.0,0.09595562778840258,0.08504293549364121,0,3
8688,905,161.6279665293584,Online,Food,UK,21.0,0.15914876315391446,0.11239012701340681,0,3
5561,844,145.80384257330036,Online,Grocery,US,4.0,0.0460243807277001,0.09962946980010938,0,3
9225,898,25.586349625733753,ATM,Grocery,US,19.0,0.07884983118810222,0.11509550173929639,0,3
5978,68,27.530565233835958,ATM,Clothing,DE,22.0,0.3091062893431569,0.25932178062864164,0,3
5767,553,9.920433353957405,POS,Clothing,US,20.0,0.040265672133383126,0.07260770617466245,0,3
1153,829,1.573446512083093,QR,Travel,US,8.0,0.07915338381058325,0.02984232034402685,0,3
0,52,113.99805053110165,QR,Food,DE,5.0,0.13409623953565564,0.22925294353623007,0,3
8336,22,245.4494211094649,Online,Grocery,TR,12.0,0.3564755206708823,0.1510036845957384,0,3
140,163,298.936500445775,POS,Travel,UK,18.0,0.4212981235516223,0.05728782712153948,0,3
5265,818,398.55405080618226,Online,Travel,DE,21.0,0.1571140325760931,0.06210285128903677,0,3
1149,283,161.43549307431044,POS,Grocery,UK,20.0,0.24416975065814936,0.09392659915265125,0,3
8193,972,66.84424154490115,QR,Food,UK,23.0,0.21601636946230215,0.06220464243313649,1,3
7197,994,23.069826478365734,Online,Food,FR,4.0,0.5433866122941832,0.15206304460531453,0,3
6680,782,408.42692649224523,POS,Food,US,11.0,0.24802195865079235,0.3119680415435684,0,3
1887,53,127.37788788412452,QR,Clothing,UK,19.0,0.09191532467775476,0.3250140505722509,0,3
2612,419,7.487723313610521,ATM,Clothing,US,23.0,0.049605136111345996,0.3168283952599159,0,3
5752,473,30.37385486047363,QR,Travel,FR,9.0,0.23068418570409116,0.09232047523413957,0,3
5033,654,0.4246786983145254,QR,Grocery,FR,19.0,0.043156636000996236,0.07053538717168403,0,3
1984,827,121.69663086725699,Online,Travel,UK,21.0,0.3011425091701852,0.13169600643798948,0,3
7439,424,32.71351429153747,Online,Food,DE,5.0,0.08762076438459862,0.11024745810329582,0,3
8603,381,6.208065135749647,QR,Electronics,UK,14.0,0.03225461537025039,0.15396075975329274,0,3
7462,531,9.406602809528609,Online,Clothing,FR,3.0,0.46036851268875534,0.21605055438245205,0,3
5745,26,333.18074363280783,QR,Food,US,17.0,0.12125790483747041,0.22639303838838548,0,3
384,335,14.35120113838036,POS,Grocery,FR,18.0,0.207927258011684,0.3116060291129847,0,3
9354,518,100.51264725180043,ATM,Travel,UK,21.0,0.053500223306533645,0.3367091459008431,0,3
5722,128,200.7138565829057,Online,Electronics,US,14.0,0.3511267155189617,0.10534979389639292,0,3
9418,237,16.229183541223332,Online,Clothing,FR,21.0,0.31862074983030786,0.1203599607061386,0,3
5226,550,16.853562652321198,POS,Grocery,UK,19.0,0.060946648444360894,0.2027615161482278,0,3
1784,98,76.3870694646835,Online,Grocery,TR,15.0,0.3341772675380857,0.17870133096106805,0,3
8125,671,320.07955158657865,POS,Food,UK,22.0,0.5111617988039685,0.11838894385173541,0,3
2596,321,66.82930282277377,POS,Grocery,FR,23.0,0.1737606960652933,0.25128489691593775,0,3
4891,794,416.64863671031276,ATM,Travel,UK,11.0,0.3051379294115225,0.8396393456087055,0,3
746,818,43.74842364481939,POS,Food,UK,11.0,0.3774199121739917,0.13957487759176213,0,3
1235,769,237.85233002285744,ATM,Clothing,US,8.0,0.10394306032912425,0.14221037635375883,0,3
2079,526,428.31739577289613,QR,Food,TR,8.0,0.1182341779089563,0.0782498250930127,0,3
4098,7,135.07363751734258,Online,Travel,FR,21.0,0.437425213263698,0.38669517484259347,0,3
4624,463,246.09018685264687,QR,Electronics,TR,16.0,0.05827941489966503,0.12431140807195132,0,3
2847,319,290.1613405170881,QR,Food,FR,14.0,0.21924437917017534,0.19059014550141634,0,3
574,608,3.7465049762948324,POS,Food,DE,18.0,0.25036815322433575,0.06224022978113325,0,3
8224,237,174.7171842470707,POS,Grocery,FR,22.0,0.47522133871104,0.26649247133199433,0,3
9519,607,70.28116898149155,ATM,Electronics,UK,16.0,0.20167218372853318,0.22420792219557542,0,3
1882,862,324.62617091755675,ATM,Electronics,UK,11.0,0.20891331744415803,0.38008561379663924,0,3
6688,715,20.01102921484497,POS,Electronics,UK,22.0,0.1691532965858083,0.14819737642353042,0,3
1885,560,20.97944626601668,ATM,Clothing,FR,19.0,0.05226466747603098,0.0706943389688687,0,3
2970,559,3.5080627934592874,POS,Travel,FR,19.0,0.33865823389166416,0.12465578045708561,0,3
2665,623,362.0666218393219,QR,Food,FR,16.0,0.4368708570498136,0.06485737854233978,0,3
2779,158,191.92635383377,QR,Food,DE,20.0,0.10726043091055645,0.2293946183044012,0,3
2852,114,96.44860070109668,ATM,Food,FR,6.0,0.2780803513067279,0.08976564181788069,0,3
9023,465,129.27681266890195,POS,Clothing,US,19.0,0.5979474264012158,0.15595445866856603,0,3
5710,946,23.244592220697484,POS,Grocery,UK,22.0,0.09830644635438959,0.06121964614528852,0,3
6582,655,649.2438183776536,POS,Clothing,UK,18.0,0.09029822420169442,0.09532189979575523,0,3
103,591,139.5136480079773,ATM,Grocery,TR,9.0,0.17076619900242285,0.24608978440715457,0,3
5314,204,17.510747788663874,QR,Clothing,FR,18.0,0.15536200627003957,0.10034282522363042,0,3
5802,857,402.1651258787025,POS,Travel,US,7.0,0.07360852864813609,0.057505374771363256,0,3
7866,550,68.59332832280215,Online,Travel,TR,21.0,0.1854949417515395,0.4582172014154805,0,3
9249,172,24.299325617551006,POS,Electronics,UK,4.0,0.12929241406023984,0.09113373860393079,0,3
3687,753,22.332993449512262,QR,Grocery,US,17.0,0.07704203163825782,0.19904480787763112,0,3
4671,484,34.11227317978251,ATM,Clothing,TR,10.0,0.09373453478360752,0.07326754645390318,0,3
316,383,284.3785012209815,Online,Travel,UK,20.0,0.36473534356012177,0.4705124807788031,0,3
8255,961,72.71269339198223,ATM,Grocery,TR,17.0,0.18555137940332556,0.11127793706538279,0,3
440,8,79.86738771476483,Online,Clothing,TR,22.0,0.04371748227955362,0.10930099662490955,0,3
9924,719,19.856725995873447,Online,Food,TR,15.0,0.3684433349083816,0.04225791271782934,0,3
9576,721,125.59511627184521,ATM,Grocery,FR,3.0,0.16741817864163272,0.13272617142424734,0,3
5976,21,80.1571926600288,ATM,Electronics,TR,14.0,0.07551064259341107,0.10194694099045654,0,3
7908,871,110.10883960358863,QR,Grocery,US,12.0,0.34592495671647544,0.3785209862523692,0,3
2778,904,0.0,POS,Electronics,US,14.0,0.27798720626622225,0.06203529256978246,0,3
4485,525,60.53621104418098,ATM,Grocery,NG,20.0,0.09752359139071308,0.5648859054746797,0,3
4431,149,542.0504413745097,Online,Food,TR,13.0,0.47561051334954796,0.3544735697840182,0,3
2794,613,259.30003207447317,ATM,Travel,UK,13.0,0.49390454593290234,0.12595227664457223,0,3
3409,386,398.87156937317593,ATM,Grocery,FR,14.0,0.47146663068724776,0.2325791639144531,0,3
2130,880,154.32938158261487,Online,Electronics,FR,10.0,0.061983152847651546,0.11967100873526099,0,3
1158,111,0.0,POS,Grocery,TR,18.0,0.07445124178400665,0.027282867179794935,0,3
2585,418,65.24123252873504,Online,Grocery,DE,15.0,0.2253117208417046,0.1563240955306163,0,3
7776,532,7.337131250829361,POS,Clothing,FR,20.0,0.04737523186464054,0.06783279088319294,0,3
1182,415,95.38868045791085,POS,Grocery,TR,1.0,0.1393038342201066,0.10677600852962665,0,3
1929,897,36.46135021287519,Online,Grocery,FR,15.0,0.14564125322010774,0.18233769594487173,0,3
4549,702,109.84323156850164,ATM,Clothing,TR,16.0,0.37869844926903345,0.0327282809078234,0,3
1342,754,11.811330081701648,POS,Travel,UK,11.0,0.22354885962121548,0.053605088823983627,0,3
9876,19,259.2097592301166,QR,Electronics,TR,20.0,0.535475204550963,0.17413841362037338,0,3
9501,449,52.463729547101906,ATM,Food,FR,23.0,0.0261297737001271,0.04398059263569837,0,3
1282,72,318.5465168956518,ATM,Grocery,DE,20.0,0.4157177035985282,0.7987850059450438,0,3
3927,134,27.791642049294413,QR,Food,TR,12.0,0.21735237916554273,0.09448977047769161,0,3
9072,706,116.01888169420444,ATM,Grocery,FR,1.0,0.1314385573444916,0.18444493988286728,0,3
7684,977,131.12240255215778,QR,Clothing,TR,13.0,0.06514251494040366,0.05346336123411324,0,3
8862,80,395.44609294750904,ATM,Food,FR,18.0,0.12609358817522062,0.31711681486149135,0,3
2023,329,76.60780073513598,ATM,Clothing,FR,15.0,0.057406278767947946,0.16603562941639952,0,3
5664,665,41.75480800825194,Online,Food,TR,12.0,0.10176576088578633,0.13784668258257493,0,3
9019,110,27.54508675741138,QR,Travel,DE,10.0,0.04161583619905455,0.10380669263000372,0,3
5099,245,18.968589713192763,ATM,Food,TR,7.0,0.03108554994054917,0.04924402809845253,0,3
3215,775,220.47783302485828,Online,Electronics,UK,19.0,0.12578465221149032,0.19963819157311707,0,3
3013,293,129.39274876665488,Online,Clothing,FR,21.0,0.22149357773331396,0.17283283244084394,0,3
5670,448,330.8159817210081,Online,Electronics,DE,6.0,0.31722305006552,0.40527343839194585,0,3
4979,239,9.311154355762087,QR,Grocery,US,9.0,0.12884907655210565,0.05610833908927948,0,3
7440,633,484.4851634734254,QR,Travel,DE,12.0,0.21203740255366843,0.3549548923186044,0,3
8681,273,0.0,Online,Grocery,UK,13.0,0.17395390130981458,0.2398470065136991,0,3
5029,126,59.19507842626354,QR,Grocery,TR,3.0,0.08034781087563414,0.39758413073021004,0,3
9585,102,256.82205809627675,POS,Food,TR,22.0,0.057288769054892386,0.19917455589682084,0,3
7646,842,0.0,POS,Clothing,TR,6.0,0.061067434962423776,0.30605197933816214,0,3
5478,506,12.031122790792447,ATM,Clothing,DE,11.0,0.18123246409739233,0.459726369723391,0,3
9151,216,4.930441461754549,Online,Electronics,FR,18.0,0.2552810144164244,0.13931476256119893,0,3
9037,892,444.17066631689823,ATM,Food,FR,13.0,0.08929377516125583,0.0640474102017585,0,3
9347,350,19.10938845003901,Online,Travel,US,21.0,0.14885721561127085,0.0470641690591979,0,3
6098,688,390.47793315551166,POS,Food,FR,14.0,0.2688415175408748,0.20661697351216737,0,3
2114,690,61.58938515652766,POS,Grocery,TR,17.0,0.06913026910480521,0.10946930355029313,0,3
1605,146,29.79469437944448,POS,Grocery,DE,6.0,0.19811677318695115,0.09870873082810494,0,3
9464,363,183.97772083266238,QR,Clothing,US,21.0,0.09055781876947995,0.3214126951366436,0,3
1035,265,74.4218938010332,QR,Electronics,DE,17.0,0.09500250161771878,0.1134288821943089,0,3
6087,92,7.322380711171073,QR,Grocery,US,21.0,0.11443676745181547,0.03876655660204895,0,3
3099,929,164.5147898331996,ATM,Travel,UK,22.0,0.49269021005148383,0.4484645245822048,0,3
7668,878,93.00094498872659,Online,Grocery,UK,11.0,0.15117470998409688,0.5302996402657217,0,3
733,456,100.96293433875981,POS,Clothing,FR,20.0,0.21470303830171303,0.38705850520843604,0,3
336,834,139.5543454292629,ATM,Grocery,US,22.0,0.1949829027995387,0.06499316418987369,0,3
4802,266,33.00062260899672,QR,Clothing,US,15.0,0.2606784350515718,0.46962785281339015,0,3
4900,308,276.8981797481263,Online,Electronics,US,7.0,0.11084417439181958,0.18916799383106814,0,3
4826,362,180.96004096805197,QR,Grocery,FR,9.0,0.16434056079728765,0.1517570509961924,0,3
1921,629,232.94925138901925,Online,Travel,UK,21.0,0.4467405986513359,0.4315552147592104,0,3
9582,912,71.3206367265234,QR,Food,UK,17.0,0.35129166302759923,0.08982572776825574,0,3
5724,928,37.16358665648749,POS,Food,TR,22.0,0.10492946066089373,0.039629164164737544,0,3
4785,421,37.889196523985575,Online,Food,US,18.0,0.2392996052820051,0.04958743098270068,0,3
4725,167,206.6144751011596,ATM,Food,UK,20.0,0.11068246998648086,0.24612106371190076,0,3
9518,663,180.92056697268833,POS,Clothing,FR,22.0,0.2895589409281155,0.3469530926822675,0,3
4446,377,1.8982787109772916,QR,Travel,UK,16.0,0.042346191032757635,0.024460354693435365,0,3
9242,310,44.174329812432646,POS,Grocery,TR,21.0,0.36619501978921987,0.20763076681932904,0,3
6321,721,23.07693362442372,QR,Clothing,TR,16.0,0.1415106070902215,0.09468400351080768,0,3
7824,682,6.517660535811764,ATM,Food,DE,9.0,0.14967937825393324,0.3194141086906199,0,3
815,924,208.82085409964,ATM,Clothing,DE,17.0,0.23985424389561744,0.29325415099228674,0,3
3623,612,90.73276531638314,Online,Grocery,TR,7.0,0.26732713990322204,0.0634857148979776,0,3
1106,924,44.93164533399743,Online,Electronics,TR,22.0,0.06174906520557816,0.33055466757355495,0,3
5501,638,61.6194550053842,POS,Food,FR,23.0,0.08623979906823226,0.203028341807832,0,3
2657,65,502.6562111247716,POS,Electronics,DE,13.0,0.09273573065878402,0.289166695643871,1,3
2543,74,1.4066872462695466,POS,Electronics,FR,12.0,0.48010251386352515,0.34275401446053405,0,3
1288,41,46.06005992608506,QR,Travel,DE,21.0,0.06080119511329068,0.262175108528156,0,3
8743,893,0.0,POS,Clothing,FR,12.0,0.06684519657816947,0.10583758423595703,0,3
1464,880,68.44884737817438,ATM,Food,US,18.0,0.17325438960644865,0.21620405235939932,0,3
8825,540,14.129731477319146,POS,Travel,DE,16.0,0.07009737636342678,0.10384812230862873,0,3
1634,347,122.26545901220327,QR,Clothing,US,5.0,0.16349945638940522,0.06618726347454561,0,3
3269,564,18.0624314906954,POS,Travel,FR,20.0,0.12540568843210534,0.11480384260150131,0,3
9232,708,72.63776710386699,POS,Travel,UK,2.0,0.11285049989158452,0.05329860729120581,0,3
7188,896,188.72695174097976,QR,Food,FR,18.0,0.4101202804839968,0.14450086547957222,0,3
779,757,196.66957510581324,QR,Travel,US,9.0,0.20191078191512607,0.14622127844090566,0,3
7643,295,213.86171662200442,POS,Food,DE,15.0,0.0925359000187526,0.19157546935225106,0,3
5719,393,54.00502203040917,POS,Clothing,FR,19.0,0.03523590789583214,0.06739789007425434,0,3
5201,539,60.68851603271472,POS,Clothing,US,6.0,0.1583569948825564,0.18530702332567534,0,3
3621,692,484.5334242069609,QR,Clothing,FR,12.0,0.6951242503868784,0.5344387535313245,0,3
2022,713,113.3662691252309,POS,Travel,UK,22.0,0.20291859865626494,0.46387088311786906,0,3
9528,732,95.43034940617636,QR,Clothing,FR,22.0,0.0864120643385084,0.21835115881659029,0,3
3604,415,64.5627591689775,POS,Electronics,UK,11.0,0.042561272917207744,0.15717147475629525,0,3
5595,783,767.4601037805824,Online,Grocery,DE,14.0,0.28583133538518257,0.2546098933970332,0,3
402,463,131.26641929272958,Online,Food,US,14.0,0.045299396953055585,0.054888001331158856,0,3
6022,523,150.68124410720918,Online,Clothing,UK,11.0,0.09648490839422004,0.2310071294880856,0,3
3532,108,105.68390199445349,Online,Grocery,UK,13.0,0.2972926724566318,0.21001736872302648,0,3
5914,49,92.82738224017935,Online,Travel,TR,12.0,0.1445884674812719,0.4863552944364132,0,3
3496,732,144.815648031159,Online,Clothing,TR,22.0,0.20663524973358166,0.43708929314406436,1,3
896,645,8.443170684997254,QR,Travel,FR,23.0,0.02262260795466729,0.027435586163944682,0,3
9060,446,356.33605670074024,QR,Grocery,FR,9.0,0.80315433797142,0.3079367328134783,1,3
2078,834,7.035034571314622,Online,Food,US,18.0,0.18762337225376183,0.23751578423885106,0,3
6775,312,268.2107928843884,POS,Food,US,22.0,0.11385316756636236,0.068202117537174,0,3
5379,606,112.50893165085694,Online,Electronics,FR,21.0,0.12321444575035667,0.3486181365379753,0,3
6935,618,8.126645307785395,Online,Travel,UK,20.0,0.044899353666061,0.2576862251971156,0,3
8947,601,287.3418683841648,ATM,Electronics,DE,7.0,0.13764464727000397,0.1028395847580156,0,3
3691,799,253.07443400604097,Online,Clothing,DE,19.0,0.14106416779498407,0.06286413442302881,0,3
6374,268,46.46289162786127,Online,Grocery,FR,9.0,0.042854374543843145,0.11850976751989262,0,3
2307,116,320.3013698272316,ATM,Travel,UK,13.0,0.14464871655467954,0.20560022605901368,0,3
301,827,539.4695058253405,Online,Clothing,DE,3.0,0.16541672560670986,1.0,0,3
7438,473,52.87359948990971,ATM,Grocery,UK,19.0,0.37003785605688355,0.4108192055943155,0,3
4375,252,39.88428992538871,QR,Electronics,FR,22.0,0.09998061541279457,0.09893031133727709,0,3
2457,225,112.87094914588171,Online,Electronics,FR,15.0,0.18033865556734624,0.6363882000284508,0,3
5128,737,374.9724117846738,POS,Clothing,DE,23.0,0.13078235254731135,0.0401004799559179,0,3
8875,553,53.01872665319474,Online,Food,DE,4.0,0.28897830697592247,0.09836104325370115,0,3
9357,809,155.79275321000884,QR,Travel,DE,16.0,0.3465361020086199,0.15604400881050784,0,3
1174,684,12.024139120221614,QR,Clothing,US,6.0,0.22252123304247284,0.09216255033323803,0,3
9441,808,179.81165032061756,POS,Electronics,US,14.0,0.10435011181919744,0.05559617956753994,0,3
6267,911,379.760541390933,POS,Grocery,UK,7.0,0.4213029362084798,0.061133530902378386,0,3
1799,695,615.5872831050137,QR,Grocery,FR,7.0,0.40934330391728363,0.20361140365290825,0,3
1521,729,45.12959858068287,Online,Electronics,TR,22.0,0.2168171882753645,0.44041354844436786,0,3
8446,534,0.4373621304137991,Online,Travel,DE,21.0,0.0867379925050297,0.13603932038466326,0,3
5968,230,34.53289324277205,Online,Travel,TR,11.0,0.21392453732283973,0.40189561504639176,0,3
9708,446,26.504897310254165,QR,Grocery,TR,19.0,0.11392857442146119,0.4585130224394689,0,3
3722,634,88.78220497470184,QR,Food,UK,9.0,0.09365555967416998,0.5795952943942071,0,3
78,830,310.68002129851203,QR,Electronics,UK,10.0,0.37171585141655894,0.1536164840958727,1,3
8084,562,8.786602825555876,POS,Travel,DE,21.0,0.0931563365319735,0.05992477383208687,0,3
2062,377,516.6579414750087,QR,Electronics,US,9.0,0.5285018627488924,0.29699800201817866,0,3
9068,335,287.69088452897995,ATM,Food,US,15.0,0.4498482408714851,0.391157228063311,0,3
9851,316,43.62522778402968,POS,Grocery,FR,12.0,0.1453667482893426,0.04586871414941618,0,3
8757,181,162.90169166662795,QR,Travel,US,19.0,0.09901813923040226,0.15307734955157073,0,3
6820,582,196.53803760967534,Online,Food,FR,11.0,0.12664189288945768,0.32089511445396884,0,3
2886,485,108.16085220423867,Online,Clothing,UK,21.0,0.08401705552110358,0.1828715266132077,0,3
4787,479,0.39843089041340773,POS,Food,TR,17.0,0.08603722349710707,0.04186725066994296,0,3
6160,316,2.4339925831526354,ATM,Grocery,DE,5.0,0.11026341964433552,0.2339457254784875,0,3
4014,953,23.571610122965332,QR,Clothing,FR,20.0,0.0363697864827872,0.038452486353047544,0,3
2402,116,165.444243351973,ATM,Grocery,FR,7.0,0.1290535224586707,0.038962701377865755,0,3
3383,0,65.67426195275509,Online,Electronics,US,16.0,0.2258769260889059,0.16386562577533756,0,3
3354,146,172.50253214937126,POS,Travel,DE,12.0,0.09016779569297713,0.034442373337053175,1,3
9869,62,19.9398427241014,Online,Electronics,FR,15.0,0.08019526055019348,0.14336900936313976,1,3
9198,746,244.50608832507922,ATM,Food,US,4.0,1.0,0.555961193693945,0,3
7631,86,593.5486619324716,ATM,Electronics,FR,15.0,0.15714316296679937,0.5187877774301396,0,3
3495,841,724.7021685506344,ATM,Food,FR,18.0,0.3727933417053862,0.4134164182428526,1,3
968,111,4.067452981312731,ATM,Food,TR,17.0,0.14296432911610396,0.1363812066867013,0,3
2670,336,473.800138266729,QR,Food,FR,22.0,0.30894822559078056,0.10847940578667856,0,3
2130,445,348.738682943679,QR,Food,UK,12.0,0.35924450831396393,0.3308913358838331,0,3
9305,661,51.155140939879686,Online,Food,UK,13.0,0.15677770806255756,0.24887855886741336,0,3
3227,551,141.1838791684568,Online,Travel,UK,14.0,0.16476789502346895,0.39760138159787994,0,3
5183,487,102.47704018468325,POS,Electronics,UK,7.0,0.08655612074968418,0.1075681820256824,0,3
8834,191,199.59901713501318,POS,Food,TR,22.0,0.2612310486851454,0.19134556445261042,0,3
4924,400,56.18125274994493,ATM,Travel,TR,15.0,0.07372157040895864,0.19434382522872276,0,3
3175,360,207.09178244717873,Online,Food,TR,21.0,0.19694390665146708,0.09857693222388941,0,3
9837,179,13.535255388610288,QR,Electronics,NG,23.0,0.8331329881737329,0.11781528907661293,0,3
7158,4,52.00767618972058,Online,Travel,US,21.0,0.07846666802575603,0.19007746791400054,0,3
7454,8,106.92863535393973,POS,Clothing,DE,12.0,0.06468317092645394,0.18950634908495964,0,3
3492,65,51.77223715289578,POS,Grocery,DE,13.0,0.2183088841422847,0.05918075566751552,0,3
5058,596,20.276996691569042,ATM,Clothing,US,21.0,0.09539678881738202,0.10699526618778743,0,3
3301,686,72.05178837227805,Online,Food,US,5.0,0.10481861074780018,0.0816326368340951,0,3
3951,745,60.766882526962206,POS,Clothing,DE,16.0,0.4030324985015516,0.24296472766869087,0,3
56,632,18.991676475933943,POS,Electronics,FR,23.0,0.3352135173462344,0.3662594848437894,0,3
9492,495,389.38588024597084,Online,Clothing,FR,20.0,0.6375335531029084,0.3248478345874993,0,3
2818,798,106.39675748302625,QR,Clothing,DE,14.0,0.06375666170852057,0.16935787209638337,0,3
4339,990,523.4915269139949,QR,Grocery,UK,14.0,0.1896619727299494,0.08427142050292682,0,3
6493,131,161.35711259223763,Online,Travel,US,20.0,0.14221397492647436,0.4314367079203749,0,3
1599,6,69.23577809945057,QR,Grocery,US,7.0,0.16906580936522855,0.214466954603701,0,3
3477,728,182.37619927351687,Online,Electronics,US,21.0,0.03577066621809149,0.22728205809359264,0,3
6993,332,54.31630844686981,POS,Clothing,DE,22.0,0.1573913858036204,0.04461594642322991,0,3
6165,784,29.74309033441922,POS,Food,FR,17.0,0.3097676054501672,0.1856780121390909,0,3
4626,53,37.21614016490745,POS,Food,UK,22.0,0.06602731037108325,0.2258340553173355,0,3
8242,73,617.9163061148172,Online,Travel,UK,15.0,0.12850581642497752,0.1985211555279024,0,3
8392,242,12.337249527737221,ATM,Travel,FR,20.0,0.06073520599867647,0.04010895643074486,0,3
5652,831,28.892912007962863,POS,Travel,FR,7.0,0.1026059542624762,0.06176787185531528,0,3
2886,912,26.731430219680398,QR,Food,FR,10.0,0.3154772129459121,0.13388311782716814,0,3
390,792,375.3864656984327,QR,Food,DE,18.0,0.35759577072373117,0.13134807716269797,0,3
7675,898,105.09365942297309,Online,Clothing,TR,13.0,0.07118142108183675,0.08955598888205663,0,3
747,897,403.25792862091225,ATM,Grocery,US,5.0,0.24170661666004872,0.04428786042798681,0,3
6792,359,0.0,POS,Electronics,US,22.0,0.08854218854781115,0.10836339381024868,0,3
9526,725,281.2959610775975,QR,Electronics,US,22.0,0.23782937898322845,0.21702994660257136,0,3
9280,478,118.26493874335435,Online,Grocery,UK,23.0,0.31330715367611356,0.10228860468637396,0,3
2542,700,27.566440510139756,Online,Grocery,FR,15.0,0.09674647149208179,0.13240913161207815,0,3
4926,524,548.62674588148,ATM,Clothing,UK,19.0,0.22814825915364084,0.11296891735621323,0,3
9360,632,39.3358989108177,POS,Food,DE,15.0,0.1003308664232693,0.1247356189472152,0,3
6782,139,222.9072571858647,Online,Travel,FR,23.0,0.44155659046084506,0.2840992549650162,0,3
3217,810,284.112928347074,Online,Clothing,DE,19.0,0.06817800262460813,0.05126161948222034,0,3
1548,889,43.88012771194632,POS,Electronics,US,13.0,0.17193079537620193,0.034176711855641626,0,3
8299,410,72.46395316960407,QR,Grocery,US,10.0,0.12800876450240273,0.3555026140791574,0,3
9747,83,126.06930653521901,POS,Clothing,UK,15.0,0.288279487861717,0.11470411802752563,0,3
1609,185,4.828201038625573,QR,Grocery,DE,2.0,0.34383176754724,0.05855075132184322,0,3
537,868,405.40222701976404,POS,Food,US,21.0,0.20701156826000983,0.027622745012104447,0,3
5153,725,59.75032645126919,QR,Electronics,DE,22.0,0.20807711654355934,0.32039428086334654,0,3
7143,473,208.4542583782304,POS,Clothing,UK,19.0,0.14792245467273238,0.30093183635661197,0,3
3883,743,3.102212311494699,Online,Grocery,US,16.0,0.22437832419546044,0.26784485907053784,0,3
8581,201,52.770127572307366,ATM,Clothing,US,8.0,0.5851203382651771,0.0855820585112033,0,3
2446,987,33.90503984233179,POS,Electronics,US,11.0,0.1936563185086454,0.15614111676512904,0,3
6005,812,183.8885335747605,ATM,Electronics,DE,18.0,0.2961027092951699,0.6386178689396643,0,3
9082,605,19.263336363733973,POS,Grocery,FR,5.0,0.14896497127393718,0.15076588985768055,0,3
6197,697,658.0533259055907,Online,Food,TR,19.0,0.31666866986232095,0.12826760121962083,0,3
6312,805,56.39839072666544,QR,Clothing,TR,20.0,0.2859006377882169,0.09779171324186253,0,3
1651,670,37.53814026458393,Online,Grocery,US,6.0,0.11311053913321721,0.34824574005550246,0,3
7517,332,142.3154987159231,POS,Food,US,7.0,0.2978035245026257,0.10838526371053307,0,3
1131,678,21.429239071500376,QR,Food,DE,21.0,0.1014799594225109,0.08420474906011882,0,3
9663,257,393.52661444964417,Online,Travel,DE,21.0,0.19830478668530804,0.5023625255177814,0,3
9369,719,12.275168138621828,ATM,Clothing,UK,5.0,0.04819790392046055,0.1818073220329618,0,3
9626,916,501.8719846692379,QR,Clothing,TR,22.0,0.1724244734820061,0.22490004498627308,0,3
326,371,130.8826258690496,QR,Food,US,14.0,0.12357028477671742,0.3335909778215455,0,3
7699,506,161.26397833471336,Online,Electronics,US,12.0,0.203959144331628,0.25969434050657003,0,3
8096,252,43.926103391167075,Online,Electronics,FR,20.0,0.19994110123345815,0.06597775111117468,0,3
9207,998,92.67360582618939,Online,Grocery,US,16.0,0.045702758408342745,0.05376673161613003,0,3
6337,424,476.2640450980371,Online,Electronics,TR,15.0,0.15982758709187228,0.36335018167089506,0,3
6160,608,69.65134801051508,QR,Food,UK,23.0,0.4798681315504303,0.09495337742559928,0,3
7431,755,154.0052461988751,QR,Clothing,FR,22.0,0.12015550210510584,0.10677746464749252,0,3
2660,566,619.7891039511866,POS,Electronics,TR,16.0,0.15310072879816836,0.05658791393180198,0,3
8767,804,135.22598590086693,ATM,Food,FR,17.0,0.07481663428967018,0.08022932439864641,0,3
5755,644,108.20443361427829,QR,Food,US,7.0,0.20747632775844846,0.10256523745055351,0,3
6359,630,202.4297580109039,Online,Grocery,FR,12.0,0.3350613481402697,0.3500419868746693,0,3
9636,624,102.90217601331565,QR,Travel,DE,12.0,0.10369804493244769,0.07786695238552223,0,3
4390,126,23.052161206459807,QR,Grocery,TR,21.0,0.15110639855877356,0.24764047002758394,0,3
4917,719,37.49799695299475,POS,Grocery,DE,9.0,0.12887509278381193,0.12378078884865534,0,3
7306,834,11.272024401505657,POS,Travel,UK,21.0,0.0670197156997009,0.08650569778775036,0,3
8687,110,199.16044482805813,ATM,Travel,UK,10.0,0.29793670801227795,0.6654102417088257,0,3
5783,603,7.471228791009566,QR,Food,DE,15.0,0.029627314964655566,0.1354847950300428,0,3
8671,133,488.8023452197058,Online,Grocery,DE,16.0,0.056545695057012554,0.1500923005511802,0,3
2095,273,44.37176229709203,Online,Electronics,US,16.0,0.39347449276615254,0.09291065177245877,0,3
5435,596,245.08263585774714,POS,Food,UK,14.0,0.4297431873916371,0.06525249301706243,1,3
6833,425,31.325687348881132,POS,Food,DE,14.0,0.11011923766205667,0.03603102282205005,0,3
194,396,572.7384220411927,ATM,Electronics,FR,22.0,0.17238064273970855,0.05734668269184687,0,3
549,47,79.58177022371069,QR,Electronics,FR,17.0,0.12777993387834055,0.11015566820225224,0,3
8100,809,74.41104252975961,POS,Travel,DE,18.0,0.40506875797337955,0.25396092323319736,1,3
2421,78,141.0301481428872,ATM,Clothing,NG,16.0,0.18505269014405684,0.1382121293034107,0,3
2828,146,134.56143553717462,QR,Clothing,DE,13.0,0.44763502528476423,0.06869328179040768,0,3
325,247,217.15967866626374,ATM,Travel,US,14.0,0.35600444977445433,0.4483131362688277,0,3
8529,886,38.37785231391,POS,Travel,UK,8.0,0.2662788616628821,0.2625549940596534,0,3
8592,946,3.416004982524682,POS,Travel,FR,19.0,0.032530691577611424,0.057770671111375585,0,3
3201,262,62.723403660703795,QR,Clothing,UK,10.0,0.04775208125069259,0.20122754415515193,0,3
4568,443,27.590198228615606,Online,Clothing,DE,14.0,0.09728383013005151,0.058861832152032056,0,3
9248,596,138.07332377220058,QR,Travel,DE,1.0,0.05076636369388853,0.17198060109146507,0,3
8431,1,314.74642503000985,ATM,Electronics,UK,13.0,0.3620372551734081,0.14637736440131385,0,3
3854,229,6.157278595047984,QR,Food,DE,8.0,0.05166216035107977,0.13049003218544822,0,3
2139,667,0.0,POS,Clothing,US,9.0,0.09492628847119025,0.036440391603086264,0,3
6321,70,62.14937687896345,Online,Travel,TR,7.0,0.10056470846625142,0.15415519445575254,0,3
599,563,53.205911535778455,POS,Clothing,DE,21.0,0.2550947574822063,0.04015768703168772,0,3
2830,309,50.68556809535644,POS,Food,FR,20.0,0.24785192808127704,0.10776469602431107,0,3
916,462,30.05495709074984,ATM,Electronics,NG,12.0,0.16188776245990086,0.037628667493004114,0,3
5418,292,111.52139943444884,ATM,Food,TR,17.0,0.04292200802081905,0.037578411090997875,0,3
6253,970,1.6282123177725802,ATM,Grocery,FR,11.0,0.09591148148875371,0.05387698022303622,0,3
4866,491,53.320844542353086,ATM,Grocery,US,12.0,0.2859133480835442,0.2026620186210739,0,3
2817,775,144.4656526677104,ATM,Travel,FR,23.0,0.8195392693811384,0.6729264491023731,0,3
4437,45,311.7575095452952,Online,Food,TR,17.0,0.4237835174240655,0.16182127567941026,0,3
8784,598,90.5702552343672,QR,Electronics,FR,22.0,0.09186429883784812,0.26847286119483593,0,3
8856,942,117.60528719337808,ATM,Clothing,DE,22.0,0.2334519177486701,0.21990577571531014,0,3
7148,326,290.32315270902535,ATM,Food,DE,6.0,0.2947570781105815,0.19044808583279546,0,3
8032,845,6.256382571767304,POS,Grocery,TR,10.0,0.36375473053117924,0.10723352141860583,0,3
6134,637,353.26290145157617,QR,Travel,DE,4.0,0.16445879640417416,0.3534912304617251,0,3
2001,677,102.86616111897028,POS,Food,US,21.0,0.3152055385132709,0.13098366647261808,0,3
8553,551,254.64810138012723,POS,Clothing,TR,16.0,0.22794901712209853,0.5038254761319294,0,3
652,527,152.96781762968524,ATM,Food,US,15.0,0.2860207095009649,0.3549417650044801,0,3
7155,886,699.9719430119266,Online,Clothing,FR,23.0,0.19050270151930057,0.4581416301388358,0,3
6442,943,230.03423491397302,ATM,Grocery,DE,21.0,0.18171538339026339,0.08339994190160269,0,3
87,899,25.259610285034363,ATM,Grocery,FR,20.0,0.0859436159293879,0.29426921516022125,0,3
7326,191,84.23717597998541,Online,Clothing,FR,20.0,0.09802869706936174,0.06661712080038815,0,3
1262,652,4.790572463396828,ATM,Clothing,DE,11.0,0.2620326030052186,0.13165569104471767,0,3
471,159,312.8580190294,POS,Travel,UK,5.0,0.5091241550190246,0.18216817698336135,0,3
5448,972,105.664130932751,POS,Travel,UK,19.0,0.6909382320573881,0.3042447882734999,0,3
9025,286,95.04458683776218,Online,Clothing,DE,19.0,0.22541424601603166,0.14279015692108987,0,3
9521,614,76.66334914915885,QR,Grocery,DE,10.0,0.05636361456109985,0.05518112717968032,0,3
4659,15,105.01035262926511,POS,Food,DE,22.0,0.16723528006583033,0.06752661126958534,0,3
6372,659,361.2208769405944,Online,Grocery,FR,4.0,0.33172635280768903,0.08431795927807378,1,3
6826,832,11.700171229539762,Online,Travel,FR,6.0,0.10672925034900069,0.04710010083486449,0,3
7229,982,71.16456425375527,Online,Food,TR,6.0,0.03844928170515544,0.14141510575858657,0,3
8061,117,120.08730432893228,QR,Food,TR,11.0,0.2015824644209021,0.12885646495697367,0,3
2869,380,504.82847843426254,Online,Travel,UK,8.0,0.03061909632551965,0.21797175181355202,0,3
2842,274,151.8877955147721,QR,Travel,FR,14.0,0.22770211915719205,0.3239363111073669,0,3
2320,566,4.63879920699398,ATM,Food,TR,19.0,0.09667618498904719,0.28447964954070176,0,3
3130,962,215.00177965853666,QR,Clothing,UK,15.0,0.1502781793325147,0.5816844669622299,0,3
5283,305,16.09106251387886,QR,Grocery,UK,15.0,0.07110066874956614,0.15209431836465356,0,3
6631,486,99.89806872207888,Online,Food,FR,9.0,0.056006267699051274,0.05831220636161405,0,3
859,452,69.15331626568478,QR,Travel,UK,20.0,0.14212384154565136,0.1863276312159967,0,3
7651,699,144.8600084711295,ATM,Travel,FR,6.0,0.11951670289262924,0.06660688098149631,0,3
9654,900,33.26145267395647,ATM,Food,DE,18.0,0.1445782348994407,0.034621363977246376,0,3
2269,648,195.248174080998,QR,Food,UK,8.0,0.46932532658517023,0.08622485354813655,0,3
1678,897,23.022560590787833,ATM,Grocery,US,8.0,0.03775088362548695,0.09019374854251444,0,3
765,386,357.5984240577141,Online,Clothing,DE,13.0,0.39506014452472327,0.13918129269343338,0,3
8345,12,491.2835691970542,ATM,Food,US,20.0,0.08210042682739528,0.11771163766607196,0,3
690,276,117.21507722276026,QR,Food,UK,22.0,0.45429291702062585,0.3855439536320009,0,3
8952,119,32.479225393517375,Online,Clothing,TR,20.0,0.07576475462698609,0.22777135555985192,0,3
3571,648,109.8704830993693,Online,Grocery,US,18.0,0.14414549037131677,0.0498064961133263,0,3
9812,927,216.31475737013358,POS,Clothing,US,20.0,0.04346171892891108,0.28155557018372396,0,3
6174,398,415.15245537029676,QR,Travel,UK,20.0,0.17951559522334296,0.20814999780347732,0,3
7275,263,0.7848500607466846,POS,Grocery,DE,23.0,0.07256308231114522,0.0412149462921515,0,3
842,184,107.27748856111396,POS,Electronics,US,8.0,0.15315256627660462,0.17505154497729994,0,3
9086,582,5.8626811347965555,ATM,Travel,US,21.0,0.14230534983032733,0.21904878954920926,0,3
7869,526,3.9050568577172404,ATM,Electronics,US,7.0,0.12378085256536553,0.22479691162104912,0,3
2341,391,0.0,POS,Travel,TR,17.0,0.24247562569489547,0.09137451900932625,0,3
3282,564,116.79611284049878,Online,Clothing,UK,16.0,0.4381654676188096,0.24891386726322115,0,3
2150,92,6.452991059268635,ATM,Clothing,UK,22.0,0.07599512824505003,0.03123833516957415,0,3
3347,533,703.2923635702266,ATM,Travel,TR,21.0,0.0463190618024784,0.2660783563186547,0,3
3752,782,56.455438848140666,Online,Travel,US,15.0,0.2576341490767683,0.1375549186177131,0,3
2974,140,16.76924801177096,Online,Travel,UK,15.0,0.04558285036024702,0.22245196672820813,0,3
5646,361,23.29411494587803,POS,Electronics,DE,13.0,0.19393585491508708,0.4564857096126195,0,3
5410,601,266.3415009043259,POS,Grocery,TR,22.0,0.2391212665763562,0.49396696057592615,0,3
548,582,64.42484767474885,ATM,Travel,FR,15.0,0.07724052116823964,0.04901799493458298,0,3
9555,970,12.056468556236522,ATM,Clothing,FR,19.0,0.31755196594189583,0.06805509929558202,0,3
6082,850,309.7898007101394,QR,Clothing,US,17.0,0.2965347941153297,0.14330984970497632,0,3
5562,102,0.0,ATM,Travel,UK,23.0,0.22213144180767633,0.361483928399264,0,3
2148,727,17.760032942995934,ATM,Grocery,DE,12.0,0.14064099384496548,0.2214287288014145,0,3
5955,807,74.04719662970008,QR,Travel,TR,17.0,0.1107448659184719,0.1227694345091305,0,3
2895,684,126.7651582511356,POS,Electronics,TR,13.0,0.17329602430633137,0.4318747750520752,0,3
8044,609,64.53742778307381,QR,Grocery,US,18.0,0.048034945200690286,0.16123897696705014,0,3
5517,373,100.13860017024336,ATM,Clothing,US,10.0,0.14690565588716922,0.11537707155084556,0,3
697,175,92.17168320356704,Online,Food,TR,14.0,0.256134078221855,0.171591468955968,0,3
9715,101,51.177607042042844,POS,Electronics,UK,16.0,0.13693608358044623,0.3012302476900298,0,3
2605,251,65.83177708310193,ATM,Grocery,DE,2.0,0.05195508635041704,0.1654632920521582,0,3
3290,855,71.14806208421442,QR,Grocery,US,11.0,0.2453104760608119,0.1670300563412001,0,3
601,962,212.4613174234948,Online,Clothing,UK,8.0,0.2954228575149804,0.4213378291523863,0,3
6637,200,111.82506804994341,ATM,Electronics,UK,19.0,0.25600152484781097,0.3258717449010168,0,3
9848,805,4.267741316989099,POS,Food,DE,14.0,0.24738190235190785,0.11484583998400005,0,3
7388,251,138.42059157952733,POS,Grocery,DE,15.0,0.19758452501918067,0.19545628318893085,0,3
1096,610,150.5974148783601,ATM,Clothing,UK,22.0,0.04864889094935704,0.07638557693387618,1,3
5822,652,301.9189847343558,POS,Clothing,TR,13.0,0.20154216361972702,0.479586633568909,0,3
3392,355,7.54144934126717,ATM,Electronics,TR,22.0,0.11775148581678682,0.06750780649414036,0,3
3275,117,23.275107015503835,POS,Clothing,US,13.0,0.04714734745815251,0.08481157863554198,0,3
1127,707,9.90514300521636,QR,Travel,FR,22.0,0.2156678081608764,0.09594641311253471,0,3
9424,236,550.4929831653151,Online,Clothing,DE,17.0,0.29829852938135415,0.22816025118567898,0,3
7575,884,107.26831566493088,ATM,Grocery,FR,17.0,0.09023645060582797,0.10551847904867837,0,3
9974,669,159.76601506097083,Online,Clothing,DE,21.0,0.029731439199297563,0.1474861938830355,0,3
7640,782,432.0855353277308,POS,Food,US,18.0,0.1141538059309308,0.3258118285817957,0,3
6962,497,132.88489936526696,QR,Travel,US,11.0,0.2031510924684739,0.06135892398773252,1,3
5862,156,193.52151769358417,ATM,Food,TR,14.0,0.3064100857924277,0.11010847210913838,0,3
366,689,51.81091961613407,POS,Electronics,FR,22.0,0.08482869420094834,0.04952364094341326,0,3
3357,236,213.86903398844814,Online,Travel,UK,13.0,0.20259518451462546,0.1408455987196953,0,3
1920,945,57.86553878920084,POS,Grocery,US,5.0,0.4113574983575355,0.4409299733949856,0,3
1446,888,118.11620791941992,POS,Grocery,DE,16.0,0.6154799397237218,0.17524475022765543,0,3
2214,865,86.79318573893914,POS,Grocery,US,20.0,0.38098992903630785,0.12678219521118397,0,3
7932,985,66.58940672801555,QR,Food,TR,15.0,0.03952689385854787,0.04624728063302966,0,3
3080,413,46.08639797655914,ATM,Food,DE,11.0,0.0849234706196677,0.12281492966739363,0,3
1375,823,117.56553883918897,QR,Electronics,FR,15.0,0.5063914409966974,0.2538179550119671,0,3
8561,960,26.998858335022188,Online,Travel,UK,10.0,0.054591862700771016,0.18866032466926083,0,3
4631,236,767.458551288456,QR,Clothing,TR,15.0,0.7405197838115334,0.239528820675153,0,3
5556,116,119.82064889644957,QR,Grocery,TR,17.0,0.12962732847944985,0.13265418715311897,0,3
7226,924,287.5592704859802,POS,Electronics,US,3.0,0.4759939920126152,0.4656055437297583,0,3
6057,72,167.82638286868675,Online,Travel,FR,16.0,0.05142464768457908,0.16418578973468825,0,3
9736,877,63.54763827958545,ATM,Grocery,US,23.0,0.056546610920787777,0.17332530664135262,0,3
2067,627,142.9809987916254,QR,Electronics,TR,17.0,0.06958713482395396,0.33079092571121516,0,3
2357,11,237.92209211682132,Online,Electronics,FR,14.0,0.14099591299056952,0.13807264190848365,0,3
6978,604,15.644722649789667,Online,Food,US,21.0,0.3465207347852769,0.055032072401792316,0,3
1054,470,13.756598636209553,Online,Grocery,US,10.0,0.04730146972033121,0.07941402792341021,0,3
4811,405,16.441264980155474,QR,Grocery,DE,20.0,0.14498846565141713,0.1915985230386607,0,3
5007,94,16.21510533163076,ATM,Food,TR,7.0,0.20327421774313265,0.2971473321588835,0,3
964,174,354.68504955711285,ATM,Food,DE,13.0,0.032857222490274555,0.18924499855033933,0,3
5416,970,109.39577928352519,QR,Clothing,US,8.0,0.14281651901029563,0.2994635107338196,0,3
3828,57,509.56822770428903,ATM,Grocery,DE,9.0,0.29231566530547226,0.22674938541456724,0,3
1522,154,40.382077956505356,ATM,Food,DE,23.0,0.028732039832525157,0.06826431842276899,0,3
2950,147,56.751678837878096,QR,Travel,UK,12.0,0.37374346798244795,0.4823645445851847,0,3
2151,210,84.87102505793398,ATM,Travel,TR,15.0,0.20554933243606893,0.28673588620294016,0,3
6758,729,231.7061108038169,Online,Electronics,UK,5.0,0.2994933809973898,0.09584991873720208,1,3
5717,199,241.35507007061815,POS,Travel,UK,19.0,0.42579793012680756,0.46481037817204346,0,3
6315,912,509.6190458445254,QR,Electronics,FR,11.0,0.20884103015994168,0.13987078398507585,0,3
2841,554,170.79568104499674,Online,Electronics,FR,11.0,0.17262662124159572,0.101657267410413,0,3
820,228,294.46979367285445,POS,Electronics,TR,20.0,0.19266072118561042,0.11804943097831214,0,3
8549,996,25.051851954068436,QR,Grocery,TR,13.0,0.45355598097821287,0.3615000461489548,0,3
8714,572,2.3572240945403355,Online,Food,UK,20.0,0.09619449578246392,0.1611579597790169,0,3
4722,879,79.10492099442389,POS,Food,UK,16.0,0.261162578077216,0.055842443307005316,0,3
1743,72,158.95679092422938,QR,Grocery,TR,3.0,0.0386476419064891,0.33211009111926154,0,3
6644,108,22.404844936731102,POS,Grocery,UK,19.0,0.1082316320694987,0.03600342416362507,0,3
7785,282,80.87724200690022,Online,Travel,UK,12.0,0.024065481197454573,0.04138414344323431,0,3
4745,60,187.28604696257318,QR,Grocery,TR,7.0,0.16029639580811988,0.16060177175199847,0,3
9539,794,10.574110950023027,Online,Clothing,US,19.0,0.3376900262202841,0.11335222331917552,0,3
7197,687,209.29773779299887,ATM,Grocery,FR,7.0,0.11578244029343815,0.6134743178077814,0,3
7813,108,23.327902426116648,POS,Electronics,US,17.0,0.24321489340271388,0.04353007127570957,0,3
8823,929,354.9594941248945,Online,Clothing,UK,22.0,0.3279603530526537,0.09907952832516118,0,3
6854,117,42.127401764808276,QR,Food,FR,10.0,0.20548125333979536,0.11386541821357103,0,3
1197,835,84.33771186795884,ATM,Travel,UK,17.0,0.12834154804361048,0.10076781896280311,0,3
3811,672,75.181184819032,Online,Grocery,DE,4.0,0.07214147498243706,0.15716809264050655,0,3
8802,888,9.158111105913106,Online,Electronics,UK,17.0,0.08524600262613935,0.05906023335215369,0,3
7758,309,38.32661959223517,ATM,Travel,TR,8.0,0.20396528560581817,0.18766437329119384,0,3
4338,822,109.39681565208437,Online,Food,US,17.0,0.18845553990276465,0.1201913434318442,0,3
4786,70,131.49295113092376,Online,Electronics,FR,10.0,0.1489530593192382,0.6668789818590671,0,3
8854,282,1.6729136460252088,ATM,Travel,NG,15.0,0.44999363525875025,0.07871675894434148,0,3
585,333,318.5047943116786,ATM,Clothing,TR,20.0,0.22089769922740413,0.1854457665389856,0,3
5000,201,45.37765549903637,QR,Travel,UK,18.0,0.13373799394306582,0.14117332537326854,0,3
3220,757,15.497702966856568,ATM,Travel,FR,17.0,0.10156634145782392,0.28582887253056377,0,3
7757,620,215.84392640048847,QR,Clothing,US,20.0,0.45565452673943896,0.21628057538149503,0,3
4188,731,115.24688276378052,Online,Electronics,DE,15.0,0.39027046894074585,0.28113691256057416,0,3
9434,263,333.08604486009017,Online,Grocery,FR,23.0,0.11609042348337338,0.060180771250387635,0,3
3601,967,59.454981408592275,Online,Electronics,UK,21.0,0.27062028524088266,0.09152063193887218,0,3
9394,862,291.88326104844276,POS,Travel,US,21.0,0.2045668541348378,0.26772113577763557,0,3
1024,509,171.3985266807618,ATM,Grocery,DE,9.0,0.07204198450535175,0.07868024806809809,0,3
167,662,893.5221028204031,ATM,Clothing,UK,10.0,0.5159745252309671,0.2762400194387484,0,3
1687,699,323.9045288916897,QR,Grocery,US,16.0,0.083607902204717,0.4715025400729169,0,3
9634,45,0.0,QR,Grocery,UK,4.0,0.07843699744712053,0.10859991403757135,0,3
5262,295,59.468853129658946,Online,Grocery,UK,14.0,0.032401899991196886,0.03622972976724355,0,3
447,858,21.078324286787417,POS,Travel,UK,23.0,0.09116587523197962,0.04723993705231695,0,3
8379,597,246.41720850807002,Online,Travel,US,10.0,0.11592187450144759,0.04558627293748023,1,3
5686,585,451.2090889880251,Online,Grocery,UK,19.0,0.4432949810301557,0.5031702025264276,0,3
986,154,461.61329280091815,POS,Electronics,TR,14.0,0.1362738895072325,0.1445992806406959,0,3
1382,2,330.89144830710916,Online,Clothing,US,21.0,0.22973983907752196,0.5740008795112648,0,3
1128,39,16.145049872764982,ATM,Travel,US,19.0,0.03666351755078133,0.10645997842562474,0,3
3783,228,5.464624615296759,ATM,Travel,UK,20.0,0.11384820672373944,0.16033276133839217,0,3
6685,860,20.835131239042923,QR,Electronics,US,21.0,0.17025517713567168,0.1450518935135144,1,3
3323,252,14.936192097131805,POS,Grocery,TR,16.0,0.04723011911767401,0.023022220444518536,0,3
46,747,951.3780156998703,ATM,Grocery,FR,20.0,0.33393079233275136,0.7347640386548566,0,3
349,875,171.63042056159506,ATM,Electronics,DE,8.0,0.3643448600458145,0.3482492165151759,0,3
2449,361,25.59427935043733,ATM,Grocery,NG,18.0,0.21516875024809956,0.1799805297150487,1,3
8358,528,633.5904808445276,POS,Travel,FR,4.0,0.449499068546992,0.3403061387162048,0,3
4619,292,37.67508053203513,Online,Clothing,DE,8.0,0.062112899952060804,0.10157333077058034,0,3
665,205,222.69519133384324,QR,Electronics,TR,18.0,0.08696165872424488,0.2935794341465584,0,3
7485,108,238.77504321471847,POS,Electronics,DE,21.0,0.08667591295015356,0.08958397181445318,0,3
9043,508,808.8450029770853,POS,Food,DE,21.0,0.27120997257876744,0.2704401472003094,0,3
5115,515,19.878877508485672,Online,Electronics,FR,12.0,0.06024769839947068,0.06577462365407753,0,3
1119,6,300.9831797997221,POS,Food,TR,13.0,0.33944867282655045,0.45288497603894434,0,3
6904,144,245.50389118325103,ATM,Travel,DE,15.0,0.2579892513518832,0.16303334867060018,0,3
6397,732,185.46727088409907,QR,Electronics,FR,20.0,0.3405535350083879,0.23005983279022985,0,3
6291,563,67.66766145014336,POS,Food,FR,16.0,0.17404429672623226,0.47342301087575267,0,3
8427,722,16.082354497263562,QR,Food,UK,3.0,0.09973915710835793,0.10974320097632255,0,3
7491,642,127.70570508253532,Online,Travel,US,20.0,0.1563885307955064,0.12783531158262318,0,3
8320,580,10.351606385977387,POS,Travel,TR,18.0,0.10677742158200379,0.25139213318531745,0,3
6810,617,32.20729049076434,ATM,Grocery,TR,14.0,0.21790645287403074,0.09870626817151534,0,3
4498,420,36.2479767340474,Online,Grocery,DE,18.0,0.196148422921654,0.11509895399197259,0,3
7571,929,135.5282624730412,QR,Travel,TR,23.0,0.0885928291758919,0.0868542411804037,0,3
1887,525,518.6694680107141,QR,Food,UK,15.0,0.03760363857434327,0.05086380970152353,0,3
5163,509,269.0606291974965,POS,Food,DE,17.0,0.09833949469492398,0.1227324644288122,0,3
1649,275,137.12351501021192,Online,Travel,US,19.0,0.13248505284974715,0.38782973728172454,0,3
9559,491,65.58393963546803,POS,Clothing,TR,9.0,0.24039042152079165,0.09920859621956478,0,3
8511,169,241.09057770887736,POS,Food,NG,19.0,0.5921749203652747,0.2597989354581858,0,3
3802,293,37.66280549410399,POS,Clothing,TR,21.0,0.1856772349927522,0.13104220230598243,0,3
1943,312,670.0356718498425,ATM,Clothing,FR,20.0,0.2048713932138362,0.3996333997518585,0,3
6054,463,26.009017102272235,Online,Travel,FR,22.0,0.40321075502087705,0.2429152897151684,1,3
4798,191,807.2549861425824,POS,Food,DE,9.0,0.9825868048897266,0.3960839421211006,0,3
9214,642,407.95732825383345,POS,Electronics,UK,18.0,0.4793834035693458,0.03881749675439715,0,3
6991,473,128.90288359318097,Online,Travel,UK,15.0,0.16977826548697594,0.17347773527627663,0,3
5922,233,175.1215150024197,Online,Electronics,US,21.0,0.0928615635985978,0.3558491585615627,0,3
4955,753,136.9388608696236,QR,Clothing,US,9.0,0.48145753593681384,0.3303242369931809,0,3
9444,650,49.50457906196997,Online,Grocery,US,10.0,0.2802703147784368,0.08326440798785521,0,3
6222,240,22.088816967529507,POS,Travel,TR,20.0,0.24949997094069323,0.18680737752366672,0,3
2088,396,163.72176883266613,ATM,Electronics,US,10.0,0.38210884986362376,0.16865993256191214,0,3
1279,554,94.6302939350114,QR,Travel,DE,10.0,0.43445403232440793,0.15530061105193363,0,3
2923,742,12.456120918107406,QR,Travel,TR,4.0,0.0560002132901188,0.2015569600295804,0,3
7729,63,109.49121368480426,Online,Food,DE,11.0,0.30436029352369093,0.3355920370352644,0,3
1712,548,30.70763762603724,Online,Electronics,FR,15.0,0.177392926765815,0.12243116605882132,0,3
6312,92,71.80992364891047,Online,Electronics,DE,8.0,0.3484602441148927,0.16151270724276487,0,3
9308,946,137.81792928768627,Online,Food,DE,8.0,0.2819032609316375,0.726138364667966,0,3
8579,697,49.974816559232806,POS,Grocery,US,16.0,0.3877343714355866,0.07307916929997332,0,3
9491,567,12.563620262076501,QR,Electronics,DE,20.0,0.4031568066232042,0.2675214506130148,0,3
4665,43,189.27314352807997,POS,Food,UK,7.0,0.16484221444919944,0.3248070030413138,0,3
9084,580,115.7628648089593,QR,Grocery,FR,16.0,0.12431919238356197,0.40637016270116566,0,3
545,188,554.254969621139,ATM,Electronics,US,11.0,0.035542733831082474,0.14760412147814655,0,3
3739,720,37.326052489584576,Online,Travel,FR,17.0,0.09256622941217366,0.3143708589514206,0,3
4317,566,314.38852357580845,QR,Travel,DE,13.0,0.15524692638952295,0.06316030757799908,1,3
6884,973,134.1770443765616,ATM,Travel,DE,22.0,0.1620601032911444,0.19080892130978322,0,3
2730,904,413.89106221215087,QR,Travel,DE,18.0,0.0728011602706081,0.10769617929878676,0,3
4753,891,88.67452515695862,QR,Grocery,DE,20.0,0.2517565846767646,0.2572235069234484,0,3
988,567,194.52076946846287,QR,Electronics,UK,16.0,0.0520469262890676,0.5004444411586025,0,3
1118,113,464.5091175667371,POS,Travel,DE,4.0,0.06187054725430639,0.4610580728983173,0,3
8302,527,12.9376702818726,Online,Food,UK,17.0,0.40749823629801935,0.0952242080742797,0,3
8406,113,247.67666559424018,QR,Food,US,15.0,0.07763235116043068,0.10485939843941972,0,3
3607,621,98.38804854469709,Online,Food,US,2.0,0.14769073388266474,0.6912795702150297,0,3
4661,774,205.32298504934525,ATM,Grocery,US,21.0,0.11340435270280973,0.1730147875883913,0,3
7303,208,482.80238631577987,QR,Electronics,DE,21.0,1.0,0.13954665254225876,0,3
9458,117,283.6707121240262,ATM,Electronics,UK,7.0,0.6321050240858388,0.06145016979145046,0,3
9097,387,54.08692152921326,QR,Travel,UK,20.0,0.11660563889044645,0.07929830219401815,0,3
7514,810,73.55526468612521,POS,Clothing,FR,11.0,0.2893005285116219,0.40427332754960604,0,3
958,207,35.89318935679199,QR,Grocery,FR,16.0,0.41880070271002057,0.2539322663696065,0,3
1815,690,128.90051290924183,QR,Clothing,TR,4.0,0.18606290657587404,0.26134213864624173,0,3
9965,898,162.08125337744065,QR,Electronics,UK,21.0,0.06288992016180531,0.15449182053636154,0,3
9534,599,0.9123856964748169,POS,Grocery,DE,15.0,0.10063919646899902,0.12469949582634851,0,3
28,387,162.6831052870891,Online,Travel,FR,19.0,0.14471642346452412,0.15390351894943083,0,3
3341,758,70.74529468556568,QR,Travel,DE,16.0,0.048917945778605074,0.1993466991806286,0,3
4060,681,48.73724550040682,QR,Travel,TR,12.0,0.13664526547771758,0.04498007020454664,0,3
3171,255,47.002289704340214,ATM,Grocery,TR,9.0,0.13850476660889033,0.05539478575543801,0,3
6377,307,0.0,QR,Grocery,TR,15.0,0.04626766793905594,0.03613748947543102,0,3
328,34,5.144070773492475,Online,Electronics,FR,3.0,0.17943805687763031,0.2269533879030699,0,3
4736,786,130.31656223889712,POS,Electronics,UK,7.0,0.12602950449627584,0.2634289288312511,0,3
6442,427,326.2303743065179,POS,Food,US,19.0,0.08982379387478001,0.06594046880923984,0,3
4996,873,35.417850574648675,Online,Grocery,FR,17.0,0.22645606066503393,0.10603863941329551,0,3
9042,452,135.9166804025514,QR,Grocery,FR,11.0,0.1440701918961662,0.18134904486355555,0,3
3209,681,118.55970648353086,QR,Electronics,UK,15.0,0.12792966997878177,0.37893315881316547,0,3
6489,479,72.38637248205937,QR,Electronics,US,12.0,0.1605377719152557,0.16092594093080706,0,3
2656,554,147.05221960155603,QR,Electronics,UK,12.0,0.568462398012775,0.4287747921025645,1,3
8476,581,53.62390637617769,POS,Clothing,FR,22.0,0.058242271290969275,0.025339537102784804,0,3
5615,451,0.7786399399189262,ATM,Food,DE,22.0,0.3526819815810857,0.7092174559072849,1,3
8276,507,867.8731760322031,ATM,Food,TR,6.0,0.09720079141740567,0.39674132202566026,0,3
4001,37,168.7879362400338,ATM,Grocery,US,16.0,0.1615819129618694,0.2311255076894989,0,3
5413,537,161.3638370385991,ATM,Electronics,US,14.0,0.5231298145328708,0.21637361432497842,0,3
5940,33,156.60941533917952,QR,Electronics,DE,12.0,0.6129253211498422,0.11148596855605439,0,3
4327,983,389.3516780318372,Online,Grocery,TR,13.0,0.33923458331234657,0.41901213818249083,0,3
3371,605,49.350337818557605,Online,Food,FR,23.0,0.18241847856074997,0.49144108736329795,0,3
5839,711,9.929871395289974,QR,Electronics,FR,8.0,0.23280673714173702,0.04972217081895937,0,3
3458,438,0.6574924287688719,ATM,Grocery,UK,5.0,0.5147166800799545,0.31832311774972416,0,3
6146,946,8.55146761198376,POS,Grocery,US,12.0,0.17645305236252515,0.16330347701015743,0,3
1918,258,93.8927145470584,POS,Travel,FR,22.0,0.07637508397391123,0.27021584809794763,0,3
2392,535,69.33919103156961,Online,Travel,US,14.0,0.5332573905513136,0.1988112549507739,0,3
4289,374,11.774170951446377,ATM,Travel,TR,7.0,0.3753070380642435,0.2903581531463708,0,3
6945,904,10.938945472231133,POS,Grocery,FR,11.0,0.3681815184390904,0.3894697406136712,0,3
5730,544,569.5281927062774,Online,Grocery,FR,13.0,0.15077907493026052,0.45483648475855903,0,3
7858,640,135.3827882568788,Online,Grocery,DE,21.0,0.28461316040709006,0.1894338580276182,0,3
3972,48,80.19865168436593,QR,Grocery,FR,23.0,0.1273781273838573,0.11009219236261407,0,3
7129,487,177.61747016216918,QR,Travel,FR,16.0,0.6398962785790451,0.12902510733883624,0,3
6653,663,332.7873090152431,ATM,Food,DE,21.0,0.1905048175161063,0.25502268899978436,0,3
527,870,31.6127441427436,ATM,Food,US,18.0,0.3436974557951818,0.054682084460189816,0,3
533,976,167.41970184250886,POS,Food,TR,6.0,0.24548149481185547,0.044756372291623304,0,3
9897,613,482.77056443435544,ATM,Travel,UK,20.0,0.36817091726294277,0.30467251318677246,0,3
8045,584,508.6970869349272,QR,Travel,DE,18.0,0.5345147699244455,0.14585493559161303,0,3
9239,909,144.465573353829,POS,Clothing,DE,17.0,0.44822714702510624,0.4436796228980302,0,3
3959,703,130.60941706889417,QR,Electronics,DE,23.0,0.2330365795940687,0.18980882030776539,0,3
7433,197,581.7191404971634,POS,Food,US,21.0,0.13824187760653286,0.2733768367757577,0,3
9183,520,228.99154919778456,POS,Clothing,US,22.0,0.08749833975280435,0.055719967471657056,0,3
6531,893,378.0587791997873,ATM,Clothing,FR,7.0,0.4843592321515945,0.2150055964466142,0,3
1987,148,304.96771673555935,QR,Electronics,UK,14.0,0.07632423776570829,0.05016162869774085,0,3
4637,869,98.79540084351164,POS,Food,US,16.0,0.08366050381503483,0.31176521914658234,0,3
8861,790,147.49904518862334,QR,Food,TR,13.0,0.0530203964323423,0.03208131367362124,0,3
7083,996,455.33531788447,Online,Food,UK,3.0,0.5224657339598396,0.4323036707766304,0,3
6828,158,71.54795848870128,ATM,Electronics,FR,17.0,0.34566099309515147,0.21209700898296632,0,3
461,742,25.693589084876418,Online,Travel,UK,19.0,0.045190692805088514,0.11868890900475698,0,3
2831,216,184.19326250728216,POS,Clothing,TR,10.0,0.10719525194796642,0.1449516779968209,0,3
1890,329,0.0,ATM,Grocery,US,15.0,0.03996532749306312,0.14424354838726017,0,3
4560,353,95.57591814585143,ATM,Food,UK,16.0,0.3088094634368956,0.07225238166426463,0,3
4636,110,216.4387931125,POS,Food,FR,9.0,0.11727747606848046,0.1388975176091229,0,3
8151,42,275.8846537662415,ATM,Grocery,FR,16.0,0.2004408056153915,0.2761114696008748,0,3
1726,614,283.28372886237344,Online,Grocery,FR,20.0,0.2391275492155979,0.28581950590447314,0,3
2124,686,17.28635478668751,ATM,Clothing,DE,21.0,0.12090226485614652,0.31419775810573347,0,3
4108,258,129.04470290673657,Online,Clothing,UK,20.0,0.07203212307524591,0.32597743802485496,0,3
9239,575,28.39254035041599,ATM,Travel,US,23.0,0.17280231131888324,0.3212366247629854,0,3
5577,962,137.65883305724827,ATM,Travel,UK,5.0,0.19620852254216456,0.22667545884171,0,3
5438,991,211.17745444678707,ATM,Clothing,FR,17.0,0.3013170923634462,0.3143186322015947,0,3
1602,768,215.8067874574005,QR,Electronics,TR,22.0,0.31264207260239907,0.6281891337798636,0,3
7355,746,29.519422712231357,Online,Electronics,DE,14.0,0.33508332644312694,0.17869844717710753,0,3
7767,28,309.3517818588417,POS,Clothing,US,3.0,0.05848032901159657,0.047242390420836805,0,3
4786,752,82.36239014402459,QR,Travel,TR,21.0,0.3359540056736045,0.09547753417709844,0,3
2152,738,264.95552560229123,POS,Clothing,US,14.0,0.09884006596068819,0.14647786381384642,0,3
7478,631,494.0205141519016,POS,Electronics,UK,10.0,0.053179033088004146,0.07436410364606882,0,3
4790,201,486.91547290039256,POS,Electronics,FR,22.0,0.1464426366319811,0.14042892540024385,0,3
4277,395,0.0,QR,Grocery,FR,15.0,0.028003475808059307,0.0321518733348264,0,3
2444,328,454.1767155218775,ATM,Travel,US,7.0,0.08633444901526678,0.08464319705774467,0,3
5,701,17.89540200567084,POS,Travel,US,9.0,0.10231318013130178,0.24141978675965742,0,3
3829,418,6.996706898465628,QR,Food,DE,17.0,0.0866403449274872,0.07621396131355015,0,3
258,458,126.98662179009187,POS,Electronics,DE,18.0,0.22858546446358433,0.5645946245232333,0,3
8864,420,426.1836505749581,ATM,Clothing,TR,17.0,0.08641889655762897,0.12353827493424512,0,3
7941,421,210.44446818248102,ATM,Electronics,TR,4.0,0.24872234187002495,0.19419489988821195,0,3
1044,241,60.22550422820805,QR,Electronics,TR,21.0,0.05642965820379338,0.20901902724087618,0,3
4542,37,196.56814150317413,Online,Electronics,TR,20.0,0.33791958868702127,0.1326073455769545,0,3
7019,163,75.54771928304024,Online,Food,TR,8.0,0.04564405957121309,0.03742978179040639,0,3
9083,760,461.250330264653,ATM,Travel,UK,11.0,0.30083219508961245,0.5817364503175954,0,3
8862,128,86.05045140441769,ATM,Electronics,FR,11.0,0.31651215494410073,0.10663937523067638,0,3
719,876,313.4101869859793,POS,Grocery,TR,18.0,0.1246429967904045,0.07660596671865326,0,3
7045,432,268.0358081201246,QR,Food,FR,19.0,0.2065492757938168,0.20535470476718012,0,3
4309,877,480.2123409874492,QR,Grocery,FR,15.0,0.1061146524111384,0.11679641425610492,0,3
54,546,152.51920393953964,Online,Food,FR,18.0,0.4465392610377156,0.27572372003289336,0,3
7836,516,482.67939312257033,QR,Grocery,TR,5.0,0.41090999795443073,0.22270983709247683,1,3
8703,814,0.0,Online,Electronics,UK,23.0,0.12429515567848037,0.15399088284515408,0,3
9549,19,469.59683848577066,POS,Travel,FR,13.0,0.1500206905614898,0.04360704885078445,0,3
8277,87,80.68973616869873,QR,Food,FR,17.0,0.30199529525323504,0.1347750807606438,0,3
834,24,13.572912570830118,ATM,Travel,US,12.0,0.04063440305098792,0.09776333848324267,0,3
4771,284,25.543958196557774,ATM,Food,UK,18.0,0.06166656442237958,0.20141779259549666,0,3
4673,170,162.61933683271002,QR,Electronics,US,8.0,0.31990554311184655,0.2283297350920808,0,3
9364,743,186.2732212789798,ATM,Clothing,FR,21.0,0.14764748385836887,0.10975477414938534,0,3
6892,904,167.2447608438787,POS,Grocery,TR,13.0,0.2098810345288476,0.6476316317223837,1,3
6519,540,175.663822225232,Online,Clothing,US,9.0,0.05739391822027548,0.1802483302760813,0,3
7467,556,121.06648408868953,QR,Grocery,TR,15.0,0.08976127381165148,0.2142542064810321,0,3
5056,190,247.85861558976603,QR,Clothing,FR,16.0,0.08216827361859565,0.1094210725002494,0,3
431,59,399.898377938249,ATM,Grocery,FR,15.0,0.19411447114018265,0.6001456383360582,0,3
7374,199,0.0,Online,Grocery,US,20.0,0.03082609529332961,0.15740834348480714,0,3
2086,608,247.72932403884482,ATM,Travel,FR,20.0,0.24444991666785942,0.17983855685480662,0,3
3978,344,503.3424715949091,Online,Clothing,DE,13.0,0.15609656488981122,0.42224946705775374,0,3
6974,876,0.0,ATM,Electronics,TR,16.0,0.04328010351501166,0.17424659764289277,1,3
8427,312,76.42928577785732,Online,Electronics,FR,17.0,0.06706773025716639,0.09698719699925691,0,3
7570,699,20.5226258239302,POS,Electronics,FR,10.0,0.10865318030208976,0.3090458983622041,0,3
8355,105,83.92322835288614,POS,Clothing,DE,20.0,0.0346448906599417,0.06985466984529717,0,3
1573,903,25.34767038645343,QR,Food,TR,11.0,0.11699569434807403,0.04609701666861886,0,3
6329,361,223.2114098234584,ATM,Grocery,TR,10.0,0.13638673951679575,0.09436627194960757,0,3
5388,123,45.85658573762224,QR,Grocery,UK,21.0,0.11577023688179322,0.07677289875648258,0,3
5089,779,142.23283382596452,POS,Travel,TR,16.0,0.2124595550653759,0.14195728414292275,0,3
8597,475,81.09573624763664,ATM,Electronics,FR,12.0,0.40139662597721104,0.3470636533748778,0,3
5853,962,98.92919346946591,QR,Travel,FR,19.0,0.20931304171879792,0.3925505992332864,0,3
1737,86,232.80484086769283,Online,Travel,US,17.0,0.33598812681059215,0.47590611146595035,1,3
1181,218,3.758354142313272,POS,Electronics,UK,23.0,0.20031304725213872,0.03670655253564156,0,3
8928,228,295.65966930566435,QR,Food,FR,9.0,0.2638109546372018,0.39448977028679943,0,3
6397,440,423.09345927144705,QR,Electronics,DE,19.0,0.2859512005271769,0.09068310918773213,0,3
6536,273,430.8502551609163,ATM,Travel,UK,23.0,0.40548865159004754,0.9421341319926821,0,3
4249,103,8.215619194809344,POS,Clothing,UK,9.0,0.03566652357386799,0.04323870266550048,0,3
732,48,470.72757846814335,QR,Electronics,FR,22.0,0.10724652845728957,0.293141254813308,0,3
9251,855,171.63639194412926,Online,Grocery,DE,11.0,0.3051566001775325,0.4763269233786255,0,3
9784,355,68.7931536340769,QR,Travel,TR,17.0,0.2461363700411137,0.105974431947935,0,3
7149,588,67.76110382462105,QR,Electronics,DE,8.0,0.40292920502652396,0.23356230642350878,0,3
9831,503,444.97789515161867,QR,Travel,UK,19.0,0.1326786749519136,0.10811484886508996,0,3
8976,389,16.472602220960873,QR,Clothing,DE,23.0,0.08789672748912253,0.04477839848690232,0,3
6779,774,88.6983026320566,Online,Grocery,TR,12.0,0.058401821010771765,0.15878119768293603,0,3
4725,744,45.18457194621714,Online,Grocery,US,20.0,0.11062596251799227,0.1088021655878684,0,3
2705,556,69.48909132167712,Online,Clothing,UK,19.0,0.2345087914726803,0.0459453567208709,0,3
1154,450,10.2803352387459,ATM,Electronics,TR,23.0,0.04478107275555911,0.13406610489161083,0,3
7572,529,124.1467313117293,QR,Travel,TR,14.0,0.24335276881418724,0.2115688251491164,0,3
6867,236,16.24352616892388,POS,Food,US,7.0,0.26715686596691923,0.5150646900395442,0,3
9625,82,70.20533137459338,QR,Electronics,UK,15.0,0.15847601496931252,0.049632827684464725,0,3
6715,146,38.30637792952896,ATM,Travel,FR,7.0,0.2414645614008183,0.1715768972254079,0,3
7232,774,54.04400867573758,ATM,Grocery,DE,13.0,0.10893439140138522,0.10676322861348123,0,3
5795,786,355.9219095598417,Online,Grocery,US,19.0,0.17516553971928725,0.2101751040133231,0,3
1568,907,17.904868503793857,POS,Electronics,TR,18.0,0.09240802503385359,0.03096100310630734,0,3
1426,370,275.85207614466935,Online,Food,TR,16.0,0.20836572210737114,0.2894403555351494,0,3
9008,988,262.50333429487824,POS,Food,TR,22.0,0.32568835975567106,0.11326538806829921,0,3
8861,807,566.6041731781679,QR,Clothing,US,18.0,0.1166224568419469,0.10465260999210813,0,3
4166,557,164.10483015546947,POS,Travel,UK,1.0,0.24984138077877327,0.14146031926892425,0,3
3017,904,212.42168225574335,ATM,Electronics,UK,20.0,0.14744210169498548,0.6175519267452341,0,3
3436,860,226.76703826619016,ATM,Travel,TR,21.0,0.036127523205972525,0.24237024603914334,0,3
151,22,0.0,Online,Clothing,TR,16.0,0.058048071421138034,0.05289168364995101,0,3
4615,488,28.068149369568467,POS,Food,FR,4.0,0.059937798689727796,0.08620684967318579,0,3
6493,74,7.376515731226632,QR,Travel,TR,23.0,0.07042248997017118,0.07497976051541287,0,3
3814,14,869.9872851395199,Online,Food,US,16.0,0.24756613897360027,0.37856528935803296,1,3
3507,56,13.57933881902154,POS,Grocery,US,8.0,0.16845622272187505,0.1191988054118642,0,3
7270,160,191.4168476695995,Online,Food,US,19.0,0.24743093506710828,0.16482788634469636,0,3
4400,536,119.39538217437179,Online,Electronics,DE,23.0,0.26223435570748277,0.035734705492581106,0,3
9995,965,30.046955928167634,Online,Electronics,TR,21.0,0.32316144193622715,0.11769767188359426,0,3
9429,174,74.0229536659786,Online,Electronics,FR,17.0,0.20111895558031775,0.08181450496130407,0,3
2503,758,248.92870582607011,Online,Travel,US,16.0,0.1940248931908509,0.04566210662957175,0,3
8155,213,383.51621001267046,ATM,Clothing,DE,9.0,0.14885542548029862,0.4302470771293376,0,3
7803,538,0.4706834263302935,Online,Clothing,US,11.0,0.07247219363702521,0.2673828924024509,0,3
9615,180,133.4963391264556,POS,Clothing,TR,20.0,0.1209545301375871,0.4514588851570881,0,3
9466,775,145.5927868337015,POS,Travel,DE,21.0,0.7450130493897759,0.2802417947271057,0,3
4388,557,68.68592622323766,Online,Food,UK,18.0,0.07901363785792699,0.057264438481414666,0,3
5264,628,15.63676609931661,Online,Travel,US,21.0,0.09330930808020452,0.12558588305314697,0,3
5142,427,91.65698112690208,Online,Clothing,DE,22.0,0.08495420483620274,0.20956613291138446,0,3
4709,498,29.468833498488703,QR,Grocery,FR,7.0,0.30149548254990377,0.06476801260123093,0,3
8300,333,97.41758328816375,ATM,Travel,DE,22.0,0.08820803556179865,0.2801567676144465,0,3
4435,959,404.4740256945787,Online,Electronics,FR,22.0,0.41373562609777503,0.1939979089993957,0,3
7774,19,62.86542582004051,QR,Food,TR,19.0,0.36746858507086644,0.22639261955617596,0,3
4230,92,27.29564331630955,ATM,Clothing,UK,18.0,0.07392714236917722,0.0943280615918351,0,3
9812,529,150.84298949168073,Online,Electronics,FR,12.0,0.13173068044851277,0.2575542718125401,1,3
2477,825,2.8285171291449323,Online,Food,FR,15.0,0.2303386237119427,0.13421847440904208,0,3
2270,281,643.9567063678503,ATM,Travel,DE,18.0,0.12816593828442988,0.5256795600671054,0,3
1142,165,35.795460133647346,ATM,Food,DE,8.0,0.8561976369013578,0.38459489555233584,0,3
1379,179,19.594229982503574,Online,Electronics,DE,22.0,0.16403844071732188,0.07872109359285721,0,3
2819,566,47.29627217929225,Online,Electronics,DE,18.0,0.45194491691830807,0.050925758824905284,0,3
7255,420,181.99113956172638,POS,Food,FR,21.0,0.10767292248322277,0.8527261282217864,0,3
7458,568,121.87594318779567,POS,Clothing,US,17.0,0.8317830308109773,0.47293136625555104,0,3
2343,258,267.6765918029102,ATM,Food,DE,21.0,0.8836092955816455,0.720192122889416,0,3
9583,129,22.69588060166244,ATM,Electronics,FR,13.0,0.09002830966618765,0.05761350435826407,0,3
8417,533,6.308601023670857,Online,Grocery,US,8.0,0.0670011169410598,0.11711869441136277,0,3
5933,943,50.18877464173556,Online,Food,US,9.0,0.06359922084329844,0.0727392143837503,0,3
6203,555,3.555237130442856,POS,Food,US,17.0,0.3547961925309221,0.23711474494287466,0,3
4521,503,2.994422242688559,ATM,Clothing,DE,18.0,0.07930526561120045,0.04650282312189764,0,3
2960,230,38.49057842654735,ATM,Grocery,US,17.0,0.09157095683477395,0.11331443652336307,0,3
8388,856,175.99936956321397,Online,Clothing,DE,10.0,0.3742225420640787,0.10312686424062073,1,3
8693,245,219.46105850703037,ATM,Travel,DE,6.0,0.18589917738053371,0.06342207544820182,0,3
8985,156,173.88678641268274,Online,Clothing,TR,15.0,0.4626209456642552,0.40491716055800325,0,3
5856,698,216.54264638855332,QR,Food,UK,10.0,0.20322696942882676,0.09258426997346168,0,3
2144,425,60.11553754785831,Online,Grocery,TR,16.0,0.09821340183730708,0.31209688599419727,1,3
2137,604,28.77999487063385,POS,Travel,TR,17.0,0.08782771007295288,0.3100419952105967,0,3
7389,707,334.20596355876944,POS,Grocery,FR,15.0,0.45880057942578656,0.24586457033506512,1,3
8020,602,45.48098268676264,QR,Travel,UK,13.0,0.0471253147160617,0.19307864032739247,0,3
3336,298,64.67425109139657,POS,Travel,DE,7.0,0.07766567317084064,0.38306332895846906,0,3
8012,690,232.37476862555556,QR,Electronics,FR,20.0,0.2798289717506878,0.4282547825977289,0,3
7169,428,15.624100937800433,ATM,Grocery,FR,20.0,0.6378851300013763,0.2519703793568881,1,3
9112,708,10.378443499007629,POS,Food,FR,17.0,0.10124297120372243,0.16040903880276577,0,3
2488,673,740.5739725707227,ATM,Travel,US,19.0,0.2741091922290245,0.34553718199030725,0,3
4651,864,0.0,QR,Grocery,DE,16.0,0.04878223707283165,0.1645505243321374,0,3
6500,197,26.25076588521343,POS,Clothing,DE,9.0,0.20407282111237124,0.47081031447381905,0,3
4043,282,39.13286127206201,ATM,Electronics,TR,9.0,0.0869885780826187,0.41839781459255915,0,3
820,383,633.8814622495323,ATM,Clothing,DE,10.0,0.1194809578339788,0.1664381819652093,0,3
5692,922,285.47205143029475,POS,Travel,UK,13.0,0.40870138253249366,0.1835860364119965,1,3
3097,262,122.59589242463389,ATM,Grocery,FR,20.0,0.055745538189893966,0.35114820983955547,0,3
2058,361,244.69701978778454,ATM,Clothing,FR,23.0,0.06527890135065405,0.21880968026309405,0,3
2164,632,0.0,Online,Grocery,FR,23.0,0.06282917335158822,0.14171601203380993,0,3
2723,64,267.60461653334414,Online,Electronics,TR,8.0,0.19292175173006115,0.25634134354619237,0,3
4231,537,192.32137977329347,POS,Electronics,TR,4.0,0.1584429506615901,0.1811005651771549,0,3
733,211,17.137109004151053,ATM,Grocery,DE,8.0,0.10264059474115599,0.15816579452932156,0,3
8717,788,274.12680233382486,QR,Electronics,FR,6.0,0.22119242485559762,0.08685156735136779,0,3
5443,854,0.0,POS,Grocery,UK,7.0,0.06185974927859571,0.07836367699060773,0,3
5019,182,299.99152675576005,QR,Travel,DE,8.0,0.19731354607094254,0.17385217415907747,0,3
5393,449,40.80692421134946,Online,Clothing,US,16.0,0.11934498265564564,0.13171430422149072,0,3
8523,163,422.763753026099,POS,Travel,US,19.0,0.11382261411176657,0.27070112545857467,0,3
7572,629,590.0936454139335,Online,Clothing,US,18.0,0.28301411220678374,0.6147522317520772,1,3
7143,208,0.0,ATM,Food,US,16.0,0.17044268070751373,0.19829825697298703,0,3
2413,183,26.709273445775068,Online,Clothing,DE,7.0,0.059139192810773206,0.26976476627239293,0,3
6597,812,0.0,Online,Travel,US,21.0,0.10271597477955417,0.06791207628754108,0,3
1241,354,357.10547338144477,Online,Food,FR,8.0,0.13174181314796105,0.33474904580268716,0,3
6620,358,48.47782435310043,Online,Clothing,US,20.0,0.35800341278387227,0.273807193542198,0,3
270,633,22.58059797170499,Online,Clothing,DE,9.0,0.03463817061666568,0.06558163891812616,0,3
472,655,340.56145605919585,POS,Travel,DE,21.0,0.24960774509921688,0.2074128143144896,0,3
4800,497,349.38388151808965,ATM,Travel,DE,11.0,0.7725192002689604,0.09056100917864923,0,3
2884,58,352.485011952082,POS,Travel,FR,9.0,0.12492357532773582,0.061223591083785306,0,3
6154,796,9.174534500232532,Online,Food,DE,17.0,0.10155424979846392,0.1333464043914221,0,3
4726,551,147.44166896881117,QR,Food,US,7.0,0.730678439189266,0.24318912144532404,0,3
381,121,859.1803615798734,POS,Grocery,UK,8.0,0.15037145096642537,0.1359037744017953,0,3
480,973,92.13901254778355,POS,Clothing,US,13.0,0.1388396232888694,0.07640551980712194,0,3
1491,599,126.49920161002122,ATM,Travel,FR,11.0,0.23969910328280863,0.2833655203349324,0,3
242,767,93.49291454962676,QR,Grocery,UK,5.0,0.21844452502319656,0.2836849028332962,0,3
8268,273,21.65916514422333,ATM,Food,UK,18.0,0.03511867567347175,0.2643137556686154,0,3
3891,356,26.240525045427034,POS,Food,TR,22.0,0.06884219424651378,0.05883381264815419,1,3
6320,444,302.5178623107663,ATM,Electronics,DE,20.0,0.14962967469318594,0.2294344092741766,0,3
7648,9,567.3619191391601,Online,Travel,DE,17.0,0.46122741019114805,0.09703432321432556,0,3
3181,947,96.53093599612731,QR,Travel,FR,17.0,0.17708193882986822,0.12576418027326866,0,3
7979,6,131.49648865326836,ATM,Travel,UK,19.0,0.2351581932997162,0.34256129920162953,0,3
8251,160,0.6840429587180683,ATM,Clothing,DE,17.0,0.07325114232612447,0.03580437545068814,0,3
9829,352,354.51308222436234,Online,Electronics,US,13.0,0.10434679899811303,0.17340858013355764,0,3
2974,867,57.30929519860409,POS,Travel,FR,22.0,0.08917709316807845,0.03513858672429687,0,3
4998,676,200.72265557446326,QR,Grocery,TR,11.0,0.2123853020840072,0.2134922106315931,0,3
841,254,39.678077307601825,ATM,Travel,DE,17.0,0.07574628856838145,0.11879568808844149,0,3
3525,534,16.18216834128924,ATM,Electronics,DE,12.0,0.07183659114109206,0.061225798785940824,0,3
452,304,50.77951699592718,Online,Food,UK,23.0,0.05970734888249347,0.10284584649970062,0,3
9736,584,130.46961125781098,QR,Travel,UK,21.0,0.36294692794759076,0.2692458400844795,0,3
3914,751,729.613607473732,POS,Clothing,DE,17.0,1.0,0.37327884590070465,0,3
6613,85,157.7798530852529,Online,Clothing,US,22.0,0.20682615409036964,0.33742017088620335,0,3
7947,765,472.4890975784369,Online,Grocery,US,19.0,0.04700717687466574,0.175294957300341,0,3
5480,662,34.12245632643803,POS,Electronics,FR,21.0,0.1558100527917518,0.19236429328949514,0,3
530,597,782.2983917265645,ATM,Travel,FR,4.0,0.17106116723072973,0.14831671108705216,0,3
3698,966,501.15548827925323,Online,Food,UK,21.0,0.709190545105957,0.26934417280117107,1,3
300,565,117.24086877865702,Online,Travel,DE,11.0,0.07338432819028906,0.2477682292674448,0,3
6429,310,117.37794434473376,QR,Clothing,DE,18.0,0.4680466572054211,0.24382239849312973,0,3
6406,829,656.6467838800914,Online,Electronics,US,8.0,0.6846207818920618,0.5778043802634599,0,3
6818,863,70.34275207291361,ATM,Electronics,UK,2.0,0.060423664996529715,0.02680093334985265,0,3
3705,129,638.3025597454174,POS,Clothing,DE,20.0,0.15732575248806335,0.4927101839392988,0,3
4954,790,90.73564765320958,Online,Clothing,US,17.0,0.04985135696588579,0.07444936817134815,0,3
7021,979,1.9662330937038686,POS,Travel,UK,20.0,0.027320703872990976,0.16893836326126163,0,3
3857,570,325.8446975914802,POS,Clothing,US,22.0,0.2348444706302773,0.21031227325142027,0,3
2919,666,65.67650657701624,POS,Travel,TR,11.0,0.23750865602095267,0.41760242001389436,0,3
3082,366,25.421087225394043,ATM,Grocery,DE,14.0,0.23073908311122618,0.07550132057843456,0,3
168,788,4.916849257638509,POS,Grocery,FR,18.0,0.0668270672593921,0.048408166322219684,0,3
8508,198,206.7980907019752,Online,Electronics,US,22.0,0.3005891067618171,0.17909537694408614,0,3
9069,129,7.7182312415837275,POS,Clothing,UK,12.0,0.07653421015937895,0.04032119327269956,0,3
8638,618,43.994730700203284,POS,Food,DE,21.0,0.44207667581237187,0.09860413589051105,0,3
2682,627,0.0947866114631708,QR,Travel,US,17.0,0.11345171756827502,0.09336916644867793,0,3
8822,115,15.824571642514584,ATM,Food,TR,11.0,0.15870004918313174,0.08801442722661905,0,3
373,296,270.9896916821498,POS,Food,UK,7.0,0.1922612551484622,0.21000795702480934,0,3
9462,960,98.72314584490441,Online,Travel,FR,21.0,0.2768768913152266,0.09759851426669418,0,3
4920,627,390.93980914070823,ATM,Grocery,TR,13.0,0.3620936656558268,0.2896222434664094,0,3
6872,982,71.79146920364695,QR,Clothing,UK,23.0,0.12621245957570018,0.10023811651394778,0,3
7589,391,78.4563873162837,QR,Food,US,23.0,0.3627655226761289,0.7057881241498739,0,3
5491,269,385.300602559169,ATM,Clothing,FR,8.0,0.2619255130515899,0.5168286618565795,0,3
9577,221,111.19614048538381,ATM,Clothing,FR,22.0,0.21187612150956625,0.07234529479746528,0,3
2907,323,117.47619486759251,Online,Electronics,TR,17.0,0.02470732158277937,0.10248034123867625,0,3
6510,649,78.47950742469254,QR,Grocery,TR,13.0,0.3035526508614249,0.4908153994729947,0,3
2011,810,34.195484076119385,Online,Electronics,US,23.0,0.21205860977201468,0.10323434639132162,0,3
7266,937,171.11345056129508,ATM,Food,DE,9.0,0.13101696690116285,0.18543522173561278,0,3
7324,205,24.456344813633514,QR,Electronics,FR,22.0,0.03355205294010211,0.04506172905532498,0,3
2403,302,426.3355950746239,QR,Grocery,UK,8.0,0.11474218014159328,0.502226317151552,0,3
3632,363,45.76749438436765,QR,Food,TR,19.0,0.07380058896936412,0.0689794761188352,0,3
6977,145,162.65676479503793,ATM,Electronics,US,1.0,0.1229605464367305,0.11273287337539897,0,3
9333,186,94.42096375083821,QR,Clothing,US,14.0,0.18912052988516914,0.1330443034426272,0,3
5204,690,65.96022967611721,POS,Travel,UK,12.0,0.33515731813937927,0.18584301985772725,0,3
2361,350,10.424375969803247,QR,Electronics,DE,13.0,0.1734903303773365,0.0890009361672844,0,3
3326,460,355.68327621660535,POS,Food,US,11.0,0.1170597147427137,0.07079827901261129,0,3
9922,46,79.39870449549908,Online,Food,DE,2.0,0.22830158526738126,0.12911554988614676,0,3
2381,618,45.95939021872826,Online,Grocery,TR,19.0,0.143519262760916,0.11721393614457518,0,3
9516,350,12.55476629629751,ATM,Grocery,US,23.0,0.13692366500302,0.22976349047200115,0,3
6689,285,50.01101685407056,POS,Electronics,UK,10.0,0.23801021487866708,0.26004598372723403,0,3
3852,382,109.13085005204918,POS,Grocery,FR,17.0,0.1237360502625508,0.19025028996092896,0,3
355,560,378.07892970204495,QR,Electronics,UK,9.0,0.26551341026491676,0.1919827547403079,0,3
3455,652,154.65732646745204,Online,Grocery,FR,19.0,0.24449809939938985,0.3500509167083985,0,3
6000,920,3.8698237782374756,POS,Electronics,US,21.0,0.12299455215560011,0.4237176285927739,0,3
1682,485,278.29885259078833,Online,Travel,UK,20.0,0.10417108458748081,0.5950821717944583,0,3
5694,518,12.00187352230274,QR,Electronics,FR,7.0,0.0771666559362353,0.11203097759550103,0,3
3465,431,127.54193464436621,Online,Food,TR,6.0,0.153730574385721,0.20608925951357168,0,3
8143,546,3.3242569912907785,QR,Food,US,9.0,0.0846195951888746,0.35853884501704586,0,3
92,378,93.02713768854437,Online,Clothing,DE,16.0,0.05375657576963687,0.1298187471495485,0,3
1727,967,4.824677276841245,Online,Travel,UK,23.0,0.3525519356741032,0.055286976624996806,0,3
5380,874,134.67015745314697,Online,Travel,US,19.0,0.19476703875459997,0.15917499721123168,0,3
5542,504,44.0648487306952,QR,Electronics,TR,4.0,0.16825233548699559,0.1571355236216592,0,3
1766,475,27.657246699243107,ATM,Electronics,TR,19.0,0.026108723307898336,0.0462459445751145,0,3
6485,100,315.08327442264084,ATM,Travel,US,23.0,0.21622950328875123,0.08327367259400045,0,3
229,490,44.78016382235731,Online,Food,TR,20.0,0.28596089930144947,0.14889161667601444,0,3
900,420,14.329964623324802,ATM,Electronics,TR,23.0,0.1396737026552885,0.15549263045092027,0,3
9250,873,759.8893056988206,POS,Food,FR,20.0,0.12512827789922204,0.1553774614643385,0,3
4664,825,106.64721654127318,QR,Clothing,TR,9.0,0.07695363640107546,0.04945955747291045,0,3
6417,128,31.025227303745762,QR,Clothing,US,22.0,0.12293244682746471,0.3227363761457278,0,3
2025,662,138.92494173852046,ATM,Travel,US,5.0,0.2983754331245672,0.15687301611490503,0,3
8369,557,318.7030734237632,Online,Clothing,FR,22.0,0.41825315708532873,1.0,0,3
9315,420,78.8483957005387,QR,Electronics,FR,23.0,0.03041102226082163,0.07257223473376054,0,3
5306,567,98.60601310831001,Online,Food,FR,10.0,0.07026521913937499,0.29238611336737924,0,3
5115,337,218.56399082314303,Online,Grocery,FR,22.0,0.31622439598062324,0.14791664650399433,0,3
6942,884,14.233264013757529,QR,Electronics,FR,19.0,0.19273798264835262,0.04689044539784537,0,3
8350,309,388.4068164010887,ATM,Travel,TR,16.0,0.13210104015101937,0.34170901022284916,0,3
8455,64,36.84348601571759,POS,Travel,TR,4.0,0.028090674972280915,0.030375544205336016,0,3
7786,739,55.577650782259035,Online,Food,FR,14.0,0.04746998817032494,0.10916241090679007,0,3
5504,729,193.64040019997626,QR,Grocery,FR,10.0,0.10330908962555961,0.29774423810182593,0,3
7441,441,138.04102836415547,Online,Clothing,US,8.0,0.08533795020585186,0.16887767757565383,0,3
6866,749,30.529703604362005,QR,Food,UK,10.0,0.2516294799798782,0.4235877753169997,1,3
9180,914,0.0,QR,Grocery,TR,23.0,0.03072007006636059,0.04066037978254328,0,3
1632,564,299.16487733578657,QR,Electronics,US,22.0,0.05599468398388226,0.10771522643594389,0,3
2442,500,17.22411914619554,QR,Grocery,US,1.0,0.1509094316603474,0.14240518764841736,0,3
8605,160,63.081118084036014,Online,Grocery,US,14.0,0.032993256749887415,0.15011394731306515,0,3
3879,122,1199.4804958538539,QR,Grocery,TR,16.0,0.8203343768376341,0.4146177868555506,0,3
6497,408,235.5483629250029,Online,Clothing,US,13.0,0.0740855810651742,0.5458540063252658,0,3
1548,517,242.8392558093119,POS,Clothing,DE,8.0,0.6552875172446134,0.17591624266785044,0,3
239,74,136.02995080659133,ATM,Travel,UK,6.0,0.14626513739713945,0.42769752063060795,0,3
8744,976,77.63589535769196,QR,Clothing,UK,12.0,0.04475326044053718,0.18089890802360448,0,3
9362,232,169.2556165892722,QR,Travel,FR,20.0,0.17988677052628754,0.12070156405539656,0,3
1920,151,182.36403410319105,ATM,Grocery,US,10.0,0.07517143821655509,0.04421737680121324,0,3
5089,591,35.59311425011428,QR,Electronics,TR,2.0,0.2986362496787207,0.48201391256507414,0,3
4266,375,37.54970780210607,ATM,Food,FR,17.0,0.09038029062914711,0.09616976131976872,0,3
528,243,17.405693822194547,ATM,Clothing,DE,23.0,0.07146446121195381,0.19996784316841282,0,3
8905,24,140.3866055003574,QR,Clothing,UK,19.0,0.41570059555156397,0.3771679416834916,0,3
5244,361,1052.2506059045236,POS,Grocery,UK,4.0,0.14184394313604587,0.12746307667021556,0,3
815,768,928.0398257890407,ATM,Travel,UK,20.0,0.24140118286047102,0.1388925313279527,0,3
9662,915,2.2244877473588516,Online,Travel,US,23.0,0.11821161080798939,0.06735317788754319,1,3
8989,401,190.746132585091,Online,Travel,TR,10.0,0.04491750784567682,0.1256746631103683,0,3
609,935,109.85313515621641,QR,Travel,TR,14.0,0.254339687173597,0.25503211011211846,0,3
6501,916,1125.9617156729512,Online,Travel,DE,9.0,0.17559281714569847,0.1491016923791656,0,3
4838,55,12.098392556132989,QR,Travel,FR,20.0,0.05229263513296861,0.043097138115550285,0,3
8563,354,139.82450310105176,QR,Grocery,FR,16.0,0.17542373098065606,0.09992963976250407,0,3
886,335,6.016034621005841,ATM,Travel,TR,20.0,0.1644874793112361,0.5557806365832215,0,3
8080,880,35.79917115405831,ATM,Electronics,TR,13.0,0.14270503278600719,0.13816806859503875,0,3
6533,871,240.07146176422611,Online,Grocery,US,10.0,0.10070092357879959,0.06287252407118246,0,3
8538,166,417.06348671276055,POS,Electronics,FR,20.0,0.18042474376271864,0.06936873484807046,0,3
1110,281,6.069254312060161,POS,Food,UK,19.0,0.1872489171376914,0.8022513652538773,1,3
426,716,13.538915941962783,Online,Travel,TR,18.0,0.1167046916056423,0.05362855359484222,0,3
7435,157,4.464241108009796,POS,Grocery,DE,16.0,0.13747123443517606,0.11224048911300749,0,3
3073,761,150.83334673963964,QR,Electronics,TR,12.0,0.04310607532293659,0.2323206180661164,0,3
7247,559,61.377519949083535,POS,Electronics,TR,20.0,0.07175212388408728,0.5522624054805557,0,3
251,793,52.23908026510308,ATM,Grocery,FR,9.0,0.1353234111634984,0.37824447776902403,0,3
7667,282,43.51089668916837,Online,Travel,UK,20.0,0.20014291885647703,0.4536163115270597,0,3
5568,282,343.2955182816525,Online,Electronics,DE,21.0,0.14197944630335513,0.1628053093719257,0,3
3146,799,221.96661845314517,POS,Food,UK,18.0,0.46432834268778594,0.6626842804434901,1,3
3484,312,124.00355639792876,Online,Clothing,UK,18.0,0.08045288871579989,0.09290355485426699,0,3
2415,395,144.45413679761606,Online,Clothing,TR,16.0,0.3961209200889268,0.12013563214569337,0,3
710,869,181.16484236908408,POS,Food,TR,1.0,0.21792671558530147,0.15817388184097225,0,3
8828,525,135.60331390347687,QR,Electronics,NG,8.0,0.7940527797278938,0.23115240371976647,0,3
2368,446,15.137593326085444,ATM,Grocery,UK,15.0,0.1328344245999903,0.02501296354894691,0,3
2876,12,385.0848537242011,POS,Clothing,TR,13.0,0.2316841152851486,0.3786509757679478,0,3
1075,27,428.7670982433131,ATM,Grocery,DE,10.0,0.10056963729245659,0.2483160747029351,0,3
415,11,416.31839240188464,ATM,Food,DE,3.0,0.5524741540057101,0.580122678540317,0,3
7213,918,30.20197274604108,ATM,Travel,UK,20.0,0.23308585414238586,0.2159251326474769,0,3
8420,334,522.005891101734,QR,Travel,TR,9.0,0.22232192378643034,0.14789721693597793,0,3
390,263,15.966622465048538,Online,Grocery,UK,19.0,0.0843636375956466,0.14925421960190988,0,3
9828,182,540.887631644798,ATM,Travel,US,3.0,0.36840917252967803,0.08271800413366537,0,3
7040,87,0.0,QR,Food,FR,22.0,0.10791630740394455,0.12168310404759933,0,3
1888,781,35.85516418252665,ATM,Grocery,US,19.0,0.43508045460066463,0.3623242708406575,0,3
4538,71,14.055287463193089,QR,Travel,FR,23.0,0.10161732633735007,0.3118237709814393,0,3
427,272,11.160101622792201,ATM,Food,FR,21.0,0.4689738046373391,0.42496057356788886,0,3
8138,425,104.9130097530511,Online,Clothing,DE,8.0,0.05993934115424469,0.16561422251660912,0,3
5560,462,0.0,ATM,Clothing,US,5.0,0.09269319861861271,0.08265279960727986,0,3
8006,593,78.31475471103757,Online,Grocery,UK,3.0,0.20657127721021873,0.5650113430955053,0,3
3123,396,157.64698807432052,ATM,Grocery,US,12.0,0.10875744764304596,0.2314690325628056,0,3
2578,818,994.8306347785401,POS,Travel,FR,16.0,0.33155889443044423,0.5987114418742232,0,3
8949,720,639.4017806487453,Online,Electronics,UK,22.0,0.2301307107657628,0.5171514977286975,1,3
1669,266,43.19505681708675,POS,Grocery,FR,9.0,0.07756184577574356,0.19219949263581035,0,3
3330,495,12.601996882642734,ATM,Food,TR,9.0,0.04314613401063268,0.13137782543535412,0,3
5325,334,332.7474128972917,ATM,Grocery,FR,5.0,0.21860833437916213,0.18354529765450023,0,3
1192,837,5.326096036803719,Online,Grocery,DE,10.0,0.11588068026968414,0.3619229533879387,0,3
8041,949,43.24728583342677,Online,Travel,TR,13.0,0.07088251174028015,0.08942904399657992,0,3
5539,373,64.55748003402367,QR,Clothing,US,11.0,0.22399766276642855,0.24511690244893447,0,3
7405,236,53.94565826323147,Online,Clothing,TR,21.0,0.09740679552768834,0.25774695650718854,0,3
1800,440,271.0075175232473,ATM,Grocery,US,23.0,0.15359139232907423,0.0832285995092892,0,3
7961,373,224.84282286150926,Online,Clothing,US,11.0,0.11461523385025543,0.040848554386931316,0,3
7545,757,457.8828022178729,Online,Grocery,TR,23.0,0.16268327726909318,0.3063921251599135,0,3
2719,55,133.98575578150235,QR,Clothing,DE,16.0,0.26825322305131993,0.2461896813887086,0,3
6467,319,19.231969013357546,QR,Electronics,DE,10.0,0.33123364123389826,0.5249640121214791,0,3
464,811,268.02571081748613,POS,Travel,UK,10.0,0.27253413338589394,0.5646209629641223,0,3
8994,181,4.891148221125545,POS,Food,FR,21.0,0.14588157167045962,0.229959145100426,1,3
9626,208,9.908067365912192,Online,Grocery,TR,15.0,0.08166054563879135,0.18803427600834927,0,3
8461,109,116.48732095360484,Online,Electronics,UK,21.0,0.11205058174817784,0.16366760168397726,0,3
6144,264,89.29042345393799,ATM,Electronics,US,17.0,0.2195333274600437,0.10246637485041814,0,3
784,294,0.0,ATM,Food,US,19.0,0.0876347714422488,0.10802440622512335,0,3
2515,797,401.9762622917295,ATM,Food,UK,13.0,0.2230710588064581,0.2135489485245028,0,3
5384,41,6.334362682050541,ATM,Food,US,17.0,0.07475387214796322,0.12800941188949805,0,3
3277,934,102.51506517221962,POS,Travel,TR,17.0,0.12193976196396987,0.1685385404175401,0,3
8536,791,23.929899419208514,Online,Grocery,FR,21.0,0.10941986561020166,0.29623050297666587,0,3
2164,646,161.2746689884439,Online,Grocery,FR,22.0,0.2892436211702947,0.11654766673778594,0,3
7521,408,723.7597052279056,POS,Clothing,TR,17.0,0.24559006979995354,0.3269069303678405,0,3
7251,984,257.0679673881454,Online,Electronics,FR,16.0,0.629033231977986,0.24839598987624795,0,3
2029,31,41.34102935810023,POS,Clothing,TR,18.0,0.1746192506956373,0.10212042409958033,0,3
5647,760,32.404767638869245,POS,Clothing,DE,16.0,0.12415276256208413,0.048846751519577514,0,3
5436,887,11.997637943513379,ATM,Grocery,TR,5.0,0.06562554388605576,0.3228361154018439,0,3
356,44,28.564085738640486,QR,Clothing,DE,7.0,0.15296433160498302,0.09269402651073205,0,3
5926,264,19.473896918419157,POS,Travel,FR,16.0,0.36439181640988,0.16780451892615725,0,3
5339,482,172.75764428339178,QR,Travel,UK,15.0,0.057655599525995055,0.20340982903637853,0,3
1731,235,8.388569494559736,POS,Grocery,FR,22.0,0.058957201103730955,0.2566265438452657,0,3
8928,501,16.630038355213966,ATM,Grocery,US,21.0,0.14396917234263398,0.1406971936242385,0,3
4452,157,44.07496545759874,POS,Electronics,FR,19.0,0.09514827246798224,0.04897838618863681,0,3
9677,700,279.12717267845915,POS,Grocery,DE,9.0,0.2269304028916461,0.22392636253239986,0,3
4902,717,93.26830225882222,ATM,Grocery,DE,17.0,0.30885157300013316,0.16832047683548468,0,3
2595,969,32.35574476647373,ATM,Travel,FR,18.0,0.24893298915662201,0.04850072125032154,0,3
331,366,194.6665352708715,ATM,Food,DE,20.0,0.12117088167203299,0.13757983800738077,0,3
8393,208,38.93129447533379,QR,Clothing,DE,20.0,0.24796378550645085,0.24379393531737442,0,3
4807,972,818.1758346810502,ATM,Clothing,DE,17.0,0.49004106396103864,0.4414904782488805,0,3
7159,514,436.7111828101637,QR,Electronics,UK,14.0,0.9777124480402272,0.5556484238506856,0,3
5517,658,4.345046274700605,POS,Grocery,US,19.0,0.10219073133463988,0.09551953288715624,0,3
1609,610,31.099542679122173,QR,Travel,UK,22.0,0.05792347964431725,0.1631625830390026,0,3
8763,628,7.980764551948193,QR,Travel,UK,20.0,0.06707323884262475,0.14911538453547613,0,3
8352,815,110.02969789994091,POS,Food,TR,14.0,0.04033599294317468,0.4740471150202003,1,3
673,556,1019.347711869767,Online,Travel,UK,7.0,0.4202225237584528,0.5359473756206363,0,3
3060,208,47.88535640824453,POS,Clothing,TR,16.0,0.13982878942851218,0.29882837230978343,0,3
5710,97,231.45944751038945,ATM,Food,DE,11.0,0.23000742156617168,0.49911429280931874,0,3
45,302,247.09766365540253,Online,Grocery,FR,10.0,0.05828474326858915,0.1266763679873327,0,3
3892,811,0.0,Online,Clothing,US,13.0,0.2256937499365797,0.030440303117540136,0,3
1099,692,330.70641056267493,Online,Clothing,UK,20.0,0.07179116687195869,0.2791066122473383,0,3
2219,856,198.20227674068593,Online,Food,FR,16.0,0.198748114155849,0.15287321297771855,0,3
6799,914,277.300626437616,QR,Clothing,UK,8.0,0.19236011313216234,0.08098035681419669,0,3
2349,934,235.01063702886958,Online,Grocery,DE,9.0,0.1591065877323896,0.23569340842267916,0,3
5741,278,36.682751240779126,Online,Clothing,FR,13.0,0.0807303331410659,0.10047943736170224,0,3
6268,760,322.5538118970292,POS,Electronics,US,18.0,0.047674183542559784,0.07482743442510294,0,3
4499,551,96.34296336960895,QR,Electronics,FR,18.0,0.04483097310040456,0.19702157046718805,0,3
4657,111,236.51949563688316,ATM,Electronics,FR,17.0,0.32661538434403137,0.26565367580630006,0,3
430,845,10.46674831864602,POS,Food,DE,16.0,0.09304382236356495,0.15217998260527016,0,3
829,654,15.186343384856908,ATM,Electronics,TR,7.0,0.5912760007668335,0.12286148369732527,0,3
306,19,64.25381324815037,ATM,Food,TR,21.0,0.2961487040419799,0.22288266501763526,0,3
3751,469,17.65869358476297,POS,Clothing,TR,13.0,0.07145697963612653,0.04423466936453132,0,3
775,890,1.9764889104184733,ATM,Clothing,TR,21.0,0.14890273241980567,0.26513005875882584,0,3
5312,310,5.605878241682925,QR,Clothing,FR,20.0,0.2532187377821825,0.18965744792206563,0,3
3405,440,114.19025026822024,POS,Food,UK,19.0,0.08479841050676233,0.1083886907432483,0,3
8850,98,203.41052805444008,QR,Food,FR,18.0,0.16756406216520295,0.10890714026696667,0,3
8634,148,15.791198581746553,Online,Travel,UK,18.0,0.23825033073249957,0.032416269190463025,0,3
4723,617,125.3928281184752,Online,Travel,TR,16.0,0.4845700429601962,0.23585946264974875,0,3
7959,887,29.08313983092419,QR,Electronics,TR,21.0,0.2264225072796495,0.17570371960759934,0,3
3712,503,860.9924206653042,Online,Electronics,UK,22.0,1.0,0.399971254072624,1,3
9106,446,120.83629468848808,Online,Electronics,US,8.0,0.16260183604850248,0.2167642563987667,0,3
3685,802,162.27616834467287,QR,Travel,FR,23.0,0.250427866150921,0.18840871027202663,0,3
3500,186,487.75135421004967,POS,Electronics,UK,21.0,0.161370437828008,0.33272382218262553,0,3
9404,65,540.1894770160602,Online,Travel,TR,21.0,0.17798850855141102,0.2826924670420809,0,3
6683,524,512.8099562445115,QR,Electronics,UK,12.0,0.08312318353643074,0.06866734070263664,0,3
4265,412,18.250489946251513,ATM,Clothing,FR,9.0,0.40069476190366915,0.1161475120069481,0,3
2661,644,132.20406184335974,POS,Food,UK,11.0,0.2557144117101718,0.08269209341394232,0,3
3193,466,34.188613121825654,POS,Clothing,FR,13.0,0.18332180406205872,0.06235625681797845,0,3
3301,673,195.1063484421165,ATM,Food,DE,20.0,0.122264382030796,0.17884668135797915,0,3
3930,275,56.196142811289995,QR,Grocery,UK,17.0,0.11176586990389206,0.16750432419915223,0,3
1249,422,480.45234982598146,POS,Electronics,TR,7.0,0.36116004175573685,0.38460545204717483,0,3
998,274,136.03067223178806,ATM,Electronics,DE,13.0,0.16312994418763443,0.4692451727625052,0,3
2185,460,159.0686076716713,Online,Travel,UK,5.0,0.04376410776258563,0.07519588375510818,0,3
9421,969,160.78217445445344,POS,Grocery,TR,7.0,0.1963250289583414,0.0933969770973518,0,3
1365,161,289.7804789670448,Online,Grocery,DE,16.0,0.13147162762351036,0.1291645801833405,0,3
7187,348,59.11578932223812,Online,Grocery,DE,8.0,0.16135355664425904,0.6688452010766238,0,3
2099,713,93.58451216327654,ATM,Clothing,TR,19.0,0.055062825507578766,0.15200189284267565,0,3
7485,101,111.20063502430375,POS,Grocery,TR,11.0,0.1746769435918353,0.2859090785864888,0,3
781,356,22.541223127744168,QR,Travel,FR,20.0,0.08148143067178637,0.058312238116854785,1,3
1058,513,190.46118983893473,ATM,Food,TR,8.0,0.2441974915963556,0.42147334967597005,1,3
2200,192,118.40660167084387,POS,Clothing,US,16.0,0.04468518136665711,0.16425254736947323,0,3
700,874,204.68237143445754,POS,Grocery,FR,2.0,0.11220521094987282,0.09137184687764163,0,3
6001,93,67.16627757561623,QR,Electronics,DE,14.0,0.2846700984473991,0.045383709225365956,0,3
6765,772,1168.0310671774437,POS,Grocery,US,11.0,0.18078089570967731,0.06159508363625424,0,3
3806,611,210.81240186362285,ATM,Clothing,UK,4.0,0.09514370404713662,0.26365926192464273,0,3
8530,222,32.83866679874594,Online,Grocery,DE,20.0,0.1879348447953732,0.23402239115617782,0,3
9518,245,12.005251189835956,POS,Electronics,FR,8.0,0.13892850163482948,0.11197138008036941,0,3
946,910,575.6110089423703,ATM,Grocery,DE,14.0,0.11054081574578406,0.3301599660211398,0,3
895,677,459.11275885559814,QR,Clothing,US,12.0,0.3566645351678739,0.4269150310841824,0,3
9630,751,52.24482343182703,Online,Electronics,TR,21.0,0.04154048730420247,0.09177109967958243,0,3
2543,165,421.65344836318724,Online,Food,UK,0.0,0.1741561199149175,0.25384518542643275,0,3
4934,71,709.7063806608774,ATM,Travel,US,20.0,0.0840231506217928,0.08867808237093436,0,3
8292,412,294.7415214179917,QR,Clothing,TR,12.0,0.2794730236864065,0.6114451867323152,1,3
7561,367,6.815366025284801,Online,Clothing,FR,22.0,0.05529895301304384,0.2770419369127564,0,3
1049,957,226.27050633941974,Online,Grocery,DE,20.0,0.1136578578743359,0.42519788965100047,0,3
1896,442,76.21680161027147,ATM,Travel,DE,19.0,0.2778406247845009,0.31960456010376403,0,3
7819,253,56.66685421354347,POS,Travel,UK,21.0,0.10442261706042362,0.07556150462379702,0,3
8680,458,672.3346274237098,QR,Clothing,DE,12.0,0.23508986834742895,0.4115940324519332,0,3
433,134,13.896025493313797,POS,Electronics,DE,6.0,0.1127230292102899,0.07477774293828397,0,3
718,41,62.56479666435733,POS,Electronics,TR,14.0,0.30591977789269076,0.3082371635702248,0,3
1184,426,248.46933146078385,Online,Travel,US,19.0,0.08427576737575586,0.5666473932256808,0,3
6374,941,200.85179082096613,POS,Grocery,TR,12.0,0.23740030128853334,0.22455411788355253,0,3
1193,298,289.67404856596767,POS,Travel,FR,3.0,0.16321175207577004,0.13581110078397435,0,3
456,802,183.08898830568933,ATM,Electronics,UK,4.0,0.36160733544089,0.420980966417649,0,3
5676,162,51.395673255675455,POS,Travel,TR,20.0,0.28228541287740994,0.07610691822432762,0,3
2776,322,71.9003294724868,QR,Travel,FR,9.0,0.1963245076938382,0.08666917532668263,0,3
8173,765,121.63339580755732,ATM,Travel,FR,13.0,0.24204614619268466,0.24917929298185715,1,3
4071,527,327.62433176843393,POS,Electronics,FR,22.0,0.18455104100529166,0.28743568520402385,0,3
3654,138,22.161025940218508,POS,Clothing,US,20.0,0.16492345248667248,0.05688047574622963,0,3
3910,844,45.83017676315096,POS,Travel,US,13.0,0.09586244484642831,0.12737676827600497,0,3
96,301,310.5111776596869,POS,Grocery,US,14.0,0.2019666040511916,0.2333295412868594,0,3
2118,137,132.13331385302877,ATM,Food,TR,18.0,0.07384509057734079,0.12624058852732187,0,3
8280,678,233.1290099325797,Online,Travel,FR,20.0,0.44923098032618797,0.13559576963986922,0,3
6723,679,103.29849702450687,ATM,Grocery,FR,22.0,0.3298574712635333,0.13794437330065248,0,3
7736,481,114.0412773018397,QR,Electronics,TR,6.0,0.340708791718128,0.1892813951985668,0,3
4388,399,274.9920697545043,QR,Grocery,UK,3.0,0.2040030125648337,0.39853159456438275,0,3
8701,454,63.53523527328744,Online,Travel,DE,18.0,0.26971435368623875,0.328699265197567,0,3
4080,48,201.96694375488258,ATM,Clothing,DE,11.0,0.28276614802818595,0.11888898785639876,0,3
4055,883,402.0569068884642,POS,Grocery,US,20.0,0.24690735902361582,0.25761553961959044,0,3
8482,287,77.88784766251689,ATM,Grocery,DE,20.0,0.07229315112136783,0.28231470933902497,1,3
6526,223,460.6369842364419,Online,Electronics,UK,14.0,0.19363939481846518,0.4334836619459141,0,3
9333,47,662.4124655048054,ATM,Electronics,FR,19.0,0.15130706393273918,0.08895543546830102,0,3
5450,951,646.1364042289781,QR,Food,US,17.0,0.4023051216801023,0.2265560900483082,0,3
889,270,57.55349427772686,Online,Travel,TR,20.0,0.023534243760019988,0.07510779413120146,0,3
7327,294,0.9313728090183835,QR,Electronics,FR,14.0,0.16818916995288022,0.25386413268257774,0,3
1617,31,36.67759511323531,Online,Clothing,TR,21.0,0.09489481788147452,0.09505733837736971,0,3
4137,481,276.3173959028684,POS,Clothing,UK,20.0,0.3773179362726805,0.2522430894292982,0,3
5854,753,166.71341309542711,Online,Clothing,US,4.0,0.3542585502968283,0.2711013546045019,0,3
208,845,13.867207627276464,ATM,Electronics,DE,17.0,0.0766729163231475,0.0707236440542991,0,3
3604,703,17.33485301281405,POS,Grocery,FR,22.0,0.07944625449836025,0.20787662445250918,0,3
8484,409,65.28457072515845,POS,Clothing,UK,3.0,0.06819844607371495,0.057022531488370075,0,3
3047,677,83.2846671640286,QR,Electronics,US,5.0,0.15634547426248677,0.15906621385897476,1,3
3350,243,0.0,Online,Electronics,US,20.0,0.18323229465440627,0.049757033171568495,0,3
651,221,32.512561023236316,QR,Electronics,DE,14.0,0.14560934974766462,0.059474516015051354,0,3
2403,14,24.693868169287356,POS,Clothing,DE,22.0,0.2638595919740081,0.2488301581919597,1,3
7243,26,178.96303508615014,POS,Food,US,15.0,0.15573582502779937,0.2364727422131145,0,3
5358,610,66.68437763941357,POS,Electronics,US,17.0,0.09175731916053795,0.21104878112833642,0,3
9683,113,403.90939906134025,QR,Travel,UK,21.0,0.2721720592164047,0.4876800715895889,0,3
3987,871,43.14474191553185,POS,Electronics,FR,22.0,0.04525614463671203,0.0870834750350074,0,3
3911,275,8.45035303626026,QR,Food,TR,23.0,0.07572386108336926,0.07584877195921579,0,3
9597,430,169.75315984812477,ATM,Electronics,DE,15.0,0.48762339924033066,0.1658985523909692,0,3
6020,103,45.22489609094308,POS,Clothing,US,21.0,0.1218435794169711,0.20549722821934263,0,3
6382,378,23.873558809758684,ATM,Electronics,US,12.0,0.125006536900002,0.047086104958039214,0,3
1154,315,294.4918489482441,QR,Electronics,US,20.0,0.1939874042051347,0.26894168074503294,0,3
9447,248,30.9111805271716,QR,Travel,FR,22.0,0.0806518976836241,0.07095368980720339,0,3
9849,281,15.16881833245525,Online,Electronics,FR,22.0,0.044938321536733605,0.12050820605077552,0,3
6964,491,275.8120457583478,POS,Food,TR,17.0,0.17328677840834347,0.21514352691865743,0,3
8323,852,30.399954745270698,Online,Travel,FR,19.0,0.16740185555838896,0.4878211757354861,0,3
1571,484,147.97783882052178,POS,Food,TR,22.0,0.3981132500295279,0.15644198075923654,0,3
4618,277,250.67192675873343,POS,Food,US,15.0,0.4030214212235566,0.2377804514417086,0,3
9436,371,233.9062945675216,Online,Travel,TR,20.0,0.16757260846680255,0.11682676996568309,0,3
8155,181,374.34979746072065,QR,Electronics,DE,16.0,0.09951663964225006,0.04927358563828225,0,3
3815,205,239.93960376538968,QR,Clothing,DE,6.0,0.09762688709060563,0.262385202621792,0,3
6659,330,25.511991993005452,POS,Electronics,DE,6.0,0.37497287099910026,0.2338503227548291,0,3
8872,626,63.32331322544301,POS,Travel,TR,22.0,0.04250304389710069,0.3745590458363026,0,3
2219,532,429.6998089973497,Online,Food,DE,5.0,0.08945604810853924,0.11049964196723493,0,3
3441,262,259.87502714166595,QR,Grocery,US,20.0,0.3178894074954106,0.18042427608261014,0,3
7670,84,80.56606770272408,POS,Food,US,23.0,0.17381776756641917,0.7692717143469366,0,3
3466,54,704.7750414794829,ATM,Food,DE,21.0,0.4347309574480941,1.0,0,3
8505,835,5.933664966349818,Online,Grocery,US,21.0,0.18388878185371083,0.05419250481194582,0,3
9852,110,352.2599854811939,ATM,Travel,DE,23.0,0.35864827336522154,0.21683508274695487,0,3
4393,855,49.68997781354494,QR,Electronics,UK,17.0,0.09162480944940073,0.08246247288375196,0,3
9139,684,21.697002582454246,Online,Grocery,FR,19.0,0.06304163528291097,0.173374485264215,0,3
5916,649,379.62046233519965,ATM,Food,NG,22.0,0.3920143708257077,0.21612358994615813,0,3
8356,71,83.16049369210474,ATM,Electronics,UK,23.0,0.1503911292049183,0.2605309733378458,0,3
9811,806,621.301128985748,Online,Grocery,DE,5.0,0.4292929867643739,0.0427157171982982,0,3
7593,108,283.7979504773878,QR,Food,FR,12.0,0.11333893419553664,0.11172554481111219,0,3
8548,922,23.959414906864,QR,Clothing,US,22.0,0.20694415340027916,0.06765696760578926,0,3
9509,372,35.25510534902542,QR,Travel,UK,6.0,0.03815567085049386,0.1923343121975237,0,3
4329,699,463.24346216889245,POS,Clothing,DE,22.0,0.2937578704829867,0.24086318884247143,0,3
8910,270,320.2104298171169,QR,Grocery,FR,21.0,0.3251374921205587,0.30247739369158,0,3
1709,479,173.47336171840774,ATM,Travel,UK,12.0,0.26064695876048016,0.22281517082627036,0,3
2886,886,207.89093769533608,POS,Clothing,TR,23.0,0.06581879151684852,0.0510447228319275,0,3
8101,620,42.28673627917651,QR,Travel,US,10.0,0.1017379659837817,0.2894199975453243,0,3
1998,355,431.23604544329834,ATM,Travel,US,11.0,0.36406515959315333,0.5051755247893348,1,3
6044,231,264.44473892518243,ATM,Clothing,FR,21.0,0.3399605315195216,0.3116237466294441,0,3
7322,103,5.460177000654032,Online,Electronics,US,9.0,0.13002636656808514,0.21376933485834687,0,3
4746,234,123.10828805181777,QR,Clothing,FR,20.0,0.4494296498804432,0.13330252020505481,0,3
6084,408,69.03507932971856,ATM,Clothing,TR,19.0,0.13362847285563412,0.248338121939949,0,3
7700,711,17.212138934895854,ATM,Grocery,FR,10.0,0.024631677059154304,0.0418576085347319,0,3
9204,426,0.0,POS,Clothing,FR,18.0,0.1064214360285315,0.05514648504242064,0,3
545,308,279.3390151523559,POS,Grocery,UK,21.0,0.7349005304161603,0.3906903340986377,1,3
6994,155,349.0261982659343,Online,Electronics,TR,14.0,0.1457468830538214,0.03264445770372287,0,3
9009,619,32.08323624264998,Online,Food,UK,5.0,0.08121422198526627,0.11136448498361487,0,3
4211,784,158.6793699006554,ATM,Grocery,DE,19.0,0.3026538275933238,0.16911140693857699,0,3
3810,875,24.866404324262238,POS,Grocery,UK,21.0,0.07943087667360421,0.1437638552526317,0,3
5875,386,17.715590798561482,ATM,Travel,FR,17.0,0.07061716690623916,0.19746359751070136,0,3
3902,234,152.48644139749626,Online,Food,DE,20.0,0.48386757531566665,0.2859636073913198,0,3
3256,193,282.5442680851914,Online,Grocery,DE,14.0,0.10245863286815297,0.4306971504132066,0,3
2023,794,201.47580377698608,Online,Clothing,DE,11.0,0.2256276225432762,0.19512050895498806,0,3
3934,823,126.83064453792096,Online,Food,TR,12.0,0.36573880846175977,0.8084433289646147,0,3
4560,53,486.5607564017238,ATM,Food,DE,16.0,0.0699918744137543,0.0781436564299687,0,3
5863,161,42.140567672352574,Online,Food,FR,23.0,0.16467723903531797,0.21354227819886779,0,3
6525,567,35.66211195507,QR,Clothing,DE,4.0,0.3553441528836518,0.37681389769727025,0,3
5714,479,779.4934241882966,ATM,Grocery,UK,14.0,0.43713272864757635,0.5555705992371429,1,3
6181,437,0.0,ATM,Travel,FR,17.0,0.05417820234154209,0.0939016767864633,0,3
9400,657,156.92556617034748,ATM,Grocery,DE,18.0,0.1724926033737796,0.3800121089535772,0,3
7553,666,1.7080759997428405,Online,Grocery,UK,23.0,0.03397698677889909,0.05234949998592915,0,3
7132,296,39.284980814897935,ATM,Travel,US,13.0,0.09313558534925906,0.10490401533056529,0,3
8593,113,163.39178310259942,ATM,Clothing,US,3.0,0.21827475710731079,0.09232988697442851,0,3
1919,721,19.695624767249313,POS,Grocery,FR,10.0,0.12661153899839903,0.16414519834501076,0,3
8642,523,217.09226528092,POS,Electronics,FR,9.0,0.09465344361030441,0.29131638511491736,0,3
5950,929,27.149168636158457,QR,Grocery,DE,6.0,0.15778026417263308,0.04473209412754031,0,3
3157,400,5.695480545216151,QR,Grocery,TR,8.0,0.06365609245301876,0.3383693820951988,0,3
8704,4,108.64642348115291,POS,Clothing,TR,11.0,0.20155275396014996,0.24161579720441043,0,3
4990,288,266.80396631929864,POS,Travel,DE,14.0,0.6341134382769602,0.2884775589493542,0,3
4003,228,14.58423477269872,ATM,Travel,TR,21.0,0.09035178139593415,0.0510929172975308,0,3
7450,656,32.334956570238,QR,Food,FR,22.0,0.07613024212311398,0.09260516627353177,0,3
8011,788,191.2517334570286,Online,Clothing,TR,14.0,0.24698614112733108,0.17718489772659848,0,3
7114,308,0.0,Online,Clothing,DE,11.0,0.02823023905885218,0.16365629678843144,0,3
4754,377,141.928700594646,ATM,Food,UK,10.0,0.13657045671890583,0.31332626055082924,0,3
8179,799,47.56700633773533,Online,Food,FR,11.0,0.033349305735618784,0.08452105360631748,0,3
8523,782,80.82469865311067,ATM,Food,US,18.0,0.3124078576760344,0.24303561169380003,0,3
8534,865,174.88830958042468,Online,Travel,UK,14.0,0.19785201880930098,0.5414845397263305,0,3
1552,256,253.3919332956076,POS,Electronics,TR,11.0,0.2010990182519204,0.350993998191835,0,3
6387,200,125.67668093952346,Online,Clothing,TR,13.0,0.029957489984064792,0.08012899120623468,0,3
7467,603,92.1088581626693,Online,Clothing,FR,16.0,0.05486336762989927,0.08773957603689425,0,3
5412,70,10.339417666864664,POS,Clothing,UK,6.0,0.0375048814089336,0.25336434713543665,0,3
5249,617,158.51543137171117,ATM,Food,FR,20.0,0.3774679717490694,0.10598345547751033,0,3
9376,513,9.043546596482663,QR,Food,FR,21.0,0.15929399349253376,0.07818291163912543,0,3
1253,6,490.9872507018908,ATM,Travel,US,19.0,0.04262727085698438,0.06335523820101496,0,3
2036,355,78.70084104380803,Online,Travel,US,23.0,0.1385616308402453,0.3327713055435608,0,3
4440,962,35.88702777786929,Online,Clothing,FR,20.0,0.10241564815092677,0.0428786296822026,0,3
9677,158,13.62428021919505,QR,Travel,DE,14.0,0.5767581739479182,0.1931001710450548,0,3
9270,33,22.9089258788118,Online,Grocery,DE,21.0,0.30014099728085375,0.07423792055846945,0,3
7737,515,0.0,Online,Food,UK,22.0,0.09388431160890565,0.09838902192800876,0,3
3211,928,590.0351694782954,ATM,Food,TR,13.0,0.14014168010451852,0.05814511908035239,0,3
5246,124,268.52317358663464,ATM,Travel,US,21.0,0.23727295009267402,0.11681964819393181,0,3
497,257,42.61037205817505,Online,Grocery,DE,16.0,0.07344133838257892,0.042347331275023534,0,3
6276,854,338.4517249402811,POS,Grocery,FR,15.0,0.23252660331942526,0.22467145177414768,0,3
6204,329,66.76855883572995,QR,Clothing,FR,6.0,0.21984190268712323,0.519572604062139,0,3
1574,959,167.90461941587895,QR,Food,US,18.0,0.2833025245065274,0.04946884451112832,0,3
4283,725,147.16538003113763,POS,Food,DE,17.0,0.24739637060216377,0.08183529770118309,0,3
3653,686,453.3714328335313,POS,Clothing,US,1.0,0.08124441383596763,0.403367384911592,0,3
1952,807,6.981847347963139,QR,Grocery,UK,18.0,0.05102337664215861,0.05090346545862235,0,3
1375,67,29.633807301160154,POS,Electronics,UK,12.0,0.12177562621699574,0.053194401198747326,0,3
7645,605,109.28337215706654,QR,Grocery,FR,17.0,0.6949772063224817,0.7417876284239078,0,3
2349,61,80.03119360169923,Online,Grocery,DE,9.0,0.09835105470479501,0.5176637706126168,1,3
9856,229,24.656685655390106,Online,Clothing,US,12.0,0.08240688617009911,0.09325125582651295,0,3
8182,214,126.1094233118497,Online,Electronics,FR,8.0,0.058170350279864266,0.14512223262177873,0,3
7803,83,297.5252066683665,ATM,Grocery,FR,22.0,0.06875489175311034,0.2278628314720883,0,3
4706,976,140.3176958351474,POS,Grocery,TR,10.0,0.07993814086231862,0.08990581918507161,0,3
7905,741,256.173160463437,Online,Travel,DE,17.0,0.29275467994107296,0.10992070978841051,0,3
1091,293,119.82962347733223,Online,Grocery,DE,18.0,0.2628040401217991,0.09940412962288322,0,3
5840,887,778.6889066828581,Online,Food,FR,21.0,0.18908356212061442,0.34885334190227535,0,3
5754,749,247.08474584886403,POS,Clothing,DE,21.0,0.6155660975025931,0.2339335273449129,1,3
5565,214,488.71420521330674,POS,Clothing,TR,18.0,0.05186570232252005,0.3552483024480848,0,3
6457,367,2.09905971936492,Online,Clothing,TR,19.0,0.09104593771810568,0.08106093755265388,0,3
5264,15,3.002958184445499,ATM,Grocery,TR,20.0,0.20472027027969955,0.1116434143839208,0,3
8020,588,4.292392509971324,POS,Grocery,TR,13.0,0.16103076277338949,0.12626031274207877,0,3
5474,110,0.7881236021916597,ATM,Grocery,US,18.0,0.11866689230753473,0.06602807060678026,0,3
9338,67,74.9811599257904,POS,Food,DE,13.0,0.11078715169407277,0.06467319721888423,0,3
1977,734,184.48870669709237,POS,Electronics,UK,15.0,0.3275405562900255,0.30507842830290144,0,3
5292,850,91.40206958678685,ATM,Grocery,US,17.0,0.3713361014819311,0.2706208153516888,0,3
2333,984,2.254881738058214,QR,Grocery,FR,5.0,0.11225403521370786,0.35560164221732204,0,3
758,850,419.72891754113516,Online,Electronics,DE,8.0,0.1762912943422669,0.3672720839877017,0,3
4735,659,389.08304368693604,QR,Travel,FR,22.0,0.12367228251282802,0.2112622031591255,0,3
2663,326,70.26675644690617,ATM,Food,TR,6.0,0.1627972640992881,0.07918648562549076,0,3
6718,572,305.63073495947015,QR,Electronics,UK,8.0,0.1176563243471635,0.061234852014418695,0,3
651,376,52.352756306769834,POS,Grocery,FR,1.0,0.07853883729848998,0.08042109118079072,0,3
6338,431,68.84683566863318,POS,Travel,TR,18.0,0.04118780777926317,0.11239301449008256,0,3
3420,261,65.7103973029674,ATM,Electronics,DE,21.0,0.24319529699851034,0.22802839268174144,0,3
7258,919,321.5070882162111,ATM,Travel,DE,16.0,0.04234982665019249,0.073406776482839,0,3
5068,576,57.161217086402445,ATM,Clothing,FR,19.0,0.29659871805997784,0.15018803967140767,0,3
679,581,206.67739037236834,ATM,Grocery,TR,18.0,0.09744812610600465,0.5053205951990085,0,3
5015,692,75.19187891806898,Online,Electronics,TR,21.0,0.039215562223652696,0.30879596836455503,0,3
467,649,70.3605253092797,POS,Clothing,US,10.0,0.3154967273069245,0.5145850480216004,0,3
8025,891,14.265229545359166,QR,Electronics,DE,3.0,0.12569825109558594,0.24043981124870203,0,3
7402,291,380.35676220765265,QR,Clothing,DE,1.0,0.5209194839698801,0.4687344768278371,0,3
7117,857,1.5117520456109426,POS,Food,FR,21.0,0.11959759967982911,0.07153799066929428,0,3
8908,567,14.950036467396233,QR,Grocery,UK,10.0,0.05272878626656056,0.13015019636619943,0,3
6805,782,74.02830206838324,ATM,Clothing,DE,23.0,0.8663922336254641,0.1317294784541111,0,3
31,455,18.263433216597974,ATM,Electronics,FR,18.0,0.4338880702895569,0.186826443936046,0,3
2708,619,271.47325752332904,POS,Travel,US,18.0,0.3661320305950942,0.09342709172818406,0,3
7859,260,23.222643785750503,ATM,Food,FR,9.0,0.17854896086322555,0.37769530618480196,0,3
788,578,0.0,QR,Electronics,US,23.0,0.2829577794149589,0.06000497099606652,0,3
8807,842,135.20502298884287,POS,Food,UK,7.0,0.1366480939026677,0.11156024371583645,0,3
89,75,32.337485020907565,ATM,Travel,FR,16.0,0.20708726112838946,0.1244362756883068,0,3
7257,527,252.61658034622002,ATM,Grocery,UK,22.0,0.7904114263035878,0.44135519790596983,0,3
8305,167,252.35039135802634,Online,Travel,TR,21.0,0.12541853586059856,0.04057165365690525,0,3
8458,641,72.00868530819179,ATM,Grocery,TR,17.0,0.23490644741283415,0.17390709043352637,0,3
3424,628,238.21553985874627,Online,Clothing,UK,19.0,0.24364115974719824,0.16761283189256207,0,3
9171,826,495.815752761336,POS,Clothing,DE,14.0,0.12420107896575266,0.20368230065392975,0,3
9992,238,226.04129448950164,POS,Grocery,US,22.0,0.05172263954290114,0.20566864436905377,0,3
3195,992,87.46198728576451,ATM,Food,TR,15.0,0.29501446888821514,0.5100543574476563,0,3
480,6,20.239820034935832,QR,Grocery,DE,6.0,0.24704828537470927,0.05148387483690285,0,3
6420,638,55.852806311736785,Online,Clothing,TR,20.0,0.24763249358645217,0.17771576553339094,0,3
6332,693,33.775126733366186,POS,Travel,FR,21.0,0.17117613366543186,0.23953654963220045,0,3
305,50,16.466277900121867,Online,Electronics,US,15.0,0.1021198994031092,0.46715318135949746,0,3
1027,647,434.39473288377377,Online,Travel,US,21.0,0.07865557715652342,0.4990788740906794,0,3
5709,379,60.749196202027804,QR,Travel,FR,12.0,0.2032695110356044,0.3371595165530454,0,3
2527,939,18.13103748174668,QR,Clothing,FR,18.0,0.07662059037393745,0.22060493666700245,0,3
1892,287,68.63917016850033,ATM,Food,FR,9.0,0.1469845055450229,0.21480990596452246,0,3
9760,830,7.637813633825925,ATM,Food,DE,7.0,0.43983712044061546,0.28562133906372156,0,3
9259,108,136.70146843319748,QR,Travel,US,12.0,0.8530774579132161,0.11322542775610422,0,3
3225,843,602.4135910489366,Online,Food,TR,2.0,0.6364646508185388,0.7699012114590102,1,3
7334,208,3.222896816231601,ATM,Food,US,22.0,0.1112196337238399,0.20317732160320798,0,3
4430,296,27.685330335897664,QR,Grocery,TR,15.0,0.19971902769691208,0.2010241053959068,0,3
550,387,262.13906629363447,Online,Travel,FR,12.0,0.07964338404785773,0.12651341023352725,0,3
7966,987,163.6176006356345,Online,Travel,DE,5.0,0.33597233198922205,0.24801052078606334,0,3
4931,83,287.0844398991177,ATM,Food,TR,12.0,0.12035783061990436,0.1737005843263656,0,3
6720,339,169.9098304277049,POS,Food,US,18.0,0.2667022198602875,0.19359758335687907,0,3
4090,192,22.541393538923778,ATM,Travel,UK,12.0,0.12149934223232463,0.39248593698199724,0,3
7192,238,131.00273410856147,POS,Travel,US,15.0,0.22566525058548578,0.14740663151253813,0,3
3399,889,216.93309063827095,Online,Travel,FR,21.0,0.15275107134583593,0.053663676361208335,0,3
6432,907,99.29095544773013,Online,Clothing,US,16.0,0.1916705706394539,0.5038607997903316,0,3
5747,834,363.4583637995399,Online,Food,FR,1.0,0.06858583572923216,0.13372013690528362,0,3
4607,63,54.73276039202113,POS,Travel,US,16.0,0.08118797375690427,0.08500321175605322,0,3
1818,414,213.25618256092113,ATM,Electronics,FR,16.0,0.2768204045983296,0.15433606823130347,0,3
6996,85,60.96369168765641,ATM,Clothing,TR,22.0,0.1370110664125912,0.578548930484703,0,3
6255,849,157.1110498401744,Online,Food,UK,10.0,0.415111831311834,0.2684663779072648,0,3
8602,109,282.65162533045304,QR,Electronics,TR,23.0,0.12981272703362057,0.566520592060465,0,3
3930,798,343.23764727639275,QR,Food,US,20.0,0.12374037885787523,0.08283553378702577,0,3
1265,28,504.82080990266417,Online,Travel,DE,22.0,0.21458792874521626,0.053810623281802736,0,3
1277,675,184.88220765288563,Online,Travel,FR,4.0,0.2149863657418413,0.10335705490647955,1,3
6802,568,23.660967290642624,QR,Electronics,TR,20.0,0.19355959012490198,0.06522438806028048,0,3
6468,801,14.993403539826165,ATM,Clothing,DE,11.0,0.05983170735946805,0.40343649362374706,0,3
6444,668,28.180278022161502,POS,Grocery,FR,15.0,0.18411461420492714,0.37015898868307695,0,3
4099,562,716.722536239435,POS,Clothing,UK,7.0,0.20409377983733137,0.6359783229182121,0,3
8559,435,287.96205235625433,ATM,Electronics,UK,14.0,0.18957480747569128,0.0475553284238449,0,3
4483,585,28.94110525958394,ATM,Electronics,TR,19.0,0.09218091032228833,0.06652611537590954,0,3
5801,407,755.4518742316623,Online,Travel,DE,10.0,0.5630924520296716,0.6749943348484777,0,3
9132,474,20.771484486409395,Online,Grocery,UK,8.0,0.32741369888181937,0.10492587616606128,0,3
7866,11,13.302735344545953,ATM,Travel,DE,5.0,0.12907720432945693,0.07012217761153627,0,3
1156,489,38.06155552575561,POS,Clothing,US,20.0,0.1218041120405628,0.09762699507253625,0,3
2931,384,0.0,QR,Travel,FR,18.0,0.08369080906140566,0.16113023085871242,0,3
2406,435,14.625202506047613,QR,Travel,DE,23.0,0.058091633480273415,0.17675793518135627,0,3
8982,694,339.6071010861115,Online,Food,DE,19.0,0.30032790674189475,0.4691417668234425,0,3
2953,435,298.1478735006165,QR,Travel,DE,8.0,0.2400927261782263,0.13696137705172284,0,3
7329,51,91.9637662937709,Online,Food,UK,15.0,0.41115908297205206,0.4979913078223325,0,3
6150,919,78.35585522741826,QR,Clothing,US,6.0,0.07257766888922926,0.2398254955506081,0,3
3528,213,55.68400389024866,POS,Grocery,UK,23.0,0.22205747617841343,0.15322582854644878,0,3
7581,749,50.386446034893524,QR,Electronics,US,5.0,0.07956487442163415,0.13041084549394022,0,3
3323,609,439.7862910157516,QR,Grocery,DE,7.0,0.04752212148217569,0.16661463264623227,0,3
6271,355,458.79596809370554,POS,Food,US,19.0,0.1938355569286778,0.7059944160360032,0,3
6218,532,8.473513783260302,ATM,Food,US,18.0,0.14382812879938367,0.35725532297018425,0,3
9012,433,0.0,QR,Travel,US,18.0,0.07431359415519243,0.08805238593940326,0,3
6813,158,6.23588044984386,ATM,Food,DE,7.0,0.31034389963596415,0.17131496298935286,0,3
9290,410,12.846880548840225,ATM,Travel,FR,16.0,0.21824926920662385,0.26660245985941866,0,3
2757,906,129.8293527031434,Online,Food,DE,12.0,0.18452483782245205,0.06015442602103811,0,3
8774,834,192.38285099460603,QR,Clothing,UK,16.0,0.05804099202573376,0.3560528276856976,0,3
8833,914,2.146185669125333,Online,Electronics,DE,22.0,0.2046912833918171,0.5777759674197069,0,3
2734,598,1302.0445778053627,QR,Travel,UK,11.0,0.20237408284325634,0.2125983387921428,0,3
8980,46,0.0,ATM,Grocery,FR,10.0,0.032728101291610384,0.05147828963426551,0,3
7299,679,290.04080163435174,QR,Grocery,DE,18.0,0.13174595308170858,0.2321185060645333,0,3
1718,888,1.4443144634118337,Online,Clothing,UK,21.0,0.08147728434777474,0.14692231838188274,0,3
7826,835,127.25382078975515,Online,Grocery,UK,7.0,0.0963210245228051,0.20897852865558514,0,3
7596,180,17.799861884808976,ATM,Electronics,US,18.0,0.14956081021603015,0.22382274701323526,1,3
4873,119,519.7547316095997,QR,Electronics,FR,20.0,0.5868020095304052,0.2977928533354734,0,3
6753,337,0.0,POS,Grocery,US,16.0,0.3230835680502242,0.38409228913613025,0,3
1938,247,407.60070283183325,Online,Electronics,FR,13.0,0.08180646952103848,0.14969576019778044,0,3
4080,662,232.96442934656474,QR,Grocery,US,16.0,0.360995407892449,0.12908266179251063,0,3
3493,632,5.748269859422841,QR,Food,FR,23.0,0.17202691229391281,0.21142665742119568,0,3
7254,46,18.13838024497981,ATM,Food,UK,22.0,0.24723081779466782,0.2352402682498813,0,3
3923,152,78.30980175125737,POS,Travel,DE,21.0,0.09544925146485296,0.13566977664472776,0,3
3522,19,65.0315209940339,Online,Grocery,TR,13.0,0.13130577623560122,0.030165500045956813,0,3
4855,537,13.694762881375821,Online,Food,UK,20.0,0.05953818436536043,0.0940317843868178,0,3
3189,777,103.77341410189948,QR,Travel,FR,13.0,0.09609655228160749,0.12999971450259395,0,3
3311,742,15.540197740593838,QR,Grocery,US,21.0,0.261028761125093,0.06650601228862743,0,3
9151,579,194.64398819993062,POS,Electronics,US,14.0,0.4204795152997311,0.23944999387365373,0,3
4381,942,4.419815488115949,Online,Electronics,UK,19.0,0.038150298152682185,0.031113795408166427,0,3
6833,870,31.782992610939854,Online,Clothing,US,10.0,0.07647971790732541,0.04075956532928154,0,3
6673,43,229.1826498300608,QR,Food,DE,22.0,0.14328962455817423,0.27261812417691,1,3
130,978,171.18746641012117,POS,Clothing,FR,20.0,0.13301634121176578,0.19139614889039447,0,3
1967,733,27.550150910108783,POS,Food,DE,20.0,0.060170244182250573,0.05410818790130286,0,3
5395,201,116.39343740402894,ATM,Clothing,UK,23.0,0.18122515067234463,0.18210973542861422,0,3
4460,94,420.869261117938,QR,Food,DE,17.0,0.1603012866545982,0.18060871277055623,0,3
7033,840,142.42165318323362,POS,Travel,TR,13.0,0.11099010403099552,0.054982535320569376,0,3
3578,927,271.825557368528,ATM,Electronics,US,13.0,0.10599834986451279,0.22909701566170548,0,3
2010,12,139.81211362408752,ATM,Grocery,UK,10.0,0.3220576139883859,0.13852878592314258,0,3
693,0,466.78300613279276,QR,Food,DE,23.0,0.1986999065435721,0.10221628899382115,0,3
5765,321,296.44690474852706,ATM,Grocery,US,21.0,0.45453091859079053,0.06943198760162375,0,3
2732,914,15.135792579711227,Online,Electronics,FR,22.0,0.14349416291780454,0.25307830469634074,0,3
9412,10,47.91245022260043,Online,Travel,US,6.0,0.16280986483832474,0.09666263348984983,0,3
1853,25,17.13008245261487,ATM,Electronics,US,12.0,0.10132011176125075,0.10181819050287338,0,3
8688,937,4.638526069818157,POS,Food,FR,19.0,0.4308835525433093,0.15425044646630068,0,3
7773,484,79.21155960841706,ATM,Travel,UK,2.0,0.1585116616186446,0.3639278020166428,0,3
6722,597,66.764546996085,Online,Clothing,FR,21.0,0.23812862033437995,0.17380201467197423,0,3
7672,64,79.39792837132207,ATM,Electronics,TR,7.0,0.35090679686396425,0.1779531109763156,0,3
5991,308,210.2920568640247,POS,Travel,FR,7.0,0.0481051966468384,0.12888397495685378,1,3
9533,98,152.03579043598054,POS,Clothing,US,6.0,0.20434237893138252,0.267848935589036,0,3
2487,208,7.475721031854823,QR,Food,UK,22.0,0.4401866633536125,0.03871874675497447,0,3
8224,103,26.497077831211506,QR,Clothing,DE,10.0,0.17492018311238844,0.2136058619115961,0,3
2570,508,75.61745913899493,POS,Clothing,FR,21.0,0.0874218706905128,0.2653255526328519,0,3
7691,943,0.0,POS,Food,TR,11.0,0.25062840167444267,0.18325197689217906,0,3
6527,677,0.0,QR,Electronics,DE,17.0,0.042270826422498374,0.15428166377998753,0,3
1563,853,240.79735198352066,QR,Travel,DE,4.0,0.1282862417657617,0.22773277519953103,0,3
3188,944,121.49604313137806,QR,Electronics,DE,10.0,0.3572531444845639,0.05432346375969482,0,3
605,280,86.10164975411915,QR,Food,UK,6.0,0.18995015721398745,0.0377341842608875,0,3
2885,106,77.57611010267483,POS,Electronics,DE,17.0,0.3031097271431635,0.18708660653549805,0,3
7226,535,982.5499795383082,POS,Travel,DE,1.0,0.09731770364479424,0.26423025916414405,1,3
7912,543,226.5857320587664,Online,Food,UK,18.0,0.20532224608957983,0.29862506727527593,0,3
1717,436,2.558912410222258,POS,Electronics,US,23.0,0.10630721142673905,0.09164506778944229,0,3
1065,306,12.0707518665257,ATM,Food,UK,16.0,0.36448245613316926,0.11323580703478509,1,3
2178,970,94.37225348581016,ATM,Travel,TR,7.0,0.14414383276772208,0.10377933149143312,0,3
4605,962,89.74968442074623,ATM,Food,UK,10.0,0.6334492304688396,0.3015694571940555,0,3
1480,310,42.73199623241937,ATM,Food,DE,14.0,0.2354034520743764,0.28325233390520393,0,3
8809,326,136.32317563211046,ATM,Travel,NG,13.0,0.15407977408185944,0.10594130457775766,0,3
1762,284,299.0777340362703,Online,Travel,UK,20.0,0.1080169257080427,0.1985976326161819,0,3
1774,187,515.1890414177667,Online,Travel,UK,19.0,0.5386423526572655,0.3797674426485801,1,3
1743,576,29.01904807258818,POS,Grocery,TR,21.0,0.07553460308308556,0.04098988822085246,0,3
6091,206,625.3203535032843,QR,Clothing,TR,19.0,0.3552176466561446,0.403080393958105,1,3
5842,26,901.6263593551732,QR,Clothing,FR,13.0,0.29625801255847317,0.2890896004810994,0,3
2606,480,88.9480943623348,POS,Travel,FR,10.0,0.13608976594650013,0.1531635414610593,0,3
6055,137,807.9518531477925,ATM,Grocery,UK,20.0,0.6022360071013229,0.16270578050661225,0,3
8849,491,126.35662600350427,QR,Travel,TR,9.0,0.3215521428193302,0.49581744025733815,0,3
3297,504,288.0210523171745,Online,Food,TR,20.0,0.1733692101108571,0.4175053085502516,0,3
9554,398,51.604516696913095,POS,Clothing,TR,16.0,0.09579217173516012,0.10171796554589543,0,3
2031,198,178.16610192428055,Online,Clothing,TR,23.0,0.1420766185443741,0.6820062141680556,0,3
7213,246,76.3599530031306,QR,Travel,UK,12.0,0.03588536322930636,0.12897800463499676,0,3
3006,485,87.60361106874544,POS,Food,UK,21.0,0.05443714484421716,0.04532341166387266,0,3
3486,735,39.68991713753263,ATM,Food,FR,18.0,0.0867090306618753,0.07010244377658888,0,3
3858,855,112.03546547652287,POS,Food,DE,17.0,0.04945403244882132,0.13462890942924974,0,3
5317,601,131.1870904059344,POS,Grocery,UK,21.0,0.07341883509964096,0.0704837843925573,0,3
3270,490,464.86833229090513,ATM,Clothing,DE,22.0,0.09210781668537651,0.2871278071714546,0,3
5702,71,469.5407171926854,ATM,Electronics,US,16.0,0.09430492743632321,0.5097919274640874,0,3
3800,693,7.076994205216453,QR,Electronics,UK,21.0,0.16596199810984216,0.039217128185242284,0,3
9778,328,78.267868613258,QR,Electronics,DE,23.0,0.29574547838881005,0.21956073184681202,0,3
9692,447,157.51176305611406,POS,Clothing,UK,3.0,0.40566785588885096,0.11711140749855976,0,3
1972,765,547.5933058102083,POS,Grocery,UK,7.0,0.09866049556956874,0.26086944964874953,0,3
1252,547,187.8640495170824,ATM,Electronics,TR,23.0,0.1286667245056169,0.14369927420351078,0,3
3789,570,236.1988095520516,ATM,Electronics,US,21.0,0.23698155899722725,0.17466442335704213,0,3
4996,867,594.26981426279,POS,Grocery,US,22.0,0.6466221378363439,0.12018579767542725,0,3
7054,10,16.34602620536133,QR,Food,DE,20.0,0.15457121142074956,0.46071197371600997,0,3
7208,918,10.06047693070551,POS,Food,FR,19.0,0.22056046681836727,0.08409466899349158,0,3
2829,306,76.0302174936333,Online,Clothing,US,19.0,0.41677778202981347,0.3454474116366078,0,3
1543,365,24.752473657259024,Online,Grocery,DE,15.0,0.13728942547603568,0.24003737480996676,0,3
128,237,120.70892921130664,POS,Clothing,UK,22.0,0.03245659795113098,0.15742359589411214,0,3
9956,426,2.8237216985062936,Online,Electronics,US,15.0,0.096118645703099,0.16739969463900273,0,3
8064,371,746.0862764054405,Online,Food,US,10.0,0.2627407432850996,0.031785470709294716,0,3
1026,247,726.4438356086059,ATM,Travel,DE,14.0,0.29711985871495983,0.40266907025587506,0,3
3890,265,359.5453710465056,ATM,Food,UK,4.0,0.06520146655650073,0.3230823422980157,0,3
1763,743,35.04836340920328,QR,Clothing,TR,9.0,0.07583780520826164,0.133049427336968,0,3
3973,278,18.215105918403566,POS,Electronics,UK,5.0,0.39918362251794076,0.21615843837669851,0,3
8512,342,19.133326241390293,QR,Electronics,FR,20.0,0.37002573298750396,0.3118597446571345,0,3
4881,53,70.39722600592303,POS,Food,FR,16.0,0.4109299073991113,0.07772434280482615,0,3
8885,37,16.676769068746516,ATM,Travel,TR,19.0,0.17972006212133956,0.10374257037242465,0,3
1856,284,106.19366038080751,Online,Electronics,FR,9.0,0.05440816479445714,0.24109672634573048,0,3
424,899,2.015763165780778,ATM,Grocery,TR,23.0,0.05687474165498112,0.1775035232949108,0,3
950,186,225.76963339580738,POS,Travel,DE,23.0,0.18361076052735278,0.19695996557856976,0,3
1668,854,14.258617840887116,POS,Clothing,TR,19.0,0.18910805731980873,0.1350778983753707,0,3
6141,454,176.7357483441831,ATM,Clothing,FR,16.0,0.12406847503941934,0.31413032926786877,0,3
4317,727,305.708799004614,Online,Clothing,US,14.0,0.16354475806307203,0.23772988660441163,0,3
1258,25,183.53452524458984,POS,Food,TR,22.0,0.31029238832956246,0.17136679255489262,0,3
4091,205,474.7814269242872,ATM,Food,US,16.0,0.1144675298703377,0.10756800256032124,0,3
5714,100,122.50880705697845,QR,Clothing,DE,1.0,0.054744132869170334,0.0807048802476277,0,3
312,981,414.7081493777232,ATM,Food,UK,15.0,0.22507741800820133,0.339140120385415,0,3
4212,379,24.81130354426802,ATM,Travel,UK,16.0,0.2000522002234588,0.16624567515307287,0,3
6707,157,137.32359677893405,POS,Grocery,TR,21.0,0.09530889869858393,0.06547756827439749,0,3
8983,306,180.5401888116032,QR,Clothing,FR,12.0,0.4324320785976763,0.10338824699766479,0,3
255,916,62.458444460647186,QR,Clothing,US,15.0,0.3230948466883249,0.101399013460709,0,3
9811,749,44.492546572681775,ATM,Electronics,FR,20.0,0.25916477147815786,0.20294827471338212,0,3
1757,500,377.3668981752852,ATM,Electronics,US,21.0,0.37909872546877177,0.22147976514521778,0,3
1207,109,157.56253863473208,POS,Grocery,TR,18.0,0.17252106970380485,0.15375311899676652,0,3
3661,7,235.81315999023295,POS,Travel,US,22.0,0.06044518431035363,0.16312668438152556,0,3
3831,690,292.11055631019696,QR,Grocery,FR,19.0,0.44609637385224177,0.29932438706601927,0,3
8472,207,101.61910421947385,POS,Electronics,UK,21.0,0.21060825827001636,0.15563088796021604,0,3
5102,755,107.95775214110465,Online,Travel,US,21.0,0.03686454809130049,0.046933335034017705,1,3
5917,479,133.75682675304338,Online,Food,US,21.0,0.6560286376354079,0.06777132941609829,0,3
7484,235,0.0,QR,Grocery,TR,13.0,0.07978514844459036,0.03556252751759354,0,3
6922,277,511.9811682958321,QR,Electronics,TR,14.0,0.18245244711319536,0.19011431644191498,0,3
9029,320,229.6386408139449,ATM,Grocery,DE,3.0,0.34854504166644906,0.04814824070943699,0,3
9758,347,171.89990595521434,QR,Clothing,DE,14.0,0.3039075859443779,0.20531614310915128,0,3
688,751,161.65042744686008,POS,Food,UK,21.0,0.4321659481481293,0.18986978701526327,1,3
9110,539,177.46436775247412,QR,Electronics,FR,11.0,0.1413580770440081,0.0703302531201209,0,3
438,624,7.187482307554339,QR,Food,FR,19.0,0.09208675337444647,0.027053032214554643,0,3
4529,386,320.8824882164568,POS,Electronics,FR,15.0,0.3560093810811886,0.12877918407764757,0,3
9485,501,105.61692342372685,QR,Clothing,TR,13.0,0.12393906017864356,0.1890647785906701,0,3
7717,838,1600.392579869635,Online,Food,UK,0.0,0.31134664092147496,0.6860787589168448,0,3
2785,719,175.78512752647057,QR,Grocery,US,12.0,0.16885066568946192,0.11276368722178302,0,3
4231,663,54.213622243959385,POS,Electronics,NG,17.0,0.19592645168790057,0.07511259462991215,0,3
9062,353,10.040664969046349,QR,Grocery,TR,9.0,0.3854839468898593,0.25958100871506196,0,3
6440,282,36.29106830882672,ATM,Electronics,UK,17.0,0.042409144762065004,0.03463999829567101,0,3
2456,729,506.5424115555174,QR,Travel,FR,19.0,0.41364353774110907,0.2771474173491036,0,3
9384,441,32.94424122364038,POS,Clothing,UK,14.0,0.25342533393525873,0.07316715794682861,0,3
4511,78,0.0,Online,Food,US,22.0,0.10360877058272529,0.05013663514285216,0,3
8946,730,253.0566418172064,Online,Grocery,TR,20.0,0.1476428780186232,0.20666363025327222,0,3
506,187,420.9383354671101,Online,Electronics,DE,12.0,0.13181821841402452,0.6235246735926071,0,3
5951,569,183.13195075302585,ATM,Travel,UK,9.0,0.47881160288587865,0.6957314459940165,0,3
8794,519,21.507094828092463,Online,Clothing,UK,21.0,0.1780924147671942,0.6947466381583841,1,3
9885,635,227.107523756722,QR,Clothing,US,14.0,0.10734062294181622,0.09444384405224919,0,3
2215,144,198.97250956122113,QR,Clothing,US,19.0,0.236607237834519,0.20829272171386845,0,3
9261,41,14.540747938961788,Online,Grocery,US,20.0,0.02977770370051526,0.05201550568528876,0,3
5635,724,40.25795915335845,Online,Grocery,DE,16.0,0.17376688511554186,0.5744590126170139,0,3
3145,374,37.24931068968619,POS,Clothing,FR,17.0,0.03187232503726286,0.18133996562835125,0,3
2680,295,14.001727608681582,Online,Travel,DE,22.0,0.06773856829114831,0.26332537373710924,0,3
2968,438,162.12429130532107,ATM,Food,FR,16.0,0.22240356720004015,0.14055008966180518,0,3
8392,638,200.30478268304373,POS,Clothing,TR,4.0,0.16435339502338303,0.12787387340446954,0,3
728,335,8.76850198260746,Online,Grocery,DE,23.0,0.050024739546513555,0.09496268604676109,0,3
7249,97,496.38218650828395,QR,Grocery,DE,19.0,0.21423951865822938,0.17694874509149752,0,3
147,802,314.06810333685746,ATM,Clothing,FR,13.0,0.2613305713791021,0.25120519449122714,0,3
5004,454,787.6114045608107,POS,Clothing,FR,21.0,0.17559677302606078,0.14684419649602917,0,3
6838,762,655.735235402421,Online,Clothing,FR,19.0,0.25921674915426546,0.3419217689431403,0,3
3914,272,126.61027672334917,ATM,Food,FR,11.0,0.121234321644997,0.043127214208589705,0,3
4421,131,490.6986767953074,ATM,Electronics,FR,23.0,0.23490714551266614,0.17574693383337647,0,3
2378,884,32.00505376740907,Online,Clothing,FR,16.0,0.04960898186833118,0.2972192225737612,0,3
8415,510,94.92731838177956,POS,Clothing,UK,5.0,0.11478812173078469,0.07648982702464639,0,3
6946,335,150.06519168250836,ATM,Clothing,UK,21.0,0.1319027091151984,0.12320261881271302,0,3
6184,90,82.8317036741664,QR,Food,FR,14.0,0.3224360934223288,0.4255368907984749,0,3
5420,775,243.22508972763916,ATM,Food,TR,6.0,0.1549628477266082,0.09629681785122673,0,3
7472,323,179.46009200757567,Online,Grocery,DE,14.0,0.15955429032562754,0.3342913263212239,0,3
407,107,31.098123496152834,Online,Electronics,FR,22.0,0.09389368148917714,0.03583299605182765,0,3
8493,502,9.244000024959057,ATM,Grocery,US,11.0,0.0993057685390158,0.1284020378437405,0,3
5494,331,231.97442464237102,ATM,Food,UK,20.0,0.16958690852950203,0.09468950991997681,0,3
4925,589,173.13830447939756,POS,Travel,US,15.0,0.39847098988084956,0.16263984595653835,0,3
88,643,394.593676388975,Online,Clothing,UK,15.0,0.06574407880652423,0.4217330253054245,0,3
7319,199,386.71078735707397,QR,Travel,US,18.0,0.47382306062910495,0.15915457364791702,0,3
2191,692,431.7055961842486,POS,Grocery,DE,2.0,0.15737345316038995,0.42805844851125574,0,3
1629,245,345.0540808251055,Online,Food,US,23.0,0.17400871371113133,0.18381858186876915,0,3
6700,746,118.95220498205954,QR,Clothing,UK,12.0,0.09531266513689207,0.1481166312957153,0,3
847,284,7.784351593937467,POS,Electronics,DE,19.0,0.07481192501449548,0.1971789741121894,0,3
2106,573,339.9996777407792,QR,Electronics,UK,17.0,0.1003849562267768,0.373584048453787,0,3
4001,987,68.34960918954567,ATM,Clothing,UK,22.0,0.06777844234031544,0.13459898323467626,0,3
2991,216,22.312766181998242,POS,Clothing,TR,19.0,0.27791274345708095,0.03430562490508959,0,3
3041,1,153.62560172062163,ATM,Clothing,DE,23.0,0.2510823746767652,0.27885750647161034,0,3
3561,826,183.6095447829427,Online,Grocery,FR,22.0,0.22884193144125384,0.15958295897543512,0,3
2974,629,49.97943496431378,Online,Food,TR,22.0,0.3141281748971987,0.1330756186641213,0,3
651,262,166.2754648704454,ATM,Clothing,UK,8.0,0.06403962033234245,0.11849313584778275,0,3
2819,317,106.60293435845121,POS,Clothing,US,6.0,0.18687774703999707,0.10244976727162143,0,3
9681,205,386.5541326469999,ATM,Travel,US,20.0,0.2790860731052593,0.43403751276016106,0,3
4931,174,21.813122425052203,POS,Electronics,UK,17.0,0.1767432966154727,0.03510635738466221,0,3
7489,975,63.60293773460532,ATM,Electronics,UK,11.0,0.21404449528835584,0.38519051992916764,0,3
1257,609,54.2779352810746,ATM,Electronics,US,20.0,0.44907945039635166,0.38425731292689685,0,3
1559,648,52.28416936664331,POS,Electronics,DE,4.0,0.08451415496636622,0.20606286567292337,0,3
9396,47,202.55387190578045,POS,Travel,FR,19.0,0.681393371092293,0.640349922506088,0,3
2487,409,47.057789963470114,Online,Food,FR,21.0,0.1409773021244192,0.2599034170514173,0,3
1373,702,260.2339278240413,QR,Travel,US,23.0,0.09500625776938977,0.37541293325704067,0,3
3724,382,353.12930706952403,ATM,Food,US,9.0,0.38337948599015004,0.27026186931171703,0,3
1514,749,100.32469750004077,POS,Grocery,DE,12.0,0.7376957370731763,0.21748401457606997,0,3
2284,331,35.18616199913785,Online,Grocery,TR,11.0,0.2722238512970997,0.5772116233070549,0,3
5385,65,29.85738007054201,POS,Electronics,DE,5.0,0.1699465051567971,0.08330421142275882,0,3
4297,953,189.16642323683405,ATM,Travel,TR,23.0,0.047351431337541605,0.16010252489445156,0,3
4391,378,297.0752179116972,POS,Travel,UK,6.0,0.2595132782954815,0.16828278105635147,0,3
6128,489,16.233515749485928,POS,Electronics,US,23.0,0.14305587657785634,0.05038504122128803,0,3
2730,174,221.70685676488054,QR,Clothing,DE,17.0,0.5037124373176506,0.5012101888356045,0,3
2187,389,116.50250492206472,QR,Grocery,UK,10.0,0.044787341685956154,0.03306729359415823,0,3
9275,420,58.22278664066633,POS,Electronics,DE,21.0,0.07143138946134525,0.1987834013137111,0,3
1520,198,174.72114094921838,ATM,Travel,US,17.0,0.21830589961004807,0.08754542374631931,0,3
7602,633,35.33519680210501,POS,Grocery,DE,14.0,0.31644845436094127,0.08702625358300556,0,3
3501,119,327.89837980334636,Online,Electronics,US,16.0,0.4403991158171683,0.27752405759359655,0,3
1751,419,323.650068494584,ATM,Clothing,UK,5.0,0.3509518772995527,0.5125224666709479,0,3
9816,511,252.73662208115013,POS,Electronics,UK,19.0,0.06387323821837049,0.07269705943205847,0,3
9572,59,40.52056166139002,POS,Electronics,UK,19.0,0.04527407247155034,0.17303031734827085,0,3
2473,174,556.1140137359915,QR,Travel,TR,9.0,0.14944784432389094,0.03189257915050718,0,3
9703,771,107.96198863848628,QR,Clothing,FR,16.0,0.22996514169759813,0.2912709773660012,0,3
3790,515,316.305410357728,ATM,Grocery,US,20.0,0.24672454288599746,0.05454902051545382,0,3
7754,931,287.54713329446207,Online,Travel,UK,17.0,0.5051058652918162,0.7749251079920528,0,3
2562,741,188.9703379829311,POS,Clothing,FR,14.0,0.14095986413555095,0.1259369510349667,1,3
5899,842,142.9184374382209,POS,Travel,TR,9.0,0.18679694822910758,0.11907256984544427,0,3
5314,11,9.173609461417605,Online,Travel,TR,18.0,0.1109640698449581,0.15972849074994,0,3
7344,162,23.341052743362162,POS,Grocery,DE,22.0,0.6199887528524562,0.16864449413585356,0,3
3180,102,34.74171837578134,POS,Grocery,TR,11.0,0.44141868564585246,0.07036579214835972,0,3
188,641,297.3479426461878,POS,Travel,FR,6.0,0.11489994771787293,0.1024966337265851,0,3
4147,920,253.3256110431249,POS,Travel,TR,20.0,0.30427225218980597,0.283174837620026,1,3
1808,885,41.86875519677054,ATM,Food,TR,18.0,0.15934905570271515,0.02337461141490176,0,3
4278,330,91.3137672230788,POS,Food,DE,21.0,0.08030385626252762,0.229758063928215,0,3
9442,989,412.74278105893853,QR,Clothing,US,18.0,0.24775164417185797,0.2878614459953698,0,3
5663,82,85.9496143735373,POS,Clothing,UK,15.0,0.031225466381509068,0.12866386146477146,0,3
5903,711,98.79146784090143,POS,Travel,US,22.0,0.3949513844532353,0.15573350799316776,0,3
9560,198,499.17608915819017,POS,Electronics,US,7.0,0.039033595428113535,0.39846274655635355,0,3
2977,72,61.02560490151316,ATM,Electronics,UK,18.0,0.10091015650141158,0.22496905784477894,0,3
2806,125,19.768345990797627,Online,Grocery,UK,13.0,0.14444657513550363,0.06910586343226068,0,3
1808,508,269.50632830626057,QR,Grocery,TR,6.0,0.26500842013623244,0.48955222596535447,0,3
6521,645,31.806595949506757,Online,Grocery,US,12.0,0.21001712538854145,0.10547358047128624,0,3
9984,610,22.308955929683307,POS,Clothing,US,5.0,0.05687414318862814,0.12944150732881998,0,3
1108,186,240.193542709825,Online,Grocery,UK,22.0,0.09171689342167208,0.12242354781388398,0,3
3470,838,224.12878678159993,ATM,Grocery,TR,18.0,0.3409936189993043,0.11134966672676305,0,3
5807,657,207.39364911279804,POS,Electronics,FR,19.0,0.29009846356873115,0.18893106116024974,0,3
2198,587,30.701712819594164,ATM,Food,TR,23.0,0.09130955084368016,0.0766076962065471,0,3
4550,896,45.37284950961616,ATM,Travel,DE,6.0,0.24518150628542504,0.4078844832599093,0,3
3277,317,473.2686858077685,Online,Electronics,FR,20.0,0.19472021277186677,0.271430441132196,0,3
6451,911,39.180175688899645,POS,Electronics,UK,22.0,0.10142791086023331,0.2653036228718836,1,3
8327,92,4.336298233678154,POS,Grocery,FR,7.0,0.06313488201825768,0.2009664171294198,0,3
7282,414,134.7262511547714,POS,Clothing,TR,5.0,0.09073097659243123,0.06055275357215366,0,3
8636,156,41.67830689406337,QR,Clothing,DE,5.0,0.3506468021982145,0.1118418923739062,0,3
6051,6,330.15438306211803,QR,Clothing,US,12.0,0.23299054148358123,0.31826069813073743,0,3
5735,823,22.432558289056004,ATM,Food,FR,23.0,0.10445366598140349,0.22898895554652998,0,3
1343,552,238.4897638183296,POS,Electronics,TR,12.0,0.40742224794725285,0.12862105433453305,0,3
5014,824,93.01425099979751,QR,Electronics,UK,20.0,0.30971280668826234,0.17540867473227814,1,3
4625,938,538.3305505413758,Online,Food,TR,18.0,0.1061258909808645,0.04819941630812899,0,3
1603,573,331.16946154426023,QR,Food,TR,19.0,0.2924467203186945,0.29605367530587645,0,3
5579,270,894.2241518379101,POS,Food,FR,13.0,0.1903908847085411,0.719449913156222,0,3
9036,701,335.00211400727807,QR,Clothing,UK,16.0,0.12712517757499764,0.3737279742189237,0,3
7772,548,1001.9731986938194,ATM,Grocery,FR,14.0,0.2598619456319735,0.21330146364275757,0,3
3876,26,148.95293201296414,POS,Clothing,FR,13.0,0.19975534780345747,0.4342126039067774,0,3
8023,221,3.2918965827890654,QR,Food,US,13.0,0.12859130010508277,0.1543449159010718,0,3
2840,788,141.1902686308726,POS,Electronics,DE,21.0,0.5085439812790356,0.0720561819558724,0,3
980,317,209.75520506663176,ATM,Travel,UK,9.0,0.34305576111003283,0.48971804296147065,1,3
49,420,14.893807403876092,Online,Electronics,UK,8.0,0.130534741587465,0.06085920308881663,0,3
1995,165,315.51644792950736,POS,Clothing,NG,19.0,0.3695251181222696,0.3418780059734255,0,3
4768,11,690.4997309462294,QR,Grocery,TR,20.0,0.9683013153340048,0.10978844187103809,0,3
3406,888,106.22780398830132,Online,Food,UK,21.0,0.05159752428711576,0.15728701061845593,0,3
4692,103,12.931092870458823,ATM,Travel,UK,13.0,0.11891255633846506,0.6129359277745853,0,3
1921,955,21.406925394030274,POS,Grocery,UK,22.0,0.0450481604414161,0.07136512487458768,0,3
7179,37,44.90528610893989,QR,Food,FR,19.0,0.07019348356459865,0.11173392864978042,0,3
6879,916,11.550062627500552,ATM,Food,TR,12.0,0.1310553024169325,0.14445206549951983,0,3
5256,955,117.26281192539338,ATM,Travel,TR,20.0,0.4341727093267654,0.028794257250018267,0,3
6016,510,83.47505962808609,ATM,Electronics,TR,7.0,0.04926523769245283,0.12640731686829004,0,3
1865,163,732.6152248885836,QR,Electronics,US,13.0,0.39303588048090266,0.3972864202709741,1,3
6662,890,222.4077422294224,ATM,Grocery,FR,1.0,0.24616086440400883,0.583897211249004,0,3
245,432,0.0,Online,Grocery,DE,17.0,0.40478360625330856,0.1725403499742583,0,3
8343,856,60.32701994878589,Online,Travel,TR,16.0,0.26014582670413827,0.0730938181560878,0,3
2223,841,506.9544009180257,POS,Clothing,US,22.0,0.3416920157330901,0.06770198541844447,0,3
7616,976,124.91057008121521,Online,Grocery,US,16.0,0.13465896189038717,0.20557008729821669,0,3
1577,116,131.3100084244617,Online,Food,UK,21.0,0.6303159919979953,0.8747667043441216,1,3
3851,674,143.39608012556891,POS,Electronics,FR,2.0,0.3161014453262728,0.19523962222984012,0,3
7583,614,342.69486937660656,Online,Travel,DE,23.0,0.4088690387981024,0.15817315742295313,0,3
697,75,113.78204698355276,Online,Grocery,TR,15.0,0.32463372732296447,0.17701736645489596,0,3
3506,741,46.83615777452673,POS,Travel,TR,17.0,0.19534669980762434,0.2773245900682171,0,3
7280,190,48.47006061383517,QR,Food,US,19.0,0.158623988742769,0.07543186905819294,1,3
5418,579,69.66389349987777,ATM,Clothing,TR,19.0,0.3166945760809318,0.08768287260426373,0,3
4257,358,358.7607538572705,POS,Food,TR,19.0,0.12119270950826477,0.19504531530604863,0,3
1699,27,0.0,QR,Clothing,FR,20.0,0.07350514229840963,0.04998532766282662,0,3
1610,456,89.5459577031436,Online,Clothing,DE,8.0,0.49618794433785907,0.7553274455978625,0,3
2694,586,352.33992979057575,QR,Electronics,US,20.0,0.3976814581793608,0.23546262487353706,0,3
4325,437,141.81778221440112,POS,Food,TR,9.0,0.10616833949385349,0.1012914423648143,0,3
3757,661,60.04631043977676,ATM,Electronics,TR,13.0,0.7090512238318942,0.47324295391286997,0,3
4470,224,18.79531058238866,POS,Travel,TR,18.0,0.10047986225213562,0.17596846995919957,0,3
2517,964,24.5764553046443,POS,Travel,FR,20.0,0.12573864702761992,0.07994540946614795,0,3
2926,182,63.07106056978883,QR,Travel,FR,6.0,0.1143523555580867,0.11201406894695776,0,3
2799,198,513.6295025668743,POS,Electronics,DE,21.0,0.40307343510598564,0.3522298872015452,0,3
1865,273,13.262994587312763,ATM,Grocery,DE,15.0,0.1995624733574117,0.3416150947334739,0,3
2436,470,18.378752257449147,ATM,Grocery,US,15.0,0.33477521522422704,0.29222205098437426,0,3
1216,897,23.720238783754635,Online,Grocery,UK,18.0,0.18507600900367455,0.09507308050737029,0,3
2609,360,506.22168861267966,POS,Grocery,FR,23.0,0.5275500227864066,0.6057854196299816,0,3
3074,679,25.065924231624724,POS,Travel,FR,18.0,0.5420306463795146,0.2778512403312922,1,3
8672,288,180.12230154062084,Online,Food,FR,17.0,0.05956798599959386,0.06739746759453799,0,3
1119,514,316.2861585837842,Online,Travel,FR,21.0,0.3241998881946683,0.2514552981412477,0,3
6056,164,67.3796447091904,ATM,Travel,FR,23.0,0.03102283792586189,0.12916491951149062,0,3
3159,482,30.20779932532193,Online,Travel,US,21.0,0.2726454132495835,0.04735461347024543,0,3
8920,9,193.5668254237281,Online,Food,DE,22.0,0.5152496116283481,0.604301020310626,0,3
4015,358,111.61176627179879,QR,Electronics,US,19.0,0.4376372699503168,0.14835147089095094,0,3
1154,952,15.700966608415058,QR,Electronics,TR,21.0,0.11792871259955148,0.06780109707364824,0,3
8272,283,515.130588131593,ATM,Travel,TR,22.0,0.06761391014701118,0.1836700072436346,0,3
6270,578,117.46230266336616,QR,Electronics,FR,17.0,0.13015383886694895,0.02363088123394622,0,3
5805,425,67.01859739582058,Online,Food,US,21.0,0.08559335948609262,0.16073301891567138,0,3
3043,270,227.26588281471368,ATM,Travel,FR,8.0,0.19193961884687932,0.11278597435259649,0,3
9518,912,363.5007657899924,Online,Clothing,TR,9.0,0.8554801185597014,0.5566742141924448,0,3
776,274,61.81425745835044,QR,Electronics,US,8.0,0.07448870670129337,0.12080695955779538,0,3
7412,517,64.8786747096169,POS,Food,DE,21.0,0.08427465283472928,0.04779812139207176,0,3
2375,856,83.21392524453867,ATM,Clothing,TR,20.0,0.2587765267803538,0.2837894280257672,0,3
5191,402,491.3931847937599,POS,Clothing,UK,14.0,0.25129498983767257,0.4830282392418435,0,3
6268,781,146.0547993239368,QR,Electronics,UK,21.0,0.18362611182338578,0.3181830047738121,0,3
7955,731,286.86378205773,ATM,Clothing,US,22.0,0.2746226379820306,0.25189981781203113,0,3
8506,483,59.36832334097203,ATM,Travel,UK,2.0,0.10330783697594917,0.3465928888651509,0,3
6161,558,91.0021443509103,ATM,Travel,FR,11.0,0.07817670421419096,0.26631127857261067,0,3
6415,645,210.97428867272777,POS,Grocery,DE,17.0,0.17713982212474516,0.2665668378294179,0,3
3599,991,145.28496957826906,POS,Food,FR,13.0,0.07783772256370658,0.6018739859593868,0,3
7580,715,719.4304738284537,POS,Clothing,TR,8.0,0.3634875727979705,0.11375306839828857,0,3
8616,742,0.0,POS,Travel,DE,19.0,0.07027451034695179,0.11570915112863928,0,3
4845,21,138.69371227630145,POS,Travel,UK,13.0,0.16773384012970374,0.18473124607232824,0,3
5294,912,207.42703810435,ATM,Electronics,TR,8.0,0.15077946729594321,0.4190383564057361,0,3
8149,317,15.95760934693987,QR,Food,UK,13.0,0.1935827102117749,0.29127740455450457,0,3
3817,928,106.66907661352177,ATM,Electronics,TR,18.0,0.05609357368897459,0.13776220417541482,0,3
7207,375,155.3184216482039,Online,Electronics,US,21.0,0.20563590447869956,0.39381551691746497,0,3
7786,309,194.15931262620452,QR,Clothing,DE,20.0,0.23534159621293477,0.08001169249510615,0,3
8917,388,128.83352173699257,Online,Travel,DE,6.0,0.4039220934099902,0.12447145140641672,0,3
991,632,714.5031441986579,ATM,Travel,UK,11.0,0.8082525236776489,0.5226253963561094,1,3
1483,801,121.29657135424674,POS,Electronics,DE,17.0,0.131018678948672,0.06162516791312225,0,3
8195,686,447.7218491272229,ATM,Travel,US,15.0,0.15780542417672677,0.16252022550982453,0,3
9800,367,15.272139058369504,POS,Clothing,UK,20.0,0.08659997742885249,0.07201024815463497,0,3
1600,157,151.50864559089666,Online,Electronics,UK,13.0,0.07778419119816218,0.07669684438500764,0,3
5841,377,46.640406253903194,Online,Grocery,US,22.0,0.1762683037665989,0.14653452941360845,0,3
1487,611,10.101317199204306,POS,Electronics,FR,21.0,0.3460322469881614,0.18667805448277794,0,3
4745,18,17.5141500083708,Online,Clothing,UK,8.0,0.1703589046120539,0.15158893833872514,0,3
2684,163,106.27662624183556,POS,Electronics,UK,15.0,0.26164044572584766,0.13878516104139824,0,3
7606,639,497.7037690019847,ATM,Travel,TR,21.0,0.43017069701547495,0.6651503289467173,0,3
6120,164,192.99613074702197,POS,Travel,UK,23.0,0.12280898498678904,0.476959262241709,0,3
4518,61,98.31057014468507,ATM,Grocery,TR,15.0,0.2810732612529226,0.11991544761149407,0,3
7423,504,64.85154160680523,QR,Electronics,TR,18.0,0.15479690300507298,0.1434371922052933,0,3
2236,985,250.94031908796302,Online,Clothing,UK,19.0,0.13231669772965526,0.4310344341537388,0,3
2697,367,168.7665210593301,Online,Electronics,TR,13.0,0.18564861382604603,0.39980916019479007,0,3
8228,185,519.6086156253142,POS,Travel,FR,23.0,0.20077460511539272,1.0,0,3
3317,521,276.9344000968924,ATM,Travel,US,21.0,0.227781733138598,0.048530654822300304,0,3
8994,951,27.98148388660113,ATM,Travel,UK,14.0,0.08323209523765503,0.03924219667837217,0,3
1077,512,35.30434220836972,QR,Clothing,DE,19.0,0.1251165952430753,0.14511864849854209,0,3
4681,718,51.079418740269695,POS,Grocery,DE,21.0,0.07261845130174373,0.14895107281038533,0,3
4099,888,6.576051869286861,ATM,Clothing,UK,19.0,0.3746477948476359,0.41505441903689244,0,3
1305,177,334.8973205616258,POS,Electronics,DE,19.0,0.5249785857021287,0.3773311657475626,0,3
6254,559,95.56867941226025,POS,Clothing,US,17.0,0.0821064256682564,0.3051410108209574,0,3
1562,47,10.069300313870524,ATM,Grocery,TR,15.0,0.1692698979046029,0.17851239015793585,0,3
8393,497,53.61175906002722,Online,Food,UK,20.0,0.22622786458851757,0.17055083275066157,1,3
5333,342,276.59193704354806,Online,Grocery,US,19.0,0.21260764996092715,0.39608952177463363,1,3
3590,48,11.992443118596336,ATM,Electronics,FR,16.0,0.13682166007267854,0.16917321664886362,0,3
5684,649,46.79900060060327,QR,Electronics,US,23.0,0.17893725555118714,0.1055192435829706,0,3
6191,479,301.84456382863914,QR,Travel,DE,17.0,0.11965818946979341,0.21173580939797607,0,3
2717,641,10.068803839339381,QR,Grocery,US,17.0,0.14867748117847154,0.23565242486721732,0,3
1047,475,125.26205552488358,Online,Food,FR,19.0,0.27069044735642217,0.27790663616379635,0,3
377,854,89.40853362686515,POS,Clothing,UK,22.0,0.2130059015391164,0.4718857051997302,0,3
5997,13,748.7420388292066,QR,Electronics,US,21.0,0.4664552288966589,0.4273830706816095,0,3
3273,764,215.3525122484504,POS,Electronics,UK,22.0,0.10717077027731561,0.146402676371593,0,3
5613,762,0.0,Online,Electronics,US,19.0,0.2726281932789911,0.07495815711265758,0,3
1646,172,632.5652535700003,Online,Travel,US,10.0,0.06053337604249083,0.11895996513707441,0,3
8217,755,28.211418970265527,POS,Clothing,US,11.0,0.14401423596877613,0.056947609550389425,0,3
1145,459,155.01990838476337,QR,Clothing,UK,23.0,0.4849683216074122,0.11804346372306224,0,3
7400,463,315.60661324099914,POS,Food,UK,17.0,0.05591764076555434,0.07111298525840222,0,3
9490,939,40.144008572037485,POS,Grocery,FR,20.0,0.19667906180665276,0.02630305542881021,0,3
3938,211,68.97676916902896,ATM,Travel,UK,5.0,0.35456530880972337,0.16115748032504676,0,3
2292,848,245.78573744975495,ATM,Travel,US,9.0,0.3186518629457935,0.21033671151015154,0,3
2700,112,61.12807734790208,QR,Food,FR,12.0,0.10193998067173578,0.20518702126086819,0,3
9144,168,194.69670639569873,Online,Grocery,FR,10.0,0.20607474920417676,0.0590167197905645,0,3
6008,432,1.9890875428764716,Online,Clothing,TR,12.0,0.19872121078309207,0.7291783912792641,0,3
5539,508,18.63074056639674,Online,Electronics,TR,15.0,0.058943686872038395,0.17257309807606525,0,3
5116,307,15.093509708210204,Online,Travel,US,7.0,0.06689958537671764,0.04094912674401091,0,3
9290,815,265.1526975915148,QR,Clothing,US,8.0,0.5169877857769918,0.2072492914954314,0,3
6413,299,135.18662818767032,QR,Electronics,UK,10.0,0.23843629992048082,0.22517216557032307,0,3
6917,669,230.56743697250434,POS,Travel,DE,21.0,0.3309125436954056,0.11720551286129943,0,3
9329,541,166.44078027753167,Online,Food,FR,4.0,0.7483316862716611,0.7184988352330954,0,3
3629,354,32.141318817075,ATM,Travel,DE,18.0,0.029504430957605528,0.055067105627901965,0,3
2156,449,69.53471784032568,Online,Food,FR,23.0,0.3590001150304802,0.1264601594511159,0,3
7640,897,51.16700248773197,QR,Electronics,FR,11.0,0.14599361982843537,0.21773737771978904,0,3
4158,927,363.85750382681084,ATM,Food,DE,17.0,0.07009216054178878,0.46713415330099156,0,3
1941,972,159.5013020833198,ATM,Food,US,14.0,0.2801801201627526,0.28828430198669897,0,3
8262,57,45.296816068477206,POS,Travel,DE,16.0,0.1418400148127151,0.07675267218588802,0,3
761,786,108.21064143190468,Online,Travel,UK,19.0,0.04478261056372801,0.07115324736441783,0,3
7679,75,94.47247211174837,Online,Grocery,US,2.0,0.06864949674285646,0.45932215459486936,0,3
3020,332,52.998693929717945,ATM,Electronics,FR,8.0,0.16000979072350233,0.035802494031836815,0,3
8627,204,7.461686246222397,ATM,Grocery,DE,21.0,0.2771219354349929,0.06934978490322773,0,3
8140,643,393.27749077047037,Online,Clothing,DE,18.0,0.10118944119776974,0.7981209573001872,0,3
7818,406,273.22298997641167,QR,Travel,UK,10.0,0.4337852176441154,0.23227355503089184,0,3
6971,581,71.54554581183712,QR,Grocery,US,19.0,0.06017323011804215,0.09285017902465921,0,3
8596,111,40.44267145615537,ATM,Clothing,US,10.0,0.0842480695422712,0.09384744294569924,0,3
6207,118,209.7073251431182,QR,Electronics,UK,22.0,0.06073816600074816,0.06732133054230718,0,3
4124,620,0.0,QR,Electronics,FR,10.0,0.05504440623784467,0.2353951745078247,0,3
9750,184,1114.982010777038,ATM,Clothing,UK,17.0,0.2725393044197634,0.5342584130394794,0,3
1124,446,386.63186574830314,Online,Travel,TR,22.0,0.07676709401764019,0.06595382476849304,0,3
4877,996,7.648600803495457,POS,Food,DE,21.0,0.2638104450423234,0.18342212250150852,0,3
4576,319,172.41439292377444,POS,Grocery,TR,13.0,0.29824956805398095,0.0854546122417969,0,3
1328,689,122.71758707221713,QR,Electronics,TR,7.0,0.37187268746492347,0.18390054769053898,0,3
5394,366,347.8035886900984,QR,Clothing,TR,20.0,0.7651680298271091,0.5699673769065693,0,3
8232,372,29.057412758623954,POS,Electronics,TR,16.0,0.05152910557697035,0.049261123490702774,0,3
826,930,104.9657882011218,ATM,Electronics,FR,10.0,0.23751023381599007,0.19121574533028754,0,3
8570,865,1018.4865394508405,POS,Clothing,UK,2.0,0.35913524493398435,0.8558032068088466,0,3
2372,613,34.51438624721999,QR,Travel,FR,13.0,0.06684456653921028,0.03145720794196469,0,3
1084,729,105.17005046116215,Online,Grocery,DE,17.0,0.04413276571485025,0.07843766901882104,0,3
4626,722,44.38732648689231,Online,Clothing,FR,2.0,0.1168186510321584,0.09931253100845916,0,3
5642,263,386.836854961008,Online,Travel,FR,21.0,0.5359076923475573,0.4015871535928319,1,3
6489,253,168.07901946747648,QR,Electronics,FR,23.0,0.23383297386611135,0.18465520134119306,0,3
9543,434,177.08148190088608,POS,Grocery,US,10.0,0.05205947192616789,0.44370674981581515,0,3
6353,293,276.19755363747436,Online,Electronics,DE,10.0,0.11771562221092544,0.09702239151032732,0,3
4324,110,608.2557441391745,ATM,Grocery,FR,20.0,0.13693720309678944,0.18869847545095025,0,3
8955,248,156.1718329347627,ATM,Travel,DE,22.0,0.2014093610386328,0.08955312134731766,0,3
5426,753,18.274858573473907,Online,Travel,FR,22.0,0.07201088924076893,0.274084900592575,0,3
7558,364,246.34240127357637,Online,Grocery,US,9.0,0.1506381841592951,0.2845939081401619,0,3
5749,999,23.3933796026292,POS,Electronics,UK,19.0,0.26777547659041534,0.1450370746781229,0,3
5555,637,107.84753422638278,ATM,Grocery,US,22.0,0.036343084648294936,0.06814025280676402,0,3
7820,636,9.073808410292848,Online,Electronics,TR,23.0,0.13872350094613958,0.2124114178413342,0,3
8666,27,27.73078357081897,Online,Travel,FR,19.0,0.4433940049715852,0.20196478084925656,0,3
7547,833,214.35949324484207,Online,Clothing,UK,13.0,0.29898533463966454,0.19942742935642976,0,3
2036,188,6.458887274428796,Online,Clothing,TR,23.0,0.1457622656043789,0.0360093764124204,0,3
7550,966,649.8706310861686,Online,Food,UK,6.0,0.5854922578448518,0.27459385391947994,0,3
4453,615,99.27925057637079,QR,Travel,TR,21.0,0.3831187792930921,0.4319641277463729,0,3
9635,927,16.925313278006584,Online,Travel,UK,21.0,0.18448339604459274,0.15360975715416172,0,3
1265,442,0.0,QR,Grocery,US,9.0,0.10514152017537401,0.5689955027103775,0,3
1701,181,13.342106651740954,QR,Electronics,US,21.0,0.14252374637226867,0.14367011214797584,0,3
7953,446,115.77711125854783,Online,Clothing,US,18.0,0.3420730256587535,0.09906581719308993,0,3
4493,489,251.2639042706701,QR,Travel,FR,18.0,0.7381228909351696,0.569216724827825,0,3
6081,392,450.53779484051546,ATM,Grocery,FR,1.0,0.28278751308363953,0.2743676060741498,0,3
9331,734,3.2210094818437245,POS,Clothing,UK,21.0,0.06529229438698422,0.03295905549905838,0,3
6366,840,10.515475033876694,POS,Food,UK,5.0,0.09133260767502821,0.17832328315337762,0,3
8490,119,62.64778014963738,Online,Food,US,22.0,0.21632021199757487,0.39875778302107107,0,3
902,502,70.30923895952645,POS,Electronics,TR,21.0,0.3169769672211606,0.4062600483296642,0,3
5176,684,213.6910797152927,ATM,Grocery,UK,15.0,0.12303423344059644,0.22862869753592152,0,3
9879,695,120.05765782805533,Online,Clothing,US,13.0,0.08153214228203479,0.08516507842597676,0,3
6554,435,43.75559420551314,QR,Travel,UK,23.0,0.2317213300569701,0.06512452586051524,0,3
1812,678,236.54261969159302,ATM,Electronics,US,10.0,0.3071867418421501,0.6471541276747836,0,3
2964,687,30.712383178756046,QR,Electronics,FR,21.0,0.07676292364508082,0.025826498438688138,0,3
2471,904,19.523167273818302,QR,Electronics,DE,14.0,0.05118683323611853,0.07670635346685789,0,3
8621,215,257.086006565417,Online,Electronics,FR,22.0,0.10753687483955038,0.3233442952231545,0,3
6336,75,55.56573243237546,QR,Grocery,DE,11.0,0.20728995546732606,0.05035646605982917,0,3
5028,942,36.86673273671172,POS,Clothing,TR,22.0,0.2060846942898389,0.2389712974810763,0,3
3729,719,28.261053327598606,ATM,Travel,DE,6.0,0.07673252481268808,0.12553078691666011,0,3
6252,400,308.10636357653664,QR,Grocery,US,17.0,0.3731500463043812,0.12414153712234664,0,3
3077,720,1.3295106754390695,POS,Food,FR,22.0,0.24795758269783036,0.09996214462644498,0,3
613,627,333.68882345789166,POS,Electronics,US,19.0,0.10983410576321301,0.2090010278197572,0,3
3419,489,26.325571578775637,ATM,Clothing,US,21.0,0.13070763986237763,0.048168984908199965,0,3
196,103,317.22303281552115,ATM,Electronics,TR,7.0,0.23412208102970875,0.11294816627996869,0,3
1834,90,7.857971112215437,ATM,Travel,TR,16.0,0.05981759932310768,0.07093633805421973,0,3
3387,539,193.94549867256956,ATM,Food,FR,21.0,0.12293637176478081,0.08833598086666652,0,3
1920,142,18.97356380083295,Online,Electronics,FR,18.0,0.546801252960448,0.13466189043203408,0,3
7911,82,29.857417219388886,POS,Grocery,TR,14.0,0.03304280888481301,0.17441843733694462,0,3
8567,907,6.127962737355114,ATM,Grocery,DE,12.0,0.14988003140749756,0.5309670092637251,0,3
8846,23,87.26524394651572,POS,Grocery,TR,22.0,0.036354657730267456,0.052950100313792006,0,3
1546,551,335.00009246771424,POS,Clothing,FR,22.0,0.03200562272382807,0.035878066745838114,0,3
6165,528,0.0,ATM,Grocery,DE,7.0,0.13580779679717536,0.17579732782865443,0,3
9150,922,88.72285726717206,QR,Grocery,DE,17.0,0.05773713381943166,0.2138275250060942,0,3
3046,541,374.54044474503263,Online,Grocery,DE,18.0,0.2583056424388773,0.654142727848141,0,3
9066,847,8.509622484316328,ATM,Grocery,TR,14.0,0.039723673111784416,0.3498042997652086,0,3
8032,315,14.95882685704677,Online,Electronics,FR,16.0,0.08302692225776524,0.06570571196137781,0,3
7969,9,966.9853813220665,POS,Electronics,FR,21.0,0.11950885397717831,0.1953240944548938,0,3
4552,889,14.03224650839979,Online,Electronics,UK,13.0,0.12712656567543792,0.13441372814403943,1,3
3313,274,230.15538796013297,POS,Food,US,21.0,0.16511020422359382,0.18081250538756674,0,3
8103,849,9.975758753626415,Online,Electronics,US,15.0,0.1747210449090649,0.07817329170425764,0,3
8163,681,38.8587882479268,QR,Clothing,UK,3.0,0.16434020188188636,0.07748158584741292,0,3
8903,216,19.29841644751206,Online,Travel,TR,12.0,0.0374768459154684,0.09620801466199871,0,3
6332,721,235.33755580987375,ATM,Travel,FR,20.0,0.28694769439813334,0.31752737154330385,0,3
4380,22,195.8882082228255,Online,Food,DE,22.0,0.1879361639087179,0.07455536702178737,0,3
8692,20,196.40459989806885,POS,Travel,TR,5.0,0.09047959557531061,0.04861840190995404,0,3
6746,107,108.51736957803952,Online,Food,TR,21.0,0.04516888595941368,0.12172911125761766,0,3
5519,660,299.71806747891026,ATM,Travel,UK,11.0,0.03821944734417336,0.05420152072717911,0,3
1635,438,230.16423409396228,Online,Food,DE,18.0,0.3823236954194212,0.13117973251647538,0,3
7686,384,106.475094015491,POS,Grocery,TR,19.0,0.030524734565773606,0.1720560380022834,0,3
5532,264,31.25725071538755,QR,Food,DE,20.0,0.2766460331262034,0.30535836327843535,0,3
8184,902,395.5004749902904,Online,Grocery,US,20.0,0.04693865394796177,0.22410319585756835,0,3
7249,309,70.38080073212242,Online,Electronics,TR,8.0,0.15314911835114048,0.5560927680318248,0,3
4664,656,324.37317800664493,QR,Food,DE,22.0,0.32144477126416693,0.3880045932732896,0,3
7533,0,179.71829912947288,QR,Electronics,UK,22.0,0.340343239480351,0.32996187932343846,0,3
8350,877,11.752478335456047,QR,Clothing,UK,8.0,0.2049032920246665,0.27701689716511946,0,3
2758,64,72.09511004250095,Online,Clothing,TR,15.0,0.14633592001629722,0.4488866630012186,0,3
912,834,63.8147565799059,QR,Food,UK,1.0,0.1598643411370536,0.24647397394275966,0,3
3301,310,413.63872388531763,ATM,Food,FR,12.0,0.09383051844058524,0.1288582791992068,0,3
2963,488,0.0,Online,Travel,TR,21.0,0.089911615732688,0.3137982603043799,0,3
4490,195,98.06974299734163,Online,Travel,UK,10.0,0.16235753126018246,0.09342710406221168,0,3
4842,530,9.867983097135003,Online,Grocery,UK,15.0,0.20200649541752577,0.1753906273594366,1,3
5224,616,279.58118846289227,POS,Food,UK,6.0,0.4318211647345778,0.32941958328005994,0,3
2197,738,5.367277372936321,POS,Travel,FR,3.0,0.11424356283913717,0.47500417422038055,0,3
7459,851,801.1807767712077,ATM,Grocery,UK,22.0,0.219383285300759,0.2005079649543904,0,3
6204,341,76.05931919893055,POS,Clothing,TR,18.0,0.13383032622251656,0.15950915132293667,0,3
8093,201,161.83301778823056,ATM,Travel,US,5.0,0.3514248486262069,0.360453625911544,0,3
2976,880,158.1867818993648,Online,Clothing,US,16.0,0.12552088967826164,0.16105346009534796,0,3
2698,769,81.24523297489435,ATM,Travel,DE,17.0,0.22750390638681162,0.14045344383459063,0,3
2163,188,439.3795933334671,Online,Electronics,TR,19.0,0.04920452379338113,0.04499951838495349,0,3
7450,928,58.09860729919373,ATM,Food,US,21.0,0.05395333896521275,0.15886803070984115,0,3
9386,811,152.2011790785605,ATM,Grocery,NG,21.0,0.12396262918957217,0.14608413803913578,0,3
8767,876,201.48311270619035,ATM,Grocery,FR,18.0,0.062479581692761826,0.16479581350051825,0,3
7442,819,152.96629530692934,POS,Clothing,FR,11.0,0.15137650733515473,0.1961512008665341,0,3
7627,200,120.51072711944023,Online,Travel,UK,16.0,0.3023404362549959,0.24786898654261172,0,3
1164,736,0.0,QR,Travel,DE,20.0,0.05394249278494116,0.22138986122577764,0,3
306,693,169.48439600718166,QR,Electronics,FR,12.0,0.055039568531376086,0.4211473611258866,0,3
7075,186,60.94867831038087,Online,Grocery,US,19.0,0.23554719255151668,0.12227376392258812,0,3
1766,332,85.19705282217984,POS,Electronics,UK,19.0,0.12954825823232718,0.04423798239247334,0,3
9539,5,71.12306453737317,ATM,Electronics,TR,12.0,0.08195395593337033,0.11506463162068252,0,3
5208,938,176.71491375920124,Online,Travel,FR,21.0,0.11791136948437661,0.38081635584054696,0,3
917,175,25.117159951513806,ATM,Clothing,UK,21.0,0.10106875652469915,0.16879446848786692,0,3
6875,539,7.060791442871272,QR,Travel,TR,22.0,0.17422207409009152,0.07124928702376944,0,3
1190,232,10.048784971025889,POS,Food,TR,16.0,0.07909192088310078,0.5481760520067962,0,3
5168,432,60.8713851151474,POS,Grocery,FR,20.0,0.08860414120538196,0.03246218871498967,0,3
3025,990,96.05673334597809,QR,Clothing,TR,22.0,0.06453828981635688,0.05217517902231146,0,3
4726,105,234.70531480711375,QR,Food,FR,5.0,0.18158513879315497,0.4601217010247791,0,3
1841,605,114.26299629270545,ATM,Food,US,22.0,0.09133486707981982,0.12191120493034824,0,3
5476,82,113.2257792220202,POS,Clothing,FR,22.0,0.09595490924418884,0.38978461329295794,0,3
8520,10,65.99901009534564,QR,Clothing,UK,19.0,0.1820358368102074,0.18646490794812456,0,3
8937,156,254.56353014706218,ATM,Food,US,19.0,0.156490200918306,0.5158661057995664,0,3
6894,42,305.68600408159523,Online,Food,FR,13.0,0.7988342883535504,0.11378267958894854,0,3
596,524,191.5257533763697,Online,Electronics,DE,19.0,0.13631070143735774,0.8479585157100011,1,3
4745,170,834.0001069327114,ATM,Grocery,UK,12.0,0.3197110195101398,0.30558814148155733,0,3
5945,279,324.64738422810586,ATM,Food,TR,22.0,0.055959916996890874,0.10286737731129057,0,3
6131,908,173.83453306532414,Online,Clothing,US,20.0,0.10674017082823516,0.07696922303060391,0,3
326,707,39.0688311501788,POS,Food,FR,3.0,0.07312791058795762,0.18170288184105277,0,3
4782,92,80.96987429846136,ATM,Food,DE,15.0,0.04296851315924056,0.06558934958188925,0,3
235,309,137.10163026046303,POS,Grocery,TR,5.0,0.0694761306682555,0.10218824611954122,0,3
2203,214,12.06868279496444,QR,Food,TR,18.0,0.13547534905752637,0.03838986355164872,0,3
7862,403,13.262330016924714,POS,Grocery,DE,6.0,0.1140364443230507,0.08354313410517375,0,3
9934,916,803.9427072865935,ATM,Electronics,US,21.0,0.16568973939277024,0.2407776647446814,0,3
8481,871,129.2961380816579,Online,Electronics,US,10.0,0.29556232313863284,0.2646793608631834,0,3
3830,796,8.027079234281219,QR,Food,FR,11.0,0.2969783830361037,0.15839056706962448,0,3
9089,514,42.75047268997915,ATM,Clothing,US,15.0,0.03686101970334987,0.33359105347783324,0,3
5298,207,412.3291780369813,POS,Grocery,UK,2.0,0.25861585239234935,0.17234040240175424,0,3
2914,142,121.11790272358333,POS,Food,US,14.0,0.03960226738460567,0.37190007969017386,0,3
631,509,139.94360498189673,POS,Food,FR,23.0,0.05239926845600083,0.20713711583940358,0,3
8549,708,285.70117017565116,QR,Electronics,US,21.0,0.03831191518807123,0.457895962504181,0,3
3532,671,399.2785890840416,POS,Food,TR,22.0,0.08075951386383533,0.5867783905253848,0,3
2446,283,336.82436877134654,ATM,Grocery,US,12.0,0.14298250352323313,0.41918120822268296,1,3
2911,649,98.89824951428416,QR,Food,FR,18.0,0.3164264824157743,0.09123792377971396,0,3
7527,497,149.4424693674374,QR,Electronics,FR,19.0,0.21532966832581651,0.18215892300565525,0,3
98,73,32.44249876565054,QR,Clothing,TR,22.0,0.22468291714877525,0.06886912259608566,0,3
4087,412,55.54803844211906,POS,Food,US,15.0,0.16745716783920947,0.26893508027992674,0,3
8329,907,89.85755699472328,QR,Travel,TR,15.0,0.26245635822472874,0.05014046435222415,0,3
8267,33,629.1173688817149,Online,Clothing,US,4.0,0.5383953123041946,0.1514892385553808,0,3
4386,833,0.0,POS,Electronics,TR,12.0,0.041426579983607326,0.2515690271755433,0,3
5101,428,196.41745308128714,Online,Travel,TR,3.0,0.5395658893243387,0.14621602195244154,0,3
8465,60,634.1873313278567,Online,Electronics,TR,15.0,0.03728715759305246,0.2100214567149349,0,3
8589,730,153.5429745212951,QR,Food,US,10.0,0.0537020108710693,0.20416620144825406,0,3
54,136,223.1479981827592,Online,Clothing,FR,8.0,0.5048803150216999,0.19811920474109557,0,3
5797,787,215.24691147730942,ATM,Travel,TR,6.0,0.1823869209733226,0.11854329397254637,0,3
9394,700,303.94402127338316,POS,Food,TR,17.0,0.5048032133993764,0.348134345460045,0,3
9079,340,34.22677697865087,QR,Travel,US,21.0,0.21850152219130023,0.08792377777451113,0,3
1009,127,164.0336813028045,Online,Food,US,10.0,0.5441771804687672,0.3800566867076416,0,3
4186,150,80.71116824445312,QR,Travel,TR,18.0,0.0687442062674446,0.38643334573047833,0,3
5983,230,170.14827351563258,ATM,Food,TR,14.0,0.23845663779395873,0.8803133306535171,0,3
2877,404,364.55427590797643,Online,Travel,UK,17.0,0.12519106762179322,0.23780979123193163,0,3
4779,58,85.10969007160836,QR,Electronics,TR,23.0,0.07949503795787044,0.2705381239351821,0,3
9962,778,59.31651294132705,QR,Food,TR,18.0,0.18384482105822797,0.23981336557398572,0,3
142,222,151.69960012576396,POS,Electronics,UK,18.0,0.07021951499639967,0.08596284104725159,0,3
1311,158,39.60303049421427,Online,Travel,UK,10.0,0.3683321755473606,0.04801491607153707,0,3
795,847,205.6596033710145,ATM,Travel,US,21.0,0.29781654034727734,0.4686924617901799,0,3
8750,435,255.0529777088858,Online,Food,DE,23.0,0.09602839545596814,0.14569665287237576,0,3
9832,909,40.65696471435047,POS,Food,DE,18.0,0.077699522959145,0.032813049954059426,0,3
8963,283,467.3957419706329,QR,Clothing,TR,10.0,0.12223175210375527,0.109044346913698,0,3
9912,19,13.160019843482726,QR,Clothing,UK,10.0,0.35256248504450927,0.10107042893097093,0,3
5472,824,68.81027276075108,ATM,Clothing,DE,18.0,0.15644080075185166,0.1534689338103937,0,3
474,990,193.7044638671353,ATM,Electronics,UK,22.0,0.04812601350873914,0.1742382262408623,0,3
6938,91,251.00849855536006,POS,Grocery,TR,18.0,0.18394691297690263,0.33866079888984435,0,3
7331,605,191.3584147182062,ATM,Travel,TR,2.0,0.25571924574585075,0.12055241163263689,0,3
4533,222,312.0411684699154,QR,Travel,DE,10.0,0.18477383360691096,0.1201984819240142,1,3
4550,279,0.0,QR,Electronics,DE,21.0,0.09506474716416788,0.0797878045372857,0,3
8829,365,16.714423589407428,QR,Electronics,FR,19.0,0.31127306297324037,0.44075196550791584,0,3
2170,644,389.59658231620284,POS,Grocery,FR,20.0,0.2694698019520795,0.05414731916587269,0,3
1849,273,21.69007496688379,ATM,Clothing,UK,21.0,0.09194095812862213,0.14585111352990465,0,3
2695,907,174.24673065756357,ATM,Electronics,US,15.0,0.13267549189515151,0.02711322587422368,0,3
6886,294,264.7039688756064,Online,Electronics,UK,21.0,0.1910656931766208,0.38309025952540354,0,3
7053,414,12.51559788657707,ATM,Food,DE,2.0,0.36383061603753547,0.2870524297991578,0,3
6442,203,598.5632469864477,ATM,Clothing,TR,20.0,0.20665339006642255,0.36537466340923846,0,3
5162,755,56.52173214954009,ATM,Grocery,FR,10.0,0.037321080310421396,0.12792889486658335,0,3
8087,325,14.352336280770533,POS,Food,TR,13.0,0.2544499131832239,0.27380330405050163,0,3
5185,687,18.380707333532992,Online,Travel,DE,21.0,0.1737861048457372,0.3857352922794317,0,3
8330,745,214.73976962249128,POS,Travel,US,8.0,0.29498718323989853,0.46752075314725056,0,3
7637,554,20.860833940946875,QR,Clothing,FR,22.0,0.028976550664999556,0.08086248794884325,0,3
7176,881,434.29086739517794,POS,Grocery,TR,11.0,0.0850266441232926,0.2084195376511443,0,3
1979,20,38.823859516016654,Online,Travel,UK,7.0,0.1829954885349669,0.19886459603845075,0,3
3695,573,327.23369000244895,Online,Grocery,US,18.0,0.40233304004728526,0.3334860614172741,0,3
1522,884,49.52214091191685,QR,Electronics,TR,7.0,0.0717834938346478,0.17136193568316635,0,3
986,557,149.77820289749076,ATM,Grocery,TR,21.0,0.3360871426533492,0.15505546928710065,0,3
9898,214,57.59121232913469,QR,Clothing,US,22.0,0.10662157670220244,0.14958526805462413,0,3
8529,329,50.50423037199405,QR,Electronics,UK,5.0,0.12122378379955556,0.17417374578387992,0,3
8820,309,13.17055165032986,POS,Travel,FR,23.0,0.19532961527535458,0.13816957796324017,1,3
2251,535,732.8578349150495,POS,Clothing,TR,14.0,0.42978784725586133,1.0,0,3
1628,234,38.069900344544436,Online,Clothing,TR,22.0,0.11046880556718353,0.18586867772198326,0,3
2365,185,337.92445453577557,QR,Grocery,FR,18.0,0.23507396665853691,0.18097823404235422,0,3
8909,156,86.74608649365982,ATM,Travel,TR,20.0,0.11891181541769279,0.13187483500502117,0,3
5039,44,2.9453712713463736,Online,Food,UK,22.0,0.15868784772905942,0.08105551241456752,0,3
830,516,98.97487508244745,QR,Grocery,TR,19.0,0.14337338908241085,0.027475604803618565,0,3
7507,527,18.21777141582382,POS,Food,TR,19.0,0.19338711224883834,0.17884351596684314,0,3
4126,912,268.969986287658,POS,Grocery,US,3.0,0.06738155943118108,0.1627266127651056,0,3
4022,844,109.43736690391785,QR,Electronics,US,5.0,0.22788855216274753,0.2514733310708861,0,3
677,749,399.3457382766762,ATM,Travel,FR,22.0,0.1973733516718345,0.24865064419104455,0,3
7523,121,43.34045457487487,QR,Electronics,US,20.0,0.14354652201500895,0.23107071951541602,0,3
9762,395,120.04623783728475,ATM,Travel,TR,17.0,0.09343769958352975,0.07369488860340985,0,3
3299,911,63.62584530791284,Online,Grocery,UK,21.0,0.17383465090235695,0.28933700595029743,0,3
3468,387,91.73623718376965,QR,Clothing,FR,8.0,0.18108763972451733,0.17472071300975223,0,3
1865,738,66.02758329881922,ATM,Clothing,UK,22.0,0.34446165699599723,0.18173095206463818,0,3
5868,250,126.584004515663,ATM,Travel,TR,16.0,0.187630468874715,0.07420177329354632,0,3
7374,823,32.94454040149073,Online,Grocery,FR,18.0,0.22938013528988901,0.21588093345782436,0,3
5260,64,156.89348387440177,QR,Food,DE,13.0,0.07236257231624622,0.12349764764669983,0,3
4201,939,7.72435879815345,QR,Food,US,15.0,0.1011880080582039,0.08142926647141886,0,3
6587,621,434.8016411145975,POS,Travel,FR,20.0,0.5149553893171355,0.4722402202691179,0,3
3916,886,506.6996563213808,Online,Grocery,TR,7.0,0.25492324184598586,0.038664126051270925,0,3
6853,578,242.61701806107197,ATM,Clothing,TR,17.0,0.1753039179938318,0.524690661677864,0,3
8028,470,189.55576064879116,POS,Electronics,TR,22.0,0.10232237890312883,0.2719562158841069,0,3
1020,362,269.35571251702015,POS,Travel,TR,16.0,0.2462250485092798,0.13064458463235198,0,3
6781,523,554.9260949320266,POS,Clothing,US,12.0,0.1525931408503144,0.22457703006227037,1,3
274,418,93.8020662078923,QR,Grocery,TR,21.0,0.24284282731309967,0.1878863900991659,0,3
524,648,30.003974564456342,QR,Grocery,US,19.0,0.15738161481061336,0.03594253021151274,0,3
2185,52,62.246757182322675,ATM,Food,FR,14.0,0.48298265643989946,0.1549016908951967,0,3
2818,949,172.84994980731778,QR,Travel,TR,18.0,0.08755541597839223,0.15137495643047744,0,3
2382,78,358.47223226138425,ATM,Grocery,TR,1.0,0.24476822223455738,0.13222870658203548,0,3
7575,962,135.03405204023554,QR,Food,UK,8.0,0.04546976871501071,0.04411928570685961,0,3
5139,560,14.646626815845037,Online,Grocery,UK,9.0,0.05179350224989555,0.0911804792131079,0,3
5986,43,589.895417386233,ATM,Food,DE,2.0,0.13936945709690973,0.2475686204081252,0,3
2494,137,37.17203668521642,Online,Grocery,US,13.0,0.025685771103483496,0.2300748805778008,0,3
2283,15,109.64207493645998,ATM,Clothing,DE,16.0,0.2598483277308979,0.3465123122539311,0,3
5614,667,60.21979219390289,ATM,Grocery,FR,18.0,0.08919744498463013,0.12115634157038235,0,3
9725,993,0.0,POS,Clothing,US,20.0,0.12412072917030836,0.04287303580937234,0,3
739,460,98.25629766687837,POS,Food,TR,20.0,0.2028047702639109,0.20123251193401584,0,3
8719,813,25.579227215295536,QR,Travel,TR,12.0,0.12887035058020585,0.3774288498228439,0,3
4766,393,359.8391665685492,Online,Clothing,UK,22.0,0.6124105025858081,0.40537248704344014,0,3
1728,932,15.860891483171935,QR,Food,US,23.0,0.41025396862908253,0.10271264058559584,0,3
3163,980,283.4388886838722,ATM,Electronics,UK,0.0,0.15126001717702883,0.07634472809939835,0,3
4975,648,16.716250725793323,POS,Grocery,DE,2.0,0.028137186981449337,0.047364046175212345,0,3
8934,721,49.84349923023696,POS,Travel,FR,17.0,0.23226141581245918,0.10313156515986907,0,3
6360,736,348.29881508873973,ATM,Clothing,US,13.0,0.4267430906766714,0.09618015243611118,0,3
1648,45,29.08851005894372,Online,Food,DE,22.0,0.1278465306534219,0.33032840999289687,0,3
8276,817,167.94972965014125,ATM,Grocery,FR,20.0,0.5689775614963942,0.22298277096989827,0,3
2015,814,21.896920896198726,Online,Electronics,DE,23.0,0.21641187240619902,0.08784091811760598,0,3
3706,334,9.750078881687525,ATM,Food,US,19.0,0.6330985581739991,0.12443563611460524,0,3
8227,777,45.11976518099511,POS,Electronics,DE,6.0,0.3552671587240242,0.06400177925375253,0,3
3558,720,279.4505624247384,POS,Travel,DE,18.0,0.4770066789647449,0.4249743498794532,0,3
3520,236,670.8258874597333,Online,Grocery,US,14.0,0.2775195636361136,0.4289597509414132,0,3
1119,842,267.72877712501844,QR,Grocery,FR,15.0,0.31774891963133206,0.09519560660586837,0,3
8346,566,268.8381871180089,QR,Food,UK,8.0,0.09399844853600006,0.18361687737680765,0,3
1307,98,68.6911536066647,Online,Travel,DE,22.0,0.09484490706114211,0.3064096138376241,0,3
6990,337,319.598034878117,Online,Food,TR,16.0,0.16330095074041356,0.12411903615729533,0,3
960,274,0.0,POS,Food,TR,22.0,0.05000267777734768,0.25150345034720295,0,3
3515,990,42.848011110858614,ATM,Food,FR,4.0,0.07256256279236223,0.1514106735018674,0,3
3113,11,178.98606503739958,QR,Grocery,US,19.0,0.04579589359789771,0.06074325856796642,0,3
7659,186,478.5052090241289,POS,Food,FR,14.0,0.31012911541297555,0.24242719033742477,0,3
7771,180,449.4097785943317,QR,Travel,UK,22.0,0.2575962563011389,0.7604831935138223,0,3
8230,824,36.5213433786524,Online,Grocery,UK,12.0,0.11284468135274192,0.26421784754932687,0,3
84,348,323.8443103008886,QR,Clothing,UK,14.0,0.5184501390715626,0.3210165126488316,0,3
5409,179,82.50760011952872,POS,Clothing,TR,15.0,0.1681784650849252,0.16509345934085085,0,3
960,964,53.55949950235156,QR,Clothing,US,7.0,0.3002449556437792,0.18437005803812348,0,3
6753,647,69.61536668095889,Online,Grocery,UK,8.0,0.18247353371003405,0.19884834618158442,0,3
1863,73,577.5630470859132,Online,Food,US,8.0,0.4498196406567639,0.5005377145936999,1,3
1870,497,126.60171982013746,POS,Travel,FR,18.0,0.5330581999935674,0.42368687868647015,0,3
6800,702,329.40980009189167,QR,Grocery,US,6.0,0.26510805673972326,0.18982787310280944,0,3
2867,648,28.93449204845585,QR,Clothing,DE,7.0,0.5745469874809883,0.45354681504284894,0,3
2057,374,71.96631698161502,Online,Electronics,FR,15.0,0.1564134956476042,0.03457526567633751,0,3
6464,757,53.638358955899136,Online,Electronics,DE,9.0,0.20071983074609867,0.5434641129610588,0,3
4820,678,1.4704822216133868,Online,Travel,UK,13.0,0.04259598086545591,0.1928846902226578,0,3
2487,337,40.82554617456524,Online,Electronics,DE,14.0,0.2293328680415293,0.3885845656320145,0,3
9311,68,66.56910911717567,POS,Grocery,DE,21.0,0.07946937065913617,0.1791692841160163,0,3
4631,430,720.9574869428684,QR,Electronics,DE,14.0,0.17925458347339301,0.21626880555803527,0,3
5622,197,98.43927886670288,Online,Electronics,UK,20.0,0.046822252038676196,0.21180556288488117,0,3
3811,859,464.8263041328835,QR,Electronics,FR,19.0,0.33748090457186863,0.18226927844352178,0,3
496,181,15.758539103120546,ATM,Clothing,US,3.0,0.14354310742551638,0.1482111003028985,0,3
824,913,6.960001380395759,QR,Electronics,TR,21.0,0.14111603001354592,0.0857874915377811,0,3
7959,893,316.3169763917957,Online,Electronics,UK,13.0,0.44837298996094227,0.4811540668513499,0,3
1347,217,130.20931948058862,ATM,Grocery,FR,14.0,0.13836375788053612,0.07953809919329129,0,3
4161,40,4.021690607895416,QR,Electronics,DE,20.0,0.026166979575384552,0.06869867387083008,0,3
8264,760,7.456339808466903,Online,Travel,FR,22.0,0.28269996950893844,0.030856079642241175,0,3
8198,870,114.30107784546388,ATM,Food,UK,14.0,0.18496956911320883,0.04177089272273364,0,3
6279,438,84.51129844258003,Online,Grocery,DE,11.0,0.15795714840059724,0.11819025550709295,0,3
71,620,172.31145688884905,ATM,Clothing,FR,16.0,0.10279253840853128,0.103747331123847,0,3
3207,7,151.10885903223453,ATM,Grocery,US,15.0,0.54822309254069,0.19171179848370656,0,3
8822,651,0.0,POS,Food,TR,20.0,0.0317139759007,0.04715458339038071,0,3
3337,890,54.544320603025184,QR,Travel,TR,21.0,0.04517170044308669,0.1314816381949248,0,3
1191,537,56.270843197782625,Online,Food,UK,17.0,0.19539005042788343,0.5588393670246234,0,3
3772,590,38.47469368062911,POS,Food,TR,9.0,0.3067445788129791,0.24257421342287502,0,3
7725,257,364.9577182559751,POS,Clothing,FR,22.0,0.3096167896784546,0.28992004414454864,0,3
8150,991,7.9774574206028745,POS,Travel,DE,7.0,0.18435494318833334,0.18037515492966874,0,3
4242,158,75.68587088021292,Online,Grocery,US,20.0,0.1185619910043626,0.1488552322145321,0,3
1481,965,114.5977264876532,QR,Grocery,DE,22.0,0.13405607487764382,0.13456811960006287,0,3
3825,255,22.184677061150804,QR,Grocery,TR,8.0,0.27351114984729447,0.18591919611420576,0,3
6725,812,16.675025983569377,QR,Travel,DE,11.0,0.24970669421375047,0.0666574092272973,0,3
4537,301,439.2080101165558,QR,Grocery,DE,17.0,0.38199127315619563,0.38630527321915176,1,3
2673,848,50.88266894585303,POS,Grocery,DE,22.0,0.3162900509102037,0.25231334860853055,0,3
9794,413,256.25382281979773,Online,Food,UK,9.0,0.14347209272734873,0.2991310419614013,0,3
4313,322,467.19431204006077,POS,Travel,TR,21.0,0.2630115594102459,0.19491973232889265,0,3
4877,687,88.12074793662023,Online,Travel,FR,1.0,0.290073588726006,0.6198424116396701,1,3
6070,655,96.87554677416779,Online,Travel,DE,23.0,0.12628542999815107,0.08449255728109822,0,3
8841,58,107.13199326998405,ATM,Food,DE,16.0,0.5303257181010115,0.2887386189002787,0,3
8888,126,58.00886020498607,ATM,Grocery,US,19.0,0.30499725606854733,0.1632497156751442,0,3
1292,594,232.43655454660444,QR,Electronics,TR,15.0,0.12132527204084256,0.4881934686076596,0,3
1122,21,4.880902905747471,ATM,Food,US,22.0,0.02181913446654964,0.06594612103316413,0,3
9125,409,183.71288373233918,Online,Food,US,20.0,0.10979762458464698,0.19620820194345354,1,3
1617,865,30.64062941011118,Online,Clothing,US,18.0,0.23717949254312504,0.08030624976357753,0,3
9289,308,171.3057399930202,ATM,Grocery,DE,19.0,0.14431502157792098,0.26915736197931406,0,3
9068,745,18.401607267211187,QR,Grocery,UK,14.0,0.4684584055198331,0.061230646852167545,0,3
3206,379,162.3171389366518,Online,Electronics,FR,17.0,0.03175306439927633,0.07179975520996391,0,3
6121,607,58.21388614444554,ATM,Travel,FR,22.0,0.03703619199979227,0.2985006719714525,0,3
7116,704,76.00056131824346,POS,Travel,FR,23.0,0.043924618736393264,0.11689393882172136,0,3
4801,336,761.9359512409069,Online,Electronics,DE,11.0,0.23528170647139574,0.24812263658268108,0,3
6831,34,0.0,POS,Food,TR,4.0,0.25703336577428937,0.09243538702421177,0,3
2774,445,40.46399946377873,Online,Clothing,US,22.0,0.043940904055968524,0.03704585652339272,0,3
7407,966,33.165651512532705,ATM,Clothing,FR,20.0,0.09929808144476254,0.16431372884854373,0,3
8411,108,17.32000147152455,POS,Electronics,TR,9.0,0.13843176298927784,0.056618524097829526,0,3
5635,799,41.141734542070964,QR,Clothing,UK,21.0,0.31918102115924896,0.2587491369529815,0,3
4920,150,131.3950118718914,QR,Food,FR,21.0,0.1921784344539209,0.17507024396867016,0,3
8816,797,305.93697184405704,QR,Electronics,FR,21.0,0.08905956561912275,0.09718292375796857,0,3
4296,233,37.76819869435783,Online,Clothing,FR,22.0,0.16561235539177752,0.1441387103554742,0,3
4131,414,58.20251569688314,Online,Clothing,DE,17.0,0.0901069392018119,0.08338554331834869,0,3
8062,855,57.519532227543976,POS,Food,FR,7.0,0.22009985533374923,0.06644964824512206,0,3
3283,420,0.4560896748180663,Online,Food,UK,13.0,0.10711610111078648,0.17111183750077336,0,3
6506,79,8.650968886140724,POS,Clothing,US,7.0,0.1175768773844841,0.4201393390565739,0,3
4339,881,11.032841227164283,ATM,Electronics,US,14.0,0.07115266084021214,0.3118855779038746,0,3
2272,272,166.6389492662346,POS,Electronics,FR,12.0,0.21637633593977426,0.07800661923776733,0,3
3920,700,210.5382663699326,POS,Electronics,US,12.0,0.08579715026748841,0.02552077994412181,0,3
7582,244,75.83234715137269,QR,Clothing,US,19.0,0.20010867155236473,0.14209523629605258,0,3
7991,324,0.0,POS,Clothing,FR,10.0,0.11314590391705384,0.062100392374851314,0,3
1832,656,219.43968541648633,POS,Clothing,DE,17.0,0.11316136421178853,0.3778676701044993,0,3
5265,567,302.0094517921697,ATM,Grocery,DE,17.0,0.14013460148394796,0.09517842010202643,0,3
6810,597,364.86781574186494,ATM,Travel,US,20.0,0.1731489470833621,0.19119785849009982,1,3
2377,353,117.17450041392992,POS,Food,US,17.0,0.6652036525401657,0.6898933915954955,0,3
9971,624,238.53132510732635,Online,Food,US,6.0,0.1415690393589793,0.18759388804320468,0,3
8157,306,124.5641460625916,ATM,Clothing,DE,16.0,0.14763381578844034,0.1182530274403036,0,3
4728,523,214.6488824913238,ATM,Clothing,US,17.0,0.32121896054153554,0.17748441859923642,0,3
2549,647,556.9747504570857,ATM,Clothing,DE,21.0,1.0,0.21183512137142796,1,3
8929,800,540.9700938645874,ATM,Travel,FR,22.0,0.40777015981801934,0.4014392312803929,0,3
2391,920,174.1472803921898,Online,Grocery,TR,0.0,0.30184929728072,0.12701198450995607,1,3
887,387,367.79996733790665,POS,Food,DE,8.0,0.32442024149727844,0.2692217990217484,0,3
6165,663,207.76023526379566,POS,Food,DE,17.0,0.10203282758535798,0.28293608108886875,0,3
6495,986,315.65435704961743,Online,Food,TR,16.0,0.0947551017337486,0.05758446652825257,0,3
9568,540,69.01730412030022,ATM,Grocery,UK,19.0,0.14652201551619753,0.28776074452376177,0,3
1496,782,184.00633643714332,POS,Travel,TR,19.0,0.4228055412090496,0.1442526665807789,0,3
9156,477,30.07025818260064,QR,Food,DE,17.0,0.1754760812116533,0.2745968445876607,0,3
4796,918,196.67050315436464,POS,Grocery,US,19.0,0.1570393395896628,0.19910315405476559,0,3
8566,421,164.65300427182396,Online,Food,DE,7.0,0.0676649039830404,0.24539011051803317,0,3
1258,611,365.0473737735683,ATM,Grocery,DE,19.0,0.22357834296153434,0.3221802491745032,0,3
1474,217,58.71728799719663,Online,Electronics,DE,20.0,0.12457460262714712,0.11205106099135426,0,3
4830,925,154.5229680503276,Online,Travel,FR,17.0,0.5070410152461674,0.30557338554577146,1,3
6610,62,101.72249569808616,POS,Electronics,DE,6.0,0.09269508878882488,0.04700671856490479,0,3
1144,432,302.3771007187063,POS,Electronics,TR,17.0,0.9480656750824997,0.40754794963564783,1,3
622,210,108.61542213962706,QR,Clothing,FR,20.0,0.07028267541447475,0.13341891350045162,0,3
8822,764,131.85588721945174,QR,Electronics,DE,6.0,0.05481749153186634,0.18863803598239662,0,3
9111,976,224.05899301068277,POS,Travel,UK,21.0,0.1250437449490101,0.04763695862821145,0,3
1589,421,32.04045934084744,ATM,Food,US,10.0,0.4606703143889853,0.30655923282698366,0,3
2535,602,352.10639468150293,QR,Electronics,UK,22.0,0.2089756359099679,0.17335260071652636,0,3
9468,236,125.37385303058333,POS,Electronics,DE,8.0,0.1427615057762715,0.09878414948594418,0,3
2205,193,315.4526492237019,Online,Grocery,TR,10.0,0.07768913189315235,0.14451344339443142,0,3
7977,348,19.732172862469476,ATM,Clothing,DE,18.0,0.0825471194573503,0.04115204450356982,0,3
6883,914,47.93293772761863,ATM,Travel,DE,9.0,0.04523436180075194,0.2132165219343517,0,3
4019,924,52.929849887352646,ATM,Grocery,DE,23.0,0.13955107134298336,0.5705087481187857,0,3
4617,55,76.74269716645142,QR,Electronics,TR,17.0,0.12733052644027149,0.12710881782507183,0,3
3982,114,119.7945625782382,POS,Clothing,US,20.0,0.08378192954728532,0.19166089519269858,0,3
4512,92,467.3386505297267,POS,Electronics,FR,3.0,0.13969113523760035,0.05344198337633244,0,3
2979,264,72.37751853627279,QR,Travel,UK,8.0,0.20662098698275685,0.15856744443665205,0,3
4441,127,35.39333416118937,Online,Electronics,UK,22.0,0.23830857562523033,0.04567081045952566,0,3
6954,626,7.037297186180751,POS,Electronics,TR,22.0,0.11779615497110235,0.15751484264213186,0,3
8913,660,38.09412680553242,Online,Food,DE,19.0,0.08914274268548118,0.3551728397218135,0,3
24,619,23.202586540643097,ATM,Food,DE,15.0,0.2641308421716978,0.18161109787810475,0,3
1844,389,28.670787048171306,QR,Food,UK,16.0,0.2679552285446117,0.4836295912267065,0,3
894,145,260.18899957196004,QR,Grocery,US,6.0,0.18593556659187652,0.22546141168628983,0,3
8333,174,110.14727657182564,POS,Travel,TR,16.0,0.2719989354557444,0.1633443547663092,0,3
4890,864,202.56505170961336,POS,Grocery,FR,20.0,0.1060679660366539,0.15406666126216517,0,3
2951,864,169.4542784638473,QR,Travel,DE,17.0,0.17311495258183363,0.15249016869001683,0,3
926,692,58.39021608107312,Online,Electronics,FR,5.0,0.04858632467057529,0.20020835939182324,0,3
1257,37,184.21230653097697,QR,Electronics,US,23.0,0.051022635068251346,0.04508831498110247,0,3
8353,313,197.62979142634248,Online,Clothing,DE,19.0,0.43625205055191646,0.07459116953128393,0,3
6636,611,58.23391771166578,POS,Food,US,10.0,0.854002647234197,0.327631513662259,0,3
1265,332,68.63023944632829,QR,Travel,TR,22.0,0.2521958793833056,0.03715704668352107,0,3
601,339,11.220224565719237,Online,Travel,UK,18.0,0.08040621215537663,0.07066435527064557,0,3
6340,951,13.865092873128797,POS,Food,US,20.0,0.034145238623342275,0.08729787939444096,0,3
960,517,78.80435078644597,Online,Grocery,TR,13.0,0.10275091498575072,0.032331050522708904,0,3
5013,254,92.52357788026427,Online,Electronics,DE,14.0,0.0956727600422546,0.034048853289531514,0,3
2798,925,305.8621020083911,QR,Clothing,DE,19.0,0.1614696992577252,0.13088863093177294,0,3
1050,103,45.77329135862945,ATM,Food,TR,22.0,0.09750004425186719,0.20268400388510288,0,3
6797,249,5.12095439048748,Online,Grocery,US,21.0,0.04432300241821005,0.02293425054109065,0,3
6348,55,100.54653839147907,Online,Grocery,DE,15.0,0.3461117352587956,0.27978886671246744,0,3
7299,581,75.05871343281136,POS,Clothing,DE,18.0,0.32546301754205015,0.08644596709489956,1,3
3471,849,172.28512825022733,Online,Electronics,UK,20.0,0.2691893015844494,0.14704265755615997,0,3
9858,876,47.35222885477311,POS,Clothing,DE,16.0,0.1064806381691831,0.16142267710338631,0,3
772,753,97.35828237867409,Online,Electronics,UK,18.0,0.13899494366353882,0.16224943663292987,0,3
5902,68,194.64546344946842,POS,Food,DE,20.0,0.8324314630174132,0.24160060965195754,1,3
5150,438,420.1538809522134,ATM,Clothing,FR,18.0,0.2323107133174251,0.4419636457255914,0,3
6529,64,0.0,Online,Clothing,TR,18.0,0.19584327565281698,0.05530224945265713,0,3
2858,588,159.8937044441959,QR,Grocery,FR,19.0,0.4915091840106775,0.030667578481734924,0,3
6179,3,336.31315565230994,QR,Food,DE,3.0,0.36403926497459865,0.30706136671541256,0,3
510,133,1.4060835416704318,ATM,Grocery,UK,12.0,0.08007252398603415,0.10949572726964063,0,3
8528,464,639.9909841712736,QR,Grocery,US,19.0,0.29529641859035966,0.13030424670689172,0,3
7957,194,28.091127413530977,QR,Food,FR,23.0,0.251367025985431,0.18722293031817822,0,3
9043,27,80.4542759755408,Online,Grocery,UK,17.0,0.17427594662628892,0.2331646592436717,0,3
2080,308,516.3425258144078,POS,Food,DE,22.0,0.11629789452464025,0.3495131425287204,0,3
2210,971,78.75382707532438,Online,Travel,DE,17.0,0.20796902055180264,0.7775510112281788,0,3
5065,712,323.50180818861105,QR,Travel,UK,17.0,0.29077987288884305,0.3911219486364873,0,3
265,514,118.84852914605088,ATM,Clothing,TR,8.0,0.11408765037196192,0.15356138747982695,0,3
5377,752,6.3351600991387595,POS,Grocery,FR,22.0,0.13874823796473304,0.09688089173000886,0,3
9341,892,43.69106126308682,QR,Clothing,UK,19.0,0.14073656370646495,0.3489383180480443,0,3
252,249,148.30098922102803,Online,Travel,TR,15.0,0.3004692467411829,0.2434057154967514,0,3
7058,414,8.943276263688238,ATM,Grocery,TR,11.0,0.16235619417976005,0.07299659859742343,0,3
1504,248,120.87501338455546,QR,Clothing,FR,19.0,0.2937352368079845,0.06328795809679738,1,3
6163,916,163.01071557869852,ATM,Clothing,TR,17.0,0.3297983253142787,0.10545264299983842,0,3
7542,675,40.27979474735704,QR,Travel,US,20.0,0.079775039526104,0.18498513377873305,0,3
47,293,0.0,ATM,Food,US,22.0,0.04516065531261273,0.3128408172907763,0,3
6131,68,7.462817507165963,Online,Travel,FR,17.0,0.10958264935905912,0.14791915315340684,0,3
813,759,232.97402629998317,QR,Electronics,FR,6.0,0.40151192576794126,0.15493179080914138,1,3
6818,138,88.81110681883382,POS,Clothing,DE,19.0,0.045611646632002,0.07345044254602148,0,3
1727,33,29.589573164777093,QR,Electronics,TR,3.0,0.3758004167321591,0.18051632296241682,0,3
6469,888,793.1203986167329,Online,Grocery,UK,17.0,0.4591045326785885,0.5048895531589038,0,3
103,386,254.10723856833621,QR,Food,FR,2.0,0.14052718484437005,0.20221475901778954,0,3
9498,13,352.067354723972,Online,Travel,TR,12.0,0.24187362141344917,0.4314706287383105,0,3
548,565,305.654319149981,QR,Food,TR,18.0,0.4252466189722938,0.19879636221632913,0,3
8439,153,14.886476461561898,POS,Travel,US,9.0,0.1345769459443763,0.17667107333141033,0,3
1201,861,97.46904987083673,QR,Food,TR,14.0,0.28411318969732496,0.12168038942138742,0,3
2003,900,206.82932384180432,ATM,Grocery,TR,8.0,0.25537813181137814,0.3223968526303404,0,3
6236,680,90.0125075110661,Online,Clothing,UK,11.0,0.19859298159050331,0.0958237831565906,0,3
6394,475,386.1391892932773,ATM,Food,UK,13.0,0.10755711570805422,0.04029300880796272,0,3
9674,163,80.4904760134452,ATM,Electronics,FR,9.0,0.20956787650558603,0.15210904730936115,1,3
1935,77,599.9440389062838,POS,Clothing,TR,20.0,0.2383993571730402,0.2944060211278437,0,3
5475,316,101.12128052341824,Online,Grocery,FR,4.0,0.051263756539641256,0.11661508053478328,0,3
3770,460,16.06004498019422,ATM,Electronics,US,23.0,0.05079226306540644,0.17059010541743408,0,3
7062,981,182.95560091227892,QR,Food,FR,17.0,0.07110984945892493,0.06844702458749924,0,3
543,143,106.05751039651129,QR,Clothing,US,22.0,0.23189584874822666,0.17786222034977825,0,3
2477,88,226.45584845203882,POS,Electronics,UK,15.0,0.05963041138333036,0.025966210667192114,0,3
8370,991,5.485677633650816,POS,Food,DE,5.0,0.11574677928213488,0.16562668747925172,0,3
4398,967,227.76168108889533,QR,Grocery,UK,5.0,0.0829462003104798,0.2979936393983052,0,3
2256,197,91.89789904425065,QR,Grocery,TR,13.0,0.07051444017281103,0.06375207701816023,0,3
7621,207,816.90510282132,Online,Grocery,TR,22.0,0.17625380778184463,0.07256563833319145,0,3
1271,663,87.50874155571564,ATM,Travel,FR,16.0,0.04671447131291745,0.07801833211743286,0,3
5267,341,9.991625208189031,POS,Clothing,TR,14.0,0.045181946841281455,0.179171946982735,0,3
8311,129,12.647722548023015,ATM,Food,US,16.0,0.054064830558437,0.06266039424465912,0,3
3980,341,67.355190096761,QR,Travel,US,13.0,0.08383247570842596,0.08972670712665445,0,3
8303,697,151.7861892632495,ATM,Clothing,US,20.0,0.16258097980647437,0.36627828079989555,0,3
4598,488,314.14312393657593,Online,Electronics,FR,18.0,0.20414838669578653,0.25214152259241596,0,3
9343,837,283.67674424950275,ATM,Clothing,FR,18.0,0.030243366747148948,0.1390196412836108,0,3
1116,310,117.7191705708616,ATM,Food,DE,20.0,0.7203933973967155,0.2083111652932355,0,3
980,248,53.197032785908426,Online,Travel,US,18.0,0.0731923125910965,0.14269444247650165,0,3
6093,618,283.7749927047028,POS,Clothing,US,2.0,0.12347642903519883,0.20066727585150282,0,3
6673,611,21.294488128564957,ATM,Food,UK,11.0,0.05427824270040065,0.04418677252034584,0,3
6072,752,357.82299849695136,ATM,Grocery,TR,17.0,0.13034269349531502,0.14586165136679502,0,3
963,53,258.4353531323994,POS,Clothing,FR,9.0,0.21746866584775673,0.47692850395461894,0,3
4663,750,95.31956191271578,POS,Electronics,TR,16.0,0.12274472994296798,0.0993520254056913,0,3
1826,143,104.67877690906913,QR,Travel,FR,19.0,0.20996724427462513,0.4499198922119218,0,3
8769,803,33.310634427668184,QR,Travel,DE,14.0,0.032402324553562484,0.0796997613066012,0,3
2003,811,84.69250939018633,QR,Electronics,FR,15.0,0.12876869043076308,0.2832365641152144,0,3
805,201,20.61358838476339,POS,Travel,DE,13.0,0.27100894494399186,0.3339169354058732,0,3
5673,972,198.94171484955933,ATM,Grocery,UK,23.0,0.31880421720127256,0.20493570289402935,0,3
5462,451,468.0538117191735,QR,Travel,US,22.0,0.2521946669393428,0.07713774886892541,0,3
7983,46,57.831225832851175,QR,Food,TR,14.0,0.18511704344974578,0.0886563795763118,0,3
5640,169,294.21622758427276,POS,Grocery,UK,10.0,0.12842625519948608,0.04215693346928024,0,3
4811,179,95.02844388783649,Online,Food,US,20.0,0.09700316501319621,0.09708988592666498,0,3
626,45,114.13952779073306,ATM,Food,DE,22.0,0.05497337489506385,0.5559536883995576,0,3
8130,900,38.35988746535625,ATM,Grocery,FR,22.0,0.48128997872851387,0.32507431830839667,0,3
4738,756,247.85808037173277,Online,Travel,TR,15.0,0.1580848600062773,0.07384549222077325,0,3
5108,219,21.643921957339018,POS,Food,US,14.0,0.07112067216272375,0.24456289507633017,0,3
2630,103,286.128071622199,POS,Grocery,US,20.0,0.12051086952936413,0.03130075402271823,0,3
6236,15,11.199931239202888,Online,Travel,UK,19.0,0.07385132303430586,0.36870340442070637,0,3
1578,617,140.7128512110741,POS,Clothing,FR,15.0,0.36092359621688364,0.10684654254792408,0,3
6264,67,125.9299540130424,Online,Food,US,18.0,0.7739256046758224,1.0,0,3
9896,600,624.4354601721786,ATM,Travel,UK,21.0,0.09462717126206466,0.1886792556481402,0,3
5301,408,168.67618126215643,Online,Food,FR,6.0,0.3913461814654564,0.548569128991941,0,3
8161,320,59.24064702262424,ATM,Electronics,FR,17.0,0.1534101639514428,0.10668846332453957,0,3
1367,12,470.269037121174,ATM,Clothing,DE,18.0,0.24949363904897454,0.2393218277408222,1,3
5679,859,0.0,Online,Food,TR,19.0,0.07659404763200435,0.13052335723802708,0,3
6072,638,145.90074953988704,POS,Grocery,UK,8.0,0.19236137416480129,0.1610232352878092,0,3
568,746,544.7457088305872,POS,Food,US,8.0,0.12240376045080786,0.18650888824671955,0,3
2354,539,114.83493874111261,Online,Food,UK,18.0,0.23117497235946366,0.11409210371564553,0,3
5428,99,67.67219228886171,QR,Electronics,TR,5.0,0.12583665810266284,0.1615045125577594,0,3
2753,488,174.46644588710362,Online,Travel,TR,18.0,0.06281733182027777,0.1343258330401161,0,3
451,252,241.05989299619958,Online,Travel,UK,14.0,0.027507092429320357,0.18914456789485495,0,3
9787,985,230.4103737974076,POS,Grocery,DE,2.0,0.23091909320806647,0.12165832836121353,1,3
3199,573,283.662305549686,Online,Grocery,TR,11.0,0.18640887646796644,0.13048330702823618,0,3
5293,110,142.35382578362766,POS,Food,TR,15.0,0.07232263254137578,0.2231926796939797,0,3
1523,806,40.43274041699608,QR,Grocery,UK,7.0,0.10869458292499912,0.17522264272125337,0,3
1467,824,30.719503721451506,POS,Grocery,DE,16.0,0.2907602682995237,0.4270220304852906,0,3
8430,496,78.34480714421204,Online,Grocery,US,15.0,0.08973216828278593,0.060373724283959006,0,3
2798,138,323.17611759395936,POS,Electronics,US,8.0,0.11165269474399753,0.1055123821197032,0,3
5988,980,15.866312004095734,ATM,Grocery,FR,13.0,0.12436929099266772,0.23317959209318181,0,3
2789,320,213.97359366030295,ATM,Grocery,US,18.0,0.21839594569644227,0.3152410950147019,0,3
9964,257,164.78615171252642,Online,Travel,UK,20.0,0.20866211061019668,0.20063766903171898,0,3
9939,870,39.07057260647127,QR,Food,UK,20.0,0.12872803795962956,0.0651583201132229,0,3
4037,366,38.304814532778074,QR,Electronics,US,3.0,0.25097096944553926,0.07052076866120274,0,3
1645,753,65.47356173075416,QR,Grocery,US,11.0,0.25196565322005327,0.1796326893709089,0,3
3799,944,175.27643353052903,QR,Grocery,TR,20.0,0.15488488239970463,0.3685706175161081,0,3
6719,825,202.31407351928837,POS,Clothing,FR,7.0,0.06683958962057117,0.053958769020611475,0,3
3454,210,81.47152186854305,QR,Travel,DE,11.0,0.07197881912950735,0.14081574998182575,0,3
6188,725,375.4992505066435,QR,Grocery,US,23.0,0.3385553747840387,0.29021841560669953,0,3
8513,393,144.41930604562143,POS,Electronics,DE,9.0,0.2766680620249287,0.1806147083787884,0,3
9788,698,164.34248444358408,QR,Food,FR,2.0,0.144309462857017,0.19365595101661642,0,3
1508,422,22.094345161521375,POS,Clothing,FR,11.0,0.1530052072987153,0.16923675190795184,0,3
9843,117,0.1372155950757019,Online,Grocery,FR,22.0,0.03076424801244016,0.03723649781765121,0,3
9300,381,238.39925887232565,QR,Clothing,UK,22.0,0.05755413624283698,0.31358627681707085,0,3
9488,756,0.8299171143772432,POS,Travel,TR,16.0,0.07563343036969922,0.07728684575089464,0,3
7665,609,306.28450238300644,POS,Travel,US,7.0,0.15619756620927688,0.34155618108201596,0,3
6969,49,112.28370199490473,POS,Food,FR,11.0,0.08199115252899693,0.092569598868727,0,3
7848,555,95.07877166305205,ATM,Clothing,US,20.0,0.2749772372401041,0.13145641556149784,0,3
1353,962,167.22803402322782,Online,Clothing,DE,20.0,0.2202782382443072,0.3053778037369766,0,3
2412,166,626.1601300518219,Online,Food,UK,12.0,0.6056539246621218,0.7395113802409521,0,3
741,237,401.4776147826289,Online,Travel,DE,1.0,0.3650644600725787,0.046111056837078335,0,3
7835,909,132.42608319106395,QR,Food,US,5.0,0.10880427916267592,0.03847690288778531,0,3
6945,113,983.1921068132438,ATM,Food,TR,8.0,0.18577569289555404,0.6249496081938523,0,3
9285,796,60.79099765302296,Online,Electronics,US,5.0,0.12205680501029531,0.06416285142248931,0,3
8170,789,5.500470011797622,POS,Travel,TR,5.0,0.03177780827498012,0.11620943798544472,0,3
1401,146,954.0006697294887,POS,Travel,TR,19.0,0.2690178246278845,0.4513537471476731,0,3
1323,40,11.83710165110127,Online,Food,UK,10.0,0.29367140117128093,0.2596056369879184,0,3
3523,870,66.24820664918356,POS,Food,DE,17.0,0.2562939919177883,0.11881679928737544,0,3
2646,275,179.9247132096287,ATM,Clothing,UK,21.0,0.25699400527328586,0.07565824266383138,0,3
4879,404,132.5759884056438,ATM,Travel,TR,3.0,0.14542829091478626,0.054395576129086916,0,3
9468,128,589.1292718002867,Online,Grocery,US,15.0,0.23786256418744472,0.21606274618636923,0,3
5707,408,359.51996626239776,ATM,Clothing,US,20.0,0.2550488143747931,0.2700531205787718,0,3
7206,389,5.165529569606367,ATM,Travel,FR,23.0,0.11992646262354051,0.10801332997573847,0,3
2774,207,50.75720514361083,QR,Clothing,FR,18.0,0.5122656233321873,0.4024933972908276,0,3
9392,782,195.34082148169884,Online,Food,DE,21.0,0.4542143360007394,0.21382116193012798,0,3
8213,721,44.252938966751714,ATM,Travel,DE,10.0,0.1411051768676986,0.05596489626602852,0,3
4757,356,810.6007362883108,QR,Grocery,UK,5.0,0.07609679014876744,0.12491992425084976,0,3
5861,745,88.26192237538241,ATM,Travel,TR,21.0,0.2996470183227572,0.37641305045703216,0,3
6557,199,233.26052229996304,Online,Travel,TR,17.0,0.6904604124430241,0.9243670993697476,0,3
2967,712,140.15757076070722,ATM,Food,UK,21.0,0.06385948344955474,0.2859035222354498,0,3
4662,919,444.83961004979744,QR,Electronics,DE,21.0,0.22139378827532533,0.19689365715457366,0,3
1217,678,0.0,POS,Grocery,TR,19.0,0.13186571548920042,0.07906858630306232,0,3
7485,455,15.178774502592587,Online,Electronics,FR,11.0,0.05935408982656305,0.19164374423368918,0,3
6754,724,1.6573402730499573,Online,Grocery,TR,21.0,0.05023675884185062,0.11326275730826894,0,3
5762,559,40.61579119324828,QR,Electronics,US,12.0,0.07214506074034942,0.13968234511611163,0,3
2829,595,86.69159439837674,QR,Clothing,FR,17.0,0.15770169614116902,0.07492192884090054,0,3
101,775,51.11470706150452,POS,Food,US,17.0,0.47103079901556916,0.2974389816597133,0,3
1867,163,68.22496980328837,QR,Travel,US,22.0,0.17877577621870794,0.15059058220560462,0,3
6552,607,449.3339783296376,Online,Electronics,UK,9.0,0.2539931827374856,0.36064859661642146,0,3
4617,1,142.00801779343823,ATM,Clothing,TR,2.0,0.1996812247881899,0.06900757938687846,0,3
8481,864,61.075917090531576,QR,Travel,TR,18.0,0.08954655399152339,0.10009906109990342,0,3
3267,433,123.72854557737176,POS,Grocery,DE,15.0,0.08044908386630756,0.18258181366555007,0,3
6439,910,32.29100935612483,QR,Electronics,TR,16.0,0.2267866614825515,0.3583613325686421,0,3
7273,732,700.0629588677484,ATM,Grocery,FR,7.0,0.4228707979979122,0.6726786207380994,0,3
7168,507,65.83246627233683,ATM,Grocery,UK,20.0,0.24253474069389544,0.03474617354318715,0,3
5746,597,8.676950400427852,ATM,Clothing,FR,17.0,0.03276749851780975,0.07767181234460502,0,3
6684,165,192.59226598316206,Online,Travel,US,20.0,0.15270757334587487,0.05733327986513447,0,3
5339,938,21.790160990300777,ATM,Electronics,US,21.0,0.07861814652463617,0.026727983697550844,0,3
3578,430,31.27355781561035,Online,Grocery,US,17.0,0.06331524140078085,0.177560404778332,0,3
6842,389,987.473102082226,ATM,Travel,FR,10.0,0.05152063228603068,0.14167104699751962,0,3
8234,999,17.45505980415968,QR,Electronics,FR,17.0,0.05160219973466206,0.25755747902171144,0,3
4946,651,23.752944990388578,ATM,Grocery,FR,16.0,0.22169265046940242,0.1153553796510129,0,3
7958,351,283.5159377901232,ATM,Grocery,FR,16.0,0.17507533710750572,0.09196543886115242,0,3
6681,440,70.74616265473297,QR,Electronics,UK,20.0,0.08358913390264108,0.07873207665357407,0,3
5781,885,13.68172053761513,QR,Food,US,11.0,0.07429434082818669,0.08483231861829185,0,3
4735,914,86.76659758914549,ATM,Clothing,UK,17.0,0.3550021634614021,0.4813124433157866,0,3
1727,657,15.64889462485366,ATM,Food,FR,21.0,0.08577846923159035,0.046544508597128276,0,3
4579,329,352.15004060211845,ATM,Food,TR,22.0,0.04195897020543228,0.06321768627282524,0,3
747,282,109.66014967389283,Online,Clothing,FR,16.0,0.3428299204624653,0.14758250704525822,0,3
9384,581,259.45398275388914,POS,Grocery,FR,13.0,0.28717059822980223,0.37473215263633336,0,3
3441,415,308.95383671257997,Online,Travel,FR,22.0,0.19480501029399147,0.19173737276529706,0,3
6655,519,297.098527624852,Online,Clothing,DE,20.0,0.07505816865560716,0.2477089773941009,0,3
1448,819,160.4022054089051,ATM,Electronics,TR,20.0,0.1737471715542811,0.18678734658447266,0,3
4995,886,277.9471010007371,QR,Travel,UK,8.0,0.10775268981351649,0.08922130985361384,0,3
1160,815,60.52839992211736,Online,Electronics,TR,20.0,0.027850288056835436,0.04510525034241861,0,3
7181,585,23.378994044898402,QR,Travel,FR,11.0,0.1970113425386612,0.06765019335943126,0,3
4964,32,167.2170772693278,POS,Travel,DE,6.0,0.1743565315116942,0.0826386505775482,0,3
9686,458,453.0725357315698,POS,Food,US,16.0,0.6322668708586442,0.06641908594729853,0,3
8505,432,269.89165897898977,POS,Food,UK,7.0,0.07297585441817253,0.3675133794882249,0,3
4271,777,191.3872586427901,Online,Food,UK,3.0,0.07294427660626852,0.2853416060694049,0,3
7046,323,207.29184735990503,Online,Clothing,TR,22.0,0.06867212297239876,0.47683517310686757,0,3
3815,470,200.52112733307308,Online,Clothing,US,11.0,0.38116136244498033,0.4372581511243283,0,3
2948,293,540.7680720789818,POS,Grocery,UK,21.0,0.1430370121402907,0.3895575451181526,0,3
6758,667,13.349528857611784,ATM,Electronics,TR,21.0,0.050727444989981094,0.04600685921184974,0,3
4909,823,542.2171267122218,QR,Food,US,21.0,0.15024701897631848,0.43279299448296554,0,3
1180,265,198.19298724860522,ATM,Travel,US,15.0,0.15350659673668055,0.0733387385701595,0,3
2131,73,350.87082532116233,Online,Clothing,UK,7.0,0.18051716441267118,0.43732262850472187,0,3
4762,731,59.48076204657207,Online,Travel,FR,20.0,0.4715499690338518,0.21928258696660513,0,3
9610,58,198.58325310300978,Online,Clothing,DE,15.0,0.1665953852517537,0.1027113792368065,0,3
4224,813,240.43799621313707,QR,Clothing,FR,10.0,0.1766975495804366,1.0,0,3
9316,987,144.5343071198969,POS,Grocery,US,21.0,0.6647381900274515,0.28662290186156236,0,3
7633,201,7.781220250887504,ATM,Electronics,TR,21.0,0.1918483112337565,0.07562766639176069,0,3
1488,892,73.87885415689973,QR,Electronics,DE,8.0,0.05546666975096887,0.1887292614112251,0,3
6838,913,493.44041271897663,POS,Travel,UK,13.0,0.07325864198231119,0.18939967002892633,0,3
1164,412,44.826296225401364,POS,Travel,UK,19.0,0.04822405092600459,0.20854083303051515,0,3
613,619,223.70246135138376,ATM,Grocery,UK,8.0,0.2804436169108017,0.3930312993330205,0,3
4414,824,40.72925970911284,QR,Grocery,TR,14.0,0.21635546666539207,0.07063347798867978,0,3
1212,606,23.498917362024834,Online,Grocery,TR,23.0,0.06084938857037052,0.04018428827474839,0,3
3680,53,82.53321149139798,Online,Grocery,US,6.0,0.10387325364670685,0.3436515411973689,0,3
1762,629,1361.299521497705,QR,Clothing,TR,17.0,0.04521595630864125,0.3060722272795395,0,3
5579,529,5.803387143080098,ATM,Clothing,US,22.0,0.31580357979679907,0.34096551579943396,0,3
9800,134,287.8031903492486,POS,Grocery,US,23.0,0.4650649687813327,0.1435997953899154,0,3
6533,676,182.7891714101882,POS,Electronics,UK,22.0,0.1527296257318689,0.1379462065222113,0,3
1201,201,313.47562598110466,POS,Clothing,FR,23.0,0.18285536815860112,0.160176697116578,0,3
2517,117,25.96770893973432,Online,Travel,DE,7.0,0.03481277420249458,0.21245726257087916,0,3
8482,585,33.59439765081994,POS,Grocery,US,4.0,0.06434412784183233,0.07351956556328562,0,3
2447,569,20.92579636776108,QR,Electronics,TR,16.0,0.22084984626138487,0.09449267099499808,0,3
1901,892,624.3518461868779,Online,Food,UK,7.0,0.5424413466588863,0.11793690275790991,0,3
7960,203,201.41131272335076,Online,Electronics,FR,13.0,0.2471281913615166,0.2529791397694322,0,3
5258,336,49.836392071244305,ATM,Travel,FR,9.0,0.18049072044198342,0.2710176572539291,0,3
4298,935,22.287030972734197,POS,Electronics,FR,9.0,0.0615105554396789,0.026827254697668394,0,3
7514,73,139.80649854775496,QR,Electronics,DE,21.0,0.1531075862759878,0.2002363824369709,0,3
8762,666,219.95984314048957,POS,Electronics,TR,15.0,0.18531825093702003,0.11878248246182899,0,3
3875,389,691.8072300615637,Online,Travel,UK,21.0,0.3377434293453248,0.19830661046819104,0,3
5364,767,271.32359092907205,Online,Grocery,DE,23.0,0.3037862069706674,0.20221972165527027,0,3
9854,190,670.9934572175582,QR,Grocery,US,22.0,0.12370772423582371,0.3141390261878479,0,3
5491,469,102.43402382266403,Online,Travel,UK,11.0,0.21154020625639872,0.08810343791575291,0,3
6466,933,334.00494230577505,QR,Grocery,UK,21.0,0.25502431053743774,0.45072137135279255,0,3
6117,329,140.39255517718237,POS,Clothing,FR,11.0,0.23540419810202068,0.2179675006062261,0,3
591,110,953.6277344356859,POS,Electronics,DE,12.0,0.3218150221990496,0.37080820108689994,0,3
7485,936,182.8651271579837,POS,Clothing,US,16.0,0.21134381090358784,0.16259388853259277,0,3
6281,901,5.27209091508284,ATM,Electronics,DE,11.0,0.23046141304683868,0.20759401911860212,0,3
8592,860,115.71205451054098,ATM,Food,UK,19.0,0.07781144366108822,0.11316027906853614,0,3
6477,912,573.5085069975462,QR,Clothing,US,22.0,0.1602321427615669,0.24710821790404344,0,3
8402,818,38.17126532778303,ATM,Travel,UK,12.0,0.1196732152040043,0.2845051685518691,0,3
3189,758,376.1684784292976,ATM,Electronics,FR,16.0,0.4345492803622255,0.09738405305094572,0,3
5453,656,381.8354035393779,POS,Food,DE,20.0,0.15432664226524287,0.04184689747334692,0,3
4151,736,30.15021699597314,POS,Clothing,FR,19.0,0.07031766731842909,0.18335422985898994,0,3
7649,545,70.54785962393314,QR,Food,US,14.0,0.1593037960440949,0.3161251068080107,0,3
2326,569,7.998456090744127,QR,Clothing,FR,23.0,0.18489714752166578,0.04480659432954766,0,3
6441,944,124.98994480580458,ATM,Clothing,US,17.0,0.1634053158308444,0.2965622758237615,0,3
4127,789,11.087982185568448,Online,Grocery,DE,22.0,0.17917965593058546,0.0548063300601736,0,3
8757,691,67.0419259455048,Online,Travel,US,17.0,0.23288006304033193,0.5547204586569826,0,3
5934,490,282.7479184214293,POS,Travel,TR,23.0,0.07535738974455705,0.05421483086811052,0,3
2021,588,13.40862106811479,QR,Grocery,FR,10.0,0.2802635619414524,0.24932139244190046,0,3
6921,234,0.0,QR,Clothing,FR,21.0,0.34673543277190766,0.20858721686556086,0,3
3349,537,609.410881677272,POS,Grocery,UK,13.0,0.508082110630406,0.2727847623080112,0,3
2823,91,624.7524413096244,QR,Clothing,UK,18.0,0.27312812693901406,0.2651878204034049,1,3
4989,838,12.444761537412877,POS,Food,DE,13.0,0.04976643429194784,0.10594214494781715,0,3
4721,533,335.9908065683035,POS,Electronics,US,22.0,0.397932400107745,0.17098732935071473,0,3
874,61,125.3516953363758,POS,Electronics,DE,15.0,0.27479610172242397,0.14759138025098426,1,3
291,9,129.63048216673297,ATM,Travel,FR,14.0,0.15704835738805606,0.044386171696697826,0,3
8896,294,4.801664236730989,QR,Electronics,TR,4.0,0.20347245599575423,0.05180653408961383,0,3
2262,129,1572.1589454953166,POS,Electronics,US,22.0,0.47646534866558915,0.3442325197310976,1,3
7724,109,190.1316425237354,ATM,Electronics,TR,21.0,0.13884874669688319,0.04235228040743304,0,3
697,730,672.2452043318613,Online,Travel,UK,16.0,0.1945279967975837,0.20538416843356894,0,3
766,993,113.71121740329467,Online,Grocery,US,9.0,0.07841350108222354,0.061198095965873604,0,3
2515,174,2.938704570826183,ATM,Electronics,UK,21.0,0.027629383478179073,0.03996373571038227,0,3
9857,342,10.778292377101492,POS,Travel,TR,13.0,0.21522633702527005,0.15489456862881748,0,3
7160,904,68.72802932098082,QR,Food,US,23.0,0.07596919186870679,0.30345622849761344,0,3
602,755,103.27655712703333,ATM,Food,UK,18.0,0.1929677144778459,0.3388983975688964,0,3
6726,440,159.5188258418941,QR,Food,TR,20.0,0.13385115961064709,0.23534644821696726,0,3
8515,896,0.0,QR,Clothing,DE,19.0,0.04252593920389956,0.03768440382855917,0,3
5836,579,13.061127158132729,QR,Food,FR,11.0,0.14787959867567277,0.36173908610036126,0,3
563,87,8.423165244765304,QR,Travel,UK,16.0,0.08479097019847942,0.254046164473964,0,3
8215,595,79.88983682677774,POS,Electronics,US,7.0,0.34284168638222473,0.6152989095560681,0,3
5329,824,256.2137317571576,Online,Travel,UK,21.0,0.45192434240476087,0.18411445525651127,0,3
6386,333,63.246012194305045,QR,Grocery,US,5.0,0.08249272165852294,0.18317555051921233,0,3
3365,18,80.76776766503711,QR,Electronics,UK,16.0,0.2789968650451524,0.13685205639763043,0,3
2886,401,95.77002299727381,Online,Grocery,US,21.0,0.24728011639610337,0.16681320818935513,0,3
2587,610,22.027265793307265,POS,Clothing,UK,19.0,0.4488409398166308,0.16727866015645293,0,3
7871,609,2.244014836422255,ATM,Food,UK,13.0,0.056134953652705884,0.09510731223000501,0,3
7785,69,12.758823972404405,ATM,Electronics,US,8.0,0.18292034383385905,0.17558019621978083,1,3
9306,612,27.827518421694197,QR,Electronics,UK,20.0,0.36017814305951246,0.12467640634049397,0,3
1201,487,28.479656291155838,POS,Food,US,23.0,0.2736736231396732,0.10641071134143357,0,3
5455,212,431.31736345041116,QR,Grocery,DE,19.0,0.32475741787214163,0.4652086294318061,0,3
8919,720,106.94149164155343,QR,Grocery,US,15.0,0.09407799138430542,0.08501370812592919,0,3
5781,138,18.6191128870744,ATM,Grocery,DE,20.0,0.3191257506260371,0.3852809374212985,0,3
9921,558,369.495548636404,POS,Grocery,TR,9.0,0.34988628311117764,0.23625183681716547,1,3
5287,826,163.3379815896572,POS,Clothing,TR,22.0,0.626032464539783,0.042665052160173175,0,3
4415,904,24.517593895303285,POS,Travel,US,21.0,0.13243246370130485,0.15493725758082758,0,3
581,6,17.533396145737004,ATM,Food,TR,18.0,0.02714381170594936,0.15754638702843704,0,3
1285,605,171.99334296229006,ATM,Clothing,FR,3.0,0.29495024063533004,0.5186797556865497,0,3
3305,546,74.24277548887568,ATM,Food,US,15.0,0.1587518859146659,0.04540705500891842,0,3
3176,696,288.22454656607516,Online,Clothing,US,22.0,0.14798807670571038,0.2353895092622972,0,3
6016,428,34.46768724028341,Online,Clothing,DE,19.0,0.12513097596867456,0.17496235018694062,0,3
3664,817,881.0503763162951,QR,Electronics,TR,18.0,0.11311855117043647,0.1041720749408451,0,3
8349,86,238.8039378781238,ATM,Clothing,UK,17.0,0.37222300479705733,0.4975348755953348,0,3
7781,877,313.5930242335581,Online,Clothing,FR,21.0,0.2803575145564228,0.2342536019648166,0,3
3815,609,10.909435904486156,QR,Travel,US,14.0,0.30199558839587065,0.12526786236321005,0,3
7101,445,44.579808208764675,Online,Travel,UK,16.0,0.02560367650121914,0.06958784129497024,0,3
9997,411,171.09823672094004,ATM,Grocery,FR,5.0,0.3581743795106233,0.15795575111560317,0,3
2975,874,0.0,Online,Electronics,FR,14.0,0.27323530620141934,0.0442618618771479,0,3
2764,884,16.030542255042803,POS,Travel,DE,15.0,0.20232218934672794,0.3507997580969943,0,3
3986,298,227.22799794552898,QR,Grocery,US,9.0,0.8062153017322146,0.3581973287442242,0,3
9131,291,11.959432843987155,QR,Food,UK,12.0,0.26036035815959196,0.0956767683678002,0,3
8781,819,25.572056531296965,Online,Grocery,DE,18.0,0.08633731285316942,0.09873670324432848,0,3
3220,267,26.277854212408506,Online,Electronics,FR,13.0,0.08773116230320233,0.11338959104679713,0,3
1586,93,144.7285925684114,Online,Clothing,TR,18.0,0.2968603684045509,0.09041615549467387,1,3
1995,277,168.76900969772083,ATM,Clothing,US,8.0,0.3813884353726857,0.36052288485903816,0,3
590,717,148.3766969754879,QR,Food,DE,8.0,0.08662830529348053,0.11069966945322432,0,3
21,782,96.9080035201099,POS,Clothing,DE,19.0,0.051435393139298846,0.14735481722866872,0,3
3723,962,309.325177296644,ATM,Food,DE,21.0,0.10080753300144604,0.12421760064335263,0,3
6441,478,8.932736435863772,ATM,Grocery,DE,15.0,0.33447868044751083,0.2081936532267656,0,3
3121,617,49.735885580047594,Online,Grocery,TR,20.0,0.28732075230866994,0.16870328158783793,0,3
5703,484,171.13317921761436,ATM,Clothing,US,22.0,0.0893797640935299,0.1845333209131399,0,3
8823,637,105.0852307718854,Online,Electronics,TR,17.0,0.05570635888895674,0.300478737836643,0,3
1437,292,102.4277729365841,ATM,Food,US,12.0,0.09972602383576294,0.12672930702182897,0,3
7195,945,174.74194464193184,POS,Clothing,TR,5.0,0.07937277804081622,0.2442622095967594,0,3
5694,422,67.8148506574576,POS,Electronics,TR,13.0,0.03729225308374069,0.19572912162666622,0,3
2384,132,0.0,QR,Electronics,UK,21.0,0.29818400532499145,0.074529398077627,0,3
1329,551,13.476310834602847,Online,Food,UK,18.0,0.08866005616860025,0.13934493749657745,0,3
2154,413,114.1783049725033,POS,Grocery,UK,18.0,0.05574868783376412,0.055925283872702444,0,3
4833,592,34.468733053003135,ATM,Clothing,FR,12.0,0.10157763066533496,0.04457704378293315,0,3
3268,843,0.6565496541107425,ATM,Travel,FR,16.0,0.08752897624716494,0.09583224250210269,0,3
9417,891,421.1199758652544,ATM,Food,TR,12.0,0.2523846378261243,0.3816298004084122,0,3
5269,547,91.53940042268098,Online,Travel,TR,21.0,0.37608006889683065,0.26250572210803413,0,3
3482,972,118.29990989216891,QR,Travel,FR,14.0,0.27246404694230414,0.13897132383609256,0,3
6932,742,182.00001545823528,ATM,Travel,US,23.0,0.17599135829543555,0.12309999222331461,0,3
5497,272,155.20524812544312,Online,Clothing,UK,21.0,0.3846490026946376,0.19654500857164897,0,3
8138,266,123.96421065578811,QR,Travel,FR,14.0,0.35861950409373566,0.2181287685988079,1,3
8154,908,26.81439546377848,POS,Travel,FR,11.0,0.20508602821426325,0.07735353749938045,0,3
5061,956,149.61119195426002,POS,Grocery,US,9.0,0.36477036116917305,0.5469672310996668,0,3
3808,747,79.99015450457354,ATM,Electronics,DE,19.0,0.3176241413593508,0.18260172494977503,0,3
5461,170,121.21839391218482,QR,Food,DE,16.0,0.5884713666166959,0.23134404296898892,0,3
7151,829,3.406933870223271,Online,Grocery,FR,10.0,0.02845245475433426,0.10858773192572593,0,3
3556,225,12.22259644222618,ATM,Clothing,UK,10.0,0.4578326711047564,0.15111047776589528,0,3
9557,22,162.0362534419749,POS,Electronics,DE,9.0,0.3166224293481125,0.1199899301510734,0,3
1674,134,177.0037887638059,QR,Food,FR,4.0,0.13300875380698451,0.39992088403655246,0,3
2512,867,0.0,Online,Grocery,US,19.0,0.29758109194486415,0.3585035496811452,0,3
7947,780,69.47571835060742,ATM,Electronics,TR,17.0,0.24052871163678585,0.06688855843461897,0,3
7249,956,299.8597067971146,POS,Electronics,FR,16.0,0.13220112067533138,0.22068725464138808,0,3
3988,700,110.58264676456724,QR,Food,DE,12.0,0.09176379602473443,0.2655181402870414,0,3
2388,269,42.51017320566886,POS,Grocery,DE,18.0,0.07243198473146284,0.21884554127277017,0,3
9954,865,27.82333175304269,POS,Electronics,TR,18.0,0.14466108504576025,0.25140102685347243,0,3
9032,998,12.475672404379402,Online,Grocery,UK,15.0,0.11256333695001522,0.5309400792287493,0,3
5857,922,38.863124139847386,POS,Grocery,DE,1.0,0.08121933448535322,0.13415423273700613,0,3
1739,546,32.97585381969608,Online,Food,DE,7.0,0.2837603521642343,0.1582223049185108,0,3
3905,689,62.71646867636947,ATM,Travel,US,11.0,0.35712879642646894,0.3521801800108719,0,3
3568,909,193.46617411241235,Online,Electronics,TR,11.0,0.49205872578589144,0.9809529378451862,0,3
7387,541,210.02168781123905,Online,Electronics,FR,23.0,0.2886781853924153,0.034754091141986965,0,3
1589,790,52.82119244499607,QR,Travel,TR,8.0,0.31184929535082695,0.33608446042712636,0,3
5596,494,63.407232825750306,POS,Electronics,US,10.0,0.08457712841878301,0.28135370102081114,0,3
415,182,620.3625453827615,QR,Electronics,UK,21.0,0.24712945602294456,0.42172644588712593,0,3
3555,631,28.141971150888608,QR,Clothing,TR,11.0,0.050837041172140926,0.24227228721421298,0,3
9956,283,23.53556722755473,POS,Travel,UK,14.0,0.13227465362580423,0.1045939598201917,0,3
8866,843,76.44103581571046,Online,Food,DE,14.0,0.2087247343297294,0.13721283764002112,0,3
5186,650,272.93394614672656,Online,Electronics,DE,22.0,0.08053297070785029,0.12770395572942736,0,3
4304,12,15.087931159708285,POS,Electronics,US,23.0,0.4253337124286851,0.06643427141661326,0,3
7497,393,90.19809362148636,ATM,Grocery,US,16.0,0.16349627995234622,0.061457062164345835,0,3
5846,475,21.184989108038856,QR,Grocery,FR,19.0,0.13030918616242676,0.06515316633813381,0,3
310,882,97.61073558068938,Online,Grocery,TR,9.0,0.3511895867924548,0.2692542652850752,0,3
5822,511,36.720384029465166,QR,Food,US,12.0,0.1884299345212224,0.09631575067948905,0,3
312,192,38.422717227913864,Online,Food,US,19.0,0.05431223971730173,0.08305921321765568,0,3
4961,497,18.740854486784055,ATM,Grocery,DE,20.0,0.31663058756374396,0.16821056212370608,0,3
8044,290,82.98297555457454,QR,Grocery,TR,11.0,0.5300321696830114,0.22185097607156656,0,3
5921,228,56.04104847801942,POS,Grocery,TR,22.0,0.07402725908655727,0.18269797026189744,0,3
5930,944,2.3761021110286666,ATM,Travel,UK,23.0,0.08499101747602193,0.16511639051713378,0,3
4511,409,584.3087895511052,QR,Travel,FR,20.0,0.4094491778613656,0.12185606925485777,0,3
9808,313,134.83087794675097,POS,Electronics,FR,7.0,0.6307096741379407,0.08487311009498939,0,3
2620,203,48.76945497758051,QR,Food,UK,23.0,0.43591611599182906,0.10273148961820243,0,3
4240,819,733.0723687579259,Online,Food,DE,11.0,0.23273124091932962,0.4497067154582468,1,3
6387,802,49.89573593164313,POS,Travel,DE,12.0,0.09471075397027177,0.189963438446293,0,3
8994,593,226.67539132625458,QR,Food,DE,13.0,0.17345159133756302,0.03391426285284023,0,3
462,181,327.60472973155703,QR,Electronics,FR,23.0,0.5855769528399045,0.24383074982341574,1,3
3062,71,82.2166833315109,POS,Clothing,UK,17.0,0.13657949690711682,0.20907856194965987,0,3
4012,374,44.68913871900513,Online,Electronics,UK,23.0,0.2509745968792252,0.033237990663590705,0,3
8213,462,390.86387372914646,POS,Grocery,TR,10.0,0.5873424003330613,0.43106586700081745,1,3
4133,395,74.11794508754896,Online,Travel,TR,18.0,0.19741795056714348,0.07658513237529085,0,3
6799,693,285.47236603698457,QR,Food,DE,5.0,0.11866164533181586,0.24196481044405208,0,3
4318,738,21.137412397985713,QR,Clothing,FR,19.0,0.29470099822496987,0.18393056117691134,0,3
7087,848,38.686049615508,POS,Food,UK,19.0,0.1489489216183063,0.09628013555057299,0,3
7446,519,303.04295486319273,ATM,Grocery,DE,16.0,0.20789474751239154,0.351606233309541,0,3
7757,943,16.9029304374461,QR,Grocery,TR,18.0,0.028612140033342375,0.056182445095235956,0,3
2019,523,95.9383459299134,Online,Travel,TR,7.0,0.04084101784960161,0.20060018983527142,0,3
9578,681,16.48426231824862,Online,Electronics,FR,22.0,0.08890676598699374,0.32994986588354647,0,3
4487,21,248.93743982136652,QR,Grocery,DE,17.0,0.23015849973057123,0.24739280539425212,0,3
4640,734,329.89756508585407,Online,Food,FR,22.0,0.3212510422472639,0.7232542942548698,0,3
4833,656,13.250719374253379,ATM,Electronics,UK,19.0,0.2618342559141597,0.17615695544609306,1,3
9581,946,15.80723799334717,POS,Food,FR,19.0,0.2441173994005484,0.32532086136364163,0,3
8704,734,53.99017043517114,POS,Food,FR,10.0,0.34598861040656065,0.09452187619674365,1,3
6415,440,102.60542337886676,QR,Food,UK,21.0,0.48300646957542037,0.45077949345703583,1,3
9785,187,130.91346989518095,Online,Clothing,US,10.0,0.1844249600161284,0.07230039470072791,0,3
3713,732,24.633795439733674,QR,Clothing,FR,18.0,0.21030694808977463,0.10597233621524266,0,3
5769,81,185.54224450561722,QR,Travel,UK,14.0,0.4349034185157115,0.2656483830942043,0,3
4742,463,108.94063682602143,ATM,Travel,FR,18.0,0.5774507616837582,0.3177184300181407,0,3
6400,709,141.4277880668554,ATM,Food,US,3.0,0.23388944259098565,0.0656993952315256,0,3
9313,949,356.85213236713685,QR,Clothing,FR,17.0,0.21371362336702288,0.1375530586242799,0,3
2369,848,28.2804936840353,QR,Travel,US,17.0,0.1396913474932386,0.3496226500807102,0,3
238,529,178.081873036446,POS,Travel,TR,5.0,0.2942610978492082,0.18808467117355152,0,3
3499,167,225.7142666191919,ATM,Food,UK,20.0,0.05760439355813643,0.11074098801878546,0,3
3922,432,243.85440993722253,POS,Food,FR,17.0,0.18999669503232186,0.3919794624979903,0,3
3113,59,44.62649097765677,QR,Grocery,TR,6.0,0.10199895716799029,0.11230943921220697,0,3
6126,595,1.9779559625750882,QR,Travel,TR,14.0,0.09493198867015618,0.1541662634564985,0,3
4673,331,3.9542523043623596,POS,Clothing,UK,12.0,0.12605350541564986,0.15941527653781334,0,3
4896,672,304.58199918189354,ATM,Food,UK,21.0,0.16677469475719373,0.5660036456036714,0,3
2805,329,127.87568081612027,Online,Travel,DE,11.0,0.24406827115315707,0.14553332222922385,0,3
5590,544,293.04841510820887,QR,Food,FR,9.0,0.07301477650453304,0.2485986049779648,0,3
1920,589,10.199251565921337,QR,Grocery,TR,1.0,0.07217159521534788,0.23083123585246834,0,3
279,712,139.7225980407872,POS,Grocery,US,20.0,0.8028176699983248,0.6611674836095747,1,3
9135,532,48.483674171172595,POS,Travel,DE,16.0,0.1361137995161663,0.2573064083405215,0,3
7805,959,138.04658655507734,Online,Clothing,UK,20.0,0.9734380071744109,0.5182885399413626,0,3
7420,261,34.300627053171084,ATM,Food,US,23.0,0.24640603244891202,0.23237411364927063,0,3
3276,527,38.737426335387205,Online,Clothing,FR,16.0,0.13110585843466474,0.8499601011342571,0,3
8848,475,349.37685281852004,ATM,Food,UK,12.0,0.20076193579457743,0.2563116229171197,0,3
3856,335,178.8104926919728,ATM,Clothing,UK,23.0,0.04251751836734704,0.14263061557575138,0,3
2028,465,149.02761837047834,POS,Electronics,UK,22.0,0.2730660206563115,0.1394534818214598,0,3
7718,534,16.202459314115814,ATM,Clothing,US,22.0,0.11587565585283784,0.1082914172401756,0,3
36,573,12.778094540442618,ATM,Travel,FR,18.0,0.05232978738261626,0.11319250927137292,0,3
9671,666,108.07022827032307,POS,Grocery,US,13.0,0.1754497180395621,0.21516214383191754,0,3
5568,699,755.1593044340916,Online,Travel,FR,21.0,0.2433734223233543,0.488743193097718,0,3
2646,33,15.943278501610605,ATM,Electronics,UK,22.0,0.1843389360296298,0.20997553356695686,0,3
8623,743,75.10182409529499,ATM,Food,US,22.0,0.11194130126939911,0.07878012291632983,0,3
2513,94,368.5785754684388,ATM,Food,FR,11.0,0.1740601396819611,0.34562251329435417,0,3
3189,689,132.92528856548282,QR,Travel,DE,4.0,0.24337650288071194,0.15227330699907715,0,3
8072,149,6.768665203903357,ATM,Food,DE,6.0,0.1613610760782513,0.17745955006434555,0,3
2610,498,93.365645652548,POS,Food,UK,4.0,0.2076590722598325,0.08426742515543766,1,3
920,840,0.0,Online,Clothing,US,13.0,0.09469375025470951,0.13465798676342255,0,3
4297,514,632.8516338391478,POS,Clothing,US,12.0,0.17216660725543675,0.4158697514798703,0,3
2482,743,197.49055898738152,ATM,Travel,US,7.0,0.6593686690934246,0.18634651892733084,0,3
4549,233,232.32895651653294,Online,Electronics,DE,19.0,0.03949342071134648,0.26774758027217693,0,3
3379,136,88.37430281615084,ATM,Clothing,UK,10.0,0.3349620998763806,0.5335686077251889,0,3
1212,314,51.178233311184854,Online,Food,US,21.0,0.10115253794122696,0.4542630488984203,0,3
6356,441,3.122816098783047,POS,Travel,TR,23.0,0.09266720016859091,0.3708878716840349,0,3
7459,693,110.73791187976514,Online,Electronics,UK,18.0,0.1822464996720526,0.6056132424266961,0,3
5009,87,361.6860232299998,QR,Food,DE,18.0,0.5396335707936701,0.27685839375672705,0,3
9268,986,37.16008186092573,QR,Food,TR,8.0,0.5224407161534368,0.28864822239594456,0,3
8825,686,2.0730052210434735,ATM,Clothing,UK,9.0,0.27637797628520816,0.07961703336620231,0,3
4327,233,196.67222625046742,ATM,Electronics,US,22.0,0.12284598348653697,0.05372432812179614,1,3
9628,27,418.40629397924494,Online,Grocery,US,17.0,0.29719323748745075,0.19465346672193123,0,3
5656,595,223.98100330548115,Online,Grocery,UK,12.0,0.12738961809977992,0.3563682984563417,0,3
9447,698,47.80931551922968,QR,Electronics,FR,19.0,0.07981913973756526,0.1401461968987108,0,3
7719,153,425.569185350984,POS,Electronics,TR,5.0,0.15640809818139878,0.743318516021265,0,3
9488,734,318.10963378211994,Online,Clothing,DE,20.0,0.6037841485071267,0.06900331838984938,0,3
4649,536,0.8066427893504726,Online,Travel,TR,17.0,0.25151271663676383,0.32100770517039373,0,3
4684,620,54.47979626758705,Online,Travel,US,21.0,0.09624158916903248,0.14198220841726322,0,3
8703,716,325.20260429479583,POS,Grocery,TR,16.0,0.16858956209192635,0.37466126230325675,1,3
2078,872,280.49621926824835,QR,Grocery,TR,1.0,0.22198361010023798,0.1699454038979383,0,3
9246,528,60.13910162471328,ATM,Clothing,TR,13.0,0.13604273472772335,0.035308751330567205,0,3
5327,527,185.19920966609362,Online,Food,FR,7.0,0.13396449463470528,0.10739935237788469,0,3
5370,481,191.25394772633567,ATM,Travel,DE,21.0,0.14087464400423402,0.1004058191944337,0,3
3494,496,195.07120857052755,ATM,Clothing,US,16.0,0.4407388768411176,0.18860997814874392,0,3
4999,282,941.8549357710862,POS,Grocery,FR,18.0,0.4955413950619519,0.30798183558402226,0,3
7999,31,172.39627790766266,ATM,Grocery,TR,22.0,0.19591703085336085,0.19547934258628413,0,3
2671,317,8.057391158941032,ATM,Travel,US,19.0,0.07695537200917194,0.2946392240474595,0,3
1588,301,169.2206625767867,QR,Electronics,FR,20.0,0.08154603485194434,0.09013153965697715,0,3
748,991,70.19055718633955,ATM,Food,US,19.0,0.2654326685072923,0.08601212451730895,0,3
2821,117,10.184504331072118,ATM,Clothing,DE,18.0,0.04330289465268171,0.10914776006602181,0,3
9393,600,0.0,POS,Electronics,US,23.0,0.05330553331449399,0.04428765746607363,0,3
921,191,74.93962263650347,QR,Travel,TR,16.0,0.2532031409818298,0.10418430742859505,0,3
1183,409,195.33762113692302,ATM,Travel,DE,13.0,0.057991197359000435,0.11821310771906192,1,3
8123,48,185.87027185130557,POS,Travel,FR,18.0,0.45127153694176914,0.462452379401088,0,3
9075,913,1.0331321686206856,ATM,Electronics,NG,8.0,0.1120881908587136,0.06275584308443102,0,3
9626,609,172.67694249585801,POS,Grocery,DE,14.0,0.08300953526553183,0.6243123883525024,0,3
8491,868,59.029095153902226,QR,Clothing,FR,15.0,0.16410764028933272,0.21202591201586382,1,3
3998,918,246.6840707374543,ATM,Electronics,US,16.0,0.10509885501239238,0.2790462560421122,0,3
7388,574,717.5547855576247,Online,Clothing,UK,9.0,0.12961932368072082,0.2804304987934119,0,3
4208,183,16.81447845137641,QR,Electronics,DE,16.0,0.06290350973122477,0.04421437493886804,0,3
1957,791,67.88269207819764,QR,Electronics,US,14.0,0.07269897567592037,0.08787203750297497,0,3
5095,374,148.3177718050645,QR,Food,FR,11.0,0.2483234183240317,0.08833468483293458,0,3
3486,719,696.1416075413775,ATM,Food,DE,11.0,0.23361053602094137,0.44516958434627396,0,3
7938,677,274.36355824553294,QR,Travel,DE,11.0,0.24230747149373094,0.054410242079957344,0,3
9614,143,102.14196758564631,Online,Clothing,FR,9.0,0.19762196682039512,0.29417217897541836,0,3
8205,975,226.72935089950963,POS,Electronics,US,21.0,0.20783818545829513,0.05852398578688657,0,3
4424,526,20.27708313133158,ATM,Clothing,FR,11.0,0.24168206829887734,0.0489516334805224,0,3
8369,860,42.336390341675795,ATM,Food,US,16.0,0.03765968159784584,0.14213718915788712,1,3
862,713,76.48522307142578,Online,Food,DE,9.0,0.121054765695355,0.1751499699704487,0,3
1379,480,3.6705758891328926,POS,Food,UK,13.0,0.24613404883136364,0.16969837588034098,0,3
3096,446,26.05968468395969,POS,Clothing,FR,12.0,0.08109032652833659,0.2614067262964595,0,3
1768,125,27.265070204340933,POS,Grocery,TR,18.0,0.40065086505783043,0.20415007111938632,0,3
3670,813,320.3191763235527,ATM,Travel,DE,5.0,0.240885488493345,0.4309049337635137,0,3
5888,204,364.92127130477826,POS,Clothing,FR,19.0,0.3629488728785857,0.14331648967105534,0,3
5357,233,156.25818710843134,QR,Electronics,US,14.0,0.07239317767273715,0.10939056515270959,0,3
3560,606,137.89413488791763,POS,Grocery,DE,17.0,0.1819042274601949,0.13663236728333317,0,3
1894,824,288.4362005739768,Online,Grocery,DE,20.0,0.11541699955217993,0.06874385987516261,0,3
9843,869,48.189903589263345,POS,Grocery,FR,10.0,0.07312019548389614,0.09368128440918862,0,3
3298,404,373.9386527786968,ATM,Food,DE,16.0,0.47089249044005166,0.25790515094032884,0,3
8272,722,232.48132318133304,QR,Electronics,TR,9.0,0.10172077145837677,0.27330440418840946,0,3
2248,282,31.684856354283912,POS,Grocery,US,13.0,0.05038537133484287,0.033137528393994684,0,3
1929,501,286.2326003740399,POS,Electronics,UK,22.0,0.14286253995774065,0.15440506811500215,0,3
2553,62,11.021493028069319,ATM,Grocery,UK,6.0,0.09925184595961364,0.14093421251408045,0,3
4322,572,277.8217406239375,ATM,Grocery,DE,4.0,0.4531615210933191,0.19593743411131923,0,3
2031,946,86.76320192510157,POS,Electronics,US,12.0,0.23154299029684788,0.16944042292121914,0,3
3599,103,280.06864966312344,POS,Grocery,UK,8.0,0.08986171100082174,0.1791946044649356,0,3
733,592,64.90758511401091,ATM,Electronics,FR,21.0,0.10576616097112221,0.06675132379086526,1,3
6894,623,183.15398807119783,ATM,Food,UK,15.0,0.21080868127459673,0.13875130819207138,0,3
4806,827,6.010786060441619,QR,Grocery,TR,10.0,0.038382232394113036,0.03397320827039042,0,3
8591,955,57.08406076230074,QR,Food,FR,22.0,0.05709279895807804,0.16299374375420753,0,3
4111,792,229.3834041905868,ATM,Travel,US,7.0,0.10821724372163014,0.20844723713862134,0,3
9834,459,1.451566924353218,Online,Food,TR,15.0,0.09336455864460533,0.10892387665530212,0,3
5693,635,431.9972249941737,Online,Travel,TR,22.0,0.14957274060479603,0.24469675396193674,0,3
5319,354,49.27121279425832,QR,Grocery,UK,16.0,0.09492088254415515,0.0928637230317565,0,3
1785,567,0.0,QR,Travel,TR,4.0,0.03691945773580844,0.03823222667572021,0,3
6095,29,268.6845454591021,QR,Food,TR,21.0,0.25137808091218117,0.20076234007254912,1,3
7731,264,24.70220224243863,Online,Grocery,UK,8.0,0.056332866625565615,0.05965459736181749,0,3
757,294,418.7161098348513,Online,Clothing,FR,22.0,0.0855376771784176,0.14409822055031002,0,3
413,87,138.33182162729358,Online,Grocery,TR,13.0,0.07605616109259505,0.14912847737985996,0,3
8134,383,88.89304928574455,ATM,Electronics,DE,13.0,0.5415938036296273,0.32889626064028943,0,3
3019,410,142.61977491995856,ATM,Grocery,US,23.0,0.4545550004745113,0.23304681524089838,0,3
5486,593,291.3284938777283,QR,Clothing,UK,16.0,0.1942073449550966,0.08132667120375697,0,3
3244,231,186.37722089393392,Online,Travel,FR,20.0,0.5653010704204955,0.4459654755418833,0,3
5576,698,100.92461279183505,QR,Clothing,UK,16.0,0.06131186157997959,0.20265349825964699,0,3
3015,919,81.70087040998746,Online,Food,TR,19.0,0.249228414965474,0.11277654581315222,0,3
4655,46,340.75540938722276,Online,Electronics,UK,12.0,0.12026699681982292,0.3941161641585692,0,3
1494,182,34.93657216978517,POS,Clothing,US,23.0,0.14533103422065746,0.17914083861850785,0,3
8595,125,629.7370458067285,ATM,Electronics,DE,14.0,0.3039503560164141,0.2612902820123573,0,3
7567,78,406.53273155235973,Online,Electronics,US,20.0,0.31210522667388907,0.17694959147135772,0,3
5731,499,75.6033074527695,QR,Clothing,FR,12.0,0.0951569772781067,0.15091237722073983,0,3
3247,790,2.2587862684810993,Online,Food,TR,22.0,0.165740985542162,0.17487593228578643,0,3
6980,310,35.93890681416384,Online,Grocery,TR,9.0,0.3051643318874908,0.21469159104268482,0,3
7853,844,4.603063996305106,Online,Grocery,FR,13.0,0.14942625606404558,0.030879627478153378,0,3
8085,23,14.248422354834247,ATM,Grocery,DE,20.0,0.1105977466534172,0.24884286789146395,0,3
8395,55,727.3727648847329,Online,Electronics,UK,7.0,0.46272811452930723,0.2964277559325581,0,3
8019,953,15.267117697751273,ATM,Clothing,UK,8.0,0.18716980382476814,0.09551597872189634,0,3
9710,423,3.0950074882024468,ATM,Clothing,FR,22.0,0.052313848946390795,0.04619031050948877,0,3
4526,88,268.69848190089067,POS,Food,FR,19.0,0.14531124199342452,0.3029629382963865,0,3
9923,52,7.281717971400589,POS,Electronics,TR,7.0,0.09944591115824888,0.08171325176273145,0,3
4703,728,98.2990964604856,QR,Electronics,FR,12.0,0.20408856631820604,0.0893537937274749,0,3
1209,55,219.26454858667933,QR,Grocery,FR,5.0,0.12361363616070856,0.15031889776507124,0,3
1453,666,7.11828261507181,POS,Grocery,US,17.0,0.21207092196858765,0.11692022171499561,0,3
7946,71,45.49229124918537,POS,Food,DE,15.0,0.15248774234706833,0.049963310539907435,0,3
4904,565,101.01995623735131,Online,Grocery,DE,16.0,0.45377834424139907,0.28437312607818144,0,3
6169,565,42.33627071195145,ATM,Grocery,TR,23.0,0.13215931875270204,0.16295985973788157,0,3
8616,805,294.08853757213814,ATM,Clothing,TR,21.0,0.42401057410495785,0.0777586775163441,0,3
8584,830,17.024027010800317,POS,Food,TR,21.0,0.02947327051971301,0.1030829233091548,0,3
2237,336,39.07014606561533,POS,Electronics,US,23.0,0.25608811618544086,0.15705614979693197,0,3
5288,753,27.645895033323328,Online,Clothing,TR,19.0,0.43744632581766246,0.1005990557208562,0,3
7587,103,343.99393036043585,Online,Electronics,UK,10.0,0.3095442423389676,0.30135250079031817,0,3
2414,149,48.02986019762261,ATM,Grocery,US,13.0,0.063346146734009,0.09349460687562591,1,3
5506,607,9.355809145432346,Online,Food,TR,11.0,0.061636586602940746,0.07392245292264217,0,3
8117,421,202.07845444941358,ATM,Electronics,UK,14.0,0.08049341783607117,0.3142904033604071,0,3
9007,487,33.41806195578747,Online,Food,FR,15.0,0.27628466348348957,0.06836178872926868,0,3
3320,830,302.7407110380277,Online,Electronics,UK,9.0,0.18758335067902843,0.2191996170890509,0,3
5590,402,17.437664210920662,POS,Clothing,US,19.0,0.11143278860974307,0.05368800882430687,0,3
5032,238,517.8388271346514,ATM,Travel,US,3.0,0.11730225014024691,0.385381423958978,0,3
4657,566,276.2637155272056,Online,Clothing,UK,15.0,0.6193580518472231,0.04969662020276086,0,3
2577,275,17.89512467022567,Online,Food,DE,21.0,0.02845480613965877,0.18591651582736127,0,3
9760,844,12.741776474615733,ATM,Electronics,FR,7.0,0.521051536769319,0.19505146271934481,0,3
2314,989,357.23100976369375,ATM,Grocery,FR,18.0,0.029051360899097486,0.056416312368292365,0,3
8824,727,95.04315382984475,ATM,Electronics,US,12.0,0.08780351864430044,0.36961156879465346,0,3
901,796,11.122229940320747,ATM,Electronics,UK,15.0,0.4283628632039043,0.07053689744418155,0,3
2124,397,604.6542447039628,QR,Travel,TR,9.0,0.1843744617970762,0.22558928672472978,0,3
3860,273,43.62682393101559,Online,Electronics,FR,11.0,0.1041080068973632,0.1506369767652118,0,3
4783,912,60.416744631090104,POS,Clothing,US,11.0,0.08429206238868113,0.03465532228007534,0,3
7523,332,0.0,Online,Travel,UK,15.0,0.07927725769052393,0.3037020933287792,0,3
6178,789,35.02212642461397,POS,Food,TR,13.0,0.031716639090582054,0.04007798872703874,0,3
6827,328,245.69647393583043,QR,Food,FR,9.0,0.20020938330736743,0.27191007326002076,1,3
286,479,110.12082154316954,Online,Travel,TR,1.0,0.25909812758237605,0.4359511965770811,0,3
1153,910,56.70038718940257,Online,Travel,FR,6.0,0.1293465256177063,0.18131463924706911,0,3
4041,725,36.72615647882809,Online,Grocery,TR,22.0,0.09127929029092417,0.14505710329936314,0,3
9932,992,124.93745683231504,QR,Electronics,DE,16.0,0.17392872283320482,0.3463444741967582,0,3
6105,676,0.7883929633719902,POS,Electronics,TR,21.0,0.06611096533753852,0.1003033717236983,0,3
793,795,22.801485546370518,QR,Travel,US,17.0,0.06182960966844603,0.08136542187575532,0,3
9918,529,10.23841074953209,Online,Food,FR,9.0,0.07777197236171625,0.08579804799105038,0,3
7994,680,1.6441709793565433,ATM,Clothing,TR,21.0,0.06411542400619691,0.40699706825676946,1,3
2756,31,61.5495533025335,POS,Travel,FR,17.0,0.16398894502430028,0.1399695825850283,0,3
2409,880,100.45668291120174,ATM,Electronics,UK,9.0,0.24676479165235615,0.1409366080150383,0,3
2056,174,16.310570376098138,ATM,Food,US,17.0,0.10767398010965135,0.06568456969386921,0,3
1016,216,229.90930181332183,QR,Grocery,TR,10.0,0.03895380904676558,0.04393760729054791,0,3
3339,93,4.013727316340159,ATM,Grocery,DE,16.0,0.04532046509886316,0.19647538038322082,0,3
5798,355,195.4366878998267,Online,Electronics,TR,22.0,0.11177276175994119,0.054008473144634424,0,3
7529,936,6.962793816927444,POS,Electronics,US,23.0,0.28637475311403376,0.04906215799309305,0,3
8400,206,74.32977916381367,QR,Clothing,DE,16.0,0.1426299538706884,0.09488267102887163,0,3
1037,594,22.059739641080284,POS,Electronics,FR,21.0,0.0990222928195365,0.11730187492518107,0,3
5826,339,445.1078911726305,POS,Grocery,US,16.0,0.19072330279763441,0.19059532076659197,0,3
9002,792,33.83007100991976,Online,Food,TR,8.0,0.18590007301933417,0.3901963321662796,0,3
4759,68,20.591615339251142,POS,Clothing,TR,21.0,0.1581403462651569,0.3343275840260787,0,3
5049,185,309.6896632827273,QR,Clothing,UK,22.0,0.13938601832041636,0.2031682074622756,0,3
6815,451,37.038075971640865,QR,Electronics,UK,12.0,0.13451438587759593,0.1383110746572605,0,3
239,914,0.0,ATM,Clothing,DE,20.0,0.18847271654548947,0.16051382547054155,0,3
1837,640,160.96664996913725,QR,Food,DE,16.0,0.5263765601483025,0.19618326137818254,0,3
6593,722,14.67054887482624,QR,Clothing,US,13.0,0.16394105287561517,0.3156028130816298,0,3
352,944,72.36192994637995,POS,Clothing,TR,12.0,0.6073573259795251,0.48523276833957557,0,3
6572,980,272.22205259045114,Online,Food,DE,8.0,0.14034257147083296,0.3794201531711096,0,3
3596,659,364.06966472212724,QR,Clothing,FR,15.0,0.30399113320425275,0.08148885420246814,0,3
6781,138,20.94820771474845,ATM,Clothing,UK,19.0,0.04847006568369419,0.08978390198351557,0,3
2657,68,3.3575256597395917,ATM,Electronics,FR,20.0,0.11845933271571632,0.40079733838282755,0,3
3256,451,4.013491277691624,QR,Electronics,US,22.0,0.07018711527059728,0.02823804009627788,0,3
3755,216,505.65521322622175,QR,Clothing,FR,16.0,0.24124343429712988,0.2911771287132698,0,3
9716,715,100.58720218842699,ATM,Electronics,DE,22.0,0.04613359231245308,0.09932527079830095,0,3
2457,124,432.11866462971375,ATM,Clothing,DE,18.0,0.20627878468655733,0.49261897234361335,0,3
8883,222,40.438258754572274,Online,Food,FR,21.0,0.30010802418533566,0.2521820540603132,0,3
4705,621,18.905490904913755,QR,Electronics,FR,18.0,0.6254604753952823,0.5288763441890244,1,3
9980,24,150.4023502089198,Online,Travel,TR,17.0,0.4276165334423543,0.1637256526117226,0,3
2575,467,37.355568971253405,POS,Grocery,US,9.0,0.08450314942035739,0.28599921589486277,0,3
6985,390,164.1945910562376,Online,Grocery,DE,23.0,0.0972271084528444,0.1992392326256486,0,3
1169,157,107.96006694954578,POS,Grocery,DE,15.0,0.28339168761457567,0.5152312627550005,0,3
6599,970,139.71837832826037,QR,Grocery,FR,22.0,0.32550620028903826,0.1711815428471319,0,3
2901,713,34.75139188056752,QR,Grocery,FR,15.0,0.034868812390988775,0.13065101304637386,0,3
1054,257,19.304563728091683,ATM,Clothing,UK,23.0,0.44787704472090967,0.22499958890031413,0,3
2472,121,404.59025121346735,Online,Electronics,US,19.0,0.460133853883149,0.27633710995145816,0,3
9959,313,495.2200317557061,ATM,Clothing,US,23.0,0.09137269817866492,0.14014109535962546,0,3
461,749,339.8013407050572,QR,Food,US,22.0,0.11522181660853277,0.04921589372113375,0,3
5217,371,190.23285476984884,QR,Travel,DE,17.0,0.2875376847959656,0.17009799333464198,0,3
5043,998,34.25535159872268,ATM,Food,UK,2.0,0.08876894060050305,0.15463802380844485,0,3
6745,411,40.96113415394518,POS,Food,US,14.0,0.16735930122930373,0.03225114644130414,0,3
1450,347,83.46641222486272,QR,Clothing,UK,16.0,0.14713792400623635,0.07420231775253608,0,3
3660,789,110.85429924688604,Online,Electronics,FR,11.0,0.14385324698397584,0.07167834410327734,0,3
2627,887,418.44241101989707,POS,Travel,DE,6.0,0.5797510007300191,0.16725501532644146,0,3
1006,604,17.052171482050543,QR,Clothing,NG,13.0,0.2719080330879801,0.14774726135114036,0,3
1291,692,67.45427984657496,ATM,Grocery,FR,10.0,0.11642821690099306,0.06039595114587838,0,3
6965,282,375.3148830721588,QR,Travel,DE,20.0,0.1205372071290705,0.08179994210496906,0,3
1749,605,13.87624666303681,ATM,Food,UK,7.0,0.14065082737837775,0.3960864740905076,0,3
1933,719,477.3102393738812,POS,Electronics,US,13.0,0.23823964118242566,0.582457190033084,0,3
2724,75,99.2378066778254,ATM,Clothing,DE,15.0,0.5989975430140232,0.37209789117083036,0,3
8945,593,1042.8954788811473,POS,Food,DE,6.0,0.14929816095338222,0.03801504466930474,0,3
2946,656,0.3899047317963047,POS,Grocery,DE,17.0,0.06041600653057794,0.10988672026811022,0,3
6170,782,105.51276731499249,ATM,Grocery,TR,23.0,0.2237096599308604,0.13068586638412857,0,3
7148,876,16.941896226682783,POS,Electronics,DE,18.0,0.13948273412173257,0.45542205809347464,0,3
6122,76,362.515290700287,ATM,Food,UK,16.0,0.289271117656677,0.23954948074152405,0,3
593,269,85.07071666368869,ATM,Travel,US,19.0,0.07286552613062344,0.09430948902378797,0,3
7342,221,89.63854505979909,ATM,Electronics,UK,13.0,0.09045876618140661,0.05024642139444689,0,3
1236,64,130.23673605693023,POS,Food,FR,21.0,0.7480818235883171,0.5912166940216873,0,3
3868,466,223.67287051906405,POS,Travel,FR,18.0,0.03319601752299685,0.20835743583429156,0,3
8557,735,231.79712034320443,QR,Grocery,UK,14.0,0.4028295708956774,0.40455248203384103,0,3
8360,675,25.549231827661348,ATM,Electronics,DE,20.0,0.06444993330475796,0.15162013590022713,0,3
7577,492,418.1076045126308,QR,Clothing,DE,18.0,0.12458104088038101,0.07232577013149286,0,3
9704,232,388.0559723994494,Online,Food,DE,19.0,0.33512202582960626,0.41651772715059554,0,3
1236,807,64.13399414056275,ATM,Clothing,DE,16.0,0.13236298026347548,0.1667304249345538,0,3
2119,509,91.85336973793675,QR,Electronics,US,10.0,0.14110112256358356,0.3419807869454817,0,3
2533,217,152.7740842566252,ATM,Grocery,TR,21.0,0.20212245285078662,0.31138263610423866,0,3
1387,85,55.00874478733833,POS,Electronics,UK,10.0,0.10074928824039543,0.07278889022447764,0,3
4754,734,405.45967063531754,QR,Food,TR,7.0,0.27871401358676534,0.3276123575781408,0,3
2524,330,126.64914492511947,Online,Food,UK,10.0,0.047966014821232514,0.250144721334072,0,3
9702,732,10.98759855376913,ATM,Clothing,FR,18.0,0.10647190159739636,0.13568718670975277,0,3
6297,535,431.82808112502124,ATM,Electronics,UK,16.0,0.20316994392244075,0.4093954148286802,0,3
5871,527,98.64701326716012,ATM,Travel,US,17.0,0.11126368269690866,0.12195880893055269,0,3
2188,362,16.223484827260073,ATM,Food,UK,18.0,0.08190758364436095,0.1602017138023305,0,3
9729,307,90.1197557919432,QR,Grocery,US,20.0,0.08287711774198359,0.32606744961595413,0,3
8214,350,315.68923855715013,Online,Clothing,FR,16.0,0.25668313573185825,0.37275122810380495,0,3
4254,28,24.964080838665872,Online,Food,FR,16.0,0.3254167787543888,0.13269895702105333,0,3
4144,760,58.705966002991396,POS,Food,US,15.0,0.06957880954930137,0.0336280056882235,0,3
7387,702,51.46586483290789,POS,Electronics,FR,23.0,0.049910702915204254,0.062474057566557856,0,3
9648,129,288.4134173573602,ATM,Electronics,DE,14.0,0.2812584159751961,0.49540128221322344,0,3
3586,921,156.60519105931874,POS,Electronics,FR,13.0,0.28153848519350466,0.11086318114334205,0,3
8321,491,13.411990304089922,ATM,Food,US,21.0,0.3073156019953413,0.16863080339753386,0,3
5493,231,298.30718782253774,ATM,Electronics,TR,12.0,0.1534327938966885,0.2003653470747456,0,3
1251,600,76.22226144396646,ATM,Food,FR,22.0,0.5868613413106615,0.1563371633510642,0,3
735,888,7.569775505366149,POS,Clothing,US,14.0,0.18963929576729083,0.6084867833900434,1,3
8251,588,616.9201155814131,POS,Travel,US,9.0,0.0775255955462818,0.13826634252888775,0,3
997,589,345.2619648470445,Online,Grocery,US,18.0,0.3666242078515741,0.3278634318733054,0,3
6791,382,116.34385700680096,ATM,Food,UK,21.0,0.18029941298024185,0.11583790145518641,0,3
3457,826,3.6494673761295533,POS,Food,DE,12.0,0.09061561312377912,0.09980201291223235,0,3
9486,765,505.54539523030587,POS,Clothing,DE,14.0,0.40906292608817063,0.5826729772348664,0,3
4349,103,25.006190313714878,QR,Food,FR,20.0,0.08751115220341087,0.08899485109129315,0,3
3770,567,0.5421792571602837,QR,Clothing,UK,23.0,0.07299120435068253,0.06949120266268699,0,3
4494,646,89.1346830266914,QR,Food,US,13.0,0.06188078087901373,0.06398613529928432,0,3
6885,363,90.456240210711,POS,Food,FR,13.0,0.10850511492806801,0.11699123263489723,0,3
8583,650,11.122942790274283,Online,Travel,TR,10.0,0.2376173699378738,0.08811903006023158,0,3
4114,886,190.46910521671347,ATM,Clothing,UK,16.0,0.2711049409689641,0.1580863288210132,0,3
9689,939,41.6144867091985,Online,Clothing,US,8.0,0.24494478256394428,0.4047948657239224,0,3
427,975,79.07940369479223,QR,Food,US,15.0,0.028052186592279163,0.12243568306771599,0,3
1936,51,309.42428156159684,QR,Food,TR,14.0,0.24702950637406487,0.42536382146218843,1,3
4415,363,122.07409134713892,POS,Food,DE,4.0,0.16376139236146042,0.2308333695199114,0,3
7040,69,39.64447514662754,Online,Food,UK,12.0,0.20453318955634262,0.2555114900636281,1,3
9919,809,223.56503992394323,QR,Electronics,DE,19.0,0.11503959777611884,0.23275829267934456,0,3
604,283,270.11716255788815,QR,Travel,TR,23.0,0.24002594388277607,0.5898334429734222,0,3
6619,45,123.3621053990068,Online,Grocery,US,11.0,0.3067097009237375,0.17401703011288552,0,3
6622,496,38.54042051279641,QR,Electronics,UK,20.0,0.6382352551152782,0.09984077827462523,0,3
1361,611,48.61002793230495,ATM,Travel,DE,18.0,0.19903533853906186,0.06585902002250643,0,3
4397,809,48.82513173278943,POS,Food,FR,17.0,0.14070032740640276,0.1741872538168588,0,3
899,513,433.2088923578682,POS,Clothing,UK,11.0,0.4276451912186497,0.30590832905597315,0,3
4660,532,13.980828363917448,POS,Grocery,US,8.0,0.0527727766066331,0.07779355133862134,0,3
2382,757,86.1911761633804,POS,Travel,UK,13.0,0.18496080800537645,0.08570716263295272,0,3
2468,365,21.244705471410875,QR,Food,TR,4.0,0.3141641404898431,0.47540097357105976,0,3
5766,11,12.94578724804949,ATM,Electronics,TR,4.0,0.12542351290714995,0.09077963591787888,0,3
6617,63,127.27767510132888,Online,Clothing,DE,18.0,0.09443858972695424,0.23231897948393213,1,3
3742,28,87.82535514052572,ATM,Food,DE,18.0,0.2878744149510586,0.2650712271561424,0,3
235,444,124.39002619580204,Online,Food,US,9.0,0.7297958717587005,0.09565624756046281,1,3
7967,266,127.78317131169281,Online,Electronics,FR,19.0,0.481088784187084,0.25400737018735897,0,3
7145,769,63.007876193521525,POS,Electronics,US,20.0,0.09740452267685248,0.050170627052447694,0,3
1488,201,5.4695749913919745,QR,Electronics,DE,4.0,0.10568869859794396,0.05867671128976033,0,3
6163,409,3.533323028359062,Online,Travel,UK,12.0,0.05779838643615118,0.027666753657927222,0,3
4874,410,278.10298167219725,QR,Clothing,FR,16.0,0.2554515090283582,0.44012801708539334,0,3
2985,962,261.74579421601464,ATM,Clothing,UK,17.0,0.39662124084944417,0.5718995282252107,0,3
9473,373,30.506117408576717,ATM,Travel,FR,17.0,0.21180476550315455,0.02893495558514543,0,3
3120,656,192.5714396389655,QR,Electronics,UK,21.0,0.23824577414436954,0.1777637284659587,0,3
8506,788,91.20690073019189,POS,Electronics,DE,21.0,0.22902201135788747,0.5319732212857627,0,3
3286,524,41.86528158495334,ATM,Clothing,UK,17.0,0.34249929678347135,0.28942127665899803,0,3
4880,646,124.50670959146888,QR,Clothing,UK,22.0,0.3319289011383878,0.22291757499252274,0,3
3979,693,160.73050628877246,QR,Food,UK,22.0,0.8372194247756503,0.6917632239911748,1,3
1451,8,606.8588767787804,ATM,Grocery,US,3.0,0.0636194037441163,0.1680543747532992,0,3
4894,68,296.91683778634155,POS,Clothing,DE,21.0,0.10231636579252942,0.23802385328818393,0,3
1462,400,877.9767927827905,ATM,Food,UK,15.0,0.30220788229261997,0.25557514044212853,0,3
2911,402,29.431250917835307,POS,Clothing,UK,21.0,0.08505924670472728,0.09924955910944325,0,3
3766,980,14.747853988775413,POS,Grocery,FR,20.0,0.07023221821770048,0.15108823344485933,0,3
7582,158,30.324002185481813,QR,Food,UK,22.0,0.4174550446330224,0.20618290366373324,0,3
1456,16,1252.242932181163,ATM,Travel,FR,22.0,0.447998442535836,0.43404492554687196,0,3
4430,857,192.48754498843846,POS,Clothing,US,15.0,0.12021685277198638,0.134695615387526,0,3
5511,494,35.45594586241712,Online,Electronics,FR,20.0,0.4375519508606467,0.22336377330828622,0,3
606,871,388.0785184734949,ATM,Travel,TR,17.0,0.15346662207899178,0.178529816818626,0,3
6292,870,30.62534560404352,Online,Grocery,UK,5.0,0.10318172283818323,0.08322643452772636,0,3
2207,165,532.0554428477025,POS,Grocery,TR,2.0,0.2718829227257413,0.46749074644328437,0,3
790,999,303.6785894460578,Online,Grocery,UK,1.0,0.1064195539994294,0.09397938144188259,0,3
7530,605,225.65212389856916,ATM,Grocery,US,15.0,0.2846549195313103,0.3667795213468769,0,3
2262,260,22.68881343438773,POS,Electronics,DE,21.0,0.15994678464803871,0.17810369171033535,0,3
2742,420,23.353293626176313,Online,Grocery,US,6.0,0.566554166582203,0.5517160797582707,0,3
2294,790,85.73405357541405,Online,Grocery,US,15.0,0.15746635812130833,0.24088853149108122,1,3
8497,737,115.46454409073557,QR,Electronics,UK,19.0,0.13597863944118432,0.10613578920927422,0,3
2829,779,131.08306190440229,QR,Food,TR,3.0,0.15076743966333078,0.21195181637699562,0,3
1279,644,469.93070777291814,POS,Electronics,TR,12.0,0.04272917302355336,0.10984217154709519,0,3
5362,332,20.544739115833476,POS,Grocery,FR,15.0,0.17816109268869254,0.027220337485152846,1,3
7894,257,471.03527447092813,POS,Clothing,TR,20.0,0.639210507565185,0.334371317003365,0,3
9082,566,1.3667989620072065,Online,Travel,US,16.0,0.3705122393113875,0.26896102660467264,0,3
464,246,247.72240233036266,POS,Travel,FR,20.0,0.12333842036857832,0.03086517534380664,0,3
4658,674,417.39015478794386,ATM,Electronics,FR,11.0,0.5979780309685574,0.4937442671775526,0,3
3693,777,55.12319948803515,QR,Grocery,FR,20.0,0.7145884629811964,0.48762460635555527,1,3
6902,588,154.4884534607763,QR,Grocery,FR,16.0,0.274747843638334,0.20648626725624095,0,3
166,484,77.42929369174756,Online,Electronics,US,18.0,0.07278711218592919,0.2797770111603135,0,3
4042,271,270.0098645848841,ATM,Travel,UK,23.0,0.24729863902589114,0.507735612487009,0,3
5194,157,30.9008408765725,ATM,Electronics,NG,15.0,0.1580192792717117,0.08339924029428389,0,3
7471,196,47.48988717743384,QR,Food,UK,9.0,0.07208519209916125,0.08491244129286976,0,3
7415,573,148.57114608580355,ATM,Clothing,DE,20.0,0.154459613653557,0.2347228584859894,0,3
7952,494,269.9448938488885,ATM,Electronics,UK,14.0,0.5859420853081793,0.20325520179080311,0,3
1354,475,388.5083119181998,POS,Grocery,US,20.0,0.2152458897333117,0.3280357501004118,0,3
9054,232,9.116519415874214,POS,Electronics,DE,16.0,0.09258350963177688,0.43832277944976583,0,3
320,274,7.8247843342419054,QR,Grocery,FR,21.0,0.37136585537905975,0.37547158593238794,0,3
7439,534,84.08214667573228,Online,Grocery,DE,7.0,0.0887361396328125,0.14286367657350177,0,3
5839,528,89.54944633161207,QR,Electronics,TR,10.0,0.8129638941568742,0.21836800201633216,0,3
4900,28,18.424164755244774,QR,Grocery,US,8.0,0.03655119665745571,0.0638442046944331,0,3
3017,584,12.631437247312403,QR,Clothing,US,7.0,0.08396261707295631,0.2023936473634201,0,3
1472,232,25.05918110774528,POS,Food,UK,17.0,0.17354386456781415,0.3627281598516565,0,3
6610,688,45.40347108383597,ATM,Clothing,TR,16.0,0.13782533442198175,0.32959771237566304,0,3
3577,739,242.2527484306559,POS,Grocery,UK,6.0,0.032934338956503904,0.17151474722471324,0,3
6139,771,588.2697284036391,ATM,Food,UK,17.0,0.10282478152231102,0.2985456119277368,0,3
1205,189,56.55165219414596,POS,Electronics,FR,7.0,0.376890437541915,0.07135295235331275,0,3
6823,851,208.38592412421403,POS,Travel,US,21.0,0.16083028024257892,0.15385867264049463,0,3
5375,803,104.93182328794032,POS,Clothing,US,15.0,0.2405973434460057,0.15874274107137254,0,3
5241,530,129.2441408944333,QR,Travel,FR,15.0,0.2879276168848337,0.31329962303487324,1,3
6373,451,59.635947954712364,POS,Food,US,9.0,0.08270072764469422,0.12288585797361279,0,3
1653,50,219.82221551406798,QR,Grocery,DE,17.0,0.30180948478929626,0.5895128880530585,0,3
8767,157,60.58322170781564,Online,Clothing,DE,17.0,0.1691374214063118,0.22214244231203198,0,3
9109,341,66.74929672119552,QR,Electronics,US,14.0,0.20559826331300698,0.09349783322737931,0,3
7574,674,148.7895943384054,ATM,Clothing,TR,8.0,0.6347359073046628,0.07254601633464128,0,3
3098,187,493.242491194137,POS,Clothing,DE,20.0,0.19077397513030256,0.1758672693810716,0,3
7693,912,55.75305764068676,QR,Grocery,UK,14.0,0.2255133769621324,0.2494429673179224,0,3
9728,452,40.41888323161522,ATM,Grocery,US,13.0,0.16452052024284702,0.26046743202935285,0,3
68,367,36.53995934321644,QR,Grocery,FR,9.0,0.2431291872003185,0.37591143866137205,0,3
8533,880,188.26505497716286,POS,Travel,FR,17.0,0.3407030507940894,0.11257753569483589,0,3
2306,792,128.410757936124,Online,Food,DE,15.0,0.4983172824502193,0.18064586157198773,0,3
8336,735,942.602685167677,ATM,Grocery,FR,20.0,0.12705052932284838,0.2903726328332975,0,3
6285,555,0.0,ATM,Clothing,US,20.0,0.09085631101772994,0.10286191361908034,0,3
7035,681,189.33866816178124,POS,Food,NG,4.0,0.20393104592144418,0.15178725004208404,0,3
5548,380,503.64564500752806,ATM,Food,DE,17.0,0.09722220516837121,0.20894629017371663,0,3
2985,531,0.0,Online,Travel,US,16.0,0.04475175723920314,0.10778808073459088,0,3
5413,140,232.60093794114644,ATM,Electronics,US,13.0,0.19920861831013734,0.32797345828503477,0,3
4214,887,1333.3072572890976,QR,Food,TR,5.0,0.25147540036928373,0.1958805025033198,0,3
6079,298,233.1978114510369,Online,Clothing,FR,20.0,0.7165470624716023,0.08405526298439751,0,3
1255,863,181.62691309777148,POS,Grocery,FR,10.0,0.1835507193451397,0.15667082453349976,0,3
3154,979,17.712622526583026,Online,Electronics,US,20.0,0.1019737467706896,0.13696337000165204,0,3
5102,385,260.61029885612334,QR,Clothing,UK,14.0,0.7614574011417036,0.1488199035208711,0,3
4053,521,53.27064194146307,POS,Electronics,FR,17.0,0.2279404673459187,0.21470627771119977,0,3
8202,583,36.427605337521356,ATM,Travel,UK,17.0,0.10491525857840199,0.2699491022827841,0,3
823,426,112.97523763133151,Online,Travel,US,22.0,0.20420862904421985,0.19579396208396518,0,3
1157,192,21.068215674922456,Online,Clothing,FR,17.0,0.06013387873214029,0.184162533549766,0,3
4197,404,216.57764171610262,POS,Grocery,UK,20.0,0.25922476704716646,0.16769643559511763,0,3
1286,379,5.470260605125324,ATM,Electronics,DE,16.0,0.10518510323172817,0.061684384247616214,0,3
5439,218,9.083274837647311,POS,Grocery,US,10.0,0.3801460375761288,0.1018923027776551,0,3
1250,15,46.01948696627666,POS,Clothing,US,14.0,0.15814275433412456,0.13064720766516785,0,3
1095,307,81.84249271710294,QR,Electronics,FR,19.0,0.19451775154838088,0.05963461835820484,0,3
9834,830,13.699576612939362,Online,Travel,US,20.0,0.6081105382130761,0.46950910952915426,0,3
7761,354,10.263743335297772,ATM,Electronics,FR,7.0,0.11409917923532491,0.04358907384343426,0,3
4092,546,72.03143610567,QR,Food,UK,14.0,0.5894434897538241,0.16590955131946752,0,3
6486,602,348.368830895222,Online,Food,DE,16.0,0.22389009464028412,0.07716342806497203,0,3
4869,674,11.571384197450703,Online,Food,US,22.0,0.033392613209702715,0.04386164080290893,0,3
5993,238,38.38315758354418,QR,Grocery,TR,22.0,0.03936822960644114,0.0677123658778001,0,3
4962,603,397.65453128511,QR,Food,UK,21.0,0.12328198854868325,0.5004605812922289,0,3
7439,561,271.243443832549,ATM,Clothing,FR,19.0,0.32105382852215975,0.8495323827922604,0,3
7316,90,24.625901401151886,POS,Electronics,FR,22.0,0.21813190183110745,0.0331251677183301,0,3
5718,425,112.38912662433312,POS,Grocery,FR,19.0,0.2845674503081448,0.06463039398870626,0,3
8921,583,46.00909930937545,QR,Food,US,11.0,0.09324995329123563,0.1623724087829982,0,3
9937,942,327.4343575032799,QR,Grocery,US,10.0,0.05258637114097574,0.24906680527421027,0,3
1234,187,19.56865889313822,QR,Clothing,TR,17.0,0.31745671074454485,0.10888753569864486,0,3
2705,193,41.25929313001734,POS,Grocery,TR,12.0,0.07372421198441756,0.12262705551471006,0,3
242,427,367.9345933831615,POS,Grocery,FR,15.0,0.0623898252646022,0.08576517309556912,0,3
8629,922,3.4863251827659107,POS,Travel,TR,22.0,0.06431706046560837,0.03694451730710345,0,3
2372,198,440.4716802867421,QR,Electronics,US,8.0,0.10474668840474409,0.09207990776176654,0,3
9627,435,197.57360007696306,Online,Travel,UK,7.0,0.30146532480589117,0.07178044895865694,0,3
1524,252,262.6859660655943,POS,Clothing,UK,18.0,0.09749450500036357,0.05902134490924574,0,3
6495,882,166.1780446566129,Online,Grocery,TR,17.0,0.0400699776767018,0.04081539391798544,0,3
4746,0,115.3348937829722,Online,Grocery,TR,20.0,0.032491555325922475,0.035811990814315055,0,3
476,294,275.1856015194351,Online,Electronics,US,4.0,0.26071846458730796,0.05700932105869729,0,3
222,650,10.451905952968914,ATM,Electronics,DE,11.0,0.04312020440121557,0.05987872147232752,0,3
66,95,46.332926238651666,QR,Electronics,DE,1.0,0.10330713050375247,0.12973421900506826,0,3
5065,275,24.03432513817366,Online,Clothing,TR,12.0,0.029525449305013406,0.07843914375247732,0,3
8784,353,0.23689689965020366,ATM,Clothing,US,14.0,0.12850812727424352,0.03819926430342781,0,3
8916,387,10.09976258476473,POS,Food,UK,13.0,0.43785363501191715,0.05937447891124851,0,3
4716,511,35.3132816019775,POS,Clothing,TR,23.0,0.10729359402008981,0.06806076672392683,0,3
5943,475,414.2466172203036,ATM,Travel,US,15.0,0.21657749033799933,0.08711536257346489,0,3
799,209,418.32874971295746,QR,Clothing,UK,6.0,0.2550057707177808,0.49649495002750693,0,3
1092,974,560.0401095505318,Online,Grocery,US,19.0,0.7466449472027629,0.422847907891609,0,3
2651,72,302.10512794742465,Online,Grocery,FR,13.0,0.39088950622530466,0.3240763815660856,0,3
7998,165,307.9416895632627,Online,Electronics,US,22.0,0.042443462996592435,0.07796362325248976,0,3
4259,567,39.060358898640764,QR,Grocery,FR,10.0,0.2020287718605657,0.4014183108647408,0,3
5130,465,13.288877272461235,Online,Clothing,US,15.0,0.44657351703729925,0.49239494833812936,0,3
688,685,42.367099508176,POS,Electronics,UK,21.0,0.1816413621345518,0.15780471401109641,0,3
7931,507,114.92657093107044,ATM,Food,TR,11.0,0.02829445205715383,0.03087325137766775,0,3
5931,430,19.318632476785968,ATM,Food,US,20.0,0.1792575103932375,0.06086022455429199,0,3
8415,832,406.20683493982204,ATM,Travel,DE,18.0,0.3039116910322614,0.04664946740481621,0,3
3658,283,157.17959574034722,Online,Food,TR,13.0,0.34499105500591776,0.3155714654593894,0,3
9920,134,10.940150526361895,ATM,Travel,FR,11.0,0.03894468466884543,0.04423426813590278,0,3
7779,573,72.5370289278682,ATM,Grocery,UK,17.0,0.3612888401959365,0.2625122205406723,0,3
8016,438,127.68007542883655,POS,Clothing,TR,3.0,0.05103738324345679,0.23095444460212525,0,3
7152,252,106.0831664201161,ATM,Grocery,NG,17.0,0.11461249238034338,0.17683996369933475,0,3
3494,777,294.5664775810598,POS,Clothing,FR,9.0,0.15795635875792727,0.0713034486199838,0,3
3285,451,456.94456171733907,Online,Clothing,TR,13.0,0.2704680975541265,0.4041055416878923,0,3
5402,849,627.7955676591353,QR,Food,US,7.0,0.40055641115279816,0.0753528799030448,0,3
5435,95,131.46865588083548,Online,Clothing,DE,4.0,0.07315784045974275,0.4507861297423407,0,3
6953,258,100.83969325375793,ATM,Clothing,US,14.0,0.2053550387518639,0.2453618202002578,0,3
9303,975,55.61130322746332,Online,Grocery,UK,19.0,0.12511383672618204,0.2484271473143592,0,3
1157,205,328.4738135191021,POS,Food,UK,23.0,0.1561516981860651,0.060015143134726875,0,3
3840,4,0.0,Online,Travel,UK,23.0,0.06168247311637427,0.21287607027925232,0,3
6117,73,261.55621867240063,QR,Clothing,FR,21.0,0.2881645202110511,0.19533286189318647,0,3
3861,129,95.85270522573231,ATM,Travel,FR,9.0,0.3631635846058269,0.062386308960736436,0,3
1239,113,746.7216515555239,Online,Grocery,DE,17.0,0.27611165791129033,0.3931218173555716,0,3
8551,85,0.0,Online,Food,FR,22.0,0.0394197525463528,0.12637238200577366,0,3
3162,212,37.560413372955104,Online,Travel,FR,17.0,0.26964345229450914,0.10313486323869916,0,3
5212,249,22.333987057262874,QR,Grocery,TR,23.0,0.36042123657796593,0.153091144818358,1,3
5177,308,302.1553628296386,POS,Electronics,FR,17.0,0.24607783113120102,0.09231789446313485,0,3
9477,725,202.07458141991592,QR,Electronics,FR,9.0,0.18215653226432293,0.06927822928710625,0,3
1522,823,36.93056257064719,ATM,Travel,DE,8.0,0.6348701041620897,0.05152407131794673,0,3
1638,789,30.86157956940307,Online,Food,TR,19.0,0.12713432199266073,0.390384672696668,0,3
8700,335,1413.3940228955428,POS,Travel,FR,4.0,0.4169313381709806,0.2516457552880312,0,3
7336,202,118.07157302336394,ATM,Grocery,US,21.0,0.26117156161305494,0.26099782818039435,0,3
8600,159,245.71422549592666,ATM,Clothing,US,18.0,0.23638304318557557,0.25291236634466796,0,3
7927,786,116.90959619019542,QR,Clothing,DE,12.0,0.22432744628634183,0.18086917265318492,0,3
1646,473,177.76506915806394,POS,Clothing,DE,17.0,0.03034847393825558,0.043584384313217345,0,3
9683,411,1353.9559030552107,ATM,Food,TR,19.0,0.3684620534384106,0.2094065787104996,0,3
8922,718,142.13937054666025,ATM,Electronics,UK,18.0,0.1959611120911681,0.2611680435622369,0,3
5456,186,9.204308986479738,Online,Clothing,UK,14.0,0.09330347869971654,0.26924837877210117,0,3
4303,25,209.9783421030423,Online,Grocery,DE,2.0,0.15767822156773423,0.13354095513011421,0,3
4861,6,491.80400016526096,ATM,Grocery,DE,14.0,0.18519915415000732,0.16471586506963976,0,3
6690,232,392.01478884219813,POS,Clothing,US,20.0,0.32953324048353927,0.1564430551753095,0,3
4052,821,183.08092686474285,POS,Clothing,UK,18.0,0.1513800276651054,0.2138967174282338,0,3
1337,524,185.1077134129329,ATM,Electronics,FR,10.0,0.17277508384381646,0.09803572122432663,0,3
6192,980,0.0,POS,Electronics,DE,19.0,0.25046456058257743,0.07984495075093433,0,3
9863,757,71.73673156536876,POS,Travel,FR,22.0,0.10212086366105846,0.10851526195595076,0,3
9390,504,33.4626691450692,Online,Travel,FR,19.0,0.05523272046401162,0.08705005278899568,0,3
5433,431,425.66172483047376,QR,Travel,DE,18.0,0.19243636422136043,0.18076304695455872,0,3
5595,377,276.2456835393605,POS,Food,TR,14.0,0.24291243338250712,0.10503745699377173,0,3
5715,29,269.6911305736448,QR,Electronics,UK,20.0,0.272789035516408,0.19590854460301482,0,3
6882,122,46.95130830192888,ATM,Travel,UK,18.0,0.05908787131333591,0.062103284286495544,0,3
6832,26,137.76891517980008,QR,Electronics,FR,3.0,0.2710318565486705,0.07132888666940605,0,3
5261,692,303.1277721773135,ATM,Food,TR,21.0,0.10486994390051847,0.06234552267045737,0,3
772,954,354.93976861227287,ATM,Electronics,UK,19.0,0.05553191830947867,0.22707832394621977,0,3
4852,477,17.5499157575103,POS,Grocery,TR,20.0,0.0476082977977245,0.07390279215834825,0,3
6993,226,122.6566796666093,POS,Travel,DE,20.0,0.14294575037767368,0.15701658424034276,0,3
6170,609,30.011783796521467,POS,Grocery,US,23.0,0.03413958044295137,0.030554946555262766,0,3
6875,659,17.41842670404788,ATM,Food,FR,16.0,0.05461479861387485,0.1402108278491468,0,3
4997,860,143.2644229997695,ATM,Clothing,UK,22.0,0.09694094444330661,0.24145472865480574,0,3
9985,768,169.39291591989064,Online,Electronics,FR,9.0,0.15283766437075988,0.1888995936163006,0,3
232,985,436.512147389097,POS,Electronics,DE,9.0,0.03761319618505971,0.14085887974539024,0,3
2985,958,188.0423679074852,POS,Clothing,DE,8.0,0.32891582519570867,0.30459091183923265,0,3
4065,110,29.39562643640783,QR,Clothing,UK,20.0,0.05414398062274397,0.1362026036644617,0,3
2872,428,265.00259961988013,QR,Electronics,TR,18.0,0.03609564404579887,0.08220228721689626,0,3
7397,6,13.26699628794192,POS,Grocery,FR,14.0,0.04649169012015844,0.033271788142683334,0,3
752,961,29.129568004088036,Online,Food,TR,19.0,0.07990316445670498,0.07529491435713534,0,3
4505,5,82.71459825554703,POS,Food,US,16.0,0.04527085964419551,0.08101934087479117,0,3
7962,581,113.671393063315,Online,Grocery,FR,8.0,0.36315140955480446,0.26487459068818586,0,3
2960,309,31.809527935298128,QR,Food,FR,3.0,0.2028100708170706,0.041308200695283986,0,3
9151,982,9.879845029379725,POS,Grocery,FR,17.0,0.038814634982391044,0.17201683552195943,0,3
3960,90,74.90901006934945,ATM,Food,DE,4.0,0.4808696664220476,0.32908267061997926,0,3
3659,331,284.74513654380956,ATM,Food,FR,15.0,0.11422390200995595,0.06502556194483083,0,3
834,979,41.37289405808106,Online,Grocery,US,23.0,0.3109842804613969,0.09293207480023913,0,3
1237,211,156.42192288644642,Online,Travel,FR,7.0,0.05703141861017903,0.12189802556986898,0,3
7902,136,0.0,QR,Travel,UK,19.0,0.053140721937107366,0.09262081338481101,0,3
7052,573,97.76350433729559,POS,Food,UK,21.0,0.09357076734105035,0.14449924039924214,0,3
1515,519,31.5588897047606,QR,Grocery,DE,9.0,0.16666217512115872,0.13549224128956816,0,3
2433,220,14.62979346232757,POS,Food,FR,18.0,0.07896974455620726,0.07281378011326642,0,3
7139,249,60.34430898803388,ATM,Clothing,NG,13.0,0.27010155760185295,0.16439553692026973,0,3
5176,235,26.852951790546918,Online,Travel,US,11.0,0.3088388909454173,0.2621278208874987,0,3
9560,725,242.79266222927478,Online,Clothing,FR,5.0,0.4991276200619719,0.19871225347900215,1,3
4214,551,195.84879106867703,POS,Travel,DE,14.0,0.2589392302755896,0.15760391371513402,0,3
5429,427,158.28370827392945,ATM,Clothing,US,2.0,0.16746663909545,0.07159701981050128,0,3
8236,278,125.13831955758785,POS,Food,US,16.0,0.2787673378839919,0.17977844529850598,0,3
7657,919,657.1249612778089,ATM,Food,NG,2.0,0.07455329375085179,0.1359925149820676,0,3
4551,13,74.27455189253119,QR,Clothing,US,21.0,0.07407037597809625,0.28622268446100474,0,3
1511,372,0.0,ATM,Clothing,TR,12.0,0.13365912410906697,0.5697347372150828,0,3
1095,981,61.013901204875765,POS,Food,US,19.0,0.10243335430023134,0.1349133890008676,0,3
3748,406,106.2279309150115,QR,Electronics,DE,21.0,0.07636391208038479,0.18504961305242326,0,3
959,204,14.266211698554999,Online,Travel,TR,22.0,0.028302419814593194,0.026778330521550618,0,3
9885,0,20.974466056974332,ATM,Grocery,TR,22.0,0.0890547442075209,0.12512526239417124,0,3
7756,105,5.019891338875678,QR,Electronics,TR,15.0,0.05089378487089265,0.05384066446826864,0,3
9493,490,278.1988716286833,POS,Grocery,DE,23.0,0.4775467640310974,0.32471399937176915,1,3
9019,854,0.0,Online,Grocery,UK,21.0,0.11763406583655414,0.10001386281069868,0,3
7157,330,585.852006971828,QR,Food,TR,2.0,0.4442113283781277,0.24320054342027006,0,3
1099,196,332.39294611273834,ATM,Electronics,DE,22.0,0.35112948307476394,0.12857506784499378,0,3
3230,698,202.445622926642,QR,Clothing,TR,16.0,0.048819860124403744,0.05047510476864177,0,3
1992,484,122.73391657194975,QR,Clothing,TR,5.0,0.4172436238237015,0.16157699467757755,0,3
4301,924,96.17285921915456,QR,Grocery,DE,7.0,0.5100925739638492,0.3637549424759355,0,3
5943,184,476.7584038926807,POS,Travel,TR,12.0,0.2464684857610866,0.28797092139205754,0,3
5454,559,167.5340265822439,QR,Food,TR,23.0,0.19103686287468913,0.1278595553694791,0,3
5305,118,10.331238500353727,Online,Clothing,DE,23.0,0.4220977923602625,0.3603177688365265,0,3
7693,268,474.8976509470608,ATM,Travel,FR,21.0,0.187720757781432,0.2750845642702931,0,3
2952,256,551.6963071949868,Online,Clothing,FR,7.0,0.9702232427218839,0.34319033566714413,0,3
3230,539,1.3812051747487706,ATM,Food,FR,10.0,0.07573904473512653,0.11520562778300174,0,3
6796,8,49.93588317330005,Online,Electronics,TR,6.0,0.12715687441563825,0.15115421342418722,0,3
6903,355,308.29807446043844,QR,Food,FR,22.0,0.9397417291172352,0.24545049421579493,1,3
6116,852,361.0493982532296,QR,Food,FR,15.0,0.6269182107515344,0.17092449242783625,0,3
1937,133,843.2670267280655,Online,Travel,DE,20.0,0.2565012876712609,0.1848127357165406,0,3
3738,300,119.37168387059161,ATM,Clothing,TR,8.0,0.028493427110226958,0.32988837785505404,0,3
1856,173,201.00842250876917,ATM,Clothing,TR,14.0,0.39387269436118466,0.05340416016861945,0,3
1300,229,52.36745422102061,POS,Travel,DE,8.0,0.11049645931737104,0.0348258416696379,0,3
4249,330,83.69675579774103,Online,Grocery,UK,17.0,0.055854301907731066,0.043312635234237645,0,3
518,681,33.41340524517325,ATM,Grocery,TR,10.0,0.08090681659283606,0.21747385691513393,0,3
3831,355,290.9700093092509,Online,Electronics,FR,20.0,0.12203492931159768,0.04561575450978466,0,3
786,600,76.81104156771295,POS,Electronics,UK,12.0,0.2984609094366471,0.4775335832465615,0,3
9276,183,28.015489095206366,POS,Food,UK,17.0,0.13275342307567917,0.17190183621332847,0,3
4126,777,224.77416043322629,QR,Electronics,TR,12.0,0.09550576396804855,0.2835853736562256,0,3
9761,57,52.40919520294178,Online,Clothing,US,12.0,0.16560100764739383,0.26388952921123654,0,3
3955,579,155.50977232749165,QR,Electronics,US,22.0,0.371935074603035,0.12859530039158568,1,3
3371,390,157.0624554131114,Online,Electronics,US,14.0,0.08291749445568947,0.14757367610072605,0,3
8049,909,100.69477685511453,QR,Clothing,DE,16.0,0.18441015237986638,0.27838929894853787,0,3
1627,899,163.04329471969294,Online,Grocery,TR,16.0,0.9513395076787026,0.3143271011681537,0,3
7618,216,80.05940499529447,QR,Electronics,TR,11.0,0.0753396577795322,0.16782573559327327,0,3
8103,400,3.9477202745461515,QR,Clothing,FR,10.0,0.17101347611646847,0.2907318800624794,0,3
905,805,101.05173974055664,Online,Clothing,DE,2.0,0.26016499411307487,0.6751291309414518,0,3
3057,916,19.83114980975627,QR,Electronics,UK,3.0,0.0756067624338557,0.10053041842917408,0,3
4662,46,138.64441442050412,POS,Clothing,TR,13.0,0.34960506647421796,0.14001006530790325,0,3
7681,158,6.911408915579271,ATM,Travel,US,22.0,0.332204454997387,0.19227308711644106,0,3
3095,156,52.04456827390498,Online,Food,US,6.0,0.08766137176108062,0.04174145965065455,0,3
2737,609,22.59192355151686,ATM,Travel,UK,13.0,0.3062120600602548,0.3001086295704171,0,3
8,408,3.5625904344666686,POS,Clothing,DE,23.0,0.20686314200204226,0.07105312554550434,0,3
9782,428,188.14005425437907,POS,Travel,FR,21.0,0.20334032806364938,0.18295946127548696,0,3
5255,863,52.62816947748763,ATM,Electronics,FR,7.0,0.05649886669292388,0.07483465313115556,1,3
520,42,24.256155642204654,Online,Grocery,US,15.0,0.2722536997849341,0.17597695123389978,0,3
4950,751,0.0,POS,Electronics,FR,14.0,0.23058017529281039,0.09257655813422494,0,3
3922,201,68.67998050155451,POS,Clothing,DE,4.0,0.1527072899904243,0.2946536496495662,0,3
5414,742,28.591359442092884,QR,Electronics,DE,11.0,0.12233891375603079,0.08039596823105773,0,3
890,203,25.19893836819677,QR,Travel,FR,17.0,0.07769434517619365,0.16212981216193825,0,3
7820,370,27.941015979370196,ATM,Grocery,TR,16.0,0.1357841329897074,0.038272502380270676,0,3
4658,744,53.17156045917117,QR,Grocery,UK,15.0,0.0698024799216822,0.5076467826018229,0,3
3467,103,39.7126078909442,ATM,Clothing,UK,13.0,0.15556941753251605,0.08330607156390357,1,3
8773,485,0.6630491996337096,Online,Travel,TR,10.0,0.1601446715155509,0.1615228036926741,0,3
4245,149,68.35483784742765,QR,Food,UK,22.0,0.08039001403317707,0.10908593381022832,0,3
8553,727,191.34500788011854,Online,Food,TR,17.0,0.17111199928374904,0.19340694298025762,0,3
6636,21,156.51432522278273,POS,Food,US,18.0,0.07856084495043837,0.05596050672806749,0,3
8248,452,247.84928876363884,Online,Electronics,NG,12.0,0.2939929786440143,0.27557520851585166,0,3
3849,644,23.666585390608404,QR,Food,DE,10.0,0.06998879757693154,0.15710638745128094,0,3
3588,3,21.250787659631122,Online,Clothing,UK,22.0,0.06199263052608267,0.2539378800903992,0,3
2899,625,59.620673706514594,QR,Grocery,UK,21.0,0.11907076422355935,0.07538452823256735,0,3
7757,526,508.08241832310415,ATM,Food,TR,22.0,0.04651527945872275,0.1168943597530995,0,3
2671,247,106.6345109179542,Online,Electronics,UK,14.0,0.07300681688784062,0.06600711091611304,0,3
1653,391,233.1525237406073,ATM,Electronics,TR,21.0,0.2841598538254857,0.6129799880642145,0,3
2499,839,0.20488969731600903,Online,Clothing,TR,15.0,0.046813259224803866,0.030396028491788716,0,3
7704,585,337.3697623431964,Online,Travel,DE,21.0,0.12136328631444035,0.041534133950309124,0,3
2156,300,16.15838717667512,ATM,Electronics,US,15.0,0.10858819829949509,0.12245779555687415,0,3
6566,31,8.644829693851102,Online,Travel,DE,22.0,0.1526303473020994,0.03312778449325486,0,3
8249,927,19.50200747769548,QR,Electronics,US,12.0,0.0963116308377939,0.1349207847289458,0,3
5901,333,315.79062593542744,POS,Clothing,DE,18.0,0.05782433278378456,0.11547039831521318,0,3
8309,479,22.340241915277304,Online,Electronics,FR,21.0,0.1687181157673518,0.18601819168137462,0,3
7232,543,340.52805319437766,QR,Clothing,UK,3.0,0.10236180906780193,0.17506634114063735,0,3
6178,893,42.99797787719903,QR,Electronics,US,17.0,0.21286554933469337,0.1715679045087426,0,3
424,819,76.1563150423233,Online,Food,DE,11.0,0.1980963108290265,0.32001805124928834,0,3
7538,564,150.55194717854357,Online,Food,DE,11.0,0.12406676941878678,0.14913566779726806,0,3
185,787,27.856827696234436,Online,Clothing,TR,19.0,0.19156978108896217,0.2243816057208117,0,3
8761,328,141.74300953749426,QR,Electronics,UK,9.0,0.14156295490190893,0.03432843895163614,0,3
3827,39,240.38448582906673,QR,Food,UK,20.0,0.13042201138718115,0.40219935014621166,0,3
6313,987,92.8799429843133,QR,Grocery,DE,10.0,0.13059927521611125,0.14285677928489054,0,3
5117,329,132.02956482248297,POS,Electronics,FR,23.0,0.03868814893359095,0.12205290245971077,0,3
5303,837,149.86742628233583,QR,Grocery,US,6.0,0.4848058798797329,0.24818112609179335,0,3
8418,280,466.20198449596336,ATM,Food,US,21.0,0.3975914062730171,0.21035671771878495,0,3
6451,768,63.8309194424158,POS,Grocery,FR,23.0,0.19350870582579727,0.45473657566558084,0,3
4652,843,141.44402360124252,Online,Food,US,10.0,0.4449647474812844,0.23047243141264614,0,3
8205,437,24.529905141018567,POS,Clothing,UK,8.0,0.027988276450323053,0.05547006827125312,0,3
1856,606,30.64942827335466,QR,Food,US,9.0,0.10929535336777413,0.07776623940632339,0,3
7989,394,48.30612967241613,POS,Travel,NG,21.0,0.10119774350444583,0.0519770084564143,0,3
475,143,43.91297541647187,QR,Clothing,UK,23.0,0.09135718275587906,0.15619353365486077,0,3
7380,612,0.42779010892858316,ATM,Grocery,US,12.0,0.08391856802276047,0.15267444913820966,0,3
435,531,0.0,ATM,Electronics,FR,16.0,0.20540471924151535,0.2578930835046278,0,3
8894,685,39.19479268307891,POS,Electronics,FR,7.0,0.23302205239624713,0.15513754752746628,0,3
1344,53,123.86876961112367,POS,Food,DE,15.0,0.29784660667383894,0.15965931862625574,0,3
8239,336,143.28004345648267,Online,Travel,UK,16.0,0.17684396916441128,0.02746304566703196,0,3
2003,781,413.91229997600726,POS,Electronics,TR,22.0,0.1126701682406035,0.1478075100968173,0,3
8023,806,345.1574883840557,ATM,Electronics,DE,20.0,0.18197228906138113,0.09499515432056516,0,3
5862,411,873.4863634770494,ATM,Grocery,UK,22.0,0.2851282260400421,0.6495781590063363,0,3
1874,990,417.33865355839976,POS,Grocery,UK,13.0,0.1554544531729482,0.4067555511576364,0,3
8593,97,231.46670548296456,Online,Grocery,US,13.0,0.18842330622222803,0.10813592693596592,0,3
7250,363,52.31168534670559,Online,Food,TR,9.0,0.10165370522938183,0.0790224175454631,0,3
1650,99,214.71296368275156,POS,Food,TR,17.0,0.19758277831450052,0.3513912919784657,0,3
2103,93,30.963485496968215,QR,Travel,DE,8.0,0.5010259743814932,0.24306270719591247,0,3
4389,565,46.338559472406125,Online,Clothing,DE,10.0,0.24467879538141313,0.21645798940504063,0,3
6301,824,336.01159648955866,ATM,Food,TR,23.0,0.23631295021839738,0.16172651091062218,0,3
9787,485,593.2440189302747,POS,Food,UK,20.0,0.3650801628772564,0.12843770839846103,0,3
2915,281,124.64421750605462,Online,Grocery,UK,18.0,0.19303614179046033,0.049593756049632176,0,3
2481,550,892.1644453824516,Online,Clothing,UK,16.0,0.2248252976818817,0.8105719797346367,0,3
5528,330,296.9088429730981,POS,Grocery,UK,12.0,0.18015894400994661,0.2699950698545502,0,3
2607,344,307.7285474222331,Online,Clothing,TR,7.0,0.129709077625451,0.28677795432623415,0,3
4766,893,224.27056048959844,ATM,Grocery,TR,21.0,0.13064486618155766,0.11727554373428903,0,3
3237,619,8.072751926754135,POS,Food,DE,17.0,0.10592658319687885,0.12603788418281658,0,3
7567,616,205.0242331580183,POS,Electronics,US,22.0,0.0446889113298333,0.33477107491629426,0,3
3927,140,92.36804759152974,QR,Clothing,US,17.0,0.11154125944123755,0.08509335783914566,0,3
566,673,290.8683277551253,Online,Electronics,DE,7.0,0.12770498594507673,0.5707021767976246,1,3
5574,779,5.380213837487286,POS,Clothing,US,21.0,0.508141816921713,0.08218593074155067,0,3
9475,208,256.7828408387497,ATM,Travel,DE,22.0,0.1426132959272597,0.14255898442303144,0,3
1551,124,125.69719851725257,POS,Food,DE,23.0,0.06299365225347431,0.06072613565027039,0,3
3680,753,324.2676856903656,POS,Travel,US,12.0,0.13757772005550586,0.24760002385842955,0,3
6869,621,34.00134408966239,POS,Travel,FR,22.0,0.4186976706307056,1.0,0,3
7792,936,227.12018843805885,POS,Travel,TR,15.0,0.22683025760947903,0.09645451926088222,0,3
9047,722,108.44562472515805,POS,Travel,DE,6.0,0.11695004006577886,0.08531850560141686,0,3
4911,21,495.7941736231537,POS,Travel,TR,19.0,0.2002167157560678,0.16850912968665277,0,3
9222,684,22.230003455653048,QR,Clothing,DE,22.0,0.06059249683882815,0.04642958643927749,0,3
4601,297,127.38836684659618,QR,Electronics,US,10.0,0.15527723278255792,0.1951144857776031,0,3
2898,706,53.68034522212093,Online,Grocery,DE,13.0,0.03416208707773472,0.24204796943103066,0,3
9864,564,247.06195571951503,ATM,Electronics,FR,22.0,0.2436740423944526,0.11299163197030412,0,3
9328,953,55.379549588137834,Online,Food,DE,8.0,0.051290586529015934,0.1154249844742192,0,3
8162,673,96.56871408837497,Online,Food,UK,3.0,0.147577907083128,0.20739348957221204,1,3
8824,482,65.66566394350613,POS,Clothing,DE,18.0,0.13421511590497726,0.1563880835902328,0,3
6113,578,5.763219542050276,QR,Food,TR,10.0,0.03261551510938059,0.07474813708028305,0,3
285,609,56.6713132481518,QR,Clothing,UK,12.0,0.16305441579079719,0.45425376554327007,0,3
8960,200,124.97765994600984,Online,Travel,UK,7.0,0.09016011404176355,0.2675601067377921,0,3
9592,13,789.4509968342921,POS,Travel,TR,19.0,0.1476177209140012,0.22636634236192038,0,3
7805,782,612.7337228834231,Online,Electronics,TR,11.0,0.3515604772549432,1.0,0,3
2187,914,37.72376062415778,QR,Clothing,US,10.0,0.06183127051957106,0.07576033926518314,0,3
7577,366,6.857867065955736,ATM,Clothing,US,21.0,0.06832206284960475,0.08430138705280474,0,3
4777,52,83.46578356761434,Online,Grocery,US,13.0,0.12168331430137509,0.25173856046420334,0,3
942,595,112.12267722052032,ATM,Travel,TR,10.0,0.04529732854553449,0.17154723665518917,0,3
6697,143,136.95877369616767,POS,Travel,US,13.0,0.07362906267724063,0.16904973962077377,0,3
1622,48,70.39190486912264,POS,Grocery,NG,12.0,0.08746263757752963,0.20284803155311032,0,3
9756,328,25.113004508852136,POS,Food,DE,23.0,0.054655928826521996,0.03955228378752322,0,3
4967,414,489.1214245920496,POS,Electronics,DE,13.0,0.12034789626921649,0.6435903520173585,0,3
2243,686,64.35944973506855,Online,Electronics,US,13.0,0.44313171880509394,0.4143690050182775,0,3
2,379,1213.7424343279695,ATM,Clothing,US,13.0,0.40547153055907525,0.2900410873129275,0,3
4842,226,102.46017264953807,Online,Food,FR,22.0,0.029187453180130028,0.05026989143981034,0,3
371,676,4.498917412166969,Online,Grocery,US,11.0,0.1016968068758731,0.11353385139360304,0,3
8520,591,564.3086046782277,POS,Electronics,DE,12.0,0.25695358978285987,0.2634884638167755,0,3
3323,507,102.5806086175835,ATM,Electronics,TR,16.0,0.39694144218230687,0.4490741865561672,0,3
9233,802,97.45118521130735,QR,Clothing,US,18.0,0.03555458600173273,0.1573447627777659,0,3
9902,698,76.5299378928917,ATM,Electronics,UK,14.0,0.32026777955289976,0.25804182377673024,0,3
551,981,542.6745574369021,QR,Electronics,FR,21.0,0.1479567537082959,0.16136881117882085,0,3
9281,232,45.812479983137955,Online,Electronics,US,14.0,0.37496947702035893,0.08312763406166813,0,3
2828,320,188.58758024778072,POS,Electronics,TR,13.0,0.28946833356261914,0.14143124815777458,0,3
9066,637,389.2239345863276,QR,Electronics,DE,10.0,0.06354837872382295,0.19063764982851172,0,3
2131,776,2.493627951289132,QR,Food,DE,16.0,0.08528639238844085,0.14547038613309204,0,3
5554,951,100.39900687771508,QR,Food,TR,11.0,0.22215975161148802,0.32125122825623664,0,3
8737,637,139.16677677973937,Online,Food,UK,10.0,0.1777151738747471,0.1963016027887996,0,3
5488,510,89.42675748120108,ATM,Clothing,FR,17.0,0.15822489304165505,0.04636586861545874,0,3
4854,433,16.62590981435464,POS,Electronics,TR,18.0,0.15492750745270129,0.04360246767700619,0,3
6339,791,9.41208295625295,POS,Electronics,DE,18.0,0.0636786289023809,0.24762065882282439,1,3
6018,412,28.878924964186325,QR,Food,US,18.0,0.3330514354229169,0.355381829957345,0,3
7423,536,152.3083652245296,QR,Clothing,US,18.0,0.29423988754033387,0.17051254309134745,0,3
4527,877,161.6395351823174,QR,Electronics,DE,7.0,0.22074597706918675,0.3023624912616197,0,3
8297,93,529.5087812789709,POS,Grocery,UK,6.0,0.26534423465327617,0.43676716684238237,1,3
3224,467,0.3099814590187657,Online,Electronics,DE,3.0,0.23009874164821598,0.18525034853332392,0,3
6284,997,8.802250407986207,QR,Grocery,TR,21.0,0.5725445101848058,0.07212295672788187,0,3
287,258,125.04329909575829,Online,Grocery,FR,21.0,0.06361133171170912,0.09424164875121385,0,3
9879,204,147.22191618563176,ATM,Travel,DE,7.0,0.09547428914684439,0.26823747323361136,0,3
1905,724,108.62671911546227,ATM,Clothing,US,8.0,0.2135340078251774,0.037335768246358134,0,3
2495,317,535.8435743947734,Online,Food,US,20.0,0.08628176520163708,0.20279639542257788,0,3
8827,263,20.066170371409065,QR,Electronics,UK,5.0,0.033255611564673576,0.17408447563840168,0,3
852,69,397.79979392201227,QR,Electronics,UK,21.0,0.1181849872429324,0.28803798220102833,0,3
9095,45,50.95806887200456,ATM,Grocery,TR,17.0,0.06967823892714031,0.06033108923932172,0,3
5889,5,3.5295091770467444,ATM,Clothing,UK,11.0,0.06978843959306406,0.02818265330498608,0,3
3751,185,14.484002049682719,Online,Clothing,FR,5.0,0.10982346317706276,0.06947541216659853,0,3
5406,151,0.0,Online,Travel,US,19.0,0.06480688066878189,0.02815006451104971,0,3
2741,677,3.6333218508153493,ATM,Electronics,FR,20.0,0.08980302034299241,0.21550484320329194,0,3
4664,233,122.57085206947542,Online,Grocery,US,4.0,0.07965780704841725,0.500445815950283,0,3
3271,989,48.9470457690331,POS,Electronics,UK,11.0,0.7822884863364257,0.5725170033896182,0,3
3508,116,1.4335539011609981,ATM,Grocery,FR,22.0,0.05405748403144431,0.17344618262770173,0,3
1223,389,223.92336624174382,QR,Electronics,DE,10.0,0.2940945331177703,0.24524600412237338,0,3
494,538,23.289799267233906,POS,Food,UK,21.0,0.13394180356740482,0.12237659877041351,0,3
8399,11,220.91727768717328,ATM,Food,UK,17.0,0.24708430725544703,0.24293442577431196,0,3
8768,527,191.5619704388036,QR,Travel,UK,2.0,0.23448832786881632,0.062068681688920394,0,3
2540,990,95.36535887528606,QR,Electronics,DE,6.0,0.1610324771929201,0.28429449909729837,0,3
9984,271,238.79679162198553,Online,Travel,US,4.0,0.06925605477220655,0.18793389705701447,0,3
6174,830,69.00089490032435,QR,Clothing,TR,20.0,0.16526130704235079,0.10761760821485311,0,3
3319,171,452.4781999443487,ATM,Travel,FR,21.0,0.12305773725492375,0.21256473120337133,0,3
4897,17,94.10839522071436,ATM,Electronics,UK,8.0,0.08699258064116856,0.1475667953971228,0,3
6204,540,281.76306605359315,ATM,Electronics,FR,23.0,0.5447532862880324,0.0916414893020379,0,3
8075,167,197.0824904299937,Online,Travel,TR,17.0,0.29630279341457083,0.14802176759211683,0,3
9354,51,416.3752493890471,POS,Clothing,TR,23.0,0.08525618908454052,0.07240253740685096,0,3
4816,912,144.57869293292583,ATM,Food,FR,23.0,0.2735672165727895,0.2152140344513574,0,3
1766,344,340.7038885129636,QR,Travel,UK,3.0,0.5105786548892267,0.16650562903725658,0,3
4244,105,11.22159442219671,ATM,Electronics,US,23.0,0.17323244606003343,0.14773052021037453,0,3
2665,871,65.96950405457675,Online,Clothing,TR,16.0,0.27597205530037366,0.2823184277206974,0,3
4866,778,25.060521814670395,Online,Clothing,TR,20.0,0.21372554847501418,0.2668765672003241,0,3
4568,358,61.04763158543549,Online,Grocery,TR,20.0,0.24556917262990896,0.1592401251647672,0,3
6506,532,350.14185356549154,POS,Grocery,UK,19.0,0.16220424058585386,0.2153686464266256,0,3
395,661,164.9344318224095,POS,Clothing,UK,22.0,0.4264964452297445,0.21265172177893416,0,3
2085,533,159.0991265972962,POS,Grocery,DE,21.0,0.11918585374931633,0.061591464826159056,0,3
6326,210,0.0,QR,Electronics,US,17.0,0.2745563582301939,0.3483941467631555,0,3
5157,773,26.784057913662057,POS,Grocery,UK,21.0,0.5829731444522979,0.060655622621357985,0,3
3399,970,89.05522211992559,POS,Grocery,FR,18.0,0.12503049728594848,0.3074568941954941,0,3
3171,905,17.176966595244725,QR,Clothing,DE,20.0,0.169505989837513,0.3890805422527331,0,3
694,655,147.79126668819902,Online,Electronics,FR,5.0,0.2639075192454809,0.1935982584766348,0,3
8444,807,12.389651360814362,POS,Clothing,UK,21.0,0.1732986725664059,0.0681348780758078,0,3
4895,880,103.48683039588533,POS,Food,US,14.0,0.14252938158859038,0.1447892311438047,0,3
8075,205,95.12225482028144,QR,Travel,UK,11.0,0.05900465056493559,0.3366676396726257,0,3
7259,682,155.13305679433572,ATM,Clothing,UK,11.0,0.2434141906146678,0.23817613021250186,0,3
6760,900,0.0,ATM,Grocery,UK,6.0,0.11350844587004907,0.12043091490924707,0,3
1515,414,141.56345792439075,POS,Food,FR,10.0,0.2265353937552194,0.10031811013126402,0,3
9525,837,205.60459071266962,ATM,Grocery,TR,5.0,0.07882608787265181,0.129475292213717,0,3
3800,19,197.47138008460195,Online,Electronics,DE,13.0,0.04390016734574882,0.05042113888448772,0,3
6961,208,44.72591852794601,QR,Electronics,UK,13.0,0.03941420231508625,0.09690867560844134,0,3
2162,821,207.87660406906238,QR,Grocery,US,19.0,0.18561507908989472,0.19382521320536555,0,3
4216,423,36.90207580970496,ATM,Clothing,TR,16.0,0.34232996696820545,0.21659569602914372,0,3
9387,379,177.05577018714308,ATM,Electronics,TR,19.0,0.06241367989146408,0.10699098274487906,0,3
2228,607,58.86850135149409,POS,Clothing,UK,15.0,0.13385977021916923,0.4115435881051421,0,3
9851,588,529.4772342498654,QR,Travel,TR,22.0,0.269091820355891,0.07587081162686185,1,3
8159,566,169.70708858872933,QR,Clothing,DE,13.0,0.26092408986676885,0.16977727248940505,0,3
6020,712,62.337216582483904,ATM,Electronics,US,1.0,0.1379746492333949,0.07089802167315995,0,3
9769,250,302.98610877057723,Online,Travel,FR,13.0,0.20904450785318673,0.5789763418221477,0,3
6542,663,172.08920717312898,Online,Food,UK,18.0,0.05493463812254146,0.06777951548712383,0,3
8437,920,423.46435508532403,ATM,Clothing,FR,17.0,0.17462600946114284,0.22510739803174612,0,3
7925,900,7.376392335101027,Online,Electronics,DE,11.0,0.1622248996298461,0.09128037619815288,0,3
4497,719,6.80620284695996,ATM,Grocery,TR,16.0,0.06422740481317678,0.06377002368709539,0,3
6348,282,194.41626172666503,Online,Food,DE,8.0,0.27521528797312245,0.15381407768673436,0,3
8153,48,21.55531978889482,QR,Travel,US,7.0,0.0875298427657699,0.1740200359539333,0,3
7064,884,9.678367482664637,ATM,Food,TR,22.0,0.052783105825433586,0.03803154623063604,0,3
6754,874,176.17943749781924,Online,Travel,UK,8.0,0.7456560706463101,0.4354586982320865,0,3
3448,600,5.518018428037026,Online,Grocery,FR,22.0,0.17501386375193506,0.22866636489753303,0,3
2444,334,363.4138560623414,Online,Travel,UK,23.0,0.11334767229210002,0.18794869033437758,0,3
9861,789,558.718201795601,ATM,Travel,TR,22.0,0.377228203620775,0.4138644732243345,0,3
342,193,7.796672972801122,Online,Electronics,DE,21.0,0.05103301111406426,0.05025591383198355,0,3
8915,679,67.8613747626057,POS,Clothing,US,12.0,0.18563597835607237,0.10425142049718022,0,3
5467,833,40.1276397286522,ATM,Travel,UK,11.0,0.17144539425176433,0.35086889345101807,0,3
3812,603,109.03065718767274,POS,Clothing,TR,12.0,0.06979186045603321,0.15330423380106284,0,3
3715,180,194.45919146488342,POS,Electronics,TR,19.0,0.21591005086964637,0.2612062251919136,0,3
2855,956,2.0271268376727765,POS,Grocery,US,20.0,0.0963735377845559,0.07003190355837356,0,3
1463,131,52.5989819732537,POS,Travel,US,21.0,0.11167844690269947,0.18432024231129876,0,3
4893,922,119.06589177413406,ATM,Grocery,DE,10.0,0.13189254048492088,0.16768227046490686,0,3
93,419,200.27564299398557,QR,Food,UK,13.0,0.37076599377857095,0.07958294204487557,0,3
6604,561,113.93964837600974,ATM,Travel,FR,23.0,0.029128306822371944,0.1828049918716359,0,3
6640,109,63.09094971296907,POS,Travel,UK,17.0,0.1072175091724462,0.08187729318659535,0,3
3537,446,97.88437204650985,QR,Clothing,UK,21.0,0.253623456126591,0.3926633159500063,0,3
470,210,5.555173867330609,ATM,Travel,UK,15.0,0.05103269101230333,0.04170596215851019,0,3
5618,328,79.25713676888819,Online,Travel,FR,7.0,0.2702401744104447,0.11322050994276384,0,3
6950,677,111.82238839382178,QR,Travel,DE,7.0,0.42395265774190327,0.39091018029732433,0,3
1376,24,14.869712430424986,Online,Grocery,TR,20.0,0.2978224751229885,0.10377524287944424,0,3
1793,124,110.94341443064957,Online,Travel,FR,15.0,0.14955988848468313,0.09661996816574009,0,3
7058,306,6.471583068421397,QR,Travel,UK,5.0,0.038014112495921286,0.11386141478732198,0,3
7383,224,20.578229251004835,QR,Grocery,DE,8.0,0.22313127493583185,0.12200601232782926,0,3
786,675,0.17690687230302782,ATM,Food,TR,19.0,0.17325178708632483,0.0487690259173201,0,3
6305,833,44.6389614888542,ATM,Food,US,2.0,0.06186210160706189,0.08423803843247815,0,3
7305,819,201.58114272896125,POS,Grocery,UK,18.0,0.1627985661738937,0.2864171154656589,0,3
5985,559,111.197106432075,Online,Travel,TR,22.0,0.13237883855885235,0.5343299830019769,0,3
7381,848,6.158388783838107,ATM,Electronics,DE,20.0,0.6316810035427853,0.25637109304403777,0,3
1839,912,113.54459041028393,Online,Food,US,19.0,0.5989845299273424,0.47564632507285015,0,3
9953,432,0.0,ATM,Clothing,TR,22.0,0.5976789076583056,0.2136879275857649,0,3
4563,956,30.884242191310925,POS,Travel,TR,15.0,0.07089892668610953,0.09528871788119767,1,3
548,438,0.0,Online,Grocery,US,18.0,0.18440594150967587,0.8040281997950889,0,3
3906,648,4.898428920637971,Online,Travel,US,22.0,0.10766156645536551,0.16145254254298827,0,3
7459,679,248.92740320357464,ATM,Grocery,TR,22.0,0.3431263411081382,0.19075446616614383,1,3
5734,875,50.68498562408967,Online,Grocery,DE,11.0,0.1689397117566989,0.09284901924003106,0,3
9274,844,132.32786414699305,QR,Electronics,FR,17.0,0.11855689897275448,0.20537358347051188,0,3
8200,324,226.03389764986255,QR,Travel,FR,11.0,0.5732693030189647,0.35598692653265845,0,3
2401,19,260.4731732603774,QR,Travel,US,22.0,0.1623048374438113,0.27970922945228166,0,3
1053,531,419.52160310454025,ATM,Grocery,UK,4.0,0.7680279060918106,0.46482532285625894,0,3
668,229,15.965998593241109,Online,Clothing,FR,8.0,0.049648342877370674,0.12350002006703092,0,3
8065,131,185.56890674140186,ATM,Food,TR,10.0,0.2913321211614093,0.7402999660485268,0,3
9176,554,231.5577928871684,POS,Grocery,FR,12.0,0.21728432684408788,0.3722015068804993,0,3
1422,669,20.115386697021908,Online,Grocery,FR,19.0,0.06106888164443526,0.2752265321374321,0,3
1458,312,12.430329150687223,POS,Grocery,US,18.0,0.050717361668522865,0.08249639468020468,0,3
4151,155,372.0663921515472,POS,Clothing,DE,11.0,0.1637258878860962,0.16097271220889806,0,3
3853,67,200.04582591949074,Online,Travel,US,6.0,0.030645827528126456,0.11961295891633858,0,3
900,567,87.59077678610828,QR,Food,TR,12.0,0.14678616220394933,0.04676627618994052,0,3
6533,729,71.09490462962793,QR,Electronics,FR,20.0,0.13162396937389315,0.08687907326100973,0,3
2135,94,163.62901014371636,POS,Travel,TR,8.0,0.104399427036836,0.030112511429094574,1,3
3023,986,41.0143567198795,POS,Food,FR,15.0,0.3128372361129635,0.07461007243059939,0,3
1513,446,147.58436860668562,Online,Electronics,TR,4.0,0.2803130868639909,0.13493175008265984,0,3
8602,986,818.9891377813145,Online,Electronics,FR,20.0,0.45268230103625645,0.5798482131955676,0,3
1452,569,444.3866105523224,Online,Food,FR,23.0,0.10120415744362242,0.28957312121034584,0,3
719,693,719.1112510041174,QR,Clothing,US,3.0,0.13291278315783564,0.11002326501886936,0,3
5819,520,97.56136960094459,QR,Clothing,US,21.0,0.25230385001790856,0.1259412842352433,0,3
2152,798,28.338120309783918,ATM,Travel,FR,8.0,0.10712151674291538,0.06296144750486064,0,3
4885,820,33.94041373308293,Online,Electronics,TR,13.0,0.05743319044311407,0.0720222040345804,0,3
3207,840,9.862116587444461,Online,Electronics,US,21.0,0.02678464643133347,0.029666836689855335,0,3
2257,21,110.98314067254887,POS,Electronics,FR,18.0,0.04729678011120128,0.07487972275027079,0,3
1364,527,48.10565599766804,QR,Food,DE,20.0,0.10256750950551313,0.149171617911906,0,3
7466,506,139.5786706957031,Online,Travel,UK,19.0,0.07140615733535226,0.07945937017820157,0,3
3470,918,224.4063259134287,Online,Food,TR,23.0,0.2658219249817798,0.16571951125814327,0,3
133,489,143.22405089094497,QR,Grocery,DE,19.0,0.13522459941748832,0.31610451460266553,0,3
9261,142,44.45735946661686,QR,Food,TR,23.0,0.06696746970672876,0.1434155257574681,0,3
163,970,15.99389060241462,POS,Electronics,UK,17.0,0.10936538436645678,0.053901972660557254,0,3
7257,752,54.80961331992304,Online,Grocery,TR,15.0,0.0725158877309532,0.10175195259040962,0,3
8596,57,35.57815146942383,POS,Food,FR,11.0,0.24106787572009403,0.19152937984306492,0,3
6233,160,202.62762651058077,Online,Electronics,DE,14.0,0.07072945712113156,0.42924515371486793,0,3
5235,207,105.02956428517061,ATM,Clothing,US,22.0,0.20070619658257502,0.4090239167812312,0,3
4378,743,329.94780100168515,Online,Food,UK,22.0,0.743529627435345,0.6564974116577088,0,3
3399,474,161.9376199417357,POS,Clothing,TR,8.0,0.10212795000692625,0.45282500685312677,0,3
3531,520,106.6953679815543,POS,Grocery,TR,23.0,0.4744379365026043,0.3026215298272609,0,3
9675,519,115.84448934783113,ATM,Grocery,US,5.0,0.06413918563318127,0.17138259338893982,0,3
7518,928,479.7224567842692,ATM,Travel,DE,21.0,0.10487555812956076,0.1703909477188062,0,3
4418,482,8.302430526972483,Online,Food,US,22.0,0.03236812788686458,0.12238463700288542,0,3
5906,858,62.37930725371636,QR,Electronics,US,19.0,0.08044279379754093,0.07224517911535483,0,3
4527,61,11.915434331958533,QR,Grocery,US,21.0,0.3990295787994808,0.4399287074640339,0,3
1038,925,7.3826709767666765,POS,Travel,US,9.0,0.11141474219005043,0.15039763252749344,0,3
6842,263,71.9148657070479,Online,Clothing,DE,20.0,0.06443695300761888,0.04984886351371913,0,3
6971,664,6.456295878875403,ATM,Electronics,FR,19.0,0.14792501254934307,0.24819361536122467,0,3
4404,473,132.73893140577187,Online,Travel,DE,22.0,0.09810934010910917,0.35694541317755296,0,3
9291,478,843.6370941167411,POS,Grocery,DE,11.0,0.377257276337183,0.33397273184118254,0,3
5912,507,10.041663320187201,Online,Electronics,NG,16.0,0.2429049269756728,0.31912847492758667,0,3
2541,299,8.27236800553413,QR,Clothing,TR,23.0,0.14839279060916308,0.04254619275816132,0,3
9381,170,47.4950824205269,QR,Electronics,UK,9.0,0.04178125667130608,0.030051875939451952,0,3
8190,142,327.916547060459,POS,Clothing,US,13.0,0.20325501134850704,0.11970615041334658,1,3
2508,724,642.5270007689033,ATM,Clothing,DE,16.0,0.3379175801466801,0.12157633224081377,0,3
6572,451,48.634192757519315,QR,Clothing,UK,12.0,0.0557532568140264,0.2503655728804082,0,3
787,491,4.957587059671818,Online,Electronics,FR,16.0,0.08758845022821983,0.16980375571777412,0,3
6055,857,105.13257555698257,POS,Clothing,US,20.0,0.5341493922044758,0.06911040333545976,0,3
1381,989,3.9247804751523283,ATM,Clothing,UK,16.0,0.20185986764235636,0.1015070226352453,0,3
8422,495,18.228900313212584,POS,Electronics,DE,11.0,0.049899428520839506,0.14119503540459646,0,3
7485,139,25.971424391624108,Online,Grocery,FR,20.0,0.18459226814810326,0.08447207847749202,0,3
7907,219,106.7186098356657,Online,Clothing,FR,20.0,0.18994252216992477,0.3571268029874894,0,3
7437,849,84.8622781708178,ATM,Grocery,UK,23.0,0.30389448088535687,0.12848995399746616,0,3
9779,617,431.81440415290035,Online,Food,FR,19.0,0.6690531485255075,0.13621947289994712,0,3
5692,973,1259.0228720142154,POS,Travel,TR,11.0,0.6292475274983473,0.27169699008454967,1,3
834,976,48.632335073447706,QR,Clothing,FR,16.0,0.4776006249111286,0.2146799718084253,0,3
8533,355,149.4853460341219,QR,Grocery,DE,16.0,0.17857701439584128,0.2756670762925376,0,3
6940,484,97.43789034208068,ATM,Grocery,DE,17.0,0.1928944357663366,0.1312162629826218,0,3
7476,676,56.77875033866064,POS,Clothing,TR,10.0,0.19123290427423104,0.3691116220043789,0,3
5360,347,446.1016871769734,POS,Clothing,US,21.0,0.11240215172382452,0.11681889952146876,0,3
6264,69,521.0663268150132,Online,Clothing,US,19.0,0.24490323680362425,0.10621745084511242,0,3
9159,380,538.486363028282,Online,Clothing,DE,12.0,0.5064898782179568,0.15968322330621548,0,3
4478,529,55.94199974520769,POS,Electronics,FR,21.0,0.3150388047718766,0.17386135855145313,0,3
3713,236,235.26337899320978,Online,Electronics,UK,6.0,0.11264000798877477,0.08700811024764739,0,3
92,215,20.238000015220265,POS,Grocery,FR,22.0,0.053065563863573514,0.16317829163504877,0,3
5086,478,501.83208758430214,Online,Electronics,US,18.0,0.032182433702293956,0.0965764393089256,0,3
2753,968,0.0,Online,Food,TR,20.0,0.2507409801329107,0.3113291258822427,0,3
7668,542,42.17827743803724,POS,Food,DE,21.0,0.222147697382448,0.13337404501919561,0,3
2007,157,214.76544010202966,QR,Food,TR,16.0,0.05932764624966579,0.17325325913879597,0,3
8257,326,32.634709287372466,ATM,Food,TR,12.0,0.12557912176797914,0.043061563221571536,0,3
8637,395,29.22731327531912,QR,Clothing,TR,16.0,0.12312151796319455,0.3173732926104169,0,3
6286,483,176.8455696429233,POS,Grocery,TR,4.0,0.2671526591826349,0.07738486556977081,0,3
7955,966,28.011001800307348,ATM,Electronics,UK,18.0,0.05541344066904398,0.09867234282265881,0,3
8484,7,154.14835027261535,Online,Electronics,FR,21.0,0.07535006061610891,0.1638955909948226,0,3
6223,792,163.01612626472098,QR,Electronics,FR,3.0,0.3245896488734,0.23258590253016131,0,3
8498,995,99.253938271137,ATM,Clothing,TR,15.0,0.26853252100058334,0.14340033334168137,0,3
4944,651,119.75298822814698,POS,Clothing,UK,14.0,0.12657082314271403,0.1937460192690608,0,3
2737,249,614.0775265154647,QR,Travel,TR,19.0,0.3130122761082598,0.5668733936247151,0,3
422,650,52.55430573602672,POS,Electronics,UK,5.0,0.05022298057181711,0.19486759525865288,0,3
9416,532,247.38064344560382,QR,Food,DE,23.0,0.37127404945442843,0.394289423919543,0,3
4074,977,30.412914694866846,Online,Electronics,TR,17.0,0.11428411328164537,0.05029413549411662,0,3
195,999,35.748575737963655,POS,Electronics,US,17.0,0.08540897575979255,0.05491842808540222,0,3
9750,524,511.2033644709042,ATM,Electronics,NG,22.0,0.18853384074015264,0.22824970906482123,0,3
9927,445,298.88981144881024,QR,Grocery,FR,22.0,0.07936082929158665,0.042987591760950614,0,3
3299,555,7.498252432264138,POS,Grocery,US,16.0,0.23289594433705033,0.06602976929660784,0,3
9403,915,48.497479787644544,QR,Clothing,US,20.0,0.40434978880852124,0.032806784270806494,0,3
5907,869,9.585747559808688,POS,Travel,DE,23.0,0.10458388382822278,0.21088286185545146,0,3
8293,67,314.0287629336044,QR,Grocery,US,17.0,0.0980641403994033,0.1530142961305445,0,3
3687,478,445.96329768016733,Online,Clothing,TR,22.0,0.1269697643335343,0.08902861460170135,0,3
7385,219,41.359349917614125,POS,Food,TR,6.0,0.09375936776473315,0.11994211363051385,0,3
6428,546,273.2408712344259,ATM,Clothing,DE,18.0,0.2572905669198459,0.1607897314750529,0,3
357,51,90.17036169366467,QR,Food,FR,22.0,0.2224572176519579,0.14941602183902558,0,3
1088,404,265.3226818568061,ATM,Food,FR,19.0,0.6925084730368088,0.16513831999296713,1,3
6466,535,153.76505062349452,Online,Electronics,US,22.0,0.06390098304569264,0.1744634039913872,0,3
6623,413,48.07580047749019,ATM,Food,DE,23.0,0.17944083294454752,0.39938703747055065,0,3
7988,489,92.28800356440726,QR,Clothing,TR,3.0,0.3617058135415431,0.48532496367333033,0,3
7984,291,306.1575391414268,POS,Grocery,FR,14.0,0.03247829554472807,0.0410181491603249,0,3
786,121,151.63532496627857,POS,Travel,TR,12.0,0.07595164729933548,0.22466534292576726,0,3
1118,820,79.39668604045383,ATM,Electronics,FR,8.0,0.44126421239325975,0.23664750059564135,0,3
2681,873,878.973466444119,POS,Electronics,FR,22.0,0.2583717942184205,0.21721446767331906,0,3
3637,602,85.15355539490768,Online,Electronics,FR,16.0,0.14216635356910515,0.2291335409336162,0,3
2683,165,26.381753124278127,ATM,Electronics,DE,10.0,0.03442604655636145,0.1869955683920742,0,3
5879,520,157.25793388570074,ATM,Electronics,FR,8.0,0.13932527525377159,0.23307726832531614,0,3
3263,404,22.20318977188431,POS,Travel,US,5.0,0.3960316365600511,0.21823189103093693,0,3
5450,450,167.9172154316951,POS,Food,TR,17.0,0.23804805128112608,0.2548658256526729,0,3
1651,709,113.56968316724512,ATM,Food,DE,16.0,0.16929727728418328,0.11616900788411458,0,3
4929,646,23.057223690256777,ATM,Travel,FR,18.0,0.19654932479684448,0.11761079565202223,0,3
4320,171,828.7461113933941,ATM,Food,NG,21.0,0.14527916088524395,0.09936510093169476,0,3
5998,49,250.5142318961101,Online,Travel,TR,21.0,0.1459000396864079,0.3664961951073389,0,3
6670,322,322.84877376903046,QR,Travel,US,21.0,0.15260526412851877,0.20830107094278863,0,3
6605,822,375.1738510082031,POS,Travel,TR,6.0,0.0787080266663838,0.03421072556551963,0,3
3884,933,42.35133920913445,POS,Grocery,TR,20.0,0.09188899534163716,0.19443348351332987,0,3
1982,893,0.0,POS,Clothing,TR,1.0,0.09874474825465218,0.06350832068763745,0,3
6137,446,138.66146907107168,QR,Electronics,UK,20.0,0.054150539025311084,0.32566997269959835,0,3
6994,729,9.464105749791877,QR,Clothing,TR,11.0,0.2418780609226386,0.10242121203151078,0,3
4635,399,23.55227625297601,QR,Grocery,DE,5.0,0.2219060289973779,0.22504729170839916,0,3
4254,19,223.5050275585702,QR,Travel,FR,17.0,0.3268702581809544,0.5409920615811284,0,3
4011,336,477.6523266151431,POS,Travel,UK,20.0,0.33447247303080824,0.4043708668666492,0,3
5007,685,39.611906450026396,Online,Grocery,TR,20.0,0.141947702052681,0.1727139685479418,0,3
3973,462,120.95998321303037,ATM,Travel,TR,23.0,0.5921164397534837,0.30744024944463055,1,3
7695,301,435.8785252799476,QR,Clothing,TR,11.0,0.2724618680774382,0.3211842186082083,0,3
3011,663,149.9096587183483,POS,Food,US,19.0,0.09478055271655125,0.2172931052071787,0,3
2594,993,5.099517819095367,POS,Grocery,DE,13.0,0.11326811557935518,0.16529143404884356,0,3
3325,663,69.85461454268156,Online,Food,UK,12.0,0.18109827016268137,0.06412932791934986,0,3
9291,223,1305.8095853767418,Online,Electronics,US,13.0,0.247836825829762,0.47652450243891836,0,3
360,593,850.6185320875923,ATM,Travel,FR,21.0,0.43521869808168745,0.1909562486948541,0,3
5524,560,439.9695523091621,QR,Electronics,TR,19.0,0.3183160442836527,0.42500547696941204,0,3
8534,29,100.55715308391973,ATM,Travel,US,18.0,0.14447248530274792,0.30374878775226183,0,3
19,0,490.94937915174194,QR,Food,US,17.0,0.20066425315244213,0.23641064710259446,0,3
270,868,371.88046892264373,POS,Food,FR,16.0,0.07003897040468728,0.10576193368543477,0,3
2424,539,1.991901317789177,ATM,Travel,FR,14.0,0.28292020093638953,0.08859890011672888,0,3
6803,315,62.35669342963132,Online,Grocery,DE,23.0,0.08340979905488315,0.5963953392663071,0,3
6769,149,619.0056678478601,ATM,Electronics,UK,20.0,0.07477478545602448,0.06671585430039216,0,3
3408,531,160.41783777800825,ATM,Travel,NG,23.0,0.17578745847135577,0.4148163494423133,0,3
9606,166,150.7823425769925,POS,Electronics,UK,18.0,0.11299980391992852,0.04977539223089329,0,3
8529,121,2.6837525420213395,QR,Food,FR,12.0,0.2086513150864584,0.1635888257464148,0,3
6139,266,158.185237295033,QR,Clothing,US,13.0,0.19343487505285878,0.04398851319907962,0,3
1469,304,20.431027837369708,QR,Grocery,DE,20.0,0.06186040109463712,0.05758296015537427,0,3
5717,215,105.48920844386569,QR,Clothing,NG,16.0,0.3409289126457636,0.09098118591547348,0,3
3987,226,8.881132671603583,QR,Electronics,TR,20.0,0.09202587325338257,0.36098679847540915,0,3
3813,936,79.70188297390969,QR,Food,FR,16.0,0.5668194640524206,0.21903565191874663,0,3
4508,131,290.83895363997516,Online,Food,TR,20.0,0.15325194823338179,0.19394713838332744,0,3
5382,292,12.590207233421673,ATM,Food,US,20.0,0.14186263859152695,0.04243148690982246,0,3
1010,19,480.1425294537862,QR,Electronics,US,15.0,0.3832478144432997,0.05737892355276777,0,3
8832,89,32.2600496456569,Online,Grocery,FR,22.0,0.035229089425372895,0.030526028324226715,0,3
3459,278,233.90583388928775,POS,Food,TR,17.0,0.4437134425679101,0.21970958473540889,0,3
1150,383,10.999181852448825,Online,Clothing,FR,6.0,0.11189117588941573,0.06601800025060067,0,3
3829,223,6.6765855887178365,POS,Clothing,FR,22.0,0.3084459369223107,0.052609915003380935,0,3
1623,299,141.10371919955938,Online,Travel,TR,15.0,0.06954271516723093,0.05527005806076131,0,3
9968,879,289.49031973828335,ATM,Clothing,FR,15.0,0.15013049587060245,0.49272267257140673,0,3
8622,527,146.9596411969811,ATM,Food,FR,12.0,0.1333579804202785,0.04956487611147457,0,3
251,680,42.01231702533181,ATM,Grocery,TR,12.0,0.1546194486683176,0.08693870839003372,0,3
4011,796,221.88565527724197,ATM,Electronics,FR,22.0,0.13799515668027973,0.12241014428121161,0,3
9121,880,35.27804997093346,QR,Food,DE,13.0,0.035457736582559816,0.04730358492665028,0,3
2934,21,47.75791572237584,ATM,Grocery,FR,12.0,0.1411625394045748,0.11826544384939569,0,3
505,738,14.445163227724626,QR,Electronics,FR,18.0,0.3362031711986585,0.047567996166608034,0,3
6226,715,5.523283738258618,Online,Grocery,US,18.0,0.20642323096725312,0.07677304864532371,0,3
236,463,0.18067452849967713,Online,Clothing,US,16.0,0.03903334148076299,0.08550623743129995,0,3
6992,457,74.02105570500994,POS,Food,FR,12.0,0.18599443285978925,0.12602653340603562,0,3
5660,598,231.56384193034577,Online,Food,UK,16.0,0.20365325774290896,0.11528912199971843,0,3
4825,267,195.2591137387135,Online,Electronics,US,13.0,0.07074915565890873,0.11002115929986694,0,3
5084,613,42.28244461330563,POS,Food,FR,11.0,0.050553931752314304,0.10769696644800797,0,3
9072,265,57.08938810514769,ATM,Travel,US,15.0,0.050835027085192115,0.06327929403440355,0,3
2806,547,464.3931402312229,QR,Food,DE,11.0,0.29300111658351186,0.06537768341977229,0,3
6738,503,25.307716496982675,POS,Travel,DE,22.0,0.12988627005861503,0.11744012510889508,0,3
3651,362,164.6013217158059,ATM,Travel,FR,6.0,0.30479814211022443,0.1715990422918662,0,3
8340,825,0.0,POS,Grocery,FR,8.0,0.1292594104299575,0.2950531800837481,0,3
3432,772,6.281109214858947,ATM,Food,TR,14.0,0.1422813897779597,0.027281678433285515,0,3
4500,852,6.417288560269522,QR,Food,NG,14.0,0.05427820460616635,0.07245346603176017,0,3
9222,296,101.81263795965334,ATM,Grocery,US,18.0,0.4240146790438095,0.3964143221531685,0,3
4725,301,6.9776247680248265,POS,Grocery,FR,14.0,0.09246792551817717,0.0781211273687852,0,3
1498,457,36.444583676573984,ATM,Clothing,US,16.0,0.22764929543759513,0.23962626833531261,0,3
8956,241,1817.1486787481144,Online,Electronics,FR,20.0,0.6151579268701323,0.5456401521817864,1,3
2548,64,4.7273165566681605,POS,Electronics,TR,6.0,0.0729712173631523,0.06934617675143379,0,3
300,53,249.30495095566152,POS,Grocery,UK,6.0,0.19772264554883556,0.11183871952034584,0,3
1723,216,388.33516502330315,QR,Grocery,US,13.0,0.7227525288748389,0.6677619687614469,0,3
7484,962,48.840952524692526,ATM,Grocery,UK,22.0,0.13586109637376415,0.06770880817149547,0,3
5930,929,393.39954769841324,Online,Travel,DE,14.0,0.126782080345599,0.0557278190959519,0,3
3570,810,167.93763938635965,Online,Clothing,US,14.0,0.1821454710372202,0.10261988792436222,0,3
583,94,165.35356647563682,Online,Clothing,TR,11.0,0.68269602544336,0.08758866372632693,0,3
6183,862,258.1755218951562,Online,Grocery,FR,21.0,0.10724975701837686,0.27158765232062193,0,3
4398,358,44.115746862479654,ATM,Grocery,UK,18.0,0.2502136834533954,0.1456329534291773,0,3
7905,915,85.66035091578755,ATM,Grocery,TR,12.0,0.2110905398633366,0.46983116941801056,0,3
4382,727,191.78900307167166,ATM,Clothing,TR,21.0,0.2627578109294252,0.21664437289249766,0,3
7321,190,19.857283002718308,QR,Grocery,US,16.0,0.21358302297644444,0.08904253420548182,0,3
9464,506,57.187097215788086,POS,Clothing,TR,21.0,0.24843583213912895,0.31607347608123526,0,3
3094,633,0.0,Online,Clothing,TR,17.0,0.4827814367107536,0.30570319140912233,0,3
7901,245,73.10282524405301,ATM,Clothing,UK,23.0,0.07423419423197235,0.2701923804068711,0,3
1523,432,316.8592567267338,ATM,Food,US,20.0,0.06036789393150804,0.08389929880496368,0,3
9168,28,25.19430702763384,Online,Travel,TR,5.0,0.11499208996882113,0.09720783053460408,0,3
62,556,106.89200756465195,Online,Grocery,DE,15.0,0.3182181316782449,0.520844249785896,1,3
5593,962,1073.9817812194856,ATM,Food,TR,19.0,0.23369642979522381,0.33637086504437114,0,3
8212,309,144.91412344175893,ATM,Electronics,UK,4.0,0.1333216958649348,0.358508825014391,0,3
2970,588,22.34184245906171,POS,Travel,UK,16.0,0.06698750713907022,0.19754561103483428,0,3
8665,957,22.888573347617626,QR,Grocery,DE,7.0,0.25622722924186825,0.1716296460854306,0,3
9235,695,378.10890109631595,QR,Electronics,TR,17.0,0.2591796039142041,0.07055840290522203,0,3
7622,483,228.03058711870318,ATM,Travel,FR,19.0,0.7000030668621312,0.3652102028291078,0,3
7306,528,69.4595410716697,POS,Electronics,FR,22.0,0.2411630673353901,0.22760437019608437,0,3
7025,337,439.4348188408137,POS,Clothing,UK,2.0,0.13504927817295143,0.33880391813082344,0,3
3843,228,38.098480823279345,POS,Travel,DE,14.0,0.14702073117398642,0.17219893223495014,0,3
2029,381,21.504602861841352,POS,Grocery,UK,12.0,0.04883464015338205,0.05909286207311119,0,3
3890,589,196.77384089923237,QR,Electronics,DE,16.0,0.24228756832429302,0.2585937161428742,0,3
9672,2,96.56899843422356,QR,Travel,TR,18.0,0.04292317323306018,0.14432322553263932,0,3
484,608,39.90916896873122,ATM,Grocery,US,11.0,0.1413609268081304,0.10058865351285365,0,3
4059,214,129.82390643175998,Online,Food,US,19.0,0.3284048645393638,0.35012348161227996,0,3
4973,372,11.666561911575887,Online,Electronics,DE,5.0,0.04515954297031588,0.11550107067507023,0,3
7793,565,277.30679984449546,QR,Grocery,DE,16.0,0.07036501409685805,0.09820269065280146,0,3
8299,414,46.31564644568717,ATM,Electronics,TR,14.0,0.8278827734118497,0.20565695591086824,0,3
1500,993,78.8141593030757,POS,Travel,US,7.0,0.08248465674522142,0.08522568593950791,0,3
543,937,227.4442713129921,QR,Travel,TR,10.0,0.7077775776149867,0.1512109086946783,0,3
4579,147,251.6272344129867,ATM,Grocery,US,22.0,0.545660284533625,0.5286150725156266,0,3
9593,793,415.8095735608515,QR,Food,UK,3.0,0.10868853711072268,0.5267071094959723,0,3
8517,741,752.3811020242654,ATM,Food,DE,10.0,0.44861794696720464,0.10233798271413505,0,3
250,262,138.55119882616052,QR,Travel,NG,8.0,0.48515820421956574,0.22440355403807302,0,3
2625,675,76.73800797322481,ATM,Clothing,TR,12.0,0.17509982359049223,0.3200862670631998,0,3
5481,840,436.46800381521047,Online,Electronics,DE,8.0,0.4017359224234045,0.19948535211860985,0,3
555,567,7.157750522107625,QR,Electronics,DE,18.0,0.10276920452667378,0.2826472380804122,0,3
5932,234,151.44622063636712,QR,Electronics,DE,8.0,0.08996377049829006,0.3151726461715394,0,3
9499,734,0.0,ATM,Clothing,US,17.0,0.03746985009385743,0.1577199190072905,0,3
5070,544,504.35999984880925,Online,Food,FR,22.0,0.2601887715895038,0.2751554964885627,0,3
2152,857,289.48503786986026,ATM,Grocery,DE,9.0,0.21617273416858546,0.2146255630288326,0,3
9532,417,78.1534373737378,Online,Travel,DE,5.0,0.3271273374141074,0.5075752228999314,0,3
1861,974,4.7153250531423865,ATM,Grocery,TR,21.0,0.09893887724220801,0.036196281677910946,0,3
8568,201,172.02851983045784,POS,Grocery,DE,21.0,0.02888633308055457,0.13007916658909163,0,3
813,470,99.92340291444584,Online,Electronics,UK,16.0,0.15968621600434357,0.2132346906171839,0,3
864,712,33.4745011986476,ATM,Electronics,DE,14.0,0.2421373865689443,0.6313838448619972,0,3
682,410,615.8581049778646,POS,Electronics,FR,6.0,0.640268371424412,0.4907850777492421,0,3
4957,949,312.02058614780447,Online,Electronics,TR,14.0,0.2778431976369825,0.14736912862310292,0,3
5014,328,75.67418427188758,Online,Electronics,FR,13.0,0.30206236142738513,0.18262754135303325,0,3
3874,678,74.79177672408245,POS,Food,DE,23.0,0.047851881308892744,0.15551604713483005,0,3
8838,217,274.383238339566,Online,Grocery,FR,8.0,0.1839911732873457,0.4014881938418996,0,3
92,845,438.91405326364054,ATM,Electronics,FR,8.0,0.36311316049543046,0.4553951024254471,0,3
4230,639,111.49655897140514,QR,Travel,FR,18.0,0.1548816037434219,0.06749355885087434,0,3
7991,191,168.99615250522496,ATM,Clothing,FR,13.0,0.18428753076348123,0.13802552428098738,0,3
3388,569,0.0,Online,Food,TR,22.0,0.3137101371500019,0.23073825783451526,0,3
9684,819,67.39439705682945,QR,Grocery,US,11.0,0.10170874718248656,0.1381324434841817,0,3
3298,816,125.26603572222552,Online,Travel,TR,19.0,0.14516189041495597,0.0630454511783202,0,3
3437,187,27.758251373237304,QR,Travel,FR,23.0,0.06034404366272259,0.04992868810943236,0,3
5834,860,13.76798048634392,Online,Food,US,16.0,0.2499065695145347,0.386688805561158,1,3
4436,378,49.35038051354502,POS,Electronics,FR,2.0,0.05156153889974076,0.19720059755789962,0,3
209,268,137.37345077168763,ATM,Travel,UK,13.0,0.19276319944247072,0.25655528777830194,0,3
1753,923,46.71785056205174,ATM,Travel,FR,7.0,0.07419021477374456,0.10676744524149603,0,3
2565,114,75.27809348036679,POS,Travel,US,20.0,0.16566524728583204,0.23290078224492655,1,3
3137,676,179.58975077255496,Online,Electronics,FR,3.0,0.35578111823463143,0.30740382579595615,0,3
8196,153,282.28222190170675,Online,Electronics,DE,20.0,0.3457053422223116,0.07885391930850263,0,3
721,108,58.34168284464511,Online,Food,DE,14.0,0.132637738362479,0.06339645045729128,0,3
7367,515,54.25971306124875,QR,Clothing,DE,6.0,0.19697310690969486,0.20185041520171446,0,3
2701,368,56.73533946338904,QR,Clothing,TR,7.0,0.03143169014042766,0.1499488917874799,0,3
8669,877,156.35636313658327,ATM,Electronics,TR,5.0,0.5600724283091347,0.7785951599986455,1,3
9916,227,191.95924176954009,QR,Electronics,US,1.0,0.36607026856610253,0.5002056750835457,1,3
6720,910,106.12339903948785,QR,Travel,DE,22.0,0.08958368183032889,0.1691344270164914,0,3
3862,604,616.7315496971728,QR,Travel,DE,15.0,0.5014820724498343,0.18912285405117688,1,3
6731,343,953.8673005569237,POS,Travel,UK,4.0,0.34269125838770387,0.9734142859156864,1,3
5904,476,42.84729746035824,Online,Clothing,FR,16.0,0.053305158598481714,0.09793208828738444,0,3
9473,546,51.84108625988654,QR,Food,DE,14.0,0.10717712570314082,0.19023867033163333,0,3
2201,771,228.96257411072543,ATM,Electronics,US,8.0,0.18867039033684013,0.08798829669392515,0,3
352,640,730.4308075550973,QR,Food,DE,3.0,0.23688897006734486,0.2635659968612482,0,3
2512,227,312.29921733503295,Online,Clothing,FR,8.0,0.11158048880087985,0.33684394543603013,0,3
5470,794,310.494924714475,Online,Travel,FR,0.0,0.23780208869485775,0.1350833193344113,0,3
4011,572,243.32095666681707,Online,Travel,US,12.0,0.09137981956108901,0.27255645025247005,0,3
8482,263,12.013592502633529,QR,Grocery,US,13.0,0.08444897144640688,0.12407373008749402,0,3
8630,257,397.8908182537107,ATM,Travel,TR,13.0,0.06144530659940399,0.2741810339191557,0,3
2105,80,149.865728663893,QR,Travel,TR,10.0,0.3054898509246389,0.02785747900879041,0,3
7542,237,13.036884434249384,QR,Food,TR,11.0,0.19020005970256845,0.16813923157307026,0,3
9365,874,133.08820823800252,QR,Grocery,US,4.0,0.0791888320055993,0.15501751135726566,0,3
9557,538,72.96063073718999,ATM,Grocery,FR,18.0,0.1933658506927829,0.12272329339904946,0,3
1485,531,87.1082622893816,Online,Travel,TR,5.0,0.15816296324770224,0.06569401600566703,0,3
5692,312,189.79818672798552,Online,Food,TR,16.0,0.04124674107935551,0.05122570092165943,0,3
6699,747,4.771343125892098,ATM,Electronics,TR,1.0,0.18178953807038506,0.33932658655441217,0,3
4242,128,83.15829145643416,QR,Grocery,US,8.0,0.36639697745912586,0.4676838113690207,0,3
6413,564,137.39184300653943,ATM,Food,FR,16.0,0.05683308685481095,0.0346691853892767,0,3
9059,246,59.22277519918666,Online,Clothing,DE,18.0,0.24140945627413002,0.31071323754521235,0,3
7481,517,99.1212242636573,Online,Clothing,US,21.0,0.12358531122363343,0.27354919853382753,0,3
7386,18,93.54752241400246,POS,Clothing,DE,6.0,0.17780356632282496,0.2885418422407638,0,3
2543,131,67.35827930751793,QR,Grocery,UK,22.0,0.08142280705342317,0.1500206564551429,0,3
3713,533,23.402823621899433,Online,Grocery,TR,9.0,0.09011783970146037,0.16480486905599956,0,3
3503,534,214.3867760030086,ATM,Grocery,US,12.0,0.35450714825683965,0.1616534655862419,0,3
1750,81,113.07356932475271,Online,Electronics,US,20.0,0.22924602741178618,0.11672512079230979,0,3
7621,607,145.92770102448748,QR,Travel,FR,12.0,0.13843718245208686,0.16752238428971675,0,3
9338,874,33.80255707954198,POS,Food,FR,22.0,0.0957178271750601,0.13200229003769567,0,3
8049,824,44.756100550758525,Online,Clothing,TR,9.0,0.05905198859672145,0.3435376774110906,0,3
7136,230,34.694363689905224,POS,Travel,TR,21.0,0.09771403801453725,0.050950502370194745,0,3
6911,487,470.01562644884916,POS,Grocery,FR,21.0,0.1002010415662787,0.3204111758150751,0,3
7655,518,348.969106882871,POS,Grocery,FR,10.0,0.2834798787665169,0.08939893867205181,0,3
5899,699,129.26546918387905,POS,Travel,DE,14.0,0.05948340718351131,0.1460643427581653,0,3
9869,392,347.0363129852931,POS,Food,TR,10.0,0.27649189748161274,0.1041744431810614,0,3
7520,865,62.06204673749204,ATM,Grocery,US,18.0,0.10392949025320895,0.1565415585839835,0,3
5823,630,0.0,QR,Food,US,21.0,0.025634429796004103,0.07516355175407732,0,3
6764,966,265.77048505717346,POS,Travel,UK,18.0,0.299273048063716,0.8652552617009464,0,3
1196,92,6.351846639715807,ATM,Grocery,NG,15.0,0.46965893472451004,0.08368152210461943,0,3
999,259,123.43624294344602,Online,Travel,UK,8.0,0.23253566742338272,0.11802882562596549,0,3
2195,328,44.60391135512795,ATM,Travel,FR,6.0,0.10466661249185924,0.10598344915104117,0,3
1596,632,240.80356540553942,ATM,Travel,FR,18.0,0.24372035650285978,0.2116388611848844,0,3
4745,244,369.5937017235296,ATM,Grocery,TR,17.0,0.16688008523832695,0.22431783115766954,0,3
7883,372,417.9172772135995,ATM,Clothing,UK,15.0,0.1263900372459988,0.10191639656591597,0,3
3081,788,281.88897186864585,POS,Grocery,TR,11.0,0.16661391674556084,0.29272698030618255,0,3
4202,735,159.21222440739902,QR,Grocery,UK,3.0,0.084728781026218,0.05471389925866958,0,3
1630,445,403.54476471037685,Online,Food,FR,14.0,0.08508833477288044,0.33223574662456157,0,3
2298,122,119.88852265952292,Online,Grocery,FR,13.0,0.15182405923716072,0.34707120673411157,1,3
373,460,68.04095384692887,POS,Clothing,US,14.0,0.12298834793761099,0.28409694184276857,0,3
7354,496,9.104138976628011,Online,Grocery,US,21.0,0.07393083857504792,0.11934035610998164,0,3
5931,483,55.98769380804743,ATM,Travel,UK,5.0,0.11452957860076148,0.14740932167895518,0,3
1110,255,35.949662165301234,POS,Grocery,TR,17.0,0.1588278821555961,0.03854337679399815,0,3
9259,924,4.721249908042452,QR,Clothing,DE,18.0,0.34868564116217693,0.04306849717430655,0,3
2162,326,158.66071303099253,QR,Clothing,US,7.0,0.21433967633667095,0.18866980920125934,0,3
2546,712,111.11377097441635,ATM,Food,DE,22.0,0.35348787283494554,0.2634899014288332,0,3
1214,43,60.82055371504729,Online,Grocery,FR,18.0,0.04305869780303078,0.041960525017373324,0,3
4949,342,359.73708028788667,Online,Electronics,TR,22.0,0.35779617607628317,0.2729553339337402,0,3
3717,456,428.9725421771437,POS,Electronics,US,19.0,0.33650430702324174,0.25203656497738836,0,3
8318,37,289.4534351626724,ATM,Electronics,UK,20.0,0.0524160768401216,0.10899523754390111,0,3
5681,514,71.60498300106931,QR,Electronics,DE,8.0,0.16931858460553084,0.3265654170563094,0,3
3636,692,132.35930398290074,POS,Food,UK,7.0,0.19879506793452612,0.4029058733702998,0,3
6216,438,375.16148275945454,Online,Electronics,UK,23.0,0.45306321977977526,0.22055805276968643,0,3
8994,40,265.31578632755924,POS,Travel,FR,23.0,0.10268138333324016,0.23099004001767015,0,3
7916,280,717.0841118594092,ATM,Travel,US,15.0,0.3130840189653074,0.47999259010043194,0,3
5617,288,8.891765669046594,POS,Travel,DE,15.0,0.18784130246289216,0.0843193154357605,0,3
3305,9,564.0100007331105,ATM,Electronics,US,5.0,0.20670077174794527,0.41614670263691345,0,3
2078,78,420.1824008321545,ATM,Food,FR,13.0,0.6485333839833233,0.05358712800612374,0,3
3985,975,60.40080115539396,ATM,Travel,US,21.0,0.11232077220461285,0.28395308846103007,0,3
512,852,432.01480002743654,ATM,Electronics,UK,13.0,0.24612352460886833,0.7418089407816854,0,3
3643,679,141.40374668672737,QR,Electronics,UK,22.0,0.12409740147079484,0.10846757764098382,0,3
1738,392,272.35759290693414,ATM,Food,TR,21.0,0.03777876438182171,0.07011272017666938,0,3
281,732,8.087782092317639,QR,Clothing,US,14.0,0.3170533238238139,0.08319851917190293,0,3
9036,441,252.76100835812895,Online,Grocery,UK,2.0,0.39494267915520603,0.43281439008950157,0,3
4295,825,0.0,POS,Clothing,DE,22.0,0.06797018016650012,0.15493850987488827,0,3
4562,226,18.1936550166822,Online,Clothing,UK,14.0,0.10561993325426938,0.04967954742561818,0,3
1790,703,534.3512280730529,QR,Food,TR,5.0,0.06883010265688057,0.051333982970696024,0,3
1337,973,107.06244525320632,POS,Grocery,US,10.0,0.2275738599111506,0.5532053047988413,0,3
1213,427,182.58348534088452,Online,Grocery,NG,15.0,0.29735669211886256,0.14923441348397315,0,3
4213,137,328.7101801206702,QR,Travel,UK,13.0,0.42135463522853117,0.23400616097130703,0,3
5767,531,39.81719329575752,QR,Electronics,UK,11.0,0.31661222727209987,0.12860469464203758,0,3
5563,777,274.5262095466325,ATM,Electronics,TR,22.0,0.21787640754583612,0.15123415240392804,0,3
4552,938,26.314126723131594,Online,Grocery,UK,23.0,0.05238117299214638,0.07534652707242397,0,3
939,56,13.98958948429966,POS,Grocery,US,23.0,0.04672620050122778,0.23595286566556697,0,3
3353,883,135.45537671661447,Online,Electronics,DE,2.0,0.07757447693682551,0.03712501006338032,0,3
9372,439,171.96781567424816,QR,Clothing,FR,15.0,0.2107837438324865,0.15444303075883284,0,3
8602,350,8.586490557315301,Online,Electronics,US,18.0,0.20492596037380406,0.29463840844156247,0,3
5464,204,289.92798503161043,POS,Clothing,FR,22.0,0.09869795633130522,0.04873878981013158,0,3
1170,769,440.36543187364305,QR,Food,UK,20.0,0.4713427515735462,0.573161175960241,0,3
588,256,26.87713173179774,Online,Grocery,FR,13.0,0.06701373846574835,0.07341394218000226,0,3
4986,111,240.91298544047538,POS,Grocery,TR,4.0,0.5117103754908536,0.23793601921257443,0,3
2451,378,33.003401499411915,Online,Travel,UK,23.0,0.16000356191572984,0.05971841376928606,0,3
4650,633,285.6690958885486,POS,Grocery,TR,18.0,0.42244778366255287,0.448214374959674,0,3
1568,41,0.0,POS,Grocery,DE,6.0,0.31745627927120845,0.5933617066596354,0,3
6221,352,12.63435067320509,POS,Travel,TR,22.0,0.14692005374780878,0.5619325813967785,0,3
6064,609,29.011202129944106,QR,Grocery,US,22.0,0.16877375677551765,0.05514834258489267,0,3
7359,270,22.557192543009368,POS,Electronics,US,21.0,0.34721079407725547,0.0899539344267842,0,3
4396,629,132.56814993511227,POS,Electronics,UK,22.0,0.1356356860620766,0.13553608832580522,0,3
3398,412,310.7967681079432,ATM,Clothing,TR,13.0,0.33591902392901996,0.3211049059183075,0,3
1016,482,393.9589735280694,POS,Clothing,DE,2.0,0.2650332077349288,0.5684601348415094,0,3
1587,127,159.7541817402432,QR,Clothing,TR,8.0,0.09699912138667383,0.06379683499253264,0,3
4464,735,3.7395400103596788,POS,Travel,DE,14.0,0.23441680547659957,0.08977066157427835,0,3
8229,54,26.4858382136541,POS,Travel,US,16.0,0.6436896199504499,0.39163190210860965,0,3
9559,576,301.5032965264392,ATM,Grocery,FR,12.0,0.30218543266707915,0.21128352307739573,0,3
2945,703,88.19823432701476,ATM,Electronics,TR,14.0,0.05736765973612838,0.10349570349664033,0,3
4803,555,33.25509107246597,POS,Food,TR,15.0,0.26407467968377185,0.08799927133213978,0,3
3424,433,34.908935529086065,QR,Food,US,22.0,0.029853455071322102,0.028777138201556994,0,3
9043,559,58.43655257714079,POS,Grocery,FR,22.0,0.04031529290924142,0.17793625189487874,0,3
9958,512,687.7228587716102,ATM,Clothing,US,18.0,0.08047918824468286,0.10487925367333673,0,3
3444,179,49.48674454418458,POS,Food,FR,18.0,0.09969096199288052,0.08891033684115673,0,3
5271,215,0.299393020301828,ATM,Electronics,UK,22.0,0.049769182439003544,0.07269566931944353,0,3
5491,293,9.141996869735756,QR,Food,TR,19.0,0.22043642534382912,0.613361581131929,0,3
5430,95,405.41417064723385,QR,Grocery,FR,5.0,0.15822821097097986,0.3708538450328918,0,3
9550,345,212.47834823733987,QR,Clothing,US,16.0,0.6043805960386069,0.20931030166863585,0,3
5791,999,9.384156210283354,POS,Clothing,US,11.0,0.17072392180456286,0.13844175035219833,0,3
8485,861,203.77621369712813,POS,Electronics,FR,19.0,0.05767810430926163,0.14038196540614797,0,3
7924,736,31.975019512334917,Online,Electronics,FR,11.0,0.06682005274968804,0.18311629938004687,0,3
672,858,501.7062212545351,Online,Electronics,DE,11.0,0.6821516162245264,0.36852186206479887,0,3
8656,501,357.1565996645255,ATM,Clothing,UK,10.0,0.029985634470740583,0.2917138887695984,0,3
2168,776,235.91983459206222,POS,Travel,DE,10.0,0.37677455855177416,0.4456409857530777,0,3
4077,87,68.04208276580192,POS,Food,TR,11.0,0.15060542724333878,0.19075236507778157,0,3
1645,321,67.02070146451449,Online,Travel,US,21.0,0.21093695406440438,0.11140472163629082,0,3
3774,614,680.8227424471509,Online,Clothing,TR,16.0,0.1005795829468655,0.29001463392802157,0,3
7725,555,136.73717456658105,QR,Food,UK,13.0,0.22666653446702476,0.14845149636233032,0,3
4796,508,7.813537589195793,POS,Clothing,TR,22.0,0.20467293592765431,0.025523554144953504,0,3
5554,267,11.009704418076167,QR,Clothing,FR,19.0,0.02890242182988073,0.23751451290019884,0,3
750,698,772.6950546220385,Online,Food,FR,22.0,0.3503993920306102,0.42580688848532267,0,3
771,601,26.28038464022155,POS,Grocery,UK,13.0,0.028280833536602643,0.07684655504701292,0,3
9325,689,37.31605970187992,QR,Electronics,DE,8.0,0.14525125814919168,0.4716193551091219,0,3
5011,990,26.476930636992503,QR,Clothing,NG,9.0,0.12869521545361642,0.5409711328088924,0,3
4012,607,212.32655589206246,ATM,Grocery,DE,16.0,0.37906866626241065,0.1577983235805746,0,3
1926,842,395.2533801168556,POS,Food,US,23.0,0.44982028246592815,0.5517339724830487,0,3
8907,686,367.90965439236726,QR,Grocery,US,13.0,0.09394739525401652,0.2227996796937324,0,3
6561,355,345.94470618721044,ATM,Electronics,UK,20.0,0.06924693604964313,0.39512154602839616,0,3
5638,194,22.57186009289756,ATM,Clothing,DE,17.0,0.515447922053743,0.3872553262094432,0,3
4696,721,335.61739322994504,POS,Electronics,UK,4.0,0.4063271747157009,0.3765591194658108,0,3
9753,531,199.53137871592196,POS,Electronics,DE,2.0,0.19215665790582234,0.2624282448792275,0,3
4387,142,22.026904853869354,QR,Electronics,FR,23.0,0.13642455546177668,0.08828897647155723,0,3
2941,444,73.56449862283311,Online,Travel,TR,16.0,0.11980642016482745,0.23493772860794251,0,3
3760,610,226.4298827695335,POS,Travel,UK,13.0,0.31097030215398347,0.06429914874544351,0,3
5973,388,359.27216460148685,ATM,Clothing,DE,15.0,0.6081087009559595,0.23589592315490807,0,3
9996,555,22.358041436863648,POS,Food,TR,20.0,0.09590623056766241,0.1415562426909629,0,3
3129,386,181.0394031911361,POS,Clothing,UK,11.0,0.05210135432832359,0.3504383629838534,0,3
2528,212,71.54017833629318,ATM,Electronics,US,8.0,0.2333436142492452,0.09431030097710838,0,3
9666,204,33.3025215219179,POS,Travel,TR,23.0,0.07209545094976663,0.1376100017314183,0,3
8571,821,51.34984211989305,ATM,Travel,FR,18.0,0.09591121413895089,0.1405800884224826,0,3
6797,916,46.26933218167134,ATM,Travel,TR,13.0,0.1923619379362273,0.09682959587519348,0,3
1005,236,168.08737109275083,QR,Food,TR,12.0,0.608057857811128,0.38309643040990055,0,3
5350,799,209.3493650323224,QR,Grocery,FR,21.0,0.14265265201420563,0.27549047364427776,0,3
6104,55,7.035609431743447,QR,Food,FR,10.0,0.0477504752687773,0.033088206431479306,0,3
9284,336,70.76434964023495,QR,Electronics,UK,23.0,0.056812167473977444,0.05757725868644048,0,3
5425,933,0.0,QR,Travel,FR,16.0,0.28489130594909645,0.34424578473138395,0,3
1922,152,152.33645050257346,Online,Grocery,US,14.0,0.2964862110302408,0.1538808629163157,0,3
1198,739,67.31488096557247,POS,Travel,FR,10.0,0.5271445909048589,0.3683172638422359,0,3
1277,945,27.623118864318165,POS,Grocery,FR,16.0,0.23948415884863386,0.07237393744264976,0,3
6556,848,161.7083755378366,QR,Travel,TR,18.0,0.24332397524797442,0.35540637687385757,1,3
2604,753,180.2598933319625,QR,Electronics,UK,20.0,0.2140213248267086,0.35155777177617914,0,3
7018,314,48.18335537737213,ATM,Clothing,US,10.0,0.0975539985759531,0.13300941822756418,0,3
1195,96,236.28835415397918,QR,Food,FR,16.0,0.2935808126224695,0.34093986756660316,0,3
64,34,115.56750213352906,QR,Clothing,TR,18.0,0.07586073667959657,0.28459419470858766,0,3
2060,370,365.86361173875434,Online,Food,UK,22.0,0.8340164385150398,0.3147388646388213,0,3
7604,389,37.259075844619076,QR,Food,UK,22.0,0.06861478660102606,0.039963655605211715,0,3
7527,57,34.367729468666596,POS,Grocery,TR,22.0,0.09862564384592251,0.16809988928211808,0,3
8462,397,762.3739847599004,ATM,Clothing,FR,22.0,0.11006660855873175,0.6538517603874212,1,3
505,209,93.46783330506449,QR,Travel,UK,21.0,0.13410018938106336,0.1708519884177325,0,3
4758,847,287.5557424263126,ATM,Grocery,UK,15.0,0.20060179884823437,0.10669952114378285,0,3
1799,514,82.26309456931567,POS,Clothing,DE,6.0,0.30666331065586905,0.25654283432499153,0,3
3498,283,149.8265327412053,QR,Food,UK,8.0,0.7724991363870972,0.5664960186883781,1,3
5862,803,136.26278551042193,Online,Travel,US,22.0,0.42928259550631226,0.1357239320656012,0,3
7999,61,334.2923063368166,QR,Food,US,12.0,0.18827663360556915,0.40207001995378716,0,3
4049,680,27.896915250921253,ATM,Electronics,UK,11.0,0.04394999604745785,0.10175225070071958,0,3
5896,334,462.55463530542914,Online,Food,UK,21.0,0.18192064074053002,0.14962123023983587,0,3
5507,207,50.7614866215669,QR,Electronics,UK,12.0,0.5883829731646133,0.2601131940875524,0,3
9854,860,108.64262810605088,Online,Travel,FR,15.0,0.048144742868836174,0.28438010519392576,0,3
6807,749,335.78970169067827,ATM,Food,DE,20.0,0.06187900212764476,0.09208535361958492,0,3
6290,207,43.44231901806724,Online,Travel,FR,15.0,0.25523045593752325,0.3996047777623752,0,3
4831,599,95.71638977668931,ATM,Electronics,US,22.0,0.3160132832787651,0.17532348346967588,0,3
8499,693,50.434000877288106,POS,Clothing,DE,16.0,0.06259233615093962,0.46565596245304997,0,3
441,268,75.67368165908292,Online,Grocery,FR,15.0,0.050242084222800465,0.16428195999605907,0,3
7604,176,298.5026456423743,QR,Clothing,FR,21.0,0.08803982233706911,0.07899377063978907,0,3
3591,495,44.495496040558336,Online,Electronics,US,23.0,0.14796827427542236,0.20872534638052836,0,3
5366,385,92.57703738403188,POS,Grocery,TR,16.0,0.034919765838499976,0.05935868609014315,0,3
9409,699,28.78692557271871,ATM,Grocery,DE,12.0,0.024600960013446638,0.048102558902501424,0,3
9789,707,79.4009731763962,QR,Clothing,FR,9.0,0.05191713703246855,0.29935350031992874,0,3
4799,293,126.31460241326023,POS,Clothing,DE,17.0,0.03692908967613065,0.06607244014887037,0,3
6367,435,88.5105631793101,Online,Electronics,TR,21.0,0.12497335210559073,0.06262413744776467,0,3
1481,438,64.96486158896774,ATM,Travel,DE,21.0,0.10590939429306118,0.05121969396360865,0,3
3658,196,36.68417298840212,ATM,Food,FR,19.0,0.19004231743363148,0.11967899763681486,0,3
2330,614,7.0674717591971,Online,Food,FR,20.0,0.10966429309112587,0.11626243014962029,0,3
6951,539,423.2987549062479,Online,Grocery,DE,13.0,0.22074016524368537,0.2538247231545029,0,3
2940,899,319.4797590522035,ATM,Clothing,US,17.0,0.22151806372096933,0.11163051506534803,0,3
8164,652,14.109278646020037,POS,Food,DE,10.0,0.1162737699716638,0.05099216783427707,0,3
1198,183,574.5318260072606,ATM,Electronics,DE,4.0,0.18778149696857296,0.3898689806298806,0,3
5011,666,208.1392083643843,Online,Food,US,17.0,0.06953017067517593,0.10281235856749127,0,3
1880,162,145.34462188188118,QR,Electronics,FR,18.0,0.3673665586706832,0.3053282550627749,0,3
4975,998,38.712813269613264,POS,Travel,TR,5.0,0.2891348870225516,0.2297815350632225,0,3
7738,94,23.68061084663272,ATM,Food,TR,19.0,0.34320029461163715,0.11054683131718401,0,3
5239,441,192.3297819104983,Online,Food,DE,22.0,0.44236532605503903,0.45603202456086694,0,3
4246,834,0.0,QR,Grocery,UK,23.0,0.0701670490762868,0.08767257864613277,0,3
3561,633,91.66343869939838,POS,Food,DE,10.0,0.20038910373145852,0.4041094853764306,0,3
7772,966,193.85946398811006,ATM,Food,DE,14.0,0.16919291695548622,0.3607786876822291,0,3
7036,727,389.9403470565041,QR,Grocery,US,20.0,0.17654712296462274,0.39237859172568457,0,3
6747,357,111.77366542475674,ATM,Electronics,DE,18.0,0.15420877687684073,0.33419195918749284,1,3
1963,762,149.271090592168,QR,Electronics,FR,6.0,0.07868107520002825,0.10411866223077385,0,3
5524,30,22.825854536378873,Online,Grocery,DE,22.0,0.3981309490667618,0.11157265477209019,0,3
8978,194,255.59625290868215,POS,Clothing,US,6.0,0.20960674298100845,0.1481861506351055,0,3
8251,62,32.397739732449594,ATM,Food,FR,17.0,0.08542635316621723,0.114829792411735,0,3
2073,175,44.4942312672552,Online,Clothing,TR,14.0,0.08252765699142234,0.12047606962083257,0,3
3165,540,329.19475030539047,ATM,Electronics,DE,15.0,0.062384049786057834,0.1508917893226875,0,3
1387,562,0.02942896274701967,Online,Electronics,TR,13.0,0.03903054327512426,0.05189789294975221,0,3
6217,0,42.0825107950293,Online,Electronics,UK,4.0,0.10254348003024977,0.27194866662402845,0,3
2487,132,152.0325838216021,ATM,Grocery,FR,21.0,0.025046969088949222,0.0365524524649887,0,3
8523,802,578.5466120733861,Online,Clothing,FR,18.0,0.12797717458371702,0.21360507641931356,0,3
780,614,516.1821841868505,ATM,Travel,US,7.0,0.19371226791847873,0.1509669755800792,0,3
8122,308,146.3099301887593,ATM,Clothing,US,22.0,0.04651915503272604,0.03453918756886355,0,3
3370,324,89.50416714365238,QR,Food,FR,23.0,0.31428358007020274,0.0927429829968429,0,3
449,900,18.456581379116425,ATM,Travel,US,23.0,0.15210074664445522,0.12344670596569292,0,3
9977,688,338.93759152532215,QR,Grocery,DE,21.0,0.2207244296509704,0.12763791532406835,0,3
2140,295,122.62868405349258,QR,Travel,UK,23.0,0.21146947164553495,0.13034563237098507,0,3
2073,155,399.50056050914645,POS,Electronics,US,14.0,0.2860425017323819,0.14845322568336766,0,3
7107,547,32.46011256110783,ATM,Travel,UK,7.0,0.0442659686355934,0.06897178392341669,0,3
2636,939,79.25857474548792,ATM,Electronics,DE,2.0,0.0398101201098584,0.030212286514908357,0,3
1314,502,62.135618117452125,ATM,Grocery,UK,19.0,0.5079189700625899,0.20386136041802294,0,3
704,463,68.14540132006303,Online,Clothing,UK,19.0,0.1121084993789293,0.5011933697389939,0,3
8796,503,119.94931746107595,Online,Clothing,DE,22.0,0.3922579078533309,0.2309852988090272,0,3
4126,518,6.115087103018744,ATM,Travel,DE,9.0,0.13438559520870727,0.1114919364820014,0,3
7471,313,133.4264120281109,POS,Grocery,DE,21.0,0.1472841509249645,0.3120718567864892,0,3
4153,803,20.238131636528117,Online,Electronics,TR,7.0,0.04230626647746319,0.3047989242093963,1,3
5245,360,36.37039314531432,QR,Travel,US,19.0,0.09850858857660923,0.035977369123129266,0,3
9272,757,421.5477158757676,Online,Clothing,US,7.0,0.37849146342361545,0.19816263680200633,1,3
9650,536,0.0,Online,Grocery,US,23.0,0.33139526981452894,0.07782431287847807,0,3
8019,172,268.37007919170577,QR,Travel,FR,13.0,0.5544660662881612,0.049805818288971876,1,3
1834,742,30.01580739277663,QR,Grocery,FR,15.0,0.6339609429378751,0.42896906744630947,0,3
2396,893,36.29836351729106,POS,Electronics,FR,21.0,0.14091455310235768,0.08446039664316049,0,3
5310,711,87.57139518512284,POS,Travel,FR,21.0,0.08696822743293493,0.33644346282791576,0,3
3002,546,2.6017300705644253,POS,Food,FR,14.0,0.06153818897840554,0.26634085546144265,0,3
7843,926,71.29637032730382,Online,Electronics,UK,19.0,0.09226106530099362,0.10249975278907109,0,3
8567,383,14.144456308380398,QR,Electronics,FR,19.0,0.09196822135757723,0.046257503614048706,0,3
5079,903,22.052255895967825,Online,Grocery,US,14.0,0.0882645989607106,0.13199949899104338,0,3
8981,554,109.08344674977761,QR,Travel,US,23.0,0.05254997895341973,0.1688867313349333,0,3
3459,353,313.51476838072506,ATM,Grocery,TR,15.0,0.09071948305270183,0.04578770352817544,0,3
6500,970,84.83439521603583,Online,Grocery,US,23.0,0.26278587441899726,0.08232447225755443,0,3
3594,138,194.73247956431803,POS,Food,TR,5.0,0.056569630719689006,0.12923766722912539,0,3
5436,430,27.016883625884564,ATM,Clothing,US,15.0,0.1110292218697615,0.13574867044575362,0,3
2614,367,59.71241245385888,Online,Grocery,TR,10.0,0.14831485243932793,0.1501327057775656,0,3
7151,956,107.8505240354227,POS,Travel,DE,21.0,0.1779581230230517,0.11037223687329567,1,3
133,914,54.55831218552829,ATM,Food,FR,13.0,0.29159489097889696,0.4552014393679748,0,3
6176,758,84.98955079959816,ATM,Electronics,FR,13.0,0.10690170064910401,0.04114734265855345,0,3
4670,993,196.65203708212212,ATM,Travel,UK,9.0,0.11422128854137058,0.08767873590396613,0,3
5547,625,16.649818796254795,POS,Grocery,UK,7.0,0.13077010422040355,0.06158836444579066,0,3
4245,586,1013.0988692546049,Online,Electronics,UK,9.0,0.3007381876221354,0.8593546615481716,1,3
1979,499,0.2264268200196451,Online,Grocery,TR,19.0,0.07897344016950927,0.2790470340894458,0,3
5948,739,1480.7979904300119,QR,Electronics,DE,19.0,0.35835410265581097,0.8425123304580092,0,3
1478,516,0.0,ATM,Grocery,UK,13.0,0.08888255194297714,0.08020998488534206,0,3
7081,88,304.23135930311764,ATM,Food,US,20.0,0.27329096087176324,0.21091282935067607,0,3
3142,953,1346.4225211961682,POS,Electronics,US,19.0,0.4714480940388587,0.4975570309504396,0,3
4083,198,111.47030412133127,Online,Electronics,UK,16.0,0.20493985111861368,0.1749643045162185,0,3
7552,140,608.4897236083236,QR,Electronics,FR,6.0,0.15948814957862412,0.08181861971350433,0,3
8582,286,297.1664297978064,QR,Travel,TR,12.0,0.22056738477372995,0.34527282709021917,0,3
4074,508,22.90831799152623,Online,Clothing,UK,16.0,0.1913036700128674,0.0959113883901736,0,3
6036,857,4.930163113809649,Online,Travel,UK,10.0,0.31517248675980614,0.3161308914711661,1,3
7527,98,172.85854506430945,Online,Food,DE,18.0,0.32850984648438586,0.09194595511071028,0,3
6898,417,301.7742902027698,QR,Travel,FR,17.0,0.13318524772683202,0.12742997931321615,0,3
8690,117,320.7706734696195,QR,Food,FR,21.0,0.21664619459958495,0.2115476155167464,0,3
8829,172,166.73299451428863,ATM,Clothing,DE,16.0,0.14449421295525094,0.3550395451715655,0,3
2122,255,415.2463587040517,Online,Food,TR,17.0,0.38561587996801217,0.4453877725864078,0,3
9672,302,153.54598396357346,QR,Travel,DE,20.0,0.1048667884941949,0.12377959634277798,0,3
1692,519,11.351721403153658,Online,Grocery,UK,17.0,0.27081762564225714,0.10373785953510425,0,3
9907,902,99.54728583670808,Online,Food,DE,19.0,0.5294073784758344,0.16158009164349835,0,3
3415,570,12.026680495607932,Online,Clothing,FR,10.0,0.08390031796563116,0.15208381919798153,0,3
1833,355,220.35742720393395,QR,Clothing,TR,22.0,0.1542930160065658,0.034334463351254174,0,3
3155,715,168.44064368881376,POS,Food,FR,0.0,0.10552470084470458,0.03875820258352124,0,3
3018,334,63.0039858038166,POS,Clothing,DE,7.0,0.2203261030211093,0.3232872697236996,0,3
1274,568,38.91893380937654,QR,Travel,TR,16.0,0.1338668085694736,0.17950745622845554,0,3
3551,110,762.1709546960195,QR,Electronics,TR,17.0,0.3096607791623486,0.10429024940400235,0,3
6681,187,304.76051953345734,Online,Electronics,DE,11.0,0.25126836228447874,0.5943620785739323,0,3
4638,705,45.141142012798966,POS,Grocery,FR,22.0,0.07117587613929725,0.12616929949723363,0,3
2042,180,198.70149684044742,Online,Food,UK,14.0,0.15898572151677565,0.03385139409655882,0,3
967,445,11.201141640153569,ATM,Grocery,TR,20.0,0.18286061916208202,0.04619866387343381,0,3
5344,610,46.36875497639382,Online,Food,TR,22.0,0.199186150948136,0.2104928954926977,0,3
7870,359,0.0,Online,Grocery,TR,4.0,0.08833743352786129,0.12125988274685111,1,3
1405,663,141.7272803622728,QR,Grocery,TR,22.0,0.7315792664147888,0.36903065802131674,0,3
4665,874,32.372753294004056,ATM,Grocery,FR,10.0,0.052489132222854604,0.05016413541114222,0,3
5658,158,762.790670188453,POS,Clothing,TR,11.0,0.11196529875201583,0.22599447186865457,0,3
9227,915,11.821566423022606,QR,Travel,NG,9.0,0.2092783781978983,0.30738035859552026,0,3
7438,765,466.45264621773487,POS,Electronics,UK,9.0,0.14052479472566282,0.10773472408503242,0,3
5099,238,65.1591617135555,POS,Electronics,DE,11.0,0.09431633482927368,0.17096840308682695,0,3
1258,314,216.2615256807661,POS,Electronics,FR,11.0,0.31245045654542203,0.19857572757711273,0,3
7465,119,7.989809941507327,POS,Electronics,DE,17.0,0.3378138544286454,0.24184216789993332,0,3
8050,140,969.6669498745915,QR,Grocery,FR,16.0,0.3210058979916481,0.5503823979603264,0,3
1757,922,111.79935630165198,QR,Food,TR,17.0,0.18826382379320677,0.3816903582300097,0,3
256,154,459.3989543567016,QR,Food,DE,22.0,0.1379351205035358,0.3309903072038165,0,3
1982,400,140.72326341784165,QR,Clothing,DE,13.0,0.08184273304815878,0.07317495415573252,0,3
5172,844,13.407950157983976,QR,Travel,FR,3.0,0.09840824143155465,0.04259145311596366,0,3
863,958,20.485907469024063,QR,Food,US,11.0,0.1961510040136873,0.06513299232407897,0,3
9436,456,6.088512376739718,QR,Grocery,FR,6.0,0.18083773491763766,0.40060358875974544,0,3
1282,654,138.14762545944245,Online,Travel,DE,9.0,0.12022449242267282,0.032182086080144716,0,3
6498,443,163.5733075079866,ATM,Food,DE,7.0,0.5845238531258484,0.1913434772072497,0,3
4616,171,72.4895370746839,QR,Food,UK,8.0,0.5829722687337595,0.051810229695234314,0,3
7515,928,227.0547909717217,Online,Travel,FR,19.0,0.07651792013280717,0.337813810536759,0,3
8612,470,147.91244068640594,QR,Electronics,DE,10.0,0.099759822605149,0.10814068731263504,0,3
6405,826,360.2639145589707,Online,Travel,UK,8.0,0.27150461457443154,0.14163072422859807,0,3
4931,914,127.3848454770232,QR,Clothing,US,4.0,0.13408733999791772,0.1156757081776145,0,3
5930,771,235.14405206563353,POS,Electronics,UK,22.0,0.25862675000856306,0.289871364070911,0,3
5277,321,61.19219713437241,QR,Grocery,FR,10.0,0.08483288358981875,0.03854559249321292,0,3
5905,700,6.813679929845792,Online,Food,US,21.0,0.6189516478002741,0.101725035692975,0,3
9103,532,51.789887499487186,QR,Food,UK,12.0,0.039514868694836135,0.12270155437004293,0,3
5524,540,202.63826734287878,POS,Travel,TR,22.0,0.07985409187483791,0.11362265560434191,0,3
7233,945,266.8424900650878,QR,Travel,US,17.0,0.24122662801602582,0.2557483400577142,0,3
2951,177,35.7081484360588,QR,Food,DE,23.0,0.13740971799604929,0.31881677650016454,0,3
696,647,6.884035281020215,Online,Clothing,US,22.0,0.07695796402774775,0.13478902918271468,0,3
1676,274,8.173169280280426,Online,Travel,DE,15.0,0.2895759669004458,0.46897115339163625,0,3
3302,601,173.45283241162218,Online,Electronics,TR,17.0,0.1322218448306357,0.31751583393047994,1,3
1839,672,120.67927097914206,POS,Food,FR,22.0,0.15353810899121506,0.21266035261954205,0,3
4524,218,565.4011663213344,ATM,Grocery,TR,19.0,0.1608272384265411,0.12271701841486124,0,3
3502,380,94.74548286738752,QR,Clothing,US,21.0,0.04471091161118369,0.26876209069234386,0,3
8816,11,566.7494717093518,Online,Clothing,TR,17.0,0.5274984819787136,0.36868066659359994,0,3
8406,502,154.66989598562887,QR,Electronics,US,15.0,0.3559017479435514,0.1502551402083767,0,3
9108,815,43.64647490020309,ATM,Grocery,UK,21.0,0.17612385772375252,0.24947119502080184,0,3
2121,567,261.3013605286837,POS,Clothing,UK,20.0,0.0550170685936478,0.060660623247725545,0,3
6890,63,0.0,QR,Clothing,US,21.0,0.1062394507279466,0.1541726945717891,0,3
2592,165,10.783483544743756,QR,Electronics,FR,21.0,0.09956209928273846,0.12089592979303446,0,3
8296,839,507.14562229616496,QR,Grocery,FR,23.0,0.46046678002038793,0.1265740705690344,0,3
5442,618,36.987349617565464,POS,Food,FR,6.0,0.3133137845591076,0.16118941284637286,1,3
7581,43,95.09002199005792,POS,Clothing,TR,14.0,0.278361749817085,0.07223779320391535,0,3
5625,509,805.873345403256,QR,Travel,FR,21.0,0.11933816949500042,0.2461265325498197,0,3
22,603,19.181956595779482,POS,Electronics,US,16.0,0.07271395375968444,0.27085766297858477,0,3
2885,651,214.6750153855009,QR,Clothing,UK,14.0,0.09655208887031129,0.1224207024780925,0,3
6906,522,71.86472949442096,Online,Grocery,DE,22.0,0.2318202714172181,0.5341975184164748,0,3
5667,832,12.630331788867577,Online,Travel,FR,10.0,0.3925339547727631,0.21091953487284995,0,3
7129,322,8.783140747164241,ATM,Food,US,12.0,0.03406567367148247,0.03995759089863908,0,3
6421,415,88.98806401125167,ATM,Electronics,UK,23.0,0.2559401088418006,0.14895633547457407,0,3
2617,15,92.28194324264952,POS,Electronics,UK,18.0,0.21058929757791664,0.2883429177562065,0,3
5652,549,33.51599380922708,ATM,Electronics,UK,12.0,0.08932689662450947,0.16007482652751706,0,3
2731,819,88.21076571637046,QR,Electronics,TR,20.0,0.050689903174967126,0.03571271059351386,0,3
6187,111,252.4397081305783,POS,Grocery,DE,14.0,0.2103001899096974,0.13414670472526558,1,3
1816,357,437.64487517559155,POS,Clothing,US,19.0,0.28086855259549165,1.0,0,3
8550,622,43.6520594098733,QR,Electronics,UK,15.0,0.052109256136874525,0.20562245188989953,0,3
4308,782,156.966486475009,QR,Grocery,TR,17.0,0.24814369769305397,0.08237737111092383,0,3
8708,619,405.877755079664,QR,Food,FR,22.0,0.04779462594519671,0.025038441597448485,0,3
8197,961,179.20781160823253,POS,Grocery,TR,22.0,0.2840473805413395,0.5620287367043262,0,3
1240,549,136.2129582500343,QR,Grocery,DE,21.0,0.8847239095532647,0.25562775183251313,1,3
1397,699,66.18728991365948,QR,Food,UK,5.0,0.07322181992583025,0.4581599767426465,0,3
3763,285,129.24057986701385,Online,Clothing,FR,11.0,0.2003127839202904,0.3716968907314545,1,3
6456,476,67.84273980495261,POS,Food,DE,14.0,0.14113632729570288,0.22168459665904933,0,3
1352,603,134.63009671979935,QR,Grocery,US,16.0,0.05406341585181784,0.12455322070854993,0,3
1031,601,75.07494489766722,POS,Travel,US,17.0,0.13075034636747704,0.1375122035631704,0,3
9629,717,1.937362190027157,Online,Grocery,DE,23.0,0.12601607902102027,0.1863914824984687,0,3
3950,13,128.19720124244614,POS,Electronics,UK,22.0,0.11839737040945336,0.17982800849959926,0,3
3049,939,822.0651183436042,POS,Electronics,FR,13.0,0.5413467827076271,0.47653122109596463,0,3
7408,668,392.9123825893064,Online,Food,DE,21.0,0.5019087448582068,0.2652238867160268,0,3
6177,869,308.1529086368243,Online,Food,TR,11.0,0.1634848576175692,0.0841523568054635,0,3
4845,183,134.68249751841142,ATM,Grocery,US,10.0,0.1677858395394217,0.18763614749574006,0,3
1286,984,311.2042716725902,POS,Food,US,5.0,0.11367520006133344,0.3496672315206981,0,3
8388,937,3.1345476866697526,QR,Grocery,US,10.0,0.05574118238402016,0.044589140845780216,0,3
4955,662,628.068169566793,ATM,Food,FR,5.0,0.2029918995587811,0.32625785358877174,0,3
3795,156,1.4896404613523524,POS,Travel,US,4.0,0.15936257250185587,0.05853379189441334,0,3
7439,899,282.495198662811,ATM,Travel,UK,6.0,0.11571287358358719,0.11746012622575537,0,3
8438,223,145.8869174234134,Online,Clothing,TR,17.0,0.16856691423628928,0.11187597889916362,0,3
8516,522,26.292851428718198,POS,Electronics,DE,20.0,0.3714425864659525,0.0812376007715767,0,3
9297,411,618.1492357177667,ATM,Grocery,UK,9.0,0.0740993002989207,0.6056146573369161,0,3
4272,72,879.3228652424693,Online,Travel,US,19.0,0.2055609913743349,0.1715590670093886,1,3
5563,924,19.867458320865317,QR,Clothing,DE,16.0,0.19061129639559632,0.284681529780637,0,3
4981,658,82.5260143254395,Online,Clothing,TR,21.0,0.20281788144942253,0.12584197290755797,0,3
4203,294,40.088798885704534,ATM,Clothing,DE,14.0,0.4677953247508554,0.40523242784623653,0,3
1115,363,95.97538992892912,QR,Clothing,NG,23.0,0.2003571459313619,0.24495842721887834,0,3
6799,461,274.7611385259119,QR,Food,FR,11.0,0.1811345375292732,0.33563603002321823,0,3
7784,937,1.0383203274231787,ATM,Food,DE,17.0,0.05975424428324748,0.26189189045027456,0,3
646,651,42.20363246165738,Online,Electronics,UK,14.0,0.6336538861340626,0.31237383503648736,0,3
7482,923,37.94100525219961,Online,Travel,UK,20.0,0.3595540704363936,0.2577504909664337,0,3
2084,893,10.252182916332757,QR,Electronics,FR,23.0,0.0372637789103365,0.03891132024541365,0,3
5676,943,134.76695133318802,QR,Clothing,FR,19.0,0.2988396104969293,0.3913229427231753,0,3
92,826,11.94746897667994,POS,Grocery,DE,9.0,0.0348130512940173,0.03348046466757158,0,3
2241,129,0.0,POS,Clothing,FR,8.0,0.05701121704426185,0.09079976572954226,0,3
9066,365,6.70466506976123,POS,Electronics,US,8.0,0.14918787677919038,0.08664497129911157,0,3
8040,302,212.0122525339186,POS,Travel,DE,4.0,0.2297791278939801,0.29692169991400025,1,3
5609,56,304.49710863537126,ATM,Grocery,TR,20.0,0.17883960709866123,0.16244962773156824,0,3
1564,804,185.15130993627045,ATM,Food,US,2.0,0.7323586345313479,0.5905110816369727,0,3
1968,365,19.009331597951576,ATM,Grocery,DE,6.0,0.14396056123332004,0.09667191216438997,0,3
2052,474,0.8094503000803259,POS,Electronics,DE,1.0,0.275055271338397,0.06420552490765855,0,3
504,543,619.6459621153407,POS,Food,TR,4.0,0.26734356585812413,0.24557463642944888,0,3
6687,621,39.81431944958214,POS,Grocery,US,4.0,0.42644918837482043,0.17714216332462157,0,3
8904,819,80.84453102713213,POS,Food,UK,19.0,0.09828195637806136,0.17822577049048294,0,3
4512,179,14.423864837588681,POS,Clothing,FR,6.0,0.11009986869754193,0.0535942464105998,0,3
1500,119,89.50043720163876,ATM,Travel,DE,18.0,0.07446719422388204,0.27938432309702554,0,3
2198,5,71.88514860206719,ATM,Travel,DE,21.0,0.15601388856087267,0.08775777967625278,0,3
3719,991,65.774248617091,QR,Grocery,UK,9.0,0.1545908922423369,0.2488978469992379,0,3
2487,949,573.7545574762198,ATM,Grocery,FR,19.0,0.38241762433642756,0.4445825253051451,0,3
2246,588,270.91448843051796,Online,Electronics,UK,8.0,0.2837944948457021,0.24807047995478504,0,3
2200,413,192.68548719623493,Online,Travel,FR,5.0,0.1687087007714584,0.3105230641661221,0,3
5903,887,292.3602144157056,QR,Clothing,UK,18.0,0.24758963960109287,0.22269524611960068,0,3
1776,87,157.8239952853737,QR,Clothing,US,23.0,0.3792683638994566,0.1608961573342035,0,3
9233,140,63.56474100997512,Online,Food,UK,18.0,0.027302404081613177,0.5695409029664178,0,3
9539,330,24.483806069264624,ATM,Food,US,19.0,0.06416002435784314,0.10422303830793977,0,3
1975,43,132.13592044178162,POS,Electronics,DE,13.0,0.35877399581456554,0.4173957113010631,0,3
4819,400,11.70836024007508,POS,Electronics,US,7.0,0.42046231768387443,0.13891673356612372,0,3
2174,795,56.231009309059445,POS,Clothing,TR,22.0,0.06158783665304933,0.1430771925482921,0,3
402,49,34.33008639055083,Online,Food,US,14.0,0.14626280778757925,0.09645427032784339,0,3
9003,539,350.5424612103132,Online,Travel,FR,17.0,0.21511485083418488,0.17506430045314536,0,3
286,985,153.52337791523368,Online,Travel,TR,13.0,0.5513394076589305,0.08734454245321786,0,3
1986,338,57.57964557555999,ATM,Grocery,DE,22.0,0.2421799122428013,0.06304046040397812,0,3
9689,928,35.070969409986176,Online,Electronics,UK,8.0,0.0852950387529326,0.23711356162546432,0,3
3694,543,50.730096165348705,QR,Travel,US,4.0,0.10697977079700806,0.3087935601164891,0,3
9533,109,39.31295561980356,POS,Food,DE,17.0,0.22598690963227966,0.1229083304753287,0,3
5778,210,112.39552089130761,POS,Grocery,DE,9.0,0.17604376838134786,0.1422721997609393,0,3
3855,336,259.2063380952748,ATM,Clothing,TR,11.0,0.2505270545197139,0.4967789261527891,0,3
3439,558,807.3568018229715,POS,Electronics,DE,12.0,0.2445668086992257,0.1858638769843142,0,3
2002,911,20.45464675454725,POS,Clothing,TR,9.0,0.0393982844187965,0.03067016510899731,0,3
4575,376,38.617074367732926,POS,Grocery,TR,13.0,0.06801596567212048,0.05411725440357415,0,3
141,131,0.044564790329507886,QR,Clothing,US,16.0,0.03356181914340478,0.08080494473946499,0,3
4807,62,63.32945831658144,Online,Clothing,TR,11.0,0.4006539430072877,0.453358940694003,0,3
8099,644,18.761250291186023,ATM,Clothing,TR,16.0,0.14884592152669385,0.3869062905577584,0,3
5995,440,96.04770624281532,QR,Travel,TR,14.0,0.38547047191405653,0.043480894038933265,0,3
1749,0,88.39479256687878,POS,Grocery,US,11.0,0.05973102714575161,0.1394805184216787,0,3
9212,761,21.40482305280849,QR,Food,TR,10.0,0.036080304781779385,0.02725683430272369,0,3
3424,894,576.8730148909942,QR,Grocery,DE,14.0,0.21701147224398254,0.07704294664270256,0,3
9502,616,37.16935852468273,QR,Food,FR,21.0,0.3709551695864016,0.07004202300507861,0,3
1688,792,14.426238534784673,POS,Grocery,US,9.0,0.16116248677693387,0.059955306973650584,0,3
2105,553,158.05760921900338,Online,Clothing,DE,23.0,0.4081265206423515,0.5402719397909409,0,3
7712,72,4.729417326843513,POS,Clothing,FR,18.0,0.14297515746360615,0.10421280878823877,0,3
517,517,132.48161458531084,QR,Electronics,DE,17.0,0.1768438021461642,0.3890197450652028,0,3
7289,375,783.2713876470783,QR,Travel,UK,17.0,0.32991830396434874,0.5503627622274844,0,3
5986,875,189.39086598385828,Online,Grocery,FR,10.0,0.05698642565236165,0.2103014933110161,0,3
2822,990,107.0290621626285,ATM,Clothing,UK,9.0,0.5555190395502287,0.39220409960034797,0,3
4856,560,567.747416348673,ATM,Electronics,FR,15.0,0.6654198604917251,0.5468991227271616,0,3
5043,595,62.37809865085284,QR,Grocery,TR,6.0,0.031142347139372122,0.036849406575440086,0,3
2407,286,498.8719836467972,QR,Grocery,US,14.0,0.14417708218510877,0.1955152418449707,0,3
6720,128,46.01355556607147,QR,Clothing,DE,17.0,0.2716144098422754,0.07727235875190715,0,3
4651,373,35.8498687680743,POS,Clothing,US,20.0,0.09162146855718557,0.16906370965054174,0,3
299,281,267.8803753120726,QR,Grocery,TR,14.0,0.18527432456379161,0.5296286514308381,0,3
3618,274,67.8077809235326,POS,Food,FR,21.0,0.056641819038417425,0.05879085769050882,0,3
2636,129,20.528593790317487,Online,Grocery,TR,18.0,0.3760645603371803,0.12717587565666766,0,3
1253,87,133.73040457014085,POS,Food,US,21.0,0.12830731473896106,0.302255831817795,0,3
3709,194,590.8160485728594,ATM,Grocery,UK,20.0,0.121954997602924,0.5429706115850693,0,3
3249,197,133.0754538853821,Online,Electronics,US,13.0,0.13226470026729747,0.052499165070507336,0,3
917,696,195.5675083528094,POS,Grocery,DE,16.0,0.1281437525464822,0.4232583500020851,0,3
8267,180,21.90658123016224,QR,Travel,FR,14.0,0.2363171374867081,0.2969290247904698,1,3
4057,432,144.91868806987284,ATM,Grocery,UK,15.0,0.34767245153672643,0.10619376814250077,0,3
2697,756,170.51379286568033,ATM,Grocery,UK,19.0,0.09127976312673984,0.24217864633296263,0,3
2463,167,510.44618476462716,Online,Electronics,DE,15.0,0.12862335862545501,0.2331071578618613,0,3
1579,358,153.21252433558044,POS,Grocery,UK,7.0,0.0585986358713211,0.4409682754924408,0,3
1919,857,90.788016574688,ATM,Travel,DE,17.0,0.06518784186086307,0.13706262427459365,0,3
1540,89,283.2973522236247,Online,Food,DE,17.0,0.13519648707654697,0.13413108781634872,0,3
1432,614,38.97920459652595,Online,Food,NG,5.0,0.18368191356867902,0.2710693611582578,0,3
9621,819,2.9647243923534723,POS,Travel,UK,20.0,0.09172158523764684,0.1371311069053349,0,3
623,370,8.369554297127172,POS,Electronics,FR,22.0,0.054168710517259785,0.0842169683713289,0,3
3669,108,14.088064511747005,QR,Clothing,FR,16.0,0.054596767612729406,0.13273542294698726,0,3
4741,265,1.023447252546946,QR,Travel,TR,7.0,0.2801698599880407,0.3212377210214968,0,3
5571,295,165.19968771978304,ATM,Food,UK,17.0,0.045940646029006035,0.20583935914905527,0,3
850,921,291.87164221006566,POS,Clothing,TR,18.0,0.15083943515311876,0.15256396130405137,0,3
814,174,160.95376423998704,ATM,Food,TR,16.0,0.02667824534360709,0.13817616950732642,0,3
2583,768,145.98491559107813,POS,Food,US,15.0,0.125723656069034,0.16575548525333816,0,3
3290,682,227.2427364398206,Online,Food,TR,18.0,0.4419225588753496,0.5079545131975399,0,3
2291,566,7.3677422001774255,POS,Food,FR,10.0,0.35122810293714385,0.0496335022928067,0,3
2903,425,124.66222271865887,Online,Clothing,FR,21.0,0.0341483756857183,0.3641035550207684,0,3
1765,335,327.9208523950486,ATM,Electronics,US,23.0,0.040416422864041596,0.08380315249005756,0,3
5294,191,53.62134297093315,QR,Grocery,TR,13.0,0.24287640391011242,0.11678256794874002,0,3
9701,453,43.46760522717018,ATM,Electronics,FR,21.0,0.19865283627096045,0.054749681070176304,0,3
3082,944,354.2379628017526,POS,Electronics,TR,18.0,0.19755116256211525,0.2977547024947919,0,3
2893,624,522.3439474620293,ATM,Electronics,FR,13.0,0.23673024160736053,0.5758989294247839,0,3
3432,257,19.463224856221473,QR,Clothing,UK,12.0,0.10797377046699144,0.21261560236024526,0,3
5997,782,221.08927615227813,POS,Clothing,DE,23.0,0.09149445305283614,0.13463706215409948,0,3
8469,422,22.415040061948993,POS,Electronics,FR,18.0,0.19975327258078507,0.19525510254526504,0,3
1599,672,379.2940103382025,POS,Clothing,UK,17.0,0.05420885527987197,0.10799822486093212,0,3
9811,444,297.2507373856516,ATM,Food,UK,19.0,0.19880810163830004,0.32649433280670925,1,3
4451,135,338.6023610670313,POS,Travel,US,14.0,0.4125341885725978,0.17617488258671105,0,3
5335,579,104.6036229274482,QR,Food,DE,16.0,0.11020041660057608,0.2416650180001052,0,3
1360,203,73.88655043302387,QR,Travel,TR,20.0,0.23179942900339706,0.07354128559796508,0,3
1420,745,5.111515276977058,Online,Grocery,DE,21.0,0.02562322570881655,0.027985958040557667,0,3
732,628,415.09230969811637,QR,Electronics,FR,13.0,1.0,0.6196083342917159,1,3
2979,955,70.10449266934265,Online,Food,DE,20.0,0.10382198385116218,0.3697521538392598,0,3
2337,915,28.717473527807122,ATM,Clothing,US,16.0,0.05413923476097474,0.1904248350815804,0,3
7403,202,97.86518124770788,ATM,Travel,FR,21.0,0.08726916097571304,0.12890004640679578,0,3
4596,528,489.29661149543955,QR,Travel,US,22.0,0.24989408726125364,0.037328991529259614,0,3
9186,936,179.6838530019494,POS,Food,TR,9.0,0.12564780745761972,0.39369181352668287,0,3
5771,83,332.2647182007729,ATM,Grocery,US,14.0,0.26982835528783466,0.37797198318632147,0,3
8806,945,468.4899378296938,POS,Grocery,TR,10.0,0.46254179990648225,0.24069501883269212,0,3
7440,397,13.60506237709781,QR,Travel,FR,13.0,0.13189499897570414,0.22971050504501417,0,3
2065,618,307.4467638765056,POS,Clothing,UK,11.0,0.034621465910272806,0.2923482679474914,0,3
6686,955,24.92252699593609,Online,Travel,FR,20.0,0.13758099935987325,0.4546381451570369,0,3
3983,391,456.06239260804716,QR,Clothing,NG,7.0,0.5287905132887877,0.41383017119042137,0,3
3420,11,44.99644821906215,POS,Grocery,TR,12.0,0.2809035320053941,0.07757435025120613,0,3
4256,856,100.66474244382887,Online,Food,TR,6.0,0.09791244121980974,0.103667727235746,0,3
4394,165,7.6445066608371945,POS,Electronics,FR,17.0,0.3283602601418878,0.18296371363491534,0,3
4198,759,40.54404411706135,ATM,Travel,US,11.0,0.07297414583029965,0.1449180097325204,0,3
6898,498,54.95994792499422,Online,Electronics,FR,18.0,0.3645068206325549,0.25131758185296255,0,3
4285,498,348.076475653074,Online,Grocery,TR,14.0,0.03224294973969649,0.11146461575737544,0,3
5623,637,152.03183637829864,ATM,Food,FR,19.0,0.13099475526843576,0.11703014939915504,0,3
9259,541,175.7231985756778,POS,Clothing,US,20.0,0.4090168798219327,0.0802225844255682,0,3
8435,928,854.5781991746865,Online,Clothing,FR,9.0,0.4219973880912481,0.5070709334409943,0,3
3525,795,105.29819729206692,Online,Travel,DE,18.0,0.2215725720609769,0.21186552397606945,0,3
8377,447,248.0935260866723,QR,Grocery,US,17.0,0.3176316625514358,0.5598580477194864,0,3
7118,177,429.13041259132535,Online,Electronics,US,8.0,0.21057973351642503,0.1822324394678471,0,3
5191,851,127.14475771356491,Online,Grocery,US,12.0,0.10959424676956188,0.11562870317261519,0,3
6172,391,61.615496370479995,POS,Clothing,US,18.0,0.080378680306466,0.04143362999207218,0,3
7382,218,0.0,POS,Clothing,FR,17.0,0.09452317556092052,0.028588426327857814,0,3
2839,494,125.5689195282449,ATM,Travel,UK,11.0,0.08290146067532378,0.2692843133743383,0,3
6594,222,69.10023486417435,Online,Food,FR,12.0,0.2204780307840928,0.08341701772004054,0,3
5363,586,35.163754439650596,Online,Food,FR,20.0,0.24274748305989968,0.6433668333467379,0,3
9848,917,30.075261617094483,QR,Electronics,UK,17.0,0.10984021080497999,0.1094484427103498,0,3
6409,373,6.435571161818414,QR,Grocery,DE,19.0,0.31375439611475087,0.09420292967815187,0,3
2004,106,73.21787857840349,QR,Travel,FR,14.0,0.31496328507937116,0.2666385723708202,0,3
5847,291,163.20375680737703,QR,Clothing,DE,18.0,0.12886643481955393,0.13181665192606584,0,3
4775,541,103.2417259139789,ATM,Food,US,12.0,0.25704636375519435,0.17606351362745998,0,3
5014,893,565.0256657582809,ATM,Clothing,UK,5.0,0.13043354096513937,0.9200836211464681,0,3
1478,721,368.13793263411424,ATM,Food,US,22.0,0.5919870721210004,0.2177713416600657,0,3
7921,381,202.02032193518488,POS,Travel,DE,13.0,0.26536570727942693,0.054912830259778174,0,3
8416,627,738.5209429248314,QR,Food,FR,16.0,0.6134377209832258,0.1903691096119155,0,3
6531,557,230.89722344710248,ATM,Travel,US,15.0,0.2664677962096078,0.518325319958927,0,3
2729,280,16.433596436065613,Online,Electronics,TR,18.0,0.05267869909926267,0.033487884418033416,0,3
5334,321,21.923652036178026,ATM,Grocery,FR,20.0,0.09598900236440354,0.5108339256594046,1,3
7335,836,42.15218485044393,QR,Grocery,DE,7.0,0.1409776834269733,0.43232580487858846,0,3
6270,771,347.08507734413104,POS,Travel,US,18.0,0.06933751900821944,0.24186088117703405,0,3
7407,397,6.272442992292184,ATM,Electronics,TR,2.0,0.16001266304560757,0.0438291712087366,0,3
8437,893,95.38527353852093,ATM,Electronics,FR,20.0,0.029194837710218195,0.04956983643887974,0,3
3104,400,0.0,ATM,Travel,US,13.0,0.11949790887896691,0.03651297361465855,0,3
4490,384,106.98317574136811,POS,Electronics,FR,14.0,0.26133321063504367,0.3392089998014506,0,3
5356,55,773.2477960204072,POS,Electronics,US,8.0,0.14976639258048655,0.2863387388498155,0,3
8485,44,565.4850827371602,QR,Grocery,UK,18.0,0.3013075509574489,0.04030089512011725,0,3
9798,315,10.89341173699626,QR,Grocery,US,16.0,0.28172187422274847,0.028829452421193655,0,3
9319,157,304.6981004994139,Online,Food,FR,9.0,0.13298537097566898,0.2292460357496196,0,3
9219,415,149.8147573570397,ATM,Clothing,TR,18.0,0.035871533563672155,0.07758445271569518,0,3
2318,475,109.22726762407694,ATM,Food,TR,16.0,0.12140283777638854,0.1661623435351935,0,3
9942,748,122.82239306856557,ATM,Travel,FR,21.0,0.3613967758868368,0.3638018846182526,0,3
3405,645,36.8689440726018,ATM,Travel,FR,6.0,0.13216837738884996,0.045414384862835916,0,3
9749,186,2.8832066459523102,Online,Electronics,DE,16.0,0.03826185801485431,0.05122901413524682,0,3
693,470,197.58359535487384,POS,Electronics,US,18.0,0.055304733364818295,0.15557707599769557,0,3
2060,386,11.600083018547233,ATM,Clothing,DE,21.0,0.12082491510376031,0.03683663682258469,0,3
6456,876,674.2287025410373,ATM,Travel,TR,11.0,0.11870515679912497,0.08692872299098846,0,3
7544,518,93.50694980646546,POS,Travel,TR,13.0,0.2456608124633435,0.12084398272716615,0,3
8961,839,102.81445763971666,POS,Food,US,11.0,0.45519682356830427,0.29928500896324794,0,3
7934,4,15.044414964903916,QR,Electronics,UK,23.0,0.040151144691012136,0.11693911501013048,0,3
4043,441,196.27129562323728,Online,Travel,UK,13.0,0.1271895435276671,0.1034709923235407,0,3
756,535,105.5310148787146,POS,Clothing,TR,8.0,0.059511111037044304,0.1729686374881997,0,3
3951,924,449.33995987709164,QR,Electronics,US,2.0,0.21347532148523718,0.7813838710353179,0,3
869,714,13.893782465584298,Online,Clothing,UK,17.0,0.041549235466885305,0.15350855369661645,0,3
687,103,126.54507983092724,QR,Electronics,FR,6.0,0.1476943188239463,0.13333827156565475,0,3
6707,795,96.44629030346877,QR,Clothing,UK,8.0,0.044157865706341795,0.2916842438208301,0,3
4523,61,41.38365173413521,POS,Food,FR,20.0,0.4768765115354219,0.5000385508516756,0,3
1290,21,150.3470154411107,ATM,Food,TR,15.0,0.06610653221656071,0.14307596911706486,0,3
4660,975,275.44806080908984,ATM,Clothing,US,22.0,0.1724378822742943,0.20245954415957873,0,3
9930,68,109.96305040080745,QR,Electronics,UK,10.0,0.10200281054709473,0.07849155972566219,0,3
6267,498,344.6038216538918,QR,Travel,FR,18.0,0.060880487982476764,0.108877338157159,0,3
4485,38,719.5666965773167,ATM,Grocery,NG,17.0,0.5866320796738816,0.6192625919463728,0,3
9368,525,58.64647330974662,POS,Electronics,US,21.0,0.13938272030184254,0.27576858200062215,0,3
596,308,26.250460760897262,Online,Food,NG,14.0,0.31547387705700014,0.27404932623567957,0,3
7286,545,11.824134007044586,ATM,Food,TR,16.0,0.04182634063643908,0.03675837281223003,0,3
690,661,103.41000290950043,POS,Travel,DE,5.0,0.3843299690103088,0.34702302042580935,1,3
7152,486,448.3682731814497,Online,Food,DE,5.0,0.368663977793405,0.4127739763585124,0,3
4655,208,393.9104114711499,QR,Clothing,NG,19.0,0.8511095293064374,0.45744594767236724,0,3
6034,209,14.380237957398045,QR,Food,UK,19.0,0.049326503391088114,0.0795906903992338,0,3
908,474,118.08385003473425,POS,Clothing,US,11.0,0.10255607783180477,0.38547493663411125,1,3
5007,437,587.1166716412068,QR,Food,US,20.0,0.2513496775571836,0.7374202298285608,0,3
5440,833,10.122520808071238,ATM,Food,DE,10.0,0.0299065508016677,0.35259311792003606,0,3
5150,18,1.7889287461893129,ATM,Clothing,US,5.0,0.16107739102360807,0.05767669159072816,0,3
2975,870,299.84585788596064,Online,Electronics,FR,17.0,0.5111425548543634,0.49326996713364607,0,3
5659,206,54.7332902504058,Online,Electronics,FR,15.0,0.09183565546469281,0.48599064837340433,0,3
5502,658,160.67583077744507,Online,Food,UK,15.0,0.8203768309509905,0.4446668714962412,0,3
5087,199,72.82085179006452,POS,Grocery,TR,10.0,0.10643965347092682,0.28274271294405634,0,3
3678,525,13.489715294834184,POS,Electronics,US,3.0,0.3388325900501815,0.06862144968273248,0,3
3040,832,0.0,Online,Electronics,US,18.0,0.0954104771566211,0.09617263140663393,0,3
3594,278,709.6887301862239,ATM,Food,UK,18.0,0.13606389561124407,0.14046438111671783,0,3
693,842,65.42884553371593,QR,Grocery,TR,15.0,0.07094212842878012,0.09850594553441955,0,3
5484,136,11.258561980105943,QR,Travel,UK,14.0,0.10845620975904241,0.07689605029940516,0,3
2824,276,361.096769777254,ATM,Clothing,DE,14.0,0.043744493540736784,0.10143902218829391,0,3
6510,730,400.4094256777202,ATM,Electronics,UK,22.0,0.46882923025669426,0.4501486229818497,0,3
2012,759,329.41140664092393,ATM,Grocery,DE,19.0,0.17945580182410142,0.07792547500268542,0,3
3480,690,1.7549798569679265,POS,Electronics,FR,9.0,0.10930269873551468,0.026202859955754228,0,3
8395,226,264.68071520561625,Online,Travel,FR,4.0,0.46150764161779395,0.16125339750639409,0,3
9143,518,137.51784660016202,QR,Clothing,US,23.0,0.24495730889985162,0.18538052783456718,1,3
5463,830,2.9005975067276237,POS,Electronics,TR,13.0,0.09382381203483825,0.09858674119514563,0,3
868,548,13.889902345679571,ATM,Grocery,US,11.0,0.07463402502486087,0.09311947608448294,0,3
564,56,144.9607861108084,QR,Clothing,FR,13.0,0.16803403845068782,0.11240962543787446,0,3
1096,44,7.713060839995299,QR,Electronics,TR,21.0,0.6101164322835044,0.27259039734652707,0,3
8053,122,39.579502432515625,Online,Electronics,FR,20.0,0.05008550737814761,0.22688151593041456,0,3
344,331,103.73783364887211,QR,Food,NG,20.0,0.05868239785372652,0.03801287483042737,0,3
7602,803,53.285754013540576,ATM,Food,UK,21.0,0.07551415142979928,0.06380975710558331,0,3
5876,303,25.111209435216004,POS,Clothing,DE,20.0,0.15430736481240656,0.08876690459446351,0,3
4136,236,69.57226469814276,Online,Electronics,FR,12.0,0.12411713301956358,0.3399666360567881,0,3
7241,462,10.669860071231962,QR,Clothing,FR,20.0,0.04563577989454376,0.054097868305798574,0,3
1914,136,417.60250644029634,ATM,Travel,UK,15.0,0.21831252718031077,0.12413199506662433,0,3
7354,465,396.0772737923453,ATM,Electronics,DE,2.0,0.07557677693383348,0.39762338029204586,0,3
8558,495,73.89188554714568,QR,Food,FR,18.0,0.12819955882884362,0.10170592065701864,0,3
3389,521,98.36920763511424,POS,Electronics,FR,9.0,0.34945747779455744,0.037771188845809725,0,3
7527,350,43.07242662532879,QR,Travel,UK,18.0,0.05768154185095668,0.06806545612849194,0,3
9701,319,18.343238135002064,Online,Electronics,DE,21.0,0.057404528973530045,0.14404841824353018,0,3
4325,882,148.98509961867958,QR,Grocery,US,5.0,0.1896638971569452,0.07181099932973056,0,3
1186,257,65.13902293513547,ATM,Food,UK,9.0,0.04765580757765456,0.05486516979169012,0,3
6682,259,249.0808849475277,Online,Grocery,UK,21.0,0.2727588531549909,0.18401189837346216,0,3
9302,737,95.41674489791306,QR,Grocery,FR,19.0,0.2195112229464085,0.2283255749846327,1,3
6917,682,291.570030817517,QR,Food,FR,20.0,0.0693237117701423,0.30609347702346085,0,3
3822,442,17.398619790042137,Online,Clothing,UK,14.0,0.035206615621074154,0.05451466747459704,0,3
1246,364,366.6604827943059,QR,Grocery,DE,21.0,0.4527386394192087,0.3299418927822244,0,3
9242,60,27.66215700228329,QR,Food,US,16.0,0.19623767787321886,0.03457659221421121,0,3
1257,856,308.01758964366354,ATM,Food,TR,20.0,0.2713415170252791,0.30217419710926763,0,3
1309,708,28.81542670386197,QR,Electronics,DE,10.0,0.04167703895920549,0.17158982437444478,0,3
3581,456,95.02880807901865,POS,Electronics,DE,22.0,0.1203017574303078,0.5813207600151866,0,3
7349,606,91.13594217467342,Online,Clothing,UK,22.0,0.1120379595848554,0.20567774438115455,0,3
3593,816,17.224592154460684,POS,Food,UK,20.0,0.11511562188747078,0.14237256742379623,0,3
9591,77,69.67827859459155,ATM,Travel,FR,18.0,0.32786815320829155,0.2233911386572167,0,3
3189,802,323.2029049053527,Online,Clothing,FR,18.0,0.22209074962999042,0.16569048859586916,1,3
7347,369,5.204599091029547,QR,Food,TR,8.0,0.15775533395552638,0.1017627917232784,0,3
1223,888,6.052679330141926,ATM,Grocery,UK,19.0,0.3248923954918376,0.15290120422534484,0,3
9976,947,130.7737852389779,POS,Grocery,US,14.0,0.1701247227934909,0.07211963930805877,0,3
1875,223,118.20887572059027,POS,Food,FR,8.0,0.2837205877096539,0.3300561004314927,0,3
8681,804,152.051886937521,ATM,Travel,DE,12.0,0.039255978480619944,0.2544283940391277,0,3
6131,737,31.98532771549985,Online,Grocery,UK,6.0,0.4385697446054318,0.1889618069797033,0,3
5867,660,93.7602789502635,QR,Electronics,DE,23.0,0.15905874732579825,0.28022446274512014,0,3
9367,807,25.559694275504597,QR,Food,FR,18.0,0.4395611023507877,0.1945911475526455,0,3
2393,320,75.73615335781577,QR,Clothing,TR,12.0,0.5549610253707334,0.10934904518713767,0,3
3197,667,60.793033382543456,POS,Food,DE,1.0,0.09056728206300668,0.04524068089949661,0,3
5832,364,133.832614141058,POS,Travel,US,23.0,0.15531882382968207,0.2768021480844137,0,3
2614,863,244.50612236671105,Online,Clothing,DE,6.0,0.14059903271930824,0.33019758261477333,0,3
4780,478,94.37500526057973,QR,Electronics,FR,10.0,0.25880512885856466,0.1259246042928345,0,3
3884,861,110.62971097056598,POS,Grocery,UK,1.0,0.15094632568436922,0.44990008257782665,0,3
349,446,36.4483870192305,POS,Grocery,FR,6.0,0.14753574439210587,0.14109907042621794,0,3
3495,163,657.7660229084838,POS,Travel,UK,17.0,0.20548060990854292,0.179363773448044,0,3
321,153,3.7797835761570795,POS,Grocery,UK,22.0,0.06535997083264133,0.15972827012514207,0,3
4742,235,461.69145674969957,QR,Food,FR,16.0,0.123435269952686,0.13876637529331914,0,3
897,912,480.7721249189651,QR,Clothing,TR,6.0,0.09567277320796776,0.07414250103783779,0,3
3653,335,99.63065591073375,Online,Grocery,TR,23.0,0.07052791979179701,0.08801641869969669,0,3
8273,946,123.78140177830613,QR,Clothing,DE,12.0,0.03356815940311656,0.13425067553090567,0,3
2537,127,99.53692596307897,POS,Electronics,TR,14.0,0.043401071957706816,0.09808073926978932,0,3
720,338,12.798160220692132,ATM,Grocery,US,23.0,0.08453079787006829,0.07050895153826034,0,3
9766,456,207.36888892041532,ATM,Clothing,UK,19.0,0.2731235860328623,0.27283621948850423,0,3
3015,82,177.91437193876152,Online,Clothing,DE,11.0,0.13201849364927487,0.13067482424589605,0,3
9944,229,411.74793329966406,ATM,Travel,US,20.0,0.05199734855051292,0.4085114254134939,0,3
2444,114,87.3377429956437,POS,Travel,US,19.0,0.11933255249790342,0.3415898657403602,0,3
3524,868,127.47764019541137,Online,Food,US,12.0,0.2642494258926451,0.12166035863814403,0,3
9661,213,414.8682822367528,Online,Clothing,DE,21.0,0.23003761238118417,0.19838332372480025,1,3
4482,540,4.186108281308411,POS,Travel,TR,4.0,0.0856371934548198,0.03283348056058849,0,3
6467,56,71.75059602489604,QR,Food,FR,1.0,0.10984566994438871,0.29278647782733513,0,3
3379,719,81.2869005624612,ATM,Food,UK,13.0,0.24170273491765257,0.434510856684496,0,3
4347,443,55.90128816552495,ATM,Clothing,US,16.0,0.0854551925745764,0.21682986107272093,0,3
2355,186,435.208600706324,ATM,Electronics,FR,12.0,0.4529298368087275,0.12453020561574472,0,3
8046,790,16.241335934213676,Online,Grocery,TR,11.0,0.15868852073720124,0.22331935798254965,0,3
5101,370,13.156580724086146,POS,Travel,UK,20.0,0.24038815684427906,0.09252057847226235,0,3
2128,167,791.7369134689961,POS,Food,UK,20.0,0.231556128499555,0.030778507111053732,1,3
