transaction_id,user_id,amount,transaction_type,merchant_category,country,hour,device_risk_score,ip_risk_score,is_fraud,month
2128,246,425.43046751409184,Online,Clothing,US,9.0,0.17518203868354176,0.2479285177850701,0,1
4851,559,72.84324849290745,POS,Grocery,DE,12.0,0.22142627007758484,0.1387257934131263,0,1
5250,307,157.64600833406556,ATM,Travel,TR,21.0,0.2475781258825761,0.059812356812165735,0,1
2385,167,0.0,QR,Grocery,TR,7.0,0.13121650688425457,0.0785025073642163,0,1
2648,517,148.72696584114652,POS,Food,FR,21.0,0.15450514230369913,0.153687756065369,0,1
2474,517,110.03548656010695,Online,Clothing,UK,11.0,0.04204021049629632,0.2542945623166881,0,1
4195,192,46.66028251544364,ATM,Grocery,UK,16.0,0.08709582402781603,0.11112263208141958,0,1
2389,25,10.254269275975037,QR,Food,UK,23.0,0.040101036811484844,0.12812324981705026,0,1
8661,312,69.26840499868096,Online,Electronics,UK,5.0,0.462987018060494,0.3092356427725733,0,1
5682,821,103.21304005369922,QR,Travel,TR,3.0,0.0646330072938948,0.08663417214087768,0,1
6028,481,15.092110646944802,QR,Travel,FR,16.0,0.01679589951177793,0.13662785288604123,0,1
7654,713,130.16496421952957,POS,Grocery,TR,15.0,0.019231035444494084,0.008519269129635016,0,1
892,154,40.95074824082365,POS,Travel,DE,2.0,0.05682469286301612,0.674079736851837,0,1
1256,663,347.50572034258545,Online,Travel,DE,12.0,0.3848262766548512,0.4168398047526458,0,1
342,804,446.2841463769591,ATM,Grocery,DE,8.0,0.30437854328371294,0.21606018266380347,0,1
8001,922,339.1601322833152,POS,Clothing,DE,10.0,0.09574039420346549,0.1714872343952158,1,1
3453,87,672.8962064699535,ATM,Travel,US,7.0,0.2607419696207995,0.45858943202885716,0,1
9018,416,85.00077134360085,Online,Grocery,UK,20.0,0.08849478968151367,0.1794741999364829,0,1
9083,555,474.23473803677194,POS,Electronics,UK,13.0,0.7429435128560389,0.7384800055034381,0,1
3807,850,115.56398282460633,ATM,Travel,UK,18.0,0.15908909484378514,0.0963424586940815,1,1
965,627,488.84778709528587,ATM,Clothing,US,5.0,0.5644078968521788,0.43111637354732785,1,1
1771,918,24.086767844053718,QR,Travel,FR,8.0,0.030286518097636946,0.013817108972428157,0,1
8949,815,37.78204434135755,Online,Grocery,US,12.0,0.1337004159115266,0.10191169960244256,0,1
7003,228,384.2105654239361,POS,Electronics,UK,23.0,0.4319384437080601,0.09254945008062444,0,1
7111,912,12.278344427505257,QR,Travel,TR,10.0,0.03426628128529267,0.3577566848689563,0,1
8795,254,110.15421193154623,POS,Clothing,US,7.0,0.09172273986459584,0.38753125953559625,0,1
8544,964,145.42009893388627,QR,Clothing,TR,17.0,0.5851955030644894,0.16153494413697306,0,1
2295,479,39.74147682134088,ATM,Grocery,TR,10.0,0.04023287448413167,0.07547683900195416,0,1
4925,969,8.92134248638374,Online,Clothing,TR,21.0,0.11738599945758933,0.18009380076230583,0,1
6565,275,264.50358495453924,QR,Electronics,DE,10.0,0.2949565650237889,0.18748941923949286,0,1
8358,46,145.52338780053276,ATM,Travel,FR,6.0,0.22297108438833654,0.25497881432822345,0,1
7432,12,48.48971379271446,ATM,Grocery,FR,19.0,0.0898817855198073,0.17303405403725483,1,1
9955,507,88.06279996641835,Online,Electronics,UK,19.0,0.014352656191399252,0.052643673849302464,0,1
6382,816,333.06293072895477,Online,Clothing,FR,22.0,0.17929132698675346,0.31873344185863844,0,1
1865,946,105.68590963597656,POS,Food,FR,16.0,0.09309920841915,0.26308483906476327,0,1
488,359,96.89167259689725,ATM,Travel,US,19.0,0.08228873584027983,0.07141703513968665,0,1
4419,636,67.80409980569624,Online,Electronics,TR,20.0,0.05345870015379634,0.0720568824006064,0,1
807,100,15.580589023257259,ATM,Food,US,16.0,0.454902781743465,0.1782992953537834,0,1
8762,403,7.585293818541107,QR,Grocery,US,14.0,0.06841023647340846,0.10417520372277712,0,1
9849,851,95.69622048209304,ATM,Electronics,DE,16.0,0.10975797893357433,0.14055393671860464,0,1
4812,692,152.95821758428082,POS,Food,TR,15.0,0.06543978200278522,0.30978079199165337,0,1
5904,273,23.974968740070885,QR,Food,FR,21.0,0.1901424535596426,0.020080444215618998,0,1
5703,955,164.95382245023404,QR,Travel,TR,17.0,0.3590495612347998,0.013729679511653013,0,1
3132,661,11.69391586477117,Online,Electronics,TR,17.0,0.08987816139891354,0.10521096708299958,0,1
4079,956,17.342221101009322,ATM,Grocery,UK,23.0,0.15765381802302886,0.09657539520178764,0,1
3810,958,14.99243194846882,QR,Travel,DE,6.0,0.17070116408260919,0.15400194479534546,0,1
61,686,9.41486006960686,ATM,Travel,TR,23.0,0.017574915589003,0.010004037725835337,0,1
8516,574,164.69257356743464,POS,Grocery,TR,12.0,0.10244179351439389,0.41222057136083623,0,1
3373,990,36.128649298897145,ATM,Travel,FR,18.0,0.04768666778051368,0.03594692779981175,0,1
7358,522,151.53339167427853,Online,Electronics,UK,19.0,0.39546443851754,0.3127930422344337,0,1
6450,958,324.85198383311547,POS,Clothing,UK,6.0,0.11354760575093786,0.22888991872974881,0,1
2177,139,2.2584472015584325,Online,Electronics,FR,14.0,0.032549863179954355,0.11421174694108249,0,1
7023,757,76.8644515949143,Online,Food,DE,22.0,0.25806708944232387,0.03336069050703417,0,1
3696,937,30.731999077448165,Online,Electronics,TR,18.0,0.0521434004641152,0.07949210032451458,0,1
8649,9,328.28638599536265,ATM,Clothing,TR,13.0,0.3014553664459665,0.5992405537522805,0,1
2734,912,136.76854652097953,Online,Food,TR,14.0,0.19324038969882434,0.11094002002826318,0,1
2376,215,478.0625335572764,POS,Clothing,DE,19.0,0.6194659727323664,0.21562644945474854,1,1
5104,61,265.5948401272937,POS,Electronics,DE,21.0,0.1403893136511809,0.10932065680838896,0,1
1367,284,28.57853762397815,QR,Grocery,DE,4.0,0.06320288705823657,0.10150949697710283,0,1
393,942,50.236420778512986,Online,Electronics,US,22.0,0.07576097426432657,0.38058655736077135,0,1
4392,780,9.023789777978926,Online,Clothing,TR,21.0,0.06239070078014819,0.0831105372740103,0,1
5155,328,56.931784008205405,POS,Food,US,22.0,0.44527584271082643,0.29460137895930505,0,1
4375,571,72.2270060478852,Online,Food,DE,23.0,0.2285274409729338,0.3780926727349418,0,1
5325,395,57.089869538655954,POS,Clothing,UK,14.0,0.17383448253812528,0.4113260229998175,0,1
3969,693,311.53363379856467,QR,Food,DE,21.0,0.07660956867513609,0.3366111236752381,0,1
9867,48,35.05434963317211,ATM,Clothing,TR,19.0,0.12708409391592923,0.09579918718783867,0,1
7216,377,24.7410237334431,QR,Food,FR,8.0,0.024530681053365873,0.06523287848167406,0,1
5672,28,104.57672117800276,POS,Clothing,DE,16.0,0.07054379876679824,0.10708450899809108,0,1
9790,310,32.08133820411193,POS,Clothing,US,17.0,0.06758390167213262,0.13405997075893752,0,1
5790,991,130.01757127934917,POS,Food,UK,5.0,0.05376607789040289,0.5045965908783268,0,1
8482,493,20.447862229617396,ATM,Clothing,US,22.0,0.16062393520695323,0.43081003676568225,0,1
6349,967,60.74889968535474,ATM,Grocery,TR,22.0,0.2023820959908016,0.06796854414348831,0,1
5005,714,436.12130836068724,POS,Grocery,UK,14.0,0.14012795334714329,0.06690869373871662,0,1
5451,182,108.75534710842776,QR,Grocery,UK,20.0,0.4245837555189984,0.8628646262534055,0,1
9990,64,22.042603587927164,QR,Food,UK,14.0,0.048370974700304936,0.0562233272218361,0,1
4253,9,3.320265776305411,Online,Electronics,FR,15.0,0.02104486125741062,0.10028031867252711,0,1
1573,154,0.0,ATM,Travel,TR,22.0,0.04366788549943789,0.013603403616900017,0,1
8190,564,43.367781586264655,Online,Travel,TR,8.0,0.15506949612668042,0.12467446084173887,0,1
5261,604,417.60401181498077,QR,Electronics,FR,10.0,0.09018451656752188,0.07760644911087422,0,1
2726,527,45.13775783026857,Online,Electronics,DE,16.0,0.07544331756044217,0.17826074626531746,0,1
4667,154,214.6525613859199,POS,Electronics,UK,23.0,0.1155284813868245,0.045237935927588936,0,1
5391,310,75.85154573922405,ATM,Electronics,DE,14.0,0.5440897311210601,0.394969610202602,0,1
9614,960,81.19565334729573,Online,Clothing,TR,13.0,0.14915898337109512,0.07048778641600015,0,1
2417,389,6.9405535275200005,QR,Clothing,TR,20.0,0.1004030167992151,0.3246188570690061,0,1
8242,213,78.59980525510595,POS,Food,US,21.0,0.17829991188874553,0.10991360893886823,1,1
83,685,4.132365904757066,POS,Grocery,DE,23.0,0.04435433922235249,0.0816489535945391,0,1
5922,537,82.88641010883612,Online,Electronics,DE,21.0,0.14858346217641613,0.3036349392523273,0,1
396,838,9.564180333750727,ATM,Clothing,TR,21.0,0.28888984807246054,0.18734577861928658,0,1
1261,295,89.27054596809633,POS,Electronics,US,14.0,0.2508319393713977,0.27690753581121075,0,1
8160,229,3.883295305552778,QR,Food,FR,23.0,0.4164822412643436,0.1784788500907698,0,1
6493,105,237.31306413055793,ATM,Grocery,DE,7.0,0.3465298938680483,0.3013193781344089,0,1
7923,624,65.31675220359614,ATM,Clothing,US,18.0,0.15750181825696982,0.009838133139894754,0,1
8706,325,491.97632957748493,QR,Grocery,US,4.0,0.236093107265006,0.5267977064689375,0,1
4614,234,237.95058624492017,QR,Clothing,DE,13.0,0.09140585890277242,0.12014604177917887,0,1
5547,535,751.6720947986809,QR,Travel,DE,10.0,0.0824742130477244,0.20080853534142276,0,1
8941,402,302.4497449844158,POS,Travel,UK,20.0,0.0660324684126902,0.038672827067058435,0,1
1269,631,454.0472356737243,Online,Travel,US,15.0,0.10787641070829104,0.10725723285042832,0,1
4290,30,42.677969839037644,QR,Electronics,DE,18.0,0.450112739098918,0.022342619566753128,0,1
2513,344,147.2387143578761,POS,Food,US,15.0,0.11620862341642081,0.11622549150413067,0,1
6880,693,153.74533716600888,POS,Food,UK,17.0,0.3642258661768895,0.18800231778086102,0,1
847,163,22.77526245339984,QR,Clothing,FR,18.0,0.37170651780791264,0.05664779498566805,0,1
9435,164,513.635721483841,QR,Travel,FR,13.0,0.2706443922715076,0.21484084153071412,1,1
1084,53,582.0495385107643,QR,Electronics,DE,18.0,0.33189590441639916,0.3410785909828826,0,1
3745,211,25.644522838549115,POS,Food,DE,21.0,0.1340090790173992,0.11560450365782923,0,1
7479,633,89.14052744281824,QR,Electronics,UK,19.0,0.36183913887592156,0.15284607982789974,0,1
2093,450,15.00917030373737,ATM,Electronics,FR,10.0,0.011410114156397581,0.08688768711497796,0,1
2036,596,707.3773638748024,Online,Electronics,DE,13.0,0.5087631310571866,0.2760733651969335,0,1
5928,317,441.20854310361455,QR,Food,US,14.0,0.06541234967208763,0.04311221868651243,0,1
3845,9,279.17996445851577,ATM,Clothing,FR,7.0,0.4866688507642692,0.22282038698672635,0,1
6588,442,8.695795156577493,POS,Travel,US,17.0,0.04148424569608282,0.03784984765936955,0,1
2270,572,0.9070305005803623,POS,Electronics,US,9.0,0.040939438176992304,0.061815516559568365,0,1
540,313,1.6452277627375214,ATM,Electronics,US,18.0,0.10641026036395859,0.0438988598160137,0,1
2235,782,215.24322875199275,QR,Clothing,DE,3.0,0.49435688627446756,0.1066851778519233,0,1
9950,717,0.0,POS,Travel,US,9.0,0.07995070139123527,0.04490397076673137,0,1
9868,478,317.0947156890946,QR,Food,TR,18.0,0.07588748011891851,0.10103983923549564,0,1
7668,703,55.56583910386998,ATM,Grocery,FR,23.0,0.1613451535147184,0.05346430764242824,0,1
3260,605,78.44926190274748,POS,Travel,US,23.0,0.042395496237539,0.07184922861488878,0,1
474,165,254.4606125581197,Online,Clothing,UK,15.0,0.2593895762999579,0.17936208376828666,0,1
8961,275,80.383296788765,Online,Clothing,UK,17.0,0.03629063025478227,0.04852470379498104,0,1
9305,149,163.00656600026244,QR,Electronics,FR,13.0,0.43136585773316344,0.0727426134974378,0,1
2154,366,45.45388342716259,ATM,Electronics,FR,8.0,0.18224759663956389,0.33549153173556256,0,1
3340,625,158.7613683535095,ATM,Clothing,US,20.0,0.012425127479227936,0.013369572333418452,0,1
7435,729,119.77498307443456,QR,Travel,UK,18.0,0.16724958531675033,0.3107568904855269,0,1
2800,966,48.73621476828418,ATM,Electronics,FR,15.0,0.07481730268642749,0.01605619468869764,0,1
5885,903,213.7589270738642,POS,Electronics,UK,20.0,0.41115327707876137,0.13433097862558513,0,1
3265,645,76.66416535016913,Online,Travel,FR,21.0,0.13382074951132186,0.19359896397058612,0,1
1787,143,194.13392186487644,Online,Electronics,US,17.0,0.35103562783958386,0.16119585728415914,0,1
9775,124,57.19384949722567,ATM,Travel,UK,14.0,0.19744239064701016,0.06316092006892801,0,1
8099,884,15.696393299607678,ATM,Grocery,US,17.0,0.0721244003642667,0.07831085630906909,0,1
498,277,619.4810896688156,QR,Food,TR,18.0,0.28134287624225607,0.2651342695083063,0,1
3946,260,165.72155521675953,QR,Grocery,UK,17.0,0.17678172564088512,0.14911268550530976,0,1
3534,740,29.769539177465333,QR,Food,DE,15.0,0.32047158872183806,0.08661586338109295,0,1
5509,46,859.9432193921867,POS,Food,US,17.0,0.0739323059334744,0.38594418901583266,0,1
9566,90,132.76706637611863,Online,Clothing,US,14.0,0.2749106408439662,0.06634596974649436,0,1
6561,598,133.82042963404965,POS,Electronics,DE,18.0,0.152061997433995,0.1019661113724225,0,1
6345,299,140.29217682478728,QR,Grocery,FR,14.0,0.21826852127358545,0.17121601342654139,0,1
3828,793,143.62060604102,POS,Clothing,US,23.0,0.08284795905631184,0.03968558779617592,0,1
1636,438,210.122328514468,QR,Grocery,TR,3.0,0.19197541634642615,0.026295338832552827,0,1
3423,351,0.369273426179356,ATM,Electronics,DE,22.0,0.07464150125488186,0.01692003335321827,0,1
695,822,236.39593504821386,QR,Travel,US,22.0,0.01415585152669167,0.018162408026366074,0,1
1243,818,156.81827813300112,QR,Electronics,DE,14.0,0.14127757485960865,0.09484149768512722,0,1
9488,541,17.649880817522664,QR,Electronics,DE,13.0,0.041605945271583254,0.49542477022318215,0,1
1889,720,381.55075527662234,Online,Grocery,FR,17.0,0.1402045403574561,0.06456908756836821,0,1
9551,325,0.0,POS,Travel,US,18.0,0.07876002121796062,0.14774638847028537,0,1
6889,131,300.7802422730692,POS,Travel,FR,11.0,0.13881168421141027,0.4004194719540752,1,1
8362,186,48.82085331778844,ATM,Food,FR,9.0,0.16156875727285855,0.1067703310811273,0,1
7149,935,69.52634759107157,ATM,Travel,UK,5.0,0.07520810461982917,0.1264498463399455,0,1
4570,782,218.89064154452217,POS,Clothing,US,22.0,0.287393714772232,0.1007287935640636,0,1
5453,206,510.1849917889684,ATM,Clothing,FR,19.0,0.28313446287029964,0.17522489658443058,0,1
3264,751,312.68000623373126,POS,Food,TR,9.0,0.20586337009059755,0.060366176426416146,0,1
5935,455,75.20711356944788,POS,Travel,DE,22.0,0.06899566231714621,0.2344677392661092,0,1
3106,482,4.390858785715242,ATM,Food,FR,13.0,0.019250262506921925,0.040422739213126134,0,1
7010,943,47.07877994345487,Online,Food,UK,3.0,0.0702720475494286,0.17135196966044772,0,1
7281,316,319.1917932717588,POS,Food,DE,8.0,0.33423250690246936,0.07116851408672473,0,1
29,51,96.62417721309916,QR,Travel,FR,11.0,0.12552038916072356,0.09481712811498474,0,1
6191,52,149.1908833801673,ATM,Clothing,FR,7.0,0.7756498253862504,0.30268131774220364,0,1
5531,98,19.03053636084357,Online,Clothing,US,9.0,0.11307096328377542,0.019348726417948006,0,1
7508,896,0.0,POS,Grocery,US,17.0,0.03522302586634743,0.17542411404304598,0,1
6740,699,232.2214334288987,QR,Travel,UK,15.0,0.07309820394472971,0.013196612194512652,0,1
5954,261,9.819758749966418,POS,Travel,TR,22.0,0.1637373144642056,0.06992174573233773,0,1
721,994,260.66902050856396,ATM,Electronics,TR,15.0,0.014209132822744358,0.03879808938563696,0,1
4939,882,162.17254339521034,QR,Electronics,DE,16.0,0.15702546354365166,0.1446083889393202,0,1
5760,616,70.76344911635438,ATM,Food,UK,13.0,0.4917014411936313,0.20745565520356357,0,1
1382,408,105.64150282503651,Online,Clothing,TR,8.0,0.3151714395613663,0.2879285167281263,0,1
3488,153,101.19496786182602,POS,Electronics,FR,16.0,0.2644743907659328,0.06065768549345451,0,1
9739,170,6.329012668512149,POS,Grocery,FR,17.0,0.09158450725162709,0.13265538878980118,0,1
8510,600,30.583015638411318,Online,Electronics,TR,17.0,0.13751773116143154,0.06559065779486506,0,1
3895,392,540.444804761183,Online,Electronics,UK,19.0,0.5561638104410905,0.631128307787791,1,1
6474,186,62.00559442681177,ATM,Electronics,UK,19.0,0.0763900710449743,0.08314651543079049,0,1
2292,877,360.96427985205565,QR,Electronics,TR,6.0,0.08494809768954532,0.16545530574234515,0,1
1238,281,19.404453158446028,POS,Grocery,FR,15.0,0.11176437092630731,0.028494128313815932,0,1
2056,690,0.0,Online,Travel,US,20.0,0.08575331439328375,0.07217631822944849,0,1
8023,843,33.99117327403633,Online,Food,UK,18.0,0.155686580536403,0.03781483450905054,0,1
4699,147,141.0788421570311,Online,Travel,FR,15.0,0.26705811259869106,0.2342555330315954,0,1
9606,444,0.7804468024219511,ATM,Food,FR,6.0,0.023890091464574284,0.05922685910924135,0,1
1167,722,281.7775271308899,POS,Electronics,TR,22.0,0.12967295168459564,0.2826554767306301,0,1
8358,193,18.998469741386756,Online,Travel,FR,20.0,0.08671058714854137,0.10200341807885113,0,1
3856,926,400.7440674252454,QR,Grocery,DE,6.0,0.5680581356993262,0.06454207661656758,0,1
8427,862,32.85704585286883,QR,Clothing,FR,16.0,0.06520920534102768,0.030459206201171464,0,1
1861,26,15.333680492936539,Online,Clothing,NG,15.0,0.43191732635204927,0.10724166283879774,0,1
3533,604,172.05648668842957,QR,Electronics,UK,18.0,0.15480106303706834,0.11668471968553631,0,1
6858,308,192.9395864638001,Online,Grocery,FR,16.0,0.29400226697465925,0.0408411317817223,0,1
7195,254,170.4150998007632,QR,Grocery,FR,6.0,0.27237879951566923,0.12664197520188064,0,1
7337,208,5.34777732872534,ATM,Travel,UK,13.0,0.12856215473353072,0.11755826057429825,0,1
2562,825,235.7721539166364,Online,Travel,FR,23.0,0.1953904631129165,0.03518866421650044,0,1
3797,702,47.052532237137854,Online,Electronics,US,17.0,0.3700490613644633,0.15719267502044257,0,1
2361,485,148.76325349764645,ATM,Food,DE,5.0,0.28073137999077036,0.17021595140881274,0,1
4345,838,22.919764512911485,POS,Grocery,DE,17.0,0.09450731531762865,0.02052242900157119,0,1
9011,481,104.58917577826703,POS,Grocery,TR,23.0,0.21319742981380962,0.038726204663810174,0,1
377,234,75.53656237045242,POS,Travel,US,9.0,0.12848712230964085,0.2014696562798389,0,1
4817,938,21.242984836929388,QR,Grocery,UK,10.0,0.25356031127781964,0.051650412601676535,0,1
1621,255,100.41652310118823,POS,Food,TR,22.0,0.25844823034986364,0.08839058640017053,0,1
7945,333,32.17628481849344,POS,Food,US,21.0,0.05698162997066953,0.48345202818337435,0,1
9288,383,575.8330953043917,POS,Food,DE,6.0,0.19339354702031616,0.42850566864037337,0,1
5941,388,23.86440223515107,POS,Electronics,US,14.0,0.11086317385290154,0.11618687527832806,0,1
4823,548,60.97199939700899,ATM,Travel,US,23.0,0.20186530587797974,0.31813098141092566,0,1
455,170,163.04127933077453,Online,Electronics,UK,14.0,0.10235726079060561,0.046803526029796906,0,1
3726,118,155.42287862045583,POS,Food,FR,2.0,0.1780403620620049,0.3331706542432691,0,1
9906,635,124.61635571308086,QR,Food,TR,19.0,0.11077779020306792,0.13051842915398443,0,1
844,584,39.44248051569826,ATM,Electronics,FR,16.0,0.1354990016699669,0.2121314617416183,0,1
5889,374,119.527310813738,QR,Electronics,US,22.0,0.06930618261969804,0.035754719847902516,0,1
9118,991,140.52255748847946,POS,Food,FR,18.0,0.4430645811999503,0.5176914313889923,0,1
6074,951,137.58794973685096,QR,Clothing,UK,6.0,0.24787082251964188,0.2218404432645897,1,1
9451,246,51.07685490510876,ATM,Food,TR,12.0,0.12329694798495093,0.036385745892703575,0,1
8602,253,4.134924126504254,POS,Grocery,FR,9.0,0.018388688703005553,0.1042441600594256,0,1
9579,510,39.94771265847075,QR,Travel,DE,12.0,0.45128097754608715,0.18659060305010347,0,1
1229,540,264.9241508265203,Online,Grocery,UK,20.0,0.12880854898881852,0.21421104000038324,0,1
293,715,382.3019807660846,POS,Food,UK,2.0,0.42542357457024854,0.15230773275793413,0,1
862,699,371.4081964147355,QR,Food,FR,10.0,0.048096239929219825,0.16836011290373068,0,1
1515,374,185.50248805607228,QR,Food,FR,11.0,0.04834099958673864,0.12026997252659186,0,1
6832,155,6.288936609383117,POS,Clothing,TR,19.0,0.05136385832166275,0.10225010455931499,0,1
747,479,334.47368641613,Online,Electronics,UK,17.0,0.6404386016778948,0.6377500711025853,1,1
160,82,323.19335820130124,QR,Grocery,UK,18.0,0.5691980612555418,0.2740772684520387,0,1
4380,195,433.0621908923388,QR,Food,US,1.0,0.11520256863582182,0.17561989026246055,0,1
6376,954,23.481870373610263,ATM,Electronics,US,17.0,0.13768056972016982,0.08255413709712493,0,1
1550,890,410.1826992992486,ATM,Food,FR,6.0,0.43509682377361475,0.2520045360517772,0,1
9443,228,149.62271681749897,POS,Travel,FR,15.0,0.2280814715017613,0.10281433895346385,0,1
32,554,13.156435049390229,QR,Grocery,FR,7.0,0.2388242704913184,0.133125952810688,0,1
2318,415,211.09603418880982,ATM,Food,US,6.0,0.09316092898052618,0.06272665362795274,0,1
7808,686,34.079453110358884,Online,Clothing,TR,15.0,0.17275679435988328,0.23673031033659533,0,1
5137,573,496.53837570478476,ATM,Clothing,US,20.0,0.03032357467286112,0.05358091295545339,0,1
588,521,78.69143077671188,POS,Electronics,US,5.0,0.12153065189235432,0.20165995665937225,0,1
2805,494,531.039439282149,POS,Electronics,US,18.0,0.2609021570143479,0.5013796596169451,0,1
7556,202,342.1659903109835,ATM,Electronics,DE,15.0,0.39039800917193906,0.416045042342513,0,1
5892,9,27.679602301396542,Online,Electronics,FR,17.0,0.11470700879167413,0.18691681573667965,0,1
884,54,245.08020900757006,POS,Food,FR,18.0,0.11544868517364072,0.15338273888487058,0,1
5377,25,35.413973623617125,Online,Grocery,DE,13.0,0.11789368644310333,0.4804048224225207,0,1
2374,171,498.07172152452745,ATM,Travel,DE,8.0,0.1757971952444238,0.44618152518280096,1,1
5494,768,8.779179015705772,ATM,Travel,FR,2.0,0.053082888862304695,0.02697892441695765,0,1
6422,168,17.50602211801266,QR,Grocery,TR,17.0,0.3278867062559022,0.4418677487733617,0,1
9092,802,100.78726646909251,ATM,Travel,DE,23.0,0.022493994398236062,0.15532143849739002,0,1
8502,603,17.51824341342212,POS,Electronics,UK,21.0,0.23021220094968733,0.3879155520265873,0,1
4102,59,127.51807411560209,Online,Food,US,9.0,0.12676166531351896,0.0999307301797066,0,1
9708,672,14.931244705546806,POS,Clothing,TR,22.0,0.16081764398069562,0.17511668742025105,0,1
4265,521,114.63806082369217,QR,Travel,DE,21.0,0.4312371914134441,0.24248141156054812,1,1
9309,975,37.04836493267658,QR,Electronics,UK,11.0,0.3202209487305511,0.29965806691219854,0,1
8041,176,268.5118620090421,POS,Electronics,FR,11.0,0.2213453198608647,0.24114294093850375,0,1
4807,595,80.59662808720363,POS,Electronics,DE,15.0,0.08921511889990198,0.16173053996194742,0,1
5950,379,112.8863821209592,QR,Electronics,FR,18.0,0.19285600392857502,0.23616505325934548,0,1
6355,190,112.38656147568709,QR,Travel,DE,23.0,0.12640349296334027,0.05163763912227046,0,1
7356,605,103.74673933884442,QR,Travel,DE,13.0,0.05607437767052513,0.07292522500235038,0,1
979,378,106.4204277170649,QR,Travel,TR,20.0,0.8444894991820968,0.23884933364453648,1,1
1168,67,181.56891513029055,Online,Electronics,FR,21.0,0.366874404937046,0.20371808385979634,0,1
9272,616,415.23055900910447,POS,Grocery,TR,18.0,0.22745193803759248,0.2864068438195048,0,1
8241,565,41.24396118356059,ATM,Food,FR,23.0,0.037692008600026805,0.08702645857674465,0,1
2726,390,72.07571371313692,QR,Travel,FR,12.0,0.18270759102393855,0.2367573270196997,0,1
8592,924,8.73455700161542,ATM,Food,DE,9.0,0.19627797015057669,0.03662589280711093,0,1
1648,442,173.55966213898137,Online,Grocery,US,17.0,0.2437920718871216,0.06978549403361227,0,1
5460,530,142.36706108521298,POS,Clothing,UK,10.0,0.10447052061159816,0.14898925201947835,0,1
5275,385,0.0,Online,Food,TR,15.0,0.14634387477289104,0.09826729995528323,0,1
5715,839,522.5829331873742,POS,Food,FR,15.0,0.18134226748000992,0.03207606979407637,0,1
7830,478,31.96541763818557,QR,Clothing,FR,14.0,0.06670614039590515,0.14109773655424968,0,1
4378,957,206.8681510582585,Online,Food,UK,15.0,0.13204986421801054,0.20397479577374825,0,1
2291,873,749.9095024138442,QR,Food,TR,14.0,0.19514660670095765,0.10334620418092615,0,1
7719,665,17.09197900427872,QR,Clothing,DE,11.0,0.20482196504582845,0.10132212614564746,0,1
2591,682,403.21310180080246,Online,Clothing,TR,12.0,0.23660345387474205,0.11534348342083081,0,1
2482,862,186.02452735178753,ATM,Electronics,TR,8.0,0.28170775631366557,0.37701593656007615,0,1
1467,451,1.5072716122543168,QR,Food,DE,20.0,0.09250662081872346,0.03822124335973431,0,1
3236,109,12.787365601872697,QR,Grocery,TR,18.0,0.062464500279096974,0.04102665439686813,1,1
5055,891,11.646217782779544,POS,Food,TR,18.0,0.5524880183231398,0.27589804507389265,0,1
7564,526,101.3356138856473,POS,Travel,DE,22.0,0.016054779526353258,0.1505977800426964,0,1
3639,455,41.82625523669291,POS,Clothing,DE,7.0,0.3791178229605396,0.2528104502543333,0,1
5609,690,72.23958663002507,ATM,Electronics,UK,15.0,0.27384864051374086,0.09120057105387841,0,1
6393,251,289.5951906946216,POS,Travel,TR,6.0,0.11700141829428798,0.023376606216861356,0,1
9434,215,202.7538007881478,ATM,Grocery,UK,12.0,0.04744056232944363,0.0184167885824909,0,1
3723,240,8.439772571281573,ATM,Travel,TR,18.0,0.14136515283748224,0.36314470778275904,0,1
3852,965,9.876518926269227,QR,Travel,US,20.0,0.04178670793176873,0.29854992145023246,0,1
5028,420,34.81590491669062,POS,Food,FR,8.0,0.13053476184631918,0.3200849216001108,0,1
1992,172,72.800250914463,QR,Clothing,FR,9.0,0.16269478354391875,0.05724760167944899,0,1
8115,583,26.462331526103675,QR,Travel,DE,22.0,0.04863939640340035,0.18907467410557952,0,1
5919,879,314.1429182877726,QR,Clothing,UK,12.0,0.15290907371870816,0.39030162363126075,0,1
2129,642,440.33885491523364,POS,Clothing,FR,15.0,0.23293331085740887,0.16028764277262825,0,1
1572,984,124.02543231651843,POS,Travel,DE,18.0,0.3993215580853707,0.27647216480920683,0,1
7730,226,49.461159903883335,ATM,Travel,TR,22.0,0.0368732004034334,0.12315668234158011,0,1
6853,852,113.05436149488608,QR,Electronics,TR,15.0,0.03963490107022429,0.14462589835867085,0,1
628,587,106.6313801154675,QR,Food,FR,20.0,0.4237262143714511,0.23629201261205096,0,1
6805,551,38.74743658515716,ATM,Food,UK,5.0,0.08122948764777407,0.10162982404604268,0,1
9780,935,330.88121398301445,POS,Food,FR,18.0,0.09851641726593133,0.32830604184043094,0,1
8172,271,73.29035563904583,Online,Clothing,UK,17.0,0.1579776002179336,0.16202883670439652,0,1
9079,137,217.81109356124466,Online,Clothing,US,21.0,0.7687851344589542,0.47054070071112125,0,1
7911,206,0.0,Online,Grocery,FR,6.0,0.05931762875583109,0.3928797709830947,0,1
705,546,309.7133102252101,ATM,Food,TR,9.0,0.031304997889330805,0.2101939074216348,0,1
4871,755,247.07831884500166,POS,Clothing,UK,22.0,0.20271715027999945,0.4141407221172865,1,1
8845,838,160.31445184505498,ATM,Grocery,TR,22.0,0.14158093072771136,0.14429947110819819,0,1
8797,223,17.701300129691546,QR,Electronics,TR,20.0,0.17092766635657433,0.1118767289284961,0,1
5578,275,11.240107810856943,POS,Grocery,UK,21.0,0.08305353743681382,0.12418187935638213,0,1
7183,836,106.7851935076679,POS,Travel,DE,15.0,0.08549374457488215,0.34531158397902595,0,1
6907,287,374.87943021163994,Online,Electronics,FR,18.0,0.1944195956766922,0.2447872196521579,1,1
2160,228,81.2524745624584,POS,Travel,FR,20.0,0.12527053538873104,0.019862989097576257,0,1
175,681,125.65254861967509,ATM,Clothing,TR,10.0,0.18696278353517762,0.06731189788192832,0,1
6484,281,222.90801698516273,POS,Electronics,UK,9.0,0.49670157531142517,0.4741761267223335,0,1
1590,210,590.4278682097389,Online,Grocery,US,12.0,0.370133343684721,0.13568304069906725,0,1
8881,803,71.49925448547606,POS,Grocery,DE,13.0,0.13882720246789104,0.0755248625128891,0,1
5651,289,823.3942412824163,POS,Travel,DE,12.0,0.45494399283793313,1.0,1,1
8495,100,107.81041037809132,Online,Clothing,FR,10.0,0.2867807266298425,0.05666371182396929,0,1
2417,870,58.292389908826905,Online,Clothing,TR,5.0,0.15933921293622164,0.12892954941750684,0,1
3630,14,89.37240420745862,Online,Food,TR,10.0,0.1496085693357887,0.03939511808672544,0,1
1116,326,903.4189554910841,ATM,Travel,UK,17.0,0.38505510233189266,0.3085646227283416,0,1
6425,177,478.23734480893165,POS,Electronics,TR,18.0,0.2773299107955806,0.24298261007787894,0,1
5739,130,35.70573433788781,ATM,Food,DE,6.0,0.010901595003584142,0.018456093411390755,0,1
3312,555,460.96689288718187,ATM,Travel,TR,21.0,0.2597896465458429,0.14271720891888573,0,1
7249,440,171.46158268810413,Online,Grocery,UK,5.0,0.5248593954714041,0.8581798787375186,0,1
8432,646,451.46560425539997,POS,Clothing,DE,13.0,0.20616598441853107,0.3401588431286177,0,1
3562,197,1251.17318528078,ATM,Clothing,NG,8.0,0.28501025775437433,0.47387067580465475,0,1
422,902,116.85481992678181,Online,Food,US,21.0,0.2785854966048561,0.12514787312238607,0,1
5591,10,346.97323153074905,POS,Grocery,UK,9.0,0.12782269205348099,0.09522582428842394,0,1
557,374,648.5453079797205,QR,Travel,DE,8.0,0.09504171921565172,0.21085638253089448,0,1
4001,731,128.27451540148004,ATM,Food,DE,22.0,0.053027387108328536,0.07841148865639203,0,1
3073,491,496.6678670938198,QR,Electronics,FR,22.0,0.309849427217008,1.0,0,1
1343,617,363.29844497466877,ATM,Food,DE,20.0,0.12232303705018616,0.06228495046769715,0,1
7154,409,67.99554388064874,ATM,Electronics,UK,18.0,0.1212496271722083,0.23195209218439283,0,1
3834,263,4.1225395355211685,Online,Grocery,DE,19.0,0.04047473295760679,0.03820442621005016,0,1
3797,903,54.14544012304443,ATM,Food,UK,23.0,0.20847140990637297,0.046743013344407704,0,1
1265,136,185.91143958445426,Online,Clothing,DE,18.0,0.06940398107774741,0.5007444004868637,0,1
4037,275,119.4188520453466,ATM,Grocery,FR,17.0,0.10396308099040379,0.07849104275203694,0,1
5672,178,954.4658471933025,POS,Food,TR,8.0,0.37966482331579204,0.20012753163970728,0,1
6848,896,52.03828485004633,ATM,Food,UK,4.0,0.23456418516506808,0.21533843223958765,1,1
2909,792,10.019128118567894,ATM,Electronics,FR,22.0,0.08393324491065311,0.013919335299683613,0,1
2932,581,122.53359190098068,ATM,Grocery,UK,11.0,0.14132441044870117,0.161015977788972,0,1
9870,378,9.747363257317517,ATM,Food,US,4.0,0.13796289206650514,0.276330927575523,0,1
6178,432,254.3473910157999,QR,Clothing,FR,11.0,0.1351187083639494,0.4369379186780309,0,1
3854,498,506.6912584624264,ATM,Travel,US,21.0,0.12464408121443313,0.06028522807765592,0,1
3266,478,455.109744187092,Online,Food,US,22.0,0.13572001765104774,0.04664177115303504,0,1
395,717,63.34078860143959,QR,Clothing,DE,18.0,0.12213210372238321,0.10302681056925327,0,1
1577,359,405.77034812281715,POS,Food,DE,14.0,0.08909629622952661,0.17308670410896254,0,1
4839,228,13.390704976344121,QR,Travel,FR,21.0,0.0686292676545674,0.04780747297863927,0,1
509,603,177.53556967620676,Online,Travel,TR,18.0,0.1001306435223457,0.1073737394306216,0,1
2728,281,15.7171347640483,Online,Clothing,US,12.0,0.18876785266840843,0.3761980041004388,0,1
2848,748,363.6708320763157,QR,Grocery,US,3.0,0.634058446011209,0.2885895828162456,0,1
2427,252,0.0,ATM,Food,DE,22.0,0.02377669458106136,0.2964912338688613,0,1
4694,77,103.83866483922456,POS,Travel,UK,21.0,0.08153080727814119,0.32147862475315647,0,1
7110,875,503.40108533993833,ATM,Electronics,UK,14.0,0.164837611706824,0.13082148001571778,0,1
1376,711,245.7109601380635,QR,Grocery,DE,8.0,0.6507387845361244,0.0716023344353537,0,1
4206,894,478.9913958584007,ATM,Travel,TR,14.0,0.19704811033881045,0.12949438383006576,0,1
3378,280,1152.6715492696273,Online,Food,UK,14.0,1.0,0.6122245547751666,0,1
3860,677,170.087901473358,Online,Electronics,UK,13.0,0.3672643534732263,0.2190206523794208,0,1
5079,617,97.0603664318088,Online,Travel,UK,20.0,0.2822298287036687,0.1052514306844281,0,1
5416,562,85.91656982332455,QR,Food,DE,9.0,0.3023325091375143,0.06821025542731735,0,1
4880,366,340.23719543238826,Online,Grocery,US,12.0,0.13507332323303564,0.32324548675563525,0,1
439,191,132.47165927525185,POS,Grocery,TR,14.0,0.34640269999167256,0.1598903912806919,1,1
2720,148,145.60051186670844,ATM,Clothing,UK,3.0,0.4581410277926183,0.4028823447341168,0,1
5284,759,51.90355511246723,QR,Grocery,FR,5.0,0.1108740112582153,0.21094701121480108,0,1
721,888,62.073251904992944,Online,Grocery,TR,23.0,0.019529730396114407,0.04925112278245706,0,1
2746,649,301.0108052633213,ATM,Clothing,FR,10.0,0.027592330147506637,0.13037778907438738,1,1
7751,259,624.2025553740116,Online,Food,DE,5.0,0.385160824377457,0.1347020959974449,0,1
8890,500,43.783502103505406,QR,Travel,US,19.0,0.03828231664274201,0.052141062538685404,0,1
8895,698,394.5121216448851,POS,Electronics,UK,5.0,0.11179224152008564,0.330072605602305,0,1
8972,865,144.2007792734488,POS,Grocery,DE,15.0,0.3320034484962542,0.034344570891444576,0,1
8093,883,265.920931786377,POS,Travel,DE,18.0,0.12781452558389783,0.1762633992185251,0,1
2943,894,461.901448718502,ATM,Electronics,US,17.0,0.3519591231330863,0.20848068477506174,0,1
6726,266,74.61894933234805,ATM,Electronics,FR,10.0,0.10432668571247646,0.10642710952819569,0,1
8655,693,281.61502605949994,ATM,Food,UK,7.0,0.539050946200912,0.6298551398443153,0,1
7022,85,255.6946330003417,POS,Electronics,DE,6.0,0.17309994710210047,0.15741792791357273,0,1
8120,67,24.91462428376834,Online,Travel,UK,12.0,0.5631875869402607,0.275592845048483,0,1
3874,106,431.1734189346491,POS,Grocery,FR,22.0,0.34158751092606515,0.19343334127858153,0,1
6448,852,274.43332409657893,POS,Food,US,14.0,0.1492234847715854,0.09742630746599462,0,1
2313,310,167.6518542489303,POS,Food,UK,19.0,0.08786412114542547,0.06704038709846176,0,1
4874,54,11.1394042606885,QR,Clothing,FR,23.0,0.23863310542046362,0.2890702735834181,0,1
562,484,63.96147338284427,QR,Food,FR,19.0,0.23039251863318236,0.19957892480599368,0,1
2185,548,264.44045433883394,POS,Food,US,14.0,0.2049222676657818,0.20326496029513222,0,1
8708,697,738.9509277835147,POS,Travel,UK,22.0,0.2630720585390649,0.35774283997870776,0,1
2908,127,111.10927306884973,QR,Food,DE,22.0,0.08564849333514174,0.23616932756225031,0,1
9697,708,503.8371221640974,Online,Clothing,UK,20.0,0.34138112979804225,0.14288493279133427,0,1
2825,425,65.82056567387912,ATM,Travel,FR,20.0,0.04645212955865876,0.15116376418927535,0,1
744,461,283.59157582551796,Online,Travel,TR,18.0,0.02066152804120578,0.04863682574397062,0,1
1709,521,74.79571460357252,Online,Electronics,DE,6.0,0.07267772991034799,0.04722755950453591,0,1
2878,113,132.02150174044388,Online,Electronics,UK,14.0,0.14653818487151837,0.039463778960702425,0,1
3757,495,108.49669421063824,QR,Grocery,US,13.0,0.08730721798950279,0.06476130630389836,0,1
9854,592,5.793924259952387,QR,Travel,DE,23.0,0.1432791505527487,0.04794148375260817,0,1
9077,831,341.4255863458074,Online,Grocery,UK,19.0,0.1703816752046918,0.27365172839620744,0,1
8049,254,1.3507845046926037,QR,Electronics,TR,12.0,0.23073246777839432,0.015894454141842738,0,1
5522,63,0.0,QR,Electronics,FR,14.0,0.09665268842569678,0.03375355521893695,0,1
5681,172,76.09159619270385,QR,Food,DE,8.0,0.25988767845393246,0.2841232376664698,0,1
8459,583,50.320806966495894,Online,Electronics,DE,18.0,0.09378900024810781,0.09271475477539012,0,1
8109,403,70.65924868316426,POS,Electronics,TR,13.0,0.12562028236977843,0.018869765941838063,0,1
9549,332,500.2529607248947,ATM,Grocery,UK,2.0,0.22384602294636116,0.5101453656152801,0,1
8803,959,152.83004982666756,ATM,Clothing,US,8.0,0.16053578272548094,0.07157870281176155,0,1
9708,72,45.37785875275425,QR,Clothing,US,7.0,0.18028003659470754,0.40136825259593095,0,1
3515,438,185.47686737470153,QR,Food,DE,20.0,0.03078791117921008,0.06720429044943381,0,1
8757,76,27.281674251145127,ATM,Travel,US,22.0,0.03669014636931245,0.05282856197431909,0,1
1769,292,24.223987986390945,POS,Grocery,US,4.0,0.08210130732422816,0.06179560458487244,0,1
5099,117,81.58509284540072,Online,Clothing,DE,16.0,0.1126755385572295,0.07156729365001306,0,1
2364,868,111.57189883478833,POS,Travel,TR,10.0,0.06930017906916525,0.041163601931385005,0,1
87,25,511.6688519922991,Online,Food,US,12.0,0.024416188858274564,0.16829927687816337,0,1
9241,427,78.20318007738408,Online,Grocery,US,17.0,0.09046632087014023,0.00910399531487742,0,1
6987,443,315.68259314569417,QR,Travel,FR,15.0,0.3715510309737457,0.11704460651479066,0,1
2835,473,496.1845331952973,QR,Travel,FR,3.0,0.3849065210467554,0.33863404377049744,0,1
9351,652,28.18159339869537,POS,Travel,US,21.0,0.09973601115223643,0.14289584709593703,0,1
8297,322,34.002503463872344,QR,Travel,DE,10.0,0.03344853919820469,0.10996995706674617,0,1
9635,86,58.951002695503036,ATM,Clothing,US,22.0,0.044242945101602614,0.36334697585387793,0,1
2361,330,19.679112256473157,POS,Clothing,UK,12.0,0.14372977386698485,0.37208644827066323,0,1
1255,537,14.700078947859197,ATM,Clothing,US,22.0,0.25022389552794766,0.22898900283585727,0,1
1524,731,13.807246465778066,POS,Food,FR,22.0,0.05859093950700188,0.3321645790903502,0,1
1668,439,63.755725748056136,Online,Clothing,TR,19.0,0.49423668873674864,0.06785482597396329,0,1
5671,766,459.0261545744015,QR,Travel,DE,20.0,0.305755003970142,0.4132343939007892,0,1
9287,84,43.76568116293173,Online,Clothing,DE,15.0,0.10859667789758756,0.07984158077474462,0,1
6146,830,96.8523731866152,ATM,Travel,TR,13.0,0.3271349395715364,0.12771788198890652,0,1
1891,638,0.0,ATM,Electronics,NG,23.0,0.03235989445463677,0.07391264392071134,0,1
4968,586,384.1711160116712,ATM,Food,US,18.0,0.605985441929189,0.05968849516623626,0,1
4672,778,1210.3547959423267,Online,Food,FR,19.0,0.7284078106232681,0.29157189278185097,0,1
1141,169,500.7068361682121,Online,Electronics,DE,19.0,0.36230103008679265,0.10939267572932206,0,1
7700,828,160.91162217943548,POS,Food,UK,11.0,0.16126508557953786,0.11211811534912733,0,1
1103,910,46.030469243865824,POS,Food,UK,17.0,0.0894192499590222,0.10141488365924775,1,1
4082,894,49.79795480706308,ATM,Food,TR,11.0,0.0553788280324237,0.11254046027250655,0,1
249,114,525.1905821500643,POS,Electronics,DE,18.0,0.7995044184954005,0.4251331799722996,1,1
1592,444,32.13305107931669,ATM,Clothing,TR,22.0,0.12081172039290403,0.19993277017813188,0,1
2246,572,628.0666661709446,QR,Travel,NG,5.0,0.1242567851616504,0.1984541471409879,0,1
2529,368,136.7240365239019,Online,Clothing,DE,4.0,0.04677803779592472,0.12348733486068593,0,1
5520,21,236.37357307134266,Online,Electronics,US,2.0,0.33807409234629876,0.16215890243227407,0,1
5158,731,5.740183225938287,Online,Grocery,DE,13.0,0.05020896331592627,0.07258961013123175,0,1
1055,869,460.10060721820224,POS,Grocery,US,14.0,0.21293843773996068,0.2529007355414218,1,1
5391,497,518.8807388269096,Online,Travel,DE,18.0,0.18974729571550916,0.14557728175832207,0,1
1033,863,630.3832503766213,QR,Electronics,DE,13.0,0.2884426524849314,0.43124468555959616,0,1
4409,869,28.109507777130187,QR,Travel,UK,9.0,0.2456304425744548,0.1374450480799715,0,1
1986,567,14.315002654106856,QR,Electronics,UK,16.0,0.19450035262380927,0.04050753191037381,0,1
7675,40,313.46892143940715,ATM,Clothing,FR,15.0,0.5269148294166152,0.3009105986604813,0,1
8482,103,1259.5356990171288,ATM,Food,TR,21.0,0.23193017920585798,0.2310511678435721,0,1
4637,633,19.148210703828955,POS,Grocery,TR,20.0,0.5361999612107627,0.17903036604890968,0,1
1324,728,412.62863355103076,QR,Electronics,DE,9.0,0.15595088150820977,0.6703939762489852,0,1
9315,143,109.54467011805261,POS,Travel,UK,14.0,0.07236690855017153,0.10767536691005923,0,1
6076,772,150.15012625386942,ATM,Grocery,DE,19.0,0.5030938447321557,0.16061507708172262,0,1
8010,608,0.7788215800196645,POS,Grocery,TR,22.0,0.23266130539237218,0.5348369625339678,0,1
6872,595,23.647332590181062,QR,Electronics,UK,19.0,0.09373790364438674,0.07771337160902321,0,1
4372,753,24.76769426866609,Online,Electronics,DE,19.0,0.13131976452999036,0.1544632485401084,0,1
1534,395,7.887228745285497,POS,Clothing,FR,12.0,0.32072730910691666,0.08974402947240637,0,1
6938,621,6.529556978720756,Online,Travel,UK,10.0,0.33221953480465904,0.4618295429087046,0,1
8635,142,4.0242245312247125,Online,Grocery,UK,11.0,0.5138090962797551,0.2772947177898282,0,1
8612,110,402.3751970986626,POS,Travel,FR,21.0,0.05488941945731304,0.27010843036628013,0,1
4703,320,289.82640729552526,ATM,Food,DE,18.0,0.2756748547962294,0.3659435991548237,0,1
3194,254,331.6954119887492,Online,Food,DE,22.0,0.6212728253840648,0.406105344903676,0,1
4207,731,190.58828314041594,Online,Grocery,FR,7.0,0.07157590625394222,0.044022194104138684,0,1
4371,185,50.49208525051383,ATM,Clothing,US,17.0,0.41666695789155134,0.5155944370187914,0,1
1346,334,647.93397982457,QR,Grocery,DE,13.0,0.11556624663528105,0.5123934606747779,0,1
282,939,19.390035189481633,Online,Clothing,DE,23.0,0.20295311400455696,0.0720247039514907,0,1
4441,53,413.5911464431838,ATM,Electronics,UK,20.0,0.13655804195354027,0.1060140216103588,0,1
3835,830,444.19605369345885,Online,Electronics,FR,8.0,0.14186688947220166,0.27377250042940643,0,1
8057,551,27.051209413026527,Online,Food,US,12.0,0.22792471567074057,0.04448224449527435,0,1
8894,792,133.6125746952173,Online,Clothing,DE,23.0,0.377018721232692,0.6930699372686177,0,1
9721,900,114.10694373608641,Online,Clothing,FR,21.0,0.14597079840781516,0.46676933283203625,0,1
9343,919,47.20968843565655,ATM,Clothing,US,15.0,0.11122214113698844,0.03473170979380555,0,1
7985,756,15.643740275560452,POS,Clothing,FR,16.0,0.10717168431277732,0.1855412031808942,0,1
5761,996,177.34317198644408,QR,Travel,DE,20.0,0.30695043400301036,0.2240352473899546,0,1
3640,884,30.31489064476092,POS,Clothing,TR,12.0,0.1335164461744795,0.31719501962531577,0,1
826,294,299.6488032278125,QR,Clothing,UK,4.0,0.18959396171013015,0.4409545876636461,0,1
406,6,122.12710329665012,ATM,Clothing,DE,20.0,1.0,0.2399270651759237,0,1
460,620,90.55306142142143,POS,Grocery,FR,20.0,0.22631594658273585,0.39540466831566656,0,1
5496,206,185.86122925066678,ATM,Food,FR,10.0,0.15390695382931555,0.14280065195086664,0,1
2854,432,155.8821343887125,ATM,Food,FR,2.0,0.2894456928738013,0.15752019601060221,0,1
6961,378,214.14624904324154,POS,Electronics,FR,7.0,0.2953541630217407,0.06869401846100574,0,1
9133,325,37.68683131552853,Online,Electronics,FR,20.0,0.09862273352642699,0.16199747287852145,0,1
7200,780,572.8558218477734,ATM,Clothing,US,18.0,0.28216088482098295,0.6234864574775238,0,1
9093,609,39.82826910647584,Online,Food,US,23.0,0.377719992598304,0.3807130734630379,0,1
1262,630,259.3503774195861,QR,Electronics,UK,11.0,0.11535156010506732,0.1532173080597081,0,1
298,731,192.00992604755692,POS,Food,DE,18.0,0.20160309625986692,0.37703728003298703,1,1
6566,452,135.2850099825245,POS,Clothing,UK,17.0,0.09695308214444237,0.19537831782312956,0,1
6183,128,82.41792136365758,POS,Electronics,FR,3.0,0.10544019237274914,0.23559124553669844,0,1
4339,441,63.695146506609845,ATM,Food,US,8.0,0.050487990459215475,0.1818241626155171,0,1
4690,134,565.6252558942706,Online,Grocery,UK,14.0,0.12088450712686326,0.4136828575201526,0,1
8080,294,64.48414251323139,POS,Grocery,TR,9.0,0.14165126401450218,0.04049636145899285,0,1
4084,56,143.27728809518487,POS,Grocery,DE,20.0,0.4401900205693879,0.2476956162083931,0,1
6709,683,400.6472522776839,POS,Electronics,US,18.0,0.07329005535588272,0.062457824013183956,0,1
5467,903,149.13754915155795,ATM,Food,TR,10.0,0.1105445440649758,0.04074969065914599,0,1
6018,519,61.871091063483284,POS,Food,FR,7.0,0.20863245184855878,0.393757101355645,1,1
5738,799,156.61413508124457,POS,Clothing,DE,14.0,0.25419976006760725,0.35344175677695544,0,1
5585,889,119.30470517306057,ATM,Travel,FR,21.0,0.013266141220526863,0.1705867342996402,0,1
6990,334,162.30226510150888,ATM,Electronics,TR,15.0,0.08080578751425385,0.10783078360984548,0,1
4639,897,530.2943736358287,POS,Grocery,US,10.0,0.3650973647803059,0.1572457301482594,0,1
9316,663,462.1293318193104,ATM,Electronics,FR,9.0,0.08309173573441038,0.07473653165609694,0,1
4943,843,316.38303329337714,Online,Grocery,UK,10.0,0.23714571730786901,0.23406632251040801,0,1
6025,764,85.10180920429463,QR,Electronics,FR,20.0,0.7349008327648509,0.30816328347555905,1,1
8376,990,0.0,ATM,Electronics,UK,9.0,0.09261564935402186,0.148648791633007,0,1
4606,591,17.562673659250617,POS,Electronics,DE,4.0,0.33512405531665557,0.10179195395748261,0,1
5166,777,21.389902917147097,Online,Food,US,21.0,0.08046557310096315,0.1270675038017099,0,1
6513,910,422.1814858948173,ATM,Grocery,DE,16.0,0.1590910659298169,0.16425216401135503,0,1
5299,319,308.0488575460532,ATM,Grocery,US,7.0,0.10837418002462137,0.046455217732046646,0,1
7359,999,52.77718868232344,QR,Electronics,FR,15.0,0.07220964706603827,0.1666379175372822,0,1
3118,952,287.49568313628777,QR,Travel,US,22.0,0.25130752324385597,0.06590622067786583,0,1
4572,574,12.269746837456292,ATM,Clothing,UK,14.0,0.01352088930773333,0.11797090703921624,0,1
3992,520,59.561444735537876,POS,Clothing,UK,12.0,0.18248884992809156,0.0890223882991098,0,1
9916,130,206.9801742588776,POS,Clothing,US,16.0,0.3456852019000028,0.14995511766900227,0,1
9942,409,28.082063133429646,QR,Food,TR,23.0,0.0828404130130107,0.023051806834309723,0,1
255,462,48.21540767413683,POS,Food,TR,18.0,0.21465546355634363,0.29798288710146315,0,1
397,919,48.688939041599674,Online,Food,FR,11.0,0.2772288944031433,0.16725731974750302,1,1
1223,935,17.67507157153486,Online,Electronics,DE,19.0,0.1896770064245407,0.0576119935867313,0,1
2118,609,5.511818988891381,QR,Grocery,FR,6.0,0.07465500214406003,0.031172322487601545,0,1
1924,731,41.16776204611516,QR,Food,DE,9.0,0.3967883134202285,0.15550081476798056,0,1
8953,492,470.16264857450864,ATM,Clothing,UK,8.0,0.3748183589310381,0.15384849555424832,0,1
8222,790,373.69199417477233,QR,Grocery,TR,20.0,0.04227088036064253,0.33064712317282957,0,1
5386,402,250.19035530525903,Online,Clothing,US,21.0,0.10291921710402378,0.45220521169193606,0,1
6152,896,10.474814868191078,POS,Food,DE,4.0,0.22383551091122109,0.27419117268270127,0,1
1934,511,98.44836189821334,QR,Grocery,TR,16.0,0.10171975312128284,0.06034679953917715,0,1
1586,738,29.79455982172925,QR,Clothing,DE,20.0,0.14985636756927054,0.11979648969321753,0,1
2789,379,161.53851198290917,Online,Clothing,US,11.0,0.03453729896799382,0.1434441024972189,0,1
1359,941,62.65936531543282,Online,Grocery,TR,22.0,0.06925208978245154,0.06620932241980662,0,1
4780,463,6.205677934121162,POS,Travel,FR,21.0,0.14516892619962007,0.32619594340704167,0,1
5013,444,39.4925145246581,POS,Grocery,FR,20.0,0.22905531772197285,0.017403740116164423,0,1
3738,267,237.27261315518453,ATM,Food,TR,8.0,0.6420130450213106,0.44276879873623226,0,1
9910,818,250.41346987799005,POS,Travel,FR,3.0,0.3572918638935914,0.3183820690696345,1,1
924,640,56.564591860815575,POS,Clothing,TR,18.0,0.04920350672540423,0.05237634685398583,0,1
1918,554,154.2118475466839,QR,Electronics,UK,14.0,0.09688348380185115,0.11338586402306348,0,1
404,451,59.93999751750198,QR,Grocery,FR,11.0,0.14408891966873183,0.0447326000559669,0,1
2797,104,13.066608313556864,POS,Travel,UK,11.0,0.11215195410447772,0.1651149019379184,0,1
8091,674,36.98580494666248,QR,Clothing,FR,21.0,0.5109139412665982,0.11118644515652967,0,1
1325,375,1050.0917861176208,QR,Travel,US,19.0,0.04824278825783335,0.07831045670274543,0,1
7235,622,29.20129503490663,QR,Travel,UK,19.0,0.02838328147932892,0.0602195112510839,0,1
6422,893,13.335480508547803,Online,Travel,US,13.0,0.03265748526381791,0.044144547511311076,0,1
1598,655,278.53698143161597,ATM,Grocery,UK,7.0,0.15989745441456824,0.24271869031046836,0,1
9927,59,61.976036701533616,POS,Clothing,FR,21.0,0.10301085543064942,0.14725497915579014,0,1
4571,287,207.15853678581968,QR,Electronics,TR,6.0,0.4537196176800064,0.0941752293734836,0,1
5342,39,511.29063120924127,QR,Electronics,DE,2.0,0.08266643513341625,0.21294382255640626,0,1
6840,838,294.7154375346419,Online,Clothing,DE,5.0,0.3877252115754915,0.584527594291661,0,1
4226,791,391.4767483843632,ATM,Electronics,DE,15.0,0.21252660712536392,0.15189711885747995,0,1
5082,415,818.0083674228766,ATM,Travel,TR,22.0,0.5176282847328432,0.07239227402791235,0,1
9063,912,108.42476498210344,QR,Electronics,TR,3.0,0.018399654799244602,0.03695972667535236,0,1
4377,260,767.6342320654929,ATM,Travel,DE,21.0,0.4242872247168581,0.18490064370365267,0,1
4742,846,0.0,ATM,Food,FR,19.0,0.05283662222392099,0.061819385139682805,0,1
7775,157,47.59277784814158,ATM,Food,US,12.0,0.34176195679672516,0.03138672186082585,0,1
7551,805,1.4410017768520067,QR,Travel,US,21.0,0.32346601880198195,0.12100065693637714,0,1
5945,125,36.9384646791617,ATM,Food,DE,12.0,0.10391314429413327,0.07765018694253774,0,1
4768,110,4.632627069735131,ATM,Travel,DE,20.0,0.008398236568523728,0.1000242225640215,0,1
6790,180,971.0379792320142,QR,Food,TR,20.0,0.6103515398714148,0.13039231397063572,1,1
5352,547,93.52548458715422,ATM,Grocery,UK,15.0,0.15983187141971347,0.18530089074725184,0,1
7178,467,154.25689575564763,Online,Grocery,FR,11.0,0.010838632308785465,0.2438098242507382,0,1
5778,466,241.33927698023507,POS,Food,UK,14.0,0.2787437938648127,0.30005593601163727,1,1
8122,389,0.0,QR,Travel,FR,12.0,0.018166358233975805,0.06799725395966032,0,1
9073,37,268.18233864003855,POS,Clothing,UK,5.0,0.03343889648451672,0.5440795393762805,0,1
4970,129,44.73571023384494,QR,Travel,FR,11.0,0.2807378693184159,0.22741257996604577,0,1
4817,884,72.09431446170325,QR,Electronics,TR,17.0,0.03641358300473739,0.0956043846419303,0,1
9134,391,69.67032675511177,POS,Electronics,DE,22.0,0.4774374227843481,0.386028627191384,0,1
5529,263,4.26041428075722,ATM,Travel,FR,19.0,0.27260252525842765,0.09332763365363524,0,1
3207,299,124.75654231958652,Online,Clothing,FR,16.0,0.09791530611931006,0.09617090172155207,0,1
1747,749,110.93884098554766,QR,Food,DE,11.0,0.07904084446897575,0.034382650767119514,0,1
3920,374,33.435131902507905,POS,Electronics,UK,19.0,0.7261991640306428,0.10335462485184362,0,1
6406,405,27.85789300827483,ATM,Travel,TR,21.0,0.06256893948554526,0.09523801382595176,0,1
8226,235,38.33307626027188,POS,Clothing,US,14.0,0.05862115739108685,0.24741126191407256,0,1
7512,185,1389.6373306598591,ATM,Electronics,UK,16.0,0.1811970669343741,0.19948149226423884,0,1
3033,502,18.817821236879364,POS,Clothing,TR,16.0,0.3395110003200068,0.33644236010982853,0,1
5733,285,133.52786234504342,Online,Food,UK,12.0,0.39531373670025877,0.060031884561048326,0,1
2866,896,157.81308260569682,Online,Travel,TR,6.0,0.15514390248335455,0.35675047513809305,0,1
3445,36,76.04034588433464,QR,Clothing,FR,10.0,0.34458016379781853,0.04538695964679845,0,1
4499,196,42.94010364665839,POS,Food,US,8.0,0.09529550105532697,0.19971477573197643,0,1
6701,618,302.6522457193531,POS,Electronics,US,18.0,0.38058048198350475,0.3314999037706976,0,1
6487,618,13.995978557408536,ATM,Travel,TR,9.0,0.2351725832861259,0.021761848486356275,0,1
4177,896,135.86222962567612,ATM,Grocery,FR,13.0,0.11082627872616602,0.12306432969100597,0,1
3553,663,9.836024208694127,Online,Electronics,US,18.0,0.015089693281389923,0.052574699823132974,0,1
9094,972,289.8803383261513,ATM,Travel,FR,18.0,0.02930959776991384,0.054687399239129277,0,1
3893,613,268.1219697372039,Online,Food,FR,18.0,0.19042779614694777,0.2544024411987804,0,1
973,92,387.9659235633106,QR,Electronics,US,18.0,0.21272775356686555,0.1803799188087243,0,1
6480,17,69.95336269228974,POS,Electronics,FR,8.0,0.0896756129101898,0.22364350738311684,0,1
3236,755,4.4563139101959734,ATM,Clothing,FR,23.0,0.18251365538807163,0.015485354804546703,0,1
5214,146,123.15210722619034,POS,Grocery,DE,5.0,0.1390957566707388,0.26093983830023837,0,1
8767,92,115.39352611093466,Online,Clothing,US,22.0,0.3926712818136854,0.7033797240985491,0,1
4780,637,0.0,Online,Travel,TR,22.0,0.03106717844478482,0.016203624202868694,0,1
9323,659,21.340075493640548,Online,Grocery,UK,10.0,0.26083851630486604,0.16316502729755664,0,1
2339,550,188.29203943019596,QR,Grocery,US,17.0,0.17935707952880034,0.28616244209451136,0,1
6071,519,53.761206250691814,QR,Clothing,TR,15.0,0.22309259789447458,0.12368735674664072,0,1
5675,786,27.883917160064634,ATM,Food,DE,16.0,0.19096515387975505,0.1642902405899012,0,1
1333,111,18.156514813663435,QR,Travel,US,16.0,0.21798827774313118,0.13310346814235743,0,1
695,680,560.5769559050249,ATM,Travel,FR,21.0,0.18232910619044237,0.6894792550423582,1,1
7017,638,148.0356209071569,QR,Food,FR,22.0,0.2781932143561863,0.15300934876998584,0,1
7520,758,107.94057739449083,POS,Food,TR,23.0,0.012130191489677807,0.10366297587487583,0,1
3544,304,0.0,Online,Grocery,TR,19.0,0.07559971226832682,0.08080970037839133,0,1
7956,12,259.9292912114509,QR,Clothing,TR,23.0,0.0379755338197229,0.1107903163565705,0,1
6675,244,82.43649296333922,POS,Clothing,DE,17.0,0.5677257937405347,0.05571882318747811,0,1
3446,380,1122.6305420491387,QR,Food,US,22.0,0.17554311007544968,0.16419898356552817,0,1
1649,586,163.47002166787314,Online,Food,US,15.0,0.49742989963732537,0.3027043130243687,1,1
4620,325,0.0,POS,Clothing,TR,19.0,0.011963135620456823,0.04010258933595311,0,1
6997,441,327.4028506259854,ATM,Clothing,DE,21.0,0.45797616174125994,0.12967265168223477,0,1
7000,559,35.82320239070185,ATM,Electronics,US,21.0,0.16368580633565682,0.2477689579766412,0,1
7165,710,803.3911172865893,Online,Travel,TR,13.0,0.5368372222650327,0.3785764143083489,0,1
2923,430,263.7505631982008,ATM,Clothing,FR,23.0,0.31631788399937616,0.30652450437956713,0,1
4254,960,235.15040870805035,QR,Food,TR,21.0,0.14222972685782814,0.04129823317794277,0,1
8455,728,111.5026674435793,QR,Grocery,FR,13.0,0.13843434748509378,0.09842270758069295,0,1
6021,231,17.818773884345998,POS,Food,FR,15.0,0.027581850036152815,0.07235020941159273,0,1
5245,219,705.2686290707333,Online,Electronics,US,19.0,0.3804116768424395,0.22589518836286532,0,1
9272,512,166.46807799466973,Online,Travel,UK,11.0,0.3332937559664906,0.15300705881080223,0,1
2070,527,216.43543115017175,POS,Clothing,US,20.0,0.5651643854169036,0.1230845549456982,0,1
1194,687,19.802476663071158,Online,Food,US,11.0,0.027049987295438983,0.2843884314253942,0,1
2906,676,360.63155488597323,QR,Food,TR,15.0,0.010765823572799406,0.11337678373761267,0,1
4734,107,88.72610994005711,Online,Electronics,US,16.0,0.6412580613406863,0.18570232374228612,0,1
9200,725,25.522725306231443,POS,Travel,NG,16.0,0.06190632813122957,0.23992489634698322,0,1
9889,687,144.0451776541219,ATM,Grocery,US,19.0,0.15240496043746732,0.28888662682068095,0,1
4653,883,55.932353370406275,Online,Food,US,10.0,0.2621073082379509,0.526965890060802,0,1
8464,11,272.7048392671434,ATM,Electronics,UK,12.0,0.10283861768230584,0.25912244462528217,0,1
5975,267,206.08276565257552,QR,Grocery,FR,8.0,0.2747512324521314,0.514082729465257,0,1
208,89,577.7481262902832,QR,Grocery,FR,11.0,0.25154961965187467,0.14542149361290513,0,1
5998,713,38.491653000534164,Online,Electronics,US,7.0,0.1228930672019197,0.024525918762896913,0,1
5724,555,227.71518575009182,POS,Travel,FR,22.0,0.0917033067114938,0.11323667524982761,0,1
8674,211,335.40970501032564,Online,Food,FR,16.0,0.08505558295842754,0.25560784659073216,0,1
264,333,461.12655220662185,Online,Travel,US,18.0,0.1544601336458717,0.16504097944513801,0,1
1284,765,177.2414536835917,Online,Grocery,TR,5.0,0.2900454212105556,0.15465124892125792,0,1
6326,428,112.86816046598369,Online,Food,DE,18.0,0.08057982513740693,0.20044088222659967,0,1
78,993,30.818227175558796,POS,Food,UK,20.0,0.043607369976422394,0.07083500817517138,0,1
5774,949,267.0627155251665,QR,Electronics,TR,15.0,0.044824544925927634,0.05586885683688741,0,1
1985,125,313.5385738148148,ATM,Travel,TR,13.0,0.07580533354068561,0.14384820937810755,0,1
2673,902,199.7575683916087,QR,Grocery,FR,22.0,0.1254580941748164,0.10563944471417346,0,1
5499,850,8.683620895355272,Online,Food,US,16.0,0.05061775129647366,0.03861640478305234,0,1
9991,447,104.20307478004457,POS,Electronics,FR,10.0,0.13871255254342552,0.11940701019001485,0,1
2877,600,89.864224341325,QR,Electronics,US,9.0,0.12345601096449152,0.1684912474328279,0,1
9549,625,189.22507332438272,ATM,Electronics,UK,19.0,0.22932961180044145,0.04542302131527034,0,1
5835,862,0.10073663676252309,QR,Clothing,TR,17.0,0.14194648720907885,0.09566119503454246,0,1
9242,316,600.3153040451703,QR,Clothing,TR,18.0,0.3060073183594536,0.2557210682364311,0,1
9603,138,36.879154656119645,POS,Electronics,TR,8.0,0.1291864099430712,0.08149419082188795,0,1
3720,419,665.0054984521533,QR,Travel,FR,22.0,0.6408515526982359,0.6651422984334983,0,1
4572,896,142.74917264852465,ATM,Electronics,DE,11.0,0.4896133336113455,0.0564115142341423,0,1
7325,926,481.7245661812882,Online,Food,FR,17.0,0.2978603773072873,0.14776342144634771,0,1
7136,31,447.3131480705824,ATM,Travel,DE,20.0,0.1934570668117799,0.5078663720162616,0,1
4251,719,106.17690492115669,Online,Food,FR,18.0,0.09446120315387743,0.2715635210348073,0,1
3899,884,48.52127771237431,Online,Clothing,FR,19.0,0.5061985665478714,0.2065378571624057,0,1
299,67,569.9563815796004,Online,Clothing,TR,17.0,0.4220603761273483,0.2579812594053277,0,1
9867,420,139.06187632297562,ATM,Travel,DE,21.0,0.3220966873899633,0.10861479444243816,0,1
6651,843,49.917936138074076,Online,Clothing,FR,14.0,0.1444068885641361,0.05952704714899166,0,1
693,618,177.69859958447748,QR,Grocery,TR,15.0,0.344926537255414,0.1267641360277841,0,1
1861,591,616.2416734937713,POS,Travel,DE,8.0,0.10771153719460372,0.14065272309272814,0,1
5981,273,5.624604182087294,QR,Electronics,DE,18.0,0.07124342710627164,0.13911686967330092,0,1
4600,197,180.58069277370575,QR,Electronics,DE,15.0,0.4301988220479729,0.7864542704631647,0,1
9603,223,25.004532361915714,Online,Grocery,UK,14.0,0.03216706345285109,0.14132052068931045,0,1
8925,600,281.29613737448585,POS,Clothing,US,17.0,0.3243994762147498,0.18666043673251223,0,1
6285,31,157.85848996691584,QR,Clothing,UK,15.0,0.582908786958974,0.41991288876924004,0,1
2916,715,105.0988873039705,POS,Travel,UK,23.0,0.227683024969327,0.13425231807292426,0,1
9934,119,636.4641986237791,POS,Clothing,TR,15.0,0.44756092472516207,0.1903456302587716,0,1
409,381,175.60316913317885,Online,Travel,FR,19.0,0.12282566819032352,0.2763601188577683,0,1
6892,208,471.20722337802096,QR,Grocery,DE,3.0,0.650486947860306,0.4384913773074841,0,1
7888,574,138.73839336145096,ATM,Grocery,NG,13.0,0.04104641957294034,0.10991982737499016,0,1
257,637,457.27749775568736,POS,Clothing,FR,20.0,0.03405888580656947,0.23319468590419135,0,1
8389,773,7.526409114132577,Online,Grocery,UK,8.0,0.19893170419596895,0.23561768646028886,0,1
8001,536,137.9915732792729,QR,Clothing,US,6.0,0.04755950273556922,0.07766019338695712,0,1
9614,175,62.78899637970968,ATM,Clothing,FR,5.0,0.7606719965062423,0.17521919579329467,0,1
4974,991,132.97245964835818,ATM,Electronics,UK,15.0,0.175505893678075,0.7034619202686949,0,1
5511,735,294.6316534860986,ATM,Electronics,UK,3.0,0.0751712024214385,0.0430633365644439,0,1
1003,810,98.76036393823489,ATM,Travel,US,11.0,0.04283601586742329,0.08710777875389139,0,1
3034,718,2.5264869620994004,Online,Grocery,UK,3.0,0.13931342688575474,0.11909837999778382,0,1
6931,863,178.1532820614104,QR,Clothing,US,7.0,0.43083690329332647,0.38373032410041064,0,1
8260,991,91.97891213054807,Online,Electronics,DE,17.0,0.1553970261549782,0.031525044276830914,0,1
1018,220,81.3139489234223,POS,Grocery,US,12.0,0.28775583528344545,0.09328627594073777,0,1
5280,868,719.1470047350185,QR,Electronics,TR,16.0,0.2322481045707978,0.16529295038100505,0,1
4986,600,90.41137347197974,POS,Grocery,TR,15.0,0.287548526480569,0.4001038083192275,0,1
5776,929,186.2958955305826,QR,Travel,TR,13.0,0.33588801130262486,0.2196466206284471,0,1
6054,78,16.36566830957024,QR,Travel,FR,15.0,0.06362607022415746,0.11972366993977089,0,1
7377,208,22.36847506879638,QR,Travel,UK,11.0,0.05018321759670699,0.07271917024371036,0,1
5301,970,13.956494285239078,POS,Clothing,FR,22.0,0.013347348481188558,0.018278753422351843,0,1
6168,496,180.7899085798524,QR,Grocery,US,22.0,0.5779882134611946,0.41565398817789495,0,1
3190,198,17.635354421945372,ATM,Food,DE,12.0,0.08665948937981705,0.08255261202751077,0,1
4028,197,308.6607959934505,POS,Grocery,FR,3.0,0.08588364723763904,0.2833837685989274,0,1
4419,722,192.0402770854609,QR,Clothing,UK,11.0,0.2794303537475258,0.3474952873559281,0,1
1460,466,8.041076019451292,POS,Travel,TR,21.0,0.03957044317267343,0.1456325244936506,0,1
1900,738,76.86826030462522,Online,Travel,UK,22.0,0.16787332886648865,0.39588857812182504,0,1
6781,485,617.3307692637916,QR,Clothing,US,7.0,0.3508929844540776,0.22895065350725496,0,1
578,601,12.869578697408967,QR,Electronics,US,12.0,0.09875019963533899,0.03873956540365298,0,1
2585,992,848.1722914132131,POS,Grocery,TR,19.0,0.13241503877915212,0.4227593574908925,0,1
4714,537,349.4757166567174,ATM,Travel,FR,22.0,0.12911037822990504,0.05281081940822229,0,1
6526,294,15.309327307154604,ATM,Clothing,UK,23.0,0.08759256596559037,0.06122484806091709,0,1
981,966,41.17470725385337,Online,Grocery,UK,18.0,0.321010066466628,0.21010551125118257,0,1
372,120,1.7538859919682255,Online,Travel,DE,17.0,0.0654058107431622,0.05128298776326999,0,1
173,504,46.89027925182206,ATM,Clothing,US,18.0,0.16623136538659292,0.03829310492205777,0,1
7115,689,5.254313490223785,Online,Food,FR,13.0,0.04210473231601193,0.015690026289487805,0,1
9729,490,24.691744477727468,Online,Electronics,UK,19.0,0.3465581189636315,0.3554882445319737,0,1
5442,856,34.05058024039978,POS,Electronics,UK,21.0,0.012809059572241132,0.08200640739717203,0,1
4865,195,43.662722115338795,POS,Electronics,UK,21.0,0.07387032139104231,0.1539984389992265,0,1
8415,518,181.39041278824058,QR,Electronics,FR,19.0,0.0120644714018765,0.13128976285883373,0,1
7555,427,39.04038567059128,POS,Food,FR,16.0,0.193017606968354,0.09692296247844498,0,1
6117,255,15.935758606915114,POS,Travel,FR,11.0,0.11328861642624176,0.27637149616306744,0,1
2448,223,157.30411681038245,Online,Electronics,UK,19.0,0.05580117483683685,0.10328015522474455,0,1
9243,693,78.84892669127896,ATM,Grocery,UK,14.0,0.19894189705397045,0.15049892373036305,0,1
2180,948,136.33770536541476,QR,Electronics,FR,17.0,0.4965781446630487,0.851521517227222,0,1
9098,43,141.09357071657098,ATM,Food,FR,5.0,0.09792171081974091,0.042835898886990076,0,1
8392,618,81.09529157554145,QR,Food,DE,14.0,0.27081303262564715,0.1176031401174772,0,1
6533,697,100.56907232985648,POS,Travel,DE,14.0,0.10040831199348159,0.09967301691827225,0,1
8367,313,285.04033245774536,QR,Electronics,TR,19.0,0.3275052239889747,0.4962559002372065,0,1
2198,400,185.0052790288938,ATM,Clothing,TR,9.0,0.04899247642171044,0.05434339967427665,0,1
6612,682,366.7112935627618,POS,Electronics,FR,9.0,0.2660785983232103,0.5121925299850364,0,1
3969,803,368.6452507000004,Online,Travel,DE,6.0,0.2347354225333716,0.286009126775452,0,1
202,150,744.6830688978685,QR,Travel,US,10.0,0.10456021102057687,0.3144504834046655,0,1
2022,659,74.80527093057344,QR,Food,TR,22.0,0.17927883850931692,0.02331031752489872,0,1
5072,255,317.80740623841314,Online,Grocery,US,12.0,0.42823187475999835,0.16220292353751445,0,1
9183,149,425.8807500545485,QR,Travel,NG,20.0,0.142001836859902,0.3071868706395068,0,1
8310,727,7.362730627546141,ATM,Clothing,DE,22.0,0.12342309690661415,0.1529535090341526,0,1
5899,204,62.19090788579663,QR,Travel,TR,18.0,0.009518207563913196,0.21647641486839725,0,1
8129,79,87.69018278953948,QR,Grocery,TR,14.0,0.5033649346374864,0.2583154111476786,0,1
8580,321,167.39848985127364,QR,Food,US,22.0,0.24680320453091462,0.304953669427255,0,1
3272,113,20.80109857051462,POS,Electronics,DE,23.0,0.39931659128069924,0.09346003577434503,0,1
2791,994,116.78594122109014,Online,Food,FR,9.0,0.15269161421047717,0.03326744094134975,0,1
603,871,81.5473111875072,QR,Grocery,FR,23.0,0.13611717840116902,0.014619331296810856,0,1
8146,620,1046.9745292919313,QR,Food,DE,2.0,0.23928920199118464,0.14223485481562698,0,1
1455,672,153.80847551622497,QR,Grocery,DE,8.0,0.40692985745873567,0.3043107952357686,0,1
7270,803,344.9459042659875,POS,Electronics,US,21.0,0.9949013862858652,0.44158096801908364,1,1
356,411,134.28014895100122,QR,Electronics,TR,7.0,0.11482576628296906,0.031041971269435517,0,1
1283,914,274.78445685829126,POS,Electronics,DE,10.0,0.03237059412525995,0.08459334370551182,0,1
4793,987,25.584691782686352,ATM,Grocery,US,17.0,0.1355150760629669,0.04025412415928702,0,1
1069,858,15.073504580952859,Online,Clothing,TR,19.0,0.03551633661994388,0.05657708970219612,0,1
8135,57,160.1479861090674,ATM,Grocery,TR,23.0,0.46808445852454444,0.084606983019581,0,1
7925,350,22.47272563834619,POS,Electronics,US,18.0,0.12887781428122969,0.1832438911466491,0,1
8170,548,353.8183797088878,Online,Electronics,DE,17.0,0.3913470927099069,0.045586170391051256,0,1
8479,138,98.81251764623487,ATM,Electronics,DE,22.0,0.02592845216202616,0.43248434583496054,0,1
8997,142,366.46222081432785,POS,Grocery,US,19.0,0.4055006692130365,0.07226073837017542,0,1
7021,101,221.46103613629904,POS,Travel,US,20.0,0.7302811867662979,0.501023212135682,0,1
500,779,483.5542364843643,ATM,Electronics,US,23.0,0.4477577359368888,0.5181624142361664,0,1
2630,372,44.40889935475233,Online,Clothing,TR,10.0,0.053192676151908314,0.3030297008408124,0,1
4525,920,17.401734399266726,Online,Travel,FR,16.0,0.10755392053831135,0.1840771225347096,0,1
8578,270,54.97536769708883,Online,Clothing,US,22.0,0.04544097523677947,0.11990843625961689,0,1
6002,405,32.45758164794027,Online,Electronics,UK,17.0,0.12145693200338452,0.05681361609834086,0,1
8202,991,2.3411059027479144,QR,Clothing,UK,23.0,0.1377680599868882,0.17774864904960705,0,1
1922,746,33.085133656925585,QR,Grocery,TR,5.0,0.011820899998182399,0.12957751136029963,0,1
2742,487,200.7659912955938,QR,Electronics,TR,12.0,0.309139987640717,0.03605008070957676,0,1
4454,425,93.41132407684833,POS,Travel,TR,20.0,0.4682751956930985,0.24988883038089918,0,1
739,55,327.75612827866814,Online,Clothing,TR,19.0,0.21628574590212718,0.08078152999945148,1,1
2201,48,62.66100664633699,ATM,Food,US,21.0,0.21515830480255757,0.5388061116727431,1,1
4579,657,10.124633248988438,QR,Food,TR,10.0,0.12318662216260884,0.1488075446424299,0,1
9828,523,199.2806734006536,POS,Grocery,TR,16.0,0.33435581032722367,0.09226332498286942,0,1
721,868,6.121017936104993,QR,Food,US,22.0,0.1341985276113722,0.190117964612645,0,1
2913,218,27.909980308168517,ATM,Food,DE,21.0,0.15696951784258248,0.10747346746080412,0,1
7652,48,93.21091747437465,ATM,Grocery,US,17.0,0.17793835040574385,0.22101591074433624,0,1
1102,228,43.4684200890679,QR,Electronics,UK,18.0,0.20000790582629435,0.05912058190048415,0,1
8076,85,155.24715371771796,POS,Grocery,UK,16.0,0.11357249115822188,0.11066533003727724,0,1
7771,960,44.41857727744296,ATM,Food,US,23.0,0.025402370674139137,0.042280267954599215,0,1
3239,53,16.721183111554716,Online,Clothing,TR,19.0,0.13986286437128492,0.3109446990859066,0,1
621,472,463.69145850635016,QR,Clothing,UK,11.0,0.3298640719559521,0.28445305344680016,0,1
8588,388,255.91694246479085,POS,Grocery,US,22.0,0.6665692537135622,0.4900381788201295,0,1
3197,847,2.0384401242338774,Online,Clothing,FR,9.0,0.334676055710775,0.5166740884025599,0,1
1349,946,18.388653160908298,POS,Food,FR,12.0,0.07380215639113638,0.032644094093829436,0,1
3985,942,82.29363939728333,ATM,Electronics,FR,22.0,0.11555822348953464,0.5713093382257206,0,1
1827,722,57.07756730267859,POS,Travel,US,7.0,0.011199667124432742,0.06531437920815472,0,1
5819,48,106.18480370383226,ATM,Food,FR,23.0,0.10645131438753128,0.048677869738208,0,1
9249,542,570.8590352887451,ATM,Food,FR,14.0,0.911418037676192,0.6070799979768531,0,1
7439,775,95.66767020438198,POS,Clothing,UK,13.0,0.08941039461781855,0.5008792693871643,0,1
5560,320,35.36952425119035,ATM,Clothing,UK,17.0,0.1836819457295782,0.3211368788818295,0,1
5529,140,14.151324295897684,ATM,Electronics,UK,5.0,0.15676971589184724,0.11532176732113616,0,1
8257,335,493.5598066308095,QR,Travel,FR,17.0,0.25035144810853016,0.1287709861766937,0,1
6994,407,29.668878388201716,POS,Travel,TR,10.0,0.07274527118724541,0.18139995178786164,0,1
4776,465,253.78601715244307,ATM,Grocery,US,17.0,0.16762636477238885,0.3149125267613122,0,1
7752,841,54.34549336211347,POS,Food,UK,12.0,0.3134083455474886,0.1689544247760558,0,1
3554,960,3.762065065389356,POS,Grocery,FR,16.0,0.14630844470393253,0.3996587046505096,0,1
9913,945,540.0831050275788,Online,Travel,UK,7.0,0.4759442238862439,0.21337517098763495,1,1
7364,301,143.31922854127882,QR,Food,TR,22.0,0.10583535580810767,0.24060307065983746,0,1
9468,457,190.14745262875786,Online,Clothing,UK,15.0,0.2632908819494785,0.29405298551596354,0,1
7244,198,330.2458889634806,Online,Grocery,FR,20.0,0.2867288680321841,0.5273549758078561,0,1
8636,679,43.59844524836407,POS,Electronics,DE,9.0,0.05568618798735468,0.12830977927120057,0,1
8815,454,0.7479259634945665,ATM,Food,DE,13.0,0.06695439231357278,0.05033480595258549,0,1
2687,672,94.33217189858492,Online,Clothing,FR,22.0,0.06916161408038012,0.03004657667874338,0,1
9805,697,14.578819218431999,POS,Electronics,FR,22.0,0.04738118742969171,0.09492125265494929,0,1
6943,459,520.0167124195247,POS,Food,US,23.0,0.034445759805061135,0.11864359943073796,0,1
1310,837,103.0358322760469,ATM,Travel,DE,21.0,0.40826204642815184,0.1551386570998348,0,1
5766,742,234.2398242708201,ATM,Electronics,DE,9.0,0.46467373230636405,1.0,0,1
3315,800,2279.0760132162663,ATM,Clothing,US,22.0,0.49852273657744645,0.6316754300764982,0,1
8732,740,156.88430721427846,ATM,Electronics,UK,16.0,0.353091004947275,0.22570458815490377,0,1
3371,48,133.1334547016542,ATM,Food,US,22.0,0.27250382385963257,0.04098728451714907,0,1
8739,149,4.011044062370262,ATM,Grocery,UK,16.0,0.03178325641164915,0.05331645713125973,0,1
661,39,65.2964246809572,ATM,Food,FR,22.0,0.3477840479143362,0.31646266328961997,0,1
5134,635,591.0351224031065,ATM,Travel,TR,11.0,0.3081159111240008,0.05937948043922064,0,1
6874,974,79.62272410620048,ATM,Travel,UK,21.0,0.036925235334732805,0.13917724113922167,0,1
3853,697,22.60742347665506,Online,Clothing,UK,22.0,0.10926385711567987,0.04016011365984062,0,1
3540,13,36.12099712537123,Online,Travel,DE,14.0,0.477181359395776,0.4995074115604575,0,1
2770,367,254.65668692741727,Online,Food,FR,19.0,0.12224851861003581,0.28852434298854196,0,1
6445,935,98.4264915212156,Online,Travel,US,20.0,0.030353688564325743,0.22900438274784798,0,1
9630,515,209.02144666201704,QR,Clothing,TR,22.0,0.3229089636624476,0.9238782949995132,0,1
1285,254,165.49697953013867,POS,Grocery,UK,12.0,0.5899528488593703,0.3358251223950383,0,1
2130,994,30.991187287540352,Online,Grocery,UK,14.0,0.42662163156004124,0.393605079755647,0,1
3020,832,184.83382324318913,QR,Food,US,14.0,0.043753616728234766,0.07673817853933348,0,1
8222,565,440.45280305231756,POS,Grocery,FR,21.0,0.6619168092430225,0.3275243976918547,0,1
408,428,16.17015781197662,ATM,Clothing,US,13.0,0.1497211331940321,0.17118268096293646,0,1
3996,591,72.56009401810768,ATM,Travel,DE,17.0,0.1238598216333297,0.03739402905126822,0,1
2989,104,12.039718201407535,POS,Electronics,US,17.0,0.0811098780077765,0.11056009077634274,0,1
7422,992,785.5894302072297,POS,Clothing,UK,10.0,0.1636414125849118,0.5547757457037592,0,1
486,170,8.320422758504678,Online,Grocery,TR,10.0,0.10799464652975757,0.021843789422271102,0,1
9923,502,59.79289563644656,Online,Travel,DE,3.0,0.06289471953526754,0.11583740291872963,0,1
4636,381,2.7051401824110672,Online,Travel,UK,11.0,0.05336052262624348,0.06498025564307487,0,1
6276,975,5.657071823787751,POS,Electronics,US,22.0,0.13860637192476224,0.04503657017113697,0,1
7428,158,8.848271696737353,ATM,Grocery,US,21.0,0.25198176694876845,0.10263736315771554,0,1
1154,937,195.74528697602437,ATM,Travel,DE,19.0,0.2982080981651505,0.22685901289301702,0,1
9539,492,71.20134654816216,ATM,Electronics,FR,13.0,0.0932329120055884,0.14853360825686676,0,1
3013,852,106.63469079110997,Online,Clothing,FR,5.0,0.04595044841682573,0.06374891575472724,0,1
6585,877,247.02985146699152,POS,Grocery,US,21.0,0.27097801701844865,0.32868059301743674,0,1
490,915,29.788421592904523,QR,Grocery,DE,21.0,0.13314951244640108,0.30701697361506713,0,1
7296,93,28.384740252729387,ATM,Clothing,US,21.0,0.13983396080386257,0.23472297331438388,0,1
7974,137,182.61206140003887,Online,Travel,UK,14.0,0.20136285900711953,0.5020656575662347,0,1
7595,365,158.17578427850393,QR,Clothing,UK,21.0,0.3549593167358216,0.2547615799861903,0,1
4700,137,60.09832596122537,Online,Electronics,DE,20.0,0.101691791286727,0.07483419717750696,0,1
4913,991,260.5118892107063,Online,Food,US,15.0,0.1386136294746014,0.34000995267816825,0,1
9544,824,61.70000979597342,POS,Clothing,US,17.0,0.029685453887506028,0.15983093533945603,0,1
6820,90,38.834574590399725,QR,Clothing,TR,8.0,0.15001119636673751,0.18393443786802108,0,1
5208,715,118.81312756380002,QR,Travel,FR,11.0,0.15150415775549406,0.15761161946476163,0,1
96,782,41.40027980878164,ATM,Food,TR,22.0,0.4928029801707159,0.20137507837540355,0,1
2478,766,27.712604137833555,QR,Clothing,DE,22.0,0.10052422287251023,0.21030965945256838,0,1
3752,877,249.89364889397476,Online,Electronics,DE,7.0,0.07511075437468634,0.13613000594540303,0,1
3267,591,258.80497055412883,QR,Travel,FR,12.0,0.19094983566505017,0.8857395092390564,0,1
6042,197,50.642484278569306,POS,Grocery,US,9.0,0.05285016266829217,0.019749479025825124,0,1
97,53,290.36077918901447,Online,Grocery,UK,10.0,0.3159841358863947,0.1832084167445392,0,1
8941,332,216.2995825646128,Online,Grocery,US,20.0,0.08137252755752272,0.08311633544579737,0,1
1490,677,163.14730943447708,QR,Food,DE,3.0,0.3350728780210794,0.5183355811861211,0,1
865,903,109.26584642236628,QR,Clothing,UK,18.0,0.1736673992765472,0.4637816671618614,0,1
4729,280,91.22134513534363,ATM,Clothing,DE,21.0,0.3112412973361497,0.244672345045232,0,1
4463,786,15.775795527829075,QR,Food,US,22.0,0.10589735969461023,0.10518282110618278,0,1
6206,670,17.02418122799933,QR,Food,DE,16.0,0.27232042147701035,0.1902001526999742,0,1
1922,498,209.75923203601832,ATM,Food,DE,16.0,0.04905406323822428,0.11548849245810347,0,1
7280,218,12.35775907939749,Online,Grocery,NG,16.0,0.15028380727901677,0.04699342591040014,0,1
7754,752,19.134128859582553,Online,Travel,US,8.0,0.07037633236539813,0.017602357376337807,0,1
2242,227,464.9502641888807,QR,Clothing,US,6.0,0.21656854333690626,0.28265526806793284,0,1
3696,125,98.59925173657226,POS,Clothing,FR,12.0,0.24591077194048538,0.19345573269136235,0,1
731,722,261.8680661330495,Online,Electronics,UK,9.0,0.04184007481586516,0.1246634491344538,0,1
5038,281,256.5043283883023,ATM,Electronics,TR,10.0,0.13551359195809898,0.3354850661122246,0,1
398,447,3.442607430706336,POS,Grocery,TR,19.0,0.019259406224841395,0.0560999079255589,0,1
706,578,6.393575499485176,QR,Clothing,US,20.0,0.07909472042978813,0.07670942780099645,0,1
1249,512,156.7006072878345,ATM,Travel,FR,16.0,0.06985082612186039,0.07455166878827624,0,1
7933,164,174.9591054152097,QR,Travel,US,11.0,0.05309682892665457,0.09798015508216662,0,1
7258,928,451.8085687042121,ATM,Electronics,UK,19.0,0.09588559734208767,0.08570320212131195,0,1
5652,353,1586.7251970174427,Online,Food,FR,20.0,0.799420093764402,0.09522470771018059,1,1
7608,753,111.668879384501,POS,Travel,DE,7.0,0.2513948464839223,0.20239573618990958,0,1
600,727,26.682547772147572,ATM,Grocery,US,20.0,0.03603619615963923,0.048075941553068935,0,1
8839,379,4.6017887438176235,Online,Clothing,DE,3.0,0.21396872180659482,0.4078405428786035,0,1
6693,873,786.9292140283077,QR,Travel,US,14.0,0.19236629317896262,0.14179738044611817,0,1
9116,177,358.3765837140332,POS,Travel,UK,14.0,0.13137610344629735,0.37699093943412115,0,1
3486,551,101.79637190383413,POS,Food,TR,12.0,0.06943464168671912,0.41735676985034875,0,1
3046,813,145.23318248076612,QR,Grocery,FR,21.0,0.15673919149317547,0.011932033592667396,0,1
6600,975,17.988830646772694,QR,Travel,US,22.0,0.13273606176779124,0.16692837647501502,0,1
596,566,125.7942284481434,QR,Food,US,22.0,0.1450975124160154,0.14648934754108633,0,1
1412,863,39.08075938347697,ATM,Travel,UK,14.0,0.2807252120416124,0.3291331097366175,0,1
2189,523,123.6633239462585,QR,Travel,US,11.0,0.020186947652446736,0.06489865026537324,0,1
8767,964,294.2932286155856,ATM,Travel,FR,14.0,0.03947567461717365,0.023937878486160725,0,1
1943,432,363.93042370254113,ATM,Clothing,US,22.0,0.21422543605928165,0.1608935409157269,0,1
1295,149,357.30579155473885,Online,Grocery,US,20.0,0.2421648877352412,0.6975192176261291,1,1
6752,312,445.42529000561257,ATM,Food,DE,22.0,0.40265396689741556,0.047056385066878356,0,1
4215,480,340.3374914943041,QR,Food,TR,22.0,0.2621963762224507,0.27731839488057125,0,1
1506,51,27.419647275554933,ATM,Grocery,TR,8.0,0.28601545440200504,0.13012722303966667,0,1
4397,490,101.04971448142052,QR,Clothing,DE,21.0,0.06358896866512906,0.14907293491498727,0,1
6630,15,827.5354590839743,POS,Electronics,DE,17.0,0.2034262932138857,0.07936468511639262,0,1
4453,855,189.30480069607214,QR,Grocery,DE,20.0,1.0,0.5580946325437106,0,1
6484,277,230.60307220827778,QR,Travel,UK,22.0,0.4707985122976785,0.3719509786194509,0,1
8126,301,122.44380132463417,QR,Electronics,DE,10.0,0.12544069446781955,0.17629773359298898,0,1
3389,19,54.23946749223973,ATM,Clothing,FR,20.0,0.020508181673417537,0.38569964372445376,0,1
5081,915,10.339570138890855,QR,Clothing,DE,23.0,0.13953359415305197,0.062279433102577615,0,1
9417,265,11.26910717718875,QR,Electronics,UK,17.0,0.10192645289367346,0.017576638620978243,0,1
9664,840,1015.4637548965934,POS,Electronics,US,11.0,0.5149781600881953,0.11875588482908218,0,1
9179,848,675.6710107474188,POS,Travel,DE,17.0,0.11921304672882183,0.22441489941759937,0,1
6536,742,283.2782855760377,QR,Grocery,FR,18.0,0.3264608278803193,0.2192518323896839,0,1
5255,62,123.00350451952349,POS,Electronics,FR,16.0,0.6524688529751124,0.3718806865394243,0,1
8500,953,91.4322581065171,POS,Clothing,DE,22.0,0.24287030158289427,0.322116485156087,0,1
6945,495,161.72797668638933,QR,Food,FR,12.0,0.11671042810312893,0.4627594317828035,0,1
4357,200,100.880022158313,QR,Food,UK,14.0,0.02713266751885557,0.1360940853291791,0,1
6969,435,7.305774063820211,POS,Food,FR,14.0,0.09389644941141369,0.31968716787554147,0,1
3452,918,456.33687954713787,ATM,Electronics,TR,11.0,0.3990864590470653,0.6373823402411092,0,1
1504,549,10.329103615629588,QR,Travel,TR,12.0,0.12066611376996408,0.21015207522968035,0,1
439,173,23.60110462871528,QR,Clothing,NG,20.0,0.28734872269059697,0.02104285471436372,0,1
8346,265,819.7849730744551,ATM,Clothing,TR,19.0,0.07820500772916024,0.008970794287948041,0,1
2201,496,226.55638271230234,QR,Travel,UK,12.0,0.11955678088091723,0.31160407314839106,0,1
141,746,442.066034053186,QR,Grocery,FR,21.0,0.5859944770991555,0.20841263012273864,0,1
6226,126,42.62086176007119,POS,Grocery,DE,19.0,0.4630081090156949,0.1545338467325115,0,1
6157,433,13.165433034956889,Online,Food,TR,21.0,0.09943029497150216,0.141434766372416,0,1
520,65,85.40819359047651,QR,Electronics,TR,22.0,0.07278322229130202,0.18549278213683104,0,1
3934,614,218.1919660849155,ATM,Electronics,FR,3.0,0.3754634840161607,0.6853980843532048,0,1
9173,290,207.29241747455325,Online,Travel,TR,10.0,0.06033397728321316,0.02560886284137809,0,1
5631,251,112.13725994179035,QR,Travel,UK,17.0,0.17712757807922053,0.20276635087130745,0,1
1885,236,226.75596995976326,POS,Clothing,US,15.0,0.41010875008783965,0.15531512144211385,0,1
4053,677,45.96753682418966,Online,Grocery,FR,23.0,0.09273311591178278,0.1894836980836208,0,1
9942,484,47.39018354285265,QR,Clothing,US,6.0,0.359454173027797,0.2988986307650847,0,1
1314,923,103.9913736793432,POS,Travel,DE,17.0,0.29941775664633663,0.13975973854852444,0,1
1456,803,102.54981774485982,POS,Food,TR,6.0,0.09247510926168698,0.15343624706410805,0,1
855,585,6.595611852032295,POS,Grocery,US,22.0,0.01532629916880504,0.05858176970345695,0,1
6401,773,179.18677409784132,QR,Electronics,UK,22.0,0.1760319605977067,0.11823259446090381,0,1
8749,979,84.54243904093929,Online,Food,TR,19.0,0.2166167613687809,0.10536220729339868,0,1
3419,217,83.45585311867984,ATM,Clothing,TR,10.0,0.036512175806797595,0.2402670900714502,0,1
5803,484,6.2414310098822465,Online,Food,US,19.0,0.026435820201055192,0.04940904762562457,0,1
9238,765,312.2498709528298,POS,Grocery,US,10.0,0.22340798951529273,0.27658167318301213,0,1
7729,718,323.0266775743885,ATM,Travel,TR,20.0,0.026015699799992163,0.04042744387504794,0,1
8961,47,126.12322732176077,Online,Grocery,TR,13.0,0.010223515100629528,0.021585526151507925,0,1
218,133,378.4931444662463,ATM,Food,UK,21.0,0.23244279387882333,0.20724781652553984,0,1
861,89,165.7852684565114,POS,Food,DE,18.0,0.4208862977605598,0.19804392649632466,0,1
8701,194,12.135911692834256,POS,Electronics,TR,22.0,0.11537290046993852,0.04790048469002525,0,1
4102,801,1.3527048939244786,QR,Clothing,US,16.0,0.2575019864343274,0.1956053313252391,0,1
9057,198,324.86158337548767,ATM,Food,US,22.0,0.10619141789864356,0.2771004971153376,1,1
9442,853,401.10234319179807,ATM,Clothing,TR,4.0,0.1558463708616728,0.22013434436830787,0,1
8357,765,139.39398474375818,ATM,Clothing,FR,14.0,0.24080292799247588,0.11416252121971743,0,1
3412,708,116.5804933971051,Online,Clothing,FR,7.0,0.16764920411764997,0.23653691366174776,0,1
4989,441,83.06200813119295,QR,Travel,DE,13.0,0.06994328706037319,0.11511247486683503,0,1
1989,102,23.077364066539314,ATM,Travel,US,21.0,0.17333094139636993,0.09874222499205385,0,1
2864,326,92.38967750197227,ATM,Grocery,TR,6.0,0.050531009726090655,0.15084755157062602,0,1
1769,282,178.11722478536154,POS,Food,FR,22.0,0.48680029663215624,0.252502971934466,0,1
5017,363,106.90451294136389,QR,Clothing,DE,18.0,0.2730971499698333,0.4066815483382236,0,1
8226,933,25.402716514303666,Online,Food,TR,8.0,0.2601377344816648,0.09350608541779562,0,1
9836,775,601.8989209544394,POS,Electronics,US,13.0,0.3745713468361581,0.3229780351877652,0,1
3548,92,188.585939855117,Online,Clothing,UK,22.0,0.08809820962100917,0.12673229512570025,0,1
7841,862,34.68657900933709,POS,Travel,FR,18.0,0.20706190971381938,0.09865929594034079,0,1
1628,379,29.963295284134837,POS,Grocery,UK,9.0,0.13921565517586654,0.11875075158278829,0,1
8979,769,131.94492900275273,QR,Food,FR,18.0,0.28930176549610115,0.10387408165636604,0,1
4188,934,143.8713739338556,Online,Electronics,UK,3.0,0.6104132895766315,0.05588707279678237,0,1
4652,208,29.675073073162622,ATM,Grocery,TR,14.0,0.13476654666066984,0.042308692353253095,0,1
8532,129,74.78548929110667,Online,Food,FR,8.0,0.04316333115047523,0.4184041419888958,0,1
9791,813,424.8162960305803,POS,Food,DE,7.0,0.4004405228749794,0.23875401711068112,0,1
6758,664,312.23543803390106,QR,Clothing,TR,21.0,0.08171499220097923,0.20983500894468968,0,1
9756,837,277.9153534690013,POS,Clothing,TR,9.0,0.012368518544913776,0.069655888019128,0,1
5260,988,125.7636436001741,POS,Grocery,US,21.0,0.06185949594236756,0.21399499191744184,0,1
7845,575,223.32157983387356,Online,Clothing,US,18.0,0.06218791035065766,0.20881707530262428,0,1
8916,710,12.452207533996475,Online,Electronics,US,15.0,0.03767833724088743,0.09081553596905349,0,1
593,152,182.68352382868844,QR,Food,US,9.0,0.2646850843839513,0.4095064655725966,0,1
3194,680,111.5339791478541,Online,Travel,US,15.0,0.04644186648085201,0.08493551367631533,0,1
441,400,80.70126236496215,ATM,Travel,FR,11.0,0.28107908213222,0.08117070221376713,0,1
9208,389,0.0,ATM,Travel,US,22.0,0.04164252057532561,0.1005431367425132,0,1
6669,803,75.17864916946313,Online,Food,US,18.0,0.3572526392898481,0.07946847522829247,1,1
3302,937,103.60859412212106,POS,Grocery,US,17.0,0.14397971709957064,0.02170409100450399,0,1
3818,461,19.678027176333558,POS,Electronics,US,14.0,0.17756466397802026,0.17471583246633965,0,1
3683,128,52.39516065792876,QR,Food,FR,8.0,0.20203467168389172,0.4558570910495916,0,1
6344,991,342.42726396415316,Online,Clothing,DE,19.0,0.23853530729423525,0.304762684166901,0,1
4757,234,69.90199397240879,QR,Food,TR,11.0,0.4607875779116071,0.2570351410250251,0,1
6182,37,98.0750178917958,Online,Clothing,US,21.0,0.10276460738373129,0.09917468828300477,0,1
8711,719,25.457855351636944,QR,Food,FR,6.0,0.5706230271756616,0.11444315965321211,0,1
2611,128,98.69809583904552,Online,Clothing,UK,23.0,0.18424869825797158,0.1305832657045356,0,1
8264,549,285.84012772288423,POS,Grocery,UK,21.0,0.12765385532351356,0.0659932576562478,0,1
5076,905,123.46354923924541,ATM,Clothing,TR,8.0,0.25282647814282955,0.2843077931508329,0,1
7436,657,0.33989294955227756,Online,Electronics,UK,17.0,0.23759516311940088,0.13986324836918979,0,1
4832,816,0.0,Online,Clothing,TR,12.0,0.09869594980891956,0.028943084797317647,0,1
3700,725,23.16809586155503,QR,Clothing,TR,11.0,0.06720582571011843,0.014083601360145049,0,1
7457,400,77.27345936547097,ATM,Grocery,UK,21.0,0.1338194609892822,0.09202018368990576,0,1
4041,96,256.18588465118,POS,Clothing,FR,20.0,0.6717514048800641,0.27772632271774234,0,1
5304,524,41.50942928179786,POS,Grocery,DE,13.0,0.49430676974664145,0.3061719490036348,0,1
7851,510,467.002819962968,POS,Travel,TR,4.0,0.44397441090028095,0.09714455920457901,0,1
5381,886,46.268512573878915,Online,Electronics,FR,19.0,0.9486922356612708,0.13871471915290587,1,1
7972,250,44.43036335822553,ATM,Travel,TR,14.0,0.3338726915059625,0.16306066772619632,0,1
5372,537,24.66189380818413,POS,Electronics,FR,22.0,0.044796705473352294,0.20465516234870917,0,1
4371,855,273.3101473482133,QR,Clothing,DE,22.0,0.5027910052390245,0.171986676466621,0,1
8074,138,17.397509167950503,ATM,Travel,DE,22.0,0.1372899975632321,0.0343170316100894,0,1
1548,481,45.93261642288979,QR,Grocery,US,19.0,0.17580368314588635,0.5237018052277569,0,1
3744,944,14.838410743420614,Online,Electronics,UK,8.0,0.32681053039191266,0.04942137330850027,0,1
8661,168,269.85346319178444,QR,Food,US,16.0,0.17172328279179752,0.07281421088060666,0,1
2456,17,221.4750517180663,ATM,Travel,TR,22.0,0.15429593471658848,0.37029265528451694,0,1
7762,211,153.8766302112469,QR,Clothing,UK,18.0,0.3362029588819751,0.1584282453793987,0,1
4132,207,694.265121297944,ATM,Electronics,UK,10.0,0.21282419308355235,0.515858826889336,0,1
4327,849,345.7036435641086,Online,Grocery,US,5.0,0.9597710521639897,0.2513619887958741,0,1
1027,973,138.42066478029332,ATM,Food,NG,22.0,0.27465152673579124,0.12672352341788268,0,1
6095,256,220.01222009664835,QR,Food,FR,9.0,0.06129873762603238,0.009969094560111637,0,1
3059,81,329.92389030499703,POS,Electronics,UK,14.0,0.30972851467778123,0.22988228200714106,0,1
3229,350,225.12420633327577,QR,Clothing,US,5.0,0.19418179813529915,0.18323353156081282,1,1
1764,727,0.252129014265152,POS,Electronics,TR,23.0,0.028523496758178647,0.036819761547363716,0,1
8101,974,29.216058869743172,POS,Clothing,US,15.0,0.37794275523327847,0.5559660433992806,0,1
6924,368,679.5371851633597,POS,Grocery,TR,2.0,0.12636442546172288,0.19890385353718026,0,1
3675,689,83.26530260670998,POS,Travel,NG,10.0,0.013960217387567801,0.16487807560654508,0,1
5780,770,32.46398202711222,POS,Travel,FR,19.0,0.08159010996193898,0.3320988654685825,0,1
4127,694,31.32615884014315,ATM,Electronics,TR,21.0,0.024953853156419795,0.012853328995862112,0,1
5863,177,28.412062176868112,QR,Electronics,NG,14.0,0.16463310918101917,0.11294400168109367,0,1
8826,121,360.11447857193446,Online,Clothing,UK,13.0,0.1643248653396914,0.16811387538135206,0,1
368,520,60.11788981110602,Online,Grocery,UK,11.0,0.024276848584047987,0.15565757440458805,0,1
7276,379,11.00201568571136,Online,Clothing,US,13.0,0.036586684757095936,0.07808959436177372,0,1
4483,180,531.2418934305675,Online,Clothing,DE,8.0,0.26016233784433795,0.09379001025019161,0,1
650,241,125.16515829083583,QR,Electronics,DE,15.0,0.029834767332407686,0.07061839139758713,0,1
4796,503,271.71726629520947,QR,Clothing,UK,18.0,0.5131917724716325,0.2696927476586147,0,1
8054,89,580.3465335937918,QR,Clothing,US,23.0,0.08182572501294089,0.23728759726451368,0,1
6540,854,22.111076309767128,POS,Travel,UK,14.0,0.18192316401770764,0.07050593778283169,0,1
7726,104,220.55220252496514,ATM,Travel,US,23.0,0.4241297007160409,0.18561861065413868,0,1
2055,218,93.3839992749026,POS,Grocery,FR,9.0,0.12764082499689886,0.07503927940216629,0,1
4483,712,12.063581258722216,POS,Clothing,FR,21.0,0.1179705377004909,0.058448302553139896,0,1
9077,783,210.7342230189261,Online,Travel,UK,11.0,0.23028466046975926,0.08693424320768833,0,1
371,50,250.53346402327708,ATM,Travel,DE,14.0,0.11711667912431574,0.19534546970423164,0,1
9051,385,116.68752185094057,Online,Grocery,DE,7.0,0.2841125751912816,0.0584011751331492,0,1
2630,321,316.742750765509,ATM,Clothing,UK,22.0,0.03797612170490827,0.20860564829744582,0,1
7113,192,22.09463808782229,Online,Grocery,TR,16.0,0.2808090317709168,0.06911438288816128,0,1
8226,232,41.447761320052905,POS,Grocery,FR,13.0,0.236847765319514,0.029863205427030148,0,1
994,787,39.008911924184304,ATM,Travel,DE,20.0,0.5261324687439022,0.27541142555267184,0,1
4863,107,539.1562354415737,ATM,Food,DE,19.0,0.06610298414484356,0.12245457860675614,0,1
9024,282,87.27133872328582,POS,Food,FR,9.0,0.19421416667586155,0.8264503623182478,0,1
7512,115,5.097896867850679,QR,Travel,UK,6.0,0.1699715051259892,0.047394459287480796,0,1
2279,814,15.886505641208762,POS,Travel,UK,4.0,0.11577542090815092,0.11702228739756632,0,1
9439,255,164.33763658123414,ATM,Travel,FR,17.0,0.29791448562264805,0.11182483392330939,0,1
7722,86,0.0,POS,Clothing,TR,21.0,0.03831746007728372,0.03892207483340628,0,1
6402,745,140.511410290273,QR,Food,DE,12.0,0.3670993979701236,0.19656013029294223,0,1
1927,420,13.233733862190181,POS,Clothing,US,17.0,0.03966131058495785,0.09384610369320415,0,1
8837,441,424.9178901382683,QR,Travel,UK,18.0,1.0,0.2292957322969272,0,1
9624,135,5.93907184016394,QR,Grocery,UK,5.0,0.11617010286931254,0.12464997914270258,0,1
4573,946,107.58188961441881,Online,Food,US,23.0,0.27158638140244257,0.05810652501164989,0,1
5877,12,476.12294026006975,ATM,Travel,TR,5.0,0.4602528236847733,0.2374622488248954,0,1
2420,11,94.4014640996731,ATM,Food,DE,17.0,0.06343720180810818,0.06296928728635698,0,1
2293,716,523.4720881108522,POS,Grocery,FR,21.0,0.2560795068643921,0.12728306081986246,0,1
3473,769,52.08676483624549,Online,Clothing,UK,6.0,0.17064758225224902,0.36464692201887355,0,1
4205,156,135.9265538263914,ATM,Travel,UK,12.0,0.02534894430603449,0.11939642261130216,0,1
2402,120,70.98942600770631,Online,Travel,US,20.0,0.311126759664232,0.09994455258161668,0,1
3710,780,55.2269355819442,QR,Electronics,DE,13.0,0.19288932564929367,0.07105920806459426,0,1
8715,37,378.02615990741106,POS,Electronics,TR,4.0,0.32457899704712195,0.14709073986322174,0,1
2480,891,170.28196428211533,POS,Electronics,DE,10.0,0.38541194885638574,0.17287442461834873,1,1
9971,894,11.393659761094572,ATM,Grocery,TR,11.0,0.5926561128842557,0.39737996535022024,0,1
7461,129,239.73933053574794,QR,Grocery,TR,19.0,0.1719655954598225,0.07855162581933314,0,1
814,522,156.48770875189356,POS,Food,DE,21.0,0.049372145621244486,0.07049578542000957,0,1
3688,390,594.6360309779169,ATM,Travel,DE,16.0,0.16807470138474226,0.7553672637881057,0,1
9709,400,536.1964323811412,QR,Travel,US,19.0,0.19897782463166935,0.11341140300933726,1,1
2837,205,401.514293659205,POS,Food,TR,20.0,0.3101900757997554,0.5767017612703302,0,1
137,184,43.08962334225748,QR,Food,US,18.0,0.028925065074038574,0.04940395354770628,0,1
8434,898,9.343523369669326,QR,Electronics,US,6.0,0.07007937362013596,0.06574533062609621,0,1
9101,385,73.39423509356247,QR,Food,TR,19.0,0.1206228001834339,0.08576185048639434,0,1
5953,747,769.4376618244208,QR,Clothing,TR,19.0,0.09844702707356752,0.2283580501236354,0,1
4736,983,604.8463660345129,ATM,Clothing,FR,13.0,0.12517241464600082,0.37583893780617883,0,1
5918,69,273.41689566924487,Online,Grocery,FR,7.0,0.3531520341143548,0.11898992663578742,0,1
4557,237,115.32860405348438,QR,Electronics,FR,17.0,0.01546791064053972,0.20053358523106204,0,1
5515,844,51.056817298151785,ATM,Grocery,FR,9.0,0.06689952843391406,0.06475128149423455,0,1
3498,415,412.41347897535195,POS,Grocery,FR,17.0,0.1288441093798793,0.25156282868377133,0,1
2575,443,96.66295937427975,QR,Grocery,DE,15.0,0.05699655196104817,0.14004677387260536,0,1
7058,771,278.5983965027063,Online,Grocery,US,23.0,0.08787264321104145,0.26996038461365446,0,1
2249,472,416.572574214967,QR,Grocery,US,17.0,0.3172707483780491,0.1591770055220603,0,1
6683,24,218.1389198935395,QR,Clothing,DE,20.0,0.1919119430830441,0.16306652906780403,0,1
7658,625,178.05714220129795,POS,Travel,TR,13.0,0.371892100318996,0.362147597652113,0,1
8018,492,5.278330682664178,POS,Clothing,UK,17.0,0.021539963729951747,0.10708626178742653,0,1
3239,111,320.80439555430246,POS,Electronics,FR,7.0,0.22848538957228257,0.36399627378984906,0,1
733,127,164.7933845017766,POS,Electronics,UK,17.0,0.02295716010981365,0.6589001260628273,0,1
5724,780,284.4433002680934,POS,Electronics,DE,20.0,0.2200149605053578,0.1716724590898942,0,1
3046,457,112.99704894142685,ATM,Grocery,FR,9.0,0.21267503534787457,0.2420970062526579,0,1
5291,383,155.59675636150146,ATM,Grocery,TR,7.0,0.09296145168362517,0.22287484121940393,0,1
4179,107,248.6865204450411,ATM,Electronics,TR,12.0,0.17043489299812475,0.16367738482082086,0,1
4015,398,49.310379964384744,QR,Clothing,DE,22.0,0.15006282337893004,0.05377895280372433,0,1
9892,552,2.7501115618280005,POS,Clothing,FR,9.0,0.07540195255240979,0.15855294799101935,0,1
4398,532,76.16829886252229,POS,Grocery,US,4.0,0.13753246833978616,0.2507982568768504,0,1
1361,240,75.29844254273418,Online,Grocery,FR,17.0,0.43082997728763955,0.3125329587368638,0,1
712,839,32.44964889181375,QR,Food,FR,16.0,0.44233927667260153,0.17404405904637277,1,1
6678,865,13.249066768017752,ATM,Travel,FR,23.0,0.0124809318094012,0.010344561459294034,0,1
3149,419,149.1965694849834,QR,Clothing,TR,20.0,0.10328843208015719,0.022204687339492275,0,1
4964,5,657.3081374637651,POS,Food,FR,18.0,0.42301881983110656,0.04270026864007963,0,1
2090,309,87.00052605418871,POS,Electronics,UK,13.0,0.0907584789843794,0.14575585737760363,0,1
5468,250,309.33781358736985,Online,Food,US,10.0,0.10690524189773139,0.15224372156145072,0,1
7661,248,225.28894343051704,Online,Food,UK,22.0,0.25590437293234997,0.2800183489433533,0,1
2004,57,104.04954186676673,ATM,Clothing,FR,20.0,0.07353017060171475,0.2944840047626352,0,1
9637,400,297.1851594822053,POS,Clothing,FR,14.0,0.080895013248842,0.22303432825815803,0,1
9134,870,979.8893500025862,ATM,Grocery,US,6.0,0.17158993519712293,0.5250318309693347,0,1
9598,334,10.481662029595094,ATM,Clothing,DE,11.0,0.09240858956664204,0.03150285239782658,0,1
9753,66,12.324575105547988,QR,Travel,UK,15.0,0.050375207953921176,0.16518247217168225,0,1
735,725,26.936639601326203,Online,Clothing,FR,22.0,0.1701422253473359,0.012055793211456509,0,1
6144,439,371.73620355376295,POS,Travel,FR,9.0,0.598149663789192,0.4137380552562721,1,1
2734,889,90.13815047217997,Online,Electronics,TR,9.0,0.13463777555754258,0.4116289621550079,0,1
5901,92,113.22901465972711,POS,Food,FR,15.0,0.19109225849424366,0.24199199025868215,0,1
1554,894,366.5264183398794,ATM,Travel,UK,4.0,0.02643133439590066,0.08895783531622735,0,1
3901,960,63.31628902292301,POS,Travel,US,20.0,0.221534386020919,0.5242636318926978,0,1
7220,912,177.98964092724745,Online,Food,US,18.0,0.2084507916900249,0.053942662990415086,0,1
4420,842,137.26425466780825,Online,Food,FR,23.0,0.1633905251461635,0.06817867243647119,0,1
1857,170,56.80601387319434,ATM,Electronics,TR,13.0,0.21283416842428032,0.06865999237262997,0,1
6459,228,166.57358077325293,Online,Clothing,DE,14.0,0.038670463265394694,0.6665945960217433,0,1
41,576,127.35251806458794,QR,Travel,TR,22.0,0.04064884095032942,0.24598779097822462,0,1
8340,103,59.277960375656434,QR,Clothing,FR,12.0,0.13225855460497848,0.029177332007166427,0,1
9488,999,70.55056248685008,ATM,Electronics,TR,20.0,0.07463393428851081,0.11536287829524745,0,1
3668,360,152.1216472987904,QR,Clothing,UK,13.0,0.24152892530321535,0.3645635987860457,0,1
1437,153,56.4961973357528,POS,Clothing,US,13.0,0.09118233669067427,0.22691137141671117,0,1
128,787,67.15468394881871,Online,Food,FR,10.0,0.02678716120788189,0.10550900988026019,0,1
1037,693,20.24667178130283,Online,Clothing,FR,15.0,0.2674088676825977,0.2800542646445701,1,1
3049,929,14.006808759854444,Online,Food,TR,20.0,0.15612002918422,0.2100527941659659,0,1
4064,395,105.86317534559011,POS,Electronics,TR,22.0,0.5285242943076942,0.24902252836625458,0,1
2453,669,28.120240337100853,POS,Grocery,FR,7.0,0.046263950236600765,0.21702518409881327,0,1
3047,711,15.73688328560814,POS,Electronics,FR,21.0,0.07459480292323209,0.09082807311580444,0,1
7972,117,845.8302239316995,ATM,Electronics,US,15.0,0.37660722587788575,0.38132889533566666,0,1
5612,287,8.709079519091178,ATM,Clothing,US,5.0,0.16524195078810683,0.05108833103961265,0,1
6054,509,7.203228024487956,ATM,Clothing,US,12.0,0.08851079066508626,0.07468757738475061,0,1
181,378,3.8213170787111794,QR,Travel,FR,17.0,0.09824269812657853,0.011520458620729538,0,1
4456,15,78.42749087330576,Online,Food,DE,10.0,0.3330322670206407,0.45104916421599317,0,1
1843,759,154.1764161495352,QR,Travel,DE,17.0,0.12331174330770159,0.1088871349336168,0,1
280,114,355.3359048327544,QR,Electronics,UK,10.0,0.15823754423592365,0.19586998875948675,0,1
8246,872,79.76095811682035,POS,Electronics,US,19.0,0.059874063767690534,0.14195671462638354,0,1
1483,68,365.3278536846347,QR,Food,TR,14.0,0.34099872386273417,0.48380533100992024,0,1
9978,323,88.03657959553287,POS,Clothing,UK,21.0,0.14244245504225278,0.011055748054213811,0,1
1345,924,32.64598483418293,POS,Clothing,DE,6.0,0.2636039986065186,0.07268231857801533,0,1
6812,777,99.91947421442688,Online,Clothing,UK,17.0,0.3023433232842415,0.11979666540067835,0,1
4328,324,85.1148788670528,Online,Electronics,FR,23.0,0.14555461188217816,0.2065695035804679,1,1
5385,629,14.534541249450083,QR,Clothing,US,9.0,0.016544925469909464,0.048457580891990475,0,1
7096,245,234.70478504161397,Online,Grocery,DE,4.0,0.05011009014572182,0.08538411765180554,0,1
8000,546,65.03579277166855,ATM,Travel,FR,21.0,0.2694192163509145,0.046339828830573526,0,1
7859,634,248.1326838809965,QR,Food,FR,15.0,0.18777161661675712,0.05279390073944919,0,1
3012,972,94.50226726856255,POS,Electronics,DE,22.0,0.05883089565339861,0.09159925637648701,0,1
6154,279,103.90316680928308,QR,Clothing,FR,17.0,0.07008095581862993,0.22575396141717363,0,1
1186,920,61.73074020315456,POS,Food,FR,20.0,0.032502003198175894,0.09365490756286027,0,1
6770,146,67.89498691852309,QR,Travel,TR,13.0,0.1753136724887556,0.13048533234815707,0,1
3347,484,1.6761114903270924,Online,Clothing,DE,6.0,0.08902470483554464,0.08847021000305674,0,1
5875,499,268.3289335612104,Online,Grocery,DE,15.0,0.3977274481525671,0.11649450719460024,0,1
901,218,261.01857690199466,QR,Electronics,UK,19.0,0.09776820342733455,0.2056818645797768,0,1
9705,64,1.2887580812586918,ATM,Clothing,US,14.0,0.0194980318201912,0.10351710676460196,0,1
7662,627,141.18562238677973,Online,Electronics,UK,21.0,0.24568434464350608,0.37164248920125514,0,1
2236,852,7.039351745306742,POS,Food,FR,20.0,0.0709159020728039,0.15707449664868744,0,1
3161,920,2.3539383874115822,POS,Food,TR,11.0,0.018931591286402337,0.023913890639353515,0,1
9943,717,62.7210413146703,POS,Food,DE,11.0,0.18668170673401072,0.0663376044613731,0,1
530,681,33.83265042410777,QR,Travel,US,1.0,0.1689801974921687,0.2069690689294565,0,1
3514,518,2.148099507620399,ATM,Clothing,DE,1.0,0.07025662652188316,0.025906847759400792,0,1
642,969,42.315226606003854,Online,Electronics,US,23.0,0.43390324103454236,0.21753516070289264,0,1
5126,572,197.31429439967212,POS,Electronics,US,6.0,0.29898453088693505,0.14044568852688877,0,1
770,961,58.98626831986073,QR,Grocery,FR,17.0,0.5199640588382907,0.17702455690370653,1,1
9014,913,5.3943462526989485,ATM,Clothing,US,19.0,0.02254472022312828,0.30984721290456985,0,1
9962,698,39.981856151069366,QR,Grocery,TR,17.0,0.07304817934551097,0.2596876465826655,0,1
3355,838,0.0,POS,Grocery,US,5.0,0.08375381332448177,0.506695769914309,0,1
6590,533,5.927414400082719,POS,Grocery,UK,10.0,0.1730646583411642,0.1575866230487818,0,1
2249,901,25.30478899197756,Online,Clothing,FR,9.0,0.20667654874470479,0.15512217705419018,1,1
1935,723,704.5454870384967,Online,Clothing,TR,9.0,0.16045910972958882,0.2547050934671412,0,1
6033,831,69.39086919110746,ATM,Grocery,UK,16.0,0.28093428636118506,0.0757826081737556,1,1
3554,572,266.86144726615754,ATM,Electronics,FR,13.0,0.1856370454354045,0.14296070493115182,0,1
3750,452,35.49537212799396,ATM,Electronics,DE,14.0,0.03458915494473733,0.2320630789126702,0,1
3491,842,528.4775728962228,QR,Clothing,UK,13.0,0.09253983339896421,0.16818335528351672,0,1
6683,270,419.51652111072707,ATM,Food,US,22.0,0.07149411387095735,0.08943687785507926,0,1
1076,807,143.97474438770584,ATM,Electronics,TR,17.0,0.1298038031799046,0.07773790240771287,0,1
5439,473,74.85127982355414,ATM,Grocery,UK,17.0,0.21779531014326944,0.16214532872819856,1,1
9892,574,121.85406827107842,ATM,Electronics,FR,7.0,0.15508436073926285,0.654870778276887,1,1
2718,493,28.422190253693813,POS,Clothing,TR,10.0,0.2716297613288948,0.02622653249235269,0,1
2994,239,20.91533370307286,ATM,Electronics,US,13.0,0.05743349916822829,0.17105413222783603,0,1
1063,409,278.3545104931511,ATM,Food,DE,23.0,0.07903910549964557,0.07598057109555936,0,1
5081,848,133.6844323777631,POS,Travel,US,16.0,0.06280881814051831,0.133227075577587,0,1
8462,153,417.0922142095309,ATM,Travel,DE,7.0,0.20744662211176026,0.2173954457087807,0,1
8170,675,290.1254783885625,QR,Food,US,18.0,0.5721589638797131,0.2990002416112584,0,1
268,898,74.99238453544753,POS,Travel,FR,9.0,0.21008264584504416,0.10246841203102901,0,1
6243,377,84.06208077757559,Online,Electronics,UK,22.0,0.16768545416533925,0.3303590582828287,0,1
7291,282,27.888313583791017,Online,Electronics,UK,21.0,0.06475359101662637,0.13775178144001493,0,1
4070,498,49.84449780384498,QR,Clothing,TR,20.0,0.07294069429107347,0.07886501602759749,0,1
8143,193,18.936589458061498,POS,Travel,UK,16.0,0.18409475557842492,0.06761430207695962,0,1
526,108,17.827276865671372,ATM,Food,US,22.0,0.156332564078248,0.23284111527908002,0,1
764,21,234.9106823119286,ATM,Food,FR,20.0,0.12492861836371785,0.31795171028771946,0,1
9139,564,304.80203078235155,QR,Clothing,US,19.0,0.0551810990438728,0.10700187246234658,0,1
6967,538,147.64070484248643,POS,Travel,TR,11.0,0.32375413605833914,0.09986839004979646,0,1
3402,119,391.7782111645372,Online,Travel,UK,3.0,0.05813938390496394,0.055213071927281976,0,1
7365,577,0.4016987383000794,Online,Clothing,TR,15.0,0.2890484706145077,0.45156094103408995,0,1
2818,780,73.56896012611972,Online,Travel,DE,21.0,0.10348517040346429,0.1839656089290957,0,1
3122,225,38.735573207326695,POS,Food,FR,22.0,0.32008508657544354,0.046555324802823525,0,1
93,368,31.03945909599956,Online,Food,FR,22.0,0.18492611138008894,0.06891162744845009,0,1
9254,991,36.92140567473512,Online,Travel,FR,17.0,0.06504586281020086,0.19292796147891497,0,1
165,40,27.20994782047002,Online,Travel,DE,15.0,0.6490139645432322,0.2038276361287664,0,1
581,526,75.19886145037373,QR,Food,DE,4.0,0.21062520645481916,0.06363032811901846,0,1
507,344,247.18144841265018,POS,Clothing,TR,21.0,0.5229474221376768,0.1338673900815333,1,1
1830,715,59.26824438411233,QR,Travel,TR,16.0,0.11757054508747602,0.1124125502288179,0,1
9269,319,271.85686051692835,QR,Food,US,11.0,0.13120384103481497,0.35819839908629025,0,1
1623,401,1003.3559656134701,ATM,Food,DE,19.0,0.20396814299594526,0.3455086612620846,0,1
5273,233,74.30901121672863,Online,Clothing,US,21.0,0.2154470170060812,0.22819080111466108,0,1
4575,277,10.934469164542627,POS,Travel,TR,13.0,0.3098359201039413,0.03591136426309319,1,1
9426,402,756.3793805129202,POS,Grocery,FR,11.0,0.49831882618442525,0.4667523813216219,0,1
8952,413,193.1089524089359,POS,Food,FR,14.0,0.16398253134898594,0.03526351101219373,0,1
5488,535,523.216831976183,ATM,Grocery,TR,21.0,0.38281003251582735,0.39686586085311415,0,1
9720,876,0.0,Online,Electronics,TR,21.0,0.03830124732363194,0.15687458587937947,0,1
5993,189,206.2267256449119,Online,Grocery,FR,22.0,0.20035233769241767,0.18935191341433052,0,1
9385,462,62.44290573308327,ATM,Clothing,FR,19.0,0.16573297336989226,0.050608796873128505,0,1
5392,335,13.6344123626582,POS,Electronics,FR,17.0,0.08775018841791443,0.051980656876049566,0,1
4277,719,3.268442358038704,QR,Travel,US,14.0,0.1314532297045332,0.08765836518081857,0,1
8962,908,183.43812716733692,POS,Food,TR,19.0,0.31093027050576505,0.03819883614316476,0,1
1482,402,187.6352919959147,ATM,Electronics,US,17.0,0.15161448699470073,0.4871273269678756,1,1
6203,796,0.0,POS,Food,FR,16.0,0.05273170808554038,0.2198825394958275,0,1
8002,757,47.2687914104108,POS,Grocery,FR,1.0,0.2928681004139532,0.3228038114145668,0,1
4002,656,183.14438115032192,POS,Grocery,FR,21.0,0.1675288965719615,0.05312140807370753,0,1
8287,288,204.40818781903735,ATM,Food,FR,8.0,0.25524428092612983,0.09251935072947813,1,1
4679,928,76.04458091932692,ATM,Travel,DE,12.0,0.22647283757812453,0.11123960526030505,0,1
747,334,202.0593939857398,POS,Travel,DE,13.0,0.09503383906989846,0.2132551352442444,0,1
4929,277,21.573697485193755,Online,Electronics,US,11.0,0.10753057864651326,0.07762776342990017,0,1
5208,324,173.87328926176613,POS,Grocery,US,21.0,0.35516564104743886,0.13025988786425105,0,1
7576,18,130.93436008014675,Online,Food,FR,6.0,0.32670233251362835,0.4044245179872315,0,1
3120,82,82.40580230219754,Online,Food,FR,12.0,0.09884986253979422,0.3624811764034173,0,1
3059,264,29.374314149869125,POS,Food,UK,17.0,0.05373563282492071,0.10155944197016686,1,1
5004,911,76.83117325978107,QR,Grocery,UK,10.0,0.13871383159373646,0.13421651325190823,0,1
6391,136,45.265497598263906,Online,Grocery,TR,17.0,0.14664910137647583,0.04294991566997158,0,1
36,821,112.95395220999764,POS,Grocery,FR,18.0,0.1010224319736308,0.09552934779191687,0,1
2255,347,402.580673099088,ATM,Food,UK,16.0,0.3355155515444007,0.3753655527836448,0,1
30,874,321.11559689835155,POS,Electronics,TR,9.0,0.28032535855583596,0.10702326484761059,1,1
7553,304,153.92267284242337,POS,Food,DE,4.0,0.3107748895161748,0.22056960167072928,0,1
6180,310,1200.7712716860963,POS,Travel,FR,6.0,0.14495988800805354,0.03854260057248858,0,1
7059,216,12.741566629712148,Online,Clothing,US,17.0,0.11144320692104466,0.05692848489039784,0,1
997,987,124.9609193231406,ATM,Food,UK,14.0,0.25274722901424523,0.10158530840107502,0,1
255,986,24.28298244205204,POS,Electronics,TR,22.0,0.13709008597649752,0.153927207413073,0,1
4750,362,163.2364315366903,Online,Electronics,TR,22.0,0.13898125933565242,0.29815153749604817,0,1
3201,124,71.72016335533624,QR,Grocery,FR,17.0,0.08516778712318936,0.1670657739373534,0,1
1963,511,56.123891327657454,ATM,Food,TR,21.0,0.11792633552889893,0.04643572285181561,0,1
3733,121,65.14929447141563,Online,Clothing,FR,5.0,0.2346357034818163,0.563644369290307,0,1
1822,291,83.68721172138395,QR,Grocery,TR,2.0,0.1698851245913806,0.19430363880026855,0,1
1340,690,118.06554136370532,POS,Travel,FR,4.0,0.37807276490311814,0.22769771206206824,0,1
4604,585,129.01736341114525,ATM,Food,FR,10.0,0.10867986304298433,0.3059579447437612,0,1
5996,919,375.142672533265,ATM,Grocery,UK,23.0,0.2198360073261114,0.18241964525761847,1,1
1486,16,406.0502965558241,POS,Food,US,22.0,0.21924585916862266,0.35893128366589033,0,1
8910,674,246.3783915331334,QR,Food,US,21.0,0.36710301212761803,0.06935408828833256,0,1
5094,214,0.0,ATM,Grocery,FR,17.0,0.023859170943735394,0.07017837765781983,0,1
1302,226,12.30545480081415,Online,Grocery,US,4.0,0.06225435149173176,0.13871524630366722,0,1
6728,61,86.68286976665142,Online,Travel,US,22.0,0.8588673878726678,0.22332051684092427,0,1
3020,926,307.48254791935653,QR,Clothing,UK,3.0,0.3145188611876809,0.3356815650714231,0,1
4016,820,48.92828451607274,POS,Grocery,UK,18.0,0.1676342597715759,0.10361054981979104,0,1
6675,692,114.44730988005277,POS,Clothing,UK,20.0,0.12698606606357665,0.0854757661224328,0,1
7205,611,55.52650362259177,QR,Travel,US,20.0,0.050166978763136166,0.26143101132184643,0,1
7260,495,19.446893588290397,ATM,Clothing,DE,2.0,0.06457873452313988,0.16300734681129328,0,1
7708,514,509.19103255702646,Online,Grocery,FR,18.0,0.121983658734416,0.05298980831483007,0,1
8784,886,10.816569578981568,POS,Electronics,UK,9.0,0.1069601195904371,0.3071417520288988,0,1
4791,210,115.95212692739575,POS,Food,US,16.0,0.039709018167547405,0.27610143837166995,0,1
7016,747,18.436535595309504,Online,Grocery,UK,14.0,0.010204378707026517,0.025179009707746787,0,1
6342,51,65.5006438926828,Online,Grocery,US,22.0,0.08943484190474682,0.03183375666264339,0,1
8371,183,241.5653336605622,QR,Grocery,TR,22.0,0.503589062384422,0.04425476391325123,0,1
3913,539,497.24494295627863,POS,Food,TR,20.0,0.08703631255030073,0.22009674200847906,0,1
8246,70,8.31927138064423,ATM,Food,US,22.0,0.013977092152728438,0.1023289031231775,0,1
6213,991,43.20529376815611,Online,Food,UK,20.0,0.09756891305834277,0.03935506917273465,0,1
7908,227,41.034158708040145,POS,Travel,FR,17.0,0.16495072260296822,0.07481060720554221,0,1
1160,731,172.00034531271578,Online,Travel,US,15.0,0.11239873739800424,0.07709618379103561,0,1
5254,857,252.9904269825046,ATM,Food,DE,1.0,0.2790696713848169,0.5500966683533183,0,1
3027,957,0.0,QR,Electronics,TR,12.0,0.03435718907580553,0.06495934201599404,0,1
3584,332,102.43446068351723,Online,Clothing,FR,19.0,0.15936428687233264,0.16475870021013292,0,1
8017,188,15.253243462958753,QR,Food,US,18.0,0.023609411244576238,0.09780865132355966,0,1
7745,899,149.32571737327933,POS,Electronics,US,21.0,0.06474068720338072,0.14576307449289377,0,1
8855,620,56.06600241660454,POS,Clothing,TR,19.0,0.03464836856869172,0.22008711363776887,0,1
4095,792,117.1046466500394,ATM,Grocery,FR,5.0,0.3817301575758771,0.15314117450638606,0,1
3438,65,466.9359446049821,POS,Travel,UK,11.0,0.3271585546445485,0.3055658389726299,0,1
2508,766,137.01239791851017,POS,Travel,UK,20.0,0.3083058923370048,0.20558600655261283,0,1
7655,637,342.827108028393,QR,Clothing,DE,16.0,0.21599612202167476,0.38107273215236837,0,1
5879,498,302.0894082967244,QR,Electronics,FR,21.0,0.5162742469774672,0.12097405826960916,0,1
7983,460,202.73974616175587,QR,Grocery,DE,3.0,0.5665355932235426,0.1944590728519162,0,1
5465,491,49.023768219594416,ATM,Grocery,US,18.0,0.2956193271891868,0.6591115274371618,0,1
6227,48,325.8065639066882,QR,Grocery,US,20.0,0.348595839785485,0.43267552132028125,0,1
1837,715,3.225133877645697,POS,Clothing,TR,11.0,0.06083705091840767,0.09833001718836676,0,1
6286,243,339.1987007829936,Online,Electronics,DE,22.0,0.3322171079944122,0.2864111227039555,0,1
3071,129,67.48458963462288,POS,Clothing,FR,8.0,0.09689265284017179,0.3289081417162109,0,1
5403,491,149.6834482171779,QR,Grocery,DE,20.0,0.05724382315805736,0.11740783827644555,0,1
5266,325,57.28727881264281,QR,Clothing,DE,5.0,0.1909926834548612,0.37956922438553614,0,1
2642,852,20.990428732161725,Online,Food,FR,17.0,0.4413791128770441,0.21677840032635465,0,1
7322,545,10.38912247011452,QR,Electronics,UK,6.0,0.2626371966668848,0.2208298003862796,0,1
5117,328,22.299366638696853,POS,Clothing,TR,21.0,0.07593968863167865,0.1551446341676676,0,1
9699,959,314.09138577630796,QR,Travel,DE,16.0,0.18077270022237057,0.08760870971102157,0,1
7702,511,252.5935597620095,QR,Electronics,FR,21.0,0.09770014951054203,0.516297632383053,0,1
1731,941,93.83288951165389,POS,Food,FR,5.0,0.15292664902057596,0.32474522764244323,0,1
1695,721,2.3376271630329315,POS,Clothing,TR,3.0,0.009742920768354577,0.03204250223447419,0,1
7332,603,54.41235218844342,Online,Travel,FR,8.0,0.1971148364747701,0.023217279524903295,0,1
6611,354,131.7095839337864,Online,Clothing,NG,10.0,0.5214590740989079,0.6053761290063852,0,1
5399,55,147.12235807356845,POS,Electronics,FR,11.0,0.2990252127122969,0.2630900390334848,0,1
1226,413,92.35028012829693,QR,Food,FR,13.0,0.12272849674033606,0.10468594178514834,0,1
5734,853,493.7448930380716,Online,Grocery,US,18.0,0.33881184784344553,0.8393469375104784,1,1
6414,44,45.131831175090554,Online,Travel,US,21.0,0.17287880454264593,0.3033720031781329,0,1
5398,491,31.29677674601735,POS,Food,TR,17.0,0.16432539601961513,0.19306684745214917,0,1
2771,104,405.4797465930591,Online,Clothing,US,21.0,0.41617976479821794,0.34857670229753257,0,1
6818,637,91.87295116269354,Online,Electronics,DE,23.0,0.035196327759033155,0.016795020025425392,0,1
3119,745,170.87457928759216,ATM,Food,FR,22.0,0.06807017944760133,0.20330878011313175,0,1
4037,663,76.18291465375846,POS,Electronics,DE,10.0,0.2606456095153405,0.23340178259139047,0,1
2410,715,623.265715153814,ATM,Clothing,FR,17.0,0.25442094298968704,0.08564343587467627,0,1
8909,548,24.00229031054707,Online,Food,US,17.0,0.26306691210050087,0.06312106180618166,0,1
248,44,20.77564532188716,QR,Grocery,US,16.0,0.028705546626568698,0.037314624405870724,0,1
4145,348,16.374156854894483,POS,Electronics,US,9.0,0.10558475838049783,0.15008718805805615,0,1
5681,203,85.83227565532862,POS,Food,FR,9.0,0.36152544831975514,0.27484784028996956,1,1
3038,227,4.525356063452128,ATM,Travel,TR,5.0,0.021647801763660268,0.10825815143174222,0,1
6574,313,1138.307954783923,POS,Grocery,TR,9.0,0.13160807556542617,0.6864177843601462,0,1
1259,984,40.7536633398841,Online,Electronics,TR,12.0,0.026677981327555167,0.17814339874285925,0,1
5180,424,32.204660455903344,POS,Travel,TR,20.0,0.09039523134738256,0.021725402730899755,0,1
9287,894,101.80173940185665,QR,Travel,DE,8.0,0.2965258667591967,0.13067180339407938,1,1
6424,889,0.0,QR,Electronics,US,19.0,0.21230622133346785,0.1888403377189406,0,1
4820,867,64.98407763030407,QR,Grocery,FR,17.0,0.14846006862452368,0.4572434379512098,0,1
8740,309,92.81506371888148,Online,Clothing,TR,13.0,0.021253696001523874,0.1321778420976332,0,1
3649,715,142.4132387207662,QR,Food,TR,11.0,0.31227215935037206,0.16690419283313224,0,1
9121,389,6.936871254393587,ATM,Travel,US,12.0,0.22262306219750136,0.035012331387666164,0,1
3266,840,159.37789448103584,ATM,Clothing,TR,14.0,0.900298320794885,0.6273465083270525,0,1
5092,82,21.687847329140716,Online,Clothing,FR,21.0,0.10615681304259536,0.11343741861867472,0,1
6762,955,6.460128435467174,POS,Grocery,US,17.0,0.07245716654319104,0.017974106674729713,0,1
2911,357,72.49918773738835,QR,Travel,US,22.0,0.010717790381614481,0.20062311947586928,0,1
8599,828,108.9670997668208,QR,Food,UK,21.0,0.11667570713510794,0.02853498829695203,0,1
5016,128,187.5754172314677,ATM,Electronics,TR,9.0,0.14815228325119045,0.2599322381257235,0,1
5698,995,71.64211094132784,POS,Clothing,UK,14.0,0.2510887679201368,0.059476964286238915,0,1
9880,406,66.30799171722187,Online,Grocery,US,7.0,0.14749361583214643,0.11943199835344649,0,1
3636,22,226.41718521176784,QR,Travel,FR,8.0,0.1319981250575934,0.2432194380738741,0,1
2823,149,68.58008261307873,Online,Food,TR,22.0,0.05555569968041598,0.056488108475195094,0,1
3425,374,205.78209838769786,Online,Clothing,US,18.0,0.2226374914254258,0.19270376817673449,0,1
824,576,261.3319914232085,Online,Food,US,15.0,0.15087997311699441,0.17487873694543024,0,1
892,545,27.735884236439517,ATM,Clothing,UK,11.0,0.03152807195967039,0.2550273308955314,0,1
1719,70,313.8410459909513,Online,Travel,DE,16.0,0.2059021192377656,0.25481981469343473,0,1
1680,154,67.62443136165564,Online,Travel,US,22.0,0.07771776035836686,0.011731085221398357,0,1
6613,816,136.5130384207085,ATM,Electronics,FR,10.0,0.780880123053567,0.05563324626541328,0,1
1409,459,51.14772213338413,QR,Travel,US,8.0,0.1742784538590377,0.3080521860440189,0,1
8090,632,99.0088550852143,QR,Electronics,DE,6.0,0.14139854980893,0.10535428895518723,0,1
4083,225,35.48075962510835,ATM,Food,UK,23.0,0.1580125738444895,0.04787565164777364,0,1
1784,386,346.8299113323211,Online,Electronics,FR,19.0,0.19358287296800222,0.33287655776013275,0,1
3434,625,66.88044483957214,ATM,Travel,US,22.0,0.11416430204196243,0.025284840910770774,0,1
537,678,468.2640092619729,QR,Grocery,FR,21.0,0.4904390219826414,0.5358833416476663,1,1
1620,187,192.2439622869371,ATM,Clothing,UK,16.0,0.14863537964348605,0.2571085203309753,0,1
5332,547,611.009802519268,Online,Clothing,US,20.0,0.45752899434566957,0.5086012280188585,1,1
3897,517,67.02406539863082,QR,Food,US,23.0,0.08370868579118151,0.13133005141257487,0,1
588,339,419.1609881671309,POS,Food,TR,7.0,0.26979627997516586,0.19699385800264507,0,1
9694,134,253.78200998051065,ATM,Electronics,US,23.0,0.1695233900086209,0.37591822490758153,0,1
8324,457,104.53848522178261,POS,Grocery,FR,21.0,0.012865426337833677,0.09911146685643485,0,1
2421,170,14.376611697184963,POS,Travel,US,13.0,0.17047088975864402,0.14839108080508026,0,1
4137,863,17.313580390618036,POS,Food,FR,22.0,0.08961300539724554,0.17857366236531066,0,1
7787,312,452.24006828911655,ATM,Grocery,FR,1.0,0.6596523720990075,0.42059272324798774,0,1
7204,906,83.8283514667918,ATM,Travel,FR,7.0,0.06328168874953821,0.07364246388860145,0,1
763,309,319.0257090789366,ATM,Electronics,UK,15.0,0.3618825414745716,0.4126348735524062,0,1
5129,346,5.753426119249839,POS,Food,US,14.0,0.040726361783903015,0.02879747788423532,0,1
2712,287,16.48052257627849,ATM,Clothing,TR,15.0,0.0989339042955788,0.10509871648721737,0,1
5724,132,35.6757734513753,Online,Travel,FR,11.0,0.1316380446292915,0.21476917667836856,0,1
2261,638,10.45343375514529,QR,Electronics,DE,18.0,0.038082130048250104,0.27226536280725555,0,1
2960,992,560.4110378450079,ATM,Travel,US,18.0,0.5253137107129329,0.3806940452702243,0,1
3547,357,261.1512179553588,POS,Electronics,TR,6.0,0.32392207092833375,0.27570264635128483,0,1
4047,494,110.78659948306768,Online,Electronics,UK,8.0,0.2957076247070537,0.138848328667487,0,1
2920,747,99.02203376249238,POS,Clothing,DE,22.0,0.06874730092297884,0.20532143379611817,0,1
424,688,159.16897441740375,ATM,Clothing,DE,8.0,0.05485147875998142,0.09663489908211231,0,1
3748,201,610.8339464910825,ATM,Clothing,TR,6.0,0.048041394944861836,0.17107549184124898,0,1
9483,399,28.235812866249262,ATM,Travel,TR,13.0,0.039528707032124175,0.044225722279458216,0,1
6635,424,55.72845122534734,ATM,Electronics,FR,8.0,0.13805811229685933,0.2206760880884151,0,1
1923,881,159.46217989773928,POS,Electronics,FR,9.0,0.10678022429684636,0.22280886853033208,0,1
2345,191,6.0532875166356375,QR,Travel,FR,9.0,0.05901030559197367,0.04194828436544897,0,1
5962,117,242.62101475898953,QR,Travel,DE,5.0,0.5401573167697545,0.292053638408822,0,1
3403,715,277.03917902539894,POS,Food,TR,22.0,0.14488160042242013,0.21878383351611994,0,1
7500,918,57.591715107319914,POS,Electronics,US,13.0,0.03588916702514749,0.10755041729971591,0,1
8599,614,237.58803014636862,ATM,Electronics,US,15.0,0.23806291785864186,0.25716596921408935,0,1
5137,122,43.390853585038855,Online,Electronics,DE,17.0,0.2506775404819877,0.13460171663314976,0,1
5930,204,22.727287957873216,ATM,Food,US,3.0,0.14617628475791203,0.07365389452383811,0,1
1675,510,398.05426944792066,QR,Clothing,DE,20.0,0.2672195485384319,0.13703770413787272,0,1
2123,898,0.0,Online,Electronics,UK,10.0,0.11917805058158587,0.12279670066490508,0,1
9165,645,99.90919194146898,POS,Food,US,15.0,0.18652739297024062,0.3141782485745906,0,1
2258,386,178.4710778975121,ATM,Food,TR,9.0,0.03795998270718846,0.022874651609188553,0,1
4508,925,2.3088218240536142,QR,Clothing,TR,15.0,0.028878374073722513,0.08181370361013757,0,1
3637,583,152.75297899292067,ATM,Travel,FR,15.0,0.11430347473425806,0.1619506567819091,0,1
7719,376,705.4873481087328,Online,Grocery,TR,8.0,0.41398606052753356,0.08756475337702722,0,1
5964,41,88.89545181697984,QR,Grocery,FR,7.0,0.5377163639292429,0.6174867841729497,0,1
9555,546,367.5138633899945,QR,Grocery,TR,22.0,0.09862974475876556,0.24877039868705542,0,1
795,238,245.55907747627955,POS,Clothing,FR,11.0,0.27779848303660853,0.2618043207451012,0,1
8085,900,294.3703252224438,QR,Food,TR,13.0,0.010524318031587153,0.053679238884101914,0,1
3057,334,85.68458537446729,QR,Clothing,US,13.0,0.1440886106058527,0.31410372104840495,0,1
9237,63,198.9476657994259,Online,Travel,TR,10.0,0.20738278075211317,0.4026046322209325,0,1
3196,24,35.358435668820405,Online,Electronics,TR,12.0,0.03408007061625856,0.04445165241120942,0,1
3523,625,99.20068071627776,Online,Electronics,TR,14.0,0.2868998495016415,0.09962621891169209,0,1
5332,572,47.28855981994051,QR,Travel,UK,8.0,0.3139696059726663,0.034432356439600915,0,1
6530,955,215.55071301796093,Online,Grocery,TR,7.0,0.199624420493198,0.18337068671547777,0,1
1677,471,145.61158917066246,Online,Food,US,11.0,0.1360169052731929,0.35282578353035426,0,1
513,912,727.3419877650995,Online,Electronics,US,19.0,0.22629761720348457,0.3458872160731643,0,1
3764,166,100.1932325509749,ATM,Food,TR,15.0,0.2535749714555115,0.0528140109686061,0,1
7746,215,228.0899060768076,ATM,Food,FR,21.0,0.01859704178304142,0.026668316154520817,0,1
2406,794,247.03137238177402,QR,Electronics,TR,14.0,0.0436829617563239,0.21665947994410387,0,1
4593,894,5.185637562841911,POS,Grocery,US,19.0,0.013739814689956609,0.1141985096784452,0,1
3681,580,28.06030832216431,ATM,Clothing,US,3.0,0.017665646472636718,0.01644743611465427,0,1
6879,593,57.289273077782354,ATM,Food,NG,17.0,0.3610534137889343,0.34545502465385725,0,1
2767,978,168.0747164230469,Online,Grocery,FR,15.0,0.33208917399088544,0.16928934544845664,0,1
5628,952,14.27810940243171,Online,Food,FR,23.0,0.49069271522812014,0.2632571973248697,0,1
1835,858,97.70351513235279,POS,Grocery,UK,12.0,0.099299170365389,0.09972072609440112,0,1
7264,234,35.214749549430415,POS,Clothing,DE,1.0,0.3575377878140855,0.172212423570416,0,1
5386,219,742.464744030519,QR,Electronics,DE,13.0,0.36657813318359905,0.11784208138731057,0,1
7377,166,244.22134603777133,ATM,Food,TR,21.0,0.22611947395163456,0.22064780363735134,0,1
1857,456,39.050608889689656,QR,Travel,DE,12.0,0.032098513241011664,0.43084114315177774,0,1
7997,362,181.89274179134298,ATM,Clothing,UK,22.0,0.33879061164903485,0.1568415374676308,0,1
8166,545,236.2639379570143,Online,Clothing,DE,18.0,0.07857320532519166,0.02445530503167383,0,1
4940,387,2.8179801589829765,ATM,Clothing,US,19.0,0.027247470240707696,0.029464522906399792,0,1
5320,568,56.99164096483189,QR,Electronics,FR,8.0,0.19662821008558926,0.09351326574249862,0,1
7782,803,29.342781355234766,POS,Grocery,DE,21.0,0.070760149201935,0.09128672807382089,0,1
2883,659,20.817845656196656,POS,Electronics,UK,13.0,0.647601802141592,0.3453070413650984,1,1
6529,991,30.345869652898593,ATM,Electronics,UK,17.0,0.4638557158088222,0.08108637370418578,0,1
5235,241,177.12626880162674,QR,Grocery,US,13.0,0.1108208918961912,0.15783972132483942,0,1
9149,759,443.2382927887549,POS,Food,DE,17.0,0.2308673173412063,0.15840644851884647,0,1
3659,24,15.830633807514445,POS,Clothing,DE,22.0,0.06902831239013225,0.017042735530380416,0,1
5753,188,183.86729013744616,QR,Electronics,TR,17.0,0.27966177925247504,0.2005030025371092,0,1
962,450,65.30467073124143,QR,Food,DE,21.0,0.19046035261120312,0.08319080062143835,0,1
6324,287,320.4285935488411,Online,Clothing,DE,8.0,0.16054965554964132,0.26346934757600754,0,1
9111,690,512.0036693585246,ATM,Food,US,3.0,0.12556015754009028,0.026069278274678972,0,1
9753,589,1173.918119967934,QR,Grocery,DE,10.0,0.09457829550535048,0.20457047929477684,0,1
1520,749,52.49436043697992,POS,Clothing,UK,13.0,0.18379803458601499,0.11934155371648268,0,1
5430,724,785.8339163760705,QR,Electronics,FR,17.0,0.05183831294777065,0.34687849844039614,0,1
2736,675,36.192733946899466,QR,Grocery,TR,13.0,0.1819269262089195,0.08272854177320328,0,1
845,860,18.368912204004012,QR,Travel,TR,17.0,0.03615301307067982,0.022930768042544156,0,1
6999,210,108.3817367219701,Online,Clothing,US,16.0,0.04621029298918251,0.18353612636962385,0,1
2554,458,320.72900759991114,Online,Food,US,18.0,0.28235612422370926,0.23659173772328995,0,1
1936,787,133.65068600507507,POS,Food,DE,15.0,0.11140741471650732,0.11852400137689144,0,1
3058,697,0.941394638787647,Online,Grocery,US,2.0,0.25414681721424043,0.3376321893210592,0,1
5379,174,462.50720863194977,Online,Electronics,TR,21.0,0.14634049083720865,0.06704720532018908,0,1
590,84,210.25279293846214,ATM,Electronics,TR,21.0,0.04106712983515574,0.024668196422819026,0,1
7080,862,546.1234864641408,POS,Travel,TR,17.0,0.11815968527395328,0.10327377798413781,0,1
8789,889,228.02503888311378,ATM,Electronics,DE,21.0,0.03546388379631416,0.4036341129882207,0,1
6295,429,215.1689653134462,ATM,Clothing,TR,11.0,0.28277789107961754,0.06535339195444574,0,1
5045,324,2.0803855915658787,QR,Clothing,FR,22.0,0.16656167133272698,0.018189978621325716,0,1
7888,17,5.838518476978889,Online,Food,DE,13.0,0.09361190791757457,0.31160471773032244,0,1
3446,917,419.086173239903,ATM,Food,FR,2.0,0.6152902574545965,0.5769148267789258,0,1
403,919,252.06105265498502,POS,Clothing,TR,8.0,0.5814985950495536,0.1356400073082024,0,1
2317,937,3.952171647168767,Online,Travel,US,22.0,0.5976359537465428,0.3682122566580896,0,1
9990,513,6.516664781847118,QR,Food,US,18.0,0.12171766992626207,0.4054007541320407,0,1
1901,163,113.24368233571357,ATM,Travel,DE,18.0,0.05286522325275184,0.07927343574883752,0,1
2673,100,226.29613655103836,Online,Clothing,UK,21.0,0.7644430604061606,0.2623343777477918,0,1
8233,941,35.394002190272985,Online,Clothing,UK,8.0,0.2602681392651374,0.2712504386276911,0,1
808,99,478.3941355257229,ATM,Clothing,US,14.0,0.20754910197899756,0.05051257238061387,0,1
5695,819,132.29289666403827,Online,Electronics,UK,19.0,0.08418897329086189,0.033948213462316294,0,1
9714,421,440.6583676495367,POS,Electronics,DE,3.0,0.08301870171327548,0.12654017992709957,0,1
8684,857,55.54187312479222,QR,Grocery,TR,13.0,0.40040829398966493,0.19081606669880083,0,1
8003,746,338.7252073354907,Online,Grocery,DE,3.0,0.5119345000513174,0.45689001736164375,0,1
767,877,373.8068109900189,POS,Travel,FR,11.0,0.1805516361904146,0.4462660146011643,0,1
1255,898,83.01707623040562,Online,Food,US,17.0,0.05211068822266232,0.057581016498528564,0,1
8249,334,2.5667120933981606,QR,Food,US,23.0,0.15594318916170952,0.19272515998358572,0,1
71,145,35.40941377873613,QR,Travel,TR,6.0,0.3830432251096736,0.18161991710454728,0,1
4359,821,198.1062098193484,POS,Travel,DE,12.0,0.05602799647357257,0.0874526879990746,0,1
5945,642,53.052062603027345,POS,Electronics,US,14.0,0.09447387346252027,0.28711180387344404,0,1
9944,15,8.398232438290014,QR,Clothing,FR,21.0,0.04996043002768219,0.017737080564367055,0,1
7205,553,0.0,ATM,Clothing,FR,16.0,0.2660431848773504,0.12781669949404026,0,1
4276,623,22.886660158081973,QR,Clothing,FR,13.0,0.18767217341826814,0.8575937886750927,0,1
88,339,4.122198586163823,ATM,Food,FR,20.0,0.43524452630514365,0.010991033345260935,0,1
314,432,7.376317999794635,QR,Travel,US,18.0,0.2172227815173617,0.03219163745404683,0,1
724,372,39.40443108158638,QR,Travel,FR,11.0,0.06623383920531581,0.16948499878321213,0,1
2444,314,182.77045139621555,ATM,Travel,DE,19.0,0.2743758909858446,0.1898842601975306,0,1
2649,337,25.49740903916654,POS,Grocery,FR,14.0,0.3752263486212606,0.386542455982003,0,1
9303,252,11.568950785216146,POS,Food,US,13.0,0.3691408853266163,0.3495294336456899,0,1
8504,753,267.5558458950269,POS,Food,US,7.0,0.1789666620036339,0.19863302890420614,0,1
8884,185,382.44263045137785,QR,Grocery,DE,19.0,0.29250203553052123,0.26584037214662204,0,1
8353,415,180.54129801350246,Online,Electronics,UK,6.0,0.21315527052182295,0.33945899924567996,0,1
5301,962,444.88343313492396,POS,Clothing,UK,3.0,0.4391144326549407,0.26329879153511127,0,1
8269,534,106.89392230250682,QR,Clothing,FR,19.0,0.11243867989327519,0.1801091866391588,0,1
1925,795,508.25123264569606,ATM,Food,UK,15.0,0.17639735144836602,0.25547734106863035,1,1
4147,977,7.5607375482712795,Online,Clothing,DE,6.0,0.07997221113247506,0.44185245355035596,0,1
2117,237,69.72309188663158,Online,Travel,UK,12.0,0.3672797830473452,0.23804380568815206,0,1
1781,554,262.8122870590264,ATM,Food,DE,21.0,0.2949222705734794,0.13061224790151718,0,1
5167,568,16.12124734411826,POS,Electronics,FR,6.0,0.11711370539578514,0.4471740706380084,0,1
6341,547,372.21743302032525,POS,Grocery,TR,22.0,0.47406854341565036,0.34805326141588777,0,1
9731,654,34.94878131732942,QR,Clothing,UK,21.0,0.09140816720120262,0.1710036617753309,0,1
7403,667,47.99267708555027,Online,Clothing,US,11.0,0.24522538485757014,0.159927590850869,0,1
5026,600,19.042120829904206,Online,Electronics,FR,18.0,0.1936277478855441,0.07735292901106366,0,1
4752,205,97.7957799491335,ATM,Grocery,UK,19.0,0.09136856227724278,0.6753698387011615,0,1
1526,381,38.228453899982675,Online,Grocery,TR,15.0,0.7243849236703007,0.3152547955260488,0,1
6466,508,1.02335098611385,QR,Clothing,TR,19.0,0.018884856720849833,0.17768177566228566,0,1
3295,764,54.13518094283512,QR,Travel,UK,14.0,0.27481344883434355,0.11776269126291584,0,1
5009,363,33.00418293662455,POS,Food,FR,19.0,0.015728929540545965,0.09070979745427143,0,1
8081,873,76.71489716244197,POS,Electronics,TR,18.0,0.0681986468596845,0.4940603138051545,0,1
7638,890,77.97845910798274,QR,Grocery,TR,2.0,0.22484796923799746,0.3727887828843638,0,1
5408,140,26.8682240055466,QR,Electronics,US,12.0,0.17758537007209108,0.06925629354409993,0,1
8182,903,293.1465619008829,Online,Food,FR,21.0,0.11719720733302609,0.6481535683917138,0,1
9522,516,0.0,POS,Electronics,FR,20.0,0.12448073406100892,0.07489572313112401,0,1
1098,132,63.38749968671489,Online,Grocery,US,16.0,0.08595704055155087,0.05225679661480394,0,1
497,882,202.38326629142858,ATM,Food,US,18.0,0.2110089343110284,0.03863118466325438,1,1
4671,556,335.09283160193326,QR,Clothing,TR,17.0,0.6054226638420666,0.27390153507507026,0,1
5687,272,255.77960995153438,QR,Food,FR,22.0,0.36495188068445583,0.4135933166221138,0,1
8707,408,47.357796865213956,QR,Electronics,FR,7.0,0.06297760366030644,0.33316869062857807,0,1
9999,924,133.75084053085493,POS,Travel,TR,19.0,0.30764423706180494,0.250196720317424,0,1
5814,714,379.2563913280554,POS,Electronics,TR,8.0,0.3952281398017843,0.16918773168835002,0,1
670,784,108.60148127591002,POS,Travel,FR,16.0,0.04996844343133831,0.06601363695089507,0,1
6038,612,11.332865350319116,Online,Electronics,US,19.0,0.20466624926258636,0.04466674366874891,0,1
6535,634,75.45701084887956,POS,Grocery,TR,13.0,0.22425836774549676,0.145460202710811,0,1
2634,114,16.197466212800347,ATM,Grocery,DE,15.0,0.050157100574855513,0.028666762684927714,0,1
8053,775,46.20304614834543,QR,Travel,UK,13.0,0.15296800505311456,0.2325633365491115,0,1
2157,882,257.1399489614639,POS,Electronics,UK,18.0,0.3038780105736738,0.11805490009555142,0,1
4985,191,285.38048896124,ATM,Clothing,TR,18.0,0.6294387765597562,0.5251490182823937,1,1
8678,58,205.29308628602888,POS,Travel,DE,6.0,0.17466581967310948,0.23550217323648193,0,1
1531,899,33.4281047906203,POS,Food,DE,3.0,0.15020874359483352,0.06287154582253077,0,1
5940,499,307.52165587764875,POS,Food,FR,20.0,0.1876146262441575,0.3581826226754322,0,1
6256,163,146.39413770386162,Online,Food,UK,23.0,0.08877427711489773,0.12465724651498548,0,1
2097,769,4.043475339004643,POS,Travel,TR,23.0,0.36486150544575985,0.22109984402144625,0,1
7781,242,88.93468792956774,POS,Travel,TR,8.0,0.06481857190391555,0.08173447919902485,0,1
4421,74,126.98105542014419,QR,Electronics,DE,22.0,0.09718694259673004,0.11426071078515755,0,1
185,133,89.20198961317188,ATM,Food,UK,7.0,0.23612083712062432,0.06720626195017622,0,1
6598,732,23.296552803031137,QR,Electronics,UK,17.0,0.05252367931352393,0.07197807708886457,0,1
6879,707,419.7151972230593,Online,Clothing,FR,15.0,0.4057708136445221,0.1675088995886246,1,1
2520,84,88.85428067382442,ATM,Travel,TR,7.0,0.05822772104783143,0.09294090230942986,0,1
6714,699,302.2269769122008,QR,Travel,TR,18.0,0.33629538534032555,0.27591831691399565,0,1
3570,100,591.4743392824199,QR,Electronics,FR,19.0,0.2012965181797068,0.18579322974398396,0,1
3108,55,127.33300211272045,Online,Food,DE,15.0,0.2784606043724795,0.41923799884986374,0,1
7735,197,62.852650600672945,QR,Grocery,UK,13.0,0.17449214646585784,0.4645061683486126,0,1
2185,413,241.77379548516086,Online,Clothing,TR,21.0,0.07060768972232662,0.2631455653367498,1,1
1967,560,25.561906022785887,ATM,Food,US,20.0,0.055651276797236936,0.23823431876354467,0,1
1849,261,38.070617538761496,QR,Food,UK,2.0,0.2978743198398217,0.12070663986297625,0,1
8850,230,9.123290569548416,POS,Travel,UK,8.0,0.08207962858082143,0.04486516352061115,0,1
4116,630,139.07935220097974,POS,Grocery,DE,9.0,0.1511485728280164,0.2722108108245754,0,1
6119,267,1364.2521390978222,ATM,Grocery,TR,14.0,0.8619190038755676,0.34053129410002625,0,1
5981,704,117.57116145906869,QR,Electronics,US,2.0,0.04761734730200361,0.27091653907161817,0,1
6991,595,83.22089380888616,POS,Food,TR,18.0,0.05532967027385739,0.06142707851783542,0,1
5286,762,704.3091935972838,ATM,Clothing,US,19.0,0.25511891259764585,0.3353369529492692,0,1
1115,646,110.39684691774013,Online,Food,US,12.0,0.027988464693780718,0.2833406434811822,0,1
3210,753,157.50532942741626,QR,Clothing,DE,13.0,0.11933484242767572,0.24126484137012955,0,1
3026,926,300.2870589549246,QR,Grocery,FR,21.0,0.3689533874333129,0.144481224105015,0,1
7671,243,47.790317607188484,POS,Electronics,TR,0.0,0.0713076702227734,0.10006010034112137,0,1
9714,845,34.611298270611655,QR,Grocery,US,12.0,0.2142992152666788,0.24537518617440615,0,1
2124,408,51.50419809786149,ATM,Travel,UK,17.0,0.11039981027867272,0.19435187834001044,0,1
8695,953,99.83247353983768,ATM,Electronics,DE,14.0,0.05556261806971388,0.027141064170161995,0,1
7565,125,1231.7965372011877,POS,Electronics,US,22.0,0.22178150200919391,0.5656899712136533,0,1
6194,514,82.68539066887146,Online,Food,UK,18.0,0.019238136526753172,0.050074705614959636,0,1
8204,342,164.98154132688012,QR,Grocery,UK,20.0,0.10129934724820046,0.06304562823156122,0,1
1201,917,233.7673233366726,QR,Food,FR,23.0,0.057003696194229715,0.10167618294040474,0,1
9163,699,59.23575850637698,QR,Food,US,22.0,0.09104388155918258,0.15674656287077263,0,1
3884,721,162.90835432627838,QR,Clothing,UK,18.0,0.15447312254029055,0.11135320510158646,0,1
4709,22,230.5808274745838,Online,Food,TR,19.0,0.07195612797348562,0.05018750427184757,0,1
1698,528,98.59837634862036,Online,Travel,FR,17.0,0.1530853365637215,0.13588437238197465,0,1
2585,157,234.60633994144456,POS,Clothing,DE,11.0,0.22723833823513706,0.3141359868688372,0,1
8849,680,120.16646845605938,ATM,Travel,UK,4.0,0.05382453601333857,0.12926029612625037,0,1
6343,431,213.29817991238644,Online,Travel,FR,9.0,0.02723303201876145,0.19460397849794397,0,1
2866,443,27.096030962557755,QR,Travel,US,5.0,0.14815208249799766,0.35247864788097644,0,1
6023,724,216.91011435431668,POS,Electronics,TR,14.0,0.12656801381066105,0.15749778676003084,0,1
9168,561,117.95297372018486,Online,Grocery,DE,3.0,0.1603738971454945,0.29724589644574306,0,1
3084,95,242.69923365216144,Online,Clothing,DE,23.0,0.12562415549643013,0.1633418583152321,0,1
6435,859,299.0532387581405,Online,Grocery,TR,19.0,0.37024058261394627,0.3023347120003897,0,1
5288,389,0.0,Online,Electronics,FR,8.0,0.20650523386849742,0.15605037300650146,0,1
5970,510,602.2819647674696,POS,Clothing,FR,12.0,0.10760484818400655,0.6532509747837127,0,1
5524,572,356.8109167650825,QR,Travel,US,11.0,0.18190949271098455,0.11665831275621913,0,1
3204,237,88.69211866225183,POS,Electronics,FR,23.0,0.18627575066400456,0.19001388026190935,0,1
4900,246,39.87735979855484,Online,Electronics,US,18.0,0.013800522776988471,0.044954142185128484,0,1
161,716,0.0,Online,Food,US,8.0,0.044526088921269226,0.05760268649224535,0,1
9581,892,189.29650483243205,ATM,Clothing,US,17.0,0.10477791815924214,0.2450241364606662,0,1
652,812,445.3550284886648,POS,Food,FR,19.0,0.21239740869060114,0.19120090934399833,0,1
2701,187,99.45611569576862,QR,Travel,UK,7.0,0.3789641383373335,0.0688719680088963,0,1
5032,478,683.4638439021128,Online,Clothing,UK,15.0,0.04082580978965543,0.08275763795676211,0,1
9062,463,42.23260260831905,Online,Food,DE,22.0,0.22462091252744773,0.1287765044815662,0,1
6410,516,221.81752629209623,POS,Clothing,DE,22.0,0.2628983502463273,0.2827255059073549,1,1
78,841,19.400843685002084,POS,Clothing,DE,9.0,0.11000739274336586,0.11491551992117552,0,1
2435,782,52.67844164454838,POS,Grocery,DE,21.0,0.02809394888933177,0.013347999161095591,0,1
2715,222,195.91851740483347,QR,Electronics,UK,10.0,0.0706857387252214,0.2360390779774102,0,1
9664,336,124.7351524046287,QR,Food,FR,22.0,0.6256883574262773,0.37411606029947386,0,1
9562,885,0.8598329903666114,POS,Grocery,US,14.0,0.2613109371380307,0.24995556740989275,0,1
2620,762,234.54329820747148,QR,Clothing,TR,15.0,0.07581226076202764,0.19655991868998743,0,1
5923,86,316.7147857751491,POS,Electronics,TR,4.0,0.11620941403337587,0.1763990495611195,0,1
790,501,36.70277712995799,QR,Grocery,UK,16.0,0.24212241964120104,0.049291655677838594,0,1
8635,707,169.32555083047885,POS,Travel,DE,15.0,0.11760790764364451,0.4215984084189748,0,1
5102,268,6.211066841278276,ATM,Electronics,TR,19.0,0.009909226170652284,0.06021472900844144,0,1
7849,438,282.1191213396382,ATM,Food,US,19.0,0.19721192148926084,0.5422323889904135,0,1
9179,383,10.249892203181307,QR,Food,UK,12.0,0.051100612791166324,0.046186910144014236,0,1
7778,556,9.179825335152781,Online,Travel,FR,18.0,0.10532507770517364,0.03749880075145253,0,1
8805,483,264.0863836369802,QR,Food,US,17.0,0.15199714129329042,0.024756040448833862,0,1
99,736,334.85042339712476,POS,Grocery,FR,9.0,0.13341604660169723,0.24803591526554136,0,1
1471,51,164.99168045999753,Online,Food,UK,20.0,0.025214101127041116,0.02918073568842873,0,1
1034,637,87.93611871989737,POS,Grocery,FR,8.0,0.19572182276086042,0.09355464982909922,0,1
4300,919,386.3461198490467,ATM,Food,TR,15.0,0.08806585145494462,0.3022286871270856,0,1
9094,533,243.97349295179575,QR,Travel,UK,1.0,0.43131582978038957,0.39138635236793096,1,1
1284,247,28.092000173665667,QR,Travel,UK,17.0,0.07146957835393104,0.021399979397695727,0,1
3610,445,140.72818926808273,ATM,Food,US,17.0,0.23267291255419834,0.1752196313296444,0,1
8520,241,342.9295559218506,QR,Grocery,UK,16.0,0.6616025867769755,0.388056023529226,0,1
5190,665,25.486990839861786,POS,Electronics,TR,20.0,0.10625760305776666,0.21029849111758825,0,1
6461,387,204.73536850240583,ATM,Food,TR,18.0,0.24796592405282866,0.4328506918162948,1,1
1007,245,838.1713408330096,QR,Electronics,DE,15.0,0.20574001429924474,0.28548674836329774,0,1
2361,428,11.76457193252347,POS,Travel,UK,18.0,0.1523983717184532,0.029472610620907745,0,1
4803,95,79.54190434048674,ATM,Electronics,TR,18.0,0.14458530212172963,0.153491400248202,0,1
9696,18,5.630400823244269,POS,Travel,FR,19.0,0.08930930505472814,0.1383145648208178,0,1
8270,110,438.0408562797679,QR,Electronics,FR,20.0,0.1163455657549805,0.040167004845929236,0,1
7414,86,11.874832003992273,POS,Food,US,22.0,0.07378235923359236,0.09751933725482709,0,1
9132,822,0.1066845313821283,POS,Food,TR,18.0,0.11552688179997797,0.07525511875861143,0,1
5568,71,180.72079540277963,QR,Travel,FR,9.0,0.16850274836762158,0.3673213609463514,0,1
5105,121,51.398826754881284,QR,Electronics,TR,12.0,0.05284349222733783,0.18804012356029776,0,1
538,107,483.83077901114257,Online,Electronics,TR,19.0,0.24638793123539746,0.13171177195922076,0,1
6718,888,324.12830952889504,QR,Grocery,US,11.0,0.14038101169955527,0.22379269279047395,0,1
4780,946,186.3290351550214,POS,Clothing,US,17.0,0.09961707368927458,0.2107475267356339,0,1
4630,510,197.99120810323953,QR,Food,TR,11.0,0.015216824317132633,0.07532023426576492,0,1
5585,74,73.52664287838485,Online,Food,FR,15.0,0.3238628291308219,0.10348963299813371,0,1
4952,725,593.8603793108366,QR,Grocery,US,13.0,0.11209454683313413,0.16782751047677077,0,1
7463,58,7.623961150759226,ATM,Travel,FR,4.0,0.13338906939189946,0.23263681177873025,1,1
9189,386,57.20513342979004,Online,Clothing,DE,15.0,0.11694115271016287,0.13772382072425887,0,1
2085,951,256.1427845984637,ATM,Electronics,DE,12.0,0.5970696903807072,0.4533324782280436,0,1
4822,24,11.879975365211754,POS,Grocery,TR,20.0,0.1495539898817266,0.28270083023879977,0,1
3532,748,15.491965440397937,Online,Grocery,DE,13.0,0.1777413023731862,0.2091936206892273,0,1
3685,298,27.636076802634566,ATM,Grocery,DE,11.0,0.018143106070767204,0.03005153443389947,0,1
7089,790,15.181400258196867,Online,Travel,NG,11.0,0.10217588601370545,0.06312829634119016,0,1
5453,574,331.3153270152325,QR,Grocery,US,22.0,0.30173925100778826,0.07864476009637689,1,1
1685,72,0.2852599642649658,Online,Electronics,DE,15.0,0.10163340242624644,0.05098255836590654,0,1
6613,213,27.54994388566449,Online,Clothing,TR,4.0,0.19581145219382529,0.204731641982853,1,1
3964,558,192.99241886592105,Online,Electronics,UK,13.0,0.17613042241264185,0.13956317392500156,0,1
8350,393,0.0,Online,Travel,TR,23.0,0.010443117596507602,0.009323740388570666,0,1
5748,581,235.73667214493577,QR,Food,DE,16.0,0.02287897224966424,0.3038074019625599,0,1
6306,681,20.286282312083138,ATM,Clothing,FR,13.0,0.1474471330396527,0.4806432888169091,0,1
5556,868,714.2348935294008,ATM,Grocery,UK,18.0,0.14976109017800301,0.162861954486767,0,1
4203,746,323.684777372623,QR,Electronics,DE,20.0,0.19590219484167518,0.46211495583400936,1,1
9091,369,97.1525236022256,POS,Food,TR,19.0,0.29442557866616237,0.2685288619615258,0,1
9254,307,0.0,ATM,Electronics,UK,12.0,0.023624381495907093,0.01970364889339131,0,1
23,851,52.44053834675189,QR,Travel,US,5.0,0.06819259885277051,0.37605580874812716,0,1
6783,956,482.3400469947057,ATM,Electronics,DE,19.0,0.26665880847866386,0.17280899371174155,0,1
5376,694,133.95881108594492,POS,Grocery,DE,8.0,0.12081620191185605,0.145759554143218,0,1
1475,690,287.55561009591463,QR,Electronics,DE,15.0,0.18036638166111152,0.3509347027208284,0,1
8874,580,261.26300340594526,Online,Travel,TR,22.0,0.11698225502159278,0.14434190105530664,0,1
4465,835,38.8701771758283,Online,Grocery,DE,18.0,0.03660834314786794,0.28981353960091094,0,1
2083,176,120.228603044812,Online,Travel,TR,20.0,0.41208218825774695,0.6583113556584721,0,1
6139,435,94.60844255756254,ATM,Electronics,UK,17.0,0.8175728403826091,0.41859082642279183,0,1
1397,479,538.2755563301627,Online,Grocery,US,19.0,0.0903548709796202,0.35891902761119926,0,1
634,557,120.75827063533832,POS,Electronics,US,18.0,0.0274218861286579,0.22321167441215972,0,1
9040,399,489.18511053191867,QR,Grocery,DE,13.0,0.01766940080300082,0.25432167038647896,0,1
2411,230,4.191968815293208,QR,Travel,UK,22.0,0.17899485361315895,0.22316502324668314,0,1
5499,840,376.9665107410941,QR,Food,DE,16.0,0.46107266596394897,0.3136772617138711,0,1
5858,64,212.86878607983076,ATM,Electronics,UK,22.0,0.28682519023741376,0.7378180168126094,0,1
7346,595,13.486962396950815,QR,Grocery,FR,18.0,0.08420946171758976,0.02586430100793622,0,1
8435,163,140.05252807751253,QR,Electronics,FR,12.0,0.17635481042261597,0.1144358136221188,0,1
6675,104,362.5210459843004,Online,Food,US,14.0,0.046501360162259274,0.18087334063825708,0,1
7913,707,8.330140592041538,ATM,Grocery,UK,16.0,0.08989289283972367,0.016066273500051242,0,1
9445,688,454.4590428268411,ATM,Electronics,US,18.0,0.14633840694592165,0.06125562439668458,0,1
7848,458,16.347660902288755,ATM,Clothing,DE,10.0,0.09613152586566566,0.16372116811724904,0,1
4664,986,86.63206221283525,Online,Travel,FR,15.0,0.1598010242011815,0.10026131229978757,0,1
7346,81,150.68039429685697,Online,Travel,FR,19.0,0.4592095706152587,0.43510984821506854,0,1
5185,835,184.53548698352958,Online,Electronics,UK,21.0,0.1731787339482723,0.33934087881018365,0,1
3865,598,10.783475842536799,Online,Clothing,TR,23.0,0.27066056448260056,0.41411315550028466,0,1
4496,990,19.352941084577687,ATM,Travel,DE,21.0,0.26667520774821346,0.0878602430493552,0,1
4865,124,537.6190029796571,QR,Travel,UK,11.0,0.49576180911251644,0.11755144917013728,0,1
6472,936,535.6513482954425,POS,Clothing,UK,19.0,0.14818840498222585,0.09672245905725632,0,1
7175,82,83.89415076115586,ATM,Travel,DE,4.0,0.031076391859509302,0.1742368346771569,0,1
3337,338,609.6877088325327,QR,Grocery,TR,18.0,0.29476428932510235,0.19827211966199354,0,1
1628,69,130.21328044494922,ATM,Clothing,UK,13.0,0.23219757281934827,0.16870266571996398,0,1
5897,959,24.471328927179417,QR,Clothing,TR,13.0,0.057156805105871476,0.03420942398587746,0,1
5149,630,182.74592922277807,Online,Travel,DE,11.0,0.10117774504549774,0.2162727974255471,0,1
5939,645,163.8656627437503,QR,Electronics,FR,22.0,0.12152009108365482,0.035325692084552905,0,1
7194,726,50.917661072308796,ATM,Clothing,UK,7.0,0.17714194802410704,0.12345355492762883,0,1
5618,700,344.9145824865496,QR,Grocery,TR,18.0,0.34274277608287174,0.37871127989687703,0,1
3285,909,80.34283709079887,Online,Food,UK,18.0,0.07118527967125904,0.17593892338834938,0,1
3218,674,38.716150323311616,POS,Food,FR,19.0,0.1755255771044832,0.39823538427344934,0,1
6780,533,27.652181939170656,ATM,Electronics,FR,22.0,0.5193044048582524,0.14410752073591113,0,1
3487,696,199.97736365701726,QR,Travel,UK,5.0,0.14736171538124826,0.024167697657398957,0,1
7750,821,106.78245130485124,POS,Food,UK,8.0,0.4937494756526706,0.07660947393072176,0,1
8186,227,37.8338096965471,Online,Grocery,US,11.0,0.25232422352974887,0.3926700423126751,0,1
9777,527,313.7576179300961,POS,Electronics,US,9.0,0.04529907534055481,0.30425383679030826,0,1
7775,554,62.08934507622399,Online,Grocery,DE,5.0,0.12344603261156231,0.12996416143841116,0,1
1113,550,264.892355990466,QR,Grocery,US,19.0,0.1758492316394827,0.3941173555860953,0,1
6815,238,28.226136940648082,POS,Clothing,FR,9.0,0.1006745649129218,0.04048885413849304,0,1
4167,206,219.89270826027942,QR,Electronics,UK,16.0,0.09128214176238365,0.22884904148242569,0,1
7996,557,3.8852470965725088,Online,Travel,DE,14.0,0.06411031204805365,0.10077547650768956,0,1
3423,667,155.43435171151606,Online,Grocery,US,8.0,0.08243084743916346,0.18831853859136238,0,1
5078,908,197.8774378037007,QR,Food,UK,22.0,0.0893507073886712,0.10923020196376645,0,1
1340,317,45.372328576587215,POS,Travel,TR,14.0,0.09440365504157082,0.3075123536584819,1,1
117,628,260.91472818374325,POS,Clothing,UK,17.0,0.2778702226765614,0.1680710561459983,0,1
1754,537,211.72921673532986,POS,Grocery,TR,15.0,0.4527985435605208,0.15229575560034997,0,1
7773,755,53.095356002161594,POS,Food,FR,15.0,0.10405725178204282,0.14552694611557881,0,1
8946,674,35.04781992135082,ATM,Travel,FR,14.0,0.03757429385084274,0.01676487604791894,0,1
3854,864,227.91386483809333,ATM,Grocery,FR,10.0,0.03971572796680444,0.1925797657669131,0,1
8675,236,9.064593870568908,ATM,Clothing,US,12.0,0.40616293434847583,0.13261161972690522,0,1
4741,630,229.3316768725988,ATM,Electronics,TR,17.0,0.1306064698353161,0.4010784666036108,0,1
7024,184,17.477028880438464,Online,Travel,TR,20.0,0.010782837481711419,0.0175201222877241,0,1
1213,411,146.56759048639407,Online,Grocery,US,7.0,0.1435214008309497,0.6646318630984405,1,1
6980,489,12.641045886485383,QR,Food,DE,10.0,0.12031758609504976,0.16824194555350236,0,1
6317,246,497.457287305382,Online,Food,TR,16.0,0.3946125388055159,0.3089910389029211,0,1
5401,193,7.556710544825714,Online,Food,FR,23.0,0.17563105546032864,0.05122901403857258,0,1
6207,100,312.7341731404552,QR,Clothing,TR,23.0,0.48305833701801215,0.48987839827870666,0,1
8195,443,164.96288690015749,QR,Clothing,UK,19.0,0.4772393429799171,0.14512140684508912,0,1
7256,924,462.1742410064619,QR,Grocery,FR,7.0,0.38266257063207637,0.24439068387911672,0,1
7116,854,54.82952498382348,Online,Grocery,DE,6.0,0.038093186508760424,0.3725502976114162,0,1
2106,404,51.78375883876687,POS,Travel,FR,14.0,0.05521113008772212,0.0426034842892369,0,1
1650,5,98.64373424217965,QR,Grocery,FR,21.0,0.24121838217799602,0.10246130389356059,0,1
6133,312,75.91631431971908,Online,Clothing,TR,8.0,0.0544333840065528,0.3048925813463401,0,1
1119,751,89.00004664393737,POS,Travel,TR,12.0,0.11780372175973941,0.3517586649382935,0,1
5805,292,3.239971942139353,ATM,Electronics,US,16.0,0.01792466502822608,0.010252672727747013,0,1
4660,47,136.90069236771947,ATM,Grocery,TR,20.0,0.15509206409048976,0.051921734767331224,0,1
4479,784,18.754160686576597,POS,Travel,DE,14.0,0.02508432047556124,0.05616684757752894,0,1
4207,563,24.094873649402174,Online,Travel,US,15.0,0.2307289963232928,0.11202233597305636,0,1
7516,127,460.30164269295653,QR,Clothing,TR,23.0,0.6702065395756744,0.15741726357490873,0,1
1532,435,273.04860759391687,Online,Electronics,TR,20.0,0.04807850679463005,0.12609908549021584,0,1
1568,49,111.0448286476998,POS,Travel,TR,14.0,0.3190508328876029,0.20333018527981317,0,1
7716,18,83.58808181337169,Online,Travel,TR,23.0,0.04454608283518931,0.18179489184730988,0,1
7022,249,574.5877114473047,QR,Clothing,FR,8.0,0.3476762912959678,0.42516734780358995,0,1
4297,583,224.70229100211216,Online,Grocery,UK,20.0,0.1405033826385547,0.31102293595294633,0,1
2006,759,50.68727991885781,QR,Travel,TR,19.0,0.3030187246652105,0.2415238193077756,0,1
844,252,210.82246818068143,QR,Food,FR,5.0,0.1021130038467487,0.07675483165551224,0,1
6794,805,32.83227742072278,QR,Clothing,UK,15.0,0.06436169877293138,0.1307975115333569,0,1
5115,180,332.2811402012372,Online,Travel,UK,21.0,0.22946587673671037,0.19855175737448183,0,1
509,379,15.509709786389257,Online,Electronics,TR,7.0,0.24567089714870405,0.6003411608782703,0,1
8762,194,206.2690258875401,POS,Clothing,FR,18.0,0.03472335097763341,0.05068642294948705,0,1
9349,926,16.61585957049378,POS,Grocery,DE,11.0,0.11206984565544334,0.17384815327049702,0,1
1297,336,154.8856326265136,POS,Clothing,FR,22.0,0.0829047424419264,0.2074503527167718,0,1
7736,390,35.55988695966069,ATM,Travel,UK,12.0,0.06361870917187165,0.017881403694093065,0,1
3429,317,447.2247910894097,ATM,Grocery,DE,21.0,0.05631635771815376,0.11555453320581952,0,1
6241,792,11.56408190056569,POS,Travel,FR,19.0,0.11654963590957634,0.1728328590478841,0,1
7044,626,120.22262753573813,QR,Electronics,FR,16.0,0.20450830814774332,0.4055565634514721,0,1
8714,132,52.54169487253201,Online,Electronics,FR,20.0,0.3208850355706065,0.06483874419399596,0,1
6300,272,365.77021339836153,QR,Grocery,FR,19.0,0.15442092728900114,0.15750198674668675,0,1
2421,942,27.011171920292337,ATM,Food,FR,15.0,0.05830349843434495,0.12868119064645456,0,1
639,862,291.8823238065394,ATM,Electronics,FR,19.0,0.05233362381971925,0.013618228057968982,0,1
7416,92,414.96164670973104,Online,Grocery,TR,2.0,0.5457275858498599,0.3891273944504494,0,1
3467,463,2.348492233446825,POS,Grocery,US,19.0,0.019586828661086395,0.2614768789137454,0,1
1732,778,413.8968678485837,ATM,Travel,FR,17.0,0.7049671999445807,0.19355069612623096,0,1
1365,857,115.1641166032566,POS,Food,DE,23.0,0.06269273945774122,0.05461777334503118,0,1
530,522,1164.2832588362476,ATM,Travel,TR,4.0,0.15299098199685482,0.2363365849985578,0,1
7341,569,199.52195202970802,ATM,Clothing,DE,17.0,0.0792402676173581,0.6738922007500922,0,1
4141,613,85.178528196594,ATM,Food,FR,22.0,0.2036151782587149,0.01950054597064063,0,1
1581,217,30.549281305907257,Online,Food,US,14.0,0.07732643154247074,0.029006878319369187,0,1
1211,187,153.72886190942998,Online,Grocery,FR,2.0,0.056123899446450215,0.02407403023110863,0,1
3366,239,5.075380933054156,QR,Grocery,UK,15.0,0.4206940327973049,0.5065859152345952,0,1
1130,575,244.41062719195133,QR,Travel,DE,13.0,0.5719420871834819,0.5619470178609748,0,1
3485,656,454.93976182470664,POS,Food,NG,16.0,0.19970490933843807,0.41609593455349947,0,1
4144,461,753.1971709259703,POS,Clothing,FR,11.0,0.3195530295888479,0.8194874533582004,1,1
6553,497,40.51359056041957,POS,Travel,FR,18.0,0.05711930002744689,0.0979018226856582,0,1
329,406,21.442825397531358,ATM,Travel,DE,6.0,0.04650163198515803,0.11801481400749828,0,1
8334,649,0.0,ATM,Food,US,14.0,0.11325871230835458,0.15456033579576248,0,1
4002,372,15.4420947173041,ATM,Electronics,TR,22.0,0.10117107722393595,0.018520900770228145,0,1
1932,686,116.14637140857371,POS,Food,DE,15.0,0.13465156460910524,0.2561802931514088,0,1
3560,924,2.4873997404294923,ATM,Electronics,US,12.0,0.13065445233826456,0.20301022350789677,0,1
7684,80,195.92437637626256,Online,Food,TR,23.0,0.6037056694423885,0.3207464545449162,0,1
1352,56,233.52660718809997,POS,Electronics,UK,6.0,0.38440693727185526,0.2590108245786791,1,1
8733,291,115.05472152719173,POS,Food,TR,9.0,0.04912768991092861,0.0979407604429942,0,1
2279,357,158.38826660363213,ATM,Electronics,US,18.0,0.05307190825210542,0.05602461871784928,0,1
6003,61,60.09493483143681,ATM,Food,FR,14.0,0.22845656986284055,0.14269937615154032,0,1
8747,393,0.9639272256613278,POS,Grocery,DE,19.0,0.08224987698587025,0.21316002066925285,0,1
8043,946,42.86723246957734,POS,Clothing,FR,3.0,0.5527130424941127,0.14273357377058002,1,1
6639,769,45.06855953569252,Online,Clothing,TR,17.0,0.05968546941836869,0.07122760348567182,0,1
1608,283,76.33802721105366,ATM,Food,FR,21.0,0.32772537136985497,0.22875712382445412,0,1
6677,942,482.84368082431104,QR,Travel,DE,10.0,0.1996656829616104,0.15651862108821468,0,1
2683,847,3.5483714782664895,Online,Food,US,22.0,0.023148399471220396,0.046504136385984454,0,1
1360,699,65.4290207106838,QR,Food,UK,11.0,0.31125230408453464,0.13539392556162783,0,1
5812,217,112.81346217338728,POS,Electronics,UK,9.0,0.259005563345225,0.1396423119062609,0,1
5221,300,202.30567483334434,ATM,Grocery,DE,19.0,0.35040008552485097,0.06802595153975241,0,1
8415,516,43.77371350938737,ATM,Food,UK,8.0,0.16848244813628663,0.34671097249021626,0,1
23,439,117.84288695285403,Online,Clothing,US,15.0,0.121908096342505,0.39129008792298187,0,1
3119,629,75.75965291963047,POS,Electronics,FR,20.0,0.226573807430319,0.5082372887907192,0,1
8006,530,64.63276014407315,ATM,Food,US,18.0,0.30184103325448947,0.33265488988086916,0,1
4389,851,758.682801971916,ATM,Clothing,TR,4.0,0.9350058392894453,0.6716772937719394,1,1
1529,287,251.564563127234,QR,Food,US,23.0,0.2446287583971306,0.1026373548067233,0,1
5463,645,133.86338550508634,Online,Clothing,UK,19.0,0.09569088775516178,0.2104600323041098,0,1
1323,634,105.51896460624161,QR,Travel,FR,6.0,0.3755405140148876,0.4509195051418338,0,1
2613,298,317.535443985071,POS,Travel,DE,21.0,0.31656294263359613,0.26880797251206195,1,1
3794,648,60.52033439440281,Online,Grocery,UK,15.0,0.27311525518526775,0.10029226260876534,0,1
1123,925,263.2623085445729,QR,Food,US,23.0,0.18860314398110523,0.6115654940663535,0,1
7491,825,8.439211062390351,ATM,Clothing,TR,13.0,0.1996095900111126,0.14562189878833037,0,1
7865,937,271.3433053837715,POS,Clothing,UK,7.0,0.35610336283906224,0.24825041504318782,0,1
9452,883,64.74711460184979,Online,Electronics,US,13.0,0.2239598564767095,0.08806739505394888,0,1
2781,160,659.1094544524054,POS,Travel,FR,17.0,0.7931135615407765,0.13658572216018589,0,1
5714,894,720.3389957643305,Online,Clothing,UK,8.0,0.15609392274258643,0.24524829809542129,0,1
8881,818,196.74035822049277,ATM,Electronics,DE,6.0,0.34181597649404155,0.22919983274663647,0,1
6097,637,48.77935287240026,QR,Electronics,US,2.0,0.363590843170413,0.4064951331047387,0,1
6794,353,46.28523233083544,POS,Grocery,US,22.0,0.15259582120974388,0.1093349869295057,0,1
9836,294,68.2603011982687,ATM,Food,US,19.0,0.06627281224430935,0.11149017204014758,0,1
1663,336,276.8776599575902,Online,Clothing,DE,14.0,0.36167281309443644,0.10523487682226716,0,1
815,153,229.92966573393684,QR,Travel,TR,20.0,0.1138151722892715,0.02019279822889147,0,1
1989,278,125.35868323092271,QR,Travel,US,16.0,0.16916181784433862,0.07219040225887959,0,1
598,444,183.80408414210027,POS,Food,DE,9.0,0.43544941191984093,0.06486734390029017,0,1
7358,283,86.5425393394195,Online,Clothing,TR,19.0,0.27997131843430617,0.12933956496207197,0,1
7651,342,71.49277329261459,ATM,Clothing,TR,22.0,0.1460581712021162,0.015487557100442067,0,1
473,889,32.50529418521386,QR,Electronics,UK,14.0,0.1352050686662858,0.21874266663937125,0,1
5633,350,113.18726564792735,Online,Electronics,FR,20.0,0.5729161194089252,0.7214927150269794,0,1
2578,161,16.1390213640593,ATM,Travel,DE,15.0,0.2424032605342838,0.08319528666502826,0,1
8724,438,163.69045649422281,Online,Travel,DE,5.0,0.3883146363757818,0.6542018499727342,1,1
2640,555,90.02897127038564,POS,Clothing,DE,14.0,0.08419427416775699,0.46325218039467764,0,1
6660,26,116.93229534004246,QR,Grocery,TR,21.0,0.3246965610301645,0.3519758269647808,0,1
8749,474,262.20177614759336,QR,Grocery,TR,5.0,0.017434916076104104,0.19110004463336322,0,1
619,527,511.48593451488995,ATM,Food,NG,1.0,0.7080973219342543,0.5495102949710563,0,1
2550,837,71.55862672893879,ATM,Travel,UK,21.0,0.2086172391687338,0.2527722297570308,0,1
2643,874,282.26557583130665,QR,Grocery,TR,16.0,0.295757478442816,0.09583729256732973,0,1
9372,769,148.87525909301777,QR,Grocery,DE,8.0,0.13297722732742806,0.10770870501897804,0,1
1429,503,49.59605206631365,Online,Grocery,US,19.0,0.01925038334959193,0.18973052185693168,0,1
9148,348,61.904687954772164,POS,Travel,UK,14.0,0.4520344983891821,0.059179595597198084,0,1
7477,470,1.3847349462484662,POS,Clothing,US,21.0,0.16923316972498958,0.20686702946961869,0,1
2504,483,35.580582586333776,POS,Electronics,DE,20.0,0.055253638272448974,0.02697374528856196,0,1
7992,722,9.54628906134936,ATM,Electronics,UK,14.0,0.32980528946515536,0.15103496485449863,0,1
1082,167,65.75409445535259,POS,Grocery,TR,15.0,0.048029007673295654,0.10979006199125788,0,1
2700,793,111.42463811607293,POS,Electronics,FR,18.0,0.09822563433977845,0.04060117246163378,0,1
4312,527,99.58973684042924,ATM,Travel,UK,6.0,0.33089327062314716,0.5304747126064694,1,1
3496,329,18.821844441333738,ATM,Grocery,FR,15.0,0.12194787789550862,0.08212889070648349,0,1
363,120,17.93128775756441,POS,Food,DE,19.0,0.3939017893613897,0.37290493978182115,0,1
2543,554,69.39725548167847,ATM,Food,TR,23.0,0.23188053372523726,0.34169092118485483,0,1
9237,699,94.76039952015752,QR,Food,TR,16.0,0.06521623550134444,0.14814284407523756,0,1
3793,976,101.40256982661373,Online,Grocery,DE,20.0,0.18665809596410668,0.21948679414773423,0,1
2126,764,60.36701093864502,QR,Grocery,US,18.0,0.4611305502962596,0.18348177033821683,0,1
1854,663,13.393207957912118,QR,Travel,FR,14.0,0.30032366241473596,0.09384556574525378,0,1
9795,822,346.18074063266454,Online,Food,US,6.0,0.10059402032363847,0.12771007578203278,0,1
6268,295,2.319036234284293,QR,Electronics,DE,8.0,0.07205850573827464,0.20488877042090622,0,1
7946,131,25.883087072530547,POS,Food,UK,22.0,0.09723327435057351,0.043916492492202225,0,1
8065,72,329.7515911715582,QR,Electronics,US,19.0,0.1654734362506411,0.5327715795302156,0,1
9990,176,879.3432496429256,QR,Travel,UK,12.0,0.5018557951334611,0.39030718196106423,1,1
5742,781,198.3810404752683,ATM,Grocery,TR,11.0,0.2501420107799884,0.17886640105694807,0,1
9778,375,10.537062699562819,Online,Food,FR,22.0,0.021390681764122545,0.008209874153569977,0,1
4969,865,302.6687049416659,ATM,Electronics,FR,17.0,0.23586173174288547,0.3243612363479167,0,1
3439,502,640.0203631882799,Online,Travel,TR,20.0,0.16121948964335495,0.13420668808013142,0,1
8406,211,189.94540004691962,POS,Food,DE,18.0,0.23530056328332707,0.12600703026334806,0,1
638,138,196.0612542163563,QR,Electronics,DE,17.0,0.3208235840779793,0.31159717162798134,0,1
9242,108,165.5243797783749,POS,Clothing,FR,17.0,0.018557377245807243,0.10623432184507096,0,1
7992,109,408.2750989803354,Online,Grocery,FR,23.0,0.17195551159435601,0.36158894435709177,0,1
7988,90,118.4424740739933,POS,Grocery,TR,21.0,0.10438867293774365,0.12264306497960349,0,1
5179,970,180.07894552747794,POS,Electronics,TR,23.0,0.2748983556863165,0.16709711556737272,0,1
7928,662,16.072971819899262,POS,Travel,FR,23.0,0.06846625998409081,0.19660217793219373,0,1
4446,395,415.58816485581934,POS,Electronics,TR,21.0,0.13502717477325268,0.17645969192733157,0,1
6137,444,145.9030916956341,POS,Clothing,DE,12.0,0.11760425686016707,0.12418012415091997,0,1
8860,975,297.0002558815479,QR,Clothing,US,18.0,0.2041823712470637,0.0993408010481704,0,1
2593,451,166.30346414583133,POS,Food,TR,20.0,0.06059435341443289,0.22332013433877437,0,1
6502,782,291.03210850815253,POS,Food,FR,9.0,0.22340930359127578,0.1137709694843415,0,1
3625,500,29.44844427315863,QR,Food,US,3.0,0.05774794143753857,0.01662987331250218,0,1
8289,210,49.61573118729153,POS,Travel,TR,20.0,0.07648003808324745,0.27508832627842517,0,1
4455,207,143.76317635287285,Online,Grocery,UK,18.0,0.7252730977122677,0.18831160945179398,0,1
3989,52,187.45291558911282,Online,Electronics,US,22.0,0.10938233990237976,0.30922852663231926,0,1
6214,429,161.69058117447472,QR,Grocery,UK,17.0,0.1821104886494341,0.23592738305735725,0,1
3153,559,263.0338725206932,POS,Electronics,TR,15.0,0.21350623807042704,0.30198956259741544,0,1
3953,526,173.46430521132498,POS,Travel,FR,21.0,0.31644798783803096,0.0511943386013659,0,1
3440,839,3.9094586263644073,QR,Grocery,FR,18.0,0.014499449176049317,0.07893267217735007,0,1
712,589,339.8473153814025,POS,Travel,US,9.0,0.13112136132116683,0.09977757044818238,0,1
2812,444,389.54400685369575,POS,Clothing,TR,16.0,0.29997007019603467,0.17269395476188337,0,1
5972,265,334.033782086209,ATM,Food,US,21.0,0.5041767683234426,0.20069280999603062,0,1
8275,708,0.0056465577113229415,Online,Food,FR,14.0,0.053118094964850336,0.2941247306515656,0,1
3948,400,60.47065056645627,Online,Travel,TR,18.0,0.20059149313968888,0.08680407312150365,0,1
7594,312,17.58904260883437,POS,Electronics,TR,8.0,0.07445494412738501,0.05223510128747458,0,1
2384,290,169.25788845642452,QR,Electronics,FR,2.0,0.1371808523760817,0.1656161122265608,0,1
2492,836,294.7621243068809,Online,Clothing,DE,23.0,0.029396398912934725,0.12493856519231003,0,1
7753,699,74.15809205307549,Online,Grocery,DE,22.0,0.09326742288626551,0.073571647527064,0,1
3344,858,541.2957056591059,ATM,Clothing,UK,5.0,0.35274634172033476,0.4116278927335088,0,1
1756,41,184.58895205833946,QR,Electronics,DE,17.0,0.0787163108261843,0.2351398132395723,0,1
189,686,200.29489987999364,ATM,Food,FR,7.0,0.03291567355741101,0.37935149297224374,0,1
8976,114,160.33822624182707,Online,Food,UK,17.0,0.10244321384384021,0.1232243669010373,0,1
1396,469,0.0,POS,Electronics,DE,13.0,0.3255102848827729,0.2949230653041042,0,1
5170,877,25.464991993327466,Online,Travel,DE,15.0,0.17020390850940367,0.18622825176411484,0,1
7540,218,58.775866926695315,ATM,Travel,UK,11.0,0.29594342834940024,0.2798652162762007,0,1
6020,962,454.92296063147904,Online,Travel,UK,19.0,0.3264989463618772,0.2831900530825311,0,1
5938,858,121.17141341424444,QR,Food,US,8.0,0.26432784174876534,0.06037493765469968,0,1
9519,15,79.05429075672903,ATM,Clothing,US,19.0,0.3309410178768538,0.2583168773673407,0,1
8975,746,8.778446655256044,POS,Travel,US,11.0,0.19609122337888002,0.3760054195321636,0,1
5845,956,344.0134878557535,POS,Grocery,TR,16.0,0.1552867122194617,0.30636904773258045,0,1
8492,706,18.66412470144004,ATM,Electronics,DE,15.0,0.22428996299025838,0.1876337762502761,0,1
97,910,309.4802049578575,POS,Electronics,TR,9.0,0.461895543522788,0.04528346293482676,0,1
825,27,704.1651119578315,POS,Grocery,FR,23.0,0.2013499614785954,0.03447539353696068,0,1
4914,919,171.03923866484138,QR,Travel,US,14.0,0.05655477266118786,0.050816725473444326,0,1
8371,830,26.763510331125413,Online,Travel,DE,12.0,0.07372587500775205,0.2388344913678676,0,1
3542,57,389.0528521059812,QR,Clothing,FR,13.0,0.0851616923615102,0.10065844779795906,0,1
584,901,348.894904308989,ATM,Grocery,TR,13.0,0.41953733892262196,0.15079418691270893,0,1
4559,947,3.7625782130589194,POS,Food,TR,1.0,0.23019552647930722,0.46243150191014,0,1
1509,323,173.87419586246386,ATM,Electronics,FR,10.0,0.26554760405986066,0.08447630906008866,0,1
5572,816,207.53347345015612,QR,Travel,UK,12.0,0.46179665704808537,0.16401634277986218,0,1
3649,872,15.53086979207766,QR,Clothing,TR,17.0,0.07213536573257995,0.3687492740881823,0,1
1657,184,30.95968631756162,Online,Clothing,DE,14.0,0.12919847613746116,0.09058948983322232,0,1
8676,522,158.83019328853234,QR,Electronics,DE,11.0,0.272988449825066,0.15532787218197583,0,1
4678,787,261.3949233809177,ATM,Electronics,UK,21.0,0.2747498014070273,0.13449752170217102,0,1
1320,452,88.83076224103756,QR,Electronics,TR,17.0,0.384512967525616,0.08402861670274993,0,1
2187,454,83.92124810918185,POS,Clothing,UK,22.0,0.26838868421666595,0.20736707389737025,0,1
4963,957,193.31164154748686,Online,Food,UK,10.0,0.1315201354070651,0.12000154606868543,0,1
8041,178,166.89444970564696,QR,Clothing,UK,16.0,0.15984551675755568,0.34021211884770014,0,1
9936,421,319.54487322566297,ATM,Electronics,DE,8.0,0.5059847008751377,0.11565630716143356,0,1
5677,821,70.6321169337646,Online,Food,TR,21.0,0.23816170866962458,0.23379722242933,0,1
9618,839,11.857911365298214,POS,Travel,FR,23.0,0.06942430998211836,0.1449109622182776,0,1
1115,915,99.41289133798082,ATM,Food,FR,13.0,0.25222605225500944,0.030819313164999487,0,1
9706,702,18.370824249055715,Online,Clothing,DE,22.0,0.0757872059026837,0.06639770396716878,0,1
1337,287,268.85396159126486,ATM,Clothing,US,16.0,0.19861345756862328,0.3958661413806676,0,1
2939,769,232.13655424326697,Online,Food,UK,10.0,0.4149781263065697,0.40639583558935216,0,1
5540,803,371.52303819158175,POS,Electronics,UK,14.0,0.16555382298688184,0.25765610255438354,0,1
3433,983,900.0742499854928,ATM,Travel,FR,10.0,0.038811652409635904,0.2964851827424426,0,1
564,663,61.67061763169387,Online,Electronics,US,17.0,0.12742292758489807,0.25804200577686587,0,1
1251,222,55.16480743501792,Online,Clothing,FR,21.0,0.16253196683130955,0.15430641336519382,0,1
4984,596,249.24217489469382,POS,Food,TR,21.0,0.15408852793560335,0.1696364833265572,0,1
7317,609,691.7665169685564,ATM,Grocery,UK,18.0,0.04200542264069449,0.03436542306010633,0,1
991,310,12.464926671209668,ATM,Grocery,TR,16.0,0.3647886926067356,0.07979282722664398,0,1
8805,225,121.17016145574146,POS,Food,UK,14.0,0.5295783024556607,0.3148530200550938,0,1
3784,167,18.284664521938012,POS,Grocery,FR,15.0,0.30672912306225786,0.15068864043474575,0,1
9528,230,115.88330386143747,QR,Grocery,US,20.0,0.2252695952046748,0.2617125349198602,0,1
6400,392,58.932071991827,Online,Travel,FR,22.0,0.22557601581532416,0.18542852476110988,0,1
5317,581,140.9764616045085,Online,Grocery,US,22.0,0.04850338788989674,0.08159191928767111,0,1
7065,801,513.3167181256104,Online,Food,DE,22.0,0.21502683809366302,0.1533189098092406,0,1
8117,793,260.36301293254377,POS,Travel,TR,20.0,0.4967617892943635,0.07964750505290832,0,1
2577,864,13.267753123813714,POS,Electronics,UK,2.0,0.04999085247666131,0.2019701596780386,0,1
20,252,0.0,ATM,Electronics,US,3.0,0.1807431354481897,0.22655006101167932,0,1
6126,560,499.398820588116,POS,Clothing,TR,14.0,0.14400701002345495,0.25033811196498457,1,1
6032,814,64.51067511341397,ATM,Clothing,FR,6.0,0.09139153861280397,0.133806124330671,0,1
6352,452,375.07997857530165,ATM,Food,DE,11.0,0.34929356649884974,0.2675173294134997,0,1
2086,583,90.42163703657585,QR,Clothing,DE,5.0,0.5766336459168742,0.18111747711729245,1,1
7258,336,50.428879916362526,ATM,Grocery,US,23.0,0.3853585891878036,0.029391234107727707,0,1
652,301,160.56896104683213,Online,Electronics,UK,11.0,0.19055962153355102,0.19931942129224195,0,1
8206,798,143.54988635753452,POS,Travel,US,12.0,0.12780122825499898,0.04235496258048492,0,1
8129,535,17.16873851421065,QR,Electronics,US,21.0,0.27125553240056466,0.1442269666791384,0,1
2094,508,179.4939683309896,Online,Travel,FR,20.0,0.19898799524431762,0.16133612531812538,0,1
7009,610,36.49206872850445,POS,Clothing,DE,19.0,0.2997092387384117,0.31936594220665254,0,1
3492,445,105.35703382798076,POS,Clothing,DE,17.0,0.16927187801200339,0.37047785736948197,1,1
4032,392,579.3104499226846,ATM,Food,US,15.0,0.4499996735613885,0.117298244754125,0,1
2193,206,51.20185674034528,Online,Electronics,UK,17.0,0.4356336981708518,0.2286872021292624,0,1
6378,922,54.618594767423055,POS,Travel,US,19.0,0.32865134241618993,0.17378584830837093,0,1
79,418,842.6019196528102,QR,Grocery,TR,7.0,0.5836554091615919,0.3350643547753394,1,1
1414,113,230.39619496540027,ATM,Travel,DE,22.0,0.057028448236383096,0.05810727250188059,0,1
2930,41,13.368078963345289,ATM,Food,US,20.0,0.09784479940224419,0.08766017541375287,0,1
7917,487,51.42737273445381,ATM,Electronics,UK,7.0,0.06264050202778315,0.1848535963316042,0,1
4834,11,125.18963011438638,Online,Food,TR,18.0,0.2297137395873407,0.12432302425359805,0,1
3849,586,343.647331354338,Online,Electronics,UK,3.0,0.4460132927789042,0.12092417817002481,1,1
7981,720,113.92016884599282,QR,Clothing,TR,11.0,0.059109115133233144,0.12199645572752756,0,1
8495,380,288.28793978210314,ATM,Travel,UK,20.0,0.5976962232338984,0.18586497749915556,0,1
679,427,594.0106392057464,ATM,Grocery,UK,11.0,0.22536600142177193,0.2460789852473906,0,1
5001,73,150.22220557260886,ATM,Food,UK,23.0,0.05033789055998839,0.2594278482590034,0,1
9429,186,70.15427699392212,POS,Travel,DE,17.0,0.11127673945111097,0.17967718274447614,0,1
7375,365,655.1052819291991,ATM,Grocery,US,17.0,0.4075982158137728,0.2845213035152512,0,1
9241,893,24.848086777637302,POS,Food,US,12.0,0.022695088204553755,0.021261547448692904,0,1
1749,940,205.8234537165321,QR,Travel,DE,9.0,0.09393528547459068,0.4454138470472485,0,1
9951,495,259.46846957229775,ATM,Electronics,FR,13.0,0.44958697302712886,0.5707172655772642,0,1
9037,158,1.8608424457922639,QR,Food,US,16.0,0.010138364236014928,0.400314132433974,0,1
2240,109,120.97657440043994,QR,Food,US,19.0,0.30773439680359216,0.14049087822975093,1,1
4008,71,77.38043625906641,POS,Clothing,US,22.0,0.11255522049521052,0.17444910598138458,0,1
7541,615,41.304267570700276,POS,Food,FR,10.0,0.1938046924714342,0.11711456264622794,0,1
561,893,239.95885010385837,Online,Grocery,TR,20.0,0.0401187318615189,0.055520884842860115,0,1
4789,185,512.2475488569545,QR,Clothing,FR,21.0,0.28341270060875134,0.33144407616441784,0,1
1725,366,37.00745016123973,Online,Travel,TR,19.0,0.18768627481750566,0.32752393842476535,0,1
7588,889,23.51559064624828,ATM,Electronics,US,5.0,0.14810600870751928,0.1137275528707252,0,1
1305,914,3.9866269788753623,Online,Food,FR,9.0,0.4842414697272034,0.25590643966948506,0,1
5898,296,249.15940417870976,QR,Grocery,DE,15.0,0.07424532110823538,0.24911660749681808,0,1
8904,313,63.67328777989413,ATM,Clothing,TR,21.0,0.038587495947212544,0.1590534904634393,0,1
2201,868,33.65110764810707,QR,Electronics,FR,3.0,0.07302070897990592,0.5545140545426808,0,1
522,536,393.88838745114805,QR,Electronics,DE,12.0,0.057976161469871126,0.11825958181166527,1,1
8575,550,194.5269038062089,POS,Clothing,TR,19.0,0.08600678111655065,0.1580406065088828,0,1
6047,877,28.74349484930851,QR,Electronics,TR,7.0,0.17677364175180044,0.1680598514388766,0,1
1106,573,434.4585386095326,Online,Food,UK,23.0,0.25108385727140564,0.13159558745493583,0,1
8011,783,67.05285243220953,QR,Travel,US,16.0,0.05734045428528624,0.017228477808805574,0,1
7590,132,185.77540121549023,Online,Travel,FR,2.0,0.045081245968203974,0.14369579169526414,0,1
4345,356,48.14545698197196,ATM,Clothing,DE,13.0,0.15300398978644933,0.10135057735021458,0,1
4421,366,28.055702079006284,ATM,Travel,DE,20.0,0.4963986682459561,0.011677827031874989,0,1
1161,167,332.36296585838636,ATM,Grocery,UK,11.0,0.19153825190835452,0.12570196222068078,0,1
6659,537,383.6460016881008,POS,Grocery,US,3.0,0.15783224302647444,0.10354668970423825,0,1
6440,333,186.4566623454516,ATM,Grocery,FR,16.0,0.1045252592684268,0.11010209848544678,0,1
6120,109,20.52338670584203,ATM,Grocery,FR,17.0,0.21541169651849573,0.013955866965720546,0,1
3487,922,255.28235958360736,ATM,Clothing,US,16.0,0.433518978834717,0.4781262315690411,0,1
9697,161,288.03519072980396,ATM,Grocery,US,2.0,0.19080412960308774,0.23158692757187482,0,1
3281,581,49.55371321381736,QR,Clothing,TR,18.0,0.05131702565990612,0.13498316693527504,0,1
3396,438,6.824357925367468,POS,Electronics,US,22.0,0.06306619878410619,0.27436956304955173,0,1
8020,388,1.3967997509198646,POS,Clothing,UK,19.0,0.28122663675571274,0.01769609451931742,0,1
580,197,480.9236096152842,ATM,Electronics,US,13.0,0.16861951556377797,0.3141285587623714,0,1
4420,294,122.26880865506068,POS,Electronics,UK,22.0,0.1683813371996571,0.13973773959122338,0,1
5232,485,58.059654414613135,Online,Clothing,US,14.0,0.40003386047366635,0.3464791926760873,0,1
2157,780,183.33648173867306,POS,Grocery,TR,11.0,0.19910408679312055,0.07394715345276337,0,1
4781,794,178.39728160427848,QR,Grocery,FR,13.0,0.08679611743303182,0.2617161360977313,0,1
668,245,164.21362028285506,QR,Travel,FR,18.0,0.10310653026318047,0.28021136556772985,0,1
6286,936,15.220011509855299,ATM,Electronics,UK,4.0,0.13183393304480992,0.13856878194509326,0,1
5993,315,274.2581426830454,QR,Electronics,US,7.0,0.352746593513828,0.16299206821368825,0,1
3037,755,150.8334660445487,QR,Clothing,UK,17.0,0.2232789190334675,0.4238072691847379,0,1
7549,575,96.76289185765998,ATM,Food,UK,16.0,0.035427559475115326,0.17256209792536514,0,1
4263,324,15.85147737441353,ATM,Clothing,DE,17.0,0.012336575765393158,0.06653798222625278,0,1
7078,703,381.83632334572957,QR,Electronics,UK,7.0,0.1581406132089725,0.2549887196670533,0,1
1269,207,60.87804674221434,POS,Clothing,FR,18.0,0.1901627809387946,0.22756067078423875,0,1
1083,896,489.0772943467195,POS,Food,TR,16.0,0.28804234691807945,0.3072243535011625,0,1
2371,986,44.5755905328303,ATM,Clothing,US,23.0,0.007667095494396196,0.04329318727738629,0,1
7120,776,111.24645533456068,Online,Electronics,US,6.0,0.2209591449117593,0.20081422780518168,0,1
8120,674,337.3273250523975,ATM,Grocery,TR,4.0,0.23576543614230125,0.15053712993852536,0,1
6850,583,48.00848401859861,ATM,Clothing,FR,11.0,0.13563191385123488,0.13348806693660048,0,1
8004,420,163.79045303223478,POS,Grocery,FR,15.0,0.36673248325781527,0.18598518850387902,0,1
6056,337,335.2459821288513,QR,Travel,UK,18.0,0.13300394066170057,0.09045063543794495,0,1
8927,775,113.23457685399441,ATM,Clothing,US,19.0,0.18180998312147378,0.25611401949004536,0,1
1041,56,372.2819949393443,QR,Grocery,UK,16.0,0.12273101605765713,0.22720440968281055,0,1
4371,766,211.34655986242197,POS,Travel,TR,19.0,0.2899967859156827,0.11425819145949215,0,1
9177,231,124.84156737570709,POS,Grocery,US,22.0,0.44605517048943355,0.34016125637119143,0,1
4011,49,28.596346808424578,Online,Clothing,DE,17.0,0.09593116097863172,0.4655932019459626,0,1
6105,361,1468.9533847995135,ATM,Clothing,US,22.0,0.3351985305493313,0.0979116038634488,0,1
9755,631,371.49640666333863,POS,Food,UK,16.0,0.2367518567980771,0.053749724510020074,0,1
6835,572,195.16995333108653,POS,Food,TR,20.0,0.2529044212792697,0.15747643090051996,0,1
6340,189,236.06079188329468,Online,Clothing,UK,6.0,0.0779236355930345,0.1324826309507049,0,1
1976,440,0.0,POS,Grocery,DE,13.0,0.5448734182087722,0.07293711262349228,0,1
346,819,280.95350399247934,Online,Travel,TR,15.0,0.14615445756343043,0.10918748028694086,0,1
3095,87,132.30026113567055,POS,Grocery,FR,18.0,0.10973557814778341,0.24565996161559836,0,1
9357,39,348.6382498230643,POS,Travel,UK,19.0,0.5305879026411994,0.20976891259995675,0,1
7702,876,128.16727711200033,ATM,Grocery,UK,15.0,0.38768134717499186,0.3221774584478793,0,1
6681,202,97.96275804362787,Online,Food,UK,15.0,0.49519181380625493,0.17624301589212865,0,1
1929,578,34.823515720851816,QR,Clothing,DE,14.0,0.20348983621201241,0.08658384751112236,0,1
3469,337,69.61632371663106,ATM,Clothing,DE,7.0,0.2564924210347758,0.1981809775157855,0,1
18,566,351.5259027944188,QR,Travel,UK,16.0,0.16322171008463043,0.4588051479034603,0,1
9721,811,23.61816053094622,QR,Clothing,FR,12.0,0.0674862341614029,0.08855130434062723,0,1
8638,682,653.7091245938328,POS,Travel,US,16.0,0.2831221133736191,0.13738478458512474,0,1
480,384,592.7571188814485,POS,Food,TR,15.0,0.0947960357167261,0.13635324246337827,0,1
1772,891,274.4249846870637,POS,Grocery,DE,11.0,0.7022872906924811,0.637733747356726,0,1
3395,831,34.8289287895155,Online,Food,US,18.0,0.4850202238651127,0.410993495145928,0,1
3491,78,25.125085793927436,Online,Clothing,DE,13.0,0.4157291601867815,0.04189183745049895,0,1
6504,989,254.24236170303308,ATM,Clothing,US,15.0,0.2582702921385498,0.1428951750881416,0,1
9521,68,301.16358740610156,Online,Electronics,FR,18.0,0.5093756137604855,0.5310191591214336,0,1
75,924,77.31354646054746,QR,Food,TR,22.0,0.041069470305001736,0.11379589510249415,0,1
6135,389,165.66607142756607,Online,Electronics,US,7.0,0.18595536119136236,0.19508217660966065,0,1
94,507,8.345682434644827,ATM,Electronics,TR,19.0,0.0935550777644571,0.28118155244559345,0,1
5956,527,33.43922139414598,QR,Travel,UK,18.0,0.23624641279009123,0.23117464736840082,0,1
7485,959,95.46510784838145,Online,Electronics,US,11.0,0.21560253438834404,0.11678062859934163,0,1
9507,205,308.0554430212017,QR,Travel,DE,20.0,0.16982934235686986,0.08322780806909072,0,1
6783,466,104.87978731658633,ATM,Food,US,15.0,0.15885496504425436,0.05187010672202695,0,1
7471,357,45.118322512361644,QR,Clothing,US,22.0,0.1508876122934029,0.02061229735934913,0,1
8911,313,133.99482014418666,QR,Food,DE,20.0,0.24619916716040904,0.6496205200393712,0,1
629,517,173.74305709724786,Online,Travel,US,14.0,0.30746690834973794,0.20724445149684598,0,1
508,315,24.179569503927002,POS,Clothing,DE,7.0,0.08343760980129006,0.12242008543405833,0,1
853,511,53.47179245994324,Online,Clothing,DE,19.0,0.2772158921338496,0.6091897717129043,0,1
6406,874,109.12421301031819,QR,Grocery,TR,6.0,0.1411413667607022,0.10738939275135279,0,1
2863,657,280.2809578876901,QR,Electronics,UK,17.0,0.09265509558835594,0.04816325589188919,0,1
5123,677,11.887170098052533,ATM,Grocery,US,18.0,0.05002803147351982,0.018695798237093608,0,1
9685,633,10.453442876050513,QR,Electronics,TR,16.0,0.11622873101647449,0.12540775270626442,0,1
4352,639,19.91437764371622,Online,Food,DE,18.0,0.055545708103807864,0.06742138624949098,0,1
8203,139,22.866984933775708,POS,Travel,NG,17.0,0.020065877313862196,0.2530280829622085,0,1
3094,257,44.681790891587326,QR,Grocery,UK,8.0,0.3308252596642683,0.2608420951181767,0,1
6353,306,761.8819988997686,POS,Travel,TR,19.0,0.4399551177102399,0.3967346257081834,0,1
7708,314,282.14201054147435,ATM,Clothing,TR,20.0,0.39247951245088586,0.15478898303366173,0,1
8555,489,110.6278737796708,Online,Food,FR,14.0,0.263758002048554,0.15635294335517866,0,1
9503,193,87.22486144209796,QR,Food,US,22.0,0.3690527118470209,0.034578511497045994,0,1
6077,75,33.53247356107782,Online,Travel,FR,18.0,0.12123929418185961,0.24250546416306756,0,1
1412,183,30.95450144150326,POS,Food,FR,11.0,0.1472191789456029,0.0574454549275874,0,1
1443,934,213.6177382487552,POS,Electronics,DE,23.0,0.16857185217805062,0.19923547874534833,0,1
7767,353,261.65299131846444,Online,Travel,TR,22.0,0.18982279341559982,0.21535938511882963,0,1
2796,447,40.46892144149979,Online,Electronics,DE,21.0,0.0500678943672403,0.09987969415313816,0,1
3741,893,841.0254955247706,QR,Food,US,8.0,0.3922635099364344,0.050548963340965924,0,1
5286,49,84.27372094488699,POS,Travel,TR,21.0,0.11392467184828356,0.2552996952879113,0,1
2181,31,19.630944254876717,QR,Food,TR,21.0,0.05250396899810785,0.07071839360807017,0,1
4761,985,191.71306276962235,POS,Electronics,FR,14.0,0.2671355523183531,0.056695181561193485,0,1
3675,832,290.0502964558208,POS,Electronics,UK,23.0,0.12170566691031204,0.1623417661157017,0,1
2524,972,263.79395425395666,ATM,Grocery,US,20.0,0.21802373079657092,0.28607746330391287,1,1
2277,366,317.9751906022969,ATM,Travel,UK,14.0,0.3317036104490306,0.37400417989867946,0,1
1877,362,39.16317407598538,POS,Travel,US,18.0,0.1897667052210861,0.025708884383933924,0,1
9611,339,110.44622205372254,Online,Electronics,UK,13.0,0.2090897275440826,0.09571587479682427,0,1
9739,533,4.672406363319348,POS,Electronics,FR,23.0,0.14557779746012575,0.02276379898931857,0,1
1426,563,26.151740419382023,ATM,Electronics,TR,3.0,0.07224695585093652,0.055959063190979916,0,1
6163,667,248.0307916028478,POS,Electronics,FR,8.0,0.06639930230001412,0.1770230374785519,0,1
7226,24,288.67934934065136,Online,Food,US,11.0,0.2551532113864523,0.2858250681234435,0,1
7295,647,1108.0849276029512,POS,Travel,FR,23.0,0.4144462045411434,0.30273916225665515,0,1
2975,708,39.9269207783167,Online,Grocery,DE,21.0,0.6291850430551096,0.10023415136012657,0,1
2077,978,2.650149638821992,QR,Electronics,TR,22.0,0.2132688635347879,0.11131922835870303,0,1
4675,251,456.95632849892735,QR,Electronics,DE,17.0,0.4198617758460215,0.1502389399373282,1,1
216,736,9.745607163522104,POS,Clothing,US,7.0,0.176099093299549,0.08723391658146504,0,1
5560,889,13.669939382169705,QR,Food,UK,19.0,0.08856050784174435,0.0117904035378469,0,1
88,905,1544.631395162571,Online,Clothing,DE,12.0,1.0,0.6997371376631148,1,1
6699,870,46.68035175448636,POS,Grocery,US,18.0,0.11330283239475425,0.138825131439797,0,1
2029,45,31.80720166229672,QR,Food,DE,10.0,0.05800937041496582,0.09750749454360914,0,1
7523,974,20.517456585778994,ATM,Food,FR,21.0,0.03933915019394823,0.14715237693133681,0,1
769,465,333.8586093779375,ATM,Travel,FR,14.0,0.23443986059594676,0.38569787454776305,0,1
6700,734,418.0166709297218,POS,Food,UK,15.0,0.2947929307384869,0.22940921395579297,0,1
8566,935,78.6020628152307,ATM,Grocery,DE,19.0,0.04580886215578585,0.014480255582627975,0,1
6496,573,28.93240569143435,ATM,Clothing,DE,23.0,0.1600951112531173,0.018406467909685968,0,1
9512,354,160.986200408567,Online,Electronics,TR,13.0,0.15214672205922364,0.2072952862241937,0,1
4760,669,371.30784160901305,ATM,Travel,TR,18.0,0.20460217877882064,0.270899035936791,0,1
5489,558,226.49209733209142,POS,Food,FR,1.0,0.1042358372707601,0.5368384621345621,0,1
79,918,29.950634513575814,Online,Clothing,FR,20.0,0.12456993808695176,0.11969403551737148,0,1
5790,912,304.1843923631886,ATM,Clothing,UK,22.0,0.16072401134321218,0.0708527147770144,0,1
8783,825,21.22487854706346,QR,Travel,DE,22.0,0.016855471516772764,0.010380999055101722,0,1
8632,191,151.45183597810097,ATM,Grocery,DE,18.0,0.21350799371232038,0.1707717171635489,0,1
6510,914,133.44458306608806,ATM,Electronics,FR,20.0,0.09575042389238111,0.13468575365532875,0,1
1947,206,54.819698302867984,POS,Grocery,UK,22.0,0.8532349976332756,0.11906237459100788,0,1
5917,826,5.515920778537624,POS,Travel,US,17.0,0.11725598762479615,0.2374191553477739,0,1
674,478,332.6266355646824,ATM,Food,DE,21.0,0.11999576708946758,0.13118191231546802,1,1
9431,257,196.69004816319975,ATM,Grocery,DE,22.0,0.023255861788213122,0.06732756112325308,0,1
1547,171,38.44528202690473,ATM,Electronics,DE,18.0,0.5605587635418435,0.1925865209970244,0,1
8881,178,334.7115117413016,POS,Grocery,TR,21.0,0.05289217182176183,0.09109651532831939,0,1
3699,557,212.0700220539603,POS,Travel,TR,5.0,0.1337421166867843,0.07912145687611405,0,1
7520,663,26.464819839655846,QR,Clothing,DE,11.0,0.14549831758955556,0.19495587142046478,0,1
5449,429,331.32409352989464,Online,Clothing,TR,11.0,0.22576742649303877,0.1375899959366449,0,1
6910,312,113.9960583605946,POS,Grocery,TR,8.0,0.2003883071542235,0.3004885252895701,0,1
6196,777,51.819345895293715,ATM,Food,DE,22.0,0.012567191641441851,0.07175285751938354,0,1
3930,177,288.4932780676669,Online,Food,TR,6.0,0.05727185757763385,0.1621317605256014,0,1
2978,393,261.6608872438069,Online,Grocery,DE,22.0,0.23660071520457027,0.036421487034198466,0,1
8529,227,183.40361892708768,QR,Clothing,FR,9.0,0.02735641765085265,0.16102457607150422,0,1
9570,255,298.9934274158411,ATM,Clothing,TR,18.0,0.1989253912586801,0.19251643966525583,0,1
9,647,185.43031712550467,POS,Grocery,TR,2.0,0.33595348471299485,0.2928197282383159,0,1
8997,868,217.71413883956592,ATM,Electronics,US,20.0,0.07441925020835431,0.024812602177403976,0,1
8607,976,137.1381837789615,QR,Electronics,DE,22.0,0.48027077533034135,0.3886689236879718,0,1
9317,611,58.466432699453414,POS,Food,UK,6.0,0.1797214994209758,0.12706293343343047,0,1
3677,509,74.83716220312209,QR,Travel,TR,5.0,0.08728927918078784,0.3779224098467405,0,1
5084,336,51.86535246157635,ATM,Food,DE,23.0,0.6022555859836367,0.33869893071898455,0,1
1792,980,250.26303002462942,ATM,Food,UK,23.0,0.17066790855042024,0.13922734296022404,0,1
8811,278,183.5535099005166,POS,Grocery,FR,4.0,0.03503358219654468,0.03085035798378189,0,1
1908,911,7.328243254942009,Online,Travel,DE,17.0,0.13830707754978963,0.0789094942279097,0,1
6336,438,12.037831091507076,Online,Clothing,TR,20.0,0.04818545485402568,0.08286997068738058,0,1
5043,191,166.52923611229537,ATM,Electronics,UK,21.0,0.013952431086311775,0.2014082176185518,0,1
8,100,77.16961601648234,POS,Grocery,TR,19.0,0.2573793929008056,0.28025861245494477,0,1
4157,379,16.38638641218843,POS,Electronics,FR,1.0,0.08076480911631014,0.04159304990325946,1,1
9142,590,1189.046948128497,QR,Electronics,UK,18.0,0.3222543041848532,0.03092643503725446,0,1
3307,742,35.92452034795876,QR,Grocery,FR,15.0,0.03018400556303547,0.03618758581125251,0,1
1811,535,549.0430506628766,QR,Travel,US,15.0,0.1716543750460129,0.10778702035333529,0,1
40,95,1.9701175718895887,POS,Travel,US,22.0,0.09748632871613029,0.057319214061546296,0,1
4790,698,38.81044662834054,Online,Clothing,TR,17.0,0.08875247925539903,0.09132543095952034,0,1
2340,413,231.966008873942,Online,Clothing,FR,12.0,0.25220909395082713,0.21046083338118093,0,1
632,25,40.57004238632976,ATM,Food,US,19.0,0.25171262770319935,0.07165988359617373,0,1
5569,294,74.23486357268065,ATM,Clothing,FR,8.0,0.028820835872105068,0.3809556913833329,0,1
8872,893,145.3194770444873,POS,Grocery,US,4.0,0.1146911385276308,0.17497926258970797,0,1
4697,190,313.2810378299288,QR,Travel,FR,3.0,0.06056196163861403,0.24980251491311606,0,1
8448,161,25.77624701507604,Online,Travel,US,20.0,0.029543801361543838,0.037062708133058876,0,1
5621,372,152.79209810995562,QR,Travel,DE,22.0,0.10771479017912797,0.3446452933710772,0,1
8284,631,12.444541872057759,Online,Electronics,UK,20.0,0.045242497748634536,0.022967455763617632,0,1
5576,501,629.2545395023315,ATM,Travel,UK,20.0,0.3412091745281356,0.020062075719639045,0,1
7985,798,229.04233611452636,POS,Travel,FR,21.0,0.1110080404488799,0.20152514623975507,0,1
4868,451,212.89612862190955,Online,Clothing,FR,15.0,0.17928297964200376,0.1045927325012993,0,1
902,198,65.22405885192664,Online,Food,DE,15.0,0.07939229391389507,0.33278556817864074,0,1
6745,282,209.33426191610778,QR,Grocery,FR,22.0,0.04901726713278813,0.06451731872453034,0,1
5167,61,52.27564643946622,Online,Electronics,TR,14.0,0.20737767890013803,0.12159799894435963,0,1
4668,200,290.0818768274586,POS,Clothing,TR,16.0,0.03430776603531624,0.05117248005286966,0,1
5225,688,1.3960446952012442,POS,Clothing,FR,9.0,0.16253091087587682,0.293954911258203,0,1
9763,810,21.60806699780801,POS,Food,TR,2.0,0.0848418400124119,0.010519191248998064,0,1
964,631,138.96088328889087,Online,Clothing,UK,9.0,0.1744898385027884,0.3426638406272343,0,1
3415,345,42.70757296902198,ATM,Grocery,FR,20.0,0.1640673295402476,0.09004864034921853,0,1
5865,768,65.2672299206214,ATM,Food,FR,9.0,0.31579906077391884,0.5017050579005525,0,1
3306,991,382.8561707156702,QR,Grocery,US,18.0,0.11634889781756183,0.17150696373882893,0,1
9318,658,674.6329262750347,Online,Clothing,TR,14.0,0.25023328568503345,0.1503443273293394,0,1
686,62,11.696105327968992,Online,Food,DE,21.0,0.11288621590722961,0.02200002513384312,0,1
1019,93,9.074355198148377,QR,Clothing,TR,15.0,0.08387595920817406,0.09515496051305106,0,1
8911,764,45.50853141911104,Online,Grocery,TR,22.0,0.3295914928033933,0.11231545217287954,0,1
5586,799,430.7681239771225,POS,Grocery,US,4.0,0.02981224567548856,0.17248946537755153,0,1
3135,689,130.58237914585166,ATM,Food,UK,14.0,0.33520946303032745,0.2271608286394479,0,1
6444,399,12.917724764822932,Online,Food,DE,22.0,0.04100535151191892,0.061671124448279546,0,1
2340,273,22.101053517903082,QR,Travel,FR,21.0,0.2309609020101763,0.14953929556612783,0,1
3920,264,48.86464192579825,Online,Clothing,DE,16.0,0.2699100163137705,0.20783515010548617,0,1
9291,55,8.247609975700579,Online,Clothing,FR,10.0,0.07929281584130844,0.05273976169139715,0,1
1257,326,18.190327543639448,Online,Food,UK,11.0,0.21078415107676016,0.27732688997000504,0,1
9085,205,79.89577555522881,ATM,Travel,UK,7.0,0.17242533167570076,0.10532838254985005,0,1
7042,47,577.3738076039732,ATM,Grocery,UK,22.0,0.27132487015751416,0.1482368829425252,0,1
9494,570,3.5310772812110205,ATM,Travel,UK,16.0,0.22343285181980468,0.149767999347378,0,1
9829,939,7.474148961323403,ATM,Electronics,TR,14.0,0.034370111664712946,0.28323568587829573,0,1
3794,459,196.7200582316522,Online,Clothing,FR,20.0,0.07636292354343946,0.16009527242315721,0,1
9605,546,30.07684853581352,POS,Travel,FR,22.0,0.6052679434932368,0.2531748609574986,0,1
5129,438,314.66654755500866,Online,Food,UK,11.0,0.21770832052120814,0.040055087377548454,0,1
9432,275,11.271050085539818,ATM,Travel,FR,4.0,0.00937797210817513,0.024146051707129967,0,1
2489,933,114.19706533972808,QR,Electronics,UK,13.0,0.16143193608674475,0.08501944465069382,0,1
6388,708,55.86312669411479,QR,Electronics,TR,17.0,0.07624929880872114,0.009441357186030768,0,1
8789,146,331.1274202710316,POS,Grocery,FR,23.0,0.014935240884188933,0.08060960411029561,0,1
6489,913,211.9096015914387,POS,Travel,DE,13.0,0.047301337743546744,0.036599673859804366,0,1
3489,136,379.2964587820939,Online,Food,FR,16.0,0.37096581117738886,0.3157941160006035,0,1
3752,533,193.91237944733933,POS,Food,DE,15.0,0.07660185666860383,0.2248446876700709,0,1
5399,530,387.6323832429343,QR,Grocery,TR,11.0,0.03911543266070631,0.10986441010238535,0,1
7530,787,20.856644156196612,Online,Food,US,14.0,0.21838868524733301,0.011892277501136073,0,1
7485,213,103.21114319436928,POS,Electronics,DE,12.0,0.07089032483561294,0.0743770279369469,0,1
4017,554,56.92524362143498,Online,Clothing,FR,23.0,0.026424707886239702,0.012051312386648467,0,1
2587,232,45.16878381970023,POS,Grocery,DE,7.0,0.07791292015534729,0.177736920405545,0,1
5791,761,184.94803735501154,POS,Grocery,TR,19.0,0.2004868234400548,0.5107796086518783,0,1
8311,293,42.96850175781907,Online,Grocery,DE,21.0,0.03145133501173372,0.07691984669391994,0,1
9307,146,56.93856234686346,ATM,Grocery,TR,23.0,0.01949162562390177,0.029383663745052573,0,1
7356,41,302.5747627989359,QR,Grocery,DE,21.0,0.05980176356764992,0.37785253791294465,0,1
2817,998,147.13083316942814,Online,Clothing,DE,17.0,0.08694795877872852,0.06293245207136984,0,1
4134,862,173.99352903764301,Online,Electronics,DE,4.0,0.3409217484418835,1.0,1,1
344,551,228.30795180670984,Online,Grocery,FR,21.0,0.307781508489886,0.07728695470154688,0,1
3388,442,63.45781399902127,POS,Travel,FR,22.0,0.18871924809161647,0.043356293727204454,0,1
4401,204,252.00937456308148,Online,Clothing,TR,16.0,0.28271971276476243,0.1056476046782,1,1
4324,355,60.21215902448031,ATM,Travel,US,22.0,0.07126173787025639,0.07269779181356328,0,1
5056,710,228.92246338714043,QR,Clothing,TR,13.0,0.33467854058206387,0.15122437635480784,0,1
7028,145,348.26179107371024,POS,Electronics,UK,21.0,0.0913260880040765,0.08223564890897442,0,1
2193,611,79.81972694999655,QR,Clothing,FR,20.0,0.3273610753202542,0.02836201296416669,0,1
4056,280,955.0550977890115,QR,Electronics,US,4.0,0.2674398922069518,0.1367495827068835,0,1
2813,492,7.868907037793209,ATM,Clothing,UK,14.0,0.06786698288035939,0.3065408890800833,0,1
3223,147,121.27806145635687,ATM,Travel,TR,14.0,0.19032605758978494,0.14653576354650494,0,1
5584,213,29.240639481673508,QR,Grocery,DE,21.0,0.14320553269412378,0.07502965631644007,0,1
4164,352,161.96668564396765,QR,Food,TR,5.0,0.41628707585013225,0.06208582295165934,0,1
1153,622,128.15585398081217,POS,Clothing,FR,14.0,0.1299095332341276,0.07406620707133366,0,1
226,113,127.60142823913885,Online,Clothing,DE,21.0,0.06492616005940306,0.11141545079028384,0,1
6781,132,49.78521551440347,POS,Travel,FR,5.0,0.19315300519754153,0.09750271778437364,0,1
3924,541,90.91227435436181,POS,Food,US,12.0,0.07138108321810435,0.09358056519185246,1,1
5643,6,122.10870212756404,Online,Food,FR,22.0,0.043251065072200924,0.28799835073969093,0,1
4784,533,130.96485942081696,POS,Food,US,4.0,0.03885970173075763,0.027957907172146794,0,1
7635,834,95.61820355997955,ATM,Clothing,DE,14.0,0.2000760813498729,0.1053256781434847,0,1
8346,939,58.94695026117864,POS,Grocery,US,10.0,0.028569742648207268,0.1261114463458431,0,1
8272,72,139.75620640656325,POS,Grocery,UK,9.0,0.09813201817137433,0.16037104665722193,0,1
9855,115,287.304479297647,Online,Grocery,TR,12.0,0.1671055008862091,0.09801621080524368,0,1
6402,13,74.72542756522525,ATM,Grocery,FR,15.0,0.6753385655941735,0.05228659077757275,0,1
9374,618,33.954596729088195,POS,Grocery,US,15.0,0.2353542373593803,0.3469383334289011,0,1
9322,992,67.29470420599084,Online,Grocery,UK,4.0,0.22939239159607963,0.12533621585952234,0,1
3567,720,154.01674673935474,QR,Clothing,UK,11.0,0.027013348725667366,0.07969988881650031,0,1
1263,911,516.9129040225351,Online,Grocery,US,15.0,0.26594755383853064,0.22541206855418638,0,1
6062,325,240.58398262410532,QR,Travel,DE,12.0,0.25000407115108786,0.21687136453776681,0,1
364,982,25.227601164058,POS,Clothing,TR,11.0,0.024229216109286286,0.08554608714364353,0,1
4620,331,21.724771000521137,QR,Clothing,US,20.0,0.07309869091001105,0.06778247681561057,0,1
2656,480,172.9640125417184,POS,Electronics,US,12.0,0.1346995508634958,0.12723162672531943,1,1
8745,370,312.53798644553757,Online,Electronics,US,20.0,0.3353400419114055,0.08656308731300293,0,1
8517,38,140.98888165552293,POS,Grocery,US,19.0,0.09016353044740265,0.22452877204725366,0,1
6881,521,246.59432440846138,POS,Electronics,UK,15.0,0.15465642706025845,0.10860441926507593,0,1
6504,876,333.3690694781342,QR,Grocery,UK,18.0,0.2798779896429244,0.3601410837189725,0,1
9122,336,437.57390084500406,Online,Travel,DE,13.0,0.7965787118602474,0.3460944697535839,1,1
3296,766,278.7621224258002,ATM,Travel,TR,10.0,0.34622823156405697,0.16519503475980366,0,1
7248,713,233.5568955702752,Online,Clothing,DE,20.0,0.180959197724984,0.2604765916455597,0,1
8534,963,92.68889397642695,QR,Grocery,UK,21.0,0.0750895103882755,0.1766510083096319,0,1
9795,430,89.37024083871462,QR,Electronics,DE,12.0,0.11191661164221295,0.06959058982695232,0,1
1275,739,56.72363548421986,ATM,Electronics,UK,12.0,0.028722765568917518,0.13804483873823925,0,1
7073,989,155.8759416964329,ATM,Travel,UK,11.0,0.47794817847576704,0.6811282541902896,0,1
3587,266,108.33168642394925,ATM,Clothing,UK,16.0,0.29525823606717067,0.12526984424862003,0,1
2385,858,36.197545805033215,POS,Travel,US,6.0,0.02463596540207096,0.1610392478030459,0,1
5539,707,461.74045543655785,Online,Grocery,UK,9.0,0.3839638393145521,0.22224097733291595,0,1
918,733,12.612121687184514,POS,Electronics,US,19.0,0.06599775191417905,0.0996255748555707,0,1
9984,601,16.180373074205235,QR,Travel,UK,6.0,0.050720657409470835,0.20129391126225307,0,1
4812,60,61.386845506369866,ATM,Electronics,FR,13.0,0.2599019856311584,0.057765537207552564,0,1
3249,454,198.30750522883844,Online,Food,UK,19.0,0.2706653735484479,0.20909059622087797,0,1
9340,792,29.64098370427461,QR,Clothing,DE,1.0,0.09813629581900982,0.2902660378396107,0,1
6203,795,55.842406047385595,Online,Travel,UK,17.0,0.10151919165780124,0.22429199474165842,0,1
3913,232,572.8431393494101,POS,Electronics,UK,14.0,0.4092112825081561,0.8722500459932909,1,1
5262,983,6.217327460417337,QR,Grocery,US,21.0,0.03523010430479246,0.11750520414221768,0,1
8024,111,28.534347062191504,QR,Clothing,FR,22.0,0.059481289922991745,0.04785557821817304,0,1
7665,58,74.99274957593728,POS,Food,US,8.0,0.06582102278208538,0.1533564113539812,0,1
4768,674,86.68945224033794,POS,Grocery,UK,9.0,0.17501710009500546,0.13203365247203486,0,1
1653,865,163.79383943618618,ATM,Electronics,US,21.0,0.00979588452575462,0.030555696401280773,0,1
6827,129,103.45832321556259,QR,Food,US,14.0,0.04037826707975832,0.03448841226185617,0,1
2981,315,6.003883967291415,POS,Food,UK,21.0,0.17474374894471234,0.021053730670715906,0,1
3649,414,219.95753507144718,POS,Electronics,DE,1.0,0.4409072945519731,0.58849278379853,0,1
3906,868,138.07424484896595,QR,Travel,UK,13.0,0.09351048739102072,0.15053394482099736,0,1
771,793,398.7976003241273,ATM,Clothing,US,12.0,0.6067303329809232,0.46991682326996215,0,1
6714,372,3.3944795734210382,Online,Clothing,TR,20.0,0.017805261294814502,0.06300701949264617,0,1
7567,214,101.37748197028169,POS,Food,US,21.0,0.10300778834579855,0.09833001150991878,0,1
3321,437,334.9886856647304,ATM,Clothing,FR,18.0,0.3816400799666092,0.2810796827391656,0,1
4046,679,17.014862184154712,QR,Food,US,23.0,0.020978367485981884,0.01928861836188414,0,1
5945,854,11.242509607187753,ATM,Food,FR,16.0,0.09795108092093609,0.07690311328374784,0,1
758,564,225.6079326664467,ATM,Food,DE,10.0,0.18250215196796093,0.09512379433220605,0,1
9794,992,0.7128883168857801,QR,Grocery,TR,23.0,0.12130056614751258,0.03531018884289542,0,1
7223,634,93.40978557222103,ATM,Food,DE,11.0,0.4062930376394568,0.41672426756997294,1,1
7362,939,5.492768257030826,POS,Electronics,US,7.0,0.05174057837158766,0.05208024918134964,0,1
4130,826,135.99626834023988,QR,Travel,TR,2.0,0.332476463090437,0.40615930314781024,0,1
1386,803,12.461751303449832,ATM,Food,DE,7.0,0.04469440065670409,0.06488399983416761,0,1
2740,633,68.43484492966984,Online,Grocery,DE,18.0,0.026679410162927783,0.06613120758127125,0,1
9196,706,111.55552095941388,QR,Food,UK,14.0,0.21750022456709595,0.09138175758428933,0,1
8643,276,56.953091567776625,POS,Travel,FR,18.0,0.5469520129557028,0.3643046622084744,0,1
6174,24,260.62426472722854,QR,Electronics,TR,17.0,0.2673196126855817,0.1789249678772497,0,1
6025,365,617.0502438503286,POS,Grocery,US,22.0,0.203211424328756,0.2897904757325722,0,1
3563,484,27.625127206048447,QR,Grocery,US,23.0,0.05096032006679104,0.0631075226367926,0,1
1943,293,4.727771500487991,ATM,Food,UK,23.0,0.12114657127693018,0.02143291907326233,0,1
4587,866,540.6391565642716,QR,Food,UK,4.0,0.36768358678589314,0.5923243177060544,0,1
6720,267,42.70582852744757,QR,Electronics,US,14.0,0.054156527367626765,0.014960612458470494,0,1
28,151,25.957154878794192,POS,Clothing,US,22.0,0.5119791102357767,0.6740742045308494,0,1
3494,115,49.025507624229824,ATM,Grocery,DE,20.0,0.102295730911119,0.1302485940155487,0,1
59,228,103.30439247761922,POS,Food,FR,15.0,0.3428360355991232,0.13156575668073087,0,1
9341,517,6.00139043988039,ATM,Electronics,FR,19.0,0.14731027102656813,0.0400016158076083,0,1
3704,463,228.13118115010894,Online,Clothing,US,2.0,0.20658582108638016,0.1551219549366414,0,1
3878,549,10.724806735264615,POS,Food,FR,21.0,0.07568732079628361,0.025517078123585318,0,1
9837,117,274.22302819612474,POS,Food,US,21.0,0.08478114952850793,0.293915434398985,0,1
8914,719,225.50780036556634,QR,Electronics,UK,22.0,0.07776349950214466,0.0681070045451411,0,1
4690,676,42.984640779071476,QR,Electronics,US,15.0,0.18805407724301829,0.31523017930229197,0,1
6082,459,164.69825668584951,Online,Travel,TR,17.0,0.030555941506519524,0.08042736946404393,0,1
3106,72,394.5337311911431,Online,Electronics,UK,8.0,0.1428548029515886,0.34153711068975273,1,1
2623,906,398.5949653793649,ATM,Grocery,US,4.0,0.33946092786807236,0.47870887773944515,0,1
6660,854,3.8531165221266557,ATM,Travel,US,21.0,0.24761830367473164,0.03473141559405937,0,1
9346,852,159.9032793373055,Online,Grocery,UK,11.0,0.23499562972634142,0.060990390093074186,0,1
2368,79,21.81650888819023,Online,Grocery,DE,5.0,0.0832112961397832,0.3274934311327049,0,1
7180,665,139.96155235583765,ATM,Clothing,DE,9.0,0.25297202750086495,0.4076152294350375,0,1
8922,125,232.0590716481559,Online,Electronics,TR,9.0,0.13241797659109056,0.17424466968821722,0,1
6123,122,72.62796680650413,ATM,Travel,TR,14.0,0.05754459637016048,0.03612279556872965,0,1
5888,567,278.09178348866794,POS,Grocery,UK,17.0,0.15895159459859284,0.1708686990352371,0,1
1559,338,46.578998660490406,QR,Clothing,DE,17.0,0.06705222374703754,0.3498068686501121,0,1
9565,378,98.06130686355205,ATM,Travel,DE,17.0,0.057508680942010316,0.20960617388262862,0,1
1199,298,216.23253561204515,Online,Electronics,FR,15.0,0.17657056648891367,0.12195988421668943,0,1
9226,229,36.042345698317,POS,Food,DE,13.0,0.015255222535999941,0.06992580065676783,0,1
4295,408,125.35267191183458,Online,Clothing,DE,10.0,0.0432159454994802,0.15886205458750466,0,1
4123,663,110.13197359584316,ATM,Grocery,FR,22.0,0.06618420454719798,0.15654031355019915,0,1
6047,659,251.6183153242598,QR,Grocery,FR,17.0,0.15638915807759374,0.09522773119090285,0,1
8312,452,155.43768440376064,Online,Food,UK,18.0,0.4704641403586012,0.13769998729205013,0,1
4062,244,38.29959159788113,QR,Food,UK,14.0,0.5428231859857273,0.27357949806410403,1,1
9643,449,40.63827394719055,Online,Food,UK,8.0,0.29771191405039216,0.5062098104275662,0,1
3844,520,29.268795467712007,ATM,Electronics,UK,6.0,0.07023593682908529,0.04190309053064987,0,1
8911,682,56.6702504638201,QR,Food,FR,19.0,0.018548788165189945,0.23105163608955445,0,1
3951,206,308.03498303682267,QR,Electronics,TR,21.0,0.22319109229614323,0.3416608594773384,0,1
3790,476,118.96248116977843,Online,Travel,DE,23.0,0.355397040115983,0.29736434276448137,0,1
6118,259,11.848658485246181,QR,Electronics,UK,20.0,0.03446521577991323,0.08284015357032955,0,1
4582,896,272.8918474824282,Online,Electronics,DE,13.0,0.061747951469667606,0.3100775568415257,0,1
7,425,31.04274475872768,Online,Electronics,DE,23.0,0.31403561573611566,0.20609871594389276,0,1
6106,112,8.81318175946516,ATM,Clothing,UK,18.0,0.11169636056951479,0.03180975868465491,0,1
2314,221,13.685727926638803,Online,Food,UK,12.0,0.015298627050371626,0.11907736646939396,0,1
7833,803,131.8841012229771,POS,Clothing,TR,16.0,0.10196135187256715,0.11313344261911581,0,1
8323,161,76.62204275197557,QR,Grocery,US,21.0,0.3148763239921036,0.17235075664797186,0,1
2609,924,33.08610078289408,ATM,Travel,UK,4.0,0.2748725374296501,0.24112944991334825,0,1
7319,426,25.162517613362297,ATM,Food,UK,19.0,0.19918831566915846,0.02059985491205088,0,1
761,61,252.0502863952534,POS,Travel,US,20.0,0.05341666966320096,0.5304573039841591,0,1
8418,344,50.41701707764554,POS,Food,US,22.0,0.11027286195142598,0.1062397793972558,0,1
2583,410,65.95441241289035,POS,Grocery,FR,22.0,0.03356969274922972,0.1706564693066,0,1
7340,473,777.3762515713864,ATM,Grocery,DE,14.0,0.14561481582780306,0.30795284194035943,0,1
4780,767,591.1117328178107,POS,Travel,US,20.0,0.09114917107838358,0.6350070012631045,0,1
7527,674,33.35828029878928,Online,Grocery,TR,14.0,0.21452101908436613,0.1642272911900711,0,1
5919,594,457.3000818909769,Online,Travel,DE,19.0,0.2556239531769569,0.07939757312198906,0,1
4591,515,29.554956697616593,ATM,Grocery,TR,18.0,0.0894888262389646,0.15068931706358196,0,1
5850,784,40.6895478535847,Online,Grocery,FR,15.0,0.36906821651804905,0.10134722008278096,0,1
4254,823,44.37562159393449,Online,Clothing,DE,18.0,0.0537951188191496,0.04813091673500346,0,1
8760,897,956.0847894871183,ATM,Electronics,UK,12.0,0.41413285677569694,0.01692990146944582,0,1
6644,749,353.5557656417535,POS,Food,TR,21.0,0.033809626472527846,0.20628375344931008,0,1
4084,537,0.0,QR,Travel,UK,22.0,0.6017987526180489,0.16212462463045438,0,1
7673,244,33.540809404944135,Online,Travel,DE,7.0,0.16166013942573973,0.21659724174952338,0,1
6473,759,765.2685799303849,POS,Clothing,NG,20.0,0.8310012147841932,0.4905668453601389,1,1
725,370,10.992296397078519,QR,Clothing,US,23.0,0.22027122302742153,0.07869141049535926,0,1
1984,64,129.59013239615393,ATM,Travel,FR,0.0,0.3126736174603715,0.16873792466171358,0,1
5674,721,927.0149103489166,POS,Electronics,TR,16.0,0.11199964750652482,0.18645045591884676,1,1
6212,430,8.550413711293377,POS,Travel,DE,22.0,0.20024603418492526,0.026629143952082178,0,1
9761,155,45.53262936201331,Online,Travel,UK,10.0,0.15781010271082796,0.15461154292210763,0,1
2063,909,30.113350379958117,ATM,Electronics,UK,15.0,0.11654179045575579,0.1601239781429596,0,1
6412,686,13.403966848792649,POS,Travel,US,22.0,0.48519956948484083,0.30740510316447966,0,1
7841,327,303.10000964082343,QR,Food,US,14.0,0.09329257301471951,0.24775010964694658,0,1
6193,236,39.47447541946401,ATM,Electronics,UK,16.0,0.1463178525028916,0.047052982347900854,0,1
9153,140,311.70850291154295,POS,Travel,TR,10.0,0.25845076924421284,0.09124087344978887,0,1
8340,619,396.96289652138444,Online,Grocery,UK,16.0,0.38385640789319714,0.7337507681541323,0,1
6674,259,347.45342502758456,POS,Grocery,TR,23.0,0.3693775575514125,0.029573502493960787,0,1
7715,4,293.8434588773739,ATM,Clothing,TR,17.0,0.11562163279015751,0.2579554915417944,0,1
8283,944,321.6688508888323,Online,Grocery,FR,15.0,0.09077135221630867,0.18335886301579454,0,1
8299,513,405.8141164513908,ATM,Travel,FR,10.0,0.05706898434848625,0.21446243032271703,0,1
9607,95,455.93870986325936,ATM,Travel,US,9.0,0.07962923969606914,0.674501966808494,0,1
2563,94,44.169709839326394,QR,Travel,US,20.0,0.011434627439918715,0.016361369060344917,0,1
5011,201,121.46113266803793,QR,Grocery,US,12.0,0.0780742823769866,0.14871293248568246,0,1
7763,860,192.04599865267375,Online,Grocery,UK,17.0,0.06774214856421494,0.14920111220320112,0,1
6848,381,107.31488952216556,ATM,Electronics,DE,16.0,0.11725594797150242,0.20183042038312532,0,1
3692,991,55.37130206021256,QR,Clothing,UK,19.0,0.054720822906021295,0.23045007061590447,0,1
1000,474,194.14044443567303,Online,Travel,US,16.0,0.09686541245850132,0.1005926590982899,0,1
633,902,108.91888209883557,POS,Clothing,TR,22.0,0.35261413497555505,0.16664523397678097,0,1
2745,366,62.46827419226489,Online,Travel,US,19.0,0.03432766817620619,0.3233647368752678,0,1
4327,615,69.07150610596531,ATM,Clothing,TR,11.0,0.07940337319853963,0.10675790606491548,0,1
7905,140,61.86183480679686,POS,Food,US,8.0,0.425414726878384,0.12496466559211547,0,1
4455,64,542.9452606578573,POS,Food,US,6.0,0.3491085821626633,0.4232595601391152,1,1
7708,883,14.384613432158359,ATM,Food,DE,21.0,0.10867558253596625,0.014574135975420835,0,1
3534,809,97.24247694412682,POS,Clothing,DE,19.0,0.061306496134745946,0.23003565234970205,0,1
7900,258,425.7383729475765,QR,Food,DE,9.0,0.2566711293702905,0.4978029141512817,0,1
5052,899,150.12805761459833,POS,Travel,US,20.0,0.20675814513599844,0.1239668463609834,0,1
2067,134,63.07973455154992,ATM,Food,DE,16.0,0.14856883850133332,0.13308059873341882,0,1
7991,138,179.9714578231699,QR,Clothing,UK,8.0,0.15606485582695961,0.09527449331925975,0,1
2940,43,433.76743646877344,ATM,Clothing,DE,16.0,0.36391823514447846,0.33320483219825237,0,1
4030,599,47.10342506621051,ATM,Travel,US,14.0,0.1819168843378708,0.3210622242703426,1,1
8539,377,46.459501769028186,ATM,Food,UK,19.0,0.06822286096616632,0.21872726150276592,0,1
6022,572,364.63941044702483,POS,Food,UK,7.0,0.08265392941003513,0.3348091903288861,0,1
4150,957,265.6748026165652,POS,Electronics,DE,17.0,0.21635605411566067,0.07296364731713889,0,1
9216,424,15.88242952448029,QR,Clothing,FR,16.0,0.02362218182720594,0.10985973324667145,0,1
2256,62,33.662720926542576,QR,Food,UK,3.0,0.2265369044358121,0.08073434169803329,0,1
6454,284,240.01228521122806,ATM,Food,FR,17.0,0.48415566386866066,0.17785677792855964,0,1
4425,338,145.16672569642395,ATM,Electronics,US,2.0,0.05460582411801766,0.030211393837693827,0,1
5222,620,49.23134815806579,ATM,Electronics,DE,22.0,0.12866365240313807,0.0812584776654314,0,1
2009,146,68.84190429122745,Online,Food,UK,10.0,0.13720298027024402,0.28713239568338345,0,1
8058,771,301.53399827947356,ATM,Clothing,DE,18.0,0.24786600736322537,0.17544131452264797,0,1
3683,681,175.4231751620354,POS,Grocery,DE,11.0,0.211835754152889,0.04213774047067036,0,1
6820,848,21.296255659907338,ATM,Food,FR,23.0,0.19505450948807157,0.1799563288857087,0,1
9710,188,298.4493262125282,ATM,Electronics,DE,20.0,0.272564900688142,0.10829254314052861,0,1
8456,89,401.60644197627875,POS,Clothing,DE,22.0,0.06457397459095793,0.06126795793376802,0,1
6365,635,160.79141216606374,ATM,Electronics,TR,12.0,0.2776699521689579,0.3288441675547498,0,1
5584,585,18.491073635993434,QR,Grocery,UK,21.0,0.09425101859127427,0.07224639446040158,0,1
6078,639,100.96728296709384,POS,Electronics,TR,12.0,0.25902752285912306,0.3912760922396727,0,1
8256,138,5.751274215882497,POS,Electronics,TR,20.0,0.10712823360746854,0.021671377469233172,0,1
1942,830,219.48785405716805,QR,Travel,UK,22.0,0.3872354019764993,0.5472581753198983,0,1
9483,438,86.15833776448815,Online,Food,UK,11.0,0.13053679020063286,0.15987978630568495,0,1
663,297,166.99053322302947,ATM,Clothing,FR,20.0,0.04589898542638079,0.08107566103885394,0,1
5452,461,15.76962945295256,Online,Food,FR,8.0,0.30643343633325576,0.2145919643384318,0,1
4071,208,267.1995077774103,QR,Grocery,US,19.0,0.48263898434503866,0.1861037394420309,0,1
4964,1,378.23646624052236,ATM,Grocery,US,7.0,0.09664020331510689,0.13711853490724146,0,1
3142,437,281.29099965102193,POS,Food,UK,22.0,0.7096670127824076,0.5124963607287731,0,1
9651,259,77.56893719688429,ATM,Travel,FR,12.0,0.13947297642543416,0.23406555423815198,0,1
2780,292,73.88859936213755,POS,Grocery,FR,19.0,0.1545034231911581,0.054150988733605736,0,1
7328,564,133.80628422185703,QR,Food,FR,3.0,0.09398461934135872,0.03448805536473859,0,1
972,373,155.21473800154527,Online,Electronics,FR,11.0,0.31349872690644937,0.11664216289135054,0,1
5963,614,112.072651710951,Online,Grocery,DE,3.0,0.23177170293456104,0.020529794635810977,0,1
1615,452,10.573652665663847,POS,Clothing,US,7.0,0.2226898944759998,0.03844233377806498,0,1
6567,217,256.87118407014367,QR,Clothing,FR,14.0,0.8475974975213983,0.34737528628690834,0,1
5385,794,106.53759751312394,POS,Travel,UK,20.0,0.38306195358004236,0.09775952670817309,0,1
1116,216,314.70073915747594,Online,Electronics,DE,20.0,0.20085843094818107,0.06321867036623019,0,1
6034,540,469.23815270099556,Online,Electronics,TR,14.0,0.19659895640266237,0.13100460882471254,0,1
2733,564,15.300808722954297,QR,Electronics,US,19.0,0.023240235817034452,0.102220647580393,0,1
6679,143,3.18478839042017,POS,Clothing,TR,21.0,0.22395494914718764,0.10058185963311694,0,1
7380,70,0.0,Online,Electronics,UK,10.0,0.2837021853516427,0.26198366720251987,0,1
9967,913,373.59285421521105,ATM,Grocery,UK,23.0,0.4556784012639014,0.5896088550979827,0,1
4057,607,93.20800698846216,QR,Electronics,TR,5.0,0.12453496333432211,0.03367849087511722,0,1
8201,531,115.01497716113654,Online,Grocery,US,21.0,0.6558813665722878,0.08241234650581003,0,1
6671,275,118.34899447420568,Online,Grocery,DE,17.0,0.18448460532543134,0.07891992174021235,0,1
1534,848,22.65217217827404,POS,Travel,FR,16.0,0.01991238330177192,0.10096731505423452,0,1
3539,377,3.192383143061083,Online,Clothing,DE,23.0,0.1037424605293113,0.062438746518114395,0,1
3703,933,478.6959550595052,QR,Food,DE,21.0,0.2889807882346429,0.18440982463533745,0,1
7151,881,33.58041773163398,POS,Travel,TR,18.0,0.14575165844982263,0.05373071247428758,0,1
3102,880,152.11627443504818,ATM,Electronics,FR,20.0,0.19548947024062116,0.09706040204310597,0,1
822,304,296.1153732117352,ATM,Grocery,FR,23.0,0.013931478408582425,0.06965917825092979,0,1
8248,942,0.13502625002988822,Online,Electronics,FR,2.0,0.020647614448996633,0.07667283593490778,0,1
6296,513,49.011980803135096,Online,Clothing,FR,18.0,0.10187754469849655,0.02139900003112471,0,1
1272,601,92.94010932179755,Online,Clothing,UK,17.0,0.21589464975851227,0.04547785556015288,0,1
335,252,0.0,Online,Electronics,FR,16.0,0.25131689042947986,0.31990695858715057,0,1
3473,975,134.56323708462952,POS,Grocery,UK,8.0,0.09770196781396889,0.3375629990558629,0,1
4134,854,46.09356298547407,ATM,Food,US,4.0,0.1421222956659588,0.393947648688381,1,1
7317,460,29.467417233574466,Online,Electronics,TR,20.0,0.05771443170177736,0.08573621260573595,0,1
2507,202,127.26763599162304,POS,Clothing,UK,21.0,0.1067338087537743,0.04630601872951584,0,1
6738,585,135.82669079678865,ATM,Electronics,US,22.0,0.05355627746148276,0.06032726333142298,0,1
7416,725,416.97942727184346,QR,Clothing,FR,18.0,0.31910518917115865,0.36502043593835143,0,1
7025,124,72.49860036721769,ATM,Clothing,US,16.0,0.13754895723144966,0.0976916629923111,0,1
7078,463,1.037795002241706,QR,Electronics,FR,13.0,0.08224707108126378,0.31583880468080955,0,1
7511,481,122.93663509008803,POS,Electronics,FR,20.0,0.20125150535757852,0.1361618560544804,0,1
7979,264,54.68286880073022,Online,Travel,US,11.0,0.02665602484142448,0.24141694315003476,0,1
6295,767,238.42500812844196,ATM,Electronics,TR,13.0,0.792205120416352,0.2762979391453923,0,1
8159,603,341.3405533765331,ATM,Clothing,TR,21.0,0.392066664084471,0.13351050550685029,0,1
786,92,48.78960390666473,POS,Clothing,DE,22.0,0.12419337222617338,0.04407161467312321,0,1
5720,900,124.71879373990862,QR,Grocery,DE,11.0,0.14275085497936876,0.16704797901616752,0,1
6033,2,78.3370081891001,ATM,Electronics,UK,8.0,0.1894326410931636,0.25706177164450456,0,1
7085,830,9.252646446392689,POS,Grocery,UK,9.0,0.03835750391004299,0.043512045809360966,0,1
9968,628,16.311245306568086,QR,Clothing,DE,17.0,0.18735620075975618,0.09480963746144433,0,1
7865,196,90.44644315747757,QR,Electronics,FR,16.0,0.13477652797123907,0.14730070636202175,0,1
6200,782,355.3727006349293,ATM,Electronics,UK,12.0,0.041550296231495684,0.25200373979729546,0,1
1533,211,637.7693089478746,Online,Clothing,US,12.0,0.5159519239619876,0.11017481715419467,0,1
1037,480,320.06468947658436,POS,Food,FR,22.0,0.4122763127027313,0.2053882535153076,0,1
8016,481,143.458449324685,Online,Travel,US,22.0,0.4494329016313213,0.2990322797184568,1,1
1839,330,6.07508717290362,Online,Travel,TR,17.0,0.1485381956324943,0.06627318557053517,0,1
1590,646,464.26942894268154,ATM,Grocery,TR,20.0,0.3192346841699513,0.3323361885379095,0,1
780,918,31.345345023131806,ATM,Food,US,21.0,0.1168329601829438,0.4549301466795475,0,1
2901,753,1.1441249381196608,QR,Electronics,US,8.0,0.10697476695413836,0.12827449963978327,0,1
8118,440,25.19599293531937,POS,Clothing,UK,14.0,0.04478341890344305,0.05030143033278341,0,1
5128,161,18.989981755467376,ATM,Clothing,UK,9.0,0.04185480075508679,0.32733581897950875,0,1
8444,951,419.43143151185353,QR,Clothing,DE,21.0,0.03869895121649777,0.21671004248599018,0,1
8408,514,526.687806178653,ATM,Food,DE,14.0,0.25315828739370344,0.3121213704363754,0,1
1825,960,76.65878350757816,QR,Food,FR,22.0,0.24925262647927107,0.02969396769546706,0,1
2469,730,353.37129520066225,Online,Clothing,US,20.0,0.8523721978459993,0.11597801478211325,0,1
6649,804,0.0,POS,Electronics,FR,7.0,0.3007421302164769,0.07066319395828419,0,1
8556,537,190.41228808215044,POS,Food,FR,19.0,0.277916237859406,0.35327977579224695,0,1
6384,228,33.53480833596252,ATM,Travel,FR,23.0,0.14088676289218868,0.1847740327992248,0,1
6369,20,246.28385436305058,POS,Clothing,UK,22.0,0.07180610158514593,0.2013653441065818,0,1
4823,272,424.22658611842377,POS,Travel,TR,23.0,0.2513768634674332,0.10884551025342674,0,1
4339,827,22.025230515882257,QR,Food,FR,18.0,0.2422736124720716,0.25684335900108635,0,1
5297,266,147.16133429263854,ATM,Clothing,TR,11.0,0.1166940714997704,0.11799057639980369,0,1
2647,951,46.95013943419469,ATM,Electronics,UK,7.0,0.7424091335251357,0.10618269556592931,0,1
9864,972,13.48511106754919,ATM,Food,US,16.0,0.41429826949668586,0.6070850912375901,0,1
9790,95,339.3938856967327,ATM,Clothing,FR,5.0,0.24503126624649252,0.32183282058429297,0,1
8595,760,61.43144260676107,QR,Grocery,FR,17.0,0.13018665399609597,0.32675586151945507,0,1
5823,657,11.501254868193872,QR,Grocery,FR,4.0,0.049024619704825134,0.06688290789179029,0,1
318,215,351.5630620026136,ATM,Travel,TR,20.0,0.1599957640291402,0.2212177335837205,0,1
438,752,189.99994468926002,QR,Electronics,TR,11.0,0.2822772853784412,0.26366383159006185,0,1
1723,432,8.338096097261207,POS,Food,UK,18.0,0.04282822858095593,0.03728316053317381,0,1
9423,113,321.7666103614308,QR,Grocery,US,22.0,0.3490169395923652,0.06548968999371771,0,1
8007,804,33.833314252748316,POS,Clothing,TR,15.0,0.011966961059186917,0.014577261344357766,0,1
4401,415,155.96983607204692,POS,Electronics,UK,21.0,0.1959100128289657,0.3246401698202556,0,1
3728,675,754.2573777246355,ATM,Food,UK,20.0,0.4917097378597799,0.38524370312405254,0,1
5625,849,194.7355267312855,QR,Food,US,2.0,0.3750106555793316,0.2462311977939428,0,1
5786,451,174.44906862062697,ATM,Travel,UK,6.0,0.6022564139157278,0.14237603185797976,0,1
1989,916,59.78762457129886,Online,Clothing,DE,7.0,0.2631315693059776,0.06721927233828116,0,1
5530,685,102.67087547310078,QR,Clothing,DE,20.0,0.5200988433100214,0.19046133325096776,0,1
276,63,93.32117811508442,ATM,Electronics,US,13.0,0.10181254617503202,0.21633742099646439,0,1
298,564,75.78621775671662,QR,Travel,TR,8.0,0.06220855148550622,0.057451449602721215,0,1
5058,641,7.6268767540487294,Online,Grocery,FR,4.0,0.13521109747076443,0.4365113147652852,0,1
4608,723,15.469236534100343,QR,Electronics,FR,19.0,0.20051433090611875,0.15163716891550968,0,1
6443,438,266.35357976540445,QR,Travel,TR,3.0,0.5149773238402349,0.25045539933004163,0,1
930,806,33.12970861138167,POS,Food,UK,22.0,0.4729169739339783,0.24760756558563612,0,1
2735,654,0.0,ATM,Electronics,FR,10.0,0.057149908118558065,0.05616576971701727,0,1
6552,627,99.1332514627322,POS,Travel,DE,12.0,0.05604265888597012,0.12690471927112248,0,1
4426,498,300.25957776224453,POS,Electronics,UK,23.0,0.35025088033838625,0.05953419849132177,0,1
5813,984,68.94516660122795,QR,Food,TR,14.0,0.2387469003887139,0.38251258735449717,0,1
2505,539,37.84629853051443,ATM,Travel,FR,16.0,0.44615044730146847,0.07838616607635715,0,1
1998,712,426.8296158285093,QR,Food,FR,5.0,0.21264571041442853,0.1677311795372566,0,1
3766,343,13.918794810154692,POS,Food,TR,15.0,0.04151213035942594,0.2933309225301941,0,1
3663,395,226.28918506831982,Online,Electronics,FR,15.0,0.33781775400017144,0.03944148608747173,0,1
1155,445,10.911822412517749,Online,Travel,FR,22.0,0.023417306832748414,0.2680056092848653,0,1
5326,272,13.643365867402629,POS,Travel,TR,3.0,0.049395149022428274,0.09696148740379962,0,1
4660,980,534.4151568807363,POS,Grocery,UK,19.0,0.07641451745793877,0.2469297149716726,0,1
3431,359,282.6761856656743,ATM,Electronics,UK,13.0,0.3199763013849762,0.07826749330218627,0,1
7984,605,301.11622230772844,ATM,Grocery,FR,6.0,0.10113619867346962,0.17655541917034784,0,1
4315,626,73.60079817733167,ATM,Food,US,11.0,0.17559971083780457,0.03851074331734268,0,1
3306,422,84.1520986977727,ATM,Food,TR,19.0,0.19160555058948936,0.06707800717568498,0,1
6236,725,212.62014249174385,Online,Clothing,UK,10.0,0.32778755393804376,0.13571758480591617,0,1
1674,51,160.23452492630298,ATM,Food,FR,15.0,0.06803606798842854,0.14893622427561223,0,1
3999,186,51.05692177685063,QR,Electronics,UK,16.0,0.1068844162001738,0.2236016827979121,0,1
5772,613,83.16051983464865,POS,Electronics,TR,19.0,0.18902686561214427,0.04798325488230479,0,1
5520,92,98.82947821517469,ATM,Electronics,FR,15.0,0.3185011161441868,0.23630545390515748,0,1
8021,421,31.3542328704451,ATM,Grocery,UK,20.0,0.10448757382640819,0.2513959990373636,0,1
4239,385,14.35887985958879,ATM,Travel,DE,12.0,0.3241576739980135,0.2689745803934318,0,1
8453,923,180.46905597473585,ATM,Clothing,UK,17.0,0.16194045120606607,0.16373983167623132,0,1
4384,904,33.287837466580726,QR,Grocery,UK,6.0,0.12693507017813416,0.039566846235391716,1,1
292,238,30.568034021756723,Online,Clothing,TR,20.0,0.21520734101967876,0.037823238873379815,0,1
9596,718,0.0,QR,Food,FR,23.0,0.13826093456190602,0.13365649086915593,0,1
7949,381,27.398306629565038,QR,Travel,UK,22.0,0.2782214493639178,0.38935048250647764,0,1
9394,78,38.849554366263035,QR,Grocery,TR,20.0,0.12821243278315822,0.23519129432038346,0,1
3707,935,52.10895186840214,Online,Grocery,FR,15.0,0.4217561665349027,0.3183207250061774,0,1
7650,312,195.1478583551975,ATM,Grocery,US,20.0,0.19970315999407545,0.08577990832230795,0,1
2303,86,271.2080107307173,Online,Travel,US,18.0,0.510403291063501,1.0,0,1
2575,115,226.56675098152937,Online,Clothing,DE,18.0,0.3904496928369401,0.15033829835589946,0,1
9808,733,89.64947845810931,ATM,Travel,FR,14.0,0.19156659097778495,0.07446874097355721,0,1
5264,891,114.7474121513846,ATM,Travel,FR,8.0,0.14790372007323954,0.31628030556475756,0,1
1844,559,53.59203274048,ATM,Food,UK,16.0,0.14325230208030423,0.12667164286130966,0,1
8074,961,2.480276554119305,POS,Grocery,TR,22.0,0.014147550654400362,0.025392874298698877,0,1
8480,6,415.6285450709595,QR,Travel,US,13.0,0.3015474973119986,0.4825616768840891,0,1
4133,893,154.65919901960447,POS,Travel,TR,14.0,0.16719706293501738,0.07598080052817748,0,1
4713,601,172.30881608165035,ATM,Travel,TR,18.0,0.3873453888527042,0.09216404607164536,0,1
5886,68,70.84627838131036,ATM,Travel,US,12.0,0.16881025882659595,0.12167730415349193,0,1
9618,726,48.39505345683896,Online,Food,FR,20.0,0.4268180513312244,0.33360083028320325,0,1
126,556,397.2563712758444,Online,Electronics,US,11.0,0.13995991957859114,0.25422101871532204,0,1
7308,692,442.58826703447176,Online,Grocery,US,15.0,0.06301965708680982,0.048541316928694074,0,1
2594,268,258.38131747160315,POS,Travel,DE,15.0,0.18538421717609013,0.09293711991051509,0,1
2212,321,333.313949598629,POS,Grocery,US,14.0,0.7156135411076437,0.47409363440568153,0,1
6910,889,206.9483036771818,QR,Clothing,FR,20.0,0.16630354447662415,0.12727926013667956,0,1
8970,225,378.70469488158784,POS,Clothing,DE,23.0,0.015372255236948714,0.06781766869765934,0,1
1358,162,307.77462685686754,POS,Travel,DE,21.0,0.09426416468996975,0.3665829758600313,0,1
2330,545,224.8647493250112,POS,Grocery,TR,13.0,0.03612749425251065,0.06465507211276897,0,1
3956,96,17.745577196427096,POS,Grocery,UK,23.0,0.1568395331244952,0.2465255340684794,0,1
906,380,141.21525964742878,ATM,Travel,US,4.0,0.4207451722006383,0.3121504058752559,0,1
9561,746,56.065171173712486,Online,Clothing,US,10.0,0.1459693968502542,0.1197948807840248,0,1
9043,200,48.48856711905302,POS,Clothing,UK,19.0,0.054268757159342026,0.10754232228125683,0,1
6328,716,43.3313042514984,ATM,Grocery,UK,5.0,0.5902934217222241,0.1476009817391277,0,1
4835,575,174.2935914511053,Online,Food,US,18.0,0.2242135659226204,0.10284882244425167,1,1
3088,716,121.66828499576715,QR,Food,DE,3.0,0.036971314811225967,0.13389778876894368,0,1
973,958,349.3291146103942,POS,Food,DE,5.0,0.009621753747939303,0.05850754772354255,0,1
9661,693,533.8191284584569,POS,Clothing,FR,6.0,0.13713367118785008,0.0156908065500241,0,1
2632,185,13.830724724436365,Online,Clothing,DE,12.0,0.08280039486572104,0.024501588165296958,0,1
8894,391,115.92474898308545,QR,Food,UK,19.0,0.05387731284812632,0.1266901215271803,0,1
5692,240,381.5912996551876,ATM,Electronics,TR,21.0,0.1508985947866651,0.10844489683813818,0,1
9848,671,71.68932174895919,ATM,Electronics,US,12.0,0.23135643200069692,0.20094249227979508,0,1
4090,775,83.37427526555368,ATM,Electronics,US,15.0,0.0949678153619582,0.3512011840745665,0,1
6020,825,205.41770318463358,ATM,Electronics,DE,20.0,0.08294462550485177,0.23882457765549847,0,1
308,885,8.516932157826474,QR,Grocery,FR,22.0,0.02175382220363637,0.11239372206195711,0,1
8140,529,214.99881314542185,QR,Travel,DE,21.0,0.30435756400202596,0.08387640810358758,0,1
4534,966,320.56000582338015,Online,Electronics,US,8.0,0.12152193142972573,0.19784070736682768,0,1
679,997,474.42609953443844,QR,Clothing,TR,22.0,0.07770446208808653,0.3779641006293086,0,1
1170,420,105.33720854855187,POS,Food,TR,20.0,0.5212108211566437,0.21307723659759403,1,1
8743,339,46.19445073460464,QR,Electronics,TR,17.0,0.01614037262731893,0.242824655091845,0,1
3767,323,3.7869034627598217,ATM,Electronics,TR,21.0,0.03388255326390613,0.007903687298058624,0,1
1721,507,63.89613537252417,Online,Grocery,US,21.0,0.06951608952975988,0.01732205851598219,0,1
5617,935,874.3043988786851,POS,Food,UK,20.0,0.2673666828442444,0.2565905691502579,0,1
1386,453,2.003774745061567,Online,Clothing,FR,12.0,0.06337936662623816,0.046884957327766666,0,1
8752,531,35.55702861535066,ATM,Clothing,DE,20.0,0.29612148024203966,0.023542678044782484,0,1
7535,731,24.1454136170032,POS,Clothing,UK,13.0,0.09406456360751617,0.19741227777437842,0,1
5827,932,135.0387005943698,QR,Grocery,FR,8.0,0.16549861480214675,0.393654889517388,0,1
3910,227,5.435124347547172,ATM,Clothing,TR,18.0,0.017576418344857667,0.07902450821551854,0,1
2761,702,527.1920298219776,Online,Electronics,DE,10.0,0.09629987330648455,0.11914227930666507,0,1
2969,921,11.996542267483893,Online,Electronics,FR,8.0,0.016928993099512384,0.029622208777639596,0,1
4013,363,90.63127352603468,QR,Grocery,TR,22.0,0.029749715209805024,0.32898301721736584,0,1
5413,380,246.3566716658327,Online,Grocery,UK,12.0,0.4170088741407793,0.3283148106788582,0,1
4240,738,663.8995567009853,QR,Grocery,NG,21.0,0.0434169104859575,0.03228775169052256,0,1
3705,658,187.99777432537917,Online,Food,FR,17.0,0.2692143315068553,0.15373257671092927,0,1
3658,537,13.63537874221877,QR,Grocery,TR,19.0,0.08092489616284625,0.11076749399835191,0,1
9905,258,640.9337028586153,POS,Travel,TR,4.0,0.09528235249697799,0.21519885182877968,0,1
320,248,175.9818187283731,QR,Grocery,TR,18.0,0.1076679578698933,0.30887504320590486,0,1
415,800,145.42778665995243,QR,Clothing,US,23.0,0.24033022858546949,0.40805480275116185,0,1
4236,273,220.53233020797325,ATM,Clothing,TR,3.0,0.23267185195128615,0.10866797499148664,0,1
1105,339,45.25131500746929,Online,Clothing,DE,13.0,0.16751372499015244,0.05013887999588643,0,1
2844,323,55.300357832413304,QR,Grocery,UK,12.0,0.3980346920794711,0.06059544136800976,0,1
4895,813,92.69518441799384,Online,Clothing,US,11.0,0.24731681775899356,0.05201982146278216,0,1
7279,741,62.27984128568176,QR,Electronics,US,20.0,0.4213162435849009,0.045641033837671915,0,1
7711,403,34.430172171525044,POS,Food,TR,16.0,0.027027381086670684,0.12866434991632375,0,1
3725,980,7.5864352418831515,Online,Clothing,DE,22.0,0.030790550072278877,0.050198697822279106,0,1
1164,636,44.0952772082121,POS,Grocery,UK,15.0,0.1778548194102333,0.13821712921062917,0,1
1157,762,28.716006743612194,ATM,Travel,FR,6.0,0.1498650392837374,0.09028798702926344,0,1
2429,421,220.72653300049637,QR,Grocery,TR,15.0,0.5614805230739216,0.052018317144337675,1,1
5712,638,177.96214075876549,Online,Travel,UK,18.0,0.1975302329069354,0.09338189313054766,0,1
2336,500,114.00914877349133,POS,Travel,UK,14.0,0.10861832978682856,0.036393695545876265,0,1
8787,648,52.86845240178107,QR,Electronics,DE,8.0,0.14264051147854775,0.18492487115469375,0,1
738,680,194.98192306901038,Online,Clothing,UK,10.0,0.22109129461917792,0.019175440313052627,0,1
1401,760,2.864640492777001,QR,Clothing,TR,11.0,0.04632146552537795,0.14412645825525108,0,1
8208,142,545.520097784069,QR,Electronics,US,7.0,0.11806709608481432,0.65082680649411,0,1
6599,420,56.36856604820403,ATM,Clothing,US,10.0,0.06517617285174346,0.08946081040741101,0,1
3166,812,417.3225079514916,POS,Food,TR,20.0,0.07284268853715395,0.1144980164068429,0,1
6552,173,136.96932408950263,ATM,Electronics,DE,9.0,0.1945489475742618,0.364568566284257,0,1
8183,0,455.05404583572124,POS,Grocery,NG,10.0,0.15184591760951868,0.06502752279963865,0,1
4494,169,36.22425141842301,QR,Food,TR,9.0,0.0220902999978091,0.14538085146770502,0,1
726,930,0.0,POS,Clothing,US,20.0,0.015461292234866541,0.022069101619319468,0,1
4595,868,13.090145057333164,Online,Grocery,FR,12.0,0.06626781378230628,0.299275237400973,0,1
3335,251,99.61793834460133,POS,Electronics,FR,3.0,0.10340815825092206,0.2625432666803891,0,1
1329,640,554.5557890277813,Online,Clothing,UK,16.0,0.34284767748732187,0.2816380595202907,0,1
9545,832,25.85635204102893,POS,Travel,US,8.0,0.04463182128344704,0.34261006356408896,0,1
8319,599,75.9276226147509,POS,Electronics,DE,18.0,0.14167727575933156,0.10449865344660972,0,1
3559,753,135.1460033918858,ATM,Electronics,TR,20.0,0.32118104480928616,0.17195562929902525,0,1
6575,657,80.8859648731455,QR,Travel,UK,8.0,0.3854596516310117,0.1199088077460477,0,1
7053,438,159.0663614974413,Online,Food,TR,9.0,0.1850818644779107,0.1020105145425651,0,1
2040,129,342.08175637711895,POS,Food,NG,17.0,0.2169125026233536,0.24679102829546679,0,1
8119,987,36.048568958839546,ATM,Grocery,FR,9.0,0.09749060570268149,0.1950398263148957,0,1
9059,842,263.42355302767123,QR,Clothing,TR,21.0,0.4162659056329307,0.2532451356761382,0,1
2081,722,333.8072945318916,POS,Food,US,19.0,0.036521992332391846,0.5814767735065055,0,1
8715,629,89.27780309383019,Online,Travel,DE,13.0,0.0782573287698612,0.22855913761802552,0,1
9650,520,186.97950465002245,QR,Electronics,FR,7.0,0.09736844218813043,0.05419704242259507,0,1
4833,220,522.8889880679932,Online,Electronics,TR,22.0,0.13432605498946254,0.08993939322822993,0,1
1949,886,27.80285428057859,POS,Food,FR,15.0,0.13706198626557306,0.3236263318747479,0,1
2796,266,154.71801428929405,Online,Electronics,TR,8.0,0.30272615732786395,0.20939537902433034,0,1
6402,656,251.2461785300913,Online,Clothing,US,21.0,0.20269671569601025,0.21124036988996858,0,1
9310,600,50.34443589064725,POS,Travel,FR,12.0,0.3488750466220225,0.15900070642969796,0,1
4155,393,72.36417693788445,ATM,Electronics,TR,18.0,0.3231531634260601,0.10504204884882518,0,1
2671,359,291.88505605918573,QR,Electronics,FR,11.0,0.13019335219921094,0.05777096898014339,0,1
9917,883,97.96254541343494,QR,Travel,US,13.0,0.2804315989875244,0.40931508081777007,0,1
559,915,162.42414248577148,ATM,Food,UK,13.0,0.024823328915352556,0.14741513617171692,0,1
6178,162,98.55834351825965,POS,Electronics,US,15.0,0.11477902188218542,0.009781422162391102,0,1
7338,95,220.62118907536026,ATM,Food,DE,7.0,0.07621697422079166,0.12311236308705413,0,1
8902,318,102.69596830123568,QR,Food,TR,14.0,0.16142637451578784,0.2283248355529755,0,1
7378,386,23.090108200642767,ATM,Electronics,US,19.0,0.14801687092911914,0.24508749258313783,0,1
4267,896,6.533501632706162,QR,Travel,UK,21.0,0.04078962842405938,0.16773368259734078,0,1
9977,680,49.81636876755287,ATM,Travel,DE,20.0,0.24587093397301354,0.16251158288637077,0,1
5677,252,16.678256138291232,Online,Electronics,US,10.0,0.06604597468568923,0.30121318050582946,0,1
6665,686,17.0536890456065,QR,Grocery,FR,12.0,0.015005252256249135,0.10875656250711813,0,1
5585,802,563.7631109970921,ATM,Food,FR,12.0,0.17820270762365517,0.16168910162725525,0,1
8770,663,84.19134246564253,ATM,Clothing,UK,18.0,0.0848356712300101,0.07945583231826926,0,1
2296,711,250.46123041141973,ATM,Clothing,US,21.0,0.04071376439964971,0.37543425024084687,0,1
6372,794,6.625488211255551,ATM,Grocery,DE,11.0,0.212942144568726,0.15437719364370459,0,1
6156,550,7.485223044047755,QR,Electronics,US,3.0,0.0716729403602506,0.09846586658669935,0,1
6861,732,39.222666346222574,ATM,Travel,TR,13.0,0.07205992882569942,0.0906126636751622,0,1
6486,988,45.661124580711835,POS,Grocery,TR,23.0,0.49595124611061453,0.03515251360091349,0,1
1400,543,214.22208578667255,ATM,Travel,DE,17.0,0.2595908771130231,0.44500051715946365,0,1
200,234,499.64047270702474,POS,Food,US,23.0,0.17005373336870086,0.22408327001539577,0,1
5142,149,141.0819777697128,ATM,Food,FR,18.0,0.07025100210500365,0.012961444502187692,0,1
6185,633,7.9803920710573095,QR,Electronics,TR,15.0,0.09226965006615118,0.21295482501461266,0,1
1840,851,20.225868991512282,POS,Grocery,TR,12.0,0.11918529551926972,0.028157921823184627,0,1
1002,688,173.0025461105204,ATM,Grocery,FR,9.0,0.05527818428636259,0.09168621244915842,0,1
4874,100,71.82866307128273,QR,Food,DE,6.0,0.133706460927181,0.14383495438123786,0,1
3524,838,535.2924699894348,POS,Electronics,UK,20.0,0.15529204655611917,0.23457397067589558,0,1
2961,312,215.08998325913993,POS,Food,FR,22.0,0.3674987744510627,0.2672821759528825,1,1
8856,194,18.832486819059106,Online,Clothing,FR,11.0,0.18783287680383756,0.14301102103133562,0,1
1218,953,280.66166374419294,ATM,Travel,US,17.0,0.2330622613698389,0.2662354870777928,0,1
4746,131,241.64216156639276,POS,Grocery,US,13.0,0.13899095511983994,0.5714102491318663,0,1
4579,211,73.37221626639986,QR,Food,DE,21.0,0.31958659042881693,0.3372211526193916,1,1
8451,46,108.223443994369,QR,Travel,TR,11.0,0.19176024958540905,0.1648700365807071,0,1
3086,584,138.4444027703084,ATM,Food,US,4.0,0.13075582190032528,0.08519051690463378,0,1
5992,645,10.63821884624516,ATM,Grocery,DE,20.0,0.16964675146954206,0.024637356304976814,0,1
3378,266,61.58260010483752,QR,Food,UK,20.0,0.2218723532842399,0.4538089802737254,0,1
7303,318,10.42480508806522,Online,Grocery,US,20.0,0.01592698777554545,0.007834885006887053,0,1
5982,944,391.42833858833495,Online,Electronics,US,12.0,0.16633344711255602,0.0761128550334653,0,1
9386,235,1109.534441263506,ATM,Clothing,US,12.0,0.12737801472264032,0.3342916189745335,0,1
9304,865,577.6987734834017,QR,Grocery,UK,21.0,0.16675587113620552,0.3110392665431774,0,1
8315,236,271.6206877016954,Online,Clothing,UK,6.0,0.10327605522059699,0.38108474269129017,0,1
1461,153,186.9824684819142,QR,Clothing,TR,7.0,0.1294504136649869,0.2158181917146828,1,1
400,282,176.50204000041808,ATM,Clothing,FR,8.0,0.0997013383159735,0.05358062748982289,0,1
2636,969,202.89983017950365,Online,Grocery,US,1.0,0.21498810478442829,0.05274957410393944,0,1
5072,648,256.76766771683776,POS,Clothing,FR,22.0,0.21028928188198892,0.08671326888532738,0,1
8156,224,226.4241178153697,Online,Grocery,DE,23.0,0.4910464594102935,0.25037258097280607,0,1
6642,385,323.0516846120899,POS,Electronics,TR,20.0,0.20195292696238268,0.20745512619386672,0,1
3145,235,18.901641857535786,ATM,Travel,DE,15.0,0.0694149510071334,0.2505779290552211,0,1
8997,242,152.96251151264937,POS,Grocery,TR,13.0,0.14453679804002284,0.1274608210358291,0,1
9566,718,92.73217306355339,QR,Travel,FR,3.0,0.1693839596751569,0.12465546562446125,0,1
6747,725,25.962803785418448,ATM,Food,US,21.0,0.12867248325911118,0.1817078231325815,0,1
5550,737,55.185540038933624,POS,Electronics,UK,5.0,0.1052033903541059,0.03271534946152965,0,1
4064,636,5.576404458981128,Online,Grocery,FR,21.0,0.09057015425142702,0.10232621061126235,0,1
9458,825,46.296748927980126,QR,Clothing,DE,20.0,0.04760187657783706,0.11606069631763483,0,1
6581,572,165.6833329132974,ATM,Grocery,TR,20.0,0.23219356491301676,0.18393782645814474,0,1
7284,562,45.37111633605801,QR,Food,DE,23.0,0.1304438016986563,0.12403746460201868,0,1
8925,826,48.94689001697824,QR,Clothing,DE,21.0,0.13079425239354758,0.0594960851713283,0,1
2626,433,267.5301498760587,POS,Clothing,US,14.0,0.5126146965116601,0.06303649798925,0,1
8312,208,419.81029220983106,ATM,Clothing,US,18.0,0.32806832276660913,0.1841874321769124,0,1
4076,793,721.4382337747645,ATM,Clothing,DE,8.0,0.9577696221674604,0.32352215889451386,1,1
9471,782,0.745010883514218,QR,Travel,NG,14.0,0.28758050344339614,0.13809117699308923,0,1
392,816,276.93085696462,POS,Travel,UK,17.0,0.07389826879300793,0.012670394938481794,0,1
2530,993,35.282220393758564,ATM,Travel,US,13.0,0.1245746742885291,0.14730616544855665,0,1
3670,154,34.41126879996895,ATM,Electronics,US,10.0,0.20690767782695657,0.27009772537933274,0,1
2544,388,111.8087152773295,Online,Clothing,UK,20.0,0.2437299893714855,0.34582439988350067,0,1
6157,216,102.1882315430541,POS,Clothing,FR,9.0,0.10470177990931359,0.3962731865218475,0,1
7052,185,137.80627560257818,ATM,Grocery,FR,16.0,0.18276062516269687,0.25393829585860106,0,1
8732,727,34.455179655330895,ATM,Clothing,TR,12.0,0.21782719905188666,0.11738231168609295,1,1
8596,489,308.92485694827076,POS,Food,UK,16.0,0.1351346643178456,0.17389840307019408,0,1
8392,283,101.25101634276525,Online,Electronics,US,20.0,0.10091048585918512,0.11354076806487771,0,1
6890,668,462.99372893355627,POS,Food,FR,20.0,0.4629061066188495,0.41705400371651685,0,1
5989,382,172.8952402914565,Online,Food,FR,23.0,0.29032146110178847,0.5533939662871252,0,1
5487,561,67.16494878581005,ATM,Food,FR,9.0,0.01440629238226776,0.019002158597107466,0,1
4154,865,5.774709965895254,QR,Grocery,FR,5.0,0.6216405742632063,0.13191294153006516,0,1
1965,831,28.071901638467335,Online,Travel,DE,11.0,0.2755866526565127,0.22316684385746585,0,1
6812,507,142.5084965839246,POS,Travel,FR,21.0,0.19809498072215478,0.06665788985651169,0,1
40,760,101.03542368431158,POS,Grocery,US,7.0,0.1689255931364378,0.2986011948485368,0,1
3665,911,221.38155864969835,QR,Clothing,US,10.0,0.26695330947628937,0.16571297928241616,0,1
3011,181,182.66087419250155,Online,Grocery,DE,10.0,0.15072315388750757,0.10362699494471918,0,1
7954,946,174.63838715945755,Online,Grocery,DE,2.0,0.12710254061623408,0.03756862996430928,0,1
2799,701,301.8368914608679,POS,Travel,TR,18.0,0.08009850549508905,0.10590145482767423,1,1
1685,678,519.5457937132485,QR,Clothing,TR,20.0,0.21264560592592113,0.23363311244000035,0,1
2966,891,156.18208740610382,QR,Electronics,NG,11.0,0.18254171448191142,0.1396018834692722,0,1
5741,25,47.67425842666703,Online,Food,TR,23.0,0.12923724694151872,0.3089352483492254,0,1
8995,12,799.9361933304542,ATM,Grocery,UK,19.0,0.2998514646410663,0.08822450230560633,0,1
5045,449,0.12098775684984764,ATM,Grocery,UK,20.0,0.12044899833576575,0.5057920847511304,1,1
840,627,311.34985388567213,ATM,Travel,DE,20.0,0.29414237027705403,0.10039615682599261,0,1
963,984,65.47002311927638,Online,Travel,UK,20.0,0.12450837122797458,0.07139511162573674,0,1
9319,395,92.70697907724345,POS,Electronics,TR,19.0,0.34326142051946057,0.15231351420010147,0,1
3748,318,180.81115799976283,QR,Grocery,FR,4.0,0.23206496686014083,0.26286064087192657,0,1
3818,83,25.171903737488357,ATM,Travel,US,11.0,0.15734590823656644,0.2677630166332999,0,1
3427,363,88.94258518950058,QR,Clothing,NG,19.0,0.31551395636534824,0.5391447407742003,0,1
2133,689,20.99671704782878,Online,Electronics,US,15.0,0.08791107223102351,0.1903526111427609,0,1
5165,157,14.438052105512659,QR,Electronics,US,19.0,0.08905056537710522,0.14756121843292658,0,1
5092,334,165.28919181168595,Online,Grocery,FR,18.0,0.20330843806878507,0.2286396607530242,0,1
9044,875,962.8652257469739,QR,Electronics,UK,21.0,0.37215565909842674,0.40905389816756016,0,1
1963,540,66.16700340439027,Online,Travel,US,14.0,0.15346710997116034,0.37958084189580854,0,1
1241,798,51.72175733605417,Online,Food,TR,23.0,0.040972296348181496,0.04390390392868418,0,1
6190,746,112.01371663301347,Online,Food,UK,18.0,0.2626653671572543,0.4947735758894358,0,1
5096,644,14.062583141243268,ATM,Grocery,UK,15.0,0.1373896313426762,0.17017793755415048,0,1
3034,707,187.61824928188574,QR,Clothing,US,22.0,0.2280224239640432,0.048752355690686824,0,1
9695,291,6.924855117386666,QR,Travel,DE,9.0,0.16001997893671524,0.357363065786862,0,1
7402,51,84.71055896614972,QR,Electronics,FR,14.0,0.36973610420986514,0.2026022864902376,0,1
6471,713,75.11293476071447,ATM,Clothing,FR,20.0,0.29559093488923366,0.06544402801405776,0,1
670,463,34.618594432822064,ATM,Electronics,FR,23.0,0.07437536088712561,0.017430747510830725,0,1
4375,403,83.5489574030684,ATM,Food,US,15.0,0.13142557064068458,0.22421737866616687,0,1
5204,155,3.324831390372349,ATM,Electronics,FR,16.0,0.19170884417311226,0.1146568822756893,0,1
1485,180,175.0200749150738,POS,Clothing,DE,2.0,0.11315863451667811,0.11977742447162279,0,1
8805,830,14.005515789853238,QR,Food,UK,15.0,0.21215134291225457,0.10731144217314213,0,1
9464,74,133.01216815022315,ATM,Clothing,TR,22.0,0.17816593619598764,0.24241859888058828,0,1
5727,50,8.296565397689863,POS,Electronics,FR,13.0,0.19076741079866696,0.054351799175254685,0,1
2458,494,42.58215631453716,POS,Clothing,UK,22.0,0.08265122787109368,0.10697948862913753,0,1
6043,743,338.2707768911888,POS,Food,FR,20.0,0.17866829234831205,0.10724664809102687,0,1
3335,987,136.15982308306596,QR,Travel,UK,19.0,0.07022231277424232,0.10077972199199489,1,1
9494,368,18.349069283924617,Online,Food,DE,20.0,0.10508145980922583,0.0863222890974017,0,1
9782,507,293.531262716419,ATM,Grocery,DE,15.0,0.11191660139327658,0.09331314535464719,0,1
163,388,359.88581140410304,POS,Food,US,14.0,0.12344441655797034,0.27388427772340374,0,1
9845,522,117.88987154431199,QR,Food,DE,14.0,0.1615340943311943,0.09023809495133628,0,1
770,630,150.82431307546142,Online,Grocery,US,18.0,0.0186351020998625,0.2012360313843635,0,1
7173,657,64.21829237457689,POS,Electronics,US,19.0,0.09604983816854426,0.11573475320282962,0,1
3046,797,52.87548169501829,Online,Clothing,US,11.0,0.21455508765435835,0.21465500585268463,0,1
4040,198,134.7286137734533,QR,Clothing,FR,13.0,0.10664029605410716,0.37697948063374936,0,1
208,282,422.83679071884876,QR,Travel,UK,22.0,0.32497523743218887,0.08611777550338297,0,1
9777,286,158.93849678954496,QR,Food,TR,8.0,0.07771143413687784,0.09038554480282249,0,1
9871,609,25.411734325694635,ATM,Electronics,DE,16.0,0.10073703990256654,0.07221273809219686,0,1
5963,114,9.184988957392349,ATM,Electronics,FR,23.0,0.06719758232229618,0.06830619019417065,0,1
8839,833,83.15750002997801,ATM,Clothing,US,18.0,0.023475654912797524,0.0386965810768202,0,1
545,297,229.00485237667868,ATM,Travel,TR,11.0,0.08520312034253927,0.443390370835625,0,1
6771,534,105.78236013091717,POS,Electronics,DE,16.0,0.20378636219504623,0.13623417350039313,0,1
7409,941,4.454011013362424,ATM,Travel,UK,14.0,0.05604656123160112,0.12839365872896932,0,1
7995,590,43.44023365881759,POS,Electronics,UK,15.0,0.2212815282341107,0.0636045447782282,0,1
2612,156,2.0757653811097567,ATM,Food,TR,23.0,0.1926866450651591,0.4288684175164369,0,1
301,731,92.36120203845256,QR,Grocery,FR,4.0,0.22043107166599218,0.5516232746119839,0,1
866,7,117.58177225938417,ATM,Grocery,TR,22.0,0.17262057872626152,0.12446665927843653,0,1
547,857,32.09800857962417,QR,Grocery,US,13.0,0.03918538039208366,0.04223993781502039,0,1
7112,988,48.0839426873503,Online,Electronics,TR,13.0,0.17941922979177255,0.12490649035505437,0,1
5839,528,630.7172837100106,Online,Clothing,DE,13.0,0.5028451667540745,0.9250826391290178,1,1
3400,53,33.89832218691757,Online,Grocery,FR,21.0,0.13829703477682578,0.04964839825731076,1,1
8757,186,172.36297194015492,ATM,Grocery,UK,23.0,0.16136910062383475,0.30952618857720504,0,1
9011,150,16.036248630252047,POS,Electronics,DE,11.0,0.1113662496076029,0.40219770612561045,0,1
6727,611,5.025204398922277,Online,Grocery,US,16.0,0.034731414458599105,0.08743434746576667,0,1
740,949,646.3129259338009,Online,Electronics,UK,22.0,0.08474440033987848,0.3533028062979873,0,1
9294,886,31.058003025840833,Online,Electronics,US,22.0,0.07892261793021378,0.3950861112728279,0,1
8449,392,25.2178682742976,POS,Food,TR,19.0,0.05371232108179038,0.13757892736134808,0,1
861,75,0.0,POS,Grocery,UK,19.0,0.029051781626258242,0.03451080700522287,0,1
8070,551,247.45224921519073,ATM,Grocery,FR,22.0,0.0977066436533327,0.21089227066215646,0,1
3553,787,389.1858971312875,Online,Electronics,UK,12.0,0.12019036326392263,0.0942921424981149,0,1
6613,160,292.3371341955526,Online,Electronics,DE,10.0,0.027432464471138687,0.3021933307488785,0,1
6922,849,102.39541031034156,ATM,Travel,TR,18.0,0.3696728734358028,0.12749033562136636,0,1
1104,651,318.87156927728967,QR,Travel,DE,9.0,0.019896841020859337,0.14436808129333484,0,1
147,13,71.59440568806883,ATM,Food,US,23.0,0.06825908841003063,0.061993454536121706,0,1
2046,693,232.4488610176578,ATM,Grocery,DE,20.0,0.23126174613687808,0.16431472346434933,0,1
217,838,168.19867601922118,QR,Travel,UK,18.0,0.28078765695083324,0.11377582395141855,0,1
6681,40,13.224342139689712,QR,Travel,TR,21.0,0.10523554562968496,0.04138415771240477,0,1
229,402,145.72241645724426,Online,Electronics,TR,22.0,0.015873359623020306,0.13636913956612468,0,1
622,123,18.933194724450736,ATM,Clothing,FR,13.0,0.05896031406867133,0.18752913984485203,0,1
6294,27,174.76891808491,ATM,Electronics,DE,18.0,0.09900871904532826,0.33513772609843356,0,1
2760,573,52.73751942592014,QR,Travel,FR,22.0,0.03787225409299709,0.09466282639447593,0,1
728,969,69.75622947845751,QR,Travel,FR,22.0,0.3948689627489074,0.501402621616368,0,1
4208,508,39.810924862730694,QR,Food,DE,19.0,0.2285909197948369,0.08406879688374104,0,1
2098,588,32.00141647875108,QR,Electronics,US,10.0,0.04537768038062315,0.18150226239656184,0,1
2805,420,473.7959470952086,ATM,Grocery,US,14.0,0.7299260372423313,0.0446841603325129,0,1
8180,494,1.5792066315723425,Online,Grocery,US,23.0,0.10464387365282285,0.028740164981491585,0,1
5351,573,5.530664100614534,POS,Electronics,TR,12.0,0.21880841359393818,0.16781625890626178,0,1
6669,60,0.0,ATM,Electronics,UK,21.0,0.1168845313625369,0.03927201754254772,0,1
4059,421,50.899484625604416,ATM,Travel,TR,19.0,0.034109992182877386,0.16646068881152545,0,1
1097,807,0.0,ATM,Food,UK,9.0,0.19941444874283176,0.2587394827706553,0,1
2380,6,30.061818733272332,QR,Clothing,TR,18.0,0.05636378387684904,0.18152537082809528,0,1
3810,790,269.20978513556014,ATM,Electronics,TR,18.0,0.22371424020115954,0.1693061111105248,0,1
6839,26,414.4619995654544,Online,Travel,UK,14.0,0.12372801743818755,0.03743008719777567,0,1
2526,121,27.863270735612478,QR,Food,FR,21.0,0.20566789041874506,0.0368754205105607,0,1
8027,657,194.38905817149643,POS,Grocery,DE,22.0,0.11114968509417202,0.3569762994167257,0,1
7296,912,315.6516505688461,QR,Grocery,US,22.0,0.09723725323807342,0.12101480038809262,0,1
7173,800,231.69686786653892,Online,Grocery,TR,7.0,0.06835026188941447,0.01961491663307894,0,1
7978,393,116.3168579168258,ATM,Travel,FR,13.0,0.21088902841286988,0.09343696381423895,1,1
5501,657,125.86646889440166,POS,Clothing,US,22.0,0.4154057615412782,0.06250038715309315,0,1
5136,851,215.41058637466566,ATM,Grocery,TR,18.0,0.0490085299953131,0.01797845932632134,0,1
3081,224,23.68547756514282,POS,Clothing,FR,12.0,0.12206355783419744,0.2550393764917719,0,1
1851,263,0.0,POS,Grocery,DE,13.0,0.06549356450275215,0.11446103407115611,0,1
757,681,123.65297883921043,POS,Food,US,16.0,0.17922623834115467,0.1715000208180643,0,1
2205,953,69.49053617238758,ATM,Electronics,UK,8.0,0.15331735131266022,0.12345686497009813,0,1
7523,411,6.5195785538113284,ATM,Travel,FR,21.0,0.04485868692402162,0.07375092547452848,0,1
5664,949,78.55812137682823,QR,Food,NG,20.0,0.3875393364743587,0.23473687326518436,0,1
2835,104,157.4083390819797,ATM,Travel,TR,15.0,0.10035598478837056,0.10875105707288532,0,1
9890,87,76.41127950641209,QR,Electronics,DE,20.0,0.1454981877927363,0.3552275743432305,1,1
7964,320,129.11138719050697,Online,Clothing,TR,4.0,0.3994876168924571,0.3435146555530499,0,1
1441,993,168.10991001289744,POS,Food,FR,7.0,0.1531286405294001,0.40866067272191353,0,1
2001,869,15.843437607283198,ATM,Grocery,TR,15.0,0.12126455006070239,0.10696352559324727,0,1
6384,153,8.520457274219606,ATM,Grocery,FR,16.0,0.04098021289027715,0.0711259116267553,0,1
4026,92,420.482639366164,Online,Travel,UK,17.0,0.6486619951041174,0.29363586605783804,1,1
7959,722,227.78662311696093,QR,Electronics,UK,11.0,0.3315081780932369,0.4120720233750716,0,1
349,715,139.829471261482,ATM,Travel,UK,14.0,0.085604955522913,0.35076016470599874,0,1
7458,946,358.75423169734677,POS,Electronics,TR,20.0,0.17328011933234252,0.42260965162189396,0,1
2421,546,115.12990355457042,Online,Grocery,TR,7.0,0.06139837798357732,0.07854708337457207,0,1
5380,824,1.9185085401622572,POS,Travel,FR,16.0,0.283460030244048,0.13289763407319907,0,1
475,702,43.16457982830128,ATM,Grocery,FR,23.0,0.028366032852021616,0.045571523238984606,0,1
7995,421,481.38299946490105,ATM,Travel,FR,9.0,0.34004551960453244,0.3787509751637801,0,1
1415,824,181.01505442836307,Online,Food,NG,14.0,0.478059595993755,0.3805085986652275,0,1
3743,655,178.12228648387674,POS,Grocery,US,20.0,0.08578181624203235,0.07993115046804875,0,1
9074,327,0.0,ATM,Clothing,UK,8.0,0.07797557534527232,0.12830944194914762,0,1
3791,425,161.88595018905704,Online,Travel,US,10.0,0.21257698071749606,0.7574333310368071,0,1
3655,560,72.37403710418074,POS,Grocery,FR,18.0,0.10094155906410614,0.22434110941265117,0,1
9690,278,151.85188373948344,POS,Travel,FR,3.0,0.05242227710860393,0.08048125620878493,0,1
2015,729,47.2248773199174,QR,Grocery,FR,15.0,0.1771756168451634,0.12887902865119233,0,1
2090,81,7.846858367524118,ATM,Electronics,DE,22.0,0.15325537781300375,0.09984917707373037,1,1
6804,143,104.34656124855829,Online,Clothing,US,17.0,0.20532793570243543,0.5013903590349186,0,1
2784,696,105.62299194785972,QR,Grocery,US,6.0,0.1202199827604194,0.032207985065506574,0,1
3766,462,9.593666661653472,POS,Clothing,UK,22.0,0.20250576536698833,0.07500134729501748,0,1
6757,539,41.59084753965306,QR,Food,TR,20.0,0.12184891888275448,0.14936679882465415,0,1
8720,728,36.75233722527701,POS,Food,US,13.0,0.12269887303314962,0.1735354121388134,0,1
3411,109,9.911118077759548,POS,Clothing,US,6.0,0.34997603644751774,0.13250035224906812,0,1
2308,499,60.964066724004205,Online,Travel,UK,15.0,0.17963574670542642,0.06220141002034959,1,1
9857,992,288.51786448246986,QR,Grocery,FR,22.0,0.062362533333110697,0.07838445988207955,0,1
6520,663,36.84968862821354,QR,Food,UK,19.0,0.2153366498137895,0.03700162536900797,0,1
2805,184,515.5993425658643,Online,Grocery,FR,20.0,0.14031637110556708,0.10279288805411999,0,1
7956,440,23.643539621660757,ATM,Grocery,FR,6.0,0.04765695495379172,0.07944185450589805,0,1
5910,101,20.19361528665564,POS,Grocery,DE,16.0,0.027694798004899518,0.05986524199135432,0,1
9437,609,92.50496351389353,POS,Travel,US,4.0,0.02467251638557625,0.21081857661150644,0,1
7979,753,107.08150414688664,QR,Travel,TR,17.0,0.08429017655986498,0.054999772510679105,0,1
2244,661,222.75726978751547,ATM,Electronics,DE,5.0,0.10136887720799,0.21128470175198308,0,1
1274,520,102.67530629497006,QR,Food,US,17.0,0.16163824204172203,0.8814036108445298,0,1
7426,720,115.27591564143496,POS,Travel,FR,13.0,0.17127679069477023,0.4057727593702963,0,1
5065,501,109.6048231902191,POS,Food,TR,21.0,0.3145042189570782,0.06571645876743754,0,1
7701,813,648.8948547523389,POS,Food,UK,23.0,0.05282109661363144,0.037627834891052495,0,1
2845,51,24.682278917550608,POS,Clothing,US,22.0,0.11847245582918867,0.0844193358018781,0,1
9480,153,0.0,ATM,Clothing,TR,16.0,0.05176970922314906,0.06361623279939918,0,1
9798,362,39.30443001470376,Online,Electronics,US,6.0,0.27920324137591007,0.4774592297497149,0,1
1023,662,0.0,ATM,Electronics,TR,21.0,0.0350315113034941,0.05882175687343269,1,1
7751,407,21.91713544880612,QR,Travel,DE,21.0,0.012656682191743766,0.27082539541697864,0,1
7687,370,686.6734283862854,Online,Clothing,US,18.0,0.22950956838225248,0.19447855139612258,0,1
6655,856,26.451872190307512,POS,Electronics,US,1.0,0.05338586270429274,0.13160673844706788,0,1
4291,616,114.71278695717983,Online,Electronics,UK,8.0,0.21823685614727642,0.16154878083775132,0,1
399,769,177.95705595611173,POS,Travel,TR,20.0,0.13072323763708,0.018036927847279158,0,1
5531,885,0.0,POS,Grocery,TR,14.0,0.025327627974558696,0.03358496915525651,0,1
229,885,0.5576731933854906,ATM,Clothing,TR,22.0,0.2083085440187106,0.04713131803673096,0,1
5977,594,416.40898779990124,POS,Grocery,US,23.0,0.45153564600234336,0.10100195117145278,1,1
6955,978,434.1415611022521,Online,Food,TR,20.0,0.2740415460820551,0.06737514182441383,0,1
6243,127,14.834255754615283,QR,Grocery,US,17.0,0.18909781948028048,0.07908479088574953,0,1
1939,488,62.392370991537405,POS,Travel,DE,16.0,0.09385052028181771,0.25410133202834134,0,1
381,736,188.84284572965151,POS,Grocery,UK,18.0,0.15916883414167618,0.3222736299910406,0,1
366,222,176.31233988286328,ATM,Travel,UK,6.0,0.6729749211053392,0.3965016605346564,0,1
4322,556,8.25539501926076,POS,Clothing,FR,7.0,0.14197732563199703,0.3633664229114204,0,1
9940,962,198.71161542329673,POS,Travel,US,6.0,0.07606293756823079,0.14517931210583598,0,1
4915,386,188.22814959144765,POS,Food,UK,11.0,0.19552537030606532,0.3181069355758795,0,1
1004,946,57.64369016158038,POS,Travel,FR,15.0,0.16772135926968465,0.07561720443527582,0,1
4713,959,3.970265358281436,Online,Electronics,US,20.0,0.010374496418115905,0.017207513649205596,0,1
4583,339,113.59234824768964,ATM,Electronics,TR,20.0,0.16495836922749116,0.1118517454461485,0,1
5777,270,75.37904351824444,QR,Travel,UK,3.0,0.691985288180388,0.44996057970302017,0,1
356,724,61.135269168964534,ATM,Clothing,DE,6.0,0.2067856447912628,0.2985572204561832,0,1
3959,213,124.8475657728016,POS,Electronics,FR,11.0,0.5045566799176413,0.6074458231129217,0,1
4657,209,405.10449417989435,QR,Grocery,TR,7.0,0.068225422247713,0.1358155768018273,0,1
3090,794,20.479910429853145,POS,Grocery,TR,17.0,0.09779916752864862,0.04354246566384984,0,1
776,129,0.0,POS,Electronics,FR,3.0,0.1927382651153903,0.09200791748508404,0,1
5407,277,224.86510502835105,ATM,Clothing,DE,21.0,0.10981950429794718,0.012161959704980747,0,1
3246,250,153.09151019109348,Online,Food,DE,5.0,0.04596486196949436,0.06063321294918469,0,1
9009,58,147.19472797862082,Online,Food,FR,11.0,0.13716240224298212,0.18321901049428127,0,1
3833,357,152.86662594379698,ATM,Electronics,UK,11.0,0.1362317317505076,0.3583854158119333,0,1
400,908,45.62664691129078,QR,Travel,US,19.0,0.12343458194709925,0.07429570894108616,1,1
1397,789,146.24420881505668,POS,Clothing,UK,21.0,0.12372224253873927,0.020315525883160462,0,1
3810,881,167.07601381199368,ATM,Grocery,DE,18.0,0.2604191342407739,0.1002120404267092,0,1
1497,501,581.8255887383895,ATM,Clothing,UK,6.0,0.13811014375415392,0.1898181034555992,0,1
3660,319,985.6831494754061,QR,Travel,US,17.0,0.14825027055874204,0.4406511585932092,0,1
3976,946,18.894607386106454,QR,Food,UK,20.0,0.026417318353407132,0.05967076779677627,0,1
6964,742,378.0562436507779,Online,Clothing,UK,18.0,0.1644689335680772,0.2816259223093741,0,1
3713,232,24.601030007610497,QR,Travel,US,1.0,0.009161860834692274,0.050590989156655816,0,1
7568,565,15.492308595986522,Online,Electronics,UK,12.0,0.042336002705708586,0.2657135397929505,0,1
2416,168,32.419889654275,Online,Electronics,US,22.0,0.2134308494185316,0.052481699934721904,0,1
3773,958,127.56767810062871,POS,Clothing,UK,19.0,0.015970232467520083,0.07067937781208693,0,1
280,735,57.14620077673984,Online,Grocery,US,1.0,0.37776594899512767,0.11265070759184043,0,1
1470,825,35.27482257128963,QR,Food,TR,14.0,0.02082271504782509,0.026610377039272774,0,1
975,991,365.018905705982,ATM,Grocery,US,11.0,0.07144374642481954,0.023727496999591254,0,1
2274,364,0.0,Online,Clothing,FR,7.0,0.24133836617989607,0.08712657414962718,0,1
4654,972,62.86483100966086,POS,Clothing,UK,18.0,0.2823238512603958,0.143089192920516,0,1
512,902,170.79206156125406,QR,Food,UK,18.0,0.2043827606723703,0.13694394488828857,0,1
3948,553,123.0246949860924,POS,Grocery,UK,5.0,0.34970668255581755,0.15310076438074438,1,1
862,536,114.93447230068483,QR,Travel,US,7.0,0.24163084464122797,0.49934315599655155,0,1
6587,201,236.38851150001085,POS,Electronics,US,20.0,0.18598290170769824,0.3762172898005464,0,1
4757,296,0.9794297430606882,POS,Food,UK,20.0,0.17304336609812157,0.2382501870509274,0,1
851,442,153.71367058180797,POS,Electronics,DE,19.0,0.1526068550465311,0.09964442683539029,0,1
2352,157,89.07653448408573,POS,Food,FR,21.0,0.13689883772217964,0.1244940511285476,0,1
6402,935,55.39504973525601,POS,Food,UK,14.0,0.050836137124543546,0.08263213155908877,0,1
4378,420,696.5665588351518,ATM,Travel,US,13.0,0.04575831480092856,0.05664259145315386,0,1
328,104,273.6988962101549,POS,Food,UK,21.0,0.13514308743989217,0.11249560908410676,0,1
5835,55,15.623182944422592,QR,Electronics,UK,20.0,0.17317629453594963,0.12698391883994933,0,1
6106,54,116.64425175836723,QR,Electronics,FR,16.0,0.25835096628464077,0.11180167796139628,0,1
9372,328,234.97246597695573,Online,Travel,DE,22.0,0.1099404788972844,0.05312350205302306,0,1
6210,20,78.0571631269203,POS,Electronics,US,16.0,0.052747343961025775,0.26527521165154366,0,1
6715,209,96.41766246309952,ATM,Food,FR,12.0,0.11010894208217324,0.022656432137924433,0,1
3817,573,63.24997654486998,QR,Travel,UK,11.0,0.05988850353990038,0.18312957347726327,0,1
1006,518,342.76355711997866,QR,Grocery,UK,22.0,0.040788687301897074,0.3778943980711039,0,1
9070,70,96.6197293331954,Online,Clothing,FR,3.0,0.24605808243524321,0.05716398185398312,0,1
8037,689,8.859782254432844,POS,Food,DE,22.0,0.06289944646166343,0.030967952612208943,0,1
3803,330,12.772601224447811,QR,Grocery,US,20.0,0.06444569673593482,0.12607536045637718,0,1
2199,254,47.96589985767451,Online,Food,FR,6.0,0.04911296954226632,0.069653945046125,0,1
2476,914,218.55338082528974,Online,Food,UK,9.0,0.20516994558502802,0.05446811669014002,0,1
2756,773,535.2593898777563,QR,Electronics,UK,10.0,0.2798180503801166,0.26121659022353483,0,1
8608,441,275.7928590099011,Online,Electronics,US,5.0,0.06727299639088433,0.20602967106304687,0,1
7945,354,155.98810155860838,ATM,Electronics,FR,9.0,0.36850964501337324,0.16337399881046852,0,1
1732,308,15.078022700100934,Online,Grocery,TR,18.0,0.5504672533386045,0.24279750074101486,0,1
2323,998,68.98249078131806,POS,Food,US,22.0,0.08311204175758695,0.09351530497391478,0,1
8379,50,61.4326559340049,ATM,Food,US,22.0,0.24495605973825071,0.2838228886119387,0,1
7925,561,131.50084187297256,Online,Clothing,DE,16.0,0.061940472388636175,0.01976575594769045,0,1
9411,312,100.97202812360112,Online,Electronics,US,15.0,0.5022127000599531,0.41536618156683325,0,1
1785,343,183.75325524820548,ATM,Travel,NG,15.0,0.34241520661978475,0.04408430515116079,0,1
7272,760,27.391860547277044,POS,Electronics,FR,22.0,0.11277593875224415,0.031880901885870824,0,1
486,471,241.1862877737435,Online,Electronics,US,19.0,0.04583387263233022,0.14660851230033026,0,1
7670,52,9.847124055265393,QR,Grocery,FR,2.0,0.3289829414591499,0.16419256566453905,0,1
8216,450,167.78850906329947,ATM,Clothing,US,17.0,0.48413560011150714,0.15343902570444648,0,1
8359,533,77.94333621614749,QR,Grocery,US,8.0,0.20636148385451555,0.4735936839081899,0,1
3109,343,118.84747093724987,POS,Food,DE,23.0,0.08355552207327369,0.09480127603292601,0,1
8610,420,129.40742559435074,Online,Travel,TR,16.0,0.34933486726450924,0.3926380863233291,0,1
2997,501,65.73254991529942,QR,Grocery,US,15.0,0.022769140203632375,0.050180616516839936,0,1
729,30,92.48635693550314,POS,Travel,FR,12.0,0.43346801919178846,0.3016654510354418,0,1
5139,184,11.334920739272876,Online,Food,FR,10.0,0.17826740144893227,0.06450854348337913,0,1
8243,847,345.4013668335578,QR,Grocery,UK,20.0,0.24631363766119754,0.07082828477791633,0,1
4926,179,0.0,Online,Food,US,22.0,0.0854278263755628,0.06679756998634101,0,1
5941,342,118.56855377924049,ATM,Clothing,US,14.0,0.05593625666630686,0.13236977989042925,0,1
8812,135,323.10560747154096,POS,Clothing,UK,13.0,0.7055183004737304,0.13672358742981935,0,1
4596,983,162.89663429423334,Online,Clothing,FR,22.0,0.03399057836301811,0.09176757190820825,0,1
854,400,166.86647820576417,QR,Food,FR,15.0,0.09935283649025885,0.16546164916378425,0,1
9673,414,217.02607278430273,QR,Grocery,US,7.0,0.20497263693979967,0.22382722608652716,0,1
7796,773,131.7254918361999,ATM,Clothing,TR,17.0,0.15408695082901677,0.17138008180588438,0,1
4076,203,167.73175386527515,ATM,Food,TR,23.0,0.7454381933673344,0.14146011609192186,0,1
5518,358,110.21930537800215,POS,Food,UK,16.0,0.0965459224306007,0.24383326942759043,0,1
3670,663,123.1101466351411,POS,Electronics,FR,19.0,0.03982076436540175,0.16174416717098422,0,1
7108,637,287.5622828862451,Online,Food,TR,7.0,0.31073156358882975,0.4277468764772805,0,1
7773,934,574.9299678450367,Online,Travel,NG,10.0,0.751732241783809,0.11586621575619532,1,1
368,842,103.82364357265661,POS,Travel,TR,16.0,0.2780653892093473,0.03979823382700908,0,1
9589,285,600.4467597855876,ATM,Travel,TR,4.0,0.3353221098064083,0.1930188584648993,0,1
4966,815,27.11415236425615,ATM,Travel,TR,6.0,0.1805452731428365,0.032420947539287474,0,1
8105,809,107.82737137605942,Online,Travel,US,21.0,0.37063472733368646,0.11334883964811024,0,1
1656,861,279.526766885089,ATM,Electronics,FR,16.0,0.16179293992797938,0.06792210253766659,0,1
8585,747,122.66618775860651,POS,Grocery,US,2.0,0.3477198262547665,0.16125586702851333,0,1
8570,100,0.0,ATM,Travel,TR,16.0,0.04287305314298839,0.4133522751416667,0,1
4724,404,198.3043274861593,ATM,Electronics,DE,0.0,0.2001222391176793,0.3897510823961395,0,1
8431,925,183.2406851967936,QR,Travel,UK,15.0,0.02446452640277394,0.11172878213737543,0,1
7097,915,9.965465761816237,QR,Travel,TR,19.0,0.06889714537972783,0.32677096321296684,0,1
7514,698,375.598887528187,POS,Grocery,US,16.0,0.2599700190224994,0.10111893577430497,1,1
6189,329,302.1027579040483,QR,Food,DE,14.0,0.09068936302567655,0.15238673006055928,0,1
3769,161,225.31462534609778,POS,Grocery,TR,23.0,0.31662375945345916,0.4924131922866993,0,1
7604,720,75.67107075233416,POS,Travel,US,21.0,0.35133995652403166,0.031008520816155107,0,1
7163,805,252.8104241755339,QR,Clothing,US,10.0,0.34953655738744416,0.10284882926020286,0,1
1100,387,2.960216592278819,QR,Travel,TR,22.0,0.0655382667083553,0.1417709429163188,0,1
363,920,58.22669654228747,QR,Travel,TR,21.0,0.053333433842359015,0.4374091210848262,0,1
4886,221,79.77687709308998,ATM,Clothing,TR,22.0,0.16616406069844822,0.056500143170079294,0,1
6850,708,427.82033229088864,POS,Grocery,FR,12.0,0.009265829795688242,0.2797183824421633,1,1
2999,930,31.03275182541401,ATM,Electronics,FR,21.0,0.18842044123152094,0.10751577098748816,0,1
2397,350,107.2447302530107,POS,Grocery,FR,4.0,0.28358288731369174,0.170643637550633,0,1
1411,994,334.1960479218745,QR,Grocery,US,13.0,0.10042689709058704,0.09205407166951145,0,1
8423,929,75.54556914510448,ATM,Travel,TR,17.0,0.047427433024121425,0.031384475717049554,0,1
2675,679,74.7571589726601,ATM,Grocery,TR,14.0,0.2261969425168776,0.24646666439121934,0,1
1665,96,18.50392961131226,ATM,Travel,TR,19.0,0.26734969347273824,0.05443511083038106,0,1
3356,737,645.1024062749423,QR,Food,US,12.0,0.12330472442188059,0.6366331222336892,0,1
5605,653,41.505159449710675,Online,Food,DE,18.0,0.0580179981489186,0.07330838998974855,0,1
1843,866,211.7446130009715,ATM,Food,FR,7.0,0.05326446819070005,0.16015513466362524,0,1
8327,105,7.5654046403176025,ATM,Food,DE,8.0,0.16172240562957044,0.2014830391892132,0,1
8262,360,36.580103449380395,POS,Travel,UK,21.0,0.2179779363853062,0.19295927557001014,0,1
1604,848,18.59987834753227,Online,Food,US,19.0,0.05617209063898323,0.12570560317335525,0,1
1460,961,81.61932930013039,Online,Food,US,5.0,0.10391425602398494,0.02188712079820112,0,1
2134,663,205.1839399472329,QR,Grocery,TR,19.0,0.04569179098529364,0.08572962472488126,0,1
245,975,167.1464506920568,POS,Electronics,UK,11.0,0.08128925179209398,0.12747666340489985,0,1
7186,905,347.73289147183954,ATM,Grocery,TR,17.0,0.041565842974099695,0.2291877864378631,0,1
5438,860,17.348000836169568,QR,Grocery,FR,14.0,0.06703166079628796,0.10650200975720239,0,1
934,943,25.770988482993932,ATM,Grocery,FR,22.0,0.16685228795040788,0.11753318342083607,0,1
6871,830,234.80026873247022,ATM,Grocery,US,10.0,0.2759643077898731,0.1749636431712782,0,1
7754,615,234.82724301399975,ATM,Food,FR,9.0,0.025084809713975587,0.07098695588000295,0,1
7966,547,28.065100758438025,POS,Clothing,FR,17.0,0.08209148392850896,0.14653690584838286,0,1
1616,542,161.68123149029003,ATM,Travel,US,21.0,0.12155501894918785,0.16009386991233,0,1
9955,128,237.98841004031814,ATM,Food,TR,7.0,0.07587808367262129,0.21322917147801354,0,1
831,96,169.9650159572844,Online,Grocery,DE,22.0,0.1876479147429647,0.09393503482383109,0,1
5765,3,237.25263841819967,POS,Food,UK,9.0,0.12464123429810037,0.1396644146207459,0,1
2399,714,55.07377993694559,POS,Clothing,UK,14.0,0.4998937307010449,0.17912039340677774,0,1
4674,955,103.30877106578781,Online,Clothing,UK,18.0,0.21423653409266444,0.2060253869260842,0,1
1792,436,49.19929280053405,POS,Travel,FR,6.0,0.08548290193016292,0.2980403820588559,0,1
5604,491,216.26928644694857,QR,Electronics,FR,14.0,0.45677537671856355,0.17852001797460063,0,1
4465,462,135.59594514960392,Online,Travel,UK,19.0,0.1418576619612199,0.20283995770916358,0,1
2808,834,93.94950888257239,ATM,Clothing,FR,10.0,0.06199475581122747,0.3988967110706887,0,1
1300,456,73.6481696411353,POS,Grocery,US,19.0,0.3282107075643325,0.14716084329097398,0,1
296,766,20.449820790914835,Online,Grocery,US,9.0,0.22272868650579025,0.294091436433746,0,1
7394,47,81.34634275539688,ATM,Grocery,US,23.0,0.058435367001450245,0.1476903391649767,0,1
372,990,28.80032354000884,POS,Food,US,14.0,0.22395682442336887,0.1607135914233438,0,1
829,628,409.1184991808595,POS,Clothing,TR,23.0,0.06319065742286187,0.033509534121704605,0,1
3592,280,474.7365037443218,Online,Electronics,US,17.0,0.2503081196406102,0.07697050107070724,0,1
3498,593,220.5141068092794,POS,Travel,DE,20.0,0.6000789847788807,0.14922213754741118,0,1
153,380,97.48519108434142,QR,Food,UK,21.0,0.09240268259833594,0.18665858348335915,0,1
1777,668,272.00210984597635,QR,Food,UK,5.0,0.09044317285732625,0.1139783287923828,0,1
4018,315,367.2883553807354,POS,Travel,DE,18.0,0.5394773900731539,0.18437859819492208,0,1
5922,578,11.794239917837396,QR,Travel,DE,19.0,0.021656944361619676,0.0345171938887574,0,1
1281,821,329.7564352115168,POS,Food,FR,14.0,0.18462707452177454,0.16098568037958058,0,1
2045,7,44.34993389938204,QR,Grocery,TR,18.0,0.486738170460389,0.07892673084568139,0,1
3784,125,296.41190806863295,QR,Food,US,8.0,0.2211516635106839,0.1959402835235919,0,1
2544,356,445.3727704538188,Online,Travel,DE,16.0,0.1933981485809726,0.05775091801243401,0,1
7012,425,69.54283480163178,ATM,Travel,FR,20.0,0.4262291754216354,0.0639403419206804,0,1
6918,242,139.8064914538448,Online,Food,US,19.0,0.2098963544626933,0.4718997644160892,0,1
3918,408,135.80725321006204,POS,Grocery,FR,7.0,0.5245478644469438,0.41737926205965287,0,1
1269,715,29.618658363551738,QR,Electronics,UK,19.0,0.1366230800595303,0.07158308720178451,0,1
141,313,23.22334661147348,ATM,Grocery,FR,23.0,0.13010700918905282,0.2839062752601463,0,1
548,970,511.79243262055536,Online,Electronics,FR,21.0,0.19300092191409068,0.23603592198086573,0,1
4034,880,19.452723549981723,Online,Grocery,US,17.0,0.18347082052856045,0.25295531323592657,0,1
5165,95,33.65902872474059,POS,Travel,FR,20.0,0.2331007615726893,0.20022357418851536,0,1
9976,266,95.17911103157485,QR,Clothing,US,3.0,0.1052729090713279,0.2106901774105694,0,1
4116,124,101.65572071006822,POS,Grocery,TR,18.0,0.15208848579432235,0.07336868060803856,0,1
1831,415,19.038631020157315,Online,Electronics,US,17.0,0.19829810407964998,0.16019016732083244,0,1
5492,870,132.42320518535615,Online,Food,FR,19.0,0.1375060580729013,0.06928842169929583,0,1
8671,321,49.78758351620541,Online,Electronics,DE,10.0,0.07029243363141519,0.13142136577345684,0,1
6512,548,280.7145118537498,Online,Travel,DE,18.0,0.18324802008672997,0.1995134663677345,0,1
2878,532,11.750401348593378,Online,Electronics,TR,22.0,0.05977129034285258,0.1538913995019947,0,1
3495,980,128.18524900346404,Online,Clothing,TR,21.0,0.13385780701459146,0.10340949742778596,0,1
8533,953,68.66257806513057,ATM,Clothing,DE,20.0,0.04194722672099031,0.09225174654820079,0,1
1155,736,318.05563189993256,POS,Electronics,DE,20.0,0.35642827643535435,0.19402310228358657,0,1
3511,196,63.24419000781998,QR,Electronics,DE,21.0,0.06683509705704747,0.11135650218550203,0,1
1626,548,363.4190786025417,QR,Food,US,4.0,0.2046645204303289,0.21578480567960726,0,1
7469,607,3.1796591421337057,ATM,Travel,DE,11.0,0.03634966826145937,0.11010227241112752,0,1
5097,731,106.46815828427529,QR,Food,TR,16.0,0.020209785380650012,0.21389842205803727,0,1
2231,418,300.49712868446784,ATM,Clothing,DE,9.0,0.10214362365261537,0.01604561948951802,0,1
998,51,258.9368125493266,Online,Electronics,TR,15.0,0.11425532205819026,0.1411028469620711,0,1
6157,515,59.491221272213494,Online,Clothing,FR,12.0,0.13634811008827247,0.21323295027512743,0,1
3864,180,50.60547703380253,ATM,Grocery,TR,6.0,0.11544681381482126,0.06120071144168078,1,1
9312,419,493.35443255830864,Online,Electronics,FR,17.0,0.021891686367136523,0.27626667166760577,0,1
4979,421,63.74647343743152,ATM,Clothing,DE,4.0,0.0882009114336771,0.17370607740318855,0,1
4804,549,529.9523866889995,ATM,Grocery,US,7.0,0.19993105073448375,0.28782832414906195,0,1
421,45,81.17046044614719,ATM,Grocery,FR,13.0,0.06590677402119188,0.21958447611470208,0,1
1911,981,443.4307208029775,Online,Electronics,US,17.0,0.34998941036319314,0.1302764025000067,0,1
4251,516,409.5030233459461,ATM,Food,TR,20.0,0.20618849821220858,0.12582938819478992,0,1
7755,865,245.70905353439136,Online,Grocery,UK,23.0,0.12028657001010179,0.36089360516614455,0,1
1317,973,460.46791622627273,ATM,Food,FR,16.0,0.18770456860870935,0.3439407102189481,1,1
8538,313,68.58578285360154,ATM,Grocery,DE,5.0,0.18478744857120843,0.2112357758238645,0,1
4137,438,55.50775170093219,POS,Grocery,FR,20.0,0.025883228506304198,0.12624883877937063,0,1
7265,449,24.126600458046152,QR,Grocery,FR,20.0,0.3963586571661066,0.05110897618528138,1,1
5401,282,241.96543036337954,QR,Food,US,20.0,0.05857136517737042,0.4307453927936183,0,1
2911,554,36.15230520079874,Online,Travel,TR,19.0,0.3135950252494559,0.10460726014666588,0,1
3453,225,99.30659621149414,ATM,Grocery,US,22.0,0.1890862744356957,0.3785834795203607,0,1
6522,548,197.49796550372616,POS,Clothing,FR,12.0,0.032651647188902344,0.17760877357108823,0,1
8189,11,23.903545558665407,POS,Food,UK,23.0,0.29408581184629495,0.3875701516842716,0,1
6670,667,88.35223950523157,ATM,Food,US,3.0,0.1027463349722887,0.11426830987703043,0,1
7799,678,48.10793743669722,QR,Electronics,US,17.0,0.008305337987317423,0.04214432388785716,0,1
6289,532,6.996191443335175,POS,Clothing,FR,13.0,0.038088462969359485,0.03257946507371474,0,1
2948,140,9.536880094483518,Online,Electronics,FR,17.0,0.07033793545381693,0.3047576398617781,0,1
186,815,80.80127046268437,QR,Food,FR,23.0,0.16357051015098972,0.11519373596418295,0,1
6069,478,18.28144279066467,QR,Food,US,19.0,0.23280389388835582,0.09405236528670881,0,1
5914,288,0.0,Online,Travel,TR,21.0,0.03839034230688977,0.015068941453865826,0,1
1410,849,69.66569638928239,QR,Clothing,DE,11.0,0.1475818432263182,0.17449537184624717,0,1
1337,25,200.46177998992889,Online,Clothing,DE,15.0,0.0808298218616009,0.023617509865784894,0,1
6080,96,108.6355348085463,ATM,Grocery,NG,18.0,0.21890749328452255,0.4646068956336897,0,1
1266,187,244.92770906586557,QR,Clothing,UK,19.0,0.16832814936434012,0.06540062038328767,0,1
9005,851,0.0,POS,Food,TR,22.0,0.0929145493413769,0.058327239084632984,0,1
376,424,91.36637784522327,Online,Food,UK,18.0,0.22966824069329658,0.17217363108056444,0,1
9800,165,233.40527760447168,POS,Electronics,FR,20.0,0.10463632711610975,0.13260202896580583,0,1
9371,791,4.796864738058574,POS,Electronics,UK,17.0,0.2843314051246044,0.1609830796184411,0,1
3134,883,25.417866679608096,ATM,Travel,FR,6.0,0.2872067537811227,0.259075680300186,0,1
2961,58,154.0940834558681,ATM,Food,US,9.0,0.19098616798566875,0.17222846478769768,0,1
7114,96,747.8843292062611,Online,Travel,FR,11.0,0.4084625403799511,0.19212132691629158,0,1
3632,491,365.4505305294973,POS,Food,US,14.0,0.11767802646942772,0.5116745322184277,0,1
2314,982,57.499525454066415,Online,Travel,DE,17.0,0.05363703719492962,0.06798079246125954,0,1
2575,238,26.884075021442197,POS,Electronics,DE,8.0,0.5648458524825142,0.2148325714263172,0,1
7037,945,43.482838558863506,POS,Clothing,TR,21.0,0.014572111461791066,0.032390626282155104,0,1
7798,744,241.85114072635233,Online,Clothing,FR,15.0,0.209662254973068,0.08036513537816445,0,1
7849,316,37.522238442170924,ATM,Grocery,FR,15.0,0.10055543721568042,0.05414320269949102,0,1
3577,100,175.67438684561986,QR,Food,UK,22.0,0.19509141595210575,0.2904437547628951,0,1
5443,892,545.0337884165878,Online,Travel,DE,20.0,0.23618189615643478,0.2908120287647779,0,1
2326,637,194.0116052592251,ATM,Travel,FR,19.0,0.17624758133705073,0.16809112884127653,0,1
5372,668,193.1113474163692,QR,Food,UK,18.0,0.07554078822786502,0.1879619612155097,0,1
7175,932,156.821821865242,ATM,Food,UK,22.0,0.22214757681286568,0.1655747197195973,0,1
2444,797,11.368437032489517,ATM,Travel,DE,21.0,0.29559852346157944,0.16611623829858008,0,1
3260,138,438.61573876669587,ATM,Electronics,US,17.0,0.1072569894373096,0.36484927207382245,0,1
8760,626,37.675943694932975,ATM,Grocery,UK,21.0,0.17017953765586713,0.039835147922135196,0,1
9509,430,25.65351627719474,QR,Travel,US,16.0,0.19990102144396849,0.19729122456901071,0,1
4819,350,60.743111873777494,Online,Clothing,DE,11.0,0.219623002525329,0.03376348198442661,0,1
5976,703,1.9254503575019979,Online,Clothing,US,10.0,0.04480525325800457,0.02940410375140398,0,1
5014,301,140.43622517067027,QR,Grocery,DE,17.0,0.06633050904204069,0.3657302395016517,0,1
6117,432,162.11361154451464,POS,Clothing,TR,18.0,0.5005689240738909,0.2915942932749784,1,1
4260,124,537.3731647328307,POS,Food,DE,4.0,0.5259820657971302,0.09928528381703648,0,1
3361,627,43.40944812564481,Online,Electronics,US,18.0,0.037404052129450256,0.11621179627439338,0,1
198,127,209.39639616073754,ATM,Electronics,TR,23.0,0.1218856341909392,0.043987678183803613,0,1
2098,298,425.86075713860674,QR,Electronics,DE,11.0,0.3906389911514023,0.1758117261761912,0,1
3835,886,294.0945828658656,POS,Grocery,US,17.0,0.15398170563569394,0.02266605926371346,0,1
4715,59,60.530123628141446,QR,Grocery,FR,22.0,0.029439504304013032,0.11034882564774728,0,1
1194,351,12.538145106552602,QR,Travel,US,17.0,0.09295161579232997,0.1400108863163427,0,1
5191,450,17.293063108906402,POS,Grocery,UK,16.0,0.14073353998803956,0.17494630302951486,0,1
644,338,102.97650635142391,QR,Clothing,TR,16.0,0.02995291655037263,0.020098770845196085,0,1
1993,146,39.46452457388905,QR,Grocery,DE,21.0,0.3756073295334972,0.28034173825260705,0,1
4656,41,25.31959642648389,Online,Clothing,FR,20.0,0.1159726027372363,0.08508084270882647,0,1
5349,525,41.66891006204952,QR,Travel,US,12.0,0.17511824387153302,0.2785659529373259,0,1
9306,568,37.90937189445046,POS,Food,US,17.0,0.16109487328860156,0.04430582214052481,0,1
5376,259,3.8464090275357914,Online,Electronics,US,11.0,0.06521960769390835,0.17882214145825898,0,1
4315,451,35.44776015992667,POS,Grocery,UK,22.0,0.10825703158251235,0.06164142760851625,0,1
5776,990,141.92060411607304,ATM,Travel,TR,22.0,0.16475186080081025,0.028262174941879988,0,1
3427,629,566.9132385563191,POS,Clothing,TR,14.0,0.018954592657528718,0.02376758636112562,0,1
8169,747,10.416455853675265,POS,Clothing,UK,15.0,0.09774721597975146,0.34777939670121183,0,1
2514,751,98.73333828319224,Online,Electronics,DE,4.0,0.20559447235101283,0.12211952709049467,0,1
3457,590,312.916719859907,ATM,Grocery,DE,10.0,0.24831299946737537,0.11428132488723595,0,1
7242,466,22.39776011167637,ATM,Travel,UK,22.0,0.08578485506611004,0.34821452113285234,0,1
9774,802,230.80912767697137,ATM,Food,FR,13.0,0.054361979354108775,0.02475947858122304,0,1
9974,205,73.13268703679863,QR,Food,TR,18.0,0.41437849559952467,0.10280125587205412,0,1
2101,680,488.76290807727935,QR,Clothing,FR,21.0,0.09245673180491297,0.08411545084811163,0,1
1162,773,493.0552406361467,ATM,Electronics,DE,23.0,0.3414424541221409,0.21245058493436378,0,1
4199,873,661.2660570087855,POS,Electronics,FR,14.0,0.12290799229632504,0.3276772092354865,0,1
5762,227,45.64184070810962,QR,Travel,FR,14.0,0.3662836011472486,0.027561902250968898,0,1
6540,166,6.668744659696467,Online,Grocery,FR,21.0,0.060770708743053445,0.08408703720300392,0,1
3152,174,16.679637339593533,POS,Travel,TR,14.0,0.32509804541583126,0.07530899076381505,0,1
7401,709,223.93572767229077,POS,Clothing,US,19.0,0.02895063183575315,0.2087740336770752,0,1
5324,127,8.298633040148147,POS,Travel,US,8.0,0.04761239642723552,0.022968926178446744,0,1
1141,634,492.81063040433264,ATM,Grocery,UK,10.0,0.09074701452395595,0.06359446587930374,0,1
7740,328,151.62586912223247,Online,Travel,TR,10.0,0.1851401237439291,0.026733592648430695,0,1
1207,310,134.184355109531,ATM,Electronics,US,15.0,0.09265360017693496,0.6420649460845655,1,1
309,937,38.22921105699291,ATM,Food,US,14.0,0.04535950445566517,0.10081996742847156,0,1
6637,646,303.9904019410455,Online,Grocery,NG,15.0,0.320780392092379,0.1329074437140058,0,1
5285,269,6.70960528813289,POS,Grocery,TR,21.0,0.05966410279792621,0.11760790136667826,0,1
3217,862,757.6316521371716,Online,Grocery,US,8.0,0.12001656045661668,0.5612358161510851,0,1
7737,362,246.35183378335677,POS,Travel,US,21.0,0.33901430969386387,0.28970089783113806,0,1
4399,291,113.40639636758236,QR,Travel,US,7.0,0.06209906343343058,0.22365726976684516,0,1
2855,555,1.2790058674552558,POS,Grocery,US,23.0,0.04227408976799848,0.05894051879829527,0,1
222,364,643.4211370248378,POS,Travel,US,9.0,0.38708166660127286,0.3999467294563546,0,1
4034,603,7.387901976751101,QR,Food,DE,18.0,0.15825862869657187,0.12047546888701796,0,1
6010,560,372.4265361544712,ATM,Food,UK,9.0,0.16320833079664285,0.3458344911519063,0,1
7482,791,747.3814091341932,Online,Electronics,UK,8.0,0.1414563940097499,0.3603204960391546,0,1
7897,200,121.1379396533088,QR,Clothing,TR,11.0,0.22893750388322862,0.09034152661438119,0,1
8093,86,10.34289510832929,POS,Electronics,FR,20.0,0.012253352574731875,0.11131010090658094,0,1
4519,805,11.344176328400156,POS,Food,FR,13.0,0.044091574505434564,0.03632270121883402,0,1
9837,839,0.0,ATM,Grocery,US,6.0,0.029524113393464967,0.1632027218980783,0,1
621,225,336.96402971758874,QR,Clothing,UK,18.0,0.013889416497761788,0.06595037694433785,0,1
5149,630,86.39088792680417,QR,Clothing,DE,17.0,0.21740016271785956,0.26368545067965937,0,1
7678,325,1.0182892567514128,Online,Food,DE,23.0,0.06520858901176921,0.025855460939958188,0,1
8751,689,10.78555244530833,ATM,Travel,NG,16.0,0.08280108596541674,0.20027320131410725,0,1
4190,267,201.8127218618882,Online,Travel,FR,21.0,0.2368353638190268,0.3438022921158211,0,1
601,122,30.774275964616216,ATM,Clothing,TR,16.0,0.0898662386730657,0.03516186277003488,0,1
3919,257,3.134642207616987,QR,Electronics,TR,12.0,0.009080693856447566,0.1159159353612989,0,1
5739,707,7.134204654245286,QR,Electronics,UK,21.0,0.10480256099629179,0.02711942721216073,0,1
5619,166,98.03470852202304,POS,Travel,UK,6.0,0.4207895355230269,0.4746186600483736,0,1
4777,69,539.5748678439373,ATM,Electronics,DE,19.0,0.06498157669279847,0.20320062702728778,0,1
4016,918,29.226765592935287,POS,Grocery,FR,20.0,0.012965481355812065,0.09854341053518864,0,1
9619,46,50.1390344649746,QR,Grocery,US,10.0,0.27570340368834917,0.17042978200498043,1,1
358,271,4.008362416043225,QR,Electronics,US,21.0,0.030595733702636917,0.07163718649525509,0,1
2423,68,19.26096919493717,Online,Clothing,US,17.0,0.11017435845742124,0.0913090981761517,0,1
1504,419,301.0553097001646,Online,Grocery,TR,19.0,0.2736859683285877,0.025019532770429703,0,1
1890,627,100.52255216588973,ATM,Clothing,FR,19.0,0.25190956037600937,0.12886908593031607,0,1
293,898,311.51224090266936,QR,Travel,FR,10.0,0.42618746683584074,0.44087007828370234,0,1
2255,593,163.64052399309523,Online,Travel,TR,14.0,0.17366024070642683,0.2164421125608012,0,1
2866,676,154.13234107162782,ATM,Grocery,US,17.0,0.04675053615653266,0.34746746960721825,0,1
7235,241,289.21282760295315,Online,Travel,TR,18.0,0.17272147962976653,0.4104144824498168,0,1
9317,215,333.1227390235233,QR,Travel,US,17.0,0.03266654770180178,0.17971270901308614,0,1
6794,427,111.26915435633504,ATM,Travel,FR,21.0,0.1799099819354621,0.08153164253429486,0,1
7044,980,165.55989547049833,Online,Electronics,FR,13.0,0.1946196237762568,0.2110346025483834,0,1
8800,799,180.51132212956034,ATM,Electronics,DE,7.0,0.5901017189037101,0.17496001295516952,0,1
404,731,908.4687159172622,POS,Food,US,22.0,0.49519390882913045,0.1520139289848385,0,1
8475,307,15.318961508008195,POS,Clothing,TR,23.0,0.06536541385024953,0.029143378613575355,0,1
8776,170,167.40411025217438,POS,Travel,DE,7.0,0.04019254381401636,0.07823970423515533,0,1
4753,590,12.08796823402789,POS,Food,US,15.0,0.14662415207467838,0.05101624447596093,0,1
5297,111,203.21267129840209,POS,Clothing,FR,19.0,0.09351858389738829,0.3684330357442895,0,1
8530,511,449.512289333617,ATM,Clothing,DE,22.0,0.29566755959048263,0.10643955373980235,0,1
215,864,62.755708757896315,ATM,Clothing,DE,19.0,0.19392964079961247,0.19912992421720507,0,1
8179,454,29.86637752031446,Online,Travel,UK,2.0,0.28424474325555504,0.037845013124968505,0,1
9521,211,301.9187204474282,POS,Travel,FR,21.0,0.1253242669437326,0.03359376472286183,0,1
6278,42,58.84107629969545,Online,Travel,DE,16.0,0.038398742241707834,0.08677891519428338,0,1
2374,782,49.16310592499299,QR,Travel,FR,16.0,0.11421096079480807,0.12509053785819857,0,1
9294,715,103.8279669667031,QR,Electronics,FR,20.0,0.09413445887595082,0.07826185467535904,0,1
6606,413,144.78653741146647,QR,Electronics,US,21.0,0.26687895113307575,0.02715912121156976,0,1
9244,123,5.618771796735408,QR,Clothing,DE,23.0,0.1698740421823312,0.27943665100041554,1,1
5930,924,248.7313355857128,ATM,Food,US,10.0,0.39842194242994217,0.1129934076017643,0,1
5661,15,437.8954989283674,POS,Travel,UK,8.0,0.05600232290741086,0.31986449540402595,0,1
2370,402,14.232746790131362,ATM,Clothing,FR,14.0,0.0460374304496746,0.20285892644259615,0,1
7110,614,82.61232543571839,ATM,Clothing,FR,10.0,0.3586087525241098,0.2523611836991111,0,1
620,722,124.45309726357637,POS,Food,UK,18.0,0.1793021074724145,0.2069089787268047,0,1
6066,547,55.87470392217049,QR,Clothing,US,8.0,0.07232761642903979,0.0648832897029151,0,1
6604,749,163.42744492743307,Online,Food,DE,10.0,0.05476492488855474,0.031047137715680302,0,1
5602,319,31.05224436813036,QR,Clothing,US,8.0,0.05171799407975349,0.0464983512864956,0,1
7636,812,36.10087681512903,POS,Travel,DE,20.0,0.23248607033493368,0.17755310662887056,0,1
5457,212,194.08938813754625,QR,Travel,FR,23.0,0.12826928104971885,0.2545019205283647,0,1
4965,227,82.97200934828398,QR,Grocery,UK,22.0,0.038555953741166264,0.25883373404678567,0,1
2660,535,181.30307382865655,POS,Food,FR,22.0,0.263255239899944,0.13583563822549513,0,1
2042,914,33.69286054651145,ATM,Food,UK,10.0,0.2756370011539698,0.20737830074680624,0,1
9837,692,226.8188177570622,POS,Travel,TR,1.0,0.10365237667933289,0.18337920806805624,0,1
4494,460,77.70049181926679,Online,Food,UK,9.0,0.09959397893121759,0.06564217610217897,0,1
7373,367,55.529046283309796,Online,Clothing,DE,22.0,0.18745247335182022,0.2276439541772965,0,1
5578,268,35.72219466583926,Online,Travel,FR,22.0,0.05357025797283812,0.050620109937928585,0,1
3461,935,30.475717893744296,Online,Clothing,DE,18.0,0.049007746817727446,0.15382263969066692,0,1
9206,668,50.67300111546089,QR,Travel,UK,23.0,0.33374735331059907,0.17473795664049063,0,1
5394,899,12.370704727082728,POS,Clothing,FR,8.0,0.13912105557243418,0.2780432742722427,0,1
4685,750,81.11322352961675,POS,Electronics,DE,10.0,0.02802928967103524,0.05844346182847811,0,1
3453,463,174.21477716843515,POS,Grocery,FR,15.0,0.11655094509713021,0.10368116622756436,0,1
1597,322,680.2644981921048,QR,Food,UK,11.0,0.21710628072006266,0.08237471720719124,0,1
6509,520,183.34664156775375,ATM,Travel,US,20.0,0.08739832407123427,0.36452995701573704,0,1
1420,826,66.78153616770851,ATM,Travel,US,8.0,0.032978474080173924,0.061869254463932565,0,1
443,100,178.0635950454969,Online,Grocery,US,10.0,0.1978027957515005,0.10477799770624652,0,1
6310,190,198.02235939518008,QR,Travel,UK,11.0,0.15596623289823786,0.06279763280499732,0,1
7434,354,261.853992649456,Online,Grocery,DE,12.0,0.17596585153313418,0.13345373185009785,0,1
9225,134,0.0,QR,Food,UK,21.0,0.1538450582007096,0.04115282733055291,0,1
3226,343,12.982802076846854,QR,Grocery,US,10.0,0.06114529439116727,0.10353680383977501,0,1
2728,591,15.209071414274845,Online,Electronics,TR,14.0,0.04331065725635148,0.5449648218019142,0,1
380,866,64.58436498036507,QR,Travel,UK,23.0,0.01963556849555241,0.02370082073743147,0,1
2267,518,176.53117494217716,QR,Grocery,TR,20.0,0.07618801848787485,0.180153272125817,0,1
4258,316,97.13246253531842,Online,Grocery,US,16.0,0.12402564860024572,0.16666190808131529,0,1
476,375,99.56377826659147,Online,Grocery,FR,15.0,0.06012390871545086,0.07244603273834649,0,1
9524,328,253.23356562221196,POS,Clothing,DE,16.0,0.10995517426023721,0.14353227674966845,0,1
8198,714,262.6683663792216,POS,Travel,TR,17.0,0.13371793271249977,0.20199752631043,1,1
1866,692,99.45117815168372,POS,Travel,FR,20.0,0.11958828225174287,0.14255929266699807,0,1
5144,794,115.01004279507012,Online,Travel,DE,8.0,0.06112365285397438,0.017831458685723747,0,1
1588,510,102.76903709355108,Online,Food,FR,8.0,0.010151585023723184,0.06256167153516157,0,1
3990,629,437.44184983683033,POS,Travel,US,15.0,0.27287586751098025,0.07836139242208837,1,1
9038,616,96.51293859695997,ATM,Food,UK,8.0,0.1463068149141234,0.07231463650447469,0,1
4695,378,132.1580048223376,ATM,Clothing,US,23.0,0.286081345219198,0.19678717247522415,0,1
4700,99,139.9104111939729,QR,Travel,DE,12.0,0.22054027573611182,0.17697719939162956,0,1
777,753,234.67760582601858,ATM,Electronics,DE,11.0,0.1340171536268265,0.2004788973913126,0,1
4784,451,29.252773628753097,QR,Food,DE,4.0,0.1806247402004347,0.13660732069752451,0,1
4792,715,372.5896051530069,Online,Travel,DE,12.0,0.5236483341888006,0.5867996093898586,0,1
5374,321,47.348008790766485,POS,Food,FR,18.0,0.017616938880947237,0.05867521609169744,0,1
928,213,160.1779352577902,POS,Electronics,UK,7.0,0.23158852996264084,0.18439528615644052,0,1
7836,860,34.79801433326655,Online,Food,US,20.0,0.23625040824793342,0.318761094764241,0,1
1327,734,330.5178782858182,ATM,Electronics,US,3.0,0.41651218168964477,0.2404266289834649,0,1
1699,921,262.6794447863243,QR,Grocery,TR,10.0,0.07749090131666267,0.06391931168220406,0,1
9447,320,22.697642855039316,POS,Electronics,UK,19.0,0.27843368640415783,0.08175908369835856,0,1
483,470,8.63812320922233,POS,Electronics,UK,13.0,0.11790728910490483,0.1388856779933817,0,1
7937,255,25.794894977282365,ATM,Travel,TR,21.0,0.15094022310282348,0.19828105977434418,0,1
5965,401,845.8581369511575,QR,Electronics,UK,13.0,0.0767622075264225,0.03067066339473732,0,1
1222,564,25.543631138557565,Online,Grocery,TR,16.0,0.09277965209461556,0.6429723646404737,0,1
9431,968,82.20921491513056,ATM,Grocery,TR,6.0,0.03720046218710027,0.04758858885428378,0,1
9041,656,54.430649115161565,Online,Electronics,US,21.0,0.02507374453540028,0.06978834378532847,0,1
5632,100,147.86396881026323,POS,Grocery,DE,14.0,0.04821470028874042,0.03313530228915188,0,1
2671,551,29.396585563745642,Online,Electronics,FR,21.0,0.566527432911307,0.23341321380113544,0,1
1063,288,421.55817877151986,ATM,Clothing,UK,16.0,0.2748812274831361,0.07520452374851458,0,1
259,862,133.5602441229638,Online,Grocery,UK,21.0,0.1238866407807568,0.055133034343741436,0,1
8837,978,0.0,ATM,Electronics,DE,13.0,0.07982673251005115,0.05095912989372475,0,1
2488,617,43.110784530952174,Online,Food,UK,15.0,0.4037916028816911,0.2433851781827366,0,1
375,200,45.27762504854588,POS,Clothing,TR,14.0,0.04593843813048263,0.11080000294475854,0,1
9149,183,206.35525865984354,ATM,Clothing,UK,4.0,0.12970283832410945,0.0344701635879871,0,1
2930,203,43.07957562066163,POS,Food,DE,12.0,0.011979164585447212,0.10695567413643416,0,1
2243,905,13.033691698830397,Online,Travel,US,21.0,0.07979131815059481,0.052547937974949666,0,1
9124,67,1.767134439675531,Online,Travel,DE,22.0,0.01869995708250853,0.12988038385777056,0,1
1947,863,1818.4997731739907,ATM,Clothing,US,18.0,0.7072778303772018,0.7421329162206028,1,1
8631,132,272.04534915675544,QR,Food,DE,18.0,0.149646085579926,0.33885009460450755,0,1
7888,95,238.45148247666523,QR,Clothing,DE,11.0,0.12625051032438997,0.08222456856227711,0,1
4444,411,164.20438580771852,POS,Grocery,TR,21.0,0.030846427417064122,0.006478840268618511,0,1
4572,643,133.84893307272392,POS,Electronics,FR,21.0,0.5836285338497145,0.062335032753687965,0,1
4419,857,21.16609160672243,POS,Clothing,UK,16.0,0.32781655682080985,0.1980682899019856,0,1
9368,830,40.7752232699165,ATM,Travel,TR,14.0,0.10289396055113356,0.31055379527627874,0,1
7634,59,397.0780454067422,ATM,Clothing,TR,4.0,0.3818242280009026,0.2619303289346248,0,1
3975,836,193.3607448570726,POS,Food,FR,20.0,0.12851483546881082,0.07223780500715131,0,1
2724,884,251.25587224767338,QR,Grocery,US,2.0,0.17647626246272785,0.09498137379296193,0,1
1377,180,287.16704514706686,QR,Electronics,FR,3.0,0.1969387428831594,0.35007243858229775,0,1
8239,569,78.94353381187376,QR,Travel,US,20.0,0.24788586840426752,0.29431642890986526,0,1
6988,541,260.4965712880574,POS,Travel,TR,22.0,0.34550845919253304,0.09666689434179404,0,1
5766,652,24.9765879271814,QR,Travel,TR,8.0,0.2378249345967483,0.10311530835198299,0,1
2135,574,11.273075233386665,Online,Food,TR,15.0,0.06827113093189562,0.14042193760682914,0,1
618,223,48.57149062928487,Online,Clothing,FR,21.0,0.12002787568501218,0.16864008849737128,0,1
5802,72,185.0577292974636,QR,Travel,US,17.0,0.07503275364853629,0.04507365733653376,0,1
9726,192,468.1409020600862,Online,Travel,UK,13.0,0.3533673750397309,0.21504237554181327,0,1
4098,270,110.85016263360163,QR,Electronics,TR,7.0,0.02651665934979101,0.1843076863304704,0,1
390,508,330.6115204366337,Online,Grocery,US,11.0,0.6188906942814426,0.09352895293986441,0,1
1542,409,206.9242558328988,ATM,Travel,TR,20.0,0.17483078939298496,0.04684920642142194,0,1
9073,378,434.65080320299035,Online,Electronics,US,6.0,0.20433487399215555,0.060527436669143446,0,1
2909,809,0.0,Online,Grocery,FR,7.0,0.10051762465342086,0.047493957434825165,0,1
8959,356,16.659410876446657,POS,Clothing,UK,21.0,0.010613720579343459,0.18098047280819654,0,1
7079,213,578.4543699834607,Online,Clothing,UK,12.0,0.16751180542747343,0.15243335907237987,0,1
7918,210,58.46233850103659,POS,Clothing,DE,16.0,0.20657706676165144,0.018977740742925346,0,1
6042,414,879.5815778160429,ATM,Food,TR,19.0,0.14665045098142954,0.40316858025051266,0,1
8937,932,845.7442804377961,ATM,Travel,FR,1.0,0.9316907256682435,0.49489784500094675,1,1
6760,649,41.255897740152896,Online,Electronics,UK,4.0,0.13013860761360685,0.0428584272857868,0,1
4837,52,110.74469953641606,QR,Food,DE,4.0,0.34472315764470435,0.4878621400717339,0,1
3198,87,447.94028391481044,POS,Electronics,FR,12.0,0.3425137244090329,0.19758387844454975,0,1
7705,544,36.40554772771674,POS,Travel,UK,16.0,0.20178617384875594,0.2756284631553698,0,1
7558,805,80.17058952997081,POS,Clothing,DE,6.0,0.15049472213499362,0.28244965244686365,0,1
8155,665,67.31422518192076,QR,Clothing,DE,13.0,0.1759560681261576,0.09423117908399685,1,1
1272,407,643.1250369400835,Online,Grocery,US,21.0,0.4223536142808678,0.3990870436564617,1,1
1962,212,9.656713955724365,POS,Food,UK,14.0,0.3312099091719272,0.2586099965322205,0,1
6392,802,165.89745854467733,QR,Grocery,DE,14.0,0.2737266140337765,0.3485600319738596,0,1
9512,970,64.32183947479263,ATM,Clothing,DE,15.0,0.13457520262324357,0.08164917390778763,0,1
1278,855,70.68326885255398,POS,Clothing,TR,10.0,0.1512769361173819,0.2849618583863461,0,1
9457,849,608.0813461048688,POS,Electronics,DE,19.0,0.2592165572277249,0.1529857221069081,0,1
6630,303,390.47317686446274,POS,Food,TR,20.0,0.14813664895486334,0.05753243126958629,0,1
2037,751,25.657777036623568,ATM,Travel,US,19.0,0.13088454455540474,0.21355936454827107,0,1
9578,22,81.80004948525766,POS,Grocery,TR,23.0,0.14761781853401704,0.054047198145794464,0,1
9227,488,93.5977342481749,QR,Electronics,DE,15.0,0.14814564722765544,0.16527403442104452,0,1
3632,497,8.907204965548573,QR,Travel,FR,13.0,0.024361708680326402,0.13221366048097336,0,1
8258,577,511.6949585882329,QR,Grocery,FR,15.0,0.18590802849005056,0.06429615930691997,0,1
2173,824,539.8796634257972,Online,Electronics,DE,21.0,0.18273861115231002,0.34535454037791313,0,1
2770,701,27.190633806661246,ATM,Clothing,US,6.0,0.135508467241981,0.31242544567217095,0,1
6948,385,18.096653496639576,ATM,Grocery,UK,22.0,0.21039543169376318,0.20533471950870708,0,1
1207,98,228.26991986941619,POS,Electronics,DE,11.0,0.024888472396766524,0.20025940141720558,0,1
3705,217,192.27864016425258,POS,Food,TR,9.0,0.349387568136662,0.454775934690673,0,1
87,525,53.77021482355852,ATM,Clothing,FR,15.0,0.051009444927097074,0.07576965318204665,0,1
4335,240,53.6266722686577,POS,Food,US,18.0,0.22357670043292932,0.24822309631987166,1,1
1366,290,113.99060844001966,Online,Food,TR,15.0,0.20501359501706357,0.2986379375446329,0,1
4310,505,55.84833945994568,QR,Clothing,DE,20.0,0.21261342755042897,0.15719613926290052,0,1
7147,104,284.995897835942,ATM,Food,DE,6.0,0.5017739465961238,0.22676854379585124,0,1
9496,47,201.0943040776032,QR,Travel,US,20.0,0.36127748047155717,0.28749920164248294,0,1
363,75,197.4751357401146,QR,Electronics,DE,7.0,0.13019296643963418,0.12728229882292352,0,1
8741,309,69.1601031319818,ATM,Clothing,FR,1.0,0.19677304462227524,0.04074994263896189,0,1
1740,739,371.0823907155995,ATM,Electronics,UK,17.0,0.14133310208258038,0.09575655378626394,0,1
3421,447,136.59765134426098,ATM,Travel,FR,7.0,0.32176562461248026,0.5287090580373546,0,1
9755,839,57.451415855658595,POS,Grocery,US,20.0,0.04646527608423585,0.09801078217789708,0,1
3617,537,93.87348516332446,Online,Grocery,FR,22.0,0.06685820869143173,0.14999996259788245,0,1
792,679,8.77431415269699,QR,Grocery,FR,15.0,0.13268271356814726,0.03791911142978603,0,1
6593,961,112.6134428019303,ATM,Clothing,DE,19.0,0.5076423984286651,0.45663052201309273,1,1
1707,531,0.0,QR,Grocery,US,17.0,0.046120537141763174,0.22841395007389498,0,1
3584,281,123.96384098146403,Online,Clothing,DE,15.0,0.13559437760292511,0.4000745284456554,0,1
7051,867,162.1758876601782,ATM,Food,TR,10.0,0.12917356795371696,0.23789883921933808,0,1
247,23,464.01386842411216,POS,Grocery,TR,15.0,0.11518368460131793,0.24305741841380285,0,1
9003,720,87.91841778024225,QR,Travel,US,16.0,0.08892706908753625,0.05168774377668414,0,1
5449,669,169.98566271545377,ATM,Electronics,FR,15.0,0.057933600989089354,0.18755330420528757,0,1
292,524,135.10145762536567,Online,Grocery,TR,11.0,0.14098915560987457,0.041393826335248504,0,1
3538,44,70.8162541092884,POS,Grocery,DE,11.0,0.37898806450353495,0.18025142392483254,0,1
2740,801,116.78753258147081,QR,Grocery,FR,21.0,0.14063632431209885,0.08183059952477206,0,1
1305,136,77.46636081417985,Online,Travel,UK,15.0,0.05972287459427306,0.03700771735982678,0,1
5977,931,323.4172603244355,ATM,Travel,FR,16.0,0.40529989551944656,0.3455760892216819,0,1
2609,617,269.1235695413656,ATM,Grocery,UK,12.0,0.2240825333286052,0.07119902872375565,0,1
4843,616,93.81535034158362,QR,Electronics,TR,6.0,0.08820036280575441,0.40603792648030446,0,1
2672,140,292.4551734333554,QR,Clothing,DE,18.0,0.35368553201706876,0.21969292837351426,0,1
1958,769,150.93931216712244,ATM,Electronics,TR,12.0,0.12031956444921275,0.12974844586046375,0,1
9182,661,60.14079249330799,Online,Travel,UK,21.0,0.34722001186575874,0.19918994716629643,0,1
4624,300,79.67589983892282,POS,Clothing,DE,13.0,0.2758889345597712,0.29265416239189274,0,1
9731,57,542.346643375111,POS,Grocery,UK,17.0,0.18720626042317967,0.17046195755018634,0,1
4915,850,1.1900594029308937,ATM,Clothing,TR,21.0,0.29756042430877244,0.1495190679317915,0,1
728,859,0.0,POS,Food,US,19.0,0.04740339375267627,0.08989012416848227,0,1
5625,212,70.95231922306635,ATM,Clothing,FR,23.0,0.24217522926399107,0.18691304415722246,0,1
72,870,48.023491135396235,Online,Grocery,FR,22.0,0.016489289983206562,0.21013133474203505,0,1
5737,778,41.6547077755691,Online,Clothing,FR,14.0,0.2815844522055387,0.01455635838702222,0,1
6437,296,85.94242780963208,QR,Food,UK,17.0,0.11874390284779769,0.096705701701943,0,1
8186,145,37.855569230763315,Online,Grocery,US,22.0,0.05545639300472123,0.07460884708987886,0,1
3901,839,59.126874379166566,POS,Food,UK,13.0,0.20391286798591862,0.03871787823758641,0,1
1153,731,26.851680046522837,ATM,Electronics,FR,9.0,0.10845660256275193,0.07923928912859728,0,1
6145,121,268.84972018260197,ATM,Electronics,FR,22.0,0.43736895637733,0.107933881984246,0,1
3601,513,109.70564222867397,POS,Grocery,TR,16.0,0.1232510330654124,0.08094968848140346,1,1
3642,777,483.9516489811832,POS,Food,DE,4.0,0.4748848846728457,0.1000098978411637,0,1
6963,59,61.91360296335665,POS,Electronics,UK,20.0,0.48526879900948383,1.0,0,1
8199,769,123.40236569181681,Online,Clothing,TR,11.0,0.12771430846858306,0.1923079594794192,0,1
3721,749,20.640941797082537,ATM,Travel,UK,21.0,0.033575066724870734,0.025127210079444677,0,1
4746,957,359.5412675366231,ATM,Electronics,DE,2.0,0.2229229062364369,0.1327970225143469,0,1
6328,193,279.2444951160262,POS,Food,NG,23.0,0.18984081242827897,0.26590133252848536,0,1
5141,617,71.91596439225692,QR,Food,DE,12.0,0.15843094668690957,0.11420591323050834,0,1
4914,550,476.99810834348693,Online,Clothing,TR,8.0,0.01565642891335777,0.04427559845020953,0,1
4839,975,210.25702588998604,POS,Food,FR,23.0,0.11313934330829595,0.03830940714928947,0,1
4159,984,262.9629519495088,POS,Electronics,FR,10.0,0.17213503520906015,0.31114720942776913,0,1
8179,325,579.026263696276,Online,Clothing,FR,3.0,0.14430200785367356,0.11390535705718138,0,1
3633,765,21.556226013995953,ATM,Electronics,FR,15.0,0.198816721083456,0.16945558315295575,0,1
6441,799,165.50333466870345,POS,Travel,DE,16.0,0.28085482409226664,0.18701760101283033,0,1
394,110,50.23519490881686,QR,Clothing,FR,14.0,0.01992958695011448,0.11723419885715908,0,1
8430,610,59.899198874419135,ATM,Grocery,UK,22.0,0.07020394283957275,0.3344599114860854,0,1
2095,11,391.9952050674438,POS,Clothing,TR,11.0,0.1390028866110811,0.05422534141012664,0,1
172,382,417.65920493189174,POS,Clothing,UK,23.0,0.06095855875028912,0.059205747085882846,0,1
4354,194,348.33163668227985,POS,Travel,DE,20.0,0.24734833543914111,0.16284278887420678,0,1
9324,554,490.0276040584848,POS,Travel,DE,19.0,0.18200192434259307,0.375652817885332,0,1
5158,83,125.13186631321746,QR,Grocery,TR,13.0,0.03915169258251554,0.522056906535441,0,1
6481,832,449.45530621699527,POS,Grocery,US,23.0,0.4559745827149142,0.14816704647620915,0,1
9404,835,110.0474536448318,QR,Electronics,TR,17.0,0.13738427719620483,0.3126667814125373,0,1
7806,437,0.0,Online,Travel,UK,16.0,0.3223183872328974,0.1279489436252653,0,1
2571,120,24.95624382171434,POS,Travel,US,2.0,0.057352051521220374,0.015469977224718805,0,1
1236,138,131.56879129977804,POS,Electronics,UK,14.0,0.13415449335066962,0.09142895905006254,0,1
8879,273,18.813500048422835,POS,Grocery,DE,17.0,0.11372550421820621,0.3670736693055465,0,1
5962,336,353.65597125685963,ATM,Electronics,US,7.0,0.5007497854812127,0.4876524158062682,0,1
1797,500,138.6469628757995,ATM,Grocery,FR,4.0,0.7294180690274982,0.6423930632164853,1,1
5594,830,119.87974889221356,Online,Food,US,21.0,0.5680864796994656,0.2535936995671525,0,1
5371,907,57.75520441663191,QR,Travel,FR,5.0,0.07422577652213598,0.06581931168845714,0,1
8835,886,243.2562291700912,POS,Clothing,US,1.0,0.5081084245499328,0.25823179463141144,0,1
1620,287,127.91098375224551,QR,Clothing,US,16.0,0.30555852383038373,0.10170060274671198,0,1
8048,762,96.91065020499786,ATM,Food,TR,17.0,0.032582572887746325,0.05138853689450147,0,1
9041,133,33.08874864269244,Online,Electronics,DE,23.0,0.014410612303937689,0.109799549597446,0,1
2708,614,121.0352987105652,ATM,Clothing,DE,14.0,0.19644621705460752,0.43027123309777177,0,1
5298,616,318.3290478318312,ATM,Clothing,UK,17.0,0.30870877164624055,0.6410126815482702,0,1
2572,937,433.85492992168224,QR,Clothing,DE,22.0,0.10298376480571596,0.07674041701096945,0,1
9261,905,12.006257441867477,POS,Clothing,US,22.0,0.03516793744425299,0.12593856436783793,0,1
6634,251,16.850113474921294,QR,Grocery,FR,15.0,0.10208805097875102,0.17632771967040686,0,1
256,82,73.98156121664223,ATM,Clothing,FR,23.0,0.09808678495572426,0.01931833372324765,0,1
2649,541,71.6861488685869,Online,Clothing,US,11.0,0.08079457408189354,0.06122767785040811,0,1
7113,711,69.88110594378517,QR,Electronics,TR,20.0,0.015619574463735696,0.17572029036337342,0,1
2630,289,203.39657041113034,ATM,Clothing,FR,19.0,0.011040770122789322,0.01647468692477541,0,1
4281,237,36.34976739985167,ATM,Grocery,TR,19.0,0.01569097322421071,0.2249018285664723,0,1
9033,968,189.1043300585714,Online,Electronics,UK,6.0,0.13400222419230623,0.24866981969818405,0,1
1114,105,156.44936886524684,ATM,Clothing,UK,22.0,0.3997474435784325,0.11099400561134302,0,1
2992,55,175.94949054033856,ATM,Electronics,US,5.0,0.10269346709160379,0.0516047062220281,0,1
26,649,319.66060806229706,Online,Grocery,UK,11.0,0.2845145108993976,0.20794748760233364,0,1
4425,136,345.37706059490756,POS,Travel,FR,20.0,0.07321668624992263,0.3479103882353322,0,1
9659,206,286.4349680151298,POS,Travel,TR,9.0,0.297065713432192,0.4902150001721243,1,1
6145,236,11.766841876299203,ATM,Clothing,TR,22.0,0.032764041855638006,0.11350524407066308,0,1
9212,498,15.459528328448513,QR,Travel,UK,13.0,0.3518200016992567,0.4554856410468782,0,1
9167,61,23.88031764728958,ATM,Food,DE,18.0,0.21762809941868788,0.15543780098935464,0,1
7486,196,35.44454222359095,Online,Clothing,DE,15.0,0.37347551411886687,0.0974981833554306,0,1
5575,339,129.81202576247654,POS,Food,TR,20.0,0.737625349338209,0.10386022750231978,0,1
8379,75,206.24616296286723,ATM,Electronics,US,22.0,0.04436889583097111,0.17950418937043403,0,1
8084,390,63.84906493349294,ATM,Travel,US,23.0,0.05959837283355876,0.43488273549666806,0,1
5921,193,185.4739829858949,Online,Food,UK,21.0,0.21524214317149992,0.10607650685486067,0,1
3029,37,40.47141477606334,Online,Food,FR,12.0,0.5932681419029936,0.457325314193592,0,1
2484,672,35.560298683474095,QR,Electronics,UK,9.0,0.1619824441780043,0.08897328525553942,0,1
8613,59,48.058917403246326,QR,Clothing,UK,14.0,0.05161091331322311,0.03790159597984,0,1
4025,695,243.10584032758362,QR,Electronics,UK,11.0,0.18327536394503363,0.02320787975870659,0,1
5061,458,506.8771358558717,QR,Travel,FR,10.0,0.18583582004419352,0.5457300495758549,0,1
5243,597,168.51597697190348,POS,Grocery,TR,3.0,0.3861906904004911,0.11145658715723258,0,1
4503,983,420.7986364349276,ATM,Electronics,DE,9.0,0.06995100542998749,0.34229780393587816,0,1
3451,718,280.03032856454416,QR,Travel,FR,21.0,0.1833555878004532,0.3206017343942303,0,1
9466,756,632.6075129823236,Online,Travel,FR,16.0,0.2010455195320182,0.0656189392426607,0,1
7352,21,73.39955798780716,QR,Grocery,UK,21.0,0.07966334351975626,0.3071232748293181,0,1
3786,451,33.960672407900816,Online,Grocery,US,5.0,0.18214747685382893,0.0479218279541892,0,1
5707,755,24.15316191518695,ATM,Electronics,DE,17.0,0.6750835772595416,0.13589073535863522,0,1
830,202,103.42207946137265,QR,Clothing,TR,11.0,0.8709445965062378,0.13317286796868288,0,1
2889,118,898.1093097690041,Online,Grocery,US,5.0,0.32087292000532125,0.42942085535054064,0,1
8040,824,578.1776708898824,Online,Grocery,DE,12.0,0.2869308429599171,0.047317659289917886,0,1
3189,192,18.73312720462899,POS,Grocery,FR,11.0,0.09867345088721657,0.03578951188552388,0,1
8539,297,20.868937927367963,Online,Grocery,TR,22.0,0.2569870342605237,0.09933851508516418,0,1
5150,479,61.76699418067344,ATM,Electronics,TR,16.0,0.42769799473690073,0.08887699588918974,0,1
3541,7,13.051344041570173,POS,Grocery,FR,22.0,0.21629719792042754,0.1519795170242673,0,1
6008,104,8.443683489039921,ATM,Food,DE,21.0,0.09070458315627072,0.042084387589494815,0,1
7339,716,552.3224227667844,Online,Grocery,FR,8.0,0.13849583206146077,0.7245983978549388,0,1
3547,578,1024.206960768714,POS,Food,US,7.0,0.7889918416190659,0.2181198299752658,1,1
9200,992,12.231428557247554,Online,Food,US,10.0,0.22489125695551265,0.09158705022680887,0,1
1348,941,111.39591661929533,POS,Clothing,US,11.0,0.10898392343230862,0.10457107315344588,0,1
7209,143,224.72251502793839,POS,Food,UK,6.0,0.3731945386067796,0.22248871407609908,0,1
3055,24,259.8404023343781,Online,Food,TR,2.0,0.0831750899147336,0.04454147196022137,0,1
38,915,3.4395882655458747,ATM,Travel,US,22.0,0.02254676438523888,0.2597409254596035,0,1
105,337,66.78729663827677,POS,Grocery,DE,17.0,0.305378202293814,0.18589445633944424,0,1
7646,681,122.72339428856529,POS,Grocery,TR,7.0,0.5963204906042496,0.10125752475706806,0,1
8474,137,316.66642929416116,POS,Clothing,TR,9.0,0.19477582038509816,0.22885331827686684,0,1
8472,203,63.06878958038672,Online,Grocery,TR,20.0,0.16307500903214694,0.2755332715540272,0,1
2080,237,201.19774666317934,Online,Food,US,16.0,0.06542936798335666,0.13364502143041637,0,1
8547,5,399.7089529574484,QR,Travel,UK,7.0,0.12561038242100417,0.32212885977463324,0,1
2103,330,710.4070669350627,POS,Travel,TR,23.0,0.014852684372937946,0.16387147025147492,0,1
5741,569,354.39239442845724,QR,Grocery,TR,11.0,0.3362983025576121,0.1318139123956622,0,1
6711,442,127.25022147104002,POS,Food,US,22.0,0.4798520739698012,0.024926308193290395,0,1
4720,789,7.341551074181263,QR,Electronics,DE,14.0,0.511746811193678,0.3991131387931839,0,1
996,181,75.2985824063002,QR,Electronics,FR,1.0,0.06581562800558548,0.021654033807505316,0,1
9254,157,166.58981870506008,QR,Grocery,UK,23.0,0.11970915965155512,0.06967831773765926,1,1
7328,124,12.879398828450666,Online,Electronics,TR,16.0,0.020804999773415447,0.2560412189139003,0,1
8312,725,405.545508933642,QR,Grocery,DE,12.0,0.1214551635569891,0.03884183162865268,0,1
3378,982,0.9695165349583454,ATM,Clothing,FR,17.0,0.030904874714117455,0.05726833081901299,0,1
810,235,39.74163751481464,Online,Food,US,12.0,0.048845842833465374,0.13108429669503494,1,1
5440,493,309.6781875141599,POS,Travel,UK,3.0,0.10144743616667244,0.22126940283064006,0,1
9787,842,165.05379973317466,POS,Clothing,TR,6.0,0.17524769659880454,0.09294368044652848,0,1
9975,402,183.40651700133137,ATM,Electronics,FR,21.0,0.30695206763243504,0.29969041707617905,0,1
3922,142,71.61021777867414,QR,Electronics,TR,2.0,0.09525581954297807,0.0968973161664408,0,1
6127,209,107.69462118931001,QR,Grocery,FR,8.0,0.04440495754363339,0.17832045112541414,0,1
3227,191,184.2152286450477,ATM,Food,US,20.0,0.1131332876240301,0.17246738278198678,0,1
8828,798,125.2828112808924,ATM,Travel,TR,19.0,0.3220407091774664,0.21700030417960736,0,1
9763,810,173.28165751517278,QR,Grocery,US,12.0,0.04993969036232132,0.33294423940412754,1,1
9663,267,4.897758203904904,POS,Electronics,US,14.0,0.015038662652037548,0.05930754375327621,0,1
4929,370,98.29833427098545,Online,Grocery,TR,5.0,0.2456294649492529,0.12543801950068878,0,1
9170,226,0.0,ATM,Electronics,DE,23.0,0.012185973621530163,0.08620310726510047,0,1
9764,428,718.9543472982303,QR,Grocery,TR,13.0,0.09906008672786924,0.12264034699059417,0,1
1585,301,0.0,POS,Travel,US,7.0,0.0900930753205264,0.059040957195215016,0,1
8596,538,157.67756360900867,ATM,Electronics,TR,16.0,0.3262967459503359,0.08471431186058224,1,1
6028,742,385.8635346032247,Online,Electronics,TR,8.0,0.07395382972927159,0.02593705904570769,0,1
2822,239,8.851432684569534,POS,Grocery,TR,13.0,0.046266384750608125,0.18302929086043698,0,1
200,813,56.80560531651927,POS,Travel,DE,10.0,0.11688169555482217,0.18045488031057663,0,1
218,68,348.40217178001524,Online,Food,DE,20.0,0.10252119852904376,0.09979443326008539,0,1
5214,460,168.58318423616552,Online,Electronics,US,4.0,0.31716641634195764,0.1935450024506039,0,1
7611,677,133.43188407865415,Online,Food,US,8.0,0.15683401520555554,0.14621280287386024,0,1
1910,564,293.2595159360023,POS,Electronics,TR,16.0,0.1706836797972204,0.09377007662597847,0,1
6098,490,25.938975737061085,Online,Grocery,UK,9.0,0.1182429975098157,0.021520409383464972,0,1
2856,40,85.1061985260462,Online,Grocery,US,21.0,0.12681884550846512,0.016590386615201735,0,1
8509,449,129.57652518641902,POS,Grocery,UK,6.0,0.5475406521168517,0.08940182307720991,0,1
7088,258,22.920932330883915,POS,Electronics,UK,13.0,0.15910494583933407,0.20430191001798553,0,1
2504,436,18.805541950314172,POS,Electronics,UK,9.0,0.40910773115143356,0.3759219379060162,1,1
3107,747,37.963548773441225,POS,Grocery,DE,19.0,0.19168737151379306,0.3648306553190843,0,1
2170,566,378.1064662274413,POS,Food,FR,19.0,0.1887090482420721,0.033358399800772584,0,1
1740,451,522.013514903894,Online,Grocery,TR,21.0,0.43165274444400237,0.4841854904428849,0,1
4658,913,5.88544154617059,Online,Travel,FR,18.0,0.25111153158756394,0.04663306023651872,0,1
2765,71,43.39818220214949,POS,Food,US,14.0,0.009513381063700187,0.17316700081480363,0,1
9128,552,150.7062954650526,POS,Electronics,UK,17.0,0.14688504714902298,0.09637113211281327,0,1
5888,58,16.82001443516333,QR,Electronics,TR,22.0,0.2585998943398763,0.11205862972818832,0,1
8106,267,85.50118873917407,QR,Clothing,US,8.0,0.05328957733110926,0.029287661697284265,0,1
861,269,0.0,ATM,Grocery,TR,21.0,0.0982859352352831,0.06865867826786515,0,1
8123,962,178.8137624295679,ATM,Electronics,DE,19.0,0.10328414160369485,0.31106062628085096,0,1
1378,612,94.15748241257222,ATM,Clothing,UK,20.0,0.22456216798155998,0.11286955895670313,0,1
6525,827,50.27387520961773,POS,Grocery,DE,22.0,0.06174178931324927,0.10846462574439786,0,1
6655,380,290.7124344645962,POS,Food,FR,16.0,0.03525552951559766,0.025171654797024316,0,1
2698,553,242.76806049952137,ATM,Travel,US,21.0,0.11887724674749407,0.1634522028925562,0,1
2039,170,389.95754109361087,Online,Electronics,UK,16.0,0.011732689206981473,0.009705752014914106,0,1
5184,612,1.9054951165338634,POS,Travel,FR,23.0,0.4751436395797406,0.11838533549691914,0,1
5745,608,300.0462382622526,Online,Food,DE,20.0,0.06662289092288678,0.0958328731488888,0,1
7602,200,111.89538335075025,ATM,Electronics,FR,16.0,0.042846959004476555,0.011500642049163179,0,1
9110,659,141.01815937620236,Online,Food,TR,20.0,0.02082864225326264,0.052410478559264624,0,1
4996,753,477.34708730201913,POS,Travel,TR,18.0,0.4928793385689166,0.1469287995394493,0,1
3712,561,7.751399943907413,QR,Travel,US,22.0,0.05169501265240994,0.05195379326705746,0,1
9651,53,38.639992878680985,ATM,Food,FR,20.0,0.03932648819664842,0.21977592077330202,0,1
7159,553,111.38584623175484,ATM,Travel,US,13.0,0.11481638778940957,0.13143612213281428,0,1
7422,334,117.6584188007221,POS,Clothing,TR,21.0,0.05658017891782149,0.14396039407331265,0,1
1496,363,41.49308408399875,Online,Electronics,UK,15.0,0.023845738713314395,0.013083506820918436,0,1
2833,816,12.525070781736254,ATM,Clothing,DE,22.0,0.01638725765171276,0.02775819338655847,0,1
7248,882,0.0,ATM,Electronics,US,21.0,0.07871381795501955,0.11004271067519313,0,1
3453,59,449.4425658012474,ATM,Clothing,TR,4.0,0.08911838206054185,0.3205809933335749,0,1
2972,522,78.10815610904137,Online,Grocery,TR,14.0,0.0720085416348412,0.1263175153554176,0,1
6103,757,10.54695745702104,Online,Food,US,21.0,0.19178255688270965,0.1819117629891484,0,1
5355,232,188.94196479994915,ATM,Electronics,UK,22.0,0.11589230150877265,0.08331922820301628,0,1
9645,917,56.77529441456561,ATM,Food,DE,16.0,0.19690333046357456,0.12405428780807082,0,1
769,786,61.34178228945868,ATM,Electronics,UK,20.0,0.398510487401496,0.40464334878388025,0,1
7939,573,757.661767186174,ATM,Grocery,UK,17.0,0.38263596968658287,0.19136750770985178,0,1
5369,133,362.8072907144841,ATM,Grocery,TR,4.0,0.4249689581201796,0.2005708192377358,0,1
2425,147,18.796531395788588,Online,Food,FR,17.0,0.4868428909732628,0.28934344778407517,1,1
7370,865,62.136499937958405,QR,Travel,US,3.0,0.19083453183417565,0.05907847865376467,0,1
680,912,67.0251415961665,Online,Food,DE,10.0,0.04965415141047035,0.04429812314914677,0,1
7172,438,77.69367489742933,ATM,Grocery,US,13.0,0.10751594548919645,0.14842445297079057,0,1
3083,769,113.85682922953713,POS,Grocery,TR,20.0,0.026559390913507015,0.07145256655910162,0,1
585,663,188.54267869066496,QR,Travel,TR,22.0,0.07964853284625048,0.2117299365609757,0,1
5125,270,43.92285306288093,POS,Electronics,TR,5.0,0.18068789072064367,0.3562574504830361,0,1
1249,719,6.1548172866261055,POS,Travel,FR,13.0,0.045421743025414345,0.0756521315471212,0,1
8299,843,355.085759410786,Online,Food,UK,21.0,0.07130494027968186,0.2980967931886989,0,1
3215,81,31.828246862884352,ATM,Food,FR,15.0,0.016859320180511,0.12628289742769666,0,1
9814,596,110.549343192198,POS,Food,US,13.0,0.12069011880032787,0.056190141686772575,0,1
3842,642,9.973016165504664,QR,Food,DE,16.0,0.0759381377923162,0.27521424106479886,0,1
7678,899,174.54987344363715,QR,Travel,UK,22.0,0.28815660306704344,0.35864846155690744,1,1
4123,550,66.5280301379046,QR,Electronics,DE,22.0,0.1952377532209125,0.052404890770037967,0,1
5337,52,72.49334461480355,ATM,Clothing,US,8.0,0.07330207676125008,0.26290838121956184,0,1
9439,11,129.80030404300678,QR,Grocery,FR,21.0,0.05218514192616535,0.2894209091565731,0,1
667,669,81.12678037753143,Online,Clothing,US,4.0,0.3943271878104826,0.201111878996861,0,1
8420,246,198.49208406843093,POS,Food,FR,15.0,0.16533189923602545,0.33399750583862053,0,1
1839,903,207.96043362341211,ATM,Grocery,DE,13.0,0.3332503452941773,0.640271105143244,0,1
6605,206,65.56001274295404,ATM,Clothing,TR,22.0,0.1732441940847567,0.3168188994172525,0,1
663,939,509.1412845005437,POS,Clothing,DE,23.0,0.12245429716196435,0.023740263677406392,0,1
6651,715,102.95949195032247,POS,Grocery,US,21.0,0.048871613508071184,0.07029993566673075,0,1
1958,135,38.0802937782714,Online,Travel,DE,4.0,0.07539860972604673,0.04672099369864004,0,1
6183,87,734.2812897254632,POS,Clothing,US,15.0,0.13292333322933822,0.2028346967849704,0,1
3685,421,4.8120649312146275,Online,Clothing,UK,20.0,0.031397916093334234,0.060384602762129605,0,1
1131,97,636.842319389263,ATM,Electronics,FR,23.0,0.12745740431749444,0.16070241872625673,0,1
2930,808,61.90045309017538,ATM,Grocery,FR,4.0,0.31467509361977297,0.5161650040048746,0,1
5145,498,165.96059646989968,QR,Electronics,US,22.0,0.24744423841569957,0.043129329736418545,0,1
8824,5,5.2165249381548895,ATM,Clothing,UK,14.0,0.10776236383694797,0.3342582325295318,0,1
7530,661,114.86649056940698,Online,Travel,FR,4.0,0.37077146309762643,0.29533848882952507,1,1
9861,913,158.70913475773008,POS,Grocery,UK,13.0,0.6174031622764385,0.8362218729201868,0,1
4738,507,149.08464595412474,ATM,Clothing,FR,7.0,0.3252614902349167,0.4968689836931088,0,1
8782,440,84.68357533059122,QR,Grocery,UK,15.0,0.10135632487302197,0.06677135736023283,0,1
4309,915,69.15358447332771,ATM,Food,TR,11.0,0.17100549905583773,0.023159363265163567,0,1
5780,272,0.0,QR,Grocery,TR,19.0,0.1383381347885009,0.27328994978099375,0,1
4617,395,200.93971894019825,ATM,Travel,US,22.0,0.17842924406075103,0.12141537701096293,0,1
9813,861,174.6101145915734,ATM,Grocery,US,12.0,0.03324881298443404,0.14527070908572434,0,1
4759,247,122.89606297788309,ATM,Travel,DE,13.0,0.3048043936800437,0.5682210349690123,0,1
403,141,37.52340841214951,ATM,Clothing,UK,22.0,0.34241228220955555,0.39335695109316937,0,1
1986,335,50.69150587094288,QR,Travel,DE,2.0,0.10157348130331684,0.02007483845817492,0,1
448,558,103.15496153323109,ATM,Clothing,US,23.0,0.02884936374245499,0.036793058153032396,0,1
3408,946,388.2673476288665,Online,Electronics,DE,12.0,0.19587337618146755,0.30138379534125637,0,1
4150,24,102.85584988691853,QR,Travel,FR,10.0,0.10598219139563424,0.2670353650556792,0,1
8888,35,444.0019869306885,ATM,Grocery,DE,14.0,0.03935390922256727,0.050940746849035316,0,1
7843,279,2.3495545178559123,QR,Clothing,FR,7.0,0.014074577885607963,0.020821352226549253,0,1
9570,29,131.8108310625294,ATM,Grocery,US,17.0,0.025409347478420326,0.05487300196400438,0,1
9087,239,0.0,POS,Travel,FR,19.0,0.03957983295767616,0.01999672103133059,0,1
2050,790,170.28494542396777,POS,Travel,US,22.0,0.12628454902632735,0.14972317523675838,0,1
6863,75,63.35377791074748,ATM,Grocery,FR,14.0,0.08396781467587618,0.03666957669004241,0,1
2525,365,421.5476418212765,POS,Food,DE,19.0,0.07064120544048325,0.19504082684684032,0,1
9981,807,110.66876439850532,QR,Travel,TR,6.0,0.03121623543416712,0.2866439448503617,0,1
204,412,377.60648848118285,QR,Grocery,UK,20.0,0.230382089993247,0.2888996323182017,0,1
9162,34,87.56241525650292,POS,Clothing,FR,23.0,0.09316939725096701,0.0679328653217073,0,1
6712,262,0.21171702697429762,POS,Clothing,DE,16.0,0.33423279388964267,0.3395261506265106,0,1
3967,836,29.090559494280246,POS,Grocery,FR,21.0,0.1672993150576693,0.37065494241175434,0,1
1331,124,233.27158743070635,QR,Electronics,TR,11.0,0.4020823340863582,0.2743388313272953,0,1
8835,101,638.3296561981296,ATM,Food,FR,21.0,0.05291551775565691,0.24639185712633244,0,1
4368,44,2.051604309125755,ATM,Grocery,US,5.0,0.17639088282021254,0.13852982706778694,0,1
6628,72,58.74403069505127,ATM,Food,TR,20.0,0.4443565542297036,0.426957080290737,1,1
261,780,50.381282154535064,Online,Clothing,DE,23.0,0.09165490796867551,0.01772279786688454,0,1
7501,385,36.62216153804519,ATM,Travel,DE,17.0,0.06250515094269388,0.05319010379248316,0,1
5508,345,23.395488180769682,ATM,Electronics,TR,5.0,0.13877569084003952,0.19721004335410153,0,1
3814,297,6.314447323970818,Online,Clothing,TR,21.0,0.09806798829874334,0.15046372708464784,0,1
8963,429,566.5763065957914,Online,Food,DE,23.0,0.2653786444489636,0.370768247094439,1,1
6656,663,274.60743010285546,QR,Clothing,UK,16.0,0.07426640395666542,0.13310271464242504,0,1
8298,855,438.079119175228,POS,Electronics,US,23.0,0.21964567817298883,0.009503131192155073,0,1
212,70,589.7678068692699,POS,Electronics,FR,13.0,0.07171541553693567,0.05308316359104237,0,1
2900,53,66.6916571587294,Online,Food,DE,21.0,0.7835856202377786,0.38965035604808423,0,1
290,467,549.4793485506395,POS,Food,US,9.0,0.18560381432582096,0.43202283254304813,0,1
5135,725,294.4929662739925,ATM,Clothing,US,19.0,0.3626711943364109,0.1737958894359938,0,1
7084,457,557.0240221359868,ATM,Electronics,TR,22.0,0.2048744470378017,0.18792574261589307,0,1
3039,686,62.479311187306266,POS,Clothing,FR,14.0,0.06032028441374073,0.1317057708238159,0,1
6469,547,346.7068036639646,QR,Clothing,FR,18.0,0.11949672176746302,0.026046236347927007,0,1
4104,264,3.5168818022048933,ATM,Food,UK,18.0,0.08879703929248044,0.011983148810612148,0,1
327,70,189.2932249707648,ATM,Travel,FR,8.0,0.2985323211264109,0.0565619374972723,1,1
5919,641,203.0036817156998,Online,Grocery,FR,7.0,0.19972921247897846,0.08494855051573222,0,1
9241,813,88.62133490649806,POS,Travel,FR,13.0,0.15221385957258388,0.24811954778676593,0,1
6518,375,1008.9910226335712,ATM,Travel,FR,15.0,0.32880547587373776,0.4132292851104015,0,1
6905,168,1053.3426263512586,Online,Food,US,3.0,0.2754404204251404,0.4311341132544519,0,1
1454,515,33.1239363179478,ATM,Food,TR,14.0,0.058639049659335904,0.03600229973153797,0,1
3004,854,155.7769619949042,Online,Food,TR,15.0,0.12493529209572289,0.33270296297637414,0,1
5282,686,17.18755042516542,Online,Grocery,US,16.0,0.014225080960020398,0.06113473618741012,0,1
5960,280,35.42950681437871,ATM,Clothing,TR,22.0,0.0912894414397953,0.6811147212206289,0,1
6936,266,284.17069442588684,Online,Food,UK,11.0,0.09633718248445172,0.05596691217451004,0,1
2361,795,64.34346625889988,POS,Food,TR,14.0,0.01472556002524187,0.10993284171640802,0,1
1211,281,77.58542066189287,Online,Grocery,TR,22.0,0.2438708835782651,0.04056621489943581,0,1
1316,370,374.395719216438,ATM,Clothing,DE,17.0,0.104019409169017,0.04638024601842826,0,1
8093,773,43.562337621128755,POS,Grocery,US,22.0,0.05292032632987492,0.0657623234712351,0,1
8246,707,233.5840135786621,ATM,Clothing,UK,15.0,0.10808378902242026,0.5222468847592212,0,1
4047,742,639.1765386771317,ATM,Travel,DE,2.0,0.25732063815384365,0.3194528112901682,0,1
54,82,226.7823368945161,ATM,Travel,TR,19.0,0.1268042469885413,0.09542732688487912,0,1
2884,125,103.62255108739355,ATM,Food,TR,18.0,0.21835402690179623,0.1818181769139593,1,1
4199,577,35.66454596968818,QR,Grocery,FR,22.0,0.05626695130355296,0.08451779045453063,0,1
2135,81,5.581500155824081,QR,Travel,DE,13.0,0.049483177872662626,0.08500185921999945,0,1
7620,702,10.596827405105294,QR,Food,UK,22.0,0.1670649635601064,0.07092708757987776,0,1
789,2,220.36288720685928,POS,Grocery,US,11.0,0.5422507445221051,0.37302092229624373,0,1
4833,187,3.9280756725719,Online,Grocery,UK,17.0,0.06796285544418909,0.09959258664279674,0,1
635,167,235.15771045591725,POS,Clothing,US,16.0,0.12183913899796167,0.17037280309460523,1,1
4447,196,10.581215481046632,Online,Travel,UK,22.0,0.05099315061915734,0.5113212291051674,0,1
7049,678,247.7486224130486,QR,Electronics,FR,3.0,0.27364181550760647,0.2355215937119995,0,1
7894,877,18.674285845854072,ATM,Travel,TR,16.0,0.03932453329546872,0.07245832730231239,0,1
6871,281,70.74054347852642,Online,Electronics,FR,9.0,0.09296226595721784,0.15614773714809121,1,1
9946,991,18.276710679565294,POS,Electronics,TR,13.0,0.11603235063967016,0.08724502044326721,0,1
8883,810,104.75327603352265,Online,Food,US,8.0,0.05017426429799235,0.20025492292176764,0,1
7121,752,504.58797095244665,POS,Travel,US,18.0,0.10318123818075607,0.38504291766544896,0,1
612,818,196.0908520839392,Online,Food,TR,11.0,0.04943600569216707,0.4386820745657939,0,1
4960,557,118.83535906652865,ATM,Electronics,FR,21.0,0.4865992941879957,0.4705035922951515,0,1
1586,826,172.9977192455809,Online,Electronics,DE,16.0,0.3248266819793643,0.44528437664767356,0,1
7408,552,203.4963538652296,Online,Clothing,TR,9.0,0.12117250799592866,0.1330020686501845,0,1
8810,980,137.56430855136554,Online,Travel,US,17.0,0.04201614106094868,0.12155356349587326,0,1
5527,204,15.923201714550688,POS,Travel,TR,2.0,0.1126454121986982,0.05211238091823585,0,1
8494,860,14.090289307025955,POS,Food,TR,18.0,0.2256217080964205,0.2303808908283651,0,1
4951,83,30.83318908964549,ATM,Clothing,FR,21.0,0.1071879718136334,0.23826103264823167,0,1
5506,257,33.173887666189934,Online,Clothing,US,13.0,0.08509179411982154,0.3204146672890225,0,1
5575,526,197.88744551057312,QR,Travel,FR,15.0,0.18091813165764262,0.09255094989957559,0,1
1278,336,5.9341999793755065,POS,Food,US,7.0,0.07238395169193637,0.0564798621063912,0,1
7062,247,36.28168364972767,QR,Clothing,TR,3.0,0.18779466489219077,0.21535562082340556,0,1
5933,915,2.755796831014918,POS,Grocery,US,14.0,0.057726737048191555,0.047760720316630305,0,1
3719,673,0.0,Online,Grocery,DE,10.0,0.06024539675512398,0.04023578742994642,0,1
2307,371,318.83759336264086,Online,Travel,DE,21.0,0.2112269679533767,0.49014316645450123,0,1
6966,680,46.169981531948395,Online,Grocery,US,16.0,0.20909038193270263,0.1075852181630045,0,1
631,963,50.99343195506418,ATM,Food,UK,18.0,0.46017284286020044,0.2090687005513392,0,1
3705,395,354.0715690824873,ATM,Grocery,FR,17.0,0.08871961409565822,0.06175677787233294,0,1
3984,288,226.80884147202164,ATM,Travel,US,6.0,0.1190004542003195,0.26467753442199826,0,1
4769,65,12.625123630950535,POS,Electronics,UK,21.0,0.16376260307518636,0.09188459557421992,0,1
1591,991,83.28200685683794,ATM,Travel,TR,12.0,0.15101220008725066,0.27353161202368853,0,1
9476,893,10.473600214500411,ATM,Electronics,US,22.0,0.29349557535046156,0.09400262527335398,0,1
9267,734,30.024568211642805,POS,Travel,DE,17.0,0.2019922807944605,0.08172003728083654,0,1
6804,37,155.94518616599126,POS,Clothing,US,23.0,0.05312164401727053,0.25686269129165434,0,1
4697,17,75.79225788075458,Online,Travel,TR,21.0,0.2976496053201678,0.21861527479138765,0,1
7278,616,311.0705036611371,ATM,Grocery,FR,11.0,0.10077226959637717,0.8725070090382167,0,1
844,529,13.178341277647757,POS,Electronics,US,18.0,0.01258572902684775,0.007844833446071118,0,1
9288,514,322.10240584885054,POS,Clothing,FR,23.0,0.3237045149820582,0.05724614085952614,0,1
3923,651,128.26842629049668,POS,Food,US,16.0,0.12225966682553437,0.11607316549105483,0,1
283,822,47.17498283615369,POS,Travel,UK,14.0,0.03656849518538535,0.045323830767385206,0,1
2529,916,102.17282400694975,QR,Grocery,US,22.0,0.01698259628906522,0.07228415350546744,0,1
5446,415,292.4506077261634,Online,Grocery,UK,22.0,0.11472962511748538,0.21603409007926735,0,1
1814,576,268.0146185453325,QR,Food,DE,12.0,0.17382693045824793,0.23308591287132582,0,1
7453,100,54.43000993838176,Online,Electronics,NG,14.0,0.25895167717138934,0.46474147899575063,0,1
7402,537,21.553636998282244,POS,Electronics,UK,16.0,0.09919404045964504,0.22255995355532338,0,1
2608,558,104.83691782284302,QR,Travel,UK,8.0,0.07984845835227225,0.15848058705289111,0,1
7185,760,39.835800608376665,Online,Food,US,10.0,0.025915742662315572,0.05967664681756193,0,1
757,719,249.24615891516993,ATM,Food,UK,16.0,0.14842197742358135,0.09486700949748439,0,1
1908,418,0.0,POS,Grocery,UK,5.0,0.010606536555630932,0.018871779535624404,0,1
4471,91,33.861104189649595,ATM,Electronics,TR,3.0,0.008462702834364422,0.35478597903394943,1,1
4126,414,1009.0471928341129,Online,Electronics,DE,18.0,0.20168591420344975,0.2084390216886375,0,1
7449,323,46.33154084427941,QR,Travel,TR,16.0,0.022750121399818694,0.030745197700089662,0,1
9099,797,414.45402204230055,ATM,Clothing,US,22.0,0.13928265462652198,0.07427299493764836,0,1
6152,180,4.818501092452541,POS,Food,FR,22.0,0.2741330859630349,0.039076847364487285,0,1
9274,910,14.747169061154386,ATM,Grocery,DE,20.0,0.07210729239427154,0.09585478869910542,0,1
554,924,62.87376710201182,QR,Travel,DE,15.0,0.17725469940466548,0.246682646763246,0,1
4073,30,10.42914808885733,ATM,Clothing,DE,19.0,0.08518159304269611,0.14045091145882316,0,1
7772,129,7.092266009892636,ATM,Food,US,21.0,0.13476240282212995,0.041846334762123856,0,1
2970,421,61.398359490615604,ATM,Travel,TR,6.0,0.05619251146614854,0.10382476911198527,0,1
5965,50,142.97883814868646,ATM,Food,US,1.0,0.26481426327088836,0.19517373104781935,0,1
239,116,16.75295118413208,ATM,Grocery,US,11.0,0.22003869470326548,0.09205019773096923,0,1
8989,537,36.11590080748004,Online,Grocery,US,7.0,0.30857720955807605,0.09107831559465412,0,1
7404,979,13.38662501744227,POS,Clothing,FR,8.0,0.3932971667772251,0.2032287814830131,0,1
3258,11,40.73672262770429,ATM,Travel,US,14.0,0.13863221648563379,0.2689140839874332,0,1
5625,535,70.8171171016238,Online,Grocery,US,7.0,0.13354422197000904,0.17306476621388853,0,1
1962,38,322.7435143308195,POS,Travel,FR,20.0,0.07370416678352813,0.31792272677899325,0,1
7860,236,194.28876745714294,POS,Travel,TR,15.0,0.1538767203470291,0.290657413206893,0,1
1443,403,119.76446086754412,POS,Clothing,FR,12.0,0.6451859815903638,0.5812885993767875,0,1
5037,660,142.22969180873793,POS,Food,FR,22.0,0.0866274547166309,0.2967731341479215,0,1
7808,588,94.64728047481246,Online,Electronics,TR,16.0,0.0529114634599358,0.016637404999945253,0,1
2828,837,18.13542267875519,QR,Travel,UK,19.0,0.038629822248961866,0.12131788228790644,0,1
5050,892,18.20703459241287,POS,Travel,US,17.0,0.13481525145174805,0.10363334029953773,0,1
9299,203,60.92799357518342,Online,Electronics,FR,9.0,0.21742507243652381,0.48390070539765806,0,1
7891,162,13.376907614961866,ATM,Grocery,US,19.0,0.13319896459456126,0.1509100809347996,0,1
6085,313,0.0,Online,Grocery,DE,18.0,0.039834455067642896,0.09382384744937157,0,1
8975,276,8.065088196769763,Online,Electronics,DE,18.0,0.08383419819844562,0.2722808476197877,0,1
8884,554,4.140982938175215,QR,Electronics,US,19.0,0.0881877771661891,0.025369282285427612,0,1
8084,532,454.3359969627953,POS,Grocery,DE,20.0,0.020776855837246647,0.33655466159649383,0,1
71,465,21.180690639484514,Online,Travel,US,9.0,0.14698466351714676,0.021526615884529296,0,1
9203,559,1.6179527478503406,Online,Food,UK,15.0,0.19772214495629914,0.19652320419930092,0,1
7450,898,195.37484043842102,Online,Grocery,TR,17.0,0.1551979198092814,0.1237755281684819,0,1
7218,441,95.30127797446688,POS,Electronics,FR,17.0,0.08226685666844533,0.1628813466152833,0,1
6479,987,191.1551587519024,QR,Grocery,US,9.0,0.04096594433001806,0.062017359650335585,0,1
7074,117,31.97768212082972,Online,Clothing,US,18.0,0.05209210742344166,0.1797304215395748,0,1
5248,95,109.5660183239935,QR,Travel,TR,16.0,0.3803210844145886,0.28589523066831213,0,1
8298,986,175.92534541441782,QR,Clothing,US,11.0,0.4425831332698636,0.347437862523202,0,1
6762,226,103.71321138415378,Online,Travel,TR,9.0,0.3156246025800169,0.36435945793057734,0,1
972,574,26.51157366901065,POS,Food,TR,6.0,0.2721228978001451,0.8795832862229482,1,1
829,400,414.4368413733065,ATM,Grocery,DE,12.0,0.0470764070556112,0.2715422471798978,0,1
2733,874,9.999990101174621,QR,Grocery,US,18.0,0.09141734589615756,0.165231011460017,0,1
7254,690,36.095123844473726,Online,Electronics,FR,21.0,0.11103978413430864,0.08845077897085617,0,1
4361,367,20.510457824141042,ATM,Food,TR,20.0,0.025072703874804786,0.04110919884546376,0,1
3749,766,92.93425186438876,Online,Clothing,UK,20.0,0.5748237531842869,0.26317037435166907,1,1
1439,856,137.76045454574393,QR,Travel,DE,11.0,0.4890894085882029,0.48827131975467775,0,1
8096,149,22.750597166988562,QR,Electronics,US,16.0,0.03945656215266755,0.07580208082510642,0,1
8710,589,0.8558818794991456,QR,Electronics,UK,14.0,0.05607652873870684,0.024182232331360392,0,1
536,665,88.19941138765793,QR,Food,US,17.0,0.02227119055398378,0.2442658190711381,0,1
3992,835,44.635876087046626,Online,Clothing,US,21.0,0.04150771501453318,0.2660128446855425,0,1
2594,782,0.0,ATM,Grocery,FR,12.0,0.05157274644011963,0.08169624688323684,0,1
1718,498,136.7819537425906,ATM,Travel,DE,11.0,0.07913977965627017,0.08877632613626743,0,1
637,111,130.34395777210466,ATM,Food,DE,5.0,0.2585335074147127,0.3171435300366295,0,1
8224,474,350.942846303798,POS,Electronics,DE,23.0,0.35979131973688655,0.09080952805228167,0,1
6921,880,456.1076681263855,ATM,Clothing,US,13.0,0.1401138566473888,0.19393060220621347,0,1
6805,172,42.361587046744624,ATM,Food,TR,21.0,0.13362791353752954,0.052103733325013016,0,1
9850,305,60.94007759033508,QR,Clothing,US,21.0,0.30055307117529007,0.17779865499937225,0,1
3940,687,266.11854227626606,POS,Travel,US,20.0,0.26760527350077923,0.2216870331826636,0,1
7533,530,45.425638396975934,POS,Grocery,TR,13.0,0.282451982895814,0.1145180107040608,0,1
6811,977,7.5399323858173295,ATM,Electronics,UK,23.0,0.09542530271254732,0.32061948591032013,0,1
3309,37,307.1493831625646,POS,Travel,FR,19.0,0.2020005637276792,0.32308646685044123,1,1
233,588,8.013239533485018,POS,Electronics,US,15.0,0.5672961281891412,0.10345250045330943,0,1
6474,111,178.86871850473653,Online,Grocery,FR,6.0,0.07782502418104217,0.18284186557887402,0,1
1059,752,411.59111807866304,Online,Travel,UK,12.0,0.6860419061043947,0.4330610608095924,1,1
1555,135,353.4778646623055,Online,Grocery,US,16.0,0.1887386596193201,0.014725248796957656,0,1
4045,230,67.04917457940607,Online,Food,DE,13.0,0.06180233688860044,0.2181822260240732,0,1
8907,951,9.236295829695626,POS,Travel,DE,8.0,0.04361937996017082,0.017672951479676395,0,1
3742,568,117.32584834132909,QR,Clothing,UK,15.0,0.10685567475413099,0.11040610255373173,0,1
2746,877,74.47223981819863,QR,Clothing,US,23.0,0.05231391341884132,0.10402365974592381,0,1
7558,865,24.181422617499724,QR,Grocery,UK,18.0,0.29108698795783267,0.09072985902048197,0,1
8078,823,0.0,Online,Travel,UK,18.0,0.1304054546896889,0.011382030851257548,0,1
3616,12,28.72444460842514,Online,Food,US,17.0,0.09102482445688068,0.43933814948517796,0,1
8157,955,20.50095515556833,POS,Electronics,FR,20.0,0.0929822279160321,0.09803116364280089,0,1
3341,282,289.79653722598067,POS,Grocery,FR,17.0,0.13188884934489725,0.13810432167909936,0,1
1217,120,45.30810750353045,POS,Electronics,DE,10.0,0.03831330307728957,0.021902293158059898,0,1
4496,971,0.963368546614146,QR,Electronics,TR,13.0,0.013488716927640811,0.07599075372425737,0,1
1827,7,78.88460710675713,ATM,Electronics,US,17.0,0.3639982021920938,0.16293797557866446,0,1
9995,59,39.08099516496452,ATM,Travel,US,3.0,0.12131932578629892,0.2927449055358593,0,1
5796,954,204.92691042164492,POS,Clothing,UK,10.0,0.10643585041735266,0.15032297245708498,0,1
4117,247,13.311417479687053,QR,Electronics,FR,13.0,0.0930177674892126,0.05543863587988928,0,1
9860,351,333.19432813934344,ATM,Travel,TR,19.0,0.1838633032135809,0.3068731793548977,0,1
8118,578,17.453603165491025,QR,Travel,US,17.0,0.14069760525014732,0.35001235863107727,0,1
2495,451,46.1939054783866,ATM,Clothing,UK,17.0,0.0396064334070636,0.016134030866726497,0,1
9888,950,719.402506534386,QR,Travel,DE,19.0,0.19845647415253798,0.2309932950468099,0,1
3678,206,9.735122618101478,QR,Food,US,19.0,0.04347738006608741,0.1414947526582574,0,1
7033,300,478.68912649514465,POS,Clothing,DE,8.0,0.036238412020834165,0.2815308578882846,0,1
5672,149,2.8756591015426594,Online,Clothing,US,14.0,0.23273610467613648,0.18903944615847285,0,1
8916,157,1.4360685918267748,POS,Food,DE,21.0,0.02690912653049086,0.05216614617341708,0,1
3782,74,212.1663788925635,ATM,Food,US,17.0,0.242804902077064,0.0675545799474512,0,1
1584,101,70.2355377105493,Online,Travel,DE,14.0,0.08263026318685676,0.05496286123621098,0,1
6763,529,70.92018115331558,Online,Grocery,FR,10.0,0.22783748441824597,0.45924119726778634,0,1
7090,320,80.8291056640671,QR,Food,FR,11.0,0.015646572052600442,0.03244821364643417,0,1
3936,102,542.9776702400918,Online,Electronics,TR,8.0,0.017410063290149994,0.06334692332295977,0,1
9299,30,442.9867308198111,Online,Grocery,FR,13.0,0.21429347749150035,0.3163987488767032,0,1
9770,268,3.189626104078577,Online,Electronics,US,11.0,0.0112740333427906,0.03965745628793332,0,1
7794,925,331.84752045944964,QR,Clothing,DE,22.0,0.2933167525733501,0.5240729365516908,0,1
4379,485,155.34435706601647,POS,Electronics,NG,20.0,0.15997910494377035,0.24765149542211606,0,1
7120,180,18.68111638683844,ATM,Clothing,UK,23.0,0.01880801920599847,0.011034408684988844,0,1
7892,588,128.04735657660729,QR,Food,DE,8.0,0.11179730432061061,0.10102653041309491,0,1
7776,909,15.206813041020245,Online,Travel,DE,9.0,0.14391213587108295,0.08691044483121044,0,1
2968,587,80.47985678207819,QR,Grocery,DE,23.0,0.11815227809381984,0.05566460952702542,0,1
5471,809,207.80362898635875,ATM,Clothing,UK,14.0,0.12438588907685028,0.028075262532686024,0,1
9033,623,80.74198519357141,Online,Electronics,US,10.0,0.24516205978963046,0.3416065970174413,0,1
9219,848,254.33121692492236,ATM,Clothing,FR,21.0,0.04343644201505789,0.018116520787486178,0,1
769,753,13.567998488307396,Online,Travel,FR,21.0,0.16102210089988986,0.4281407430024878,0,1
4528,48,82.55463659599172,POS,Clothing,DE,16.0,0.6402223328350091,0.23032502615034825,0,1
5711,396,141.6697713297821,QR,Grocery,US,21.0,0.4132215733725905,0.232082498009488,0,1
2144,694,497.80976838190526,ATM,Travel,DE,23.0,0.2049944633995356,0.1730007807700467,0,1
5082,501,181.71420309853843,Online,Food,TR,10.0,0.7813164776970817,0.05289933066971973,0,1
85,440,711.9907008325747,QR,Grocery,TR,20.0,0.3894314591275011,0.2493071510074375,0,1
758,834,5.775912586836085,ATM,Grocery,UK,11.0,0.04486619096809161,0.44461742365106977,0,1
4012,587,39.04933070155221,Online,Food,DE,17.0,0.1852011908773733,0.20649450585355011,0,1
4636,652,87.33200995581791,ATM,Grocery,US,22.0,0.07374938244459,0.1869965461345751,0,1
9241,111,128.87623301761442,POS,Electronics,US,6.0,0.10494839790884791,0.16600043107411297,0,1
3995,74,93.85328655232604,POS,Grocery,NG,13.0,0.38586882215779184,0.2733597678035401,0,1
1919,710,213.90543284189897,POS,Travel,UK,14.0,0.03310824279794407,0.07265362353361367,0,1
7956,143,116.59854921863018,Online,Electronics,TR,19.0,0.2417182892946336,0.3462079818861919,0,1
2559,418,267.928304088002,QR,Grocery,DE,21.0,0.2110074281628242,0.4854649778059022,0,1
5823,968,211.2346426996346,ATM,Electronics,US,21.0,0.21439134260056475,0.04581366443070897,0,1
8938,864,457.08555219409885,QR,Electronics,TR,19.0,0.2785433159432618,0.08969289541433774,0,1
4332,236,117.90885856140173,QR,Electronics,UK,18.0,0.32295870447005925,0.2890758373402659,0,1
956,179,220.5249120604966,POS,Food,US,21.0,0.15498208940678865,0.06322545853768398,0,1
571,780,72.33917679805636,Online,Travel,UK,7.0,0.28969696816868556,0.14635465439568615,0,1
9145,752,12.949774187567634,POS,Travel,DE,16.0,0.08545854108632393,0.09343216201001342,0,1
9844,103,120.27371727445215,ATM,Electronics,FR,21.0,0.319636912950357,0.284920291706877,0,1
3998,558,51.49628375050633,QR,Travel,US,16.0,0.13180963454850853,0.054137400954467445,0,1
9310,361,28.508092108788603,POS,Food,DE,13.0,0.18208244127988896,0.3002581718572089,1,1
708,102,9.169218323826346,Online,Food,FR,5.0,0.10576978080540739,0.15871203709403991,0,1
3578,582,3.2110444746009463,POS,Travel,UK,19.0,0.03987686639642571,0.16406795357432558,0,1
7231,4,321.7361094893609,QR,Grocery,US,6.0,0.09561634933311158,0.019252438419716834,0,1
5790,729,0.0,QR,Food,UK,19.0,0.01648843653147213,0.02145439050365043,0,1
686,779,39.465251579559535,ATM,Grocery,DE,11.0,0.11019791162195695,0.33534527382030244,0,1
9586,743,338.1419126352996,QR,Electronics,UK,17.0,0.09716019835994358,0.4031186328959887,0,1
7777,43,30.61341567371635,QR,Electronics,UK,7.0,0.2115360689098999,0.17480045520235252,0,1
725,99,313.8725684895075,POS,Clothing,UK,8.0,0.22172382607639807,0.5034467226174161,0,1
8632,578,6.623907495817665,Online,Travel,DE,13.0,0.023464864541239375,0.028573145397157763,0,1
3257,511,4.773431195893368,QR,Clothing,UK,14.0,0.124892908213701,0.061712687594217885,0,1
9097,675,6.543412036798644,Online,Food,UK,22.0,0.1882125259371089,0.02804049015395755,0,1
3824,433,721.3877146991683,QR,Food,FR,11.0,0.17439183260404567,0.4996787971983292,0,1
577,988,261.74657782376806,ATM,Electronics,TR,7.0,0.19822512892359215,0.10137785094540375,0,1
6399,433,14.434279665599977,POS,Travel,UK,13.0,0.06655777671753732,0.016939690515418847,0,1
1476,306,0.0,Online,Grocery,DE,21.0,0.013275717579159903,0.09673016590178264,0,1
247,560,9.002056575272725,POS,Travel,DE,10.0,0.07622739354063382,0.07914184052043678,0,1
3037,603,31.312149479541606,Online,Electronics,US,14.0,0.07793601966469049,0.12454679157756003,0,1
5620,565,24.192293448794576,Online,Food,DE,15.0,0.3012225203288462,0.21208592856060726,0,1
976,443,728.3248234277372,POS,Clothing,FR,7.0,0.20172610396056467,0.22757845414544497,0,1
6701,946,134.65234947656583,QR,Clothing,TR,6.0,0.014841994667803046,0.24052035205570627,0,1
7616,618,17.011301369750736,QR,Food,DE,22.0,0.035868889098076645,0.15994469869190744,0,1
3509,234,153.68618779842703,QR,Travel,DE,23.0,0.26536378954462214,0.7681330905775494,0,1
2774,575,181.00029170559262,POS,Travel,US,13.0,0.09714194747005357,0.09999169005312056,0,1
34,650,56.7590903169737,Online,Clothing,UK,14.0,0.5240780361978875,0.12089970841257158,0,1
8296,775,37.54727502195618,Online,Clothing,TR,19.0,0.08972883724228463,0.07211585266140677,0,1
9182,319,938.8706744314721,POS,Food,DE,11.0,0.6824903351334508,1.0,0,1
8814,804,7.012261606437914,QR,Food,FR,20.0,0.023419021887718584,0.2494967287108469,0,1
3357,823,101.77131524906741,QR,Clothing,US,19.0,0.27232123602113845,0.05003529109942101,0,1
7752,52,190.47799929055418,Online,Travel,FR,22.0,0.2061377736536145,0.038362575493590734,1,1
240,529,140.9977712687178,POS,Food,TR,16.0,0.3773636823749739,0.1161983479858785,0,1
8104,979,137.43122610183255,POS,Electronics,FR,16.0,0.3481876922962352,0.345831897439161,0,1
532,508,347.649208545163,POS,Clothing,TR,11.0,0.09121858426538919,0.09757628715236463,0,1
3415,533,163.76195372461888,ATM,Electronics,DE,15.0,0.22023625293296656,0.2528510423372236,0,1
3943,868,90.19067040211206,ATM,Electronics,DE,17.0,0.07201864505346352,0.041651240928500574,0,1
272,738,107.88444247513077,ATM,Electronics,UK,12.0,0.15839643466154035,0.03308915318311459,0,1
6531,667,86.45147227471432,ATM,Food,DE,20.0,0.25525255315616024,0.1480924680400858,0,1
7155,753,559.8718814624058,Online,Electronics,UK,9.0,0.4693174826149549,0.264773325708579,0,1
7617,142,0.6877516439042912,QR,Food,US,9.0,0.06831899326605803,0.10042243761621016,0,1
9787,916,78.44798332212657,ATM,Electronics,TR,15.0,0.12040592784431264,0.07468700477660803,0,1
9986,656,520.9206380441149,QR,Clothing,FR,21.0,0.4185984075976538,0.07206963832810405,0,1
3810,12,78.70281358054207,POS,Travel,DE,9.0,0.17109081271463525,0.20532265148386084,0,1
2344,196,316.85970107061877,Online,Electronics,FR,2.0,0.25368099150986917,0.1620912931916666,0,1
2272,826,7.575062183101564,POS,Travel,TR,3.0,0.11059899740643933,0.2672513229380638,0,1
3670,690,136.704957658685,POS,Grocery,US,21.0,0.18795834875845835,0.042411107768118864,0,1
5016,652,591.2508926680031,POS,Clothing,UK,19.0,0.26300607422942,0.30569753537643535,0,1
302,418,357.23174803063006,POS,Electronics,DE,12.0,0.19810551894585376,0.4524147091992431,0,1
7994,380,234.38688641688222,POS,Food,FR,10.0,0.05484389647332253,0.017620509966209327,0,1
7972,454,34.896795002843106,Online,Travel,FR,8.0,0.2658610130662756,0.13928363123664464,0,1
9477,786,62.49706652264875,Online,Food,TR,22.0,0.09397863461519675,0.33601723084353025,0,1
9659,89,39.882612586021715,POS,Electronics,TR,16.0,0.03383606675016512,0.16574136172665266,0,1
1582,794,123.89247119737882,POS,Electronics,FR,19.0,0.2828902012546226,0.19793966765906756,1,1
1652,286,3.785423657362778,QR,Food,US,11.0,0.048795507501216535,0.08195690292406477,0,1
7617,420,25.59870433141202,Online,Travel,TR,17.0,0.10103456205289173,0.03649591992284163,0,1
4692,698,130.76963821087278,Online,Travel,DE,19.0,0.2783413509579868,0.337134967173899,0,1
2393,936,35.7375402816078,QR,Clothing,TR,16.0,0.10992943500338435,0.1237104237847758,0,1
2108,297,605.1422771250164,ATM,Travel,FR,6.0,0.18079651061403057,0.11287663242141036,0,1
6200,514,162.12479935492757,POS,Grocery,US,21.0,0.11190782391637427,0.025664700309608185,0,1
2682,375,38.383554040917495,ATM,Food,TR,23.0,0.011052956869903804,0.08562975432173975,0,1
1589,249,125.75604121787059,Online,Electronics,FR,20.0,0.815417923202366,0.08697348206371307,0,1
7462,146,0.42575879929562177,POS,Electronics,UK,3.0,0.13134253780481345,0.047477208332921156,0,1
5737,136,259.0067915448495,Online,Grocery,US,10.0,0.13154030589816126,0.5125815627533877,0,1
4321,383,4.843015445318758,ATM,Electronics,UK,7.0,0.2654541159717664,0.42681803918664835,1,1
5029,136,1.4368210405221449,ATM,Food,US,8.0,0.21650183007661727,0.0355714951175062,0,1
1414,239,265.6577985761839,QR,Travel,FR,17.0,0.5845376158284475,0.31443323475273666,0,1
664,605,28.6698667352097,ATM,Clothing,UK,8.0,0.3106470903952149,0.30088221454902764,0,1
2948,645,187.2875381560449,POS,Grocery,FR,12.0,0.11776973488573018,0.13691465192805374,0,1
7597,55,72.10682582602358,ATM,Clothing,US,21.0,0.06380970258567535,0.12110707366587856,0,1
8095,105,363.29563663337854,Online,Food,FR,17.0,0.18263674261377189,0.2551208319990462,0,1
8387,215,165.57026503723353,QR,Grocery,TR,12.0,0.3006884908034335,0.2083187465560507,0,1
5858,933,51.78383705832657,ATM,Clothing,UK,16.0,0.21295258346802004,0.1409280640213944,0,1
1851,561,30.588736708049723,Online,Food,FR,19.0,0.3875561749833595,0.06794968103914814,0,1
8965,119,96.48830732713333,POS,Grocery,UK,19.0,0.23737076266456378,0.1176096190119363,0,1
371,221,84.29419500505902,QR,Clothing,UK,11.0,0.4966714574157422,0.09118982567569564,0,1
1136,663,21.920639895640285,POS,Travel,US,9.0,0.20044257076861513,0.0580206081013457,0,1
8094,424,80.0800964843623,QR,Food,US,3.0,0.2932892992144113,0.34323379865639503,0,1
3240,658,105.19474676429006,Online,Food,UK,21.0,0.013795465730319352,0.07384180530285733,0,1
7701,422,327.40541508133686,Online,Clothing,DE,17.0,0.3434989218118493,0.09322617989550255,0,1
3649,907,214.12591940555367,POS,Food,US,6.0,0.2842013317054244,0.7243177127976281,0,1
9316,366,176.47694018689037,Online,Electronics,FR,7.0,0.22141622547218912,0.3484351256605561,0,1
9643,577,107.46707755186571,ATM,Food,US,19.0,0.43172500944754894,0.3515419316245236,1,1
3677,358,84.55218227660126,QR,Clothing,UK,21.0,0.06323164338761397,0.10069149489237397,0,1
1037,399,26.82985519315305,POS,Clothing,DE,15.0,0.02928576412318478,0.05824310499326961,0,1
4275,265,165.98881955980804,Online,Travel,DE,11.0,0.2116048726167081,0.25423110075479644,0,1
4479,149,23.213363560360005,QR,Food,US,15.0,0.0406155119636212,0.14140774203806067,0,1
9114,228,185.9157234983935,POS,Electronics,TR,20.0,0.083807303271652,0.6402739213800566,0,1
4451,293,128.67245009659533,QR,Clothing,UK,10.0,0.46205087686354285,0.15300997943138622,0,1
2146,542,9.138156395619086,POS,Food,US,20.0,0.09588759882443174,0.09517157648381465,0,1
8411,720,17.874649146163897,POS,Food,TR,22.0,0.1221807145395985,0.13588425960641,0,1
9279,150,384.3963283575116,POS,Electronics,FR,20.0,0.23358879460110682,0.11690652124684538,0,1
7743,620,241.74376408890845,POS,Clothing,TR,17.0,0.48341557899846604,0.3856255383087116,0,1
4578,201,12.915987080029621,Online,Travel,UK,22.0,0.12721088980824233,0.0399769065100816,0,1
8241,528,0.0,POS,Clothing,US,9.0,0.2501831210856661,0.1315294210904113,0,1
5332,88,137.66529679008835,Online,Food,TR,14.0,0.1075121034206487,0.27565729092014346,1,1
9486,903,14.366100968764982,ATM,Travel,US,21.0,0.32598500223659266,0.09444944559157614,0,1
8133,57,10.770920204301158,QR,Clothing,TR,17.0,0.22023786929607614,0.3360443927475732,0,1
2284,293,45.721009650599854,ATM,Grocery,TR,5.0,0.09372512652499304,0.0792685598170949,0,1
822,692,219.54688269814991,Online,Food,FR,9.0,0.27027991021179243,0.17623221955718327,0,1
8881,352,373.86175926486686,Online,Food,DE,23.0,0.2221498194028249,0.2297901510327254,0,1
8436,508,79.21481801259092,POS,Food,DE,16.0,0.052719499206471586,0.1703814830630568,0,1
1358,375,173.9759775162531,Online,Grocery,FR,22.0,0.21905972926188724,0.13957009308707205,0,1
1488,999,18.73125919237468,Online,Electronics,NG,11.0,0.4116000674870516,0.20712358326244049,0,1
1107,819,301.49370485379524,QR,Travel,US,18.0,0.17418792185587612,0.06239637961121762,0,1
1507,93,500.35280093161435,QR,Food,UK,14.0,0.09373796232903459,0.1548280852991365,0,1
2367,748,27.04257866214653,ATM,Clothing,UK,2.0,0.31671818528828477,0.23281878422437297,0,1
812,48,108.87698843557351,ATM,Food,US,16.0,0.05120830823409341,0.3555077486302282,0,1
8424,921,23.437419908958926,POS,Travel,UK,11.0,0.04491491160304048,0.039188360068651416,0,1
7194,199,0.0,ATM,Grocery,UK,20.0,0.09882146642078747,0.04321877597348444,0,1
4040,897,6.579792102729865,ATM,Food,UK,12.0,0.23401078424512262,0.166838214546466,0,1
6679,687,177.6855217035445,ATM,Food,US,12.0,0.17528899404217313,0.09435049450830484,0,1
3047,411,148.27809740354448,ATM,Electronics,FR,16.0,0.3678908137209899,0.3919746903642078,0,1
1246,450,41.566458933889756,ATM,Travel,FR,14.0,0.8677922227394682,0.023766257830726455,0,1
1413,515,10.08577314076497,ATM,Clothing,US,12.0,0.010617410064254361,0.018269778669053632,0,1
2913,463,210.91453876463066,QR,Clothing,US,18.0,0.20481750375908964,0.1962371903791544,0,1
9234,577,23.53516356829944,QR,Clothing,UK,18.0,0.11275287189727007,0.5041063221616652,0,1
7857,490,28.167601177487143,ATM,Clothing,DE,6.0,0.11067984023435717,0.08145089784858427,0,1
3462,238,62.77201339947494,QR,Electronics,US,15.0,0.18236777697962647,0.3554634376121342,0,1
2798,434,66.56573930267801,POS,Electronics,TR,23.0,0.028564216589331,0.02008653422032,0,1
8814,90,3.3329736640581533,Online,Travel,FR,12.0,0.1452662943952681,0.3519285676721457,0,1
2854,32,18.141542981087643,QR,Food,US,19.0,0.4863430652117962,0.24421177229553115,0,1
972,214,153.49751676916742,POS,Food,UK,20.0,0.19821490805654535,0.5191711710441229,0,1
6591,343,36.89014583932059,Online,Electronics,FR,15.0,0.18532346495395927,0.05858334202242616,0,1
4504,673,128.39552432966957,ATM,Food,TR,10.0,0.42586756738716974,0.23086156230901378,0,1
4265,73,139.73860995481394,ATM,Grocery,DE,18.0,0.39782209611889924,0.3434330135088146,0,1
7974,300,20.09768702418575,POS,Grocery,TR,6.0,0.21493271524107707,0.16401013172397244,0,1
5532,460,84.71037856362197,QR,Electronics,UK,19.0,0.12284116410178729,0.03900901666755482,0,1
7042,257,559.1866305649334,Online,Grocery,TR,22.0,0.132414079775273,0.13662439029837264,0,1
1483,941,247.4686141307586,QR,Electronics,UK,16.0,0.12113187432949195,0.1822165608207585,0,1
1926,730,328.776936305384,POS,Food,TR,22.0,0.07702220629584094,0.09878241738318592,0,1
435,773,510.1475311110442,Online,Electronics,US,11.0,0.05697164466651784,0.4470895669819369,0,1
7643,822,85.59423049227614,POS,Clothing,TR,4.0,0.059962061238569696,0.042195022409584025,0,1
6703,728,91.85730937278204,QR,Electronics,TR,14.0,0.09618821333607983,0.08979286760083667,0,1
941,466,59.10472811685632,QR,Electronics,UK,10.0,0.012522890362765009,0.25074446586020466,0,1
4979,164,294.1326294152996,QR,Grocery,TR,12.0,0.05517335319864907,0.3699544363107617,0,1
3039,551,204.00874297897806,Online,Electronics,DE,11.0,0.15180871821177486,0.219850657076543,0,1
4222,576,109.74255308255162,QR,Grocery,DE,7.0,0.1933189589293006,0.17926956029192942,0,1
1301,246,4.373122867015217,POS,Grocery,US,16.0,0.30321622764942263,0.13261904231510083,0,1
9580,87,58.169851039126314,ATM,Travel,DE,20.0,0.09646544170238873,0.5164424670264172,0,1
3756,819,503.80878097739446,QR,Grocery,UK,10.0,0.3753154422378792,0.13625579244222547,0,1
2796,749,24.398635298204805,ATM,Electronics,TR,22.0,0.11186625112041569,0.17548814498077467,0,1
6803,104,292.1685847168849,POS,Grocery,FR,18.0,0.10485515984124405,0.10409295463926052,0,1
1894,949,0.0,Online,Clothing,US,21.0,0.03672351707530049,0.038415907406018156,0,1
7126,378,184.25915182082025,QR,Food,FR,7.0,0.1968903004950064,0.2322836002105659,0,1
3068,152,281.1458143868779,ATM,Clothing,FR,11.0,0.0833914592706565,0.18891873556542566,0,1
7752,256,89.7553152171562,QR,Electronics,FR,9.0,0.09478666605158974,0.11706691748038091,0,1
8760,925,347.18544585435507,QR,Travel,DE,21.0,0.27902688807058273,0.026316668484631288,0,1
6783,67,60.69594246503342,POS,Travel,TR,22.0,0.014599835494116187,0.1695831211090731,0,1
2593,868,82.50468013878837,ATM,Clothing,NG,9.0,0.30386710172233933,0.09554978273375743,0,1
8456,991,636.6035397429903,ATM,Electronics,FR,22.0,0.13071871972410423,0.02470804771875658,0,1
9399,415,19.927031730417337,ATM,Clothing,DE,16.0,0.37355794381349516,0.2559415569344944,0,1
7023,545,246.06072078382758,QR,Clothing,FR,21.0,0.1657586061568748,1.0,0,1
7068,883,39.592598319714426,Online,Food,DE,22.0,0.045816514961315856,0.03554105607020247,0,1
6278,95,43.22309507247518,ATM,Travel,FR,10.0,0.15446835189752411,0.1124571217703213,0,1
441,831,65.60528246640418,POS,Grocery,FR,20.0,0.34593471928837394,0.1843096190815429,0,1
1188,49,27.648012108604433,POS,Clothing,TR,16.0,0.12614322540859904,0.4145264955435216,0,1
6926,761,103.26567830714578,QR,Electronics,DE,10.0,0.15482853875737587,0.18608826088931166,0,1
4663,265,202.11983037866352,ATM,Grocery,DE,8.0,0.11051996720845811,0.10019476139143171,0,1
3245,864,32.87620221296704,ATM,Food,TR,11.0,0.04953791530565527,0.0483628989762561,0,1
2338,528,250.64096876377045,POS,Grocery,US,16.0,0.10952265930166544,0.15674054693409584,0,1
5564,947,90.18300612621131,Online,Grocery,FR,21.0,0.6171367933448063,0.44197985196738554,1,1
3633,210,167.88214992552298,POS,Travel,UK,21.0,0.4143352174851827,0.20539515539802117,0,1
9298,980,31.489430823733933,ATM,Grocery,UK,23.0,0.14719719757951602,0.13912812441866662,0,1
6549,594,476.22499524115614,POS,Food,TR,2.0,0.2796637227341518,0.5656224022430562,0,1
568,71,350.8924487000306,POS,Electronics,FR,18.0,0.2068776601730688,0.31994560084084656,0,1
5081,540,79.46792673245793,POS,Grocery,US,3.0,0.041588371011720304,0.12001482544812445,0,1
6717,514,239.65875162762757,POS,Food,UK,17.0,0.2912461871287357,0.2506018842585456,0,1
3053,780,284.4802388879511,ATM,Clothing,NG,18.0,0.16278036560671882,0.39260420163153886,0,1
5195,996,14.70358794172645,ATM,Grocery,TR,17.0,0.09083254021714886,0.07759994686628503,0,1
9417,374,10.793365278181296,ATM,Travel,FR,20.0,0.17063081625727386,0.42001586369802946,0,1
5381,882,753.6524443677928,Online,Travel,TR,16.0,0.3507598866709591,0.41755995913542443,0,1
5813,234,349.37456250805474,POS,Grocery,UK,5.0,0.19462770698763168,0.0512713820054564,0,1
9105,423,240.87346085523146,Online,Grocery,TR,19.0,0.1554643095398318,0.05530336535607138,0,1
9589,35,342.2907811037791,POS,Electronics,US,7.0,0.523847102062471,0.062176673391895164,1,1
5806,325,487.15137568824304,Online,Clothing,FR,18.0,0.30064141933055316,0.3732092611399968,0,1
4288,693,516.9147532826304,Online,Grocery,TR,19.0,0.469825016012864,0.2118465653856156,0,1
1325,420,69.98279876939519,Online,Food,FR,5.0,0.3502703515801983,0.07284945951276672,0,1
7082,691,313.9569936596653,QR,Food,TR,7.0,0.34656292303230446,0.5796842239040448,0,1
1501,84,16.4403151866496,Online,Electronics,FR,22.0,0.10144457779351933,0.2314979581277718,0,1
7784,655,121.35726160276445,POS,Travel,FR,20.0,0.06623654021161249,0.16798000957188217,0,1
8777,461,36.91721198825549,Online,Grocery,UK,18.0,0.6156707490132275,0.34577756288324846,0,1
1439,854,291.59315672766746,POS,Grocery,TR,14.0,0.05447613397460776,0.08854474199042538,0,1
9702,300,19.744282361711505,POS,Food,TR,21.0,0.40766009073629944,0.27806286972873046,1,1
1049,783,91.98013504227598,ATM,Food,TR,21.0,0.14137939366023458,0.036694210379855194,0,1
172,716,381.21562447346446,ATM,Food,TR,19.0,0.7444758412163381,0.24017711898264085,0,1
1521,129,114.52955972398156,QR,Travel,UK,22.0,0.07811389211817663,0.06783191032734816,0,1
2403,333,758.7435942646199,QR,Food,US,11.0,0.3430892422909483,0.17504103275973973,0,1
8318,769,5.157522637117339,ATM,Clothing,TR,8.0,0.08001590626414679,0.1787255536261123,0,1
7011,16,93.36409460231367,QR,Food,DE,15.0,0.04756738966471164,0.13985455749749243,0,1
7356,188,71.08452921282999,POS,Electronics,TR,19.0,0.04342003113933009,0.25217597523457563,0,1
7673,170,59.725319738446274,Online,Grocery,FR,8.0,0.36928190777887476,0.09770647001514778,0,1
1311,466,390.4981220338632,ATM,Travel,FR,6.0,0.230712097144065,0.2076175725865104,0,1
695,391,5.245227309370227,POS,Travel,FR,21.0,0.1878423750435922,0.022595263321342117,0,1
3132,802,48.06243684278394,Online,Clothing,UK,5.0,0.24971925502840722,0.11942209559911607,0,1
5164,626,443.59462410128623,Online,Clothing,TR,21.0,0.09463488729829476,0.3375665691565945,0,1
4863,161,11.636683689677788,ATM,Electronics,TR,17.0,0.053605177859220664,0.25588304607653917,0,1
9754,269,112.4655387210899,POS,Clothing,UK,15.0,0.11119302702142081,0.16514378257578552,0,1
1467,897,7.883829109514892,Online,Clothing,US,19.0,0.03320430399586822,0.023551732693034746,0,1
457,993,9.883418508794211,POS,Clothing,UK,6.0,0.21474443300623947,0.05953775248678758,0,1
1040,873,1465.12022863818,ATM,Grocery,UK,15.0,0.38672109509957797,0.22333506342055287,0,1
7430,491,77.56192228827179,ATM,Travel,UK,16.0,0.2713813331407548,0.2657859019521212,0,1
9846,230,43.189128128002736,ATM,Food,US,22.0,0.3989410058639755,0.16651891635908544,0,1
4068,766,24.990105120618374,POS,Clothing,DE,17.0,0.274968421622821,0.013755403028459793,0,1
3919,695,4.99817552599407,QR,Travel,US,20.0,0.17771559407926518,0.02781650554536807,0,1
2615,539,87.9520198534285,Online,Travel,UK,19.0,0.04110270626702401,0.09659571618369507,0,1
8700,386,8.890351240121193,QR,Travel,US,7.0,0.21753269402955003,0.15814591613356493,0,1
2062,170,588.6008023603844,QR,Grocery,NG,18.0,0.5417922230776246,0.2093695445554634,0,1
8278,531,291.7998452630834,Online,Clothing,TR,21.0,0.10936390691038975,0.28480246976607143,0,1
7332,512,164.48293787307517,Online,Clothing,DE,6.0,0.28203938593765226,0.5366580009627221,1,1
702,24,34.27360365460241,Online,Food,TR,20.0,0.025981133305880127,0.114690287966056,0,1
1801,202,30.66376802063678,ATM,Travel,FR,19.0,0.2953650587475838,0.14450520571852832,0,1
1474,910,131.31041315486547,QR,Electronics,US,17.0,0.09058743188911424,0.06520590563357458,0,1
4329,846,361.37802178058837,Online,Electronics,TR,22.0,0.06609961486551245,0.0975867249297968,0,1
7299,687,0.0,ATM,Food,NG,21.0,0.023924512367324468,0.02683087774800602,0,1
301,555,5.239906131667507,Online,Food,US,12.0,0.04944880030229116,0.009027237700547449,0,1
2155,289,128.21926502490325,Online,Travel,DE,23.0,0.2859313098510765,0.23988853283051104,0,1
9701,426,102.66869893442313,Online,Food,UK,6.0,0.27800016566475066,0.07645284514505114,0,1
8804,133,3.6178322103685665,POS,Clothing,DE,20.0,0.136672822850339,0.39325805239725947,0,1
7220,63,29.28394573382137,POS,Grocery,TR,21.0,0.04156446265606664,0.030741095599564,0,1
4199,126,29.250514573676938,POS,Grocery,FR,4.0,0.691095217922945,0.18811161000842003,0,1
3680,726,512.6718429452844,QR,Grocery,US,21.0,0.16840627033238595,0.044313077661480675,0,1
5780,64,395.65406847870776,QR,Food,UK,3.0,0.1478947912408737,0.13794759825750175,0,1
7232,132,296.62218373129883,Online,Travel,DE,15.0,0.17812904818089548,0.1679717192372297,0,1
1988,749,160.89491099653628,POS,Grocery,UK,21.0,0.039287725322671566,0.0162655232677213,0,1
1983,912,152.38877140622085,Online,Clothing,US,15.0,0.1758917561823069,0.10315424042792554,0,1
8971,863,59.61814647393689,POS,Travel,TR,22.0,0.1274875842478737,0.10292742015681418,0,1
9240,366,62.46984726081048,ATM,Electronics,TR,20.0,0.10242521044881574,0.28262920560776533,0,1
9552,632,530.2063540388904,POS,Grocery,TR,21.0,0.7057236332000749,0.19662102429911194,0,1
1314,499,47.193059714606385,Online,Electronics,TR,21.0,0.2709142363161825,0.41922647584211886,0,1
6840,490,57.16851083672894,QR,Travel,US,10.0,0.11052222281910358,0.29775052908071525,0,1
2261,12,5.465362198703929,QR,Electronics,US,15.0,0.12501887696790248,0.022982797462126277,0,1
5162,698,164.8893742515223,QR,Electronics,UK,7.0,0.036210825349453864,0.1829737703286233,0,1
3620,472,34.49915323602328,POS,Food,US,22.0,0.06821447283664359,0.018881902993220442,0,1
1444,220,92.46164647524195,Online,Clothing,FR,22.0,0.3882934392941573,0.09610666555417378,0,1
3684,899,35.1633539187972,ATM,Grocery,UK,19.0,0.053568647883960686,0.07894643950926819,0,1
4201,285,39.608205285831325,Online,Electronics,UK,20.0,0.12506849079939567,0.11347735782846739,0,1
6292,564,63.16699923488846,POS,Travel,US,12.0,0.0863634806926092,0.012355093689109687,0,1
4203,636,18.784794007179066,QR,Food,US,19.0,0.05667668376474722,0.0723143783212317,0,1
7531,125,14.910684575851072,QR,Grocery,FR,22.0,0.021689654789960162,0.09812804026619112,0,1
6087,448,44.54654771339175,Online,Electronics,UK,11.0,0.2292449744099406,0.08695177461796796,0,1
1906,648,67.67434308384006,POS,Food,TR,9.0,0.07150900137689106,0.0370261758722127,0,1
114,627,65.35791089230132,ATM,Electronics,US,22.0,0.038055488004603136,0.01998191127190082,0,1
7920,524,29.803041992116118,QR,Grocery,TR,16.0,0.07559838102509368,0.04002637829677023,0,1
6077,174,74.98672430487967,Online,Travel,TR,20.0,0.15422250059857742,0.10287447782285077,0,1
9522,478,298.50345814225454,ATM,Clothing,US,8.0,0.22070765319617303,0.276321813228481,0,1
2161,260,32.49765354643586,QR,Travel,TR,23.0,0.0995516748427135,0.10344800821997852,0,1
9485,349,5.828399859004751,POS,Grocery,TR,15.0,0.02764525810780903,0.010131773818447508,0,1
6904,325,17.158748711123724,POS,Clothing,FR,16.0,0.05228796631664898,0.11095266011420164,0,1
4267,574,33.90026330549424,QR,Clothing,DE,21.0,0.06149398561768629,0.03589875594415946,0,1
6593,946,23.41637855661939,POS,Clothing,TR,12.0,0.015200264977732088,0.07184354486999664,0,1
1098,200,47.65564006941519,ATM,Grocery,FR,11.0,0.016323089767462454,0.09934162037083996,0,1
285,965,134.5980393507588,POS,Food,TR,7.0,0.10709190891612719,0.17610046649379918,0,1
6457,360,15.198612823503032,POS,Electronics,FR,23.0,0.03429550991002532,0.06128975903719744,0,1
1424,705,64.62945301156691,Online,Electronics,FR,8.0,0.26546165095215996,0.22518905666482109,0,1
4734,316,11.772634101252029,QR,Travel,UK,9.0,0.019740855378145974,0.16504088746939136,0,1
2045,938,22.822888193494208,ATM,Travel,US,6.0,0.07030750406803384,0.08821732337231955,0,1
3523,768,134.64139381258644,Online,Travel,FR,23.0,0.09821732077632475,0.19084473706087854,0,1
7650,312,4.914495871754274,ATM,Clothing,TR,19.0,0.21470099851978702,0.02167883302786852,0,1
6941,762,40.880936139447755,Online,Electronics,FR,23.0,0.28418866152776906,0.3927143295541195,0,1
1971,803,12.660173619793415,POS,Food,FR,15.0,0.2968824477183444,0.33179712888618884,0,1
3163,476,356.75668087886123,Online,Food,DE,19.0,0.15946433011458666,0.04331254873511379,0,1
110,990,45.19432736129603,Online,Food,UK,23.0,0.15515173579141436,0.06595970942348064,0,1
1240,536,195.99735958898674,QR,Grocery,DE,2.0,0.5154966719903189,0.2808044419440225,0,1
9270,103,91.81128934498733,Online,Electronics,DE,14.0,0.4971142064596155,0.3256286394788838,0,1
3210,446,20.894576711749778,ATM,Clothing,FR,12.0,0.11005460100641559,0.3275207545988422,0,1
1595,444,185.21564411513822,QR,Grocery,UK,22.0,0.11751737161135951,0.07595262823239052,0,1
8490,413,230.57127839008984,ATM,Travel,FR,12.0,0.3115775807793655,0.04439109538492218,0,1
1723,364,34.779133758539714,QR,Clothing,FR,20.0,0.08113648309207691,0.2632488695855861,0,1
7439,451,194.80922906999413,POS,Electronics,UK,19.0,0.3235230407781805,0.3882837444035491,0,1
1135,582,42.13280539272688,Online,Food,DE,21.0,0.09766924601195022,0.04710539335106811,0,1
2783,203,307.85949007333244,POS,Food,NG,8.0,0.2727663635352473,0.2157044101674661,0,1
6513,359,35.33855390358861,Online,Clothing,US,13.0,0.36065683940008814,0.02877367171126905,0,1
8562,152,68.69184353760043,Online,Grocery,TR,11.0,0.0811080766930562,0.03833845157864583,0,1
7513,739,476.2042950407267,Online,Food,FR,19.0,0.3800915012626964,0.08524914595886289,0,1
4290,897,169.64080562367522,Online,Clothing,DE,3.0,0.47128438434129094,0.09064955678424846,0,1
4961,994,192.39747555002407,POS,Food,UK,12.0,0.06556211982102453,0.12978338824786703,0,1
684,118,191.9078196681642,Online,Clothing,TR,19.0,0.18140963592594503,0.0380458820777309,0,1
6066,672,104.69940833799498,Online,Travel,FR,17.0,0.12376437848877915,0.11259770175346615,0,1
3808,627,19.54407093054216,ATM,Electronics,TR,20.0,0.11554319063692901,0.14331019406885318,0,1
3229,357,27.44352903465412,QR,Travel,FR,17.0,0.43054743143798424,0.14036253417633973,0,1
90,320,147.3023577057578,QR,Grocery,NG,10.0,0.07374830937146545,0.5725570522845497,0,1
5913,183,36.54783851873412,POS,Clothing,US,22.0,0.38238829328234986,0.06411551069323654,0,1
7221,110,388.4267080031912,ATM,Electronics,TR,12.0,0.18471110316421202,0.09799839706083019,0,1
5113,45,209.61367103874795,QR,Clothing,DE,13.0,0.21994132753151682,0.2445446507725495,0,1
1750,449,78.30735478674053,POS,Travel,UK,13.0,0.013078056969686459,0.05395433515927586,0,1
1293,82,0.0,QR,Grocery,FR,20.0,0.18121669297746662,0.10110877137477768,0,1
4179,111,184.3866945840307,ATM,Clothing,TR,13.0,0.07714711278588318,0.017654785673542943,0,1
577,583,111.00270958859949,POS,Food,FR,22.0,0.0672542914501795,0.16044804389912007,0,1
3335,550,224.90260834864657,ATM,Grocery,US,19.0,0.18938055598151654,0.22168300857372045,0,1
2696,629,746.3457731062524,QR,Food,TR,3.0,0.6373923844657787,0.7640982494661269,0,1
4720,828,572.1968914441118,ATM,Food,UK,10.0,0.1557971964572958,0.2565953975156158,0,1
2987,633,604.3752910964333,Online,Travel,UK,12.0,0.7666183644882772,0.4157266757283371,0,1
1133,543,27.57783344383484,QR,Grocery,UK,22.0,0.04851913534657531,0.21264172565189973,0,1
1606,266,19.300337838346568,POS,Food,TR,14.0,0.4398801425163955,0.2887262587462692,0,1
4082,652,90.29126778402465,QR,Travel,US,19.0,0.36363867125297383,0.16069068002722864,0,1
5144,150,283.044239519472,ATM,Grocery,US,22.0,0.10065623072717403,0.12211312609805962,0,1
8342,94,9.207861323480191,QR,Food,TR,22.0,0.0459216715093454,0.02329519942849289,0,1
1363,291,105.05244373852318,POS,Grocery,TR,14.0,0.06929185349980249,0.11659524965633969,0,1
9055,982,83.39119623439244,ATM,Electronics,UK,11.0,0.06061451970624146,0.27142097810049154,0,1
2604,407,34.16672826999708,POS,Clothing,DE,7.0,0.07602766348841483,0.04347777697364469,0,1
9110,989,243.18577867262184,POS,Grocery,FR,20.0,0.09727096436188017,0.12564974686525104,0,1
1286,610,51.21177841153224,Online,Travel,TR,14.0,0.18591115884590548,0.19808534319684798,0,1
453,938,283.2749713222571,QR,Electronics,UK,20.0,0.025086899840399107,0.17289852935572445,0,1
867,359,52.66250375153517,QR,Grocery,FR,21.0,0.03028790900346391,0.2831772534975739,0,1
4152,782,149.9812747305765,POS,Clothing,FR,17.0,0.02627207616965789,0.30507083253303213,0,1
2052,332,14.68950252608285,Online,Grocery,FR,15.0,0.28643131448272285,0.024579116988362026,0,1
5539,24,42.90191853972773,Online,Grocery,FR,22.0,0.04022255806621036,0.18281080577281822,0,1
4197,395,16.43481369684253,Online,Food,TR,19.0,0.1103200535602434,0.06171537750293093,0,1
6878,87,56.64325111502309,POS,Travel,DE,21.0,0.40618459334011947,0.13031051811951938,0,1
643,648,64.63778478817729,QR,Travel,FR,12.0,0.15009847752693672,0.1340212809621407,0,1
3033,652,157.7810560921905,QR,Clothing,US,15.0,0.1258083866419908,0.08253121686652004,0,1
2945,402,7.085749916900983,POS,Electronics,FR,4.0,0.22142567856078244,0.022302369921224696,0,1
3693,486,321.22828507698085,QR,Grocery,FR,18.0,0.0946559020102535,0.04120107034073325,0,1
7663,596,367.41736644852773,POS,Grocery,TR,19.0,0.10549407734188175,0.11356500615883955,0,1
200,470,368.83655821257594,ATM,Grocery,TR,3.0,0.03460205164356648,0.3366039743037813,0,1
8353,76,136.39112876540435,ATM,Food,UK,21.0,0.04144026017569555,0.17367028747318614,0,1
4794,858,43.38896327271994,Online,Grocery,UK,22.0,0.11794829443794252,0.2539949004935302,0,1
2124,605,95.86422217029929,Online,Clothing,US,23.0,0.15150239750676536,0.2936815404470214,0,1
9811,973,235.60966611586483,ATM,Food,UK,21.0,0.25643558476673056,0.1677276013233021,0,1
1539,912,83.88910223380094,QR,Food,DE,23.0,0.06329370351250987,0.15631086078414005,0,1
3491,263,211.46529449524837,Online,Travel,FR,7.0,0.06260639313779189,0.06670948571575916,0,1
8587,479,148.50802401216714,Online,Clothing,US,20.0,0.19065909516105237,0.5454612986808259,0,1
7602,692,367.61731928372075,QR,Food,DE,2.0,0.12117104117817974,0.2633818617576636,0,1
3431,964,102.23572705629992,Online,Electronics,FR,8.0,0.27425755635745086,0.4797973342363125,0,1
1010,969,95.31539265894327,QR,Food,FR,13.0,0.05295193025201323,0.06279347729443377,0,1
7420,261,1133.8178078571332,Online,Electronics,US,12.0,0.2051887808145821,0.05831821821619786,0,1
8013,36,19.96198125860385,ATM,Electronics,DE,5.0,0.17987025364730463,0.09684022982212252,0,1
5649,850,15.482379616824096,QR,Food,US,17.0,0.11805574858678865,0.11689896236871732,0,1
3805,252,110.36724819917204,QR,Travel,TR,20.0,0.22186581398171368,0.2830117450881712,0,1
833,91,12.483735642816345,POS,Food,UK,22.0,0.11626395986089484,0.1487093715551789,0,1
7473,793,6.59736010860187,POS,Grocery,TR,10.0,0.1382784867912741,0.3816454907556276,0,1
8339,789,190.7497383301977,QR,Electronics,UK,17.0,0.35879616509840306,0.23067270144543073,0,1
4623,649,480.0091199646259,ATM,Clothing,US,17.0,0.4427251036435167,0.21195980365621714,0,1
4216,206,461.6380297358699,POS,Clothing,TR,14.0,0.7538526492929546,0.5908632395112527,0,1
1860,696,2.4028002852127637,POS,Travel,FR,23.0,0.15456648612390436,0.04439127066196894,0,1
5114,710,139.38661967306274,POS,Food,FR,8.0,0.24859088129980048,0.5520708189785736,0,1
1577,229,84.17514015959546,QR,Grocery,FR,18.0,0.02998049971558587,0.02963850784833583,0,1
305,595,480.94576270643705,Online,Food,TR,21.0,0.21710718179263308,0.11986935377450345,0,1
1606,217,106.08203984496791,POS,Travel,FR,4.0,0.07281186594114018,0.49502498473762996,1,1
9543,316,411.0608469647378,ATM,Travel,FR,19.0,0.20337948324732447,0.521623189490724,0,1
5622,181,5.157777729978525,POS,Clothing,UK,22.0,0.10080056264978957,0.02636582748497767,0,1
490,617,89.4811096956858,POS,Grocery,DE,5.0,0.25113108884125174,0.2435754825143857,0,1
9615,114,111.17815589118801,QR,Electronics,UK,22.0,0.3207845429671268,0.13402573181784408,0,1
705,560,262.4195136723449,QR,Grocery,TR,20.0,0.2275380014484239,0.18776563584883785,0,1
6970,184,143.66865077943996,Online,Grocery,DE,15.0,0.25556780787613625,0.42697587326011227,0,1
3070,528,88.98670007249397,ATM,Food,TR,19.0,0.010138956087206247,0.04233591699340263,0,1
1420,357,298.3774397520381,ATM,Grocery,UK,9.0,0.0749145469502055,0.12571638906880087,0,1
4880,284,423.0230536814709,QR,Clothing,TR,13.0,0.6392256697055279,0.19770002215570745,0,1
852,215,106.73466573894304,ATM,Clothing,UK,11.0,0.18336731523985628,0.07310950894565721,0,1
3747,609,295.4869397515714,Online,Grocery,TR,8.0,0.10114229956740416,0.35584396714338246,0,1
3913,997,67.12683844195341,ATM,Food,US,11.0,0.3531967152864456,0.201981494218332,0,1
8670,567,138.32762248071396,QR,Grocery,TR,17.0,0.22408658675012696,0.21558738603160083,0,1
2426,51,34.35203084259865,QR,Electronics,US,21.0,0.052128039001888726,0.11965236729464356,0,1
6908,778,54.891540045932416,Online,Clothing,FR,8.0,0.2990829031626037,0.3574626640700648,0,1
5888,305,28.66667477614441,POS,Clothing,UK,20.0,0.3693283133643747,0.1734714807235062,0,1
8589,573,271.8764199782229,POS,Grocery,UK,23.0,0.07894613110646724,0.12531111006840778,0,1
3069,866,150.53440530510167,ATM,Grocery,FR,21.0,0.13273691882806057,0.13340666444573282,0,1
3920,369,771.0958493163575,POS,Travel,DE,23.0,0.700242694026765,0.7247446841252032,0,1
587,375,409.3659156958141,ATM,Food,UK,13.0,0.08212859224180766,0.028528330665997328,0,1
656,623,609.8365407625049,Online,Clothing,TR,18.0,0.14350486658806325,0.07376905444926835,0,1
8155,873,104.61043883143479,QR,Travel,UK,23.0,0.4393173073075764,0.2723484414422463,0,1
2208,520,85.49960370120795,ATM,Grocery,UK,18.0,0.04844678217194927,0.1822648076381181,0,1
8861,19,100.68766753907391,POS,Grocery,FR,12.0,0.05559088890443132,0.22305539225730736,0,1
1390,964,58.311875433490336,Online,Food,TR,22.0,0.13171163484498832,0.2255459775948929,0,1
1799,381,11.413145418891101,ATM,Grocery,DE,18.0,0.02557841634699835,0.23523574136867498,0,1
7837,132,76.71335829734859,ATM,Electronics,TR,13.0,0.3669314593749143,0.4553497405558197,0,1
7324,186,2.3862052361765484,POS,Grocery,UK,22.0,0.33773372706433463,0.26823820244372504,0,1
2459,679,264.93664979064783,ATM,Travel,FR,22.0,0.037143712754910255,0.07097548309276339,0,1
6354,625,27.056340162790995,ATM,Electronics,TR,22.0,0.1870919555723281,0.29555673994743503,0,1
9929,796,7.420221256360596,Online,Grocery,TR,11.0,0.018032452918347517,0.054986615723644924,0,1
6854,699,499.51603903515803,POS,Grocery,DE,16.0,0.43674916764746763,0.4911137717507811,1,1
3904,412,373.65293892698844,POS,Food,FR,21.0,0.18520632028615405,0.04584043148223642,0,1
678,488,174.52563225633696,QR,Food,US,16.0,0.32275557318048187,0.06627126735605791,0,1
3813,97,992.4982851857085,QR,Electronics,DE,19.0,0.521427349388548,0.2929936254016624,0,1
2098,199,696.2978003276778,QR,Food,FR,18.0,0.5641815012871203,0.3348147473519777,1,1
9674,359,37.881490036756254,ATM,Grocery,FR,3.0,0.15449986828663453,0.2864530413548569,0,1
2216,601,18.937848083142953,QR,Electronics,UK,21.0,0.14173922329518834,0.05349749585814905,0,1
6346,703,448.92088517536496,POS,Electronics,UK,21.0,0.07276707002797075,0.15502337159378093,0,1
7341,456,114.92408600997035,POS,Travel,DE,21.0,0.25728726701025395,0.6049657770956505,0,1
8056,788,425.0158041185539,Online,Travel,TR,16.0,0.35674584287691863,0.23439323987284538,0,1
1007,934,103.59020062432703,ATM,Travel,UK,12.0,0.128264042933834,0.16867211089337175,0,1
4933,513,484.188923006171,Online,Clothing,DE,8.0,0.27104505454295524,0.19316275757041423,0,1
6623,656,1035.6482861733557,QR,Grocery,TR,20.0,0.626503368553657,0.17757920895987733,0,1
1310,307,87.63431847742113,QR,Travel,UK,17.0,0.43369067604668193,0.30436595478433365,0,1
1083,663,235.17920413124654,Online,Grocery,US,12.0,0.17753542621040594,0.2143972043711423,0,1
3011,499,247.97536951829525,QR,Travel,DE,4.0,0.1175359945658158,0.2756579886643337,0,1
7522,770,135.06881560376414,QR,Food,UK,14.0,0.09546292837751696,0.11149134922745545,0,1
841,386,98.05297929038234,POS,Clothing,US,18.0,0.19311816730150502,0.2829878271864606,0,1
1767,755,118.80040916349792,Online,Electronics,US,3.0,0.39270986163235844,0.08215026602628071,0,1
4019,520,1.538943018319598,POS,Electronics,UK,4.0,0.27769105403702476,0.14930203271056022,0,1
9549,270,13.35735035572024,Online,Electronics,UK,22.0,0.13907618559020182,0.09559314204967502,0,1
9114,59,27.193992877032194,ATM,Travel,US,23.0,0.2040116642766232,0.2686515612205141,0,1
5709,349,42.14983942351314,POS,Food,TR,6.0,0.016283127895541826,0.037666195510246775,0,1
7117,309,259.0953090513064,ATM,Grocery,US,13.0,0.15431899634956148,0.23121121031836867,0,1
7639,757,137.40423479887573,QR,Grocery,US,14.0,0.4431099781485553,0.21464580244376608,0,1
9588,278,0.0,ATM,Grocery,FR,20.0,0.08706036048206994,0.012295197647075864,0,1
1205,758,301.06802282203677,ATM,Electronics,DE,13.0,0.30804160960173954,0.39231978013600166,0,1
7712,110,135.09028433375326,QR,Clothing,FR,19.0,0.046504627069937604,0.048583624152927274,0,1
553,92,287.76788921656646,ATM,Clothing,US,19.0,0.3269796534296792,0.13970210142256995,0,1
7691,252,606.1017049024459,Online,Electronics,DE,10.0,0.4588609616728295,0.10410395993707133,0,1
1045,208,9.92439513111934,QR,Grocery,UK,21.0,0.16738209265410148,0.023579283950140924,0,1
6614,406,24.715869518429805,ATM,Grocery,US,4.0,0.047526464053136916,0.049571773205407475,0,1
6599,547,523.4347286901155,POS,Electronics,FR,10.0,0.08342647362405363,0.2293056677974768,0,1
6980,414,9.847658097114719,Online,Grocery,UK,20.0,0.03157184406810502,0.04585341067036422,0,1
2392,733,66.89886127254107,QR,Food,DE,20.0,0.408661256332655,0.21150799578290239,0,1
5831,462,247.70845176704185,QR,Electronics,FR,16.0,0.24092189389563282,0.25250655996414334,0,1
2623,117,130.88754162630903,POS,Grocery,DE,7.0,0.1691818615419802,0.18166493183927507,0,1
879,102,342.44588451343503,Online,Electronics,TR,9.0,0.12178808198609091,0.2516157830330185,0,1
8721,28,75.55292902856824,Online,Grocery,DE,22.0,0.15218756172183798,0.2507362228748787,0,1
9453,515,61.90487056380851,QR,Travel,FR,4.0,0.2040998975795211,0.08859962227823345,0,1
9544,137,195.53236489737878,POS,Food,US,11.0,0.28960182312421695,0.09290810407042507,1,1
2371,214,313.2250945570484,ATM,Travel,FR,16.0,0.46801911790409345,0.23813021841032112,0,1
2361,827,13.477009429709213,POS,Grocery,FR,21.0,0.0893152379712419,0.12932561853831054,0,1
2791,873,17.143853148461684,POS,Food,US,8.0,0.22451202269744602,0.07475122286653356,0,1
7077,624,497.7144661107039,QR,Electronics,TR,19.0,0.03758485106127746,0.10606009877576499,0,1
1604,244,110.42633571669305,QR,Food,US,19.0,0.322155836444612,0.07934218747588773,0,1
4848,216,148.3598446372077,POS,Food,US,15.0,0.10032499714148493,0.1693921374144003,0,1
7830,170,538.5394882912243,ATM,Food,US,17.0,0.07036609684408555,0.07508635728610545,0,1
7051,852,21.571122547860483,Online,Food,DE,16.0,0.053170697883526644,0.10530972548372645,0,1
9438,860,511.832290520774,QR,Clothing,FR,21.0,0.09673128601072661,0.20781239027933682,0,1
9601,982,165.4087530339317,Online,Electronics,NG,23.0,0.12409638443741332,0.14613584660197848,1,1
2576,456,110.14174250223333,Online,Food,US,21.0,0.32167824570469455,0.1074752030102327,0,1
784,539,313.4279141657714,POS,Clothing,US,19.0,0.17671934892523786,0.1641424326156267,0,1
8701,108,23.620467740707987,POS,Travel,US,14.0,0.3331898784380062,0.2117599952988463,0,1
7858,559,56.11196034777228,Online,Electronics,US,15.0,0.15830538465872768,0.04403051143687578,0,1
752,279,50.68038952279683,QR,Food,TR,20.0,0.10012192151884608,0.17274003971061228,0,1
9743,746,16.144547461791404,POS,Food,TR,16.0,0.2226942342124469,0.10355182353468922,0,1
2506,753,136.82388973485962,POS,Clothing,DE,5.0,0.1410047664788131,0.49075196305585594,0,1
9109,532,52.91049917313347,ATM,Grocery,FR,10.0,0.17443317875633946,0.13897559230281092,0,1
8368,686,0.0,ATM,Food,DE,23.0,0.011080841894773036,0.03485539767909018,0,1
6981,862,10.180157954635895,POS,Food,DE,21.0,0.07000767432222864,0.05984813900280994,0,1
5143,660,107.38760883239344,ATM,Travel,DE,16.0,0.2616620524497917,0.025115117500679317,0,1
3633,261,349.27400285481184,POS,Food,FR,16.0,0.5743340061379889,0.378486900144387,1,1
8411,668,256.75782054716,POS,Electronics,US,12.0,0.17103401130684287,0.29935369517715793,0,1
617,211,553.57565392263,QR,Clothing,FR,6.0,0.5617750947805319,0.31936641503589897,0,1
5217,290,106.27666225662499,POS,Food,FR,16.0,0.2855217358894018,0.06458755577301253,0,1
3599,270,248.39103281221958,ATM,Clothing,TR,17.0,0.1675407842973705,0.09858463310788783,0,1
6377,19,178.50615294813142,QR,Food,FR,21.0,0.017556369001625473,0.07750969185783563,0,1
5771,111,6.955447168696627,Online,Travel,UK,14.0,0.3401151457674628,0.1395085942213556,0,1
141,264,48.04887722329521,QR,Food,DE,15.0,0.12102209030977239,0.16898155332526837,0,1
134,675,93.08198635734848,POS,Clothing,FR,22.0,0.6664923932563929,0.2924165822146071,1,1
6902,748,116.44760094367847,Online,Electronics,TR,6.0,0.2596457747589582,0.21456812498509592,0,1
1162,167,204.10576647237832,Online,Electronics,UK,6.0,0.3053896643216322,0.18113222024323442,0,1
8998,196,63.85907118500545,Online,Travel,TR,12.0,0.1474752029455432,0.11340835015392313,0,1
9717,80,0.0,Online,Grocery,DE,16.0,0.15920723977081225,0.15131784122648095,0,1
1515,848,270.70205534408365,ATM,Grocery,TR,19.0,0.3000471722238811,0.16883431563556905,0,1
6501,802,291.81907660960303,QR,Electronics,UK,15.0,0.1928000155288498,0.26128886545384594,0,1
5302,661,318.86737719059715,POS,Clothing,UK,13.0,0.35402340114603414,0.37880694034515194,0,1
4311,165,767.1338455508737,QR,Electronics,UK,17.0,0.20027824822193283,0.27760618249131264,1,1
584,714,641.0060420052026,Online,Grocery,US,6.0,0.4461004371507349,0.13659870287045223,0,1
1618,364,479.6664640464475,POS,Electronics,FR,18.0,0.07253608657337438,0.11623426590596478,0,1
2460,832,427.93642272746604,Online,Clothing,DE,19.0,0.01886305174996165,0.36166369290555145,0,1
6264,271,171.08881301372267,ATM,Travel,US,21.0,0.3791027878766214,0.6419181272672139,1,1
294,111,55.151098670124355,QR,Clothing,TR,2.0,0.08316422758114092,0.0462778872538392,0,1
3106,150,660.0524576261079,POS,Electronics,TR,17.0,0.1887326018740785,0.8686621047128618,0,1
9430,928,28.0765376586101,POS,Grocery,UK,20.0,0.27389004256480853,0.8200601139928588,0,1
1033,723,98.05725694493904,Online,Grocery,TR,3.0,0.21235330784454454,0.09377051978659276,0,1
8802,988,342.57117132892677,Online,Clothing,UK,20.0,0.23307484889309468,0.19752683323880063,0,1
7186,55,140.98789042441666,ATM,Clothing,FR,23.0,0.1604070921818331,0.05958503760700834,0,1
4677,272,17.048211433917896,POS,Food,DE,14.0,0.5735055855432498,0.0838548671816173,0,1
5590,514,317.2981373137904,QR,Clothing,UK,18.0,0.12140276491024429,0.04006694669884592,0,1
8594,981,0.0,Online,Grocery,DE,12.0,0.055618601903081856,0.03168453592950641,0,1
9617,121,486.95038834147044,QR,Clothing,US,9.0,0.10908642143859978,0.7306231250446524,0,1
6008,996,726.3189142230757,ATM,Electronics,UK,11.0,0.06432333296810651,0.34731568001158714,0,1
6658,316,41.18296462145757,QR,Grocery,UK,12.0,0.049616633059061846,0.0170178237066624,0,1
1043,883,12.020282410217321,ATM,Clothing,TR,20.0,0.19261598650787082,0.19539249421068364,0,1
6016,470,320.9069833006401,POS,Travel,FR,21.0,0.2714620125609766,0.22101341571442323,0,1
816,890,807.2383114159595,ATM,Grocery,US,23.0,0.27364512771182076,0.14123288002074766,0,1
7351,146,50.96839749670264,QR,Food,TR,16.0,0.1074458422896186,0.020519415510909873,0,1
3377,801,683.9758591407598,ATM,Food,UK,20.0,0.08623033763059933,0.30253612133342833,0,1
8009,524,50.42502041857198,QR,Food,TR,10.0,0.156837019572476,0.08786705509848154,0,1
7809,533,506.71534402796397,POS,Electronics,US,21.0,0.24243825675817368,0.16977376298639343,0,1
8291,966,14.894926298103837,ATM,Travel,DE,22.0,0.11791782413376631,0.1265858969104753,0,1
8995,346,49.10653683397055,POS,Clothing,US,23.0,0.023402666169334677,0.016287898046541877,0,1
7622,148,25.88284878873323,ATM,Grocery,DE,12.0,0.11263234925994575,0.12535448149461606,0,1
1924,841,127.97582299341572,QR,Clothing,UK,17.0,0.09372119127823797,0.2405080155751113,0,1
2630,885,781.3445957572214,Online,Electronics,UK,19.0,0.1804761707956578,0.1896594851148815,0,1
3322,521,56.78113075333087,ATM,Food,UK,14.0,0.13190020774119507,0.3173559992591833,0,1
6913,287,160.5198570108474,ATM,Clothing,DE,19.0,0.36082375677542733,0.11371094780222539,0,1
9150,851,25.36002801289297,ATM,Travel,UK,10.0,0.09263097011170784,0.19086199513350546,0,1
6245,700,0.0,ATM,Food,US,5.0,0.0210340777219494,0.03921125389748596,0,1
8454,709,126.39047988517542,ATM,Food,US,16.0,0.1631466140100682,0.18520640462128132,0,1
7830,203,189.17926226457672,ATM,Electronics,DE,23.0,0.14377805955649978,0.15922634218809892,0,1
2456,662,149.2543959469713,Online,Food,US,5.0,0.04722317185114293,0.09212231245753058,0,1
1062,299,129.0428729844066,ATM,Grocery,DE,11.0,0.21899385175815092,0.363672007056501,0,1
9791,482,322.3479216625006,Online,Grocery,TR,17.0,0.13499903548323866,0.17699299418596479,1,1
8459,498,472.45260213113886,Online,Grocery,FR,15.0,0.22682501418537507,0.5756405771572518,0,1
7626,365,599.3994885289834,QR,Grocery,DE,14.0,0.2336409827619687,0.19976067405601533,0,1
8160,326,260.3741307718178,Online,Electronics,US,22.0,0.20130906227580092,0.17530258938129847,0,1
998,322,14.891025906497077,ATM,Grocery,UK,10.0,0.16402650575469843,0.042792381294621776,0,1
5606,674,406.0898279193938,POS,Food,TR,11.0,0.546559075728292,1.0,0,1
9190,392,78.94693352918323,QR,Electronics,US,18.0,0.2622029367652694,0.29733838981103766,0,1
5276,896,20.338534048722636,QR,Clothing,TR,22.0,0.2856341679401197,0.09911554387280973,1,1
7014,648,91.64924168157862,Online,Electronics,UK,22.0,0.14793685616120777,0.3306831897872241,0,1
6455,235,121.75433490726326,Online,Grocery,UK,20.0,0.042757813455241184,0.3303018958328915,0,1
3148,190,40.41137131641484,QR,Clothing,FR,18.0,0.3714463987163725,0.3462812753412704,0,1
3687,587,401.55124362105124,POS,Travel,FR,19.0,0.4061129614622235,0.3649845772810598,0,1
5021,467,0.0,ATM,Clothing,FR,8.0,0.031868233325742894,0.12828913216245216,0,1
9530,724,75.45057382322081,ATM,Electronics,DE,10.0,0.01544799177911582,0.053469618015775516,0,1
7641,26,81.87592838725365,QR,Clothing,DE,22.0,0.1184291584820912,0.13944549427693256,0,1
7206,446,9.695195213498426,ATM,Travel,US,23.0,0.06538828976393332,0.03705063287796335,0,1
7505,834,112.85239732514178,QR,Food,UK,19.0,0.448524125219003,0.07661752390286838,0,1
8201,257,130.27471304395706,ATM,Clothing,FR,10.0,0.3268504414527832,0.13923066774084658,0,1
5796,209,307.2149134682631,ATM,Food,TR,22.0,0.061615370663728304,0.5939467515770204,0,1
2991,506,129.51274015137096,ATM,Clothing,FR,16.0,0.17753206234338575,0.07271964444619189,0,1
1972,713,106.26853946426033,POS,Electronics,TR,17.0,0.10493767839402018,0.1713981407244251,0,1
7609,319,45.65199810393883,Online,Food,DE,5.0,0.08745120375592237,0.18467590695246666,0,1
4448,983,16.23030936980976,Online,Food,TR,22.0,0.02855834683439974,0.07758381990460163,0,1
5757,854,83.83781650176782,Online,Travel,DE,14.0,0.20312327434144106,0.054836234569333384,0,1
165,312,59.210448898384776,POS,Travel,FR,22.0,0.341767392073278,0.1120175898166701,0,1
8645,619,551.9990871175294,POS,Food,US,7.0,0.3192099125500973,0.3815095764579092,1,1
6339,598,24.08358320666175,QR,Grocery,DE,17.0,0.0761759840747628,0.33606773794607914,0,1
7266,650,65.29798450866731,POS,Clothing,FR,16.0,0.08723290485070234,0.06020192090371927,0,1
2399,48,32.61848672710255,QR,Electronics,TR,21.0,0.07195750258353167,0.07214797663004383,0,1
2879,775,19.641992636340568,QR,Electronics,US,16.0,0.5102164000812028,0.0815881752763157,0,1
3207,227,78.40292840889771,Online,Food,US,14.0,0.06533434363973846,0.012392332937736877,0,1
6635,621,15.083746021614402,ATM,Food,FR,4.0,0.017595263282089393,0.0881903979545378,0,1
6267,921,46.84993873042796,POS,Travel,DE,20.0,0.021569824703893133,0.03292617109211784,0,1
8445,642,403.44738590391637,QR,Food,FR,11.0,0.2756731829467633,0.5255680421215351,0,1
9703,1,51.587364549193126,QR,Food,US,6.0,0.014610255133394891,0.06396857040708501,0,1
8521,431,115.11362393211834,QR,Electronics,FR,12.0,0.25815117941082294,0.23386953654140816,0,1
4903,116,75.16475225908555,Online,Clothing,US,5.0,0.16759367302501246,0.0163528059295105,0,1
6715,18,102.9038359337802,POS,Travel,DE,10.0,0.5277226653573117,0.4031489938172561,1,1
7516,998,130.16764082443436,Online,Clothing,DE,19.0,0.3970698717831038,0.18884625776833402,0,1
3338,845,162.96986062444006,QR,Grocery,UK,22.0,0.041766648707743215,0.05385228722731282,0,1
3671,74,215.83010550590683,Online,Food,UK,20.0,0.3573683116977438,0.4205786942507169,0,1
9985,24,130.68089458368905,POS,Grocery,TR,23.0,0.20098293851711685,0.3019509829527266,0,1
7642,752,167.09455809144646,POS,Food,FR,6.0,0.040138876638494664,0.05925550046443752,0,1
2560,894,93.10664837980207,ATM,Clothing,FR,23.0,0.031502358054369906,0.0710684455668801,0,1
7619,103,160.8161200658208,QR,Food,US,13.0,0.029283953246750438,0.03234527610991896,0,1
6182,642,37.11494306751116,ATM,Clothing,DE,15.0,0.03115757384535784,0.05627397305955012,0,1
7375,701,120.5777419991427,Online,Travel,US,11.0,0.47549145507091334,0.025243422852579515,0,1
1314,850,49.454750382119165,QR,Travel,TR,17.0,0.4311233328913221,0.1891865739663179,0,1
993,108,60.242033892552904,Online,Clothing,TR,21.0,0.3274120798471557,0.23299048196190658,0,1
4655,149,112.65666475681715,QR,Travel,UK,21.0,0.6388472275162419,0.7292565000971671,0,1
694,167,239.11795946059772,ATM,Food,FR,18.0,0.043482361747134796,0.07812199357359474,0,1
6257,545,51.4054488832527,POS,Travel,DE,23.0,0.27603921845414425,0.07902789766531673,0,1
9145,414,252.1150058933902,Online,Food,FR,23.0,0.10518994555390629,0.03346125683997566,0,1
6686,51,360.83892093103407,QR,Grocery,UK,5.0,0.08518567380859526,0.2929563397161878,0,1
1616,832,0.0,ATM,Food,DE,21.0,0.1656725583939842,0.25120494397132304,0,1
2959,721,50.50118319785875,Online,Travel,US,22.0,0.22401687856852026,0.5469058717144997,0,1
1938,684,10.063200368375924,POS,Clothing,DE,17.0,0.135772832492975,0.1929173791634075,0,1
2151,208,248.3527168841422,ATM,Travel,DE,22.0,0.04148775853390883,0.1672210646562199,0,1
4265,81,191.72529140747932,Online,Clothing,FR,22.0,0.21303093286041264,0.15994752391240674,0,1
6516,885,159.277016573126,ATM,Clothing,UK,17.0,0.2409358755809902,0.08613199511634645,0,1
991,885,586.5158900047627,POS,Grocery,DE,15.0,0.16919672466582503,0.15614215496093056,0,1
422,532,163.26846016198817,Online,Food,TR,18.0,0.1678519441016068,0.22084371316388884,0,1
2696,409,122.12002023978931,Online,Grocery,DE,12.0,0.3436973722264511,0.382651795443586,0,1
3322,192,54.92456820117611,Online,Clothing,UK,22.0,0.2071210354195665,0.13025026622107427,0,1
1172,764,611.9731644886726,POS,Food,FR,20.0,0.6264352523792205,0.4071048691870583,1,1
2313,511,3.27510796478718,POS,Food,TR,16.0,0.11461397592755176,0.1438453544302233,0,1
1849,147,182.52691192680808,QR,Clothing,UK,5.0,0.1330859391068439,0.14948618702220257,1,1
1533,6,18.306725145843536,ATM,Clothing,TR,18.0,0.0662695524671152,0.01181325675992961,0,1
8148,493,198.51346593786297,POS,Travel,TR,11.0,0.15508810675067008,0.21101482879854774,0,1
7570,762,15.42418452187284,QR,Travel,UK,10.0,0.09235213816710303,0.05254102802691911,0,1
9907,289,129.50226089269555,POS,Food,FR,7.0,0.1787855172783605,0.15517659890418184,0,1
9972,83,438.42686888879336,ATM,Grocery,DE,15.0,0.5606482695173916,0.26307211858998014,1,1
4890,48,762.8718912543395,POS,Electronics,US,9.0,0.1275980643012977,0.052639227657688206,0,1
7134,551,509.2530486006026,QR,Electronics,US,13.0,0.37979357444104206,0.4682457984831227,0,1
2131,897,99.732548165103,Online,Electronics,FR,12.0,0.24465572251628862,0.21154316611693372,0,1
4394,897,141.90065290208608,POS,Grocery,TR,16.0,0.050728834622335454,0.15580070049691208,0,1
7573,132,247.57595028742327,ATM,Clothing,DE,17.0,0.2600922910722868,0.12964715337568225,0,1
4314,509,296.29542750852437,ATM,Food,TR,23.0,0.11923998269346868,0.16114179655868685,0,1
8328,662,144.8043899442524,Online,Electronics,US,20.0,0.14040462281188848,0.2559378195813243,0,1
3299,104,422.662885695412,POS,Food,US,3.0,0.27423646131555374,0.44859217432592297,0,1
5403,651,155.0511443486351,POS,Travel,FR,17.0,0.09202442878375093,0.06037409574382326,0,1
6133,199,143.61450687353954,POS,Food,US,22.0,0.20181129268252773,0.06414969914526567,0,1
1713,604,335.47388866167057,ATM,Grocery,DE,12.0,0.3592536761424429,0.1310018620995106,0,1
4356,939,325.10144600275,QR,Food,FR,12.0,0.04526565268797259,0.14184106472748476,0,1
8097,340,178.60290415226464,Online,Clothing,TR,20.0,0.4692999045852637,0.5157470862605212,0,1
7718,291,21.134437011307984,POS,Food,DE,17.0,0.25888703033183674,0.07008292938200507,0,1
186,627,320.89237563649596,ATM,Electronics,DE,17.0,0.15777907633900945,0.026024636907254133,0,1
3909,371,72.5507142552965,QR,Travel,DE,17.0,0.15306762286999143,0.1629747927719811,0,1
1591,547,7.195254726807077,Online,Grocery,FR,5.0,0.15753093210645935,0.1968499772725661,0,1
2786,916,39.83556748630588,POS,Food,TR,17.0,0.2875643526880935,0.055646978677327465,0,1
9544,540,79.87166133188921,POS,Travel,FR,20.0,0.1240593065151565,0.07657677493528847,0,1
3004,972,280.89309139523283,QR,Food,UK,17.0,0.3381977001027141,0.5225397967914149,0,1
4094,845,24.770401968339524,ATM,Travel,US,19.0,0.06211898121145705,0.042783461484877466,0,1
2750,874,56.747019757727394,Online,Travel,US,4.0,0.22074178824742233,0.4810053773225855,0,1
9829,414,249.45413904353964,QR,Electronics,TR,12.0,0.09014416825831106,0.379930254514324,0,1
4016,298,99.38797808167755,Online,Food,TR,21.0,0.4144632518806778,0.23665245720306458,0,1
3142,11,292.99091711279647,ATM,Electronics,US,7.0,0.30204950604489333,0.06105712629265764,0,1
4825,792,18.28699164271768,POS,Clothing,US,8.0,0.02268969746659772,0.06351215627369212,0,1
2700,107,104.44024013229816,ATM,Grocery,FR,10.0,0.03934796731796238,0.038385911118976525,0,1
4904,561,204.99442193970202,POS,Grocery,FR,18.0,0.0654040784659109,0.12451565581873307,0,1
3500,239,103.89004964862315,QR,Food,FR,9.0,0.26154696435096675,0.21324597180038654,0,1
3259,286,46.29363488139325,QR,Grocery,US,22.0,0.26479426537723355,0.05394074580012488,0,1
3430,834,94.03671512977755,POS,Electronics,DE,7.0,0.16265975361494953,0.14736690425037086,0,1
8478,636,6.7087826408779065,POS,Travel,DE,21.0,0.03933939275535174,0.1403758693321311,0,1
8003,743,123.52619121345134,POS,Travel,DE,10.0,0.3135367289593841,0.15158185136924143,0,1
3178,172,205.86600596906663,POS,Travel,FR,8.0,0.10190056054957837,0.11333736799941244,0,1
6035,120,19.50162161269027,POS,Electronics,US,20.0,0.014167396910105757,0.07696715717300709,0,1
6867,430,142.54122439814438,Online,Food,TR,19.0,0.08652466958033503,0.04708507841682085,0,1
5160,129,40.04055144058676,ATM,Food,US,13.0,0.14111810057238258,0.35961276857965896,0,1
9889,358,687.4874433315063,POS,Grocery,UK,20.0,0.7184261372620032,0.11185067496355629,0,1
9708,920,245.0167199743058,ATM,Clothing,UK,5.0,0.22512676982704538,0.13789579269960273,0,1
891,563,403.6743213629562,QR,Travel,UK,19.0,0.23526712056728918,0.21224605977445593,0,1
2353,798,251.68393369207172,QR,Food,TR,2.0,0.22726931236371095,0.1749189916982199,0,1
6798,936,4.5612476620665845,ATM,Travel,TR,18.0,0.06670156518972932,0.2199006132662804,0,1
4068,220,445.5475158805634,QR,Clothing,DE,8.0,0.3300739811342137,0.43148982514324435,1,1
495,166,452.0408083791228,Online,Grocery,NG,22.0,0.21806270554570287,0.06767609034893686,0,1
9586,68,75.3161102130272,Online,Travel,UK,13.0,0.05062959233783301,0.3253929687004992,0,1
7648,516,14.847829193971268,QR,Electronics,US,20.0,0.6310470088332503,0.3984645775231236,0,1
2513,621,537.7152478176872,Online,Clothing,US,16.0,0.23084402479521535,0.33536500299640315,0,1
79,170,168.41579109567107,ATM,Grocery,UK,11.0,0.03573715205190818,0.13107777302690926,0,1
6769,211,84.99812224168778,Online,Travel,DE,20.0,0.3579037910613918,0.40488056738176625,1,1
5026,568,320.766576621171,QR,Travel,UK,19.0,0.45975177389906063,0.4294490842137617,0,1
2634,249,148.0912590352405,QR,Grocery,FR,13.0,0.033192893149700406,0.12096084621710615,0,1
7261,526,22.586039533904298,POS,Electronics,FR,22.0,0.17405369001692417,0.22250208837484242,0,1
863,169,3.973774157241737,QR,Electronics,FR,7.0,0.23688641012297965,0.029463413883332325,0,1
6569,495,410.1830856321298,POS,Grocery,FR,19.0,0.05218883893465912,0.14968797459139183,0,1
6432,686,12.698658791755223,ATM,Food,TR,19.0,0.16594947165867924,0.0507408465506624,0,1
2407,107,23.12810241583039,Online,Electronics,US,22.0,0.21009578714387353,0.07876427215071524,0,1
9088,743,162.54467146633033,POS,Travel,TR,9.0,0.2726820638082534,0.6534445713462994,0,1
6420,911,6.849696022508699,QR,Electronics,FR,11.0,0.06472822335073154,0.05862572273884356,0,1
9847,730,144.7814360548041,QR,Grocery,DE,23.0,0.36014536474291575,0.20806227231544192,0,1
2139,946,660.012724393631,QR,Food,UK,15.0,0.16648144126359404,0.10859280257980537,0,1
5713,103,92.77305930135569,QR,Clothing,UK,21.0,0.058862329629200925,0.022023420530384606,0,1
8077,838,0.0,POS,Travel,FR,13.0,0.09203220882545168,0.022247670291614535,0,1
6662,645,96.28932273373412,ATM,Clothing,UK,12.0,0.18108563219871834,0.14649428583977933,0,1
3623,763,360.841665331017,Online,Travel,DE,18.0,0.09261573353232756,0.24194961125909176,0,1
6324,948,7.566902681004431,ATM,Food,UK,22.0,0.4536759797238707,0.23721105020125755,0,1
3251,620,509.26755803615816,QR,Grocery,DE,9.0,0.056789037965558446,0.19890379596143967,0,1
1756,988,2.870957170279561,POS,Food,TR,19.0,0.03480761087716611,0.0332937492071787,0,1
9472,823,284.7216942763809,QR,Grocery,FR,19.0,0.17515116611233528,0.19572686709246506,0,1
251,657,153.84285698819878,POS,Grocery,DE,19.0,0.06345452690835227,0.12944467918144942,0,1
6347,451,671.6830521121083,QR,Travel,DE,19.0,0.08808165982985305,0.2653466175025006,0,1
8669,344,594.5191883348491,Online,Clothing,UK,2.0,0.10383691754706789,0.2585658950770803,0,1
9589,842,2.248111446590138,POS,Travel,US,13.0,0.25517395617646105,0.3732346983776484,0,1
186,337,225.8535858743656,ATM,Grocery,FR,23.0,0.16362903764522516,0.3276867699139354,0,1
3210,668,11.528672067076252,Online,Grocery,TR,15.0,0.13201747036903744,0.059495116784133564,0,1
8909,550,76.89504831944483,QR,Electronics,FR,16.0,0.2823438984869034,0.029716333552233083,0,1
9559,991,100.48430291114396,POS,Food,FR,9.0,0.020844324952724154,0.10866882725029649,0,1
2052,816,191.67127591190965,QR,Clothing,TR,14.0,0.40940708384246666,0.17735242712615057,0,1
9920,181,116.92388599617344,QR,Food,TR,6.0,0.17878449012469227,0.03840118091727933,0,1
4713,313,24.38667533465323,QR,Travel,FR,12.0,0.13180779543164828,0.09537675594886066,0,1
163,982,105.58510318888862,Online,Food,DE,9.0,0.3237079936281634,0.3172533818746387,0,1
5738,860,380.92133516051604,POS,Clothing,DE,12.0,0.17637256234922316,0.28992078857583314,0,1
8646,78,52.044522263684996,Online,Grocery,US,17.0,0.1675433179128634,0.19199392381406616,0,1
115,977,16.7525629444742,Online,Electronics,UK,22.0,0.1811531727976525,0.23531520976126846,0,1
5365,310,298.43259116735953,Online,Food,TR,9.0,0.5163408400036302,0.13984712921228112,0,1
6094,186,0.0,QR,Grocery,DE,23.0,0.08614614732106085,0.024575379000375423,0,1
6600,870,740.7188733821324,QR,Electronics,US,15.0,0.26897204301715766,0.2010677353064096,0,1
7915,192,24.470101197603277,QR,Clothing,US,17.0,0.06735462530322632,0.12575069809211376,0,1
581,486,126.53286899712084,POS,Grocery,US,21.0,0.1659387755668098,0.06362017278606602,0,1
4963,138,555.1936660915471,QR,Grocery,FR,14.0,0.1651306386330195,0.1954755122904501,1,1
4614,113,243.83143430824254,POS,Food,UK,17.0,0.12487664633626115,0.05857821707004471,0,1
1671,680,146.62913360104716,QR,Electronics,FR,16.0,0.13102409944791066,0.1499365379480617,0,1
9250,774,7.8864173813133105,POS,Travel,DE,22.0,0.029505293032886952,0.12250631859953219,0,1
1594,788,29.836154544680475,ATM,Travel,DE,18.0,0.0526852032626963,0.15126418932869634,0,1
622,412,8.919534418794424,Online,Food,US,23.0,0.3977114201686715,0.461075747931187,0,1
6707,552,19.326574502010054,ATM,Clothing,FR,6.0,0.10143856444474023,0.10393335199391188,0,1
5801,135,6.964671781137941,POS,Electronics,UK,21.0,0.0641578196597658,0.1632963776058623,0,1
9612,371,37.753497158028324,POS,Food,US,10.0,0.2669022354420745,0.10226040059625338,0,1
9475,247,122.44372868613318,POS,Electronics,TR,20.0,0.254799768527935,0.41346450823573727,0,1
7852,393,8.989412642738444,POS,Travel,FR,22.0,0.26170789393000693,0.10182889785470046,0,1
5183,869,178.9797577491735,ATM,Food,FR,22.0,0.16789952988029533,0.08107158435311188,0,1
4706,249,416.32145114689627,Online,Clothing,DE,16.0,0.3130843574331367,0.2004873964881092,0,1
6036,852,530.2557051562554,ATM,Grocery,US,13.0,0.5460058964647958,0.31554226851796013,0,1
8859,949,62.783205389759765,QR,Clothing,UK,11.0,0.20198617334220093,0.016972471607355703,0,1
3657,515,807.9648136443593,QR,Grocery,US,15.0,0.08230131698866691,0.23661396725880085,0,1
2323,550,47.07105093916801,POS,Travel,US,17.0,0.03084292075577939,0.15249107103116233,0,1
5031,902,152.07340139551172,ATM,Food,DE,16.0,0.2262229890216399,0.41363095907953784,1,1
929,13,25.188301634937957,Online,Electronics,FR,23.0,0.06213105880229318,0.11430357300328317,0,1
7251,924,69.54409785254917,ATM,Electronics,US,11.0,0.17030470927556443,0.2972799158425238,0,1
2560,858,477.3799979027616,Online,Clothing,UK,22.0,0.7596841612218398,0.09695697222036373,0,1
1115,289,5.9698515756965165,ATM,Grocery,UK,22.0,0.18898083332183188,0.1806741605252429,0,1
8597,808,668.1748255085621,Online,Grocery,FR,17.0,0.553402727901738,0.5453212400584208,0,1
7678,465,116.34318401421655,QR,Food,TR,13.0,0.16335962235703044,0.12953487307663009,0,1
5113,744,13.347140543268539,Online,Travel,TR,22.0,0.1425598849792889,0.22418501383128736,0,1
9093,363,362.9936542112132,POS,Travel,US,11.0,0.3752605887114778,0.485043031269263,0,1
3693,444,268.13621834914863,Online,Travel,TR,13.0,0.1723511496384441,0.12279612831324999,0,1
7461,218,3.7850007901258627,POS,Clothing,TR,7.0,0.10234494511861507,0.013403250623273756,0,1
6746,323,64.4820899034864,ATM,Food,US,9.0,0.1660885564530585,0.2168158666354964,0,1
4019,516,429.3985255225206,ATM,Food,FR,18.0,0.1960887862532258,0.08500926991602477,1,1
5190,710,35.89643724943677,POS,Food,DE,22.0,0.04889475068777329,0.2231309809410651,0,1
4625,191,42.88920500261692,ATM,Travel,US,4.0,0.15660976429974346,0.3904665985168193,0,1
7047,745,660.6250835471105,ATM,Travel,DE,14.0,0.3714212700991633,0.23736560191466885,0,1
7047,629,15.364279030994362,QR,Travel,FR,15.0,0.10990597525395164,0.06064232192668879,0,1
9027,117,716.0453111602311,QR,Clothing,TR,21.0,0.21673812840127252,0.09770101515618258,0,1
6379,923,170.64311752545345,POS,Electronics,UK,18.0,0.14844841149442234,0.2210604570402139,0,1
9923,743,333.89870871652926,Online,Food,US,18.0,0.1570240862714821,0.20151945792804266,0,1
1887,834,30.195196750507424,Online,Food,UK,20.0,0.24913162644165093,0.2751622001196363,0,1
9544,880,42.591958508945446,POS,Food,US,10.0,0.3965788485176117,0.36677271135948114,0,1
7606,854,64.67376575655226,ATM,Electronics,US,5.0,0.07657329180683542,0.10546193256088725,0,1
1900,871,49.66900861769365,ATM,Electronics,UK,21.0,0.09884135654413481,0.21210351288645016,0,1
5311,338,121.85731628823117,Online,Travel,DE,16.0,0.2278025971385245,0.22882948259566943,0,1
1246,948,26.86260707061703,QR,Travel,TR,4.0,0.10887597862312343,0.0831552714463119,0,1
5940,401,108.45759810421919,QR,Grocery,US,13.0,0.09127464922338607,0.5716643899860101,0,1
1927,350,380.31118638048036,ATM,Grocery,FR,20.0,0.1674817938596503,0.3094872225043342,0,1
1368,197,163.71498956547865,Online,Travel,UK,7.0,0.10754250089229643,0.07226224992911398,0,1
6016,702,60.68262410985432,ATM,Grocery,UK,16.0,0.04745836464724755,0.21451767060420854,0,1
4015,284,82.85977924146829,ATM,Grocery,US,16.0,0.23214239641190407,0.035387581160958484,0,1
8500,516,121.87828368094526,QR,Grocery,FR,23.0,0.07467442430544613,0.04932061215923212,0,1
1517,284,15.562934865419654,ATM,Grocery,FR,19.0,0.05237149618205627,0.1378882456609997,0,1
9981,164,852.4061304439242,Online,Electronics,US,14.0,0.1940948151580208,0.1409399310612142,0,1
7470,155,509.4592537844179,POS,Grocery,UK,21.0,0.09748716983685987,0.5813650417451286,0,1
300,430,29.76957377127652,POS,Food,FR,15.0,0.17326714751441363,0.05092989135568178,0,1
4586,940,10.450319492164681,POS,Food,FR,10.0,0.035300820246961094,0.05660050652098855,0,1
9120,56,349.38919966349835,POS,Electronics,DE,17.0,0.24726755470449144,0.42159289515534776,0,1
7035,234,256.64512131357606,QR,Food,US,15.0,0.3089996012758082,0.357257679778205,1,1
574,548,128.85517730216182,QR,Food,DE,20.0,0.022406794253063078,0.08172182518289683,0,1
3054,38,178.9148403801171,POS,Electronics,TR,17.0,0.10262286043972134,0.11958297884556142,0,1
741,692,540.5400163545776,QR,Food,DE,8.0,0.412066284195978,1.0,1,1
4957,865,477.12111607260084,QR,Clothing,US,23.0,0.26950896573681815,0.25540474521009626,0,1
8622,445,627.6558952311434,QR,Grocery,TR,20.0,0.04539836486258362,0.20670764123870364,0,1
4298,258,3.7598181575453786,ATM,Grocery,UK,12.0,0.2021959305536282,0.14238445147896572,0,1
9113,373,139.57272369576927,POS,Grocery,DE,21.0,0.15136669465642552,0.09791283501199671,0,1
3596,728,12.823404612060326,POS,Grocery,DE,16.0,0.1625509998547173,0.04457594227297563,0,1
3475,205,84.2000156396193,POS,Clothing,TR,20.0,0.03473537620512562,0.05297767590735433,0,1
4578,246,73.47469172529846,QR,Food,TR,18.0,0.04596252128623853,0.031821771394325314,0,1
9795,420,414.52382155569995,ATM,Electronics,US,10.0,0.23537401472928784,0.18214996184347762,0,1
3426,591,238.94697615046158,QR,Clothing,DE,20.0,0.09981075294160907,0.9000100780922033,0,1
1731,600,56.86670621604082,Online,Electronics,TR,20.0,0.14998922594981462,0.11327002240677286,0,1
238,698,477.82117807562213,POS,Food,US,11.0,0.1600239212701853,0.22624222814149203,0,1
9890,677,54.5525466604432,Online,Grocery,DE,9.0,0.381020816743846,0.2065977513470332,0,1
7948,365,83.23898852478685,POS,Food,US,18.0,0.4786677157555958,0.2188764316942382,1,1
2417,122,72.18558852493396,QR,Travel,UK,16.0,0.4049351710622934,0.4217225351963545,0,1
3035,901,477.9631374508694,POS,Food,US,20.0,0.3711700600383617,0.19982232069146846,0,1
7199,186,34.02480788375897,QR,Clothing,DE,17.0,0.19203373586109734,0.37192963496285697,0,1
7994,626,352.9752725044892,ATM,Grocery,DE,8.0,0.03142725280997429,0.2069160144612456,0,1
5206,333,66.50671254707758,Online,Food,NG,20.0,0.38146482478938454,0.15991050559550546,0,1
161,479,15.165989518376197,QR,Grocery,DE,12.0,0.1995291353676082,0.12505865077260347,0,1
6597,465,44.37822042515212,POS,Clothing,UK,21.0,0.3145779071949836,0.1621240165811183,0,1
681,130,193.01199947301745,POS,Clothing,FR,14.0,0.11263810661701651,0.1955373753568213,0,1
3545,988,68.06929814012133,QR,Grocery,US,19.0,0.14499183408336183,0.06459346054000877,0,1
9889,291,40.48026059688197,QR,Electronics,US,20.0,0.14483404549882709,0.11084211533817682,0,1
9087,845,35.42925730203048,ATM,Grocery,UK,6.0,0.25122637684944815,0.243360298015164,0,1
7968,340,22.2176190816454,POS,Electronics,TR,8.0,0.19207890843104672,0.06548279594660063,0,1
8972,58,16.446916340880556,Online,Clothing,TR,4.0,0.22827755367794336,0.28230435151863,0,1
4133,733,41.25911977336318,QR,Electronics,US,11.0,0.2414679196504836,0.052645563193720255,0,1
385,773,126.16638699927498,POS,Clothing,DE,13.0,0.017058223985100204,0.23822654112071415,0,1
9154,724,6.631120858195391,Online,Clothing,US,21.0,0.07962981938044016,0.06267672960829605,0,1
2160,170,112.95058334683881,POS,Food,FR,14.0,0.17011010915959146,0.31122278065391573,0,1
4925,486,19.881171820011964,Online,Travel,US,8.0,0.14742792251658648,0.2741700474358327,0,1
6238,863,35.77453781473284,POS,Travel,FR,22.0,0.057035945667695376,0.09623570933896383,0,1
9232,448,14.198447892511776,ATM,Grocery,DE,22.0,0.07352892939426604,0.23662644762488474,0,1
4792,43,15.580713932486777,POS,Grocery,US,23.0,0.17162220116253543,0.18443893008244552,0,1
6089,569,12.511160281023507,QR,Grocery,DE,22.0,0.2584900870824767,0.06250432706305234,0,1
3638,456,33.80333459902468,Online,Food,TR,16.0,0.08619418615080926,0.15315172336688432,1,1
9607,6,917.6410396731292,QR,Travel,UK,15.0,0.6587256168440064,0.3786812685272545,0,1
1386,830,193.40062684489067,POS,Grocery,FR,14.0,0.020679474642896753,0.03563584584941319,0,1
4140,630,178.74921396645436,QR,Electronics,US,15.0,0.15129086502066216,0.33883359440556093,0,1
937,705,209.4801624683777,POS,Electronics,DE,9.0,0.22057719827316652,0.16709473895224516,0,1
1422,379,42.47183261610421,ATM,Travel,FR,23.0,0.028261544101884556,0.37688952049618313,0,1
9461,727,54.11653453056444,QR,Electronics,TR,11.0,0.06658021940294243,0.10849515737562954,0,1
3596,662,159.83693632993285,Online,Travel,TR,21.0,0.1164157825318935,0.2328349743008774,0,1
750,271,103.41895950561104,ATM,Clothing,FR,15.0,0.32535036116945665,0.14457342802898654,0,1
7499,860,5.929075363823168,Online,Clothing,TR,12.0,0.015487406949497455,0.08210962224414577,0,1
7355,937,68.70489863605377,ATM,Grocery,TR,20.0,0.11165396544731498,0.17000558083240616,0,1
7878,204,15.861747448606225,POS,Electronics,US,23.0,0.05882557325859486,0.12830389308266812,0,1
2112,246,158.90680818035074,POS,Food,US,19.0,0.08879287078182367,0.22471633768375684,0,1
4204,719,24.08440916233245,ATM,Food,UK,11.0,0.013099899478858963,0.028702807558858935,0,1
3238,611,129.06191623941672,Online,Travel,DE,13.0,0.2416837295938063,0.2808237966467974,0,1
9453,507,278.69638129157596,QR,Food,FR,12.0,0.16086595708011742,0.1552153911529011,0,1
7629,228,80.6311776949673,POS,Clothing,UK,21.0,0.042191633090411275,0.017589505540327108,0,1
8557,566,240.9066489708783,QR,Travel,UK,8.0,0.3346749550544902,0.7895182511274822,0,1
2677,819,21.474328453660824,Online,Electronics,US,12.0,0.1318857905909161,0.18414346339560633,0,1
2045,480,84.14947106900169,POS,Food,US,5.0,0.6275206888991629,0.046370395358710535,0,1
8370,697,126.56543620318388,POS,Grocery,DE,12.0,0.15116779544501366,0.3686521672366345,0,1
3886,814,111.2249214324647,QR,Electronics,US,9.0,0.15796879187597637,0.25979082112371293,0,1
7579,163,98.51091379033372,ATM,Food,UK,4.0,0.2797820723932621,0.16682611436477135,0,1
362,747,11.105962943213154,ATM,Grocery,US,23.0,0.019342161529820615,0.07395164448503558,0,1
1263,790,54.8870386942105,POS,Clothing,US,15.0,0.2832901514112645,0.0945086663613422,0,1
9572,919,21.180814040072192,ATM,Clothing,FR,11.0,0.027055419047055478,0.009578032876539138,0,1
6944,871,28.30702706663028,POS,Travel,DE,7.0,0.1070941007729768,0.0682331046248255,0,1
8200,885,300.34823870074064,ATM,Electronics,DE,22.0,0.20737156284229655,0.7751709633718389,0,1
5198,524,358.41110830034575,ATM,Electronics,UK,19.0,0.22622717967593994,0.3780107475598369,0,1
6421,848,9.49244087983483,POS,Grocery,FR,20.0,0.16091975894497396,0.1314676866298752,0,1
8773,245,7.221457133118898,QR,Grocery,US,10.0,0.10622591255693378,0.4026588368504712,0,1
7951,731,23.44788351503479,POS,Clothing,DE,18.0,0.06097850141654686,0.032597643070000064,0,1
1411,972,105.53166603997512,ATM,Food,TR,23.0,0.1588403481717832,0.2916809693041215,0,1
3837,974,157.4165757194765,QR,Electronics,FR,22.0,0.5011074446971227,0.6517935100907847,0,1
2093,665,109.08607127605217,POS,Electronics,DE,9.0,0.09558804327934714,0.056244798859720224,0,1
2606,261,354.0606274692951,QR,Travel,UK,22.0,0.2571013174223963,0.3428770568126162,1,1
4471,20,137.59216822566958,POS,Clothing,DE,18.0,0.34439192798099744,0.3518766820572429,0,1
6033,682,272.95763888209797,ATM,Travel,TR,16.0,0.12732694252507773,0.2455831804747765,0,1
6215,651,79.3824198295987,QR,Electronics,UK,8.0,0.25082512879389035,0.04453327913530029,0,1
4974,846,41.31629296411282,Online,Grocery,FR,23.0,0.022839554292067923,0.1655676147820966,0,1
9518,996,121.42527778624647,QR,Grocery,FR,19.0,0.23020830440298484,0.0795746646382549,0,1
6847,456,10.273993498471212,Online,Grocery,DE,8.0,0.07838082975742228,0.3408936721891061,0,1
5211,167,93.10833754751523,Online,Travel,US,17.0,0.16899430328785114,0.23111474478482233,0,1
2734,862,8.26430378095471,POS,Food,DE,21.0,0.03184400769592326,0.25176934163834946,0,1
7712,222,40.967220905389055,POS,Grocery,TR,18.0,0.03433692850308068,0.15330395327783577,0,1
7559,495,0.0,POS,Grocery,UK,17.0,0.012330178462319766,0.11812799761327328,0,1
5137,223,10.006083807945327,Online,Grocery,UK,17.0,0.03609434703572641,0.07384324142519023,0,1
1247,569,54.37313562589041,Online,Travel,UK,15.0,0.0557905136147509,0.4547296785935443,0,1
1788,124,7.363371289676061,ATM,Travel,FR,17.0,0.03377261855801342,0.13294081778527705,0,1
203,54,28.426647389811954,Online,Clothing,FR,9.0,0.20529805250715716,0.32143482651002947,0,1
8914,848,105.36750845344933,ATM,Food,US,20.0,0.027013526230941103,0.025715787860931906,0,1
7600,921,3.425801283719901,POS,Food,US,21.0,0.04402229667728548,0.0476010493011747,0,1
4742,25,120.56701942985984,QR,Food,TR,10.0,0.15066008008055534,0.03642714847728616,0,1
4159,211,60.582626578655635,Online,Food,FR,4.0,0.07243932470813778,0.010492324278006587,0,1
4747,728,58.43111688566294,ATM,Electronics,FR,17.0,0.0832551094345954,0.1612592574118459,0,1
1580,986,146.53081576987287,POS,Electronics,TR,5.0,0.46466008368079625,0.23860892677441298,0,1
6812,448,489.9278766127387,ATM,Food,UK,13.0,0.2977754256627848,0.38426757349049395,0,1
2982,363,88.19478792338032,Online,Grocery,UK,14.0,0.13304261316684557,0.12546628032138957,0,1
432,480,210.65733966059932,QR,Electronics,TR,13.0,0.20859159485734247,0.10033514754987827,0,1
1841,612,107.17826254349482,Online,Electronics,US,5.0,0.05979237755521033,0.22122392258225676,0,1
9044,540,327.67659269795774,Online,Food,UK,16.0,0.12862738572179871,0.28564749386011884,0,1
4150,877,92.20876761034154,ATM,Electronics,UK,20.0,0.27037355998967455,0.046873034160660326,0,1
6997,44,44.712506687745474,POS,Food,FR,22.0,0.07317923319336934,0.11709787724952839,0,1
8818,884,97.78211327383357,QR,Clothing,FR,12.0,0.23049081550866812,0.17096722283210602,0,1
4675,869,34.21425171734044,POS,Grocery,TR,7.0,0.2699682584360446,0.21443266483908846,0,1
4548,662,138.80593916752224,Online,Food,DE,19.0,0.041743592331588315,0.026751983691366554,0,1
2186,146,0.12331199552990801,POS,Clothing,US,16.0,0.16553273320603878,0.13172201765258607,0,1
3667,44,345.5365948786853,Online,Travel,DE,22.0,0.07817416240104234,0.5971226310618595,0,1
2923,788,229.4147901271432,POS,Grocery,DE,22.0,0.3006102178698856,0.07670109274973329,0,1
1017,215,13.637349997638069,POS,Travel,US,21.0,0.23384968298532044,0.08219420469092714,0,1
6319,997,24.89358469760531,POS,Grocery,NG,11.0,0.282918720104372,0.4307271932324117,0,1
9204,277,53.25107379736092,POS,Grocery,UK,23.0,0.6687259787905274,0.2794761578823083,1,1
8715,861,0.2309023756764812,POS,Travel,US,19.0,0.14194797223193106,0.07989235265844197,0,1
4655,153,124.83706827256233,POS,Electronics,DE,18.0,0.4429177304460004,0.1761359065392982,0,1
281,906,59.80971139011212,ATM,Food,US,19.0,0.34450640228584606,0.2707705379735836,0,1
8889,472,8.626162699288226,POS,Clothing,FR,20.0,0.17121518034959257,0.051201517666478416,0,1
746,190,0.0,QR,Travel,FR,22.0,0.06911305767068415,0.08216265160279738,0,1
6899,527,51.785348212621315,POS,Grocery,TR,5.0,0.12783247427843056,0.18549758342131073,0,1
4052,465,8.399365216721302,ATM,Electronics,FR,22.0,0.10424339873277032,0.4064641282274056,0,1
7751,808,4.18866997545623,POS,Clothing,FR,8.0,0.022175590179354707,0.07819206244202033,0,1
3065,419,49.631833815149484,POS,Grocery,TR,15.0,0.14952784027319826,0.039784594997664346,0,1
8146,982,131.0991253433516,ATM,Travel,DE,22.0,0.05694975644017587,0.12859725106011133,0,1
1580,103,4.122282593762019,QR,Clothing,TR,20.0,0.14010932746484284,0.08910687647336915,0,1
7875,203,85.95288521329263,ATM,Food,UK,16.0,0.1664177609126194,0.04653874738195746,0,1
2176,2,92.66872326968385,QR,Grocery,TR,12.0,0.07339996266478355,0.16237764810764724,0,1
2552,652,26.647434717691873,QR,Grocery,FR,9.0,0.34002727405907224,0.07238787575478459,0,1
7747,497,50.53555913849783,QR,Clothing,UK,14.0,0.17214016089432008,0.25567385753622923,0,1
8678,734,11.470048064553772,QR,Grocery,TR,18.0,0.04005193026480408,0.031760663152984515,0,1
620,232,22.39137842479187,QR,Food,DE,23.0,0.3142153252221924,0.10718868670673251,0,1
7842,952,132.85545797271442,ATM,Travel,DE,18.0,0.37018598581785517,0.1827434111346195,0,1
1120,692,160.58044918474477,Online,Food,UK,23.0,0.5732192601437235,0.7543566709816941,1,1
6484,750,17.543503206122107,Online,Electronics,US,21.0,0.06274942399255061,0.013284601356369196,0,1
7335,945,7.355509724144024,Online,Travel,DE,15.0,0.04615913410659565,0.1079026646592015,0,1
25,998,142.62626706019458,QR,Food,US,21.0,0.1869175114915258,0.2962388251235285,0,1
390,527,387.1421898792934,POS,Food,TR,19.0,0.4323514447711445,0.19074845083924138,0,1
3738,869,69.80160424488727,POS,Food,US,13.0,0.01296575473900745,0.04277982279994096,0,1
590,170,868.8018509302218,QR,Clothing,DE,8.0,0.19390662018305582,0.26387744589842455,0,1
1869,0,17.826317829480676,POS,Clothing,DE,21.0,0.08935642110431222,0.03958729421828089,0,1
1543,60,68.64614237258301,Online,Electronics,TR,7.0,0.12549579788849866,0.26290139005256263,0,1
1349,703,79.7860420176918,Online,Travel,UK,12.0,0.07793299663531966,0.3743150942268902,0,1
1855,236,802.1090045577434,Online,Electronics,UK,21.0,0.03945024293854333,0.14401929098813374,0,1
6128,697,14.033071947972985,QR,Clothing,TR,11.0,0.26556417471872423,0.04678040768961049,0,1
5396,702,84.2128706628946,QR,Food,UK,14.0,0.11142019347327171,0.15950796908086545,0,1
555,187,217.5974159555871,ATM,Clothing,US,21.0,0.0871789583122926,0.6416331981315103,0,1
898,114,4.884552395833813,POS,Electronics,TR,9.0,0.046393613816417836,0.10594721257271278,0,1
9239,779,240.3299820884733,QR,Travel,UK,22.0,0.22767643722771552,0.049720456999930114,0,1
6751,892,65.68945219842803,Online,Food,FR,16.0,0.15122979261439345,0.0954664251366927,0,1
5633,65,36.472794950335086,QR,Clothing,TR,22.0,0.10219310907177233,0.22858096698474945,0,1
8840,489,75.60858624052949,QR,Travel,DE,14.0,0.11639967198903126,0.10552470617434492,0,1
3150,857,9.93253964855737,QR,Food,TR,11.0,0.13389029944586436,0.13084244912798176,0,1
5862,377,322.23931762080446,POS,Grocery,FR,12.0,0.13250098455908155,0.25269793613965885,0,1
8108,23,89.93149640232471,Online,Grocery,FR,2.0,0.27685005699092885,0.08432768456717658,0,1
66,530,272.93072882310787,ATM,Clothing,UK,4.0,0.1300881126393021,0.2691057064414143,0,1
4866,887,157.25403905686238,ATM,Travel,UK,11.0,0.1298036102278002,0.1547407854283199,0,1
7693,347,259.2066852413853,ATM,Travel,TR,22.0,0.09714511525606542,0.020627937151603264,0,1
4686,12,140.7209242229367,POS,Food,TR,16.0,0.15386326577664738,0.15635343835511467,0,1
9860,751,220.06568196613907,QR,Grocery,FR,15.0,0.4249394472020967,0.17114252356131612,0,1
1830,697,4.0044956091053745,ATM,Clothing,TR,12.0,0.18536009756338845,0.1564218281862779,0,1
4077,327,31.98473395686883,ATM,Travel,FR,23.0,0.01754644586685913,0.039488958677019105,0,1
9407,536,619.8586065767497,QR,Food,US,16.0,0.32062924636271783,0.15716755801380278,1,1
3761,30,36.410259023821276,POS,Grocery,UK,13.0,0.14263059206830236,0.2256380277917768,0,1
3178,64,311.48620884551264,ATM,Food,TR,23.0,0.45327987449606433,0.049367806496888066,0,1
4493,334,50.56853242513294,ATM,Travel,TR,15.0,0.13875384654226847,0.19763895062772163,0,1
70,987,40.53751617263993,ATM,Travel,DE,17.0,0.22630379245099386,0.5290366396698416,0,1
6422,503,55.16208064673327,QR,Clothing,TR,11.0,0.5285344289509201,0.9875684727310058,0,1
2136,729,400.4666708312153,POS,Travel,FR,9.0,0.26554809584037303,0.13736905417713244,0,1
5154,684,140.09278114078262,ATM,Food,DE,12.0,0.10457956740945103,0.17610017295461092,0,1
6225,783,156.98743509453456,ATM,Travel,TR,8.0,0.29382908420122444,0.21061707637711571,0,1
3737,500,128.6887500353959,Online,Food,DE,20.0,0.05905285640189108,0.018742270659845028,0,1
8366,923,30.430368506126158,Online,Travel,US,6.0,0.16112495287137524,0.2705975305253283,0,1
1939,741,55.52460929612969,QR,Food,DE,4.0,0.279973322235507,0.2428546811437898,0,1
5155,734,56.257992201507115,QR,Food,FR,14.0,0.14111041517037565,0.11197931984524068,0,1
8960,196,230.87319702545255,POS,Grocery,TR,20.0,0.12495985391870681,0.07209862730644433,0,1
9750,601,49.52848275991161,QR,Grocery,US,13.0,0.14045475757947687,0.272057113841032,0,1
9006,315,25.25953536106671,POS,Grocery,US,9.0,0.02332978143048887,0.015032965420501448,0,1
6534,363,148.97680672012206,Online,Travel,US,17.0,0.22522539264010472,0.2063382594966865,0,1
6753,652,57.37938294252112,QR,Travel,DE,18.0,0.04158548769436551,0.07832289598243526,0,1
9948,824,322.41950438110365,Online,Travel,DE,13.0,0.06056979533623815,0.08199928061545422,0,1
4084,272,44.36047428910772,ATM,Food,UK,11.0,0.12685143431183232,0.03931532423446986,0,1
4851,294,195.18504177093334,QR,Grocery,TR,13.0,0.19335429401016568,0.5092138429126501,0,1
145,831,233.6443642023884,POS,Clothing,UK,11.0,0.4361471576785096,0.28780134452533856,0,1
4179,713,181.73023490221442,QR,Food,DE,10.0,0.060925462009018036,0.04672782106143318,0,1
3826,523,43.033450729746406,Online,Clothing,TR,9.0,0.13007128159401898,0.04672483739367681,0,1
6426,652,93.67895392407002,ATM,Clothing,TR,16.0,0.19012708841714937,0.24018081530011584,0,1
5910,425,148.20276158486564,POS,Grocery,TR,21.0,0.2699671684172048,0.18755504610802554,0,1
675,802,252.36643265093926,POS,Grocery,UK,18.0,0.33999977437964607,0.21234295067617773,0,1
3642,992,253.06036284251385,POS,Travel,DE,19.0,0.26408374484719066,0.025637099927910603,0,1
3085,495,178.09643957453324,Online,Electronics,US,7.0,0.09773608701381879,0.15618042769986543,0,1
9675,89,184.73577532519798,POS,Grocery,US,20.0,0.06376248438391283,0.47249876707486516,0,1
1256,140,9.386998336736205,POS,Clothing,UK,21.0,0.18517997657887006,0.12880258067382216,0,1
280,812,268.6194425964496,Online,Travel,UK,20.0,0.07172762568174958,0.051513375640846994,0,1
6083,655,125.57179284672533,POS,Grocery,DE,10.0,0.10272253434491627,0.11746565797177044,0,1
9807,616,910.2774601524002,Online,Electronics,UK,16.0,0.5160655475361491,0.19756310683728773,0,1
7702,595,27.944805375886723,Online,Clothing,UK,10.0,0.10697940773507066,0.2019531024901099,0,1
8141,114,454.7908000920093,Online,Electronics,UK,20.0,0.052284749607465174,0.09072241803488582,0,1
5263,324,284.4596340514157,QR,Food,DE,17.0,0.4400050723537064,0.18469423915199176,0,1
2407,243,125.46363051596427,POS,Grocery,FR,10.0,0.3073067825123622,0.10336332497144232,0,1
291,837,420.98046721848186,Online,Grocery,DE,20.0,0.13502668325128836,0.3638170517464356,0,1
3166,990,197.23590939099742,ATM,Food,UK,22.0,0.07212816057581545,0.045233032202930956,0,1
4567,452,173.39824013866328,POS,Food,FR,16.0,0.45223642384473,0.20045064635438575,0,1
4605,348,193.40383848794414,Online,Food,UK,21.0,0.15921744260769194,0.2915412003071718,1,1
7490,393,353.87335255856914,ATM,Clothing,DE,22.0,0.11897875829011517,0.20880462839451416,0,1
6331,518,78.14794056388705,QR,Electronics,DE,11.0,0.18724957817501497,0.07318756071052808,0,1
2428,180,1081.5388949175344,ATM,Food,US,22.0,0.11315845720098999,0.06915530589398097,1,1
3038,277,68.6639981123662,QR,Travel,UK,22.0,0.029668274894858307,0.34941123765628135,0,1
1884,517,63.8578822463556,POS,Food,DE,20.0,0.18376221306952756,0.25364203730938334,0,1
9707,236,51.38288516927269,POS,Travel,DE,17.0,0.4163495849606753,0.38030714034746976,0,1
5562,455,0.0,QR,Travel,US,23.0,0.11811296406651325,0.007612579461794159,0,1
3213,205,153.84004289828434,ATM,Food,US,23.0,0.14179548826615268,0.08253901735789893,0,1
9673,47,0.0,ATM,Travel,TR,23.0,0.06137460892942362,0.15005236238295844,0,1
5914,857,327.48794668098384,QR,Electronics,US,9.0,0.06723173257368792,0.0682740617591737,0,1
9499,892,166.01871393075936,ATM,Food,DE,22.0,0.025522169042925338,0.1469364589047396,0,1
3336,236,330.26100371732593,QR,Grocery,UK,18.0,0.2300991825465631,0.04329147276979098,0,1
7401,413,363.96261198485075,QR,Clothing,FR,22.0,0.3854912153828202,0.1899060742419915,1,1
5427,406,40.57592211037707,Online,Electronics,FR,10.0,0.0790211864340237,0.028688370167349816,0,1
3087,382,87.9291824639881,QR,Food,US,16.0,0.0833811005914615,0.14918087953628245,0,1
4635,834,113.27443148197368,POS,Food,DE,12.0,0.1220225631666168,0.3669222202922602,0,1
4908,912,12.47187277852464,QR,Food,DE,15.0,0.027226408310936135,0.0912337844134902,0,1
1676,229,395.89979099419304,QR,Clothing,DE,13.0,0.25067543032745454,0.27818122755934604,0,1
8910,62,118.12869306679352,ATM,Clothing,DE,18.0,0.016552101142150097,0.062224569002076326,0,1
2371,308,20.8466009785448,QR,Travel,DE,21.0,0.053987074265658,0.1483094422084834,0,1
2468,556,407.0904212860399,QR,Grocery,UK,16.0,0.22247952744151928,0.0378272257461618,1,1
2436,939,226.63232078674923,POS,Electronics,US,18.0,0.29999346939234756,0.21214420289263985,0,1
1860,282,46.865068423678785,QR,Grocery,UK,15.0,0.34481269439441564,0.27637181474742334,0,1
6012,250,906.2177357585034,QR,Travel,FR,12.0,0.03926010976014607,0.12216295290664483,0,1
3586,707,90.51675164231277,ATM,Grocery,FR,15.0,0.1393416729786526,0.5028945409645337,0,1
4396,979,677.6672991159604,POS,Food,UK,3.0,0.17758493689297336,0.6709510400626801,0,1
7815,694,327.97370379802084,POS,Travel,DE,23.0,0.09566590420839027,0.12034832163270709,0,1
9513,862,222.5566340908031,Online,Travel,UK,16.0,0.2516699360115022,0.15354330180230183,0,1
9482,423,130.35773471444497,QR,Grocery,US,0.0,0.15905756110432653,0.34895070676297324,0,1
4563,520,85.39680914107039,POS,Clothing,US,13.0,0.2890030064726972,0.11755692441073298,0,1
8880,210,912.5556328543611,POS,Grocery,US,20.0,0.04688632279121971,0.3192824265418075,0,1
3575,832,251.4462457918855,POS,Grocery,FR,12.0,0.14861422657015247,0.15805013201306548,1,1
1337,991,63.066268203443094,POS,Clothing,TR,22.0,0.025762557664211483,0.03255176335805452,0,1
7277,755,14.940564299638577,QR,Clothing,US,15.0,0.16551890507655398,0.019542025963026892,0,1
1740,582,50.99631332338742,POS,Electronics,US,15.0,0.14326673167773724,0.2787433231825802,1,1
7519,834,23.07174564489254,QR,Clothing,US,13.0,0.039911541877913674,0.11037162666290087,0,1
7612,404,154.01161193262243,POS,Grocery,DE,21.0,0.0501673736403426,0.06861286148143515,1,1
4179,987,429.65721972811957,POS,Electronics,DE,8.0,0.3972586710556589,0.16178166880692912,0,1
2923,818,214.01142612464548,ATM,Travel,TR,11.0,0.0315412943685426,0.09146939161659481,0,1
9963,690,177.33899602549033,Online,Clothing,UK,14.0,0.4062146278826225,0.20556106570765273,0,1
5427,33,240.58888239713633,POS,Travel,TR,14.0,0.36114502920757763,0.2520207233669854,1,1
4021,169,184.69256562634948,QR,Clothing,FR,16.0,0.12237651056159776,0.11874910438118823,0,1
9118,268,116.05581610073408,ATM,Electronics,DE,18.0,0.07116708996228584,0.05457244577129271,0,1
3238,68,139.3328245661702,ATM,Food,DE,8.0,0.08882453028950993,0.14276236529096342,0,1
3559,259,150.12165424192042,ATM,Grocery,DE,20.0,0.11160118937355336,0.02373257837376292,0,1
9007,438,21.87548082444242,Online,Electronics,FR,23.0,0.0900761046201878,0.06389300444198313,0,1
8385,257,12.36671992359032,POS,Electronics,UK,12.0,0.043591090221058094,0.025132602627008997,0,1
5602,443,499.70211941846856,ATM,Food,DE,9.0,0.07836833407156972,0.12778668640614635,0,1
2136,958,749.2223488551166,Online,Grocery,TR,9.0,0.09185337731540137,0.41759423358736025,0,1
8400,833,16.80015186059771,QR,Electronics,FR,22.0,0.08812970007399723,0.03822686767542197,0,1
8484,421,127.30426859869782,POS,Travel,TR,15.0,0.07145770979680621,0.13430618395397306,0,1
7553,433,18.117221223141467,POS,Travel,FR,13.0,0.13182290180743428,0.09290308416408621,0,1
8017,647,1077.6157907407035,QR,Clothing,DE,22.0,0.22035700152676674,0.046122089759954944,0,1
1770,330,168.4244247426008,QR,Clothing,TR,14.0,0.10141394622536037,0.3275784803784799,1,1
6631,222,173.60362130891312,POS,Electronics,UK,20.0,0.43384241105912097,0.23075757037205677,0,1
2527,78,194.7009841677037,QR,Clothing,DE,6.0,0.5130418485323616,0.21159682568140045,0,1
6466,618,256.09904627433014,ATM,Food,FR,21.0,0.18014926171932502,0.05593299162278716,0,1
592,191,360.99815564596196,ATM,Electronics,DE,11.0,0.33989268787875965,0.2616455840083101,0,1
1765,466,20.825644196742793,POS,Electronics,US,5.0,0.09843534784347314,0.09233662815529295,0,1
4455,31,338.1010922964322,ATM,Grocery,TR,21.0,0.13091417555709145,0.05897208024313806,0,1
6314,730,48.34117688892085,ATM,Electronics,FR,16.0,0.24061657113960172,0.18880258524013144,0,1
755,280,16.56245024695901,POS,Grocery,UK,20.0,0.16961443911322246,0.10683150756939405,0,1
8217,194,894.1076545754134,POS,Electronics,FR,6.0,0.06470049326098408,0.30264523551670924,1,1
8462,237,3.748981016619419,ATM,Electronics,FR,8.0,0.4799506382760632,0.037205376659575365,0,1
8369,600,70.61265548861005,Online,Electronics,FR,15.0,0.14380325899612756,0.16260813300304056,0,1
2371,715,29.66759178913256,QR,Clothing,US,19.0,0.10333883145155132,0.04665944687789416,0,1
8262,113,46.180530078333085,QR,Electronics,TR,7.0,0.6559233441149523,0.24727992002600918,0,1
5143,699,74.73871814219244,QR,Food,TR,6.0,0.12245860789702707,0.4188047427570934,0,1
5426,401,112.44832737707843,Online,Clothing,US,19.0,0.013324280781749728,0.060325916534366926,0,1
5434,250,28.56808559981606,POS,Electronics,DE,7.0,0.10795561511547284,0.22491143267821492,0,1
9571,85,185.54911009578467,Online,Clothing,DE,13.0,0.10353911488761061,0.28812481638552356,0,1
4230,206,69.45636859077315,QR,Travel,TR,18.0,0.07798881831964881,0.03250845183403493,0,1
325,924,235.48881231233096,QR,Clothing,FR,5.0,0.15014700819551602,0.1499764630400643,0,1
7329,296,69.78828488699801,QR,Grocery,TR,17.0,0.6102928324621848,0.02113783005515497,0,1
3866,141,470.4119804589242,ATM,Food,UK,13.0,0.6204658410627827,0.3124437202556133,0,1
5308,636,202.76246769296208,ATM,Electronics,UK,5.0,0.16255911163369285,0.09610542822978076,0,1
9405,564,10.520381575127635,POS,Electronics,DE,20.0,0.018233020444070783,0.1539268076574192,0,1
7552,287,0.0,QR,Travel,DE,13.0,0.4064988336655193,0.020966948012436336,0,1
1731,788,126.32004326026576,Online,Food,UK,18.0,0.1741304723899529,0.06052190198682043,0,1
1500,651,122.1421750200408,ATM,Travel,UK,18.0,0.5764124360155507,0.2132893879903662,0,1
3437,701,21.12793786647672,POS,Clothing,TR,17.0,0.15659951845368814,0.06760518545239173,0,1
1251,289,220.7380964410267,Online,Grocery,DE,22.0,0.14386541008438308,0.30186140672184997,0,1
1757,188,756.1149493807799,QR,Travel,TR,17.0,0.37299822617088474,0.9283258767691498,0,1
8238,290,336.72400651539783,QR,Travel,US,8.0,0.2399253752934431,0.23825674952370168,0,1
2145,173,0.940408714498764,ATM,Travel,DE,22.0,0.05373750190376671,0.06971151078192214,0,1
117,564,17.86674464199615,ATM,Grocery,FR,21.0,0.31639464811509743,0.026912876475996224,0,1
7254,530,566.3955654154939,ATM,Electronics,UK,21.0,0.40516270671496607,0.0694013745605557,0,1
6001,881,567.7097689826625,POS,Travel,US,20.0,0.3836694119010532,0.487632279878835,0,1
7022,848,31.549966187200994,ATM,Clothing,US,19.0,0.10689328798033036,0.3205640577895911,0,1
1251,278,0.0,QR,Clothing,DE,19.0,0.06993077496826045,0.06132246203490524,0,1
5667,611,40.23227459304839,ATM,Grocery,US,22.0,0.05173812103448796,0.017157267206966646,0,1
3919,769,0.8015969024711964,POS,Clothing,TR,23.0,0.0951968303413432,0.13943861628469978,0,1
3852,72,109.99472840025815,QR,Electronics,TR,19.0,0.28907935507989957,0.1762123088104495,0,1
5950,144,50.26070357942272,QR,Grocery,TR,9.0,0.182151697220109,0.26849934780422313,0,1
9373,686,28.336166245056347,POS,Food,TR,21.0,0.17850131214446474,0.24294701549382164,0,1
5764,578,418.79250820357487,ATM,Grocery,UK,12.0,0.362542777906435,0.21643272525781032,0,1
928,107,15.07525728991201,ATM,Travel,UK,11.0,0.14013214695331502,0.12981654704259135,0,1
3243,247,669.897275211733,ATM,Food,US,19.0,0.7752754458250753,0.3294399079733177,0,1
9721,867,62.326877014175885,POS,Food,TR,23.0,0.08822207960680367,0.16747697157299385,0,1
4156,445,66.95970547282562,ATM,Clothing,FR,19.0,0.2805218461812247,0.029910284194184917,0,1
5198,992,36.05024019239351,Online,Travel,TR,11.0,0.1163688767666567,0.0390929788694739,0,1
2518,5,300.8925780890138,QR,Travel,UK,10.0,0.0618834978551174,0.0965216076993439,0,1
4942,796,258.1412972940794,POS,Grocery,US,5.0,0.3297389626310846,0.25029669554964423,0,1
890,506,100.83430803511222,Online,Clothing,US,11.0,0.1296260974470044,0.10199353524355426,0,1
1578,735,87.00267260747847,POS,Travel,UK,11.0,0.026107596898498946,0.4925521982984984,0,1
2111,789,97.43105912055444,ATM,Electronics,US,13.0,0.5816862290010213,0.41510546925921077,0,1
8754,392,155.08868967585846,QR,Food,UK,22.0,0.14150183749264608,0.10342390340431652,0,1
512,635,0.0,Online,Travel,DE,14.0,0.21282096195425146,0.39501625223376996,0,1
5650,44,127.71226465410436,POS,Grocery,US,17.0,0.21000135403397888,0.07294292314784062,0,1
9220,900,213.21573995647702,Online,Clothing,FR,3.0,0.27286363274639075,0.42606884312693044,0,1
8572,599,0.0,QR,Food,DE,17.0,0.02099227460762019,0.11434657464565913,0,1
6159,971,351.0389601630986,POS,Travel,UK,22.0,0.4287441015138694,0.08148515566048876,0,1
6583,788,75.97740291453951,Online,Grocery,US,15.0,0.03947341769655195,0.051459359434803696,0,1
3731,112,24.481384362054424,POS,Clothing,UK,23.0,0.09385244305061698,0.037945685452688206,0,1
4665,214,203.8646577165953,ATM,Travel,TR,22.0,0.44096046629394076,0.1852411898814891,1,1
5749,853,148.53556354567812,ATM,Clothing,US,12.0,0.02056591353547926,0.034580755963530906,0,1
5398,793,69.9832284219347,POS,Clothing,FR,11.0,0.16131767388093451,0.07317616060586028,0,1
7499,665,7.11031713402754,ATM,Clothing,US,6.0,0.03737701634466718,0.15921425603083136,0,1
1724,490,177.94358846367095,ATM,Grocery,FR,18.0,0.1047953401987764,0.28669863816517055,0,1
2967,902,8.712139247647713,ATM,Food,UK,20.0,0.1456685104688654,0.3833413472997004,0,1
9223,849,126.5979472301397,POS,Food,TR,17.0,0.14842284306189377,0.04243203843176965,0,1
9670,674,45.41937047916324,QR,Travel,US,23.0,1.0,0.12887234235113243,0,1
7941,289,150.78046611788523,ATM,Grocery,US,10.0,0.1012779312097502,0.06767515962292359,0,1
5442,661,675.8049184496194,QR,Grocery,FR,15.0,0.26575495034417124,0.1491333550761171,1,1
733,872,67.22656490575228,Online,Electronics,UK,3.0,0.23239238467394763,0.3389239801800324,0,1
2983,233,398.91242547193883,POS,Electronics,FR,13.0,0.31800073365292375,0.29289694601186633,0,1
716,460,59.62012847169203,POS,Food,DE,20.0,0.1572586838661611,0.12514364597341832,0,1
6678,715,351.89895363847427,ATM,Travel,US,18.0,0.22257521206132694,0.04589658000127,0,1
527,591,135.7455917078887,ATM,Food,DE,19.0,0.21308648828912186,0.3104692256080677,0,1
926,670,384.66505842352854,ATM,Electronics,FR,23.0,0.10877606512918415,0.09852563366887897,0,1
7958,597,12.463243385114012,POS,Food,UK,14.0,0.028379117751185057,0.11981642419257871,0,1
4024,620,567.9310327301342,POS,Grocery,DE,14.0,0.360258134259295,0.16980554636463344,0,1
2249,323,302.8639048384098,QR,Food,DE,20.0,0.1970992982709049,0.13889758585568748,0,1
8586,781,154.09185588360003,QR,Clothing,DE,7.0,0.2995542337791875,0.39228104436048167,0,1
654,146,62.327229488150174,POS,Clothing,UK,4.0,0.12070424258368495,0.21179196022848437,0,1
1239,56,266.04574137821186,QR,Food,DE,15.0,0.240204625064424,0.23706523467467194,0,1
7416,473,473.8785818533766,POS,Electronics,DE,14.0,0.1289331322619547,0.19601786647296077,0,1
7685,451,193.0082212659045,Online,Food,DE,2.0,0.9540606213558024,0.3051483608364171,0,1
3044,613,29.444900563287213,Online,Grocery,FR,15.0,0.2039795166892467,0.307839226806815,0,1
2123,454,156.056603965479,QR,Clothing,DE,15.0,0.1054586307191193,0.01883811502268551,0,1
6031,531,9.090605698273585,ATM,Food,UK,13.0,0.05109316814987628,0.22768143740329172,0,1
3410,427,103.60483659691107,ATM,Food,TR,16.0,0.25397016862404204,0.17821647027985757,0,1
6344,361,50.84727165357523,Online,Electronics,TR,20.0,0.058718595509369594,0.21523680371958515,0,1
3120,510,210.88803101982893,Online,Clothing,UK,20.0,0.11010523542260867,0.0382457188500313,1,1
8336,301,137.4829589751419,QR,Grocery,UK,22.0,0.15988726762884023,0.05294281698232685,0,1
3816,901,94.03284632798633,QR,Grocery,TR,23.0,0.24316002539408166,0.4204380715257609,0,1
6457,141,55.229035555290196,ATM,Electronics,FR,20.0,0.2175115570840018,0.1280265541115877,0,1
5406,759,5.563769400372074,POS,Clothing,US,7.0,0.08599939570100784,0.4162718993216173,0,1
7094,181,497.1309782665318,QR,Electronics,FR,14.0,0.39309732928858976,0.41655585033922476,0,1
1641,990,13.58543974250099,Online,Electronics,TR,16.0,0.11233551174046684,0.3536240124271424,0,1
7489,653,101.7823777687744,ATM,Grocery,NG,5.0,0.07973849460299412,0.14670332496101027,0,1
9457,119,65.59685690893319,POS,Clothing,UK,14.0,0.2012339253554517,0.28832368583795787,0,1
3427,180,569.8138937684276,ATM,Food,UK,23.0,0.1603607930049077,0.37574936722571595,0,1
1336,610,42.15341138157127,ATM,Food,TR,17.0,0.16762404272451295,0.14396694525279893,0,1
9921,815,148.15926621354348,Online,Food,US,23.0,0.19404138322935433,0.06324729216231198,0,1
6456,698,376.3323412885911,ATM,Food,TR,8.0,0.2374521210645787,0.3800076635138908,1,1
8375,575,81.23034149382835,Online,Clothing,DE,11.0,0.10863725965457524,0.1697755072170127,0,1
4624,11,82.37110137740116,POS,Grocery,DE,4.0,0.21260453316628072,0.15591377492350772,0,1
3515,105,1.4800560290053273,ATM,Grocery,US,22.0,0.3904733213730063,0.181768161584088,0,1
2949,69,110.39832665450975,POS,Electronics,TR,19.0,0.12759815983303005,0.1061805481642256,1,1
8430,195,276.356166315241,Online,Food,US,20.0,0.28070311157044386,0.06783158097689851,0,1
6618,378,89.31818165154387,POS,Travel,DE,21.0,0.2152137905813854,0.7214446285350559,0,1
9689,715,101.98470014733996,POS,Travel,US,15.0,0.09923864780568706,0.011194754772012622,0,1
9762,185,14.551393764645953,POS,Food,UK,17.0,0.12516872390418773,0.15358170550796446,0,1
4588,270,535.8651803332477,Online,Clothing,US,22.0,0.15912612285830288,0.2380350881412555,0,1
2356,833,37.71662266707824,POS,Electronics,US,16.0,0.13283322790722082,0.03166987441405487,0,1
9936,347,28.80257139621388,POS,Electronics,DE,12.0,0.145741493167579,0.047651398629553386,1,1
9029,851,71.83872008215457,QR,Travel,UK,9.0,0.1827995376630641,0.23691083366078441,1,1
3765,309,7.943538034204634,QR,Food,TR,22.0,0.0631829265294891,0.0419466522919942,0,1
2592,740,443.28991677142136,POS,Travel,TR,9.0,0.05071830383330766,0.2152289757017679,0,1
5912,259,142.2971802377861,QR,Travel,TR,13.0,0.8270308570806018,0.036768258678593596,0,1
3656,12,110.48407243211135,QR,Grocery,TR,3.0,0.10717628424327695,0.10197472373176975,0,1
6227,885,180.41072262385427,Online,Food,TR,22.0,0.15357827482883768,0.18203724578159125,0,1
9213,667,32.41311099244003,ATM,Electronics,UK,10.0,0.34321609069671,0.22986423684193438,0,1
3280,596,13.978487603365991,POS,Clothing,DE,14.0,0.03784422871699086,0.12912166085040572,0,1
5187,657,5.084656555099952,Online,Food,DE,18.0,0.12687929517403515,0.20086776471967294,0,1
3745,791,942.3640066294173,ATM,Food,FR,17.0,0.19352541784108532,0.15901916271417094,0,1
1570,838,96.93113474783111,POS,Grocery,UK,22.0,0.041524588521518684,0.13544864362592096,0,1
3566,904,112.13184581133757,Online,Food,DE,14.0,0.24120257636541784,0.036386954384918416,0,1
8975,162,17.50019154818653,Online,Travel,DE,21.0,0.2900117167998851,0.06072888750300942,0,1
8715,264,582.224910949482,QR,Grocery,FR,21.0,0.286738474272647,0.2159255712954461,1,1
3180,545,57.77092916150467,POS,Clothing,DE,20.0,0.12044199213385412,0.13094953971316534,1,1
6181,467,89.28332061129136,Online,Food,US,21.0,0.05993960477874022,0.1752610942300518,0,1
3292,920,78.49800902867356,Online,Travel,FR,21.0,0.008068316570553936,0.11619508756578953,0,1
7691,233,488.4957486529536,Online,Electronics,FR,18.0,0.6041962452975467,0.2603247191563436,0,1
5750,730,7.671040535839635,POS,Food,UK,20.0,0.21179981388688626,0.10001708252514062,0,1
2294,692,113.97172193053612,Online,Clothing,US,17.0,0.1610391888474681,0.030895273615478586,0,1
4259,312,415.12489210168667,Online,Grocery,FR,17.0,0.18617631952552502,0.08795777747736092,0,1
9455,731,20.136318887694777,Online,Grocery,NG,14.0,0.2269213121674908,0.17927296444677449,0,1
1977,907,1.3022178587552906,ATM,Food,FR,7.0,0.04657157076531531,0.1667559356088601,0,1
6589,207,47.05975377802527,Online,Grocery,DE,17.0,0.34508858755099253,0.14337932946361817,0,1
6454,198,175.5898628278254,POS,Food,TR,17.0,0.05097809446069626,0.03335277378690343,0,1
3273,71,131.77280134559717,Online,Travel,FR,11.0,0.22051367595875188,0.07965535357805009,0,1
7713,451,291.28278660453697,ATM,Clothing,UK,3.0,0.5511525100878887,0.4286986629356265,0,1
4619,339,80.50641235952817,Online,Grocery,US,18.0,0.11828736860140028,0.34543226793735116,0,1
7046,899,248.55251300922012,POS,Clothing,DE,16.0,0.37022912885638054,0.45955185530391146,1,1
1,462,161.9035707052187,QR,Food,DE,1.0,0.2438895317979906,0.14068563899626976,0,1
7672,166,203.99182890311423,ATM,Clothing,FR,21.0,0.22623786996184586,0.40222807516750764,0,1
3963,728,16.11087514808743,POS,Electronics,FR,17.0,0.01266402397645065,0.09773944520689481,0,1
8473,337,105.02820592805509,Online,Grocery,DE,14.0,0.02070333936880131,0.10089785529397288,0,1
5725,710,642.634870890293,ATM,Travel,DE,19.0,0.5890268122147736,0.5302115365878357,0,1
9376,566,399.79699554573745,QR,Travel,TR,21.0,0.3712961813848182,0.409217923351538,1,1
6718,808,355.3907284347273,POS,Clothing,UK,17.0,0.10060594504543226,0.017982753802120166,0,1
9332,575,33.51414934762312,QR,Travel,UK,23.0,0.24487377661445467,0.2573648422909612,0,1
3509,791,822.0939730692197,POS,Electronics,US,14.0,0.4875321235693717,0.341791272434806,0,1
8137,499,24.809871631812786,Online,Food,US,22.0,0.03434160130542866,0.03812681290554031,0,1
7237,222,34.703336800359125,POS,Electronics,TR,7.0,0.22078210838670387,0.09229788601094452,0,1
8679,809,68.05668725179181,Online,Clothing,FR,2.0,0.086415649269859,0.08208910882733031,0,1
276,593,200.23198163303587,ATM,Travel,UK,17.0,0.07697377387893296,0.049388729146032664,0,1
8994,873,3.8500326057620224,POS,Travel,US,11.0,0.07534442331657829,0.0627472272758363,0,1
2016,70,2.487358058403516,Online,Food,TR,23.0,0.1039936202782163,0.1075238810398348,0,1
5995,766,120.48381480189224,ATM,Electronics,DE,9.0,0.778880194195737,0.17098336524052946,0,1
8927,144,585.7548721999336,Online,Food,DE,19.0,0.057970274824250156,0.08762612177166731,0,1
4118,506,188.90272308092344,Online,Electronics,TR,14.0,0.12049333885042565,0.1344098599334982,0,1
4504,212,185.23194186798207,ATM,Electronics,UK,9.0,0.2908705917633347,0.18936652692028744,1,1
8117,463,100.97395707008334,QR,Electronics,TR,22.0,0.1425715703432726,0.06251389427347548,0,1
4042,583,101.88458106556453,Online,Electronics,US,19.0,0.12289766166356209,0.023537707188666268,0,1
5898,238,0.0,Online,Travel,DE,16.0,0.1297397410476398,0.054704331213357105,0,1
5188,782,89.46394538572778,ATM,Travel,DE,14.0,0.16457327772333055,0.07867546559023171,0,1
8850,701,775.2594356734887,Online,Grocery,US,4.0,0.0389981136707086,0.16480987607413708,0,1
3423,487,11.920633594351703,POS,Travel,DE,18.0,0.012489835512808405,0.052614038805517585,0,1
7773,130,186.96921904778637,ATM,Electronics,UK,8.0,0.1581241946226095,0.19512700500641722,0,1
1663,412,250.02467221251453,QR,Grocery,UK,20.0,0.19897425604929148,0.09328701327821316,0,1
241,164,148.4650846240007,Online,Grocery,DE,20.0,0.24087893841001135,0.10014188205242526,0,1
2746,207,19.65330432237051,POS,Food,US,20.0,0.047970603952532186,0.02251988828600647,0,1
4757,231,216.36805425577006,POS,Travel,US,10.0,0.10541518133431696,0.01396480299995318,0,1
1387,691,25.75518838337169,POS,Food,US,21.0,0.2243805975323954,0.2666798294995611,0,1
2918,24,349.7977106271285,POS,Food,US,15.0,0.09133088468847105,0.08868472034437072,0,1
49,932,84.44350392079275,Online,Food,FR,17.0,0.057888099897147424,0.2176504178311896,0,1
964,978,242.01950065064108,QR,Travel,US,6.0,0.08807542145108438,0.15044661006026583,0,1
8391,867,809.1107376681479,QR,Food,DE,17.0,0.04853660044079311,0.7579063105193289,0,1
4178,942,8.207477762754916,POS,Clothing,TR,20.0,0.19502465288857354,0.05239663178432613,0,1
2696,297,171.53259494068666,Online,Clothing,US,8.0,0.2793568144073305,0.25216971917675346,0,1
7715,396,283.4397389661851,QR,Grocery,UK,13.0,0.044058768688025406,0.4417932573191898,0,1
3860,595,134.27013612231033,POS,Food,UK,18.0,0.2980904263399973,0.020099857958104213,0,1
7404,437,75.27142831094683,QR,Electronics,US,23.0,0.013797771555847651,0.01037918157234247,0,1
7846,975,791.4786126352802,ATM,Travel,US,14.0,0.2461960563186472,0.06787818856424548,0,1
4676,867,256.0290073970438,Online,Electronics,FR,13.0,0.47658833910792375,0.08710242953052316,0,1
3269,854,41.46933072372078,Online,Grocery,TR,5.0,0.07645913090278378,0.37005269141617053,0,1
943,870,106.87482079610605,Online,Clothing,TR,16.0,0.49072689858980123,0.31952136054780345,0,1
4163,221,23.17004759994466,Online,Food,US,22.0,0.01487967302071,0.06376501258578958,0,1
9202,754,6.582873691372212,ATM,Travel,FR,22.0,0.1427726003194959,0.05772797377776796,0,1
677,210,118.60562074106076,Online,Grocery,US,13.0,0.12175377842127756,0.05211157159396537,0,1
513,208,47.99427338375986,POS,Electronics,US,17.0,0.08054810967230067,0.14350767531103928,0,1
7746,750,221.51741876741494,Online,Food,UK,17.0,0.7598746710118625,0.20931583142212698,0,1
1092,0,0.096593184898075,ATM,Food,DE,20.0,0.11063900726351547,0.0920893597952059,0,1
8856,819,110.09694889330822,Online,Travel,FR,21.0,0.22721180968209262,0.21212856359438498,0,1
8645,292,448.94082409065805,ATM,Food,UK,20.0,0.1253037791655425,0.07078403330105301,0,1
9801,213,560.8053102420928,POS,Clothing,DE,15.0,0.2205041287294779,0.09257723677596244,0,1
8085,527,792.2292286434966,Online,Food,UK,16.0,0.4063426196553378,0.6549948100373648,0,1
5583,547,31.335248982541096,Online,Electronics,FR,23.0,0.13598609309318124,0.03642917455180729,0,1
9743,160,358.89506116329983,Online,Grocery,UK,17.0,0.22000862792225154,0.144076130711944,0,1
9253,706,336.1271785331675,ATM,Clothing,FR,17.0,0.05568555855507419,0.13242297037951842,1,1
504,913,731.1527380853893,POS,Electronics,US,13.0,0.17362672675086474,0.11647022265834099,0,1
3914,817,30.584760878810943,QR,Travel,UK,21.0,0.0980984273772127,0.18218275189412889,0,1
7193,134,412.0632633150661,Online,Travel,UK,22.0,0.1851185282546873,0.2355826666156747,0,1
1745,99,17.55806368208162,POS,Food,TR,13.0,0.08994356810240077,0.0501715677916177,0,1
8745,340,65.05242320300877,ATM,Grocery,FR,13.0,0.37207526034145405,0.25176452689444234,0,1
8924,501,17.491376916975355,QR,Food,FR,20.0,0.14281248046878292,0.049439770297404,0,1
8152,844,286.27189219098346,POS,Food,TR,9.0,0.03199927459466362,0.15151362393317705,0,1
2918,651,367.9985954876858,POS,Food,TR,19.0,0.04511635069639194,0.097984817351798,0,1
2729,819,1.7786572774010123,QR,Grocery,US,15.0,0.15825918859252822,0.016071849118252633,0,1
6474,210,66.41721951467704,QR,Travel,DE,17.0,0.027105220553749032,0.15202514295209174,0,1
7937,926,46.19400737176034,ATM,Grocery,FR,5.0,0.19117765935291134,0.07228625677445219,0,1
9105,284,1.2823550748079482,POS,Grocery,UK,22.0,0.0455039773974038,0.036725230416128324,0,1
7473,494,84.35851271485855,QR,Travel,TR,19.0,0.34898567847908624,0.2872890367731681,0,1
8240,112,86.42757992342158,Online,Food,US,12.0,0.18039382297076076,0.23541624822491142,0,1
5643,705,58.8483988928132,ATM,Clothing,TR,11.0,0.2003965950289916,0.04834105869064446,0,1
4703,719,143.78871610962432,QR,Grocery,DE,12.0,0.25724750672491764,0.17847540543745843,0,1
8798,216,279.87334306839745,QR,Clothing,US,23.0,0.07359454916574955,0.06587988221330845,0,1
8478,508,32.64819688557442,Online,Grocery,FR,20.0,0.18159909272521133,0.09012619756761611,0,1
415,584,11.02916488959843,QR,Food,FR,4.0,0.11608730483686065,0.07086861911794343,0,1
5046,937,5.797242583539667,POS,Electronics,US,8.0,0.12489806416579075,0.5074659235426298,0,1
5171,698,260.51815282574245,ATM,Food,US,21.0,0.15752054176275376,0.18966483758077624,0,1
9037,621,18.712759485244376,QR,Clothing,DE,7.0,0.1399482404567757,0.05052704442473413,0,1
9620,531,366.1730703466345,POS,Grocery,US,18.0,0.4817400418539332,0.0611894664593306,0,1
9139,157,40.129006809407294,ATM,Clothing,FR,7.0,0.03313026594237434,0.08929660573078932,0,1
5577,2,11.755993152596005,QR,Electronics,TR,18.0,0.08345754746849138,0.3512219776000365,0,1
5681,479,118.3491731515888,POS,Grocery,US,22.0,0.14557188698268578,0.3728008747853022,0,1
5325,908,94.82000330056374,QR,Clothing,DE,13.0,0.1940066508850324,0.12616135880880652,0,1
6240,16,75.57749181846916,POS,Clothing,US,13.0,0.04526999243388153,0.030207221236774568,0,1
2953,886,120.83700394770968,ATM,Food,UK,14.0,0.4098501101671432,0.48863592950956986,0,1
5960,677,254.7882521757353,POS,Travel,UK,17.0,0.13394394313871633,0.07254907773558708,0,1
1281,452,59.28177175010672,POS,Food,US,5.0,0.26683386996919617,0.12545516241039473,0,1
1206,671,9.039003399159695,QR,Food,DE,22.0,0.3562754459469413,0.24493339546221746,0,1
7143,76,82.92422086183058,Online,Food,TR,9.0,0.35239242273934623,0.4169295800126287,0,1
8952,501,219.17394504534968,ATM,Grocery,DE,13.0,0.26387060025952086,0.3366654018883355,0,1
9429,641,245.41669776003252,Online,Clothing,TR,23.0,0.44496235727686695,0.13227965094889463,0,1
7719,743,67.32314086969053,Online,Electronics,DE,21.0,0.20483052743949143,1.0,0,1
5901,938,380.334265431691,ATM,Food,US,15.0,0.6211125560502945,0.35397420612279934,1,1
4637,432,281.84853974542534,QR,Grocery,DE,18.0,0.1848732197810991,0.1373485200392624,0,1
2420,583,33.266415083533985,Online,Clothing,DE,23.0,0.18498813527242214,0.2671958785930594,0,1
4449,701,80.11351335258333,Online,Travel,FR,1.0,0.511782427024111,0.05044865710589095,0,1
3506,65,309.68749243962594,Online,Food,UK,17.0,0.29466054230738487,0.03407399570750883,0,1
1152,637,0.0,Online,Food,TR,21.0,0.05573705641249598,0.07221410792922513,0,1
9373,206,112.45097124382578,QR,Clothing,TR,16.0,0.19821886282726456,0.21989644064166086,0,1
4651,99,392.717839100024,Online,Food,TR,11.0,0.10992456942710571,0.24727838361002788,0,1
56,174,0.0,QR,Electronics,US,15.0,0.041456735874745014,0.029383281994792253,0,1
2877,90,27.181557714228667,ATM,Grocery,UK,18.0,0.17977132008479385,0.07655002022363414,0,1
8275,958,180.753304245775,POS,Food,TR,22.0,0.2664931735376899,0.5274375140171521,0,1
9929,608,19.959774303021018,QR,Grocery,TR,21.0,0.011633144183057652,0.02103747322393523,0,1
321,190,150.72504795650025,QR,Clothing,US,9.0,0.07276653773320285,0.14426352950653756,1,1
6380,870,7.367982909081349,POS,Grocery,US,8.0,0.16575163024982234,0.15333930693475306,0,1
8008,146,161.45822367107695,POS,Grocery,TR,21.0,0.3169943585264628,0.1723318620553393,0,1
9192,457,563.5367009572617,QR,Travel,UK,15.0,0.33295071603356846,0.4332399266985598,0,1
5252,616,9.02934112958423,ATM,Travel,DE,22.0,0.046827111382612065,0.2139343330381557,0,1
5696,47,386.22827571083735,POS,Food,TR,17.0,0.2560202366032258,0.22382224565852538,0,1
1900,566,47.87715459196385,ATM,Clothing,DE,15.0,0.29804906947289384,0.40637549799308287,0,1
6576,906,41.428915818649806,ATM,Grocery,TR,19.0,0.32315079911713235,0.2512087403347936,0,1
1170,441,100.31607024361406,Online,Grocery,UK,7.0,0.2727885237761853,0.2146935961417807,0,1
5047,230,23.86945231226546,ATM,Food,TR,5.0,0.03855107109922828,0.14123602908008134,0,1
5956,424,0.0,QR,Electronics,FR,6.0,0.04431842047179023,0.059415645861029,0,1
2528,808,11.790553799593066,POS,Clothing,DE,16.0,0.29165304802288206,0.44590079787986037,0,1
9387,184,148.48953118594582,QR,Grocery,US,6.0,0.06632163499387823,0.0528399969150712,0,1
5052,959,87.98496165570896,Online,Food,UK,17.0,0.08703846115464745,0.13474955895151572,0,1
3036,663,92.11941817260085,QR,Food,DE,12.0,0.3059177380219392,0.15305273755006352,0,1
2135,188,192.05356593001628,QR,Clothing,UK,23.0,0.3840633870208639,0.168245083885489,0,1
9804,446,315.96889796681165,POS,Travel,DE,10.0,0.1986115503914218,0.2603181442518253,0,1
559,731,22.43858134602585,POS,Food,TR,13.0,0.037306986980877414,0.020837873154393192,0,1
6347,258,1293.592458642291,QR,Food,UK,14.0,0.3660816907491891,0.2814760907490055,0,1
2867,697,28.500552828183253,Online,Travel,FR,21.0,0.14499300208415927,0.14191360583187843,0,1
158,155,321.56589747983463,ATM,Electronics,FR,22.0,0.13513736951764077,0.6044861183175826,0,1
6457,935,312.6980572186478,QR,Electronics,DE,18.0,0.10708139690939406,0.7439296745011633,0,1
8280,696,57.3092887010672,POS,Food,UK,11.0,0.38618900880579565,0.23730751553496066,0,1
370,78,5.683258029033257,QR,Electronics,UK,22.0,0.17640779402294762,0.039275493310739394,0,1
5404,594,219.00109530941566,QR,Food,US,4.0,0.15581685217694202,0.5767637940869037,0,1
8595,537,712.5006840003851,Online,Electronics,TR,6.0,0.15178990233891612,0.44442267443790945,0,1
5401,562,176.06267967730096,QR,Grocery,FR,9.0,0.04472348252271355,0.20729010755268118,0,1
9729,110,163.28727743434283,Online,Grocery,TR,18.0,0.136239800992137,0.3936902906139558,0,1
5407,751,18.940586284258053,QR,Clothing,UK,10.0,0.0656032120316446,0.023314228739992855,0,1
977,882,12.903646840812907,Online,Clothing,TR,22.0,0.058890366968891585,0.2119611269835262,0,1
9592,254,618.7395420180916,POS,Travel,DE,12.0,0.5369895202420096,0.17587259543210687,0,1
3210,623,12.370263333490069,POS,Electronics,UK,20.0,0.17560267563257786,0.043832887015848886,0,1
9709,126,1.1608688788116988,ATM,Travel,TR,5.0,0.014858168637093215,0.01722590202867491,0,1
6923,905,307.3727457903333,ATM,Travel,DE,4.0,0.2394316249937645,0.08164599232548511,0,1
3885,951,62.07946112759603,QR,Grocery,DE,14.0,0.08586767398923814,0.14024813657930987,0,1
4840,87,169.3316458318878,POS,Food,US,11.0,0.3338825586710826,0.19438572528467196,0,1
9170,898,81.70912605009686,POS,Electronics,DE,21.0,0.3104504307430779,0.050678461051550716,0,1
2637,443,19.75929197113997,POS,Grocery,DE,2.0,0.036177082140222874,0.6971736433662187,0,1
7234,45,22.333216388877506,Online,Clothing,FR,20.0,0.2792298356793585,0.08036082021861159,0,1
2440,165,6.037944488971719,ATM,Clothing,UK,14.0,0.35303813449209087,0.03974440457523342,0,1
6605,87,104.9552840827456,QR,Clothing,DE,22.0,0.048334565485258454,0.11482722430282255,0,1
9514,368,57.96985951442398,QR,Grocery,TR,5.0,0.20773150306221613,0.203167614463044,0,1
5165,15,537.8459511331777,POS,Clothing,DE,17.0,0.18729665419037828,1.0,0,1
2364,575,9.648459567099103,Online,Food,US,17.0,0.15256953737701762,0.020165092650886285,0,1
1081,645,118.13771873409989,ATM,Food,US,6.0,0.01719375550659668,0.014731244477919098,0,1
7260,780,0.0,Online,Clothing,TR,20.0,0.07763137990292607,0.07941187027614928,0,1
6993,921,150.14411094169643,POS,Clothing,FR,18.0,0.29812151631336,0.1547327122325061,0,1
4938,676,402.8884818738333,ATM,Grocery,TR,13.0,0.28077634183477734,0.1424000072837659,0,1
1076,597,236.55665285216085,ATM,Food,UK,19.0,0.08045923677708428,0.12742304626745335,0,1
9670,153,84.65960391520446,Online,Food,FR,17.0,0.07312816617554378,0.16595681409632698,0,1
4408,213,75.72422550928015,QR,Electronics,US,9.0,0.08343267382691948,0.05175795919332795,0,1
7905,15,91.37437302037438,QR,Food,DE,18.0,0.078109793462832,0.3717978306678898,0,1
553,998,25.493848445508394,POS,Clothing,US,13.0,0.3475751647315839,0.3216402392405638,0,1
8520,207,0.0,Online,Food,DE,11.0,0.04104108689268239,0.05060587692660569,0,1
3757,310,191.11403714789222,QR,Grocery,FR,19.0,0.12886663268213067,0.3054485845713262,0,1
5480,936,97.87377167101414,POS,Travel,US,22.0,0.21001229673132613,0.07083588452539598,0,1
3917,890,505.41242993978557,POS,Clothing,US,1.0,0.28540968565149566,0.23072023678267886,0,1
6233,837,557.9748649162551,POS,Food,TR,21.0,0.3252845854864791,0.21417346673310425,0,1
6485,123,88.35107618772945,POS,Clothing,UK,22.0,0.4060112260511028,0.24473364087290356,0,1
3884,277,14.115719391105765,ATM,Food,TR,5.0,0.04808714378753718,0.368542031129456,0,1
9312,739,197.59333982469508,POS,Food,TR,22.0,0.3211839842237096,0.3475398868096188,0,1
6199,680,60.48948718077866,ATM,Travel,UK,15.0,0.09937086107782339,0.030936821496015888,0,1
4497,650,21.853445639325912,POS,Travel,DE,19.0,0.06942013365904152,0.06792596386271789,0,1
7390,391,247.98995899671502,POS,Travel,DE,12.0,0.11206275391966868,0.1447183633086414,0,1
7191,298,219.41764561714996,Online,Travel,TR,22.0,0.12249391430585334,0.1001906234918839,0,1
5808,21,240.84304559237603,Online,Electronics,US,21.0,0.21771104182822076,0.12861393074686028,0,1
2582,461,237.38266887457442,ATM,Grocery,FR,9.0,0.8819739525113686,0.23467097850003835,0,1
5665,481,362.5007142336714,ATM,Clothing,US,14.0,0.08516645955763712,0.08889715063202683,0,1
8833,282,27.886462178376643,ATM,Clothing,UK,16.0,0.019395337699437392,0.019936898687184942,0,1
2285,423,23.66487098294619,QR,Clothing,DE,19.0,0.1839003034171734,0.04480648691035187,0,1
2658,955,7.09110005161202,ATM,Electronics,US,22.0,0.0368890310717296,0.10451212984869895,0,1
2345,861,195.08668326139195,POS,Electronics,FR,8.0,0.1657251543380017,0.377543152318882,0,1
6588,838,207.8519744780585,Online,Grocery,US,12.0,0.09604503895966836,0.08678361940722405,0,1
49,408,132.07183672879773,QR,Electronics,US,2.0,0.1177159405470245,0.19603008300920452,0,1
6513,273,19.702316974929033,QR,Electronics,FR,20.0,0.01327174930873851,0.15665578105497777,0,1
2911,701,4.791891420839414,Online,Travel,US,9.0,0.1979949135316669,0.16862240051336275,0,1
2598,490,4.081623883218098,ATM,Food,FR,12.0,0.21951955841724335,0.02460343588296291,0,1
6361,503,103.41721816767043,ATM,Electronics,FR,23.0,0.13183223882257514,0.06736410933696399,0,1
776,675,123.58929321099595,POS,Clothing,UK,6.0,0.2652816586456607,0.3092092240397144,0,1
1442,426,71.29921121980097,ATM,Travel,NG,3.0,0.3666734752178577,0.1987504826390823,0,1
6625,749,430.20259016301543,ATM,Food,TR,17.0,0.09130617720346183,0.5446192120096709,0,1
264,959,7.0874736866501316,POS,Clothing,TR,16.0,0.009891804982746602,0.11286045518664982,0,1
6046,891,42.6581679389763,QR,Electronics,FR,6.0,0.13800258454544684,0.3982236314730508,0,1
4297,701,103.34147906533472,POS,Electronics,FR,17.0,0.02893808375756894,0.1458127035230845,0,1
1474,973,0.0,POS,Travel,TR,10.0,0.058243880568935945,0.04554291597589749,0,1
9517,725,243.18066531167028,QR,Electronics,TR,16.0,0.1921983317294215,0.0230373051026098,0,1
253,320,159.8872800059246,Online,Clothing,DE,13.0,0.5163630906155388,0.4544455262994486,0,1
9037,39,900.631653184945,ATM,Food,UK,13.0,0.26334732916085457,0.21777296426649398,1,1
373,849,90.068220668247,ATM,Electronics,US,21.0,0.3508938736324595,0.13434457216341503,1,1
6149,171,55.239217272700664,POS,Travel,FR,8.0,0.041456316392154365,0.03263263438365032,0,1
2923,692,296.2311360398197,POS,Electronics,TR,20.0,0.09195829438220754,0.17153575881770228,0,1
5984,68,61.70869440551815,POS,Grocery,DE,22.0,0.07328623554700106,0.060001789655292376,0,1
277,92,102.48889365249063,QR,Grocery,US,19.0,0.08522317106963266,0.1771367560344169,0,1
676,771,17.264512527984323,ATM,Electronics,TR,21.0,0.0772557271944534,0.11887100663656922,0,1
7360,974,1084.0326632025308,Online,Clothing,UK,13.0,0.48104395233677116,0.35096483130732803,0,1
4376,989,804.7446313298067,POS,Grocery,UK,12.0,0.20790192067100285,0.06927601914707476,0,1
9574,47,0.0,ATM,Food,TR,13.0,0.12312086520857518,0.16922046788202924,0,1
3115,892,503.4868789461343,Online,Travel,FR,14.0,0.4961031170647509,0.06115985850474705,0,1
9592,690,743.686194996025,Online,Electronics,DE,4.0,0.17739332163709215,0.46156600993089525,1,1
2030,246,77.72763871188009,POS,Travel,TR,7.0,0.4032029485529679,0.15682711754940323,0,1
1714,162,63.464959430686264,ATM,Clothing,TR,19.0,0.19512545484503768,0.05394584394658522,0,1
5216,533,195.02157416937646,POS,Grocery,UK,22.0,0.6060014247501431,0.2153154026722159,0,1
7751,333,126.01601673959973,POS,Grocery,US,23.0,0.16141417631151653,0.07612497289367307,0,1
3262,426,19.35686052898663,POS,Food,DE,15.0,0.12431307375109328,0.028664180742916833,0,1
2630,533,155.79335219400127,ATM,Travel,US,11.0,0.17871626051625109,0.06825326174672026,0,1
6255,68,54.1247590039289,POS,Food,DE,14.0,0.19066303262667733,0.0753581851362549,0,1
3807,164,20.285466830856038,QR,Food,DE,23.0,0.016348201922909193,0.10194705376656499,0,1
7379,562,35.40337599939864,Online,Electronics,FR,14.0,0.015838243043066837,0.009850248173192303,0,1
4692,173,255.75096760650288,ATM,Electronics,TR,10.0,0.10224161428708481,0.11203129102944577,1,1
4111,803,114.96470651674963,POS,Travel,DE,12.0,0.02370363440626032,0.06402506423723164,0,1
7155,762,233.06687872900164,POS,Food,UK,11.0,0.034525520673719154,0.11992544200079847,0,1
178,908,9.593857274628448,Online,Electronics,TR,12.0,0.007448670133490376,0.04819083164653379,0,1
8832,773,0.0,Online,Food,TR,2.0,0.01681076349576852,0.03966072527822004,0,1
8535,659,61.2423773285426,POS,Grocery,UK,23.0,0.040426018465927534,0.20570251450320265,0,1
231,445,300.55944491774807,POS,Electronics,US,20.0,0.36299921669287194,0.19027692537680463,0,1
8920,40,11.537090635487104,ATM,Clothing,US,22.0,0.23738861359128974,0.08193391079744763,0,1
6798,697,278.6782158681427,POS,Grocery,TR,19.0,0.13723539236041557,0.12626619559509972,0,1
586,308,53.57336695158665,POS,Food,DE,19.0,0.05090804190137202,0.24723832425651307,0,1
8583,284,3.1100838502011747,POS,Clothing,DE,17.0,0.03840425098569471,0.010052960281138262,0,1
5580,106,313.4087580607976,QR,Travel,FR,3.0,0.2320881755739211,0.19360990058371202,0,1
3584,569,50.26004335071935,POS,Food,TR,19.0,0.27405459699290236,0.49087231633829803,0,1
8819,831,93.41054052085444,Online,Electronics,UK,11.0,0.42308099088474616,0.1803375949283644,0,1
3671,835,44.75146179478373,Online,Travel,US,3.0,0.14093188805323706,0.31281037760420194,1,1
901,323,7.5199572046171745,Online,Clothing,UK,7.0,0.1636617321877011,0.25696232500234434,0,1
6491,64,1061.995427074333,ATM,Food,NG,3.0,0.5859131899264525,0.33682242381429733,1,1
1339,816,227.97085070908867,ATM,Travel,US,11.0,0.07656670379843718,0.22508080285152174,0,1
6034,385,448.27003363808024,ATM,Food,US,16.0,0.19014522546302756,0.031369128274776836,0,1
2060,497,906.8697527362513,Online,Clothing,US,12.0,0.16783835913421224,0.036153311930141444,0,1
8481,738,81.05977651969093,POS,Travel,DE,12.0,0.14253959835678678,0.8412804490815573,0,1
7455,725,416.32009532918903,ATM,Electronics,US,23.0,0.2874366040577602,0.3574793618815493,0,1
3779,500,233.8890532066093,Online,Food,UK,20.0,0.07673550368500892,0.1199729315156755,0,1
9157,196,280.98571250519905,QR,Grocery,TR,11.0,0.11707146224112024,0.1607980614324498,0,1
3257,164,59.13017338320617,ATM,Electronics,DE,17.0,0.19690904422158353,0.12597767524971637,0,1
1634,656,101.93256113235985,POS,Clothing,UK,9.0,0.17856211916681267,0.03589723734138427,0,1
9342,554,327.290000789636,ATM,Travel,DE,7.0,0.2589784234237975,0.18287766811058984,0,1
3757,391,130.7590792890129,QR,Clothing,DE,20.0,0.22126622285708433,0.0585749852773838,0,1
9866,85,157.25721292811676,Online,Travel,UK,17.0,0.2597848759890577,0.3358312042577954,0,1
5589,832,751.397261785135,Online,Travel,DE,16.0,0.48614285619877934,0.32623142118026294,0,1
3516,852,6.155976285203323,Online,Food,US,8.0,0.16481100448461475,0.18274615593190444,0,1
6035,680,66.76379245327519,ATM,Electronics,FR,18.0,0.03863046453939457,0.13358901733547357,0,1
4684,821,300.49826087578776,Online,Grocery,DE,8.0,0.2407361684949573,0.25372499367885687,0,1
7047,839,117.85087955345593,POS,Electronics,FR,20.0,0.25917538707954785,0.14716232508865007,0,1
3300,481,324.0518767708525,QR,Clothing,FR,8.0,0.18743659404622198,0.1835276090709502,0,1
9812,420,50.94072153388436,Online,Food,US,21.0,0.02106535239233962,0.09242176690295134,0,1
3519,272,264.161345499907,ATM,Travel,FR,15.0,0.2734933253112834,0.26704797388104784,0,1
7899,843,105.34553547045978,Online,Clothing,UK,21.0,0.10928692280156041,0.11029633878120582,0,1
349,712,12.601737604970433,Online,Electronics,UK,14.0,0.40541885057938903,0.096610662395284,0,1
5234,660,146.24676123728946,ATM,Electronics,UK,18.0,0.36612909934687904,0.35555285907285494,0,1
7082,842,0.0,QR,Food,TR,18.0,0.16399357227197578,0.3091631564518556,0,1
5684,111,327.75358569174654,ATM,Clothing,TR,21.0,0.2127224126537894,0.2957989485334648,0,1
8037,622,181.8760460535584,POS,Travel,US,23.0,0.24931443580043433,0.061547116788402356,0,1
7863,676,0.0,POS,Clothing,FR,19.0,0.07884634484074055,0.2938449825791542,0,1
8531,69,345.2196510645301,QR,Grocery,TR,20.0,0.10625621725655979,0.07201001041278136,0,1
1698,233,84.88195985782227,Online,Travel,DE,20.0,0.08086438454318962,0.09193879867459186,0,1
4352,693,67.06922530027498,ATM,Food,TR,16.0,0.36991962126219735,0.21350405174783194,0,1
8303,161,13.547029186796761,POS,Travel,TR,23.0,0.04029499834164267,0.10157014647992653,0,1
1679,383,115.88467769951265,POS,Travel,US,13.0,0.48256035875671166,0.06052455506605386,0,1
9862,793,136.62143878466998,POS,Food,DE,18.0,0.18003067458558736,0.26305114278048697,0,1
7965,972,100.6277854457298,Online,Food,FR,7.0,0.2432944225265253,0.16783639667363057,0,1
6524,417,131.58949034472388,POS,Clothing,TR,19.0,0.3439097940133662,0.3534222986200181,0,1
8931,690,1115.6795773592537,Online,Food,TR,6.0,0.17704147498089792,0.07648526616147858,0,1
6638,188,315.5193878027078,Online,Clothing,UK,17.0,0.14897040422166008,0.046151996462672096,0,1
3141,472,261.52468617026017,ATM,Clothing,FR,12.0,0.26537605508673046,0.4360634959929278,0,1
6845,53,25.74647823240673,POS,Electronics,DE,9.0,0.10587474192851035,0.07785300992507704,0,1
7768,624,259.49166876430513,POS,Grocery,FR,23.0,0.07064811110384142,0.16475261212120212,0,1
1719,293,21.437167351475328,Online,Food,TR,7.0,0.0456677762719691,0.12323091043721857,0,1
8993,246,598.4160583808759,POS,Travel,UK,11.0,0.568728971520102,0.08417808561786563,0,1
2574,693,107.58032184644293,QR,Electronics,DE,20.0,0.29490744169385996,0.10882448885462441,0,1
5825,114,28.41545419922166,Online,Clothing,US,20.0,0.09994214313605312,0.27167108470915186,0,1
6228,420,901.2254918414095,ATM,Grocery,TR,10.0,0.6136750699738417,0.6523595657703551,0,1
7110,447,99.2113428593573,ATM,Grocery,DE,22.0,0.16761619231806127,0.23326148081494352,0,1
5579,400,35.032067067442696,POS,Travel,FR,15.0,0.368239701894657,0.18178393152009442,0,1
2408,543,739.5470591310794,Online,Electronics,TR,11.0,0.19095002642794368,0.11775287438400785,0,1
3040,587,123.21918053980511,Online,Food,US,16.0,0.06427688256899906,0.20272235796347382,0,1
3278,502,188.29277547394605,Online,Travel,UK,10.0,0.07916182062832282,0.04034588063261243,0,1
4476,246,67.4547595530043,Online,Clothing,US,11.0,0.07851212949177658,0.09077035530310427,0,1
7940,554,140.43476477717226,ATM,Electronics,US,6.0,0.1268750656992574,0.04414224631084012,0,1
9438,600,101.29644987573377,QR,Clothing,TR,13.0,0.19437725761852764,0.09848256361159129,0,1
9980,717,481.5483299158756,ATM,Food,US,7.0,0.06196897500073328,0.24335242178422953,0,1
3808,322,61.094621731214275,Online,Clothing,FR,7.0,0.14139650907265983,0.04630279062756221,0,1
6622,219,116.3945378676784,POS,Travel,DE,4.0,0.3115804506899559,0.12629390471638258,0,1
2668,78,10.13594199415906,QR,Travel,US,15.0,0.05627248775563427,0.026276580551693247,0,1
71,129,125.26876760596772,Online,Clothing,US,15.0,0.4151512262953306,0.6319791293156437,1,1
4496,170,204.2932454291194,Online,Electronics,US,18.0,0.08930632061424354,0.36175047123820747,0,1
1075,771,139.94847600097356,QR,Electronics,US,18.0,0.01073299812124953,0.24538989988638849,0,1
1894,206,444.96963386891395,POS,Electronics,FR,13.0,0.2825169457878472,0.11159877604615163,0,1
2618,388,22.36233196698874,Online,Food,US,16.0,0.027554930413329806,0.015002045666332203,0,1
3270,716,0.0,ATM,Clothing,US,13.0,0.032437677778673984,0.009831622437342638,0,1
9355,171,11.875214498187107,POS,Food,US,20.0,0.059839483144092126,0.05698219949692153,0,1
8776,121,107.6759941290278,POS,Grocery,UK,23.0,0.0882125699416335,0.11320223943830085,0,1
848,245,303.77513281678296,POS,Electronics,UK,8.0,0.10178846934042028,0.06381684021956817,0,1
6581,291,7.744619426370959,ATM,Electronics,TR,10.0,0.14450778253432786,0.07321347604360418,0,1
6304,672,170.62074523013808,ATM,Grocery,DE,20.0,0.08934041078955125,0.09291327353153435,0,1
8835,354,105.88074928845748,POS,Clothing,TR,5.0,0.26030174110698806,0.42395737786429566,0,1
6547,788,7.498515296526122,Online,Grocery,TR,19.0,0.04297105188769372,0.12750779593881711,0,1
8882,736,38.93657069862837,POS,Clothing,UK,22.0,0.158630782399861,0.18027606720942432,0,1
1364,920,493.01644400621115,Online,Travel,US,10.0,0.0394292772045223,0.16387810852246015,0,1
3353,14,279.7484251237876,Online,Grocery,US,20.0,0.05363270722360499,0.09781470522554336,0,1
4645,350,85.34565889877337,QR,Food,TR,8.0,0.2633108156873222,0.44750436455971615,1,1
1571,289,394.6883252513849,QR,Food,UK,22.0,0.11238342540476357,0.33025755992551625,0,1
6913,733,66.77348970708589,ATM,Food,DE,22.0,0.21480635455301203,0.12314403780798315,0,1
6559,161,18.882353912893855,Online,Travel,US,15.0,0.08075039466238443,0.057635346738058243,0,1
4768,420,163.2266844969205,POS,Electronics,TR,16.0,0.10186099478635233,0.18795428788694193,0,1
716,782,127.94992742098472,ATM,Clothing,UK,21.0,0.11654504041860617,0.12135832143207574,0,1
5599,624,115.67927501753121,Online,Electronics,DE,6.0,0.10062184646869143,0.18815678505260752,0,1
1073,84,279.50510381387664,POS,Clothing,FR,21.0,0.14152219935513696,0.3126699410110965,0,1
591,384,62.61708798525152,QR,Travel,NG,8.0,0.04476700750460051,0.06858902855038997,0,1
2449,874,45.9699983912334,POS,Electronics,UK,12.0,0.10806911224652574,0.18387509014467987,0,1
733,556,228.05609663030546,Online,Travel,TR,19.0,0.03578264555773358,0.060726586452581846,0,1
589,87,254.6115326712835,Online,Food,DE,22.0,0.13014955741655623,0.1739798830275795,0,1
3819,68,263.97567935533056,ATM,Travel,DE,20.0,0.20217111509177682,0.12775031739394557,0,1
7596,487,622.1406504061353,ATM,Food,DE,11.0,0.2809149071871147,0.20158124918558756,0,1
559,306,1.823910465918468,Online,Grocery,UK,12.0,0.2537847186557938,0.12583723863727797,1,1
2431,654,672.8150962039249,ATM,Grocery,UK,17.0,0.06895445537444853,0.10744370067552983,0,1
8409,314,41.349080341070966,POS,Travel,TR,22.0,0.05977972674977877,0.12020991018639583,0,1
9152,497,82.27466707100164,Online,Grocery,FR,20.0,0.05409394931438697,0.011123377209583736,0,1
121,860,127.18840284896758,QR,Food,DE,4.0,0.1740717902750095,0.10555301766201985,0,1
9295,795,74.40782063431661,ATM,Clothing,US,21.0,0.008722547091279523,0.05673931487147091,0,1
5065,221,318.79032283234784,Online,Food,UK,8.0,0.25707767073538307,0.2845085851582228,1,1
3944,539,227.28949015484466,QR,Food,US,17.0,0.1567660604942646,0.1483327180746681,0,1
902,771,63.784808230617465,POS,Food,FR,11.0,0.37949141311198975,0.13111044563726218,0,1
5837,957,263.64307466423895,Online,Clothing,TR,13.0,0.11625306074460819,0.06653068570239642,0,1
726,9,243.0889085814653,ATM,Electronics,TR,23.0,0.06280007152462147,0.17606274216501652,1,1
7713,522,0.0,POS,Clothing,TR,15.0,0.2008610142983551,0.10328385546200732,0,1
1087,361,53.81559602721897,POS,Food,UK,23.0,0.3761644902347344,0.20602361344593573,0,1
7809,631,17.629852950608832,POS,Electronics,US,12.0,0.23705815338416936,0.11178315036273413,1,1
5152,711,853.0909073584538,ATM,Clothing,FR,12.0,0.14928292638964719,0.29220856638086184,0,1
6032,336,1.368536482783899,POS,Electronics,UK,16.0,0.1959269602443927,0.032236222753817635,0,1
9233,762,29.318058130135306,POS,Electronics,TR,20.0,0.2789357338410047,0.06723566333487446,0,1
3384,102,215.4176461071446,ATM,Travel,UK,21.0,0.19111432457120991,0.13794822241759078,0,1
8508,697,262.27835400726866,Online,Travel,TR,18.0,0.06586888904975192,0.25585543476166556,1,1
8275,129,23.5999561187092,ATM,Food,UK,13.0,0.3154502681141377,0.1164749815618745,0,1
6632,274,11.964444678511077,ATM,Grocery,US,19.0,0.1631216334585456,0.03568358210212018,0,1
163,252,19.438814048700728,ATM,Electronics,UK,22.0,0.22944265035606962,0.14495390526914728,0,1
8861,573,6.830034461602192,Online,Food,UK,9.0,0.028206023472509514,0.10185219761501357,0,1
5246,961,158.13067469465773,QR,Grocery,DE,18.0,0.09887182280666447,0.14298510028766664,0,1
1089,442,0.0,POS,Electronics,US,15.0,0.14420797508250338,0.20658127434742424,0,1
7059,386,5.151583328033079,Online,Food,FR,13.0,0.014967936606270948,0.03950525290879299,0,1
7149,325,14.181503014794515,QR,Clothing,FR,21.0,0.14035410715341998,0.015982370820235844,0,1
8509,945,10.554436594614735,POS,Grocery,DE,19.0,0.18434076838245417,0.3254549945126961,0,1
3098,65,435.5823228353687,Online,Grocery,US,18.0,0.18940651355337595,0.2421409189967348,0,1
7960,231,60.46974469468533,ATM,Travel,FR,9.0,0.848797299488122,0.3633234640582397,0,1
4778,673,597.5123124678247,QR,Travel,TR,21.0,0.22901332210071032,0.09236188082191613,0,1
2484,131,72.04555841766762,Online,Clothing,UK,9.0,0.12076021014903399,0.37590380452394984,0,1
3183,334,183.3145751920933,QR,Travel,US,14.0,0.18704133303755316,0.36372358789238446,0,1
2828,862,166.18793309129092,POS,Food,US,21.0,0.21396147467358217,0.9257586507101058,0,1
7994,550,329.4528022754118,POS,Electronics,TR,13.0,0.3102348222873233,0.09945354639635379,1,1
2076,74,38.90437280714859,POS,Grocery,DE,2.0,0.4342352269294996,0.32579480775709063,0,1
595,637,0.0,POS,Clothing,UK,10.0,0.3621835633265469,0.532178410349377,0,1
9704,922,243.11987156376904,ATM,Clothing,TR,19.0,0.1092175542428323,0.015122114509026743,0,1
8830,317,465.8372289086673,Online,Food,FR,23.0,0.12873524905151457,0.16184049440400497,0,1
4642,762,354.071331832875,POS,Grocery,TR,16.0,0.41242276288356483,0.1882346820721063,0,1
2844,937,61.35039993120044,ATM,Clothing,US,12.0,0.2746095837869986,0.31256507382893395,0,1
5659,686,28.38105637765366,POS,Travel,FR,21.0,0.3394959125243646,0.2879527474034527,0,1
7966,118,310.4596496597426,POS,Grocery,UK,5.0,0.355288680924293,0.2733779934856406,0,1
3214,478,151.91852059545016,QR,Travel,UK,8.0,0.07590742118681858,0.4367369176467793,0,1
3621,373,24.176684121658795,QR,Food,UK,16.0,0.1068212106198729,0.11024729541429708,0,1
57,856,426.69291242115304,ATM,Electronics,FR,4.0,0.2570845418749666,0.3596935418762385,0,1
4177,65,27.743539975227336,ATM,Food,FR,18.0,0.19974703185993375,0.05466882503666212,0,1
155,666,512.6925970257405,Online,Electronics,FR,19.0,0.38570185810229374,0.5973485455448418,0,1
2733,451,2.596728644717957,Online,Food,FR,15.0,0.169673724071994,0.07392818183688245,0,1
1418,585,523.9080008079079,ATM,Food,US,4.0,0.28282362216171997,0.20229347624048638,0,1
6918,921,464.4704393223195,Online,Grocery,US,6.0,0.39920061587568195,0.26467908458626277,0,1
2581,279,190.14763143863672,QR,Travel,US,11.0,0.0736886198114437,0.3980216699427222,0,1
7935,559,84.42002581940939,POS,Travel,TR,9.0,0.20053356668582728,0.14698656436215288,0,1
2568,574,186.05541700828044,ATM,Clothing,FR,14.0,0.4140531234432611,0.38032685378467973,0,1
4234,390,33.06375114475113,ATM,Grocery,TR,17.0,0.15917053946179707,0.029143023047645836,0,1
6644,825,30.606800428273065,Online,Clothing,DE,20.0,0.1253590824597269,0.1676596948084189,0,1
1493,729,508.3374847261319,POS,Grocery,DE,17.0,0.5091104088782143,0.36778779973531545,0,1
6023,330,207.5485783438361,ATM,Clothing,TR,7.0,0.2577793355638186,0.6517124392606043,0,1
8798,508,160.6553149896771,Online,Electronics,TR,21.0,0.06915355661092804,0.039486869917749357,0,1
477,383,88.38707554885316,QR,Clothing,UK,19.0,0.08888643087381227,0.13698317722999928,0,1
5242,55,108.17676814209231,QR,Food,TR,16.0,0.013360426348856137,0.027448421302835042,0,1
1605,978,418.4243841327877,Online,Travel,UK,15.0,0.26139823320354316,0.32562606119509485,0,1
4401,400,49.704559089777305,ATM,Travel,UK,20.0,0.05981546519274009,0.02524032138400265,0,1
7407,928,15.518617242230578,Online,Electronics,US,19.0,0.10389874828852581,0.04404519320459747,0,1
891,63,110.15739827007594,ATM,Travel,FR,20.0,0.21089955568596355,0.23221345951842404,0,1
2711,835,0.0,ATM,Travel,US,22.0,0.021848172366474964,0.042599158021297164,0,1
6518,845,155.23475179956978,ATM,Clothing,TR,20.0,0.41413812297974495,0.1388601861334466,0,1
1788,909,213.93870643293997,QR,Grocery,DE,17.0,0.06874454733164197,0.12774288588251317,0,1
7418,976,143.20533488543484,Online,Grocery,DE,22.0,0.2240436683520159,0.30909533824995195,0,1
8303,282,140.14804214479886,QR,Food,UK,9.0,0.050158735731263136,0.07744053547895488,0,1
6619,686,275.7675216372166,QR,Travel,UK,10.0,0.7228790197211136,0.41022207274570954,0,1
6431,471,33.634706570726394,Online,Electronics,US,1.0,0.12360871138748697,0.07919006617948038,0,1
3239,972,192.23381983825163,Online,Food,UK,18.0,0.6139461928194161,0.5342221760088296,0,1
65,220,74.9454948315703,Online,Clothing,US,9.0,0.8691955954011588,0.6324322322667356,1,1
8732,14,106.56477298099249,ATM,Travel,UK,20.0,0.04721389141817518,0.36548373241437265,0,1
8989,151,26.20106185831987,Online,Grocery,DE,7.0,0.25815831291901736,0.13145469400467533,0,1
867,892,120.797738511407,QR,Travel,DE,9.0,0.24424497506892098,0.10183698175554849,0,1
9612,664,115.06877471050709,QR,Grocery,FR,17.0,0.24719698414604832,0.24817297749019188,0,1
8050,827,258.62070123950264,ATM,Food,FR,13.0,0.17616074231380435,0.10035883791251465,0,1
9023,821,120.10293648653797,POS,Clothing,US,12.0,0.05609646308100093,0.08136356024691259,0,1
3981,790,237.36030844863674,Online,Clothing,TR,6.0,0.22809445698103897,0.3358265546172194,0,1
6341,522,13.949984740353536,QR,Electronics,UK,20.0,0.49080765288357986,0.3170748104169165,0,1
2238,132,7.494050885424573,Online,Travel,TR,14.0,0.1386524525868046,0.015378346583719884,0,1
7199,21,128.4191213905421,Online,Food,US,2.0,0.05812603369221518,0.20407362781968477,0,1
4877,382,2.5824620785831627,POS,Travel,TR,8.0,0.219979853332401,0.09011105615339639,0,1
2457,259,40.34516231935994,POS,Electronics,US,8.0,0.15157474249489528,0.1083281349457996,0,1
981,183,182.9653325333592,POS,Clothing,DE,14.0,0.19403434923431068,0.13367856816196824,0,1
1887,475,69.73197796107605,POS,Food,TR,6.0,0.13088003318975203,0.12774027470425683,0,1
900,290,64.09024799208503,QR,Travel,DE,23.0,0.08074374865537692,0.15682694473772146,0,1
9214,490,7.769158543987642,ATM,Clothing,DE,2.0,0.44202215311064125,0.0995446061703691,0,1
7314,131,36.49127355129202,QR,Clothing,US,21.0,0.06937442266452229,0.027200016683914932,0,1
3213,324,24.38957668450643,QR,Clothing,US,19.0,0.03129487494383229,0.050283481619671486,0,1
7300,537,50.00941052917028,Online,Travel,FR,21.0,0.21420985244837681,0.18768800673885092,0,1
1253,286,100.06181340144067,ATM,Grocery,US,18.0,0.1878211126011866,0.33910279217601463,0,1
2700,765,70.23676469765351,Online,Grocery,TR,19.0,0.09685991592145601,0.14728304509282003,0,1
8530,923,38.115775732322504,Online,Electronics,US,18.0,0.05096516041624292,0.032239610480038046,0,1
5593,493,729.3056465050387,Online,Electronics,DE,22.0,0.2364191097075445,0.27056169947273245,0,1
6679,678,31.371591558302708,QR,Clothing,TR,20.0,0.1891604564963345,0.09025531375912302,0,1
6531,610,12.644871548582802,Online,Grocery,US,11.0,0.20717005042963818,0.049793138093054606,0,1
6870,347,89.3930361508474,QR,Food,TR,16.0,0.09878268529842842,0.04570176675628989,0,1
5803,904,605.2869308416624,QR,Food,FR,18.0,0.2334383508634524,0.32877697994395,0,1
5956,57,96.34446371063314,POS,Clothing,UK,16.0,0.08278500258004462,0.06525191078742781,0,1
8435,311,91.58486714774617,QR,Travel,US,17.0,0.04298102484437642,0.3043329185217631,0,1
7298,112,13.873210541937478,ATM,Travel,US,4.0,0.10420242103694181,0.2792910177959836,0,1
6046,270,11.004608861549826,ATM,Electronics,TR,15.0,0.06085906477736045,0.09760378329646169,0,1
6960,446,30.161504874996155,Online,Travel,UK,4.0,0.023753722480951575,0.021416080902915267,0,1
3654,591,1015.9954238508053,QR,Travel,UK,7.0,0.25942477036415124,0.46414397776971617,0,1
6107,725,106.53542430518344,QR,Food,UK,5.0,0.1282464073916703,0.03885877731607113,0,1
4234,655,48.28106112148886,POS,Clothing,DE,15.0,0.23165813548069125,0.345758490456781,0,1
4188,18,260.3180751421512,ATM,Clothing,FR,16.0,0.12968050297784853,0.14166939478844764,0,1
3345,290,27.054672394307282,Online,Clothing,TR,16.0,0.22303931569909025,0.12077764317369742,0,1
8662,92,130.55538528274184,ATM,Food,US,10.0,0.24607530125979657,0.18217020885501917,0,1
1170,697,9.887740296724944,POS,Grocery,FR,4.0,0.24395023090864446,0.10510490511434388,0,1
561,287,21.98150509376588,POS,Travel,UK,8.0,0.09254874122231384,0.041916156593039516,0,1
288,813,376.783199497921,Online,Electronics,US,12.0,0.12361803361413043,0.11270773066792235,0,1
5169,713,4.156417360582914,ATM,Travel,UK,13.0,0.142313324156005,0.16791561650712789,0,1
1812,801,172.0471658429029,QR,Travel,TR,3.0,0.4419734503261352,0.3436770735255788,0,1
1929,923,2127.130184954975,ATM,Clothing,TR,8.0,0.40115352093173945,0.42732853024033274,0,1
4028,618,15.698105902903515,POS,Grocery,TR,21.0,0.11762892977206908,0.040161301421621165,0,1
800,662,100.94580991245245,Online,Food,DE,23.0,0.05330617048647163,0.11870791740415855,0,1
6417,923,245.7276891665888,QR,Travel,TR,7.0,0.10545511000047263,0.1626052114243733,0,1
4427,401,279.4053850419858,POS,Electronics,DE,13.0,0.03600145611138278,0.28643186349578614,0,1
9861,875,74.09378457332716,POS,Food,TR,9.0,0.08198866079785419,0.22986273011507413,0,1
4013,789,6.937426287187693,Online,Electronics,DE,16.0,0.29905923931829903,0.06466131073847069,0,1
9640,197,39.05767561399619,Online,Electronics,FR,20.0,0.24436021661882712,0.01828027908510406,0,1
441,32,112.36091313031739,QR,Clothing,TR,8.0,0.10208584713894218,0.08300620307872944,0,1
5224,261,857.6615357372174,POS,Clothing,FR,22.0,0.2793313411729964,0.08250798578762428,0,1
1036,92,68.29636648555022,ATM,Clothing,US,15.0,0.4508016992321272,0.26357950329831936,0,1
4003,200,11.356048268130893,POS,Electronics,DE,7.0,0.142807864012836,0.2089597763908272,0,1
3490,867,140.78869476078793,QR,Electronics,TR,13.0,0.1320173291523536,0.13875973783386827,0,1
2309,239,53.54639992678326,QR,Travel,FR,5.0,0.304143765145464,0.13363962971457558,0,1
2268,757,19.995839234201192,QR,Grocery,TR,20.0,0.10720562142963139,0.1298591963304581,0,1
2324,219,322.9871648990751,ATM,Clothing,TR,11.0,0.13788757818572797,0.0587485655369326,0,1
3428,68,53.619199904156545,Online,Clothing,FR,9.0,0.45468085804745917,0.14246297185188336,0,1
5524,495,106.63478318405151,POS,Grocery,FR,22.0,0.22427022209388806,0.22767516432059734,0,1
4869,843,65.6516468788798,POS,Grocery,US,23.0,0.054157428782860555,0.042046616454688795,0,1
282,988,35.57400339960747,Online,Food,US,8.0,0.20575328242327545,0.2717977377595037,1,1
9833,655,5.707526042725616,QR,Food,DE,23.0,0.008163767947392396,0.14016192944425918,0,1
8574,681,76.90494675057624,POS,Clothing,US,8.0,0.07035760494442754,0.07321559066489874,0,1
8349,548,12.55376725367309,QR,Grocery,TR,10.0,0.07539773207079037,0.03345898017520981,0,1
3997,722,13.45381633008413,Online,Grocery,DE,3.0,0.013378122626377135,0.015648444022873874,0,1
868,935,49.05909224698723,POS,Travel,FR,22.0,0.04072983692460305,0.20810409889216505,0,1
1931,286,368.87294253860796,ATM,Travel,DE,14.0,0.09340178790535067,0.4426735197939356,0,1
4262,246,233.165545615626,ATM,Travel,US,20.0,0.3282508643334397,0.903857603616124,0,1
9347,337,76.79960956554721,POS,Travel,US,21.0,0.24395021382557588,0.12731270010954968,0,1
523,693,86.02955908728975,QR,Travel,FR,5.0,0.3698256618715043,0.23728766970233944,1,1
8890,771,7.910710620771254,QR,Travel,TR,6.0,0.02692171833123223,0.14065509892214242,0,1
4177,445,166.1314034121876,POS,Travel,US,17.0,0.11361381102683982,0.07089224928701482,0,1
6945,492,273.11769307894633,QR,Clothing,TR,9.0,0.23388433468418932,0.0712332886550896,1,1
2750,601,308.8366908928998,QR,Clothing,FR,21.0,0.17973363842761447,0.23696559278600707,0,1
6331,377,8.070639261951808,Online,Travel,DE,20.0,0.012330327386874323,0.06849535600613692,0,1
9641,419,68.22025545031698,Online,Travel,UK,22.0,0.23218698554277553,0.022498468266792433,0,1
5066,889,338.50348878946124,POS,Electronics,DE,22.0,0.15919214367490064,0.171887339074218,0,1
8968,187,5.615129086152746,Online,Clothing,TR,19.0,0.049191022243711885,0.09704882631552965,0,1
7725,465,410.7578636281327,ATM,Grocery,TR,18.0,0.17812684930070474,0.35104115475482683,0,1
7200,880,224.26535757312536,POS,Food,FR,1.0,0.02315093050263769,0.04375501891224427,0,1
1889,697,141.4009147398845,POS,Grocery,TR,16.0,0.18212366786045006,0.18006350094005832,0,1
4816,598,119.97968185460942,POS,Electronics,FR,13.0,0.10373771584943543,0.2773807173415365,0,1
3417,886,76.83637473171856,QR,Clothing,TR,20.0,0.3722967588895157,0.9482840041064765,0,1
3803,813,410.0157992876401,ATM,Food,UK,18.0,0.4134041775058249,0.19275266255560186,0,1
8301,698,36.59524412251445,ATM,Travel,FR,16.0,0.03804041789502723,0.09823454946107656,0,1
5478,498,86.36866332620946,ATM,Food,UK,15.0,0.0648942142485243,0.009949896851817451,0,1
4748,789,142.26137732570422,ATM,Food,US,18.0,0.07137784102724912,0.24869840109975636,0,1
1530,573,545.979568827839,POS,Grocery,UK,10.0,0.3853460558236052,0.2177239822615719,0,1
1707,782,38.73747535270953,POS,Travel,FR,14.0,0.12099597423174302,0.06435000883543189,0,1
1777,575,126.93458109303268,QR,Travel,US,7.0,0.1562008896784188,0.03290979587190082,0,1
4801,410,181.98892055636395,POS,Food,FR,11.0,0.13832915003116533,0.06982828331601254,0,1
6839,463,0.0,POS,Food,UK,13.0,0.22718485612757397,0.15529056874805286,0,1
9053,78,98.52919687246316,ATM,Electronics,TR,19.0,0.20628607988460498,0.08254077816550338,0,1
9763,445,298.9057292879229,Online,Food,DE,19.0,0.103573578306003,0.025790474849553716,0,1
3661,83,76.99081731258231,Online,Clothing,FR,23.0,0.07781510281137272,0.022911421512427914,0,1
1201,458,83.91021323044933,Online,Travel,DE,14.0,0.024214984213921962,0.02397087369524885,0,1
9398,103,264.56836258862853,ATM,Grocery,UK,19.0,0.35409253859396184,0.36477176600801,0,1
6295,476,0.0,POS,Grocery,US,19.0,0.1321286380189668,0.11835900416520953,0,1
4184,619,493.05376301482863,POS,Clothing,US,6.0,0.15328167950265575,0.3008968201180716,0,1
4378,404,667.2936379531255,QR,Food,FR,9.0,0.5821474290906556,0.2971057509136787,0,1
4652,843,116.221754225635,POS,Electronics,TR,4.0,0.015916957380876562,0.12468345625079638,0,1
4064,904,57.579678982451135,ATM,Grocery,FR,19.0,0.022682333537949677,0.07934189064400092,0,1
5872,450,331.4639184735435,ATM,Food,DE,12.0,0.4452343854049759,0.2788458798708734,1,1
9310,992,27.029331922267776,POS,Clothing,US,22.0,0.26764461591711114,0.0741885738292396,0,1
9847,275,7.247543111298846,Online,Electronics,FR,17.0,0.0686535494796859,0.060199064476372244,0,1
8092,651,912.2427565205079,Online,Food,TR,16.0,0.14383299642636965,0.4195645724004801,0,1
6266,282,31.463050078369587,POS,Food,TR,15.0,0.06504488314348118,0.2558054012982014,0,1
1977,207,128.58757312315768,Online,Clothing,DE,20.0,0.0399069275456599,0.13080529361436294,0,1
6387,717,25.79318321907429,QR,Clothing,UK,18.0,0.021170795311073277,0.10448866771496793,0,1
8678,755,108.19413754058561,QR,Grocery,UK,21.0,0.3767769677197605,0.3802648939385028,0,1
1783,881,0.7448158314225095,QR,Grocery,DE,18.0,0.026940452418807083,0.014794101712957098,0,1
3578,314,285.99758263358495,ATM,Clothing,DE,21.0,0.17095018392639927,0.36149508168946726,0,1
4429,933,136.86019981081935,ATM,Food,FR,12.0,0.052246013945159105,0.058927495996496465,0,1
5472,692,593.9320417741602,Online,Grocery,UK,9.0,0.15684170016077573,0.3649956085408817,0,1
6559,279,102.30314248748356,Online,Grocery,FR,17.0,0.1263456661853639,0.09960203127143316,0,1
5773,670,31.408503851364426,QR,Travel,US,22.0,0.06577473096571583,0.1900609754732835,0,1
8278,621,163.9948715986882,ATM,Electronics,UK,8.0,0.04254134032703753,0.2911407551113176,0,1
2735,69,172.35192446839673,QR,Food,FR,5.0,0.6650251468382964,0.22864132176161667,0,1
1042,168,160.36496449195738,QR,Electronics,TR,9.0,0.16805407464258976,0.19920176175865376,0,1
8128,246,66.75491330140957,Online,Travel,US,21.0,0.40604656594351524,0.23955996986040642,0,1
1115,389,100.05402074542693,QR,Grocery,US,19.0,0.32501851222393463,0.03551449564193506,0,1
6674,354,13.002103922508702,ATM,Electronics,FR,17.0,0.08656931663618211,0.28719962590938247,0,1
8994,549,372.74367891399226,POS,Electronics,FR,8.0,0.1387592578188975,0.07777180757232965,0,1
893,972,524.7385100039027,POS,Grocery,US,13.0,0.27204023439250163,0.3391972607329169,0,1
9857,710,0.41860767531408727,QR,Food,US,22.0,0.0791379711243425,0.017956794531789937,0,1
5752,391,293.7099782402005,POS,Travel,US,17.0,0.4743883242674667,0.38331421830822554,0,1
7622,231,1.1541797602997463,ATM,Travel,DE,15.0,0.11748299619774112,0.009803471459786476,0,1
9955,836,121.34620311763462,Online,Electronics,FR,19.0,0.09668724297072397,0.013874262544445959,0,1
7524,421,195.0035254194297,Online,Clothing,US,18.0,0.18037670094390246,0.402310346956205,0,1
5329,374,91.72064531904941,ATM,Food,DE,4.0,0.12164177705950259,0.23267579030823593,0,1
1916,809,43.43682273308328,Online,Grocery,TR,18.0,0.3801502750795955,0.25235188026053496,0,1
5781,645,125.29369527300835,QR,Clothing,TR,21.0,0.5845052188762656,0.0985551537718833,0,1
1202,339,47.55975072432666,Online,Electronics,US,14.0,0.11962228477116063,0.0347948459925515,0,1
3143,914,28.30398871338446,Online,Clothing,US,15.0,0.1967780929050536,0.03515402156285004,0,1
3529,410,451.10034782861527,ATM,Travel,DE,11.0,0.17877994366249247,0.2233376861205678,0,1
1182,214,434.94631269537393,ATM,Grocery,TR,10.0,0.11685198923066323,0.2453035905942144,0,1
3917,755,166.83355961170378,POS,Electronics,FR,2.0,0.1607993303842237,0.41221634279690733,0,1
1646,493,59.54730493450002,Online,Electronics,TR,14.0,0.04843515579226048,0.10511964115743457,0,1
9401,382,183.32379816632047,POS,Travel,FR,20.0,0.21663959306190375,0.08716981556419572,0,1
2116,256,390.5471335635134,POS,Travel,US,22.0,0.056676617485469954,0.2016244267994824,0,1
9759,116,19.460244007977437,Online,Clothing,US,4.0,0.12464482892878467,0.08558575963162857,0,1
8000,888,240.96961851614728,ATM,Grocery,UK,6.0,0.021412315685995265,0.10153435462337265,0,1
8711,365,313.40608283195826,ATM,Clothing,TR,17.0,0.10424567681347935,0.13130085080565862,0,1
5526,295,21.98697930079784,ATM,Grocery,DE,10.0,0.05044463785155221,0.2167151766378172,0,1
7728,950,177.46004424784735,Online,Electronics,DE,22.0,0.45464946185572536,0.06272946818954941,0,1
247,528,160.06424782589826,POS,Clothing,FR,15.0,0.22296578958772445,0.038225116115320194,0,1
4713,79,160.5076492763644,ATM,Travel,UK,15.0,0.03503634134846092,0.03988227213012448,0,1
7322,556,137.36208206449015,QR,Food,US,22.0,0.0810626045726782,0.20633959471686078,0,1
9570,378,76.23066881533072,POS,Travel,FR,22.0,0.16916842454335795,0.025591168270728423,0,1
1900,265,47.03725104551316,QR,Clothing,US,21.0,0.1808025514804347,0.0680594094603654,0,1
721,170,73.98438335743326,ATM,Clothing,UK,22.0,0.12740205194684462,0.14594825051955299,0,1
1632,752,81.15404925120046,POS,Electronics,US,21.0,0.04104924604293302,0.021774657878089975,0,1
527,576,209.40307903151833,QR,Clothing,UK,10.0,0.7369958088300932,0.24312727833480882,0,1
1549,946,52.49458585567445,POS,Clothing,FR,22.0,0.26875785949175207,0.14640352217577499,0,1
7855,917,193.42907952624907,QR,Grocery,DE,14.0,0.43865340321280816,0.10458353758904071,0,1
1861,989,274.5335174472055,POS,Grocery,FR,8.0,0.13927390976979087,0.26903277236199424,0,1
556,973,339.0437185186419,POS,Electronics,US,11.0,0.04119211786932622,0.17874176071505812,0,1
3066,842,331.01267335968595,POS,Grocery,US,18.0,0.21143492960632582,0.32489135470679104,0,1
9475,356,82.36699008582636,ATM,Travel,FR,22.0,0.05850721978971809,0.25875943532108125,0,1
8555,292,69.03899157177544,Online,Electronics,TR,5.0,0.1140546147142183,0.1738508697265041,0,1
9996,725,0.0,POS,Electronics,NG,18.0,0.0871308599711386,0.05651015909828826,0,1
4876,913,140.70741749568273,Online,Grocery,US,7.0,0.26285182568773996,0.22083529802310917,0,1
3168,102,376.6550171935883,ATM,Grocery,TR,20.0,0.2145062464364925,0.4156768010159974,0,1
1020,446,0.7733962925350015,QR,Electronics,US,21.0,0.042854860457747404,0.05342034151718141,0,1
8313,431,293.3507242687926,QR,Travel,US,23.0,0.13519062471287324,0.09133654498072805,0,1
8975,833,823.2376942304373,ATM,Food,TR,16.0,0.05924227775823855,0.572375118786152,0,1
8307,688,4.0180842750073005,Online,Grocery,TR,14.0,0.18262600254954123,0.10667332779017023,0,1
5204,956,53.92878713927997,POS,Electronics,FR,18.0,0.2121262412306591,0.042023750160915974,0,1
5801,937,54.186288671412385,Online,Clothing,FR,15.0,0.03890509026657692,0.14421285274485465,0,1
4348,492,6.943679131285047,Online,Electronics,FR,23.0,0.04237034836290767,0.1749928152901175,0,1
5882,78,178.11272037630613,ATM,Grocery,FR,17.0,0.3459282317451053,0.06673508396351033,0,1
6233,270,66.41767290286337,ATM,Food,FR,12.0,0.10403047681576996,0.07902578604456735,0,1
612,766,206.90145162175895,QR,Clothing,UK,14.0,0.49433211867779453,0.304932650057032,0,1
7672,608,0.0,POS,Grocery,TR,23.0,0.03133376644690638,0.19768846108738286,0,1
8644,461,361.87454000006636,QR,Electronics,FR,17.0,0.10582893744665281,0.223809416170067,1,1
5281,678,187.72341590669575,ATM,Grocery,US,20.0,0.02955105538625212,0.1201198060047161,0,1
356,636,6.642827754577526,ATM,Electronics,US,6.0,0.0981697154245518,0.06376646214324266,0,1
1206,633,201.27933200087634,Online,Electronics,TR,8.0,0.24364802003205205,0.4972726327749274,0,1
7006,742,426.2693479584595,QR,Travel,US,6.0,0.080528759872862,0.21325621104537767,0,1
2584,581,0.0,ATM,Clothing,FR,17.0,0.01947942687840514,0.07649521094489736,0,1
5719,925,42.00260791537568,POS,Travel,US,17.0,0.060089364140353305,0.08944221361767135,0,1
2802,865,40.072107394649166,POS,Travel,DE,16.0,0.01675643909172633,0.14020172124124058,0,1
7123,9,268.83505434346114,QR,Clothing,UK,13.0,0.13817004926119736,0.38414873727795384,0,1
9395,167,113.0235600065722,POS,Electronics,US,21.0,0.02853439097754978,0.10138191525117647,0,1
1001,736,7.783755725800479,QR,Electronics,UK,22.0,0.0723268294690684,0.027037344178377207,0,1
8599,186,2.911965580005045,Online,Food,TR,12.0,0.08679862112911846,0.1093596987335425,0,1
7435,779,150.90175805173723,ATM,Grocery,UK,9.0,0.3023468436474179,0.04868124527072642,0,1
8272,700,35.051897707829035,Online,Clothing,TR,19.0,0.12495799697669341,0.13032013450926722,0,1
5654,68,295.4835719739196,QR,Grocery,DE,21.0,0.4958648715155116,0.3555847058648074,1,1
4794,583,30.51942761254253,Online,Grocery,UK,10.0,0.061914311621509045,0.09577281838002188,0,1
3527,57,276.205986982027,QR,Clothing,TR,12.0,0.08192973328096172,0.1946898605204542,1,1
1039,993,62.74908875741805,QR,Clothing,DE,15.0,0.23695247445558687,0.19451842881178313,1,1
3740,382,0.0,POS,Grocery,TR,13.0,0.09522116747692237,0.18051386479615644,0,1
1139,278,48.12916198100122,ATM,Travel,UK,22.0,0.10389025109976859,0.012904721738008695,0,1
8436,520,104.1962803677648,Online,Travel,FR,22.0,0.06004096801724103,0.043223358723174995,0,1
8008,392,153.40340826140982,Online,Electronics,FR,19.0,0.44983090106073337,0.4138375049624403,0,1
5747,950,79.73291277815775,POS,Clothing,US,16.0,0.03416818588423649,0.008572333597849178,1,1
5514,253,60.75633341469126,Online,Electronics,UK,16.0,0.21848126809511745,0.10699475608091868,0,1
8534,402,0.0,QR,Food,US,13.0,0.19089681406089715,0.13326938248767645,0,1
6853,616,48.976601312435484,QR,Grocery,DE,9.0,0.26145002851794286,0.2687632241399025,0,1
3445,200,43.21799802451219,QR,Travel,FR,16.0,0.14146042366657788,0.040105336096434824,0,1
4116,921,509.9191353896773,ATM,Grocery,US,7.0,0.38404368076581985,0.17242054841696286,0,1
2398,558,1026.05090241359,ATM,Travel,FR,16.0,0.13552402615813725,0.2742050355173823,0,1
4981,230,94.05017851548409,Online,Clothing,DE,13.0,0.11779484135037344,0.37465976685524993,0,1
3046,702,196.42060580564416,POS,Food,DE,21.0,0.04961053263161577,0.050809880708614606,0,1
741,733,6.077738191717502,POS,Grocery,UK,14.0,0.023829385940972884,0.018329556237314797,0,1
320,724,75.48043918185593,QR,Clothing,TR,23.0,0.4160237517609353,0.38150992766205366,0,1
8242,15,4.533859226691093,QR,Clothing,FR,22.0,0.04587253389250882,0.2397371619906086,0,1
7576,204,47.32082854387474,ATM,Electronics,DE,14.0,0.2695497670980171,0.19318301413115924,0,1
3509,843,72.45516086262485,Online,Grocery,US,18.0,0.34460976878177796,0.08934693519573612,0,1
4069,515,724.3253615033452,QR,Clothing,UK,16.0,0.3298848760956195,0.3630294796762815,0,1
3351,348,50.096691408122,POS,Grocery,US,14.0,0.08962812530818925,0.04581859328587469,0,1
1156,814,370.5397585614661,ATM,Clothing,DE,21.0,0.1054083730902895,0.06221511918512211,0,1
5673,612,197.01928138550323,POS,Electronics,DE,19.0,0.42627998059352773,0.1558485258688117,0,1
6506,107,26.697690617263692,Online,Grocery,US,15.0,0.41713425152815153,0.2275492168346537,0,1
998,302,17.74090340574399,POS,Grocery,UK,21.0,0.20793292661088825,0.055561303357259235,0,1
3704,363,687.9442871308871,POS,Electronics,FR,22.0,0.0734032172185886,0.07777164272369506,0,1
4623,845,31.894328537683286,ATM,Clothing,DE,21.0,0.07554603458908142,0.061960008175512116,0,1
4461,542,29.198385379803344,POS,Clothing,FR,20.0,0.057799039820615954,0.06866058509472171,0,1
9744,415,22.25037432080944,POS,Food,UK,21.0,0.25078606534148334,0.054977205622175236,0,1
2243,540,253.14161359361646,ATM,Food,TR,15.0,0.03669666134385161,0.3927414056993285,0,1
1622,849,35.49897144630915,POS,Travel,UK,17.0,0.03080357426981511,0.11691726565593985,0,1
6819,267,16.461142187323375,Online,Clothing,UK,19.0,0.33856186928644877,0.14034447875496847,0,1
6139,181,97.71998902626,POS,Clothing,DE,17.0,0.09892709095863912,0.3914160540852973,0,1
7619,993,13.41948794704334,QR,Electronics,FR,8.0,0.044858713893502086,0.37579546449560364,0,1
4354,557,83.14614009164646,QR,Grocery,DE,8.0,0.05340742651627261,0.06563757189233067,0,1
887,982,58.90156843400659,QR,Food,FR,8.0,0.07507304667071044,0.06657380070549053,0,1
3137,288,146.44292727819544,POS,Travel,US,15.0,0.35421455328304513,0.18658234476277677,0,1
8721,879,377.6329235728072,Online,Electronics,US,8.0,0.2757977946676548,0.03174367234106038,0,1
1787,236,50.60597798612893,QR,Electronics,DE,10.0,0.1254520975165041,0.28791127135440425,0,1
6940,647,524.2107588758969,POS,Electronics,TR,21.0,0.26535549864401375,0.7992340220586209,1,1
3975,731,421.67587420997705,QR,Clothing,TR,23.0,0.22484320368241997,0.12383367521767355,0,1
5544,689,762.1033474910435,Online,Electronics,DE,12.0,0.8744694345118408,0.6373860154266551,1,1
8050,673,102.94037087868797,POS,Grocery,UK,10.0,0.1219856550861892,0.02717288327445904,0,1
3552,208,27.625560871183303,Online,Travel,DE,18.0,0.06847922659170376,0.18130256628008895,0,1
3939,819,44.75534856987237,QR,Electronics,US,19.0,0.06174953378243274,0.26527127372124354,0,1
2503,111,674.6636679302403,POS,Food,US,19.0,0.09509816843260255,0.17581832576786577,0,1
5431,248,199.66366546554096,QR,Clothing,FR,22.0,0.16456819113959098,0.13772531366291327,0,1
5291,501,42.92270194966997,ATM,Grocery,UK,22.0,0.02383414426718651,0.11359238203476017,0,1
2354,551,8.241539547057132,ATM,Grocery,UK,15.0,0.029948537450401755,0.1228904455967844,0,1
4855,240,2.5068294034578544,ATM,Clothing,FR,13.0,0.009054273377930437,0.024384507390929126,0,1
4893,798,13.26821674820451,POS,Electronics,UK,18.0,0.08716733891050296,0.011287534446699138,0,1
6785,176,94.97867566826221,Online,Travel,TR,15.0,0.36360191551268234,0.025457457008155,0,1
6478,876,42.60062921311509,QR,Grocery,TR,19.0,0.3117675104273003,0.317052498307986,0,1
6390,494,130.54724206757277,QR,Electronics,FR,12.0,0.023281474828415815,0.07329385814182443,0,1
9503,189,235.16784776178773,POS,Grocery,FR,15.0,0.08739721977874418,0.31977843877283924,0,1
1099,660,38.264395286881644,QR,Travel,FR,18.0,0.1585308033133878,0.7592197239434685,0,1
4670,863,11.51973750104697,ATM,Travel,FR,14.0,0.11461402824663117,0.009599070423023062,0,1
7348,195,186.9081838158273,Online,Travel,UK,12.0,0.0342895764124351,0.1796256110968568,0,1
8234,525,5.27724075722162,QR,Food,FR,20.0,0.0937923499414097,0.14414880715404832,0,1
4991,95,42.41616858597852,QR,Clothing,US,22.0,0.9956672097433675,0.15254644144236387,0,1
8390,564,40.967389125854005,QR,Grocery,TR,12.0,0.035040567766989085,0.1859019114917013,0,1
260,496,16.226246978214558,Online,Clothing,DE,6.0,0.05359158993292052,0.22253444268792466,0,1
8652,569,131.16407486578277,POS,Food,US,20.0,0.17786485203495783,0.06418404642177225,0,1
6640,660,69.70181847266292,ATM,Travel,TR,21.0,0.1450867010712873,0.21363088124327914,0,1
9636,438,54.00090670959078,QR,Travel,US,16.0,0.0379090533849264,0.2601984373308307,0,1
4883,494,85.96154721626587,QR,Electronics,US,8.0,0.03444652904971326,0.019642928731157788,0,1
9110,690,11.982516195146685,ATM,Clothing,UK,23.0,0.0462497173081561,0.06522441147062986,0,1
3477,458,188.50565691423,POS,Clothing,DE,9.0,0.014372529995118507,0.03417801551412304,0,1
3575,207,3.261818848039954,QR,Electronics,US,13.0,0.03395159476396934,0.04264785769131714,0,1
5850,972,275.3912754327107,POS,Grocery,DE,22.0,0.2181460025928371,0.13804536750994892,0,1
1562,939,912.652871754369,QR,Clothing,DE,20.0,0.3075499025677918,0.42946531245871356,0,1
5358,2,24.44514678216535,ATM,Grocery,UK,16.0,0.04450321091387808,0.18925164506208908,0,1
5234,940,71.02200010916455,QR,Electronics,UK,11.0,0.16736004728754653,0.07354397397863717,0,1
9603,825,199.4378821998857,Online,Travel,FR,17.0,0.305430511937936,0.4589905680711058,0,1
6492,489,145.219552215775,POS,Food,US,16.0,0.174581813716458,0.03536863725042701,0,1
2984,896,98.6949378191977,Online,Electronics,DE,23.0,0.20691672643763054,0.49621105762881484,0,1
9702,667,46.262684616220604,POS,Travel,FR,21.0,0.21368562624450996,0.21899493825004496,0,1
1509,630,43.94855858325755,POS,Electronics,UK,10.0,0.09305119458400019,0.1156642044090144,0,1
1548,605,169.82307566072916,ATM,Food,US,14.0,0.06384686474787324,0.13377949769620018,0,1
4852,377,186.11597649888122,ATM,Electronics,FR,12.0,0.1823590819951832,0.017473576504430335,0,1
9907,860,6.470473738640172,Online,Travel,UK,16.0,0.16933135795777096,0.24519865051821885,0,1
2531,353,362.6064772262996,QR,Food,FR,11.0,0.35806271623294306,0.21635542892420856,0,1
1982,205,115.55419660285109,POS,Clothing,FR,11.0,0.4074282346050484,0.6401799958629069,0,1
8741,365,159.9719801371224,QR,Grocery,NG,23.0,0.1386074768797522,0.358183633476563,0,1
1181,232,0.0,POS,Grocery,UK,15.0,0.1196293049204616,0.045011966875797636,0,1
5118,147,224.828196341174,ATM,Travel,US,15.0,0.42340088003466186,0.18603279448806112,0,1
1678,446,97.06883953681937,ATM,Food,TR,9.0,0.0457878057693774,0.1927717026880442,0,1
2199,526,92.50059575059949,ATM,Clothing,US,21.0,0.20612783679878938,0.04051464951648503,0,1
2885,435,1.6491505063245695,POS,Grocery,TR,7.0,0.036729906196703285,0.13046702502334798,0,1
3064,194,21.47116473773303,POS,Travel,DE,1.0,0.3285856635898214,0.11908507988696035,0,1
6040,164,63.92547873329824,POS,Travel,DE,6.0,0.2733918939465585,0.030758282755140205,0,1
1153,686,94.5456383054249,POS,Electronics,UK,19.0,0.3026880857180651,0.10594534215705909,0,1
8703,189,212.9920028577908,QR,Electronics,FR,20.0,0.40428489096042414,0.7430302474843228,0,1
244,255,24.98685275369062,POS,Food,FR,18.0,0.2429795098762238,0.08245891396974792,0,1
5508,470,185.6620723405877,ATM,Clothing,FR,23.0,0.17554855825322468,0.10177375781987541,0,1
6339,887,370.55159881381536,POS,Clothing,TR,12.0,0.1124960077021404,0.014193971089222459,0,1
9087,160,231.03527919689196,POS,Grocery,US,8.0,0.47468398822169217,0.45350717570581034,1,1
6593,172,8.72393192730796,Online,Grocery,DE,18.0,0.18320540071186353,0.04452329439736281,0,1
5292,600,580.4257480210842,QR,Electronics,FR,16.0,0.3244378301939062,0.39260564130953973,1,1
7247,611,86.94057206877442,Online,Travel,US,6.0,0.16970032574092703,0.5898229663140839,0,1
7771,784,63.208987577639405,ATM,Travel,TR,19.0,0.06231880056624726,0.09457220851353405,0,1
4257,725,99.04668812574249,Online,Food,DE,18.0,0.035827613174467046,0.03920018665503208,0,1
3961,592,33.61947849517528,POS,Grocery,TR,23.0,0.027147290796715115,0.18337003699689886,0,1
7895,381,67.6420823521065,QR,Grocery,TR,16.0,0.7448401864588868,0.3563611510870196,0,1
2767,741,35.28035886343842,ATM,Travel,UK,21.0,0.14780512872887738,0.40277894574637585,0,1
7564,452,179.9413870314892,POS,Food,TR,11.0,0.05876542902440031,0.04945315156390081,0,1
742,607,272.75569656168767,POS,Clothing,DE,8.0,0.6424311758578252,0.09419295870716327,0,1
1407,76,28.812217286563722,Online,Electronics,DE,21.0,0.05190072389755057,0.0757606342000055,0,1
552,564,95.26870438842562,POS,Clothing,FR,7.0,0.3598076977832933,0.0973411643765788,0,1
2146,848,34.19295379984986,QR,Travel,TR,20.0,0.039431506133729435,0.09573926176105173,0,1
1743,601,81.30967929446551,Online,Food,US,2.0,0.1874769049313386,0.20818758383307684,0,1
6143,106,315.24605389807175,ATM,Food,FR,22.0,0.24513072427614135,0.171303357468135,0,1
5224,632,44.24958576716083,QR,Travel,US,18.0,0.16852849809267706,0.029959051205721152,0,1
6331,709,145.66375219086046,QR,Electronics,UK,17.0,0.1433118668385721,0.41153040643940175,0,1
9483,440,456.9749243180556,Online,Electronics,DE,23.0,0.27908566509108396,0.11540922563263109,0,1
4403,705,71.25548557303168,Online,Clothing,US,18.0,0.42441502701049244,0.2570033463224917,0,1
2937,421,320.86576241580303,POS,Clothing,US,16.0,0.0718250347915767,0.4754906203056809,0,1
9331,824,104.85210159504159,QR,Travel,UK,18.0,0.037387861393807814,0.2107124448541309,0,1
7128,453,539.9882901594516,ATM,Clothing,US,22.0,0.4147676593228389,0.7438737707210026,0,1
710,24,376.1730100654681,ATM,Food,DE,22.0,0.0754002156484536,0.14652387996249777,0,1
2742,685,41.94086546583728,QR,Clothing,FR,21.0,0.07498730080036117,0.24846922981646447,0,1
6153,9,205.75971460532526,ATM,Clothing,UK,7.0,0.34214800460283123,0.08579048128768775,0,1
828,694,473.41658820508104,Online,Food,TR,19.0,0.38064618243266607,0.2771780677238743,0,1
9457,43,32.703071171355134,Online,Grocery,UK,17.0,0.035405934954732834,0.09395234784114023,0,1
5788,139,92.2260202030241,POS,Travel,US,19.0,0.12413212352480951,0.21968497543842053,0,1
1583,529,45.48966370167857,POS,Clothing,US,4.0,0.04576266822919436,0.27607325975691044,0,1
8823,943,91.59921466635369,POS,Electronics,TR,19.0,0.054547129937273675,0.18501154043947438,0,1
3327,658,119.06154957574041,QR,Food,US,15.0,0.23823125718359495,0.1384273999211676,0,1
3137,68,22.18870705466118,POS,Electronics,FR,19.0,0.03915580566117491,0.29427192650608536,0,1
6803,362,0.6106838826474679,POS,Grocery,US,18.0,0.1258650593879618,0.2950736636230335,0,1
3245,878,798.57229887267,QR,Clothing,FR,15.0,0.031957605238497236,0.11634976948557112,0,1
7257,493,31.98017565036884,POS,Grocery,DE,21.0,0.09150996604473723,0.16122705834272663,0,1
8335,537,54.79489772903405,POS,Travel,FR,23.0,0.3900600388929845,0.044180223057252305,0,1
7238,801,1.3382011077397067,POS,Electronics,FR,23.0,0.17936700387752383,0.1470445214554833,0,1
22,167,66.58733280475624,Online,Food,UK,21.0,0.4097753919885341,0.0379498019618575,0,1
1312,414,9.572620399717946,Online,Grocery,TR,8.0,0.04994393494459407,0.08191642068103563,0,1
1019,499,88.09781746603689,QR,Clothing,US,5.0,0.36795230840687176,0.11968945723773014,0,1
4009,280,39.68150524795125,ATM,Travel,UK,19.0,0.02465295783977431,0.021950595215564653,0,1
78,228,437.0328694338458,Online,Clothing,US,1.0,0.01977185626866235,0.20249645188754636,0,1
8684,23,10.894279917688747,ATM,Travel,DE,22.0,0.08185066865114676,0.13062823108129118,0,1
2687,623,163.37672624182485,ATM,Grocery,DE,21.0,0.2982906084220544,0.6283003066940801,0,1
9138,994,39.05501640481768,Online,Travel,FR,11.0,0.019836218601976357,0.09700313603259045,0,1
190,699,560.3273350681523,POS,Grocery,US,16.0,1.0,0.6612631618051702,0,1
5342,566,121.57281407984371,Online,Electronics,UK,14.0,0.42483162117452566,0.47275075472012845,0,1
161,578,144.59402277777178,Online,Food,DE,19.0,0.21417115956629793,0.1771573057567509,0,1
6866,133,94.98417677436674,Online,Clothing,DE,4.0,0.3251219535777973,0.1836520467582001,0,1
5442,508,25.826003847721445,POS,Food,DE,22.0,0.32966102113611745,0.6432680447532079,0,1
6384,92,26.644251756958262,ATM,Electronics,TR,15.0,0.017470099876393842,0.07210720284414461,0,1
1838,440,0.0,ATM,Travel,UK,21.0,0.14706182888197314,0.023415600763602974,0,1
5923,857,207.6919485812,ATM,Food,TR,8.0,0.17434335094629524,0.0581963651558644,0,1
8594,622,155.39902337569117,Online,Clothing,UK,11.0,0.0752306665312924,0.2081339046377654,0,1
5193,383,29.86239531566129,Online,Travel,DE,11.0,0.08107425805289481,0.015908355262795524,0,1
3650,753,223.3593591616183,POS,Travel,TR,23.0,0.10230074396567469,0.058191212172757786,0,1
4390,697,87.30071146334947,QR,Food,US,14.0,0.2691266364781157,0.2765432553736947,0,1
5180,106,34.45743915247231,QR,Electronics,UK,2.0,0.2368144085606859,0.19630950163425856,0,1
5709,573,237.84625291030736,ATM,Travel,DE,10.0,0.020737472453002757,0.10602313235644897,0,1
948,536,572.0632770861893,QR,Grocery,TR,13.0,0.10059894397600828,0.11037202709065325,0,1
1401,894,4.878858360909604,POS,Food,US,15.0,0.04749225838116929,0.03437823670643218,0,1
6402,798,157.50922409837872,QR,Electronics,UK,8.0,0.03369534615208774,0.05394945333029424,1,1
6030,776,157.61757943296416,ATM,Clothing,US,14.0,0.3219082125396778,0.11803776458106147,0,1
32,744,331.1878860555211,POS,Food,UK,19.0,0.4243130871426047,0.1717146432077611,0,1
8312,594,21.507676203991082,POS,Travel,TR,23.0,0.02210379591543199,0.018308391057294673,0,1
4231,454,5.267462225545463,POS,Clothing,DE,17.0,0.2695025664954664,0.35617395723945766,0,1
2178,924,524.7421946396771,ATM,Food,FR,4.0,0.3427591256940671,0.11371159023154187,0,1
2407,508,13.881662055597783,Online,Grocery,US,7.0,0.2147679398045555,0.20760074394212671,0,1
9368,576,4.776029325960167,POS,Electronics,FR,13.0,0.09588409551682688,0.4024436302635232,0,1
7166,435,209.77519010819597,ATM,Electronics,UK,22.0,0.28809128179418025,0.1443946207916405,0,1
7415,808,55.937929732335164,POS,Travel,FR,13.0,0.04829248164868799,0.019947324189471365,0,1
340,547,0.0,POS,Food,TR,17.0,0.08145008507367058,0.0838224226295315,0,1
9732,87,164.8841676465674,QR,Food,UK,10.0,0.1130267789389757,0.356309368058119,0,1
2436,595,98.98276076831021,POS,Clothing,US,19.0,0.059609432900697645,0.09259143617506671,0,1
3655,479,0.0,Online,Clothing,FR,14.0,0.32927746816586045,0.14292922816230996,0,1
6433,784,53.782916969365814,POS,Electronics,FR,23.0,0.15094971987032002,0.2332919208198205,0,1
4129,505,363.1938332080251,ATM,Food,UK,13.0,0.34343459444795493,0.42502896573801513,0,1
9659,622,25.86283106965581,ATM,Clothing,DE,4.0,0.1195310401855235,0.5215464067322851,0,1
9053,568,16.301525009040105,POS,Travel,TR,11.0,0.1560975240559071,0.2779257676348625,1,1
7333,10,127.17656219669986,ATM,Clothing,TR,15.0,0.051292890856349145,0.178200768934239,0,1
8773,781,78.1413865043295,ATM,Travel,FR,22.0,0.29353118862841326,0.13207045303113393,1,1
4451,942,96.20136590757923,QR,Grocery,US,13.0,0.16960953588080804,0.05628878638870241,0,1
7371,341,29.66612196712983,Online,Electronics,DE,6.0,0.10685531900579187,0.04192276226115687,0,1
9508,759,1.4256147806279795,Online,Travel,US,12.0,0.06171642391537052,0.14570790794293306,0,1
670,216,73.12203602742346,ATM,Grocery,DE,21.0,0.14481389602972355,0.07241645642066714,0,1
7064,458,14.981395252006413,Online,Clothing,TR,23.0,0.05228123434499518,0.19703102009967638,0,1
9052,314,842.3538536556235,POS,Travel,TR,15.0,0.4332910505776604,0.5235615933086358,0,1
8143,537,52.303654209051686,POS,Clothing,DE,13.0,0.0343984073978523,0.22770071995108176,0,1
32,397,233.32839024105573,QR,Food,DE,20.0,0.09740806338153946,0.18226925414166784,0,1
9887,716,481.86148773792206,Online,Grocery,UK,5.0,0.052501944722810986,0.5689316367932973,0,1
5135,323,199.66071180407582,POS,Travel,TR,22.0,0.11207581153099772,0.28928848992159395,0,1
6209,758,263.6977369820813,POS,Grocery,US,7.0,0.09947590146327642,0.10823040495330292,0,1
5077,569,124.3383154353577,POS,Travel,FR,11.0,0.20935537086330858,0.07737963072222277,0,1
8002,206,262.7690188315885,Online,Food,NG,19.0,0.13768598521879255,0.09138935970563634,0,1
5321,38,234.55883185090457,POS,Food,UK,20.0,0.08778717235432745,0.07327572480342966,0,1
698,867,217.17403875536857,ATM,Travel,US,6.0,0.8174207456767861,0.42986717762661564,0,1
1000,500,4.165911592806121,Online,Electronics,DE,23.0,0.13985536575849183,0.09699858657894408,0,1
3161,811,61.61356291774847,QR,Travel,US,10.0,0.03382673074679733,0.02791640657147641,0,1
6658,497,177.06310694106375,Online,Food,FR,12.0,0.07552392202744893,0.311372152944364,0,1
1931,153,336.6386195370804,Online,Clothing,TR,21.0,0.08599121197737943,0.14352983917407486,0,1
5121,421,366.5909898701036,Online,Grocery,US,8.0,0.49498286565671745,0.3734805189143213,0,1
559,533,17.054557149744177,QR,Grocery,US,16.0,0.013604045909740355,0.023569307404970784,0,1
1012,167,21.024663914369512,QR,Food,TR,23.0,0.12112736265101409,0.02668585646029305,0,1
3294,244,246.70959896185474,Online,Food,UK,3.0,0.3342402290278695,0.15305820277242538,0,1
2874,27,767.3741884865794,POS,Grocery,TR,4.0,0.24298569041475035,0.04174648012498316,0,1
9995,316,596.332147757448,ATM,Clothing,TR,8.0,0.0727759202467884,0.07172855899865223,0,1
2974,787,107.6784079442065,ATM,Clothing,UK,7.0,0.1755137995659127,0.2710443267746026,0,1
9102,459,487.21359848452647,Online,Grocery,US,20.0,0.027981049572391906,0.025224161402992572,0,1
4151,312,0.0,POS,Clothing,US,21.0,0.07298537180479447,0.3928033387327634,0,1
2373,698,377.2918895343941,POS,Food,TR,5.0,0.0319883681359286,0.03567786027678114,0,1
4750,74,12.610545728272744,POS,Travel,US,19.0,0.02660103703536698,0.4343046513113301,0,1
1062,374,11.829817543034812,Online,Food,UK,17.0,0.1361997532740062,0.1983593786414872,0,1
6756,115,4.958211695780768,QR,Grocery,US,10.0,0.0962204654452151,0.16564597940850523,0,1
7578,476,223.02772180012397,Online,Electronics,UK,14.0,0.1433197880140881,0.2441278842927514,0,1
2283,9,48.17895240028859,Online,Electronics,TR,22.0,0.2502893216655685,0.10245609540386405,0,1
4711,229,20.537327037767213,QR,Food,FR,8.0,0.243054637461925,0.07101330448109565,0,1
9426,365,0.0,POS,Grocery,US,11.0,0.022714102011777024,0.05388117715149699,0,1
1325,661,157.33401848601798,QR,Clothing,US,19.0,0.07087671620888493,0.31114888671782864,0,1
2555,648,11.484447474500174,Online,Clothing,TR,16.0,0.10684751600999137,0.053344581980300405,0,1
8484,272,9.382281685712385,Online,Clothing,TR,11.0,0.4745093542544599,0.2548803312468027,0,1
1130,526,136.36494175829577,Online,Electronics,US,19.0,0.12721365942188734,0.170778599058003,0,1
7431,909,328.4965183867239,QR,Food,TR,9.0,0.12426102693532383,0.14201008441782034,0,1
888,950,57.708201961716064,Online,Grocery,US,23.0,0.20318014037637463,0.20207631871507395,0,1
201,936,103.59190622425257,POS,Electronics,DE,12.0,0.2277763411274213,0.032992454223104775,0,1
5565,122,365.88932100442287,QR,Travel,FR,12.0,0.31931828522870453,0.011843481589738306,0,1
9399,161,17.402165879317526,ATM,Food,US,16.0,0.4623480376261201,0.19071834823790282,0,1
6982,473,80.12853101025425,Online,Clothing,FR,19.0,0.3759433397977784,0.08381025237176079,0,1
3247,680,208.3590632389381,ATM,Clothing,UK,22.0,0.7584632864954969,0.1520985666543789,0,1
4106,324,139.4423354308159,QR,Travel,UK,6.0,0.37402129370646736,0.23652557610808664,0,1
9952,519,0.0,QR,Grocery,US,18.0,0.11857968105052456,0.017363389659141137,0,1
2568,656,0.0,ATM,Electronics,US,21.0,0.11363426358803003,0.15296882183812338,0,1
1179,586,752.0173254030672,QR,Clothing,UK,6.0,0.11367652837896283,0.056704711619951886,0,1
5390,917,650.1884577396727,ATM,Travel,TR,15.0,0.1428642382410795,0.10367547416862846,0,1
5565,368,133.05658165592368,POS,Grocery,US,23.0,0.5071068361874882,0.1392626517775452,0,1
3178,230,288.642785235857,POS,Grocery,FR,22.0,0.12788230772724912,0.06552451563946737,0,1
4307,324,267.61445777527507,POS,Grocery,FR,18.0,0.4090625747419157,0.25415667892673033,0,1
3314,924,169.47492753778067,Online,Travel,UK,12.0,0.3192628625909622,0.14874827329258336,0,1
8842,314,163.23358822148055,QR,Electronics,UK,15.0,0.25684967230528666,0.09014786811327077,0,1
9029,827,20.889689043817143,Online,Travel,UK,16.0,0.06920722974725793,0.30114139602853846,0,1
3169,414,277.9195830366796,QR,Electronics,TR,12.0,0.3369263340021257,0.12942944410780577,0,1
2263,70,232.9797340019663,ATM,Grocery,DE,13.0,0.1390811448047276,0.26370841738533174,0,1
7169,485,10.387348807307031,QR,Food,FR,22.0,0.2261104318485856,0.38358771214447984,0,1
6847,810,126.19730550355234,POS,Travel,US,18.0,0.1792387562170282,0.1481254997228214,0,1
9132,366,34.72730670592568,POS,Grocery,DE,18.0,0.06212907852259599,0.09234688271816498,0,1
5431,43,48.2847880731508,POS,Grocery,DE,14.0,0.09200420100780257,0.05415148415389746,0,1
7304,836,14.683743673935197,QR,Travel,US,21.0,0.04472301209763726,0.07426172262863014,0,1
7517,7,0.0,QR,Grocery,TR,19.0,0.08214762253298502,0.3061233407448026,0,1
199,919,26.66945037839806,QR,Electronics,US,17.0,0.10012564657436811,0.4347989918486882,0,1
4392,106,6.36737603095052,POS,Grocery,TR,22.0,0.25384515113942474,0.018968774175730792,0,1
9493,955,77.4079402410687,ATM,Electronics,TR,18.0,0.019888726112545455,0.22717656004144232,0,1
7595,402,100.2731602950254,QR,Clothing,US,5.0,0.08953184596728986,0.20157964637729117,0,1
785,444,233.61066457964372,Online,Grocery,UK,23.0,0.10910250846082727,0.1162057518603801,0,1
7430,991,1297.9112713645534,ATM,Food,UK,11.0,0.2729751591002201,0.38662246900980785,0,1
8027,364,162.40835630455558,QR,Grocery,DE,13.0,0.4622630167037401,0.14672562015566235,0,1
2738,140,50.932496196214075,Online,Grocery,DE,16.0,0.044855178365128076,0.3341290149923447,0,1
5275,600,806.5039374128474,Online,Travel,TR,12.0,0.12756369413623378,0.1639671321384403,0,1
3371,289,56.308818195709655,Online,Electronics,TR,8.0,0.01519769466262261,0.2852487347075461,0,1
9874,829,204.60067937438083,QR,Food,US,22.0,0.1118935132279163,0.0678900753587492,0,1
150,539,335.6886256457231,ATM,Electronics,TR,16.0,0.09470288998403291,0.011623316750337832,0,1
2241,704,44.15596215074133,ATM,Clothing,UK,9.0,0.10975386780561969,0.4545430399401816,0,1
1549,729,147.4065978543297,ATM,Grocery,UK,11.0,0.042667398122570324,0.01647954346684904,0,1
1294,559,44.46595044242402,ATM,Grocery,UK,20.0,0.058880111251937595,0.06662265206107133,0,1
2984,853,0.46828557374070634,POS,Grocery,FR,18.0,0.1150089069660072,0.09746780429776644,0,1
5749,800,53.6952435269649,ATM,Food,UK,6.0,0.3243301040956749,0.35789678551137366,0,1
1964,875,108.26880188845274,QR,Electronics,UK,22.0,0.09062238503828089,0.048177480408501026,0,1
8898,138,12.193862189587078,ATM,Electronics,UK,10.0,0.2686573632178457,0.373733486196873,0,1
9908,753,5.883209035727246,QR,Travel,TR,15.0,0.4245745843268285,0.18581966512003892,0,1
4665,56,263.9477066123849,ATM,Clothing,FR,16.0,0.181645131490934,0.06961457989516975,0,1
9044,982,110.6928486921475,ATM,Grocery,UK,16.0,0.18326954842498228,0.32866635535794053,0,1
6879,533,107.62928800790617,ATM,Travel,DE,21.0,0.2673229483638895,0.0734043128628451,0,1
4720,483,100.64437776043788,Online,Travel,DE,20.0,0.07558299029142138,0.18831843378106827,0,1
706,748,234.728447877017,QR,Food,FR,22.0,0.14404679898599407,0.03677283239017,0,1
4705,20,86.2011822916038,ATM,Clothing,DE,21.0,0.13761712585395117,0.40524077786894475,0,1
6484,838,36.307672726201034,QR,Electronics,FR,18.0,0.20831481809431032,0.021711873344772967,0,1
1318,329,78.10545368468573,Online,Travel,FR,18.0,0.10145786852124726,0.4142442984144305,0,1
8061,124,175.7830768211254,ATM,Travel,FR,15.0,0.6620041403015686,0.20420255024404685,0,1
5501,345,40.49888633194656,Online,Electronics,DE,16.0,0.16351041635630859,0.47390933979979744,0,1
8631,942,390.75736320621724,QR,Food,US,17.0,0.3040746887351632,0.3609859210187988,0,1
548,138,99.63445340677141,POS,Food,UK,13.0,0.64985335717056,0.8847496293167681,0,1
3793,367,63.79131631184187,POS,Travel,US,21.0,0.2071401738616636,0.025887801265543332,0,1
7000,303,10.066123218516273,POS,Electronics,TR,23.0,0.08985217454238452,0.06959872582481716,0,1
6421,560,27.628467792913987,ATM,Travel,UK,12.0,0.4115326275712053,0.8699616259528423,0,1
2453,496,620.571079504733,QR,Grocery,US,7.0,0.1595909434717632,0.10082445607044692,0,1
2049,970,19.85278397649304,Online,Grocery,FR,21.0,0.020618983657236446,0.06966033359116089,0,1
1848,748,167.6838252431727,POS,Travel,US,22.0,0.07973986696735366,0.08279977332312592,0,1
8551,654,70.82156852722498,POS,Grocery,FR,21.0,0.18877328622335418,0.22117558146434566,0,1
5647,65,66.4544756911078,POS,Travel,UK,16.0,0.09652794173124371,0.1633062537845984,0,1
3798,990,343.6442715158229,POS,Clothing,DE,17.0,0.16598946773072107,0.11381405843100345,0,1
9860,216,142.97553300111107,QR,Travel,UK,21.0,0.08692492505674497,0.11426168723578306,0,1
7223,411,49.43413855167223,Online,Travel,DE,23.0,0.11535184686016088,0.26902610529003596,0,1
8882,105,60.34853264359991,POS,Clothing,UK,15.0,0.24977958383730242,0.24185190400726203,0,1
800,397,167.70620539882842,QR,Electronics,US,19.0,0.15106346358901052,0.08695220310383721,0,1
2265,607,494.0554979136785,Online,Food,TR,11.0,0.23477222917722843,0.2566471426730016,0,1
4,158,224.7433072649385,POS,Electronics,UK,18.0,0.24915518730671452,0.5396118463211163,0,1
9142,909,0.0,QR,Clothing,US,19.0,0.1538052442204534,0.03172349971562684,0,1
2741,508,334.3694378403163,Online,Travel,UK,18.0,0.39465665900848557,0.17304434785627662,1,1
7856,897,1.3064510377168053,POS,Electronics,UK,5.0,0.03126362426529863,0.05860826673806832,0,1
7434,750,516.0864284092416,QR,Food,FR,17.0,0.29599497299965843,0.10171792604673537,0,1
1636,270,73.79280109038136,Online,Clothing,TR,3.0,0.11669301400898771,0.06358062833490785,0,1
8695,379,199.24415067502323,POS,Clothing,UK,5.0,0.28144330790851174,0.16788888945115313,0,1
310,810,342.93278137798984,Online,Travel,FR,18.0,0.25818041640753386,0.1517924113730339,0,1
5773,556,10.318984082984622,POS,Travel,UK,15.0,0.47009116405526447,0.18880500375357928,0,1
1445,102,12.259276171579641,Online,Electronics,DE,13.0,0.04763274187735416,0.15994571979383745,0,1
5409,753,50.08278658526215,ATM,Travel,TR,17.0,0.1284751997220412,0.033267655907237265,0,1
260,399,438.22056840398864,POS,Electronics,US,4.0,0.010814511361630093,0.08918681581204778,0,1
6116,840,0.6598811391936081,QR,Travel,UK,21.0,0.075271803197051,0.034817884647051586,0,1
8055,918,84.88673301383159,Online,Travel,US,19.0,0.017447665088030438,0.06363743099076241,0,1
5519,854,67.62534723548829,ATM,Food,FR,14.0,0.0977732308333736,0.05278868497555187,0,1
8412,490,42.845590457046505,Online,Electronics,US,23.0,0.21854462795656487,0.11493719424435411,0,1
2136,589,126.06310906030193,ATM,Grocery,US,11.0,0.034086273828110206,0.2942963353141853,0,1
6004,758,218.48434815243237,ATM,Clothing,DE,19.0,0.05334892654134772,0.191906622915799,0,1
8115,716,226.2620216605501,ATM,Electronics,DE,16.0,0.11330265790582325,0.0723154175028577,0,1
4040,938,235.77439146427957,ATM,Food,UK,13.0,0.09614618022159696,0.24773143190090824,0,1
6213,688,16.93878413804307,Online,Travel,FR,18.0,0.24062751702219623,0.10703449833603468,0,1
9532,944,98.48750621859574,QR,Food,US,15.0,0.114927221485652,0.23517845500436618,0,1
3575,536,80.64346834339675,POS,Travel,DE,21.0,0.13352674032466344,0.08070209466649313,0,1
6482,83,10.843556638543948,QR,Food,TR,20.0,0.3892591697268798,0.18052885107992986,0,1
2074,737,569.4454237925236,ATM,Grocery,UK,20.0,0.2284500632369338,0.017645751555933308,0,1
7800,834,256.957535365047,QR,Electronics,FR,18.0,0.23932194759424516,0.6461739700783782,0,1
8135,464,641.6289956531916,QR,Travel,US,17.0,0.1280694754011945,0.16624365197774113,0,1
954,828,175.2584695636784,Online,Travel,US,17.0,0.27586542785816104,0.2975702220808396,0,1
5942,226,0.6851181492357643,ATM,Clothing,UK,21.0,0.17451082956082264,0.09023380189627958,0,1
8982,316,323.7764385203591,QR,Travel,US,5.0,0.27278823996856855,0.14511278959416765,0,1
6186,473,334.1455937870417,QR,Grocery,US,13.0,0.14135800407977273,0.25241023473961927,0,1
7211,919,4.181686785887658,QR,Food,DE,19.0,0.10375583767354443,0.0984627992674449,0,1
7591,491,63.065227202676695,POS,Electronics,NG,22.0,0.04696903163627424,0.18722935465688573,0,1
2590,832,203.16202550450885,ATM,Clothing,TR,14.0,0.038583895913804955,0.3797413922833945,0,1
3285,691,118.4729678938882,ATM,Clothing,US,12.0,0.07914557181362694,0.28509589801605145,0,1
1077,478,952.8874045522389,QR,Electronics,FR,17.0,0.2452420341735732,0.15484417361321917,1,1
5148,479,411.8256959463504,ATM,Food,US,7.0,0.2591837696896351,0.6933886760821961,0,1
3743,650,474.80666088799757,QR,Food,TR,10.0,0.05814763401376051,0.20649949864273628,0,1
4726,56,6.834175151695188,ATM,Food,FR,16.0,0.1548151821108328,0.0973061865893762,0,1
2346,809,113.21379083419879,Online,Electronics,TR,23.0,0.16762106592118653,0.2557947864148128,0,1
755,638,105.59810047215211,QR,Food,TR,22.0,0.017593133044282602,0.05162248895064854,0,1
8636,923,52.50996662507716,ATM,Electronics,US,18.0,0.13334157978399258,0.11672722101110619,0,1
6831,758,128.9226837257907,Online,Travel,UK,7.0,0.030664701222649624,0.13993792827659038,0,1
1901,272,327.34505352886845,ATM,Travel,TR,19.0,0.056001428740387334,0.224980500768744,0,1
528,358,61.3485709772948,Online,Clothing,TR,14.0,0.2526656903970779,0.03497996093958708,0,1
2604,818,281.33244169643785,POS,Clothing,TR,7.0,0.12786473527886605,0.37880148080728004,0,1
660,136,69.69981484820119,ATM,Clothing,TR,5.0,0.1557834887157923,0.10689842083386944,0,1
3729,108,11.101661042122535,QR,Grocery,US,19.0,0.27207832118021197,0.17938447001371724,0,1
7810,649,415.0907278366773,ATM,Grocery,DE,19.0,0.6493067918223502,0.764961420615527,0,1
2301,806,20.226055778663316,Online,Food,TR,22.0,0.028870837702477822,0.030710869209746704,0,1
4100,189,69.90350577287586,ATM,Electronics,US,2.0,0.3500251629413037,0.10073632584574074,0,1
5152,28,24.529632313159738,POS,Travel,FR,12.0,0.27111920806847295,0.15049986266031992,0,1
847,442,185.70915330643186,ATM,Food,FR,11.0,0.033076595028359274,0.20932393864835794,0,1
7772,801,0.0,QR,Clothing,UK,2.0,0.37409006939812417,0.15786609171511617,0,1
7119,312,80.38208226311905,Online,Clothing,DE,15.0,0.09506429588256841,0.14092300408132077,0,1
4649,761,39.875877232606314,Online,Electronics,FR,23.0,0.0443848643720002,0.19035930329549075,0,1
8644,278,271.6078438942874,POS,Travel,US,20.0,0.8793652049065718,0.3060244887874073,0,1
817,951,298.3679875833346,Online,Grocery,UK,10.0,0.20196857281409988,0.2078449350544443,0,1
8875,4,82.10914856390781,QR,Food,FR,3.0,0.13616449589386986,0.051702828433248985,0,1
5182,690,37.38219658675135,Online,Electronics,US,8.0,0.15655486017131992,0.08245409460791074,0,1
7104,816,30.14259618782653,Online,Travel,TR,11.0,0.039395976257426385,0.15098276227151738,0,1
220,610,126.10675577551507,Online,Travel,US,21.0,0.45193528278366546,0.3819752015914467,0,1
128,283,58.259376629354634,QR,Electronics,TR,12.0,0.028440269684463615,0.051899084921097405,0,1
5934,383,93.10727522993511,Online,Grocery,FR,18.0,0.06514781982095498,0.027758041550563804,0,1
7222,780,131.5529383264929,ATM,Food,DE,13.0,0.3616073777688671,0.5036923134353024,0,1
9994,259,55.215997589289785,POS,Electronics,TR,7.0,0.09089654375674883,0.2800762556604389,0,1
7298,345,0.0,POS,Travel,UK,13.0,0.01589571792797423,0.11795656978683378,0,1
9264,190,301.7474585822116,QR,Electronics,FR,1.0,0.04002018070812137,0.122319050837489,0,1
7874,686,153.94689826156628,ATM,Grocery,UK,15.0,0.10835727168362422,0.12844421170106554,0,1
6026,635,957.595576255215,Online,Food,DE,8.0,0.1517236841187034,0.39230162468252183,0,1
3688,949,66.58783321067163,ATM,Travel,FR,19.0,0.11047527409628287,0.27563222956605293,0,1
3640,553,209.54098278382725,QR,Food,US,14.0,0.05682020912474996,0.2639597302054404,0,1
8428,219,7.492605549233659,Online,Travel,US,16.0,0.22342928044651103,0.21956413127052488,0,1
620,72,370.01710849887723,QR,Clothing,TR,21.0,0.19419703962728124,0.45199003533594,0,1
6288,633,150.29540208163542,QR,Travel,UK,14.0,0.16252168816718204,0.1719751079808245,0,1
8343,694,225.1232910793362,ATM,Electronics,TR,14.0,0.2239812328614421,0.2620626603297414,1,1
1336,41,69.04763560721116,ATM,Travel,TR,4.0,0.32799177108158384,0.2073010205247342,0,1
896,890,117.25719226881762,ATM,Electronics,TR,22.0,0.0881388745397669,0.1514438851767269,0,1
6976,609,15.746345185366582,QR,Food,UK,12.0,0.21705579336457337,0.1124080729324467,0,1
4921,333,131.01777069417983,Online,Grocery,US,8.0,0.10423373958046583,0.10769343645633865,0,1
2723,359,352.2714819981326,Online,Electronics,FR,6.0,0.22309175851957294,0.34444573825219793,0,1
9374,202,85.57753334879894,POS,Travel,US,11.0,0.0824297027543565,0.05229201272527645,0,1
7542,254,71.77938043513667,Online,Food,TR,16.0,0.02771381213922655,0.11012642798213522,0,1
4014,443,110.19731124046022,ATM,Grocery,TR,10.0,0.015430592835922737,0.0473462521538731,0,1
6158,649,104.64432371693218,ATM,Travel,TR,17.0,0.5795971223329155,0.37624743475467903,0,1
4592,117,256.8253692004704,POS,Electronics,DE,3.0,0.2181970462963594,0.37322626975244966,0,1
3253,490,684.0047493507691,QR,Travel,UK,23.0,0.33657107087339055,0.3039457911488065,0,1
3251,246,407.42707178044554,Online,Food,DE,23.0,0.30695463017470404,0.20155746651528542,0,1
2739,860,173.5015316571921,Online,Clothing,FR,21.0,0.2742621552278436,0.6057952273145559,0,1
5856,745,143.3558082544094,POS,Grocery,UK,19.0,0.32101409673555326,0.1473401189522668,0,1
2111,760,34.13225380966675,ATM,Clothing,DE,18.0,0.07409223875736949,0.2089074618765879,0,1
7627,277,459.8167683147611,Online,Grocery,US,10.0,0.5680833276455247,0.26936052055154336,1,1
1912,914,69.22114737452212,POS,Clothing,FR,20.0,0.24854924810768989,0.18078102107204516,0,1
6362,438,146.74051678475962,ATM,Food,UK,7.0,0.44617719871956313,0.2831479091002339,0,1
5129,799,140.10086464613852,POS,Food,US,1.0,0.21285775136863294,0.32523796017002143,0,1
1115,616,313.94144811720304,POS,Travel,TR,5.0,0.5978571802155451,0.4544174806186258,0,1
329,780,259.06516195823593,QR,Clothing,UK,6.0,0.12797001808277075,0.28984324775946985,0,1
6155,213,0.0,QR,Food,UK,20.0,0.021437898395668793,0.1758997051280422,0,1
6015,976,61.86696364722068,ATM,Travel,TR,21.0,0.1071645412575214,0.2500235877211021,0,1
3543,887,274.8492198538549,POS,Travel,TR,21.0,0.0659356802416302,0.05746308901336105,0,1
8946,403,97.87316036608875,ATM,Electronics,UK,15.0,0.1029035472534141,0.4383995032174747,0,1
525,42,50.21077248578895,Online,Grocery,NG,18.0,0.010003061126347749,0.0075957730947741825,0,1
6049,784,62.075165793154476,ATM,Electronics,TR,17.0,0.06266841889797023,0.2009070402680056,0,1
6186,97,133.65153199783623,ATM,Food,US,6.0,0.22877215353235722,0.045194713338783825,0,1
4657,202,13.518346135868846,ATM,Clothing,UK,16.0,0.020484101470022657,0.09315464006973426,0,1
7506,431,200.42683056193945,POS,Clothing,DE,19.0,0.38144865905584874,0.2784432296662014,0,1
730,924,57.510442947445185,Online,Travel,UK,18.0,0.05953450249256025,0.11719762930101536,0,1
1733,762,503.08305863274336,Online,Electronics,UK,22.0,0.12464110474045549,0.08592398530393683,0,1
7627,261,266.61750400013807,QR,Clothing,TR,19.0,0.08368823188731515,0.31295702709206824,0,1
4394,67,336.23646518545695,POS,Food,DE,8.0,0.4187057476429919,0.3021141120697564,0,1
1424,14,74.54276978936984,ATM,Grocery,UK,6.0,0.08200349775883814,0.056212264561522965,0,1
7069,425,90.44142349805944,Online,Clothing,US,21.0,0.03179162371285412,0.04469761214790056,0,1
2444,888,121.15744900757038,POS,Electronics,TR,4.0,0.03185406370383888,0.25594204678413734,0,1
4601,588,222.71284677781637,POS,Food,DE,12.0,0.19691977445735598,0.11674272928597519,0,1
9067,795,18.79001028562192,ATM,Travel,DE,12.0,0.4091706659669838,0.15715201137070545,0,1
8664,911,0.0,ATM,Grocery,TR,22.0,0.33743346278900443,0.20370755177338684,0,1
7003,688,40.790685170894186,QR,Clothing,DE,10.0,0.024622765350291696,0.008423539009217294,0,1
9834,970,95.17875081784676,ATM,Food,TR,8.0,0.11785544127291293,0.07482003067208526,0,1
8770,148,82.9158609886318,ATM,Food,FR,21.0,0.033878685286133234,0.09218783156664637,0,1
5631,648,1078.4464558538618,Online,Clothing,UK,18.0,0.5034458506601394,0.6911768051766232,0,1
9082,491,34.39636515128369,POS,Travel,DE,15.0,0.1403111583168133,0.08177637294715732,0,1
1926,731,329.2968989603975,QR,Electronics,UK,12.0,0.05889293114497637,0.4456155191173222,0,1
4745,827,7.911506058580504,Online,Clothing,FR,20.0,0.06175533270489032,0.1001982054320718,0,1
8269,86,159.1423588573473,ATM,Food,DE,14.0,0.7356369169573743,0.4109379137322051,0,1
5930,222,229.68837352862755,QR,Food,DE,14.0,0.19623198405138706,0.5759976282240921,0,1
5834,797,22.63618354574538,ATM,Electronics,DE,10.0,0.06073323344990647,0.10214183113931899,0,1
5097,134,0.0,ATM,Electronics,TR,16.0,0.1172313929654826,0.6895317792254682,0,1
2656,537,128.45804431518184,ATM,Travel,DE,17.0,0.2833697238696307,0.289016505069036,0,1
9462,966,1087.7041709407858,QR,Travel,US,17.0,0.3511570947655238,0.2683805428244431,0,1
4991,121,49.356727147284545,ATM,Electronics,UK,16.0,0.070684868941344,0.030947406454692166,0,1
7252,663,69.15393954324995,ATM,Food,US,15.0,0.22216669122759872,0.0704192263578402,0,1
3753,550,144.4603192773517,QR,Travel,FR,15.0,0.039529284427523605,0.04132410184724317,0,1
7436,84,39.239466444799305,ATM,Electronics,UK,14.0,0.1913174117283419,0.04335213147340147,0,1
623,411,107.237785058119,POS,Grocery,DE,18.0,0.37101985358848366,0.32478166865663044,0,1
2013,81,12.046481629145696,ATM,Travel,US,8.0,0.017315540051940227,0.014348802201729516,0,1
7210,361,24.74566232013943,Online,Travel,FR,12.0,0.12932994710499437,0.3257265146903715,0,1
2507,433,216.94792384766535,ATM,Grocery,TR,15.0,0.2596344427972743,0.14321884678793018,0,1
6516,889,2.2179183634161608,ATM,Electronics,TR,12.0,0.10741901354957328,0.11067479974188306,0,1
8219,164,162.6499630875481,POS,Electronics,US,16.0,0.3218570354907023,0.216699453843775,0,1
7770,501,67.76125733403049,QR,Electronics,DE,18.0,0.44259613756573635,0.13861189899698817,0,1
1786,550,129.050102326348,QR,Travel,UK,12.0,0.4626307557966188,0.41145191851356316,0,1
4725,705,61.50102649774228,Online,Clothing,TR,4.0,0.457062836875987,0.17244077958314094,0,1
5594,798,14.353911063580608,QR,Electronics,UK,11.0,0.11466073984562605,0.11358217879242806,0,1
9226,525,1186.5199502339008,POS,Clothing,TR,13.0,0.06214191618823578,0.075322330485359,0,1
9648,89,56.68746268518404,POS,Travel,FR,21.0,0.2874189864806523,0.09300461699561909,0,1
7689,919,100.12037057851634,POS,Travel,FR,23.0,0.08325834223950665,0.10312553029106718,0,1
1227,945,75.99116867864632,QR,Travel,US,14.0,0.04665119717586374,0.034669261632741394,0,1
7897,642,11.03656518234083,ATM,Travel,DE,18.0,0.01746153553818424,0.1547720183277058,0,1
4873,248,10.245928000696068,QR,Food,US,2.0,0.13569237354100686,0.1435797395055786,0,1
7219,424,1255.394882547216,QR,Grocery,TR,16.0,0.5224028440759836,0.12004069229873833,0,1
8885,981,140.56260552925252,QR,Clothing,FR,11.0,0.09597425644331219,0.10205004952420324,0,1
5674,855,43.54387275375735,Online,Grocery,US,15.0,0.08210436188900246,0.04125050744611953,0,1
6953,13,120.8483987078851,Online,Clothing,FR,23.0,0.211664662048778,0.1987422155632037,0,1
4037,520,90.20927754809432,Online,Clothing,US,21.0,0.07367275111692094,0.32550672584918905,0,1
6228,803,151.73005757708756,Online,Food,UK,21.0,0.09933510572217734,0.1946438586969569,0,1
5818,964,466.67942521461646,QR,Food,US,19.0,0.46240482544520295,0.11479514682707512,0,1
8945,186,331.92335263181707,Online,Clothing,TR,5.0,0.06003925956697522,0.22585603807971344,0,1
7523,991,60.316555112595864,POS,Grocery,TR,17.0,0.06702503654657187,0.03401003505967742,0,1
5926,767,34.893558599177595,Online,Grocery,US,11.0,0.20011080312006152,0.0407303812572829,0,1
2492,413,45.665950301335,POS,Electronics,UK,11.0,0.046599163880512384,0.10958763575253781,0,1
3985,127,219.54368472420995,ATM,Food,FR,18.0,0.1783656219180019,0.5198824007447733,0,1
7030,784,136.64781755603516,POS,Clothing,TR,20.0,0.09425376346833761,0.10987993653985828,0,1
6692,467,204.74564091514918,Online,Travel,FR,18.0,0.08654781151805954,0.3052514630736801,0,1
8427,686,14.17245593262103,ATM,Electronics,DE,10.0,0.1842135193622469,0.049434086576764916,0,1
5832,332,191.0535242460211,ATM,Grocery,TR,16.0,0.09029633565860518,0.1219503226717385,0,1
4586,686,343.4529664463185,ATM,Travel,UK,15.0,0.25108499976793064,0.39246637247923954,0,1
946,648,8.59721016387535,ATM,Clothing,FR,14.0,0.0311094737411962,0.02717840220767815,0,1
6960,269,0.0,ATM,Clothing,FR,16.0,0.08275992085818432,0.17868191296701103,0,1
558,748,61.55379208415956,Online,Food,US,0.0,0.2041638817848335,0.04610434954164286,0,1
4927,992,163.84548404235872,Online,Travel,US,18.0,0.12384752822067473,0.15639216159936367,0,1
3302,683,9.111952686869381,Online,Clothing,FR,10.0,0.13760856035257224,0.10666483042703065,0,1
3954,182,378.93949495792015,ATM,Electronics,NG,12.0,0.1200499157390135,0.11546764982636408,0,1
6065,42,13.178967603814815,ATM,Food,US,21.0,0.0540338379109532,0.0351781640657112,0,1
856,288,557.3027216025224,Online,Food,UK,11.0,0.0706267482879338,0.16831994775073422,0,1
5904,755,54.35877425702975,ATM,Electronics,US,18.0,0.15465147451916608,0.1209815868936568,0,1
8048,133,453.8015629931728,ATM,Food,FR,10.0,0.24817609169111293,0.24742743686841145,0,1
8551,521,997.0179574544362,ATM,Travel,US,18.0,0.2480161883033366,0.2810604672976419,0,1
775,210,29.07656603496748,POS,Grocery,US,16.0,0.33628202707528776,0.1286393836782752,0,1
8677,514,3.5005420341142224,POS,Electronics,US,20.0,0.19588092155251083,0.07875857591797687,0,1
4888,800,39.630818352595924,QR,Grocery,DE,18.0,0.05798654939949611,0.058856088107848,0,1
3626,977,192.4609061638665,POS,Clothing,TR,16.0,0.1081698729100535,0.04386272284818371,0,1
3986,452,153.9310900134879,ATM,Grocery,TR,7.0,0.09044048689518656,0.19025898839891228,0,1
2735,743,166.26005302961727,POS,Food,UK,17.0,0.3733308141556031,0.15767031304636353,0,1
6728,47,114.90602456052954,ATM,Clothing,UK,13.0,0.3099970602477989,0.14335603870251756,0,1
7596,557,22.438671894053005,ATM,Travel,US,20.0,0.25727134186377415,0.1884672990922139,0,1
5,769,56.96099362185113,ATM,Clothing,DE,22.0,0.21301256522675796,0.20673993942312602,0,1
8332,19,497.91863218389676,ATM,Travel,FR,20.0,0.21590988342640446,0.2915413514062619,0,1
390,568,130.51436398669213,Online,Electronics,US,19.0,0.07962803429627395,0.11487279183326284,0,1
3942,227,170.52524659106797,Online,Clothing,TR,11.0,0.16282834092134507,0.16823173075940726,0,1
4949,334,89.56510285753386,POS,Grocery,FR,11.0,0.31998629628905684,0.22588916607427154,0,1
4626,375,24.048471218668013,POS,Food,FR,22.0,0.06576576958159588,0.20571359382295673,0,1
2283,206,18.211656402778843,ATM,Electronics,US,20.0,0.052665414868008964,0.041193787018792394,0,1
5663,135,888.7715372995773,Online,Travel,UK,14.0,0.2544833025883238,0.24189600798925312,0,1
8981,180,350.1079069997954,ATM,Clothing,FR,6.0,0.13675247124513623,0.32950406478582134,0,1
9491,368,146.58814845319617,Online,Clothing,FR,14.0,0.01971074390211357,0.0705611191973464,0,1
694,270,58.05982749999917,POS,Grocery,TR,9.0,0.10621187610906795,0.05349093345896527,0,1
267,892,3.92614672088639,POS,Clothing,UK,15.0,0.14996468242954272,0.007562982932719073,0,1
9271,132,4.719663563885108,POS,Travel,TR,15.0,0.07721432304435716,0.2602974135144231,0,1
8483,395,138.8961245415995,ATM,Travel,FR,12.0,0.19289874092562226,0.02834697874382047,0,1
8093,528,912.377055778299,Online,Grocery,UK,13.0,0.38815681227982446,0.16042324608527772,1,1
3890,725,0.0,Online,Clothing,FR,22.0,0.035460569362193536,0.1523696190444056,0,1
130,180,14.79237042486854,QR,Electronics,US,23.0,0.03774389215678678,0.012081729165460698,0,1
3628,568,101.77926232706483,POS,Travel,UK,16.0,0.1424442477063618,0.23427594325486045,0,1
795,255,81.81555000243188,QR,Grocery,UK,11.0,0.23708538488536735,0.1649265693878772,0,1
4676,439,296.5216731874044,QR,Clothing,TR,11.0,0.19871031252578267,0.2955386622578718,0,1
5516,81,185.42710426868123,ATM,Travel,DE,22.0,0.12428539647749216,0.12544647883525253,0,1
5769,925,12.805596988425306,Online,Travel,US,22.0,0.024396071268461036,0.02300514964001188,0,1
6895,585,26.609490274583877,POS,Electronics,UK,7.0,0.4410667040828257,0.08596173819543432,0,1
1900,541,47.72047420863319,POS,Travel,UK,11.0,0.09237910568489309,0.2181874436866679,0,1
1353,404,6.749039979010043,QR,Food,US,23.0,0.09178470544088795,0.14520660350828773,0,1
7993,477,28.034898985529175,Online,Clothing,FR,20.0,0.3256812574098265,0.23951383703476165,0,1
7025,330,26.197559332279944,POS,Electronics,DE,16.0,0.2819273792829107,0.12985713848319094,0,1
2060,789,96.92158588898306,Online,Travel,FR,18.0,0.16470742984097317,0.22814285524601835,0,1
6627,263,95.29511206867066,Online,Grocery,FR,8.0,0.11882632011140412,0.1130530331038779,0,1
5111,140,201.30947950280316,QR,Clothing,UK,22.0,0.24185820369530148,0.2438686155291685,0,1
1509,477,219.46471439760177,POS,Grocery,DE,14.0,0.2597860468396351,0.2791554180134711,0,1
2065,601,42.40417763689772,QR,Travel,US,21.0,0.21931438353484653,0.14594132324425113,1,1
7011,460,210.77682123589244,ATM,Travel,TR,19.0,0.5384327402675178,0.8523609276889448,0,1
7423,751,7.787439090267961,ATM,Clothing,TR,13.0,0.101232769442285,0.025990299245832696,0,1
5866,229,183.6760460853056,ATM,Travel,US,20.0,0.4499372853510443,0.1864919736185454,0,1
8252,687,162.00427782425814,Online,Clothing,US,17.0,0.09519133422333247,0.060315045626327064,0,1
6609,807,543.9477271454003,POS,Electronics,FR,21.0,0.15456619157769702,0.41655276847225997,0,1
4660,173,90.62915629981767,POS,Travel,DE,10.0,0.05651521190930949,0.15365675132072287,0,1
9659,659,348.0586479956233,POS,Food,DE,11.0,0.4777163658214513,0.3154081462582036,0,1
7486,835,95.19296939580609,Online,Clothing,FR,17.0,0.08363908312578308,0.04858578898780687,0,1
1931,499,27.11943040374179,Online,Clothing,DE,19.0,0.45224058177596077,0.052193519750019235,0,1
5377,860,86.69500999559855,ATM,Clothing,TR,16.0,0.12936610496793757,0.05095200870383016,0,1
8546,164,199.78780140142229,Online,Electronics,TR,4.0,0.21342040273981042,0.05884542396688974,0,1
9212,680,420.8228833759701,Online,Grocery,DE,13.0,0.20157065751061765,0.017418159340635862,0,1
4985,441,11.893289166107657,QR,Electronics,TR,19.0,0.39353900767243355,0.18196152572547722,0,1
1479,607,100.74736014152558,QR,Travel,US,22.0,0.12023652123302891,0.12574798361676362,0,1
2639,217,0.0,Online,Food,US,13.0,0.05373746248180941,0.2566022131067699,0,1
8390,363,580.3588638558398,QR,Travel,US,20.0,0.2871637628547856,0.039984956091325075,0,1
9697,802,371.174506273729,POS,Electronics,DE,17.0,0.27577675781113586,0.11372914504699015,0,1
5948,995,96.05163704998844,POS,Clothing,DE,9.0,0.11990961897211432,0.2648821101942919,0,1
5575,617,170.3812220003057,QR,Grocery,UK,15.0,0.11578493123052182,0.05460661491677111,0,1
4891,972,120.90385309676203,QR,Travel,TR,21.0,0.27021627425069833,0.21818172647260048,0,1
2153,601,366.0636457874575,QR,Electronics,DE,15.0,0.20470843878448738,0.0350904834288769,0,1
9821,437,126.52225649640819,Online,Food,US,11.0,0.03253637958055644,0.16709863938628272,1,1
9726,242,90.19806452702687,QR,Food,TR,19.0,0.12528463631483003,0.08277656750074328,0,1
1223,112,279.6873162118635,POS,Grocery,UK,8.0,0.045862025438002184,0.16761433540530168,0,1
1642,128,94.78006543764714,Online,Electronics,FR,16.0,0.06234244649040528,0.06289746502664034,0,1
4980,334,69.23416545200654,Online,Electronics,FR,22.0,0.15611408238051738,0.09383268038719994,0,1
2426,251,189.75918587151685,Online,Grocery,DE,22.0,0.12858978040310773,0.4695590971882664,0,1
6388,731,458.83752642880495,ATM,Electronics,US,20.0,0.1470349634965179,0.04461531194373233,0,1
748,533,722.7293135800912,POS,Grocery,FR,5.0,0.17002159223911426,0.03197100619078597,0,1
8385,510,73.15880387034213,POS,Grocery,DE,18.0,0.27626319004527095,0.11624664973471757,0,1
293,17,62.47656334679476,Online,Travel,US,6.0,0.17102675503030257,0.3298733672988064,0,1
3425,775,438.88133719093696,POS,Electronics,FR,14.0,0.18825574068441137,0.14789424654733768,0,1
4903,928,249.0787238910846,ATM,Clothing,US,11.0,0.027396343785403583,0.05565531005507447,0,1
7026,101,11.175547317295859,Online,Electronics,US,20.0,0.03494052803834444,0.11388883299650608,0,1
2923,811,67.5594454275801,POS,Clothing,TR,17.0,0.1076905535006452,0.0661386415938124,0,1
132,805,37.1774671813132,QR,Grocery,UK,15.0,0.14993807158671751,0.15539545692336268,1,1
803,322,23.631760499301564,QR,Travel,DE,15.0,0.06901367135799524,0.01868307961834531,0,1
7966,155,12.128001175068363,QR,Electronics,DE,16.0,0.10615812496358316,0.519448829837482,0,1
3609,886,25.277991395343598,Online,Electronics,TR,11.0,0.04898352772578053,0.04443893431158183,0,1
7233,484,60.66271239090934,POS,Grocery,UK,10.0,0.49882670031726867,0.4129006990190123,0,1
8417,871,3.597665051699593,Online,Food,US,13.0,0.061257767886732276,0.05592234963737915,0,1
1519,729,77.49862919964664,Online,Electronics,US,1.0,0.013030924325499536,0.05025220227129343,0,1
6981,286,23.930258842465108,POS,Food,FR,17.0,0.1795356371354372,0.3568751918721226,0,1
403,630,57.69015285514294,POS,Clothing,US,21.0,0.09960362569965721,0.07169351442309625,0,1
9699,102,755.0399938217093,POS,Food,DE,14.0,0.14029967087656506,1.0,0,1
5111,723,213.23483378563122,Online,Electronics,TR,16.0,0.171328424215566,0.16879778786151275,0,1
9709,339,151.58803130953675,Online,Electronics,DE,14.0,0.1756924696152811,0.09502426342643053,0,1
5535,278,370.72018787420365,QR,Food,TR,5.0,0.09784358011789226,0.23402763590768577,0,1
1395,180,164.20211959046966,QR,Clothing,FR,8.0,0.23842769148299187,0.1678573103018238,0,1
2461,897,10.935299377195149,QR,Grocery,US,5.0,0.2441975566595182,0.0591323477455471,0,1
4315,633,448.2924981043204,QR,Travel,DE,6.0,0.6384472118487966,0.5736614683240506,0,1
4291,851,6.498433797319896,POS,Electronics,FR,22.0,0.04932482437161141,0.034033170122530015,0,1
5202,123,108.57017443289041,QR,Electronics,US,22.0,0.07436924564691401,0.031093558921360384,0,1
7869,386,0.0,ATM,Grocery,DE,18.0,0.07875964696376538,0.07920995162797424,0,1
5152,485,144.43486516147695,POS,Food,TR,19.0,0.14924424569854766,0.5908443959806698,0,1
8291,11,19.66135400037373,ATM,Electronics,TR,22.0,0.01285120693138775,0.01726218263714077,0,1
5575,379,13.374707409703191,ATM,Clothing,DE,23.0,0.11229910085086012,0.03868630658008217,0,1
6097,527,55.69218372441904,Online,Clothing,TR,19.0,0.2912032195037168,0.0845163461475074,0,1
4239,553,358.6068957148189,Online,Travel,TR,7.0,0.15500154993227394,0.40938797124785486,0,1
3426,387,549.9925523538853,ATM,Food,FR,13.0,0.16497263710681545,0.2643541849264552,0,1
5136,458,309.88724676863256,POS,Electronics,DE,16.0,0.32298639782958183,0.2166870933340511,0,1
7702,851,98.40515515597026,Online,Clothing,DE,16.0,0.17605441324212842,0.06384082250808974,0,1
7170,67,130.68380145488877,Online,Grocery,DE,8.0,0.1207456710220659,0.06749043795154205,0,1
8039,522,76.31503312823037,ATM,Electronics,FR,22.0,0.056800868968937684,0.20020914535523887,0,1
5190,361,151.5055693814749,Online,Electronics,UK,1.0,0.11859697118052143,0.24352865052610112,0,1
7175,864,55.60617254199916,Online,Electronics,UK,7.0,0.013260616212421477,0.08506484066301687,0,1
748,384,257.1876346763251,ATM,Travel,DE,14.0,0.5878501570422703,0.55049747544895,0,1
8465,174,170.94999689400268,ATM,Electronics,US,14.0,0.26477303612893555,0.2368755357753302,0,1
7480,869,110.82995181296972,POS,Food,US,23.0,0.13326479274695907,0.13257452942865972,0,1
3827,355,8.166963153373304,ATM,Clothing,DE,15.0,0.011074829546677949,0.08613921697384601,0,1
2176,760,73.42281435011088,ATM,Electronics,DE,23.0,0.20772029610721532,0.13591455747251666,0,1
9099,842,133.46835146642383,QR,Travel,TR,15.0,0.15969552260867037,0.08762933110918501,0,1
7123,896,556.8572532808482,QR,Food,TR,15.0,0.1994432710757738,1.0,0,1
2684,232,20.508362386516595,Online,Electronics,TR,10.0,0.022980475015347043,0.014632232583172143,0,1
8119,38,140.88062641564449,QR,Grocery,US,4.0,0.16844262660428322,0.17579320132885173,0,1
357,970,252.53588638284538,POS,Electronics,TR,21.0,0.21926632306058563,0.16047008107327296,0,1
8632,596,104.26464383947899,ATM,Travel,TR,12.0,0.29320600654258056,0.06882673205915016,0,1
499,908,3.755028536037252,Online,Electronics,US,19.0,0.08965083070164896,0.1476818967184048,0,1
5919,325,33.16050180267331,POS,Electronics,TR,8.0,0.08068623326264543,0.40628219937326476,0,1
1402,85,115.51259933392792,POS,Electronics,US,15.0,0.10450904464844488,0.05062026172594549,0,1
1399,791,153.08503863019243,ATM,Clothing,US,19.0,0.04753883254797707,0.35690285197505334,0,1
6680,524,218.44396115813697,ATM,Electronics,DE,3.0,0.45281028490736547,0.26316561981011194,0,1
2237,907,17.93323020108056,QR,Electronics,TR,16.0,0.30858563112512943,0.346088828335865,0,1
7613,971,376.1715054214842,ATM,Food,US,23.0,0.3592555881446118,0.6154761752688175,0,1
1460,624,102.8108414032665,Online,Electronics,UK,4.0,0.11881617894281829,0.09961105362373011,0,1
4763,308,56.29081844357454,Online,Electronics,US,6.0,0.18639233432262736,0.08623241855290625,1,1
7797,154,362.7212098964259,ATM,Electronics,TR,17.0,0.2856509242162478,0.2298467966762968,1,1
7184,421,53.14810143700841,Online,Travel,US,9.0,0.09927064769063947,0.23544033574556417,0,1
2201,198,275.3886864106519,QR,Electronics,TR,19.0,0.22356611690984016,0.1080865490491919,0,1
908,685,26.470238863864928,QR,Travel,TR,21.0,0.16520562788581192,0.01743485498705605,0,1
5926,383,345.57452389566276,Online,Electronics,DE,15.0,0.6037046821611147,0.12766319934947945,0,1
6314,590,949.2852050097832,Online,Grocery,FR,12.0,0.19115794717821344,0.49338195104204763,0,1
2499,57,114.10425475870575,POS,Clothing,DE,18.0,0.4965483861521336,0.18384934036917291,0,1
8330,222,37.91274612078384,Online,Food,DE,22.0,0.03510790009104839,0.11596336449359841,0,1
7669,134,30.636774035266484,ATM,Electronics,UK,7.0,0.04798321877644986,0.06772294922490416,0,1
8703,114,92.5643864692877,ATM,Travel,UK,6.0,0.30606776619901827,0.10717731763563718,0,1
6907,920,27.448389006132142,POS,Food,US,18.0,0.4183578341816517,0.3169306876097607,0,1
7919,515,192.4366054012069,QR,Grocery,TR,10.0,0.09861676708604944,0.07693365895483704,0,1
8033,22,179.0409191960018,POS,Food,US,22.0,0.2746582965652603,0.11280882537428193,0,1
922,935,348.5678405768435,ATM,Travel,TR,21.0,0.09299909904140033,0.15357401760771544,0,1
7609,956,522.2810143957245,POS,Food,FR,17.0,0.030890278073784957,0.3786659904252311,0,1
3752,70,0.6872634494483176,POS,Travel,US,2.0,0.3387726758325187,0.15177548043681904,0,1
5707,676,235.87512535570966,POS,Travel,TR,21.0,0.168109684712842,0.18942964406199975,0,1
7768,544,132.81367330191023,POS,Clothing,FR,15.0,0.40064239884455455,0.2397519613355246,1,1
7982,367,69.79530573652441,QR,Food,US,22.0,0.13010943453395796,0.11478948770936463,0,1
7427,210,254.50301740517662,ATM,Travel,DE,20.0,0.2535256627618497,0.1440468166350379,0,1
3497,712,38.077283884264055,ATM,Electronics,TR,5.0,0.09806038469756741,0.1944722407313471,0,1
8260,606,48.79498976818589,ATM,Grocery,FR,13.0,0.18856570030061834,0.3075229239476216,0,1
7443,116,27.15738836059634,POS,Food,TR,20.0,0.2034115791253793,0.0950298177924854,0,1
9159,138,1254.686097090399,POS,Grocery,FR,20.0,0.3978410413270289,0.45395704808147846,1,1
7566,788,308.69178640573307,ATM,Travel,US,20.0,0.2816275860016508,0.2777235897541405,0,1
2789,365,53.54126211744061,ATM,Travel,DE,5.0,0.026948639524110255,0.10366644422962383,0,1
9134,291,144.34415462570482,Online,Electronics,UK,16.0,0.09448960173173684,0.01706971700382927,0,1
5648,87,417.56177869025817,QR,Electronics,TR,23.0,0.29926809793128006,0.14140691230366167,0,1
1024,725,81.6656386731793,Online,Travel,DE,8.0,0.4305236201341534,0.07854786010043212,0,1
599,572,68.64130693557188,Online,Travel,TR,16.0,0.020961478746362408,0.36271163434580794,0,1
2880,57,34.74367324524895,Online,Food,US,4.0,0.5034686151670653,0.5747417501006525,0,1
7849,939,206.27832991239396,QR,Clothing,US,17.0,0.04815697887865045,0.10927520500349085,0,1
6058,302,124.49110761747764,Online,Clothing,DE,11.0,0.3060284534213862,0.08758017839161067,0,1
4479,703,45.09461495909775,POS,Clothing,US,16.0,0.3144049225844196,0.2577127557277985,0,1
2721,404,220.38416321185292,QR,Grocery,FR,22.0,0.21917430665835916,0.1278501215615415,0,1
2767,650,72.45281253853105,QR,Travel,US,16.0,0.17586250018340235,0.3277170849145427,0,1
5114,496,88.52180115624282,ATM,Clothing,UK,19.0,0.2093470309690855,0.1313472684525833,0,1
7480,111,0.0,POS,Travel,FR,18.0,0.04388031792142254,0.018126928750764305,0,1
8504,539,348.98668460094837,QR,Food,DE,16.0,0.0838650575000966,0.1707656168958203,0,1
1273,495,218.3059157099376,QR,Clothing,TR,22.0,0.33062228256525084,0.12946416798380278,0,1
2492,628,172.10151427721837,Online,Electronics,TR,11.0,0.07978311312723146,0.041750681189131715,0,1
2871,325,315.5304090349677,ATM,Grocery,FR,18.0,0.3789108632906304,0.07197670602293908,0,1
3430,833,217.63518601205047,ATM,Clothing,FR,22.0,0.09732494123627064,0.15841437329996436,0,1
4418,623,340.6215334534677,QR,Clothing,DE,22.0,0.4367614676451442,0.47679649019908127,1,1
4868,933,78.6128226726729,Online,Food,US,16.0,0.027363578792744078,0.1590652467941907,0,1
2035,491,29.900361796578864,ATM,Grocery,FR,21.0,0.15452220315356605,0.15325748405718886,0,1
1619,734,231.59005550531228,Online,Clothing,NG,1.0,0.41546907330324045,0.22494809377906244,0,1
540,509,299.6674878153109,ATM,Travel,US,22.0,0.17059308102398046,0.1778993132842769,0,1
8465,612,18.527130987830954,ATM,Travel,FR,14.0,0.042371428406531,0.03188506863481445,0,1
8080,908,79.9813792647545,ATM,Food,UK,15.0,0.14919244991681632,0.13723604092971003,0,1
6111,407,151.1983557197036,QR,Grocery,TR,14.0,0.14197522512361324,0.2031153390406358,0,1
4273,266,21.361094461457476,QR,Grocery,UK,8.0,0.08776533693197995,0.22875425211303735,0,1
1525,642,182.08416671742444,POS,Electronics,UK,13.0,0.10651524869091449,0.07096019131599629,0,1
3856,146,228.08836890292218,Online,Travel,DE,12.0,0.021195493677047098,0.09201013913967794,0,1
8099,717,140.53886534616584,QR,Food,TR,12.0,0.6319783310648016,0.13302450461344192,0,1
7810,597,88.6600358767289,QR,Food,FR,11.0,0.10095903337802982,0.0974327272982536,0,1
549,629,716.3317477507064,QR,Food,US,22.0,0.3101089338243892,0.0642636123766099,0,1
4561,891,118.23939834436474,Online,Electronics,DE,20.0,0.08006262722984388,0.2320142357303708,0,1
8613,298,337.52191458847585,ATM,Travel,TR,15.0,0.33831104970709724,0.1453185821346107,0,1
9713,210,0.0312726534297072,ATM,Clothing,DE,3.0,0.06790320781136475,0.03151851560654682,0,1
2804,172,20.087494095330875,QR,Travel,FR,15.0,0.03958265143040509,0.28352898730514087,0,1
3951,891,333.80611351013926,POS,Grocery,UK,22.0,0.28213356343494794,0.19571880135390962,0,1
9629,382,1330.0348186652993,POS,Grocery,DE,3.0,0.6916694789972898,0.665131466523473,0,1
8173,838,121.79149827954144,QR,Travel,US,17.0,0.12728765628262825,0.3872661436930475,0,1
2995,252,41.29821444855703,ATM,Travel,DE,19.0,0.01749335647160419,0.09529579496771327,0,1
2068,681,19.013931960389662,POS,Electronics,US,16.0,0.16040747394608634,0.1482909411597695,0,1
8546,0,12.379226688841484,Online,Travel,US,11.0,0.0892950357992402,0.2307362801427518,0,1
8641,677,75.0295563014546,QR,Travel,US,22.0,0.1850510218716397,0.37342430734652426,0,1
4099,897,566.764461594126,Online,Electronics,UK,13.0,0.06392707682821937,0.4667811220979616,0,1
8384,199,177.0920799505498,POS,Travel,DE,20.0,0.15018738286420263,0.3311083366860762,0,1
806,844,1422.4335818609422,ATM,Travel,UK,16.0,0.1843568766411923,0.7992119154576106,1,1
6779,124,115.82397005829809,POS,Clothing,FR,18.0,0.6359372742903634,0.08991693394148853,0,1
5767,752,154.86607808068757,POS,Clothing,UK,19.0,0.18524617362356663,0.4445653921122421,0,1
9349,933,105.89382897748446,ATM,Grocery,UK,4.0,0.07841196993964566,0.07087361376247203,0,1
8688,905,141.8801141909505,Online,Food,UK,21.0,0.1471375408780448,0.09755431212933473,0,1
5561,844,136.61789137671124,Online,Grocery,US,4.0,0.028992768876823824,0.08323378860423945,0,1
9225,898,16.98333562292414,ATM,Grocery,US,19.0,0.06460627551637649,0.10213865388943477,0,1
5978,68,25.82929241298636,ATM,Clothing,DE,22.0,0.29307352309644585,0.2449772707594584,0,1
5767,553,19.8002977794742,POS,Clothing,US,20.0,0.02684121428245751,0.058078510473247594,0,1
1153,829,0.0,QR,Travel,US,8.0,0.06673967839632883,0.015129443585701202,0,1
0,52,122.33486457583079,QR,Food,DE,5.0,0.1161509178637503,0.213762707393867,0,1
8336,22,246.53586766933736,Online,Grocery,TR,12.0,0.3412893342742181,0.13629999747940258,0,1
140,163,296.7617722749946,POS,Travel,UK,18.0,0.401898033711683,0.042442286029197,0,1
5265,818,404.0333886273297,Online,Travel,DE,21.0,0.13998660149558143,0.047999981109275336,0,1
1149,283,152.56038640104376,POS,Grocery,UK,20.0,0.2271070817391664,0.07540777621821876,0,1
8193,972,73.51954517265263,QR,Food,UK,23.0,0.20025089714041888,0.04572392011634977,1,1
7197,994,36.567330602516435,Online,Food,FR,4.0,0.5270670881935968,0.1368525755742598,0,1
6680,782,415.86929879783975,POS,Food,US,11.0,0.2319590127182179,0.29586794704224045,0,1
1887,53,129.6792937374016,QR,Clothing,UK,19.0,0.0745690980480143,0.3118443306828512,0,1
2612,419,15.241823870601717,ATM,Clothing,US,23.0,0.033900303199996,0.30081337591818763,0,1
5752,473,21.98208861434467,QR,Travel,FR,9.0,0.2119659843279785,0.07806457571412163,0,1
5033,654,1.4608440652288737,QR,Grocery,FR,19.0,0.0248835478541184,0.053682637591631666,0,1
1984,827,116.2849482126458,Online,Travel,UK,21.0,0.2848102350092122,0.1157143521816551,0,1
7439,424,36.812500338550635,Online,Food,DE,5.0,0.07033839550277429,0.09241140709230053,0,1
8603,381,15.940582070719252,QR,Electronics,UK,14.0,0.014686381971518003,0.14000150093726108,0,1
7462,531,5.787470647801799,Online,Clothing,FR,3.0,0.44377550211545047,0.19809621809020292,0,1
5745,26,334.09541347005074,QR,Food,US,17.0,0.10610487913835559,0.20828706508624065,0,1
384,335,6.509535590289709,POS,Grocery,FR,18.0,0.19163332532335037,0.2948460160719221,0,1
9354,518,110.65081031431815,ATM,Travel,UK,21.0,0.03930086111888688,0.3191129834004012,0,1
5722,128,209.19952716873564,Online,Electronics,US,14.0,0.3342828619313069,0.08820163335314365,0,1
9418,237,18.97149862090669,Online,Clothing,FR,21.0,0.3037283677763953,0.10291836403452004,0,1
5226,550,21.142310869899937,POS,Grocery,UK,19.0,0.04404565579702083,0.18648183491129,0,1
1784,98,85.3894977732634,Online,Grocery,TR,15.0,0.31863540236367105,0.16551476276775431,0,1
8125,671,330.1933970556281,POS,Food,UK,22.0,0.49487173034105236,0.1023463962248611,0,1
2596,321,65.6211318916299,POS,Grocery,FR,23.0,0.15696917509105054,0.23182376240765337,0,1
4891,794,418.55016667319984,ATM,Travel,UK,11.0,0.29096995556246885,0.8218058462111946,0,1
746,818,38.06503570406467,POS,Food,UK,11.0,0.36262723791301305,0.12537745644788625,0,1
1235,769,233.46540930642166,ATM,Clothing,US,8.0,0.08726426286596878,0.12314162848854893,0,1
2079,526,427.95176488887654,QR,Food,TR,8.0,0.10201531418756771,0.059847027900687515,0,1
4098,7,153.07613982104985,Online,Travel,FR,21.0,0.4213529323326637,0.3701045284870931,0,1
4624,463,235.09997234823524,QR,Electronics,TR,16.0,0.04329809646531136,0.10477762464996311,0,1
2847,319,277.33699088081187,QR,Food,FR,14.0,0.20471259191322572,0.17235808657298432,0,1
574,608,11.041663424331167,POS,Food,DE,18.0,0.23268203817814107,0.046986598041987584,0,1
8224,237,159.89689241894652,POS,Grocery,FR,22.0,0.4605619312388923,0.25017746798581425,0,1
9519,607,81.20224252584063,ATM,Electronics,UK,16.0,0.18350893346870328,0.21001426560263767,0,1
1882,862,328.1212162463489,ATM,Electronics,UK,11.0,0.19072054018955067,0.3629432406792727,0,1
6688,715,15.7598990697174,POS,Electronics,UK,22.0,0.152706897901264,0.13396826044630028,0,1
1885,560,13.610704906467738,ATM,Clothing,FR,19.0,0.03766995116287524,0.053664565148654496,0,1
2970,559,5.442805535831566,POS,Travel,FR,19.0,0.3249027234214404,0.10923509911553662,0,1
2665,623,355.2420444146678,QR,Food,FR,16.0,0.4235965903573996,0.048208472783451334,0,1
2779,158,180.4700426739126,QR,Food,DE,20.0,0.09220476798073,0.21106123658473444,0,1
2852,114,105.36473761149888,ATM,Food,FR,6.0,0.2634332822284167,0.07181991825119291,0,1
9023,465,133.95408151221167,POS,Clothing,US,19.0,0.5814012933794844,0.141037318788538,0,1
5710,946,1.9103376635690044,POS,Grocery,UK,22.0,0.08094382666936323,0.04668513758537683,0,1
6582,655,644.8675339867519,POS,Clothing,UK,18.0,0.0768649306824877,0.07729481234827408,0,1
103,591,130.11879436879016,ATM,Grocery,TR,9.0,0.1528401323848524,0.2307572240603374,0,1
5314,204,21.074119803141294,QR,Clothing,FR,18.0,0.138435849975072,0.08109117156473873,0,1
5802,857,401.4936620359265,POS,Travel,US,7.0,0.05849338108510768,0.042011348118341334,0,1
7866,550,65.92969070513149,Online,Travel,TR,21.0,0.1687813703957792,0.4412742097382657,0,1
9249,172,14.434129372789949,POS,Electronics,UK,4.0,0.1127928530158844,0.07173182877757031,0,1
3687,753,15.229259854444702,QR,Grocery,US,17.0,0.05956147735781889,0.18740978922898763,0,1
4671,484,65.00000537469346,ATM,Clothing,TR,10.0,0.07520830138520412,0.056149334485132166,0,1
316,383,288.699417343913,Online,Travel,UK,20.0,0.34835673678353973,0.4543100259505068,0,1
8255,961,66.45925532988257,ATM,Grocery,TR,17.0,0.17141711534742796,0.09513982017281672,0,1
440,8,56.06430499870669,Online,Clothing,TR,22.0,0.025914003299328386,0.09125846817335649,0,1
9924,719,32.921179606097695,Online,Food,TR,15.0,0.34987336325004414,0.024179451759326148,0,1
9576,721,124.64671273288327,ATM,Grocery,FR,3.0,0.1521993991298897,0.11917100297090963,0,1
5976,21,81.48543958748623,ATM,Electronics,TR,14.0,0.06340198975797204,0.08688697066080678,0,1
7908,871,92.292362122553,QR,Grocery,US,12.0,0.33353000680278166,0.3613475375358803,0,1
2778,904,0.0,POS,Electronics,US,14.0,0.2601255727776342,0.0490154820154042,0,1
4485,525,47.21115687821975,ATM,Grocery,NG,20.0,0.08084423010758332,0.5490228988571284,0,1
4431,149,552.5106278217667,Online,Food,TR,13.0,0.45735391584231455,0.3367137080466875,0,1
2794,613,257.7070706445069,ATM,Travel,UK,13.0,0.4762961320767137,0.10862406261395083,0,1
3409,386,392.9853946777385,ATM,Grocery,FR,14.0,0.454817152744882,0.21694384187811194,0,1
2130,880,145.47376104381215,Online,Electronics,FR,10.0,0.04704076334032389,0.10233218400831738,0,1
1158,111,0.23264979753870696,POS,Grocery,TR,18.0,0.057057486552458625,0.009570978340647834,0,1
2585,418,69.18100742634259,Online,Grocery,DE,15.0,0.20751135167601936,0.13952787313696052,0,1
7776,532,2.7584849176496076,POS,Clothing,FR,20.0,0.031156677671670335,0.05135486139729376,0,1
1182,415,81.9443625451118,POS,Grocery,TR,1.0,0.12470624756894877,0.09201011651703132,0,1
1929,897,36.77397111078727,Online,Grocery,FR,15.0,0.12775230658567827,0.1650934285490378,0,1
4549,702,104.35972253962447,ATM,Clothing,TR,16.0,0.3599827201218547,0.017878240446198627,0,1
1342,754,13.29346475153254,POS,Travel,UK,11.0,0.20837545880056668,0.03857546833503224,0,1
9876,19,266.34945715672103,QR,Electronics,TR,20.0,0.522004286307203,0.15987989468839325,0,1
9501,449,51.94239398976013,ATM,Food,FR,23.0,0.012491396305791365,0.02712785726593074,0,1
1282,72,309.7841884797755,ATM,Grocery,DE,20.0,0.3963787452726055,0.7813329726748592,0,1
3927,134,22.328517195312998,QR,Food,TR,12.0,0.20092477179375867,0.07756061323770923,0,1
9072,706,125.29747842669674,ATM,Grocery,FR,1.0,0.11559177685338233,0.16995109781354623,0,1
7684,977,137.72033053776556,QR,Clothing,TR,13.0,0.04976694965083533,0.03954556991223897,0,1
8862,80,386.90962984034206,ATM,Food,FR,18.0,0.11309599305770623,0.3008085697353245,0,1
2023,329,87.30579345569072,ATM,Clothing,FR,15.0,0.041028788618549875,0.15036192558164754,0,1
5664,665,28.234680571443114,Online,Food,TR,12.0,0.08640901073352387,0.12405151506356293,0,1
9019,110,17.850048220180422,QR,Travel,DE,10.0,0.024769312230065434,0.08911082448767747,0,1
5099,245,11.132722917529557,ATM,Food,TR,7.0,0.01398649671729088,0.03296048751371672,0,1
3215,775,221.18826258536038,Online,Electronics,UK,19.0,0.10981768527510818,0.1835144858122646,0,1
3013,293,137.36224970813797,Online,Clothing,FR,21.0,0.20797368948975212,0.15816235816371857,0,1
5670,448,343.7139536128354,Online,Electronics,DE,6.0,0.3026025455149136,0.38882176234596627,0,1
4979,239,17.95639909908007,QR,Grocery,US,9.0,0.11321074914181617,0.041621432222397066,0,1
7440,633,484.0971716101138,QR,Travel,DE,12.0,0.19787463630458393,0.3372398688072897,0,1
8681,273,0.0,Online,Grocery,UK,13.0,0.1607881476493567,0.2235029686154878,0,1
5029,126,58.94605796666963,QR,Grocery,TR,3.0,0.0661876145273645,0.38036712929134664,0,1
9585,102,259.342068034319,POS,Food,TR,22.0,0.04435606796519907,0.18152557154030435,0,1
7646,842,8.452471449211686,POS,Clothing,TR,6.0,0.04413597012717781,0.28897768443087596,0,1
5478,506,14.727049021898706,ATM,Clothing,DE,11.0,0.16360361615317268,0.4444527292259608,0,1
9151,216,0.810267496383303,Online,Electronics,FR,18.0,0.23849139389106108,0.12214463530714972,0,1
9037,892,426.90796756247664,ATM,Food,FR,13.0,0.07257782353325218,0.04923618060624129,0,1
9347,350,16.484535515602854,Online,Travel,US,21.0,0.13210138925648024,0.028697456606969714,0,1
6098,688,397.1875405760054,POS,Food,FR,14.0,0.25113910582721094,0.1870889904495655,0,1
2114,690,59.425326654241616,POS,Grocery,TR,17.0,0.053641421561612695,0.09369130891330923,0,1
1605,146,37.78544589104262,POS,Grocery,DE,6.0,0.18238234788013424,0.08319700650328002,0,1
9464,363,185.59130547432665,QR,Clothing,US,21.0,0.07697930581929861,0.30621356659029786,0,1
1035,265,89.10295884903313,QR,Electronics,DE,17.0,0.07899466930721598,0.09775573071614937,0,1
6087,92,13.01400529392137,QR,Grocery,US,21.0,0.09575805299432216,0.018577767501440638,0,1
3099,929,168.98974159413646,ATM,Travel,UK,22.0,0.48121454259189855,0.43385595000589694,0,1
7668,878,109.10308687638735,Online,Grocery,UK,11.0,0.13522380026762643,0.5158217179115883,0,1
733,456,113.22630093244285,POS,Clothing,FR,20.0,0.1979274168182907,0.36875975743118583,0,1
336,834,131.28223118503854,ATM,Grocery,US,22.0,0.18083951551724858,0.04766964081487868,0,1
4802,266,28.612675276494294,QR,Clothing,US,15.0,0.24384992313828965,0.4513679270548528,0,1
4900,308,281.5225328952508,Online,Electronics,US,7.0,0.09417236277063064,0.17115472456406855,0,1
4826,362,170.3727767093093,QR,Grocery,FR,9.0,0.14822731126738797,0.13770148239247892,0,1
1921,629,245.19077775914124,Online,Travel,UK,21.0,0.43017944696525856,0.41567566167796655,0,1
9582,912,60.539501393008536,QR,Food,UK,17.0,0.33628580425738774,0.0759152282350776,0,1
5724,928,24.52704874253541,POS,Food,TR,22.0,0.09254140708342168,0.022393980915681306,0,1
4785,421,32.58554552965345,Online,Food,US,18.0,0.2214757580076091,0.03496344650969598,0,1
4725,167,207.97576164353163,ATM,Food,UK,20.0,0.09566060808701643,0.22973470447273367,0,1
9518,663,171.8445294719627,POS,Clothing,FR,22.0,0.2731602879823182,0.328900907643367,0,1
4446,377,8.097361965652542,QR,Travel,UK,16.0,0.027966402313704997,0.008430032787819793,0,1
9242,310,50.360191194642475,POS,Grocery,TR,21.0,0.3491951850063603,0.19182243113185826,0,1
6321,721,16.393845612478707,QR,Clothing,TR,16.0,0.12404865041019347,0.07757577211844982,0,1
7824,682,10.2446696105581,ATM,Food,DE,9.0,0.13282356880272628,0.30483228736138457,0,1
815,924,211.26916576834498,ATM,Clothing,DE,17.0,0.22252890050589377,0.2776285114416287,0,1
3623,612,84.57881406027167,Online,Grocery,TR,7.0,0.24980568056469052,0.045628211848790366,0,1
1106,924,38.883099013320134,Online,Electronics,TR,22.0,0.04423573899107985,0.31434249994294083,0,1
5501,638,62.47734643491869,POS,Food,FR,23.0,0.0698593147445375,0.18410047366611187,0,1
2657,65,498.77902362853433,POS,Electronics,DE,13.0,0.078518869619491,0.2758242753096161,1,1
2543,74,3.513369105586152,POS,Electronics,FR,12.0,0.4667436426918333,0.32535961374784933,0,1
1288,41,42.087986099485825,QR,Travel,DE,21.0,0.04515510055657696,0.24424519189911376,0,1
8743,893,0.0,POS,Clothing,FR,12.0,0.05272974409193476,0.08779065522676055,0,1
1464,880,61.9242553585789,ATM,Food,US,18.0,0.16020101573320064,0.20089528814334054,0,1
8825,540,10.449325677409208,POS,Travel,DE,16.0,0.05245877548763376,0.08740807396138278,0,1
1634,347,127.1956144727834,QR,Clothing,US,5.0,0.14701434249779383,0.050410509715065104,0,1
3269,564,24.005714159614485,POS,Travel,FR,20.0,0.10895943807487524,0.09941877741198935,0,1
9232,708,68.58842926615914,POS,Travel,UK,2.0,0.09663932821363737,0.037388551341476464,0,1
7188,896,182.93868655271316,QR,Food,FR,18.0,0.3941797476879244,0.12782042018061507,0,1
779,757,198.4433465674435,QR,Travel,US,9.0,0.18752342924730242,0.12935894064567727,0,1
7643,295,197.0986326645356,POS,Food,DE,15.0,0.07745488198204378,0.1755883412550854,0,1
5719,393,71.97071105660788,POS,Clothing,FR,19.0,0.017456283517490526,0.05356428134515529,0,1
5201,539,59.17579614371601,POS,Clothing,US,6.0,0.14186098069424888,0.1709758046595234,0,1
3621,692,492.05697546085634,QR,Clothing,FR,12.0,0.6779522276991441,0.5211618168072676,0,1
2022,713,112.74938853813072,POS,Travel,UK,22.0,0.18658579626020494,0.4497965897524493,0,1
9528,732,94.6248211117078,QR,Clothing,FR,22.0,0.07052570507453981,0.2013947442806358,0,1
3604,415,71.58023889329942,POS,Electronics,UK,11.0,0.025279587772012557,0.13976196634336732,0,1
5595,783,774.6970691072584,Online,Grocery,DE,14.0,0.2710641713672974,0.23418945125975685,0,1
402,463,128.51453593898975,Online,Food,US,14.0,0.028213457745071786,0.03979176152909433,0,1
6022,523,149.88208516746997,Online,Clothing,UK,11.0,0.07958180832695759,0.2159640202626971,0,1
3532,108,106.93305430367762,Online,Grocery,UK,13.0,0.2838876810357956,0.19270634202400244,0,1
5914,49,91.58537202306245,Online,Travel,TR,12.0,0.1299942273945703,0.47418542453336093,0,1
3496,732,143.4893503441604,Online,Clothing,TR,22.0,0.19266045332799944,0.42153459680531075,1,1
896,645,0.0,QR,Travel,FR,23.0,0.008172817154219086,0.009960130262156083,0,1
9060,446,355.6588004327369,QR,Grocery,FR,9.0,0.783969207656315,0.2902396499413521,1,1
2078,834,0.0,Online,Food,US,18.0,0.16953008892046717,0.2214458289258786,0,1
6775,312,260.8170227806539,POS,Food,US,22.0,0.09399146926352504,0.05175699773676438,0,1
5379,606,120.82976020775544,Online,Electronics,FR,21.0,0.10895400351914492,0.3319001555568749,0,1
6935,618,5.548463204383053,Online,Travel,UK,20.0,0.02996595559172595,0.24198474239671436,0,1
8947,601,273.82559528215114,ATM,Electronics,DE,7.0,0.12183834840894953,0.08793655970225107,0,1
3691,799,267.13759460021635,Online,Clothing,DE,19.0,0.12443100587211632,0.049604402902412824,0,1
6374,268,42.97018980711162,Online,Grocery,FR,9.0,0.026572701242615456,0.10102944510233063,0,1
2307,116,325.3905742624842,ATM,Travel,UK,13.0,0.1285923096889303,0.19096403445626198,0,1
301,827,538.8023435350568,Online,Clothing,DE,3.0,0.15104604519046952,1.0,0,1
7438,473,51.32898276926338,ATM,Grocery,UK,19.0,0.3547445114099892,0.3971155608788835,0,1
4375,252,31.0883597467987,QR,Electronics,FR,22.0,0.08052333777808325,0.08363216985886403,0,1
2457,225,100.77477061416283,Online,Electronics,FR,15.0,0.16351392378770654,0.6228184464012116,0,1
5128,737,376.6684151332496,POS,Clothing,DE,23.0,0.11302217718773172,0.023442161774450368,0,1
8875,553,45.95220504219155,Online,Food,DE,4.0,0.2723059697218319,0.08244862534214119,0,1
9357,809,154.41243508069033,QR,Travel,DE,16.0,0.32905572708689657,0.14435774859381253,0,1
1174,684,6.668618795948476,QR,Clothing,US,6.0,0.20711261369526573,0.07548906765979195,0,1
9441,808,168.14784985344582,POS,Electronics,US,14.0,0.08957511383778367,0.03723806980387287,0,1
6267,911,366.25966873294544,POS,Grocery,UK,7.0,0.4068636632805608,0.04278988280890611,0,1
1799,695,610.8348822839354,QR,Grocery,FR,7.0,0.3904817162114821,0.18954727212067113,0,1
1521,729,41.659214216004266,Online,Electronics,TR,22.0,0.19929843274180342,0.42464526098786454,0,1
8446,534,7.368458724112703,Online,Travel,DE,21.0,0.07047774385659632,0.12109156597434305,0,1
5968,230,31.556178874740244,Online,Travel,TR,11.0,0.1982795940528987,0.38424646638601456,0,1
9708,446,9.738544196280326,QR,Grocery,TR,19.0,0.09745396245863219,0.4434569785164802,0,1
3722,634,82.51990188067418,QR,Food,UK,9.0,0.07514981011494583,0.5645555536501039,0,1
78,830,305.54566328151964,QR,Electronics,UK,10.0,0.35686421926353357,0.1385895102449371,1,1
8084,562,10.037421388240846,POS,Travel,DE,21.0,0.07538501064156719,0.04304272022469899,0,1
2062,377,512.6475227983599,QR,Electronics,US,9.0,0.5126195441530624,0.28401793408387765,0,1
9068,335,305.18315056225396,ATM,Food,US,15.0,0.43373582180665826,0.3731577964598343,0,1
9851,316,30.133220542931912,POS,Grocery,FR,12.0,0.13089438513919327,0.028901830754459713,0,1
8757,181,157.51724738450073,QR,Travel,US,19.0,0.08429497047266499,0.1364511181140383,0,1
6820,582,211.66991304210302,Online,Food,FR,11.0,0.11453735318248241,0.30591157371099026,0,1
2886,485,101.78889639177389,Online,Clothing,UK,21.0,0.06556705369729945,0.16493185504702743,0,1
4787,479,0.0,POS,Food,TR,17.0,0.072396848796596,0.026053240608342715,0,1
6160,316,0.0,ATM,Grocery,DE,5.0,0.09132908117533103,0.21832574403482652,0,1
4014,953,14.491061002386157,QR,Clothing,FR,20.0,0.019015068285182568,0.021538262317694304,0,1
2402,116,173.7568271940795,ATM,Grocery,FR,7.0,0.1139125977880196,0.025270209364107524,0,1
3383,0,60.15679697341315,Online,Electronics,US,16.0,0.21251413370510588,0.1490566597082295,0,1
3354,146,176.9871956920153,POS,Travel,DE,12.0,0.07151351279770796,0.018543831901338362,1,1
9869,62,15.214477039650772,Online,Electronics,FR,15.0,0.061845372767502745,0.12964827872233486,1,1
9198,746,241.66742306905203,ATM,Food,US,4.0,1.0,0.5337507890263673,0,1
7631,86,579.8279224699403,ATM,Electronics,FR,15.0,0.1430908542325362,0.5022980393350794,0,1
3495,841,726.001978975694,ATM,Food,FR,18.0,0.3536928952640786,0.3986585643006067,1,1
968,111,0.0,ATM,Food,TR,17.0,0.13043914358620196,0.12055317587301198,0,1
2670,336,478.5068730195115,QR,Food,FR,22.0,0.29391000057463923,0.08904961287822995,0,1
2130,445,348.20476696505665,QR,Food,UK,12.0,0.34339186533731464,0.31322529086515105,0,1
9305,661,51.0438516407175,Online,Food,UK,13.0,0.13917901657011672,0.2328005807539079,0,1
3227,551,148.0511286877591,Online,Travel,UK,14.0,0.14380430121190008,0.3801870334599235,0,1
5183,487,90.33591739899096,POS,Electronics,UK,7.0,0.07080238027766081,0.09376092182854247,0,1
8834,191,198.8827829647979,POS,Food,TR,22.0,0.24825772177941613,0.17616563892133763,0,1
4924,400,44.015371789309775,ATM,Travel,TR,15.0,0.05569238444553754,0.17874931547735418,0,1
3175,360,199.0977582604599,Online,Food,TR,21.0,0.1800270213464101,0.08375339443179568,0,1
9837,179,22.88909571993576,QR,Electronics,NG,23.0,0.8141736424651517,0.10144507266614716,0,1
7158,4,59.537987315552925,Online,Travel,US,21.0,0.06169257868848499,0.17435634599557445,0,1
7454,8,103.48137459278064,POS,Clothing,DE,12.0,0.047995924988785556,0.17149511408839907,0,1
3492,65,62.737345994664345,POS,Grocery,DE,13.0,0.2007571162990507,0.04317741072348646,0,1
5058,596,10.203717775782234,ATM,Clothing,US,21.0,0.08329687803730988,0.0922841003445621,0,1
3301,686,67.16693696121328,Online,Food,US,5.0,0.0901689160982152,0.06615379221096368,0,1
3951,745,62.24175118742944,POS,Clothing,DE,16.0,0.38604248958629916,0.22510065305209667,0,1
56,632,20.34078193859703,POS,Electronics,FR,23.0,0.32103316281492444,0.3497161525568962,0,1
9492,495,389.8840495036791,Online,Clothing,FR,20.0,0.6227782166446892,0.30796051799894025,0,1
2818,798,106.70542898739325,QR,Clothing,DE,14.0,0.04798777004689677,0.15537200518816688,0,1
4339,990,529.8462830672308,QR,Grocery,UK,14.0,0.1742531090434449,0.06846858067782494,0,1
6493,131,155.945900741678,Online,Travel,US,20.0,0.12629418971485631,0.41752536711048194,0,1
1599,6,77.3308890181791,QR,Grocery,US,7.0,0.15131231356296232,0.19395508307936074,0,1
3477,728,190.32130047397231,Online,Electronics,US,21.0,0.019830528161664897,0.21373818506977693,0,1
6993,332,48.263409930066196,POS,Clothing,DE,22.0,0.1432626992315941,0.029841645639276715,0,1
6165,784,23.786194195318835,POS,Food,FR,17.0,0.2926681279708052,0.16900207170631046,0,1
4626,53,25.64698878879962,POS,Food,UK,22.0,0.054668370778751474,0.207330137642929,0,1
8242,73,612.2538550309471,Online,Travel,UK,15.0,0.10900885464175297,0.1812012655934642,0,1
8392,242,7.072762785073582,ATM,Travel,FR,20.0,0.0450168077358363,0.023358190686751684,0,1
5652,831,16.05694718674625,POS,Travel,FR,7.0,0.08442260625537029,0.047722278363685464,0,1
2886,912,22.730074472530227,QR,Food,FR,10.0,0.2995943309278628,0.1185524949946831,0,1
390,792,380.8891881987524,QR,Food,DE,18.0,0.3439909010788537,0.11620355263901257,0,1
7675,898,90.6125765633432,Online,Clothing,TR,13.0,0.053267415512203535,0.07337029711946574,0,1
747,897,397.6081848183533,ATM,Grocery,US,5.0,0.2243535755355405,0.02714547953830392,0,1
6792,359,1.3485720066178806,POS,Electronics,US,22.0,0.06950793523542788,0.09348242890599494,0,1
9526,725,280.96494430293694,QR,Electronics,US,22.0,0.22176694029726834,0.20311285640086543,0,1
9280,478,102.14249550460218,Online,Grocery,UK,23.0,0.29974854385097116,0.08479193954011839,0,1
2542,700,16.351806332548733,Online,Grocery,FR,15.0,0.07781895157853898,0.11536720655826818,0,1
4926,524,542.6378616931227,ATM,Clothing,UK,19.0,0.21174098788742093,0.09647760853549522,0,1
9360,632,37.17091415974478,POS,Food,DE,15.0,0.08433158427709657,0.10806508080205295,0,1
6782,139,237.74191807064093,Online,Travel,FR,23.0,0.4263987765065809,0.2670777501850784,0,1
3217,810,283.93263644576075,Online,Clothing,DE,19.0,0.05619940279499373,0.033295718776380476,0,1
1548,889,39.851551816412965,POS,Electronics,US,13.0,0.15508312462963084,0.01749421077107855,0,1
8299,410,73.36411162700925,QR,Grocery,US,10.0,0.11022123171216233,0.3391256844081293,0,1
9747,83,132.29993606706267,POS,Clothing,UK,15.0,0.2722161467554214,0.09968396480952872,0,1
1609,185,0.0,QR,Grocery,DE,2.0,0.3294493251211212,0.04158448035189407,0,1
537,868,404.7368984446564,POS,Food,US,21.0,0.1889382167024799,0.010510044407972121,0,1
5153,725,66.53753397856396,QR,Electronics,DE,22.0,0.1899264209568923,0.3050499708394663,0,1
7143,473,212.7386640554996,POS,Clothing,UK,19.0,0.13234645025532296,0.2888690427306715,0,1
3883,743,11.099697426744184,Online,Grocery,US,16.0,0.20908619401552075,0.25240796547837596,0,1
8581,201,46.661634171794674,ATM,Clothing,US,8.0,0.5696342385636608,0.07038167824459411,0,1
2446,987,51.083942639141014,POS,Electronics,US,11.0,0.17799870558091568,0.13757419798626144,0,1
6005,812,184.89919723809174,ATM,Electronics,DE,18.0,0.28119636169816714,0.6216658412105975,0,1
9082,605,39.70060475995336,POS,Grocery,FR,5.0,0.13209340826899943,0.1346762468245704,0,1
6197,697,655.359056206747,Online,Food,TR,19.0,0.29961175372817905,0.10992138087936826,0,1
6312,805,53.40613611089823,QR,Clothing,TR,20.0,0.26585453598254105,0.08479138675177965,0,1
1651,670,37.14268021762211,Online,Grocery,US,6.0,0.09843132154038545,0.3327114237271974,0,1
7517,332,147.49051492352018,POS,Food,US,7.0,0.27906014513654553,0.09327729780658521,0,1
1131,678,10.603906612667817,QR,Food,DE,21.0,0.08126099336481744,0.06912611147340054,0,1
9663,257,387.7446060711317,Online,Travel,DE,21.0,0.18312694906021615,0.4877157233081065,0,1
9369,719,16.809258892039377,ATM,Clothing,UK,5.0,0.03458183467719961,0.16842814507119108,0,1
9626,916,499.63142759763934,QR,Clothing,TR,22.0,0.15587532796076842,0.21079648056608244,0,1
326,371,126.26302068267992,QR,Food,US,14.0,0.10926755975108869,0.3190373883187066,0,1
7699,506,155.28665535597418,Online,Electronics,US,12.0,0.18623956356386465,0.2433678559167923,0,1
8096,252,41.55157891470071,Online,Electronics,FR,20.0,0.18483370896981877,0.04868001438061248,0,1
9207,998,96.44732678902584,Online,Grocery,US,16.0,0.02762747758808091,0.035793801842068595,0,1
6337,424,474.73503954166665,Online,Electronics,TR,15.0,0.1454377294628244,0.34581218581350437,0,1
6160,608,66.42750233171923,QR,Food,UK,23.0,0.4644986690911432,0.08234338995088615,0,1
7431,755,150.44719614803657,QR,Clothing,FR,22.0,0.1024447916319718,0.09199704133304092,0,1
2660,566,625.2808373283012,POS,Electronics,TR,16.0,0.13872277213863426,0.04193722129264165,0,1
8767,804,129.66695184665707,ATM,Food,FR,17.0,0.055749842704213674,0.06414247735716903,0,1
5755,644,109.37060861231626,QR,Food,US,7.0,0.192312186277793,0.08675866706304108,0,1
6359,630,202.92774748022032,Online,Grocery,FR,12.0,0.3173235808793365,0.33720305830454395,0,1
9636,624,115.03753900754411,QR,Travel,DE,12.0,0.08983064315392421,0.06207519091149093,0,1
4390,126,36.18294778302317,QR,Grocery,TR,21.0,0.1339930543247146,0.22969707096649833,0,1
4917,719,40.95234154917304,POS,Grocery,DE,9.0,0.11424883100637055,0.10854423993849152,0,1
7306,834,18.005012447649857,POS,Travel,UK,21.0,0.05272725031728382,0.07277990078128484,0,1
8687,110,205.87980275384956,ATM,Travel,UK,10.0,0.2850449249588812,0.649242127140676,0,1
5783,603,13.322476631429831,QR,Food,DE,15.0,0.010723476808925962,0.11899255068772878,0,1
8671,133,505.89616621934016,Online,Grocery,DE,16.0,0.03954932373788328,0.13594176129433233,0,1
2095,273,33.67844464183802,Online,Electronics,US,16.0,0.37725594774491644,0.07667179055865245,0,1
5435,596,254.3837312190154,POS,Food,UK,14.0,0.41454036272749756,0.048413672182258,1,1
6833,425,26.332742135575188,POS,Food,DE,14.0,0.09524840157111303,0.019650830585190262,0,1
194,396,575.7776016158278,ATM,Electronics,FR,22.0,0.15708116613763035,0.037838796262738325,0,1
549,47,93.69364030984767,QR,Electronics,FR,17.0,0.11168535443582729,0.09792918646266975,0,1
8100,809,80.44965129771731,POS,Travel,DE,18.0,0.38992708640798673,0.23625305071112285,1,1
2421,78,159.4278010547374,ATM,Clothing,NG,16.0,0.16948173669198802,0.12472012433743536,0,1
2828,146,134.87196549901336,QR,Clothing,DE,13.0,0.4327104943011145,0.05597502068486712,0,1
325,247,208.14594533230212,ATM,Travel,US,14.0,0.33974976411858115,0.4362387168019747,0,1
8529,886,26.1888704102523,POS,Travel,UK,8.0,0.24788764266275534,0.24727218042346405,0,1
8592,946,11.035328854639518,POS,Travel,FR,19.0,0.01731808624846201,0.03999586495414573,0,1
3201,262,69.33748308609626,QR,Clothing,UK,10.0,0.030934320826362157,0.18802966775216876,0,1
4568,443,38.075907629876596,Online,Clothing,DE,14.0,0.08191335918220298,0.04299409192420955,0,1
9248,596,132.60583363990344,QR,Travel,DE,1.0,0.0366701177024897,0.15696045582225923,0,1
8431,1,310.57617229770983,ATM,Electronics,UK,13.0,0.34456060748516626,0.1296138514496897,0,1
3854,229,5.241139500965959,QR,Food,DE,8.0,0.034752360870909174,0.11422337924610523,0,1
2139,667,1.0492544958560552,POS,Clothing,US,9.0,0.07821735750118075,0.017582398081305097,0,1
6321,70,61.39912913641102,Online,Travel,TR,7.0,0.08250360258067674,0.13797898661363903,0,1
599,563,50.73418268040356,POS,Clothing,DE,21.0,0.2386949024650442,0.022425509096410078,0,1
2830,309,58.80276574439078,POS,Food,FR,20.0,0.23175241779638353,0.09308040159733896,0,1
916,462,26.622966405910493,ATM,Electronics,NG,12.0,0.14526329842930455,0.02314346361353854,0,1
5418,292,100.98574444484943,ATM,Food,TR,17.0,0.029309136095327884,0.023233681449884785,0,1
6253,970,0.0,ATM,Grocery,FR,11.0,0.08021295450382475,0.03643949904252569,0,1
4866,491,53.22989695767093,ATM,Grocery,US,12.0,0.26953770100592667,0.18606208137942215,0,1
2817,775,143.88845455033322,ATM,Travel,FR,23.0,0.8045368365454428,0.6573350689504809,0,1
4437,45,323.2493256370337,Online,Food,TR,17.0,0.40908839196819713,0.14682378283361425,0,1
8784,598,93.15270940311888,QR,Electronics,FR,22.0,0.07579965329147344,0.25169397090472195,0,1
8856,942,120.8464719888204,ATM,Clothing,DE,22.0,0.21996332081687328,0.2040355187639825,0,1
7148,326,302.2650366451201,ATM,Food,DE,6.0,0.2798115125022095,0.1749999888095841,0,1
8032,845,6.743602458013382,POS,Grocery,TR,10.0,0.3468948248190575,0.09168845776427056,0,1
6134,637,352.70646837827036,QR,Travel,DE,4.0,0.14877312048274607,0.338186564485133,0,1
2001,677,105.18243551700495,POS,Food,US,21.0,0.30011679783615086,0.1145041622323675,0,1
8553,551,266.29023854867603,POS,Clothing,TR,16.0,0.2105332006915064,0.48571171311576733,0,1
652,527,156.3626375979194,ATM,Food,US,15.0,0.27138800346527536,0.3400741032958231,0,1
7155,886,713.7736147972489,Online,Clothing,FR,23.0,0.17438902003843404,0.4408553262633401,0,1
6442,943,232.44204332336156,ATM,Grocery,DE,21.0,0.16804339229547877,0.06779328645413134,0,1
87,899,17.1622786251338,ATM,Grocery,FR,20.0,0.07025187689575946,0.2818240888885013,0,1
7326,191,93.74018965604445,Online,Clothing,FR,20.0,0.07940476133155694,0.04817178829583543,0,1
1262,652,4.742326313974264,ATM,Clothing,DE,11.0,0.2459583829698486,0.11692570009580461,0,1
471,159,323.82567630805397,POS,Travel,UK,5.0,0.4910012062181662,0.16406582270474276,0,1
5448,972,95.78287536755886,POS,Travel,UK,19.0,0.6764991748930066,0.28881637505261687,0,1
9025,286,98.36243781585448,Online,Clothing,DE,19.0,0.20922433228500648,0.12714409594425394,0,1
9521,614,81.57468246583407,QR,Grocery,DE,10.0,0.03874938151274748,0.040255334083740796,0,1
4659,15,106.9706421517652,POS,Food,DE,22.0,0.15341868325204433,0.04973689903194725,0,1
6372,659,361.6501475047682,Online,Grocery,FR,4.0,0.31630512806536276,0.06991124715123384,1,1
6826,832,10.65840767917117,Online,Travel,FR,6.0,0.09215677322420084,0.03046762318626526,0,1
7229,982,57.524597290496764,Online,Food,TR,6.0,0.021609319645580834,0.1268280773856794,0,1
8061,117,125.87363281955636,QR,Food,TR,11.0,0.1851291828182859,0.11316843138271483,0,1
2869,380,499.7278210889354,Online,Travel,UK,8.0,0.013033751807624729,0.20349377745810357,0,1
2842,274,148.35475695235857,QR,Travel,FR,14.0,0.21211633633289848,0.3097410867866471,0,1
2320,566,0.0,ATM,Food,TR,19.0,0.07938068202510373,0.27241361573050393,0,1
3130,962,197.3272383764159,QR,Clothing,UK,15.0,0.13417783883547238,0.5655574917545461,0,1
5283,305,7.495288251275965,QR,Grocery,UK,15.0,0.051201038848564306,0.13637021070605043,0,1
6631,486,102.1304320013431,Online,Food,FR,9.0,0.038421169086349544,0.04007072872447845,0,1
859,452,72.37363016412935,QR,Travel,UK,20.0,0.12994984641434906,0.17031800743110143,0,1
7651,699,136.80517934018104,ATM,Travel,FR,6.0,0.10796335238491286,0.05035888269732593,0,1
9654,900,25.385401353224346,ATM,Food,DE,18.0,0.1269595767939855,0.020252477576536726,0,1
2269,648,175.36754494031481,QR,Food,UK,8.0,0.45422880365950397,0.06985373950249495,0,1
1678,897,19.102241314826074,ATM,Grocery,US,8.0,0.02205893362779064,0.07482938934788388,0,1
765,386,359.3577219747574,Online,Clothing,DE,13.0,0.37753578170219704,0.12141157236388457,0,1
8345,12,485.1830428001449,ATM,Food,US,20.0,0.06603347860495612,0.10207300144719392,0,1
690,276,119.80193868403202,QR,Food,UK,22.0,0.4392277425369339,0.3711153960960631,0,1
8952,119,32.97114888739945,Online,Clothing,TR,20.0,0.05913549924164371,0.2109316062886153,0,1
3571,648,114.73189166074042,Online,Grocery,US,18.0,0.12868868690674296,0.03428835634455137,0,1
9812,927,213.71977624915908,POS,Clothing,US,20.0,0.026065692131858637,0.26579900151951946,0,1
6174,398,413.32273742006765,QR,Travel,UK,20.0,0.1621683279535012,0.19070703250281967,0,1
7275,263,0.0,POS,Grocery,DE,23.0,0.058210164437041016,0.027502350942376002,0,1
842,184,123.8197069378772,POS,Electronics,US,8.0,0.1373145051422381,0.1584571085448399,0,1
9086,582,1.3984623878269007,ATM,Travel,US,21.0,0.1269376381648663,0.20210789982290656,0,1
7869,526,1.1635812107322172,ATM,Electronics,US,7.0,0.10620104599040048,0.20981739616191192,0,1
2341,391,0.0,POS,Travel,TR,17.0,0.22555833517758295,0.07539198333006317,0,1
3282,564,111.71457234924189,Online,Clothing,UK,16.0,0.4226205864109903,0.23162799212998006,0,1
2150,92,0.0,ATM,Clothing,UK,22.0,0.058594072195120944,0.013869214833342036,0,1
3347,533,699.0536532048408,ATM,Travel,TR,21.0,0.030505047557961802,0.2507010652567448,0,1
3752,782,51.037556089904335,Online,Travel,US,15.0,0.2412951011354099,0.1241279169004803,0,1
2974,140,13.966794244398692,Online,Travel,UK,15.0,0.027413085813490203,0.20834853830590977,0,1
5646,361,20.519439607363378,POS,Electronics,DE,13.0,0.17620725500798443,0.44009351166411004,0,1
5410,601,263.6434990659225,POS,Grocery,TR,22.0,0.22306973430792504,0.4781594874782146,0,1
548,582,73.49751681330788,ATM,Travel,FR,15.0,0.060591460364736886,0.031650949718547795,0,1
9555,970,7.516671510519193,ATM,Clothing,FR,19.0,0.3005012230947859,0.05070433597878842,0,1
6082,850,316.5878769709765,QR,Clothing,US,17.0,0.28307655181721775,0.12717040322057024,0,1
5562,102,12.791895625004777,ATM,Travel,UK,23.0,0.20559725505597273,0.34342966740560654,0,1
2148,727,23.805281138598353,ATM,Grocery,DE,12.0,0.12345573904589259,0.207104394885803,0,1
5955,807,79.8637525176226,QR,Travel,TR,17.0,0.09425056849162473,0.10768002841574256,0,1
2895,684,113.72509794583252,POS,Electronics,TR,13.0,0.1617194426206216,0.41453517410849805,0,1
8044,609,61.192463749802116,QR,Grocery,US,18.0,0.03272275881500733,0.14578930582777105,0,1
5517,373,90.82639229366231,ATM,Clothing,US,10.0,0.1318803496499833,0.09816056360120165,0,1
697,175,85.6926658327651,Online,Food,TR,14.0,0.24052835519919796,0.1531412143844949,0,1
9715,101,49.91023914202271,POS,Electronics,UK,16.0,0.12114957244000038,0.28559865666219986,0,1
2605,251,66.3702187989113,ATM,Grocery,DE,2.0,0.03540099675158201,0.15111157734632438,0,1
3290,855,61.19557469946404,QR,Grocery,US,11.0,0.2304408361342159,0.15096194806986332,0,1
601,962,210.98198091528005,Online,Clothing,UK,8.0,0.2807848367575888,0.4077626971559686,0,1
6637,200,113.90643168213826,ATM,Electronics,UK,19.0,0.23990679284291375,0.30874051695005733,0,1
9848,805,0.0,POS,Food,DE,14.0,0.2306250763287551,0.10145498920698855,0,1
7388,251,123.64173588503685,POS,Grocery,DE,15.0,0.18065216200257694,0.1783740413144882,0,1
1096,610,154.63503708409775,ATM,Clothing,UK,22.0,0.034333147293797536,0.060436402106381945,1,1
5822,652,291.1456807084616,POS,Clothing,TR,13.0,0.18419354941879498,0.46268106050150015,0,1
3392,355,5.186227438911606,ATM,Electronics,TR,22.0,0.100768463195515,0.05120364980742401,0,1
3275,117,19.09696550672176,POS,Clothing,US,13.0,0.03223158163078155,0.07125295389094195,0,1
1127,707,11.76600133122484,QR,Travel,FR,22.0,0.19997651938803368,0.08315495566663894,0,1
9424,236,565.3555177881203,Online,Clothing,DE,17.0,0.2848669692454985,0.21161626306871736,0,1
7575,884,93.99245779378843,ATM,Grocery,FR,17.0,0.0743121339663534,0.08876390227243429,0,1
9974,669,170.9567383715861,Online,Clothing,DE,21.0,0.014326517462300934,0.13041867068563434,0,1
7640,782,426.1906027142329,POS,Food,US,18.0,0.09941727650520658,0.3102220728940881,0,1
6962,497,148.01282831991938,QR,Travel,US,11.0,0.18744867864405737,0.04707060555081759,1,1
5862,156,190.07085967546573,ATM,Food,TR,14.0,0.28947879160225065,0.09195554391801708,0,1
366,689,58.73261633783401,POS,Electronics,FR,22.0,0.06783713115902196,0.03571407425200797,0,1
3357,236,219.55340656445148,Online,Travel,UK,13.0,0.1874879105218282,0.12458879469123363,0,1
1920,945,60.80251658701453,POS,Grocery,US,5.0,0.39506305947578096,0.42414245499163683,0,1
1446,888,118.59152441029886,POS,Grocery,DE,16.0,0.5980738946861097,0.1601262778164273,0,1
2214,865,77.7370099531048,POS,Grocery,US,20.0,0.36430262795168067,0.1091123320669531,0,1
7932,985,64.75906687046232,QR,Food,TR,15.0,0.02493707668116243,0.03148190614715915,0,1
3080,413,40.51995008617908,ATM,Food,DE,11.0,0.067390928513914,0.10706724495469827,0,1
1375,823,123.56476809519687,QR,Electronics,FR,15.0,0.4882174905634519,0.23600075573030097,0,1
8561,960,19.538631061606125,Online,Travel,UK,10.0,0.03745628939123836,0.1741631490116675,0,1
4631,236,763.1537865615287,QR,Clothing,TR,15.0,0.7281836141952562,0.22516656297076354,0,1
5556,116,128.04800005026556,QR,Grocery,TR,17.0,0.1138285937064078,0.11952397051664726,0,1
7226,924,288.87488556332386,POS,Electronics,US,3.0,0.45962619300984214,0.4497825534627814,0,1
6057,72,163.0870591372815,Online,Travel,FR,16.0,0.03637598915577362,0.14806892362497936,0,1
9736,877,64.46155702965996,ATM,Grocery,US,23.0,0.04087542144984654,0.1560695553333669,0,1
2067,627,146.7940025812637,QR,Electronics,TR,17.0,0.05180063246824179,0.3172838924404095,0,1
2357,11,237.374501509362,Online,Electronics,FR,14.0,0.12471958198724911,0.12298772809444683,0,1
6978,604,17.258472527831618,Online,Food,US,21.0,0.330881486471262,0.03800689532154576,0,1
1054,470,9.91905379504865,Online,Grocery,US,10.0,0.02906189201068146,0.0638029881735218,0,1
4811,405,1.0636041021842662,QR,Grocery,DE,20.0,0.1289990256422765,0.1736015167433199,0,1
5007,94,21.348377048525347,ATM,Food,TR,7.0,0.1899103545483548,0.28021621206413155,0,1
964,174,353.89520730681403,ATM,Food,DE,13.0,0.01696813816709094,0.17415395932678923,0,1
5416,970,110.84653278805321,QR,Clothing,US,8.0,0.12681773821951914,0.28441579537178674,0,1
3828,57,514.8051392691158,ATM,Grocery,DE,9.0,0.2726375448127817,0.2100333510394676,0,1
1522,154,40.58374400217473,ATM,Food,DE,23.0,0.01180237133015552,0.05471582385677788,0,1
2950,147,54.30494607982993,QR,Travel,UK,12.0,0.35717678917304185,0.46795968377482644,0,1
2151,210,77.45731763180353,ATM,Travel,TR,15.0,0.18862095024390718,0.2725082553160618,0,1
6758,729,234.2018216236925,Online,Electronics,UK,5.0,0.2809269312746251,0.08112858379134028,1,1
5717,199,249.70799485878774,POS,Travel,UK,19.0,0.4101595100971437,0.4465364801702012,0,1
6315,912,508.8688390846032,QR,Electronics,FR,11.0,0.19060263046010595,0.1224681991420915,0,1
2841,554,176.87573325996766,Online,Electronics,FR,11.0,0.15653216133266606,0.0851395524128089,0,1
820,228,274.9608599355132,POS,Electronics,TR,20.0,0.17859932026916725,0.10224294655023007,0,1
8549,996,27.080439018092207,QR,Grocery,TR,13.0,0.43830884866509634,0.3423191915510356,0,1
8714,572,9.885684029419945,Online,Food,UK,20.0,0.08322547801163405,0.14548147677806753,0,1
4722,879,82.43348691256497,POS,Food,UK,16.0,0.24286611154288099,0.04243550629016994,0,1
1743,72,164.0389165208526,QR,Grocery,TR,3.0,0.021595778791852267,0.31816806234738926,0,1
6644,108,21.033130830614674,POS,Grocery,UK,19.0,0.09311610964372989,0.01838884639479021,0,1
7785,282,86.21453394365824,Online,Travel,UK,12.0,0.012214868978918226,0.026445881031283328,0,1
4745,60,200.45340066401377,QR,Grocery,TR,7.0,0.1448039052939295,0.14483300316405068,0,1
9539,794,25.878230577550934,Online,Clothing,US,19.0,0.3172338462659717,0.09771785728827598,0,1
7197,687,202.6461611179606,ATM,Grocery,FR,7.0,0.09910785328282816,0.5955190776901369,0,1
7813,108,22.6611133393151,POS,Electronics,US,17.0,0.22819315493426023,0.029961393487506635,0,1
8823,929,342.7016332075739,Online,Clothing,UK,22.0,0.309509544469186,0.08407589347641495,0,1
6854,117,42.14283385736178,QR,Food,FR,10.0,0.18878565376986725,0.09486871907368614,0,1
1197,835,93.87335947371935,ATM,Travel,UK,17.0,0.11545195245165862,0.08403066970238603,0,1
3811,672,75.40400822397368,Online,Grocery,DE,4.0,0.05564533321316842,0.14317585728164428,0,1
8802,888,13.719170113469636,Online,Electronics,UK,17.0,0.06901176944574546,0.04335255665472917,0,1
7758,309,57.9819764694263,ATM,Travel,TR,8.0,0.1873036752708642,0.1701776731185452,0,1
4338,822,102.25530634394082,Online,Food,US,17.0,0.17416897389151453,0.10627586561870422,0,1
4786,70,119.12018503502608,Online,Electronics,FR,10.0,0.13266510145389365,0.6518316829108316,0,1
8854,282,10.419368217590481,ATM,Travel,NG,15.0,0.43717261588375433,0.06342913920600277,0,1
585,333,322.3701363440503,ATM,Clothing,TR,20.0,0.20737726203778784,0.17140418456624623,0,1
5000,201,32.664337381640536,QR,Travel,UK,18.0,0.11742407538580711,0.12407033655403445,0,1
3220,757,6.707151129696232,ATM,Travel,FR,17.0,0.0834513400487842,0.26792799885589896,0,1
7757,620,211.79140015470608,QR,Clothing,US,20.0,0.43901492465597547,0.20231367598189667,0,1
4188,731,105.75600525443635,Online,Electronics,DE,15.0,0.37584646990726495,0.26510502037452804,0,1
9434,263,336.90363352337494,Online,Grocery,FR,23.0,0.10238645051594793,0.04326158210906868,0,1
3601,967,55.577783987010676,Online,Electronics,UK,21.0,0.2502195789908386,0.07521551269731348,0,1
9394,862,274.391038965734,POS,Travel,US,21.0,0.18887441208406872,0.25195294322915207,0,1
1024,509,165.16549985192125,ATM,Grocery,DE,9.0,0.05765376762022495,0.06211997868198037,0,1
167,662,896.6305678953285,ATM,Clothing,UK,10.0,0.4978006480873618,0.25918388130546277,0,1
1687,699,328.97359661468283,QR,Grocery,US,16.0,0.06490044980543044,0.4582890922162942,0,1
9634,45,2.524872812045819,QR,Grocery,UK,4.0,0.062295871383846256,0.09333875216124493,0,1
5262,295,56.74768669145186,Online,Grocery,UK,14.0,0.01481645575692593,0.021027165186127614,0,1
447,858,13.208527714888165,POS,Travel,UK,23.0,0.07702210098061385,0.0370411465925847,0,1
8379,597,239.96490456313327,Online,Travel,US,10.0,0.09760684657667369,0.025222341159947426,1,1
5686,585,454.9592968196753,Online,Grocery,UK,19.0,0.425010597842161,0.48514436193181976,0,1
986,154,458.9525267296243,POS,Electronics,TR,14.0,0.12035290662690978,0.12884078583142175,0,1
1382,2,333.17048544288815,Online,Clothing,US,21.0,0.21023474882967963,0.5607168634419424,0,1
1128,39,18.56258289210224,ATM,Travel,US,19.0,0.019485644933206495,0.08748207275526577,0,1
3783,228,8.695971067014165,ATM,Travel,UK,20.0,0.0950039257374299,0.1438248125325285,0,1
6685,860,25.648753759623325,QR,Electronics,US,21.0,0.15528626658003988,0.1269215804514581,1,1
3323,252,14.414476501601026,POS,Grocery,TR,16.0,0.030440084989668784,0.008405966634759007,0,1
46,747,948.6844336662173,ATM,Grocery,FR,20.0,0.316092288484459,0.7195841354924107,0,1
349,875,175.2436336680051,ATM,Electronics,DE,8.0,0.34949228557083145,0.33456649050420784,0,1
2449,361,30.05649120027994,ATM,Grocery,NG,18.0,0.20029346805786305,0.16458419305092747,1,1
8358,528,624.6318218370681,POS,Travel,FR,4.0,0.4362363679121239,0.32801705130820935,0,1
4619,292,35.90065738360921,Online,Clothing,DE,8.0,0.048029508048696656,0.08500394305566063,0,1
665,205,223.01318726216394,QR,Electronics,TR,18.0,0.07155090022546888,0.28031101749949616,0,1
7485,108,228.03356687376532,POS,Electronics,DE,21.0,0.06931827327672437,0.07162429084942877,0,1
9043,508,815.4856153997944,POS,Food,DE,21.0,0.2563663366327387,0.2532971431844955,0,1
5115,515,16.832788274724876,Online,Electronics,FR,12.0,0.04492847237037741,0.049147715651649174,0,1
1119,6,302.9291589264252,POS,Food,TR,13.0,0.32190454158685905,0.43736978558771905,0,1
6904,144,264.504780580915,ATM,Travel,DE,15.0,0.2406866054988778,0.14567539922469655,0,1
6397,732,198.74913894329865,QR,Electronics,FR,20.0,0.32412590499865696,0.21634028446911702,0,1
6291,563,82.57356084213063,POS,Food,FR,16.0,0.15639131210283339,0.45431794948848353,0,1
8427,722,15.224286918949883,QR,Food,UK,3.0,0.0823029831845031,0.09411719447700277,0,1
7491,642,123.00613543772353,Online,Travel,US,20.0,0.1371977145539613,0.11164439940097864,0,1
8320,580,16.95848145440402,POS,Travel,TR,18.0,0.0920410012633638,0.23207230438164536,0,1
6810,617,30.510430325718225,ATM,Grocery,TR,14.0,0.20583778317669377,0.08224396833896416,0,1
4498,420,32.15868288658617,Online,Grocery,DE,18.0,0.18073477722674566,0.09956011940131734,0,1
7571,929,143.63152379304958,QR,Travel,TR,23.0,0.07424955960002148,0.06864268041513438,0,1
1887,525,509.92109390846105,QR,Food,UK,15.0,0.0201750869273662,0.03675504393196154,0,1
5163,509,286.6539211290378,POS,Food,DE,17.0,0.08375156266622906,0.10666558552783648,0,1
1649,275,150.4175013972612,Online,Travel,US,19.0,0.11678780918630847,0.37026112963052055,0,1
9559,491,70.3218182502136,POS,Clothing,TR,9.0,0.22064163394127081,0.08249842045213981,0,1
8511,169,242.54956264560604,POS,Food,NG,19.0,0.5817796520522903,0.2444880044330236,0,1
3802,293,36.86663085897564,POS,Clothing,TR,21.0,0.16938523067638467,0.11388318553218545,0,1
1943,312,674.4826368075899,ATM,Clothing,FR,20.0,0.1884448356628863,0.3818621784804515,0,1
6054,463,20.082036822697557,Online,Travel,FR,22.0,0.38823341568350495,0.22375673726268341,1,1
4798,191,802.9316289009556,POS,Food,DE,9.0,0.9646162527384025,0.3814084590984826,0,1
9214,642,417.76165215490005,POS,Electronics,UK,18.0,0.4629240686780862,0.020321858367156154,0,1
6991,473,152.6870207628296,Online,Travel,UK,15.0,0.15298803027858485,0.15679251722836052,0,1
5922,233,170.2856245644757,Online,Electronics,US,21.0,0.08045271339647855,0.34419924142420494,0,1
4955,753,123.71866961016002,QR,Clothing,US,9.0,0.4611563473378674,0.3185108877388006,0,1
9444,650,36.96820794727566,Online,Grocery,US,10.0,0.2687887538950093,0.06597616919496671,0,1
6222,240,32.635098238510885,POS,Travel,TR,20.0,0.2313854629589017,0.1699463985287093,0,1
2088,396,165.82643886058673,ATM,Electronics,US,10.0,0.3686843798944488,0.14961308161328069,0,1
1279,554,91.17403198075262,QR,Travel,DE,10.0,0.419292364211751,0.1390490255760055,0,1
2923,742,16.12922433938037,QR,Travel,TR,4.0,0.04380001260153679,0.18672140572743542,0,1
7729,63,110.11254732663708,Online,Food,DE,11.0,0.2894854675592711,0.3164541143781026,0,1
1712,548,25.032456065452312,Online,Electronics,FR,15.0,0.1606635832975228,0.10581631699709196,0,1
6312,92,74.26463969215689,Online,Electronics,DE,8.0,0.3314669279286961,0.14362076391425832,0,1
9308,946,128.1813589467344,Online,Food,DE,8.0,0.26743477143732947,0.7070775229906379,0,1
8579,697,58.519231051645775,POS,Grocery,US,16.0,0.3721986611558329,0.05894239981795439,0,1
9491,567,18.66787656257809,QR,Electronics,DE,20.0,0.38905959463445483,0.25229656940523565,0,1
4665,43,204.77720180493935,POS,Food,UK,7.0,0.15219742641003411,0.30879636665121224,0,1
9084,580,112.11908960192359,QR,Grocery,FR,16.0,0.10951924916573394,0.3935419574439821,0,1
545,188,550.0446954350904,ATM,Electronics,US,11.0,0.020465583300790374,0.1317273768726499,0,1
3739,720,30.76987263159081,Online,Travel,FR,17.0,0.07509589699850114,0.2987913672525814,0,1
4317,566,320.1510573289548,QR,Travel,DE,13.0,0.13848818510563082,0.0459106573882173,1,1
6884,973,116.5457566844917,ATM,Travel,DE,22.0,0.1448305881197953,0.1744725869067154,0,1
2730,904,419.74082904365275,QR,Travel,DE,18.0,0.058349964652512576,0.08828927527675415,0,1
4753,891,70.45869451294794,QR,Grocery,DE,20.0,0.2369380634051472,0.24139087659482852,0,1
988,567,199.76503016386513,QR,Electronics,UK,16.0,0.036157771837481714,0.48572202009724014,0,1
1118,113,457.9096137775452,POS,Travel,DE,4.0,0.043044740270622474,0.44583842640444876,0,1
8302,527,0.0,Online,Food,UK,17.0,0.38952210528138986,0.07954262505557498,0,1
8406,113,252.199070663365,QR,Food,US,15.0,0.0617839203426873,0.0898880651068885,0,1
3607,621,104.63017735107833,Online,Food,US,2.0,0.1312641994002592,0.6756195150662092,0,1
4661,774,198.65121868004027,ATM,Grocery,US,21.0,0.09973881938896237,0.15980651837896648,0,1
7303,208,477.55718256092445,QR,Electronics,DE,21.0,1.0,0.12168381441868656,0,1
9458,117,290.5789769539744,ATM,Electronics,UK,7.0,0.6163571668404894,0.04527485274835816,0,1
9097,387,45.77740692947978,QR,Travel,UK,20.0,0.1019969468863442,0.06544758245933545,0,1
7514,810,62.39027689442239,POS,Clothing,FR,11.0,0.27176234516560827,0.390864571510558,0,1
958,207,37.754885247670856,QR,Grocery,FR,16.0,0.40504383722721865,0.24036267943700587,0,1
1815,690,122.25402149826412,QR,Clothing,TR,4.0,0.16810005200732234,0.24763082629329503,0,1
9965,898,165.94171693935837,QR,Electronics,UK,21.0,0.043063793400658676,0.1392091285660031,0,1
9534,599,9.524831992933702,POS,Grocery,DE,15.0,0.0833944452844035,0.11072156218951026,0,1
28,387,157.88262815149776,Online,Travel,FR,19.0,0.12833696590704044,0.13910109293895753,0,1
3341,758,59.69871321397009,QR,Travel,DE,16.0,0.035125037235776174,0.18275369765155572,0,1
4060,681,46.80893425450376,QR,Travel,TR,12.0,0.12371957349193662,0.02881868727618842,0,1
3171,255,37.68915613656097,ATM,Grocery,TR,9.0,0.1201928575896925,0.03751881613708057,0,1
6377,307,1.7713888617031464,QR,Grocery,TR,15.0,0.03243735151197873,0.021251384420277866,0,1
328,34,0.0,Online,Electronics,FR,3.0,0.163241081173829,0.21243024822748402,0,1
4736,786,139.44217285010802,POS,Electronics,UK,7.0,0.11356996420260214,0.24810956475336696,0,1
6442,427,309.0725184821642,POS,Food,US,19.0,0.07459402773269583,0.049859981038175516,0,1
4996,873,34.12345211714426,Online,Grocery,FR,17.0,0.2105653161300204,0.0907074494888103,0,1
9042,452,126.43279621117642,QR,Grocery,FR,11.0,0.1274650239816803,0.163759552693596,0,1
3209,681,116.54918448831788,QR,Electronics,UK,15.0,0.11251956575978728,0.3657854247501211,0,1
6489,479,57.14105925777378,QR,Electronics,US,12.0,0.14491131331376497,0.14312071240368607,0,1
2656,554,129.51736078747726,QR,Electronics,UK,12.0,0.5504538714222698,0.4130756820154147,1,1
8476,581,60.16480936594822,POS,Clothing,FR,22.0,0.04318825003890748,0.013002781527361026,0,1
5615,451,3.8767750580803373,ATM,Food,DE,22.0,0.337933097701398,0.6957820246784873,1,1
8276,507,863.1898605116347,ATM,Food,TR,6.0,0.08248833321181231,0.380567340577956,0,1
4001,37,171.0200957069877,ATM,Grocery,US,16.0,0.14968546337737018,0.21454073991009048,0,1
5413,537,147.9954798552845,ATM,Electronics,US,14.0,0.5093329940030082,0.2019248244112662,0,1
5940,33,161.98677927581855,QR,Electronics,DE,12.0,0.5959049698274146,0.09468403206147617,0,1
4327,983,387.03435839959116,Online,Grocery,TR,13.0,0.3204505728245255,0.4024249291151908,0,1
3371,605,57.53899641235806,Online,Food,FR,23.0,0.1641297379693702,0.4759289728860247,0,1
5839,711,6.750712391789793,QR,Electronics,FR,8.0,0.2174187395070479,0.03354029279100088,0,1
3458,438,0.0,ATM,Grocery,UK,5.0,0.5031973916587107,0.3045496029181648,0,1
6146,946,0.0,POS,Grocery,US,12.0,0.16123430531337438,0.14371870804592812,0,1
1918,258,101.93082489816199,POS,Travel,FR,22.0,0.059343970669523634,0.2547574387152087,0,1
2392,535,75.89507536835606,Online,Travel,US,14.0,0.51877328663571,0.1820336129064045,0,1
4289,374,11.58526183467316,ATM,Travel,TR,7.0,0.3592370627469183,0.27254477538031086,0,1
6945,904,9.835835592163257,POS,Grocery,FR,11.0,0.3525778227232951,0.3730316252930244,0,1
5730,544,570.2780792720607,Online,Grocery,FR,13.0,0.13522327756381952,0.44099628595164275,0,1
7858,640,145.1340925801411,Online,Grocery,DE,21.0,0.2688356699542207,0.1778407837070108,0,1
3972,48,88.42183597822074,QR,Grocery,FR,23.0,0.11121444015176435,0.09424382980949864,0,1
7129,487,177.01168645214102,QR,Travel,FR,16.0,0.621576009438285,0.1101156902408388,0,1
6653,663,321.55868516723535,ATM,Food,DE,21.0,0.17647122635636558,0.23569293693725174,0,1
527,870,34.070557377671236,ATM,Food,US,18.0,0.32816315039134164,0.0390495691870014,0,1
533,976,157.05313925722245,POS,Food,TR,6.0,0.23063920371243254,0.029120757306653054,0,1
9897,613,490.57089782934867,ATM,Travel,UK,20.0,0.35249375395611854,0.2895448703102913,0,1
8045,584,516.0083638265999,QR,Travel,DE,18.0,0.5204310509914372,0.1340134584832967,0,1
9239,909,155.96488909154706,POS,Clothing,DE,17.0,0.43524854329713814,0.42932671818410667,0,1
3959,703,131.15568971614462,QR,Electronics,DE,23.0,0.21473291620867213,0.1732518162713549,0,1
7433,197,577.5149926344043,POS,Food,US,21.0,0.12427130451746113,0.2587537527816211,0,1
9183,520,230.4714738065212,POS,Clothing,US,22.0,0.07222654808593737,0.04132385392936863,0,1
6531,893,391.53360952920787,ATM,Clothing,FR,7.0,0.46762184594430883,0.1981817979369508,0,1
1987,148,309.64448085505086,QR,Electronics,UK,14.0,0.06229183758455521,0.035571281405935136,0,1
4637,869,96.59491963243998,POS,Food,US,16.0,0.07044232865759815,0.29401428962297815,0,1
8861,790,144.60049777739414,QR,Food,TR,13.0,0.03518014969042676,0.016643710254050165,0,1
7083,996,469.28945333528395,Online,Food,UK,3.0,0.5055117102537815,0.4167130486739684,0,1
6828,158,87.4400639439521,ATM,Electronics,FR,17.0,0.33196693115127357,0.1979778781743022,0,1
461,742,31.879154778057547,Online,Travel,UK,19.0,0.029865252419155938,0.10420347761573419,0,1
2831,216,189.33076086594914,POS,Clothing,TR,10.0,0.09273504230423375,0.12638023547501256,0,1
1890,329,0.0,ATM,Grocery,US,15.0,0.023437898095278603,0.12831830922389567,0,1
4560,353,80.55497100434532,ATM,Food,UK,16.0,0.29165082653276875,0.057951937568308035,0,1
4636,110,201.28852315566186,POS,Food,FR,9.0,0.10459157112558948,0.12279488573317501,0,1
8151,42,279.38659802282484,ATM,Grocery,FR,16.0,0.18601129153534343,0.26032237000066144,0,1
1726,614,278.50924834652136,Online,Grocery,FR,20.0,0.22265960011184163,0.27034526194290276,0,1
2124,686,24.594626081660618,ATM,Clothing,DE,21.0,0.10617095893204312,0.30037190905449446,0,1
4108,258,140.7303337877709,Online,Clothing,UK,20.0,0.05581088907634286,0.3081200414965215,0,1
9239,575,13.619247301635024,ATM,Travel,US,23.0,0.15568384673020116,0.3057054472737371,0,1
5577,962,133.37961126287925,ATM,Travel,UK,5.0,0.17855100824155545,0.2095357736378171,0,1
5438,991,202.9745543744474,ATM,Clothing,FR,17.0,0.2847209881336637,0.2982701372586481,0,1
1602,768,205.9710057440998,QR,Electronics,TR,22.0,0.2971100824071979,0.6129530128385662,0,1
7355,746,32.13008570911973,Online,Electronics,DE,14.0,0.3163596085145854,0.1640464640238498,0,1
7767,28,306.89844658675656,POS,Clothing,US,3.0,0.04544263589504287,0.031720020553030776,0,1
4786,752,81.45899842045787,QR,Travel,TR,21.0,0.31893372901059874,0.08050805854004953,0,1
2152,738,276.763956691658,POS,Clothing,US,14.0,0.08306085328525582,0.1299369266502895,0,1
7478,631,483.37090888020606,POS,Electronics,UK,10.0,0.035653915820286895,0.056737083604912586,0,1
4790,201,476.34666799399326,POS,Electronics,FR,22.0,0.1315232511520616,0.12800647890851158,0,1
4277,395,0.0,QR,Grocery,FR,15.0,0.009998923257015773,0.0172180594314418,0,1
2444,328,451.5366925165803,ATM,Travel,US,7.0,0.07123551452760862,0.06689230289773299,0,1
5,701,20.795869029596748,POS,Travel,US,9.0,0.08708651790713363,0.22731211704005475,0,1
3829,418,12.438200293550457,QR,Food,DE,17.0,0.06887851267658651,0.061604312622202506,0,1
258,458,134.51473691721952,POS,Electronics,DE,18.0,0.2110038611697385,0.5511717798351584,0,1
8864,420,443.25825835134447,ATM,Clothing,TR,17.0,0.06902678581614098,0.10914154176965096,0,1
7941,421,212.22567051180488,ATM,Electronics,TR,4.0,0.2315350475976609,0.17904531290398423,0,1
1044,241,60.20325650761207,QR,Electronics,TR,21.0,0.039066131128015345,0.19057851205623486,0,1
4542,37,192.41804098056002,Online,Electronics,TR,20.0,0.32144820288161746,0.11761587616216128,0,1
7019,163,75.29684301942724,Online,Food,TR,8.0,0.03154199765361947,0.027577465991328723,0,1
9083,760,473.071060436774,ATM,Travel,UK,11.0,0.2850262010750857,0.5676866451676023,0,1
8862,128,79.96277786790148,ATM,Electronics,FR,11.0,0.30074518231019787,0.09119587098466042,0,1
719,876,320.09364700583143,POS,Grocery,TR,18.0,0.11320658429391325,0.06370377430754631,0,1
7045,432,276.76041555666035,QR,Food,FR,19.0,0.19002867545330626,0.18894024917615695,0,1
4309,877,472.0857224472154,QR,Grocery,FR,15.0,0.09255450865344855,0.10072813077416586,0,1
54,546,151.27935853560814,Online,Food,FR,18.0,0.42911958744075945,0.2614465768543827,0,1
7836,516,473.6308021947996,QR,Grocery,TR,5.0,0.3931211636077783,0.20735670857568353,1,1
8703,814,12.467845156571451,Online,Electronics,UK,23.0,0.10814385766262245,0.13551589285047777,0,1
9549,19,466.5290123550641,POS,Travel,FR,13.0,0.1347048024941703,0.028655280280466218,0,1
8277,87,90.95206270244343,QR,Food,FR,17.0,0.2858978594755413,0.12032714503592841,0,1
834,24,38.90373957711324,ATM,Travel,US,12.0,0.027150600402460118,0.08209989351213236,0,1
4771,284,13.634048178222676,ATM,Food,UK,18.0,0.04798933451080298,0.18460186658384933,0,1
4673,170,160.10410864596238,QR,Electronics,US,8.0,0.30209302550694705,0.21667905574020066,0,1
9364,743,197.81405426883174,ATM,Clothing,FR,21.0,0.12823997697818568,0.09349046800314759,0,1
6892,904,165.8742903264633,POS,Grocery,TR,13.0,0.1962731609255791,0.6312411474571278,1,1
6519,540,177.02540358769483,Online,Clothing,US,9.0,0.038916015561220825,0.16599078034000556,0,1
7467,556,114.1458805703645,QR,Grocery,TR,15.0,0.07509445431029042,0.19938441430012296,0,1
5056,190,248.03007424266627,QR,Clothing,FR,16.0,0.06660268523741782,0.0960804570137445,0,1
431,59,399.56177947282833,ATM,Grocery,FR,15.0,0.17845768021372913,0.5848572958668334,0,1
7374,199,6.0532211888665,Online,Grocery,US,20.0,0.01671199847840953,0.14109940256434506,0,1
2086,608,239.10512634217721,ATM,Travel,FR,20.0,0.22942202585305516,0.16483925836572053,0,1
3978,344,509.93601668082823,Online,Clothing,DE,13.0,0.13823547950568213,0.4031817130712712,0,1
6974,876,0.0,ATM,Electronics,TR,16.0,0.027056288914964647,0.1594413804878022,1,1
8427,312,83.7068870763652,Online,Electronics,FR,17.0,0.048385724711888574,0.0837361439556605,0,1
7570,699,12.177051563054285,POS,Electronics,FR,10.0,0.09280495091837183,0.2916945537386109,0,1
8355,105,92.54411948944005,POS,Clothing,DE,20.0,0.018818498329450845,0.05449146163169891,0,1
1573,903,17.1203127353929,QR,Food,TR,11.0,0.10195182022173094,0.02898385438520683,0,1
6329,361,207.97366721745357,ATM,Grocery,TR,10.0,0.12066180658579763,0.07504999737201483,0,1
5388,123,44.158528071499205,QR,Grocery,UK,21.0,0.0989506219859737,0.05882393316992518,0,1
5089,779,152.89657329364653,POS,Travel,TR,16.0,0.1979701795423011,0.12364160684358341,0,1
8597,475,71.1087380626392,ATM,Electronics,FR,12.0,0.38149658051388186,0.32987900415130583,0,1
5853,962,79.18629886015829,QR,Travel,FR,19.0,0.19252422218866277,0.37747598014100603,0,1
1737,86,228.57902117431428,Online,Travel,US,17.0,0.3217557373734752,0.4562998280712891,1,1
1181,218,0.0,POS,Electronics,UK,23.0,0.1823446285904822,0.020530896748381537,0,1
8928,228,286.5867461190198,QR,Food,FR,9.0,0.24436141190247485,0.37931298050034934,0,1
6397,440,418.8090003561911,QR,Electronics,DE,19.0,0.26809816755470484,0.07584553292881899,0,1
6536,273,420.6608311385209,ATM,Travel,UK,23.0,0.38903793756459637,0.9255661691718449,0,1
4249,103,0.0,POS,Clothing,UK,9.0,0.018112944603378332,0.024571799071218335,0,1
732,48,482.3214386432094,QR,Electronics,FR,22.0,0.08917030630780595,0.2776894641367036,0,1
9251,855,166.2724039578482,Online,Grocery,DE,11.0,0.2903953274840362,0.4633122794750461,0,1
9784,355,69.59032971651385,QR,Travel,TR,17.0,0.2294320370038294,0.09141516387813645,0,1
7149,588,86.5702921471921,QR,Electronics,DE,8.0,0.38914882528447353,0.22028194731161602,0,1
9831,503,437.8404449283528,QR,Travel,UK,19.0,0.11832624188968874,0.0906286813518183,0,1
8976,389,17.70065441122471,QR,Clothing,DE,23.0,0.07079833743712713,0.029088804638021618,0,1
6779,774,94.58426895486437,Online,Grocery,TR,12.0,0.04176947699047885,0.1422974693617725,0,1
4725,744,55.691715598301755,Online,Grocery,US,20.0,0.09252416799139289,0.09322197567904573,0,1
2705,556,69.83772935273353,Online,Clothing,UK,19.0,0.2190569738356899,0.03052458874233361,0,1
1154,450,21.14658078884755,ATM,Electronics,TR,23.0,0.028484695858020954,0.11679998809908892,0,1
7572,529,121.49759204920912,QR,Travel,TR,14.0,0.2299847853301009,0.1978750894847382,0,1
6867,236,27.900769181852066,POS,Food,US,7.0,0.24779539991241217,0.49845905322636386,0,1
9625,82,64.89217479976443,QR,Electronics,UK,15.0,0.13999545215057296,0.03502842814500483,0,1
6715,146,40.978384801800814,ATM,Travel,FR,7.0,0.22309146692366427,0.1555062022494838,0,1
7232,774,72.31632830979267,ATM,Grocery,DE,13.0,0.09263415954723864,0.08839172556911398,0,1
5795,786,362.1934360439905,Online,Grocery,US,19.0,0.15769652445901292,0.1933851704154357,0,1
1568,907,4.27721900088142,POS,Electronics,TR,18.0,0.0751759345597249,0.01855306139961961,0,1
1426,370,271.51413755964273,Online,Food,TR,16.0,0.18974329885881816,0.2757663828348502,0,1
9008,988,255.56997256402764,POS,Food,TR,22.0,0.3071766106587809,0.09920566686103849,0,1
8861,807,558.7325079787798,QR,Clothing,US,18.0,0.10006114742444061,0.08998186414955067,0,1
4166,557,167.92329222164486,POS,Travel,UK,1.0,0.23059250557504907,0.12398698111239052,0,1
3017,904,213.37252358290212,ATM,Electronics,UK,20.0,0.1314104118143086,0.6031898209178745,0,1
3436,860,240.45649466084564,ATM,Travel,TR,21.0,0.0229135890007761,0.22578618941331322,0,1
151,22,9.253805000655412,Online,Clothing,TR,16.0,0.04286844221494142,0.03584969298970604,0,1
4615,488,24.301242453428504,POS,Food,FR,4.0,0.04265631185057919,0.06908074351782713,0,1
6493,74,0.0,QR,Travel,TR,23.0,0.05269920069849218,0.05788529051796917,0,1
3814,14,878.5881184940347,Online,Food,US,16.0,0.23019336752690941,0.3642048496627396,1,1
3507,56,5.984285451950998,POS,Grocery,US,8.0,0.15071097380401927,0.1033401932685485,0,1
7270,160,199.46956266653183,Online,Food,US,19.0,0.22954919117120448,0.14831438347110634,0,1
4400,536,125.02109886240339,Online,Electronics,DE,23.0,0.24695303748087677,0.018659103796289007,0,1
9995,965,30.03805233182931,Online,Electronics,TR,21.0,0.30658746984734303,0.10260478974972255,0,1
9429,174,67.68847767941166,Online,Electronics,FR,17.0,0.18390359406068477,0.06934043544031254,0,1
2503,758,262.18707444803255,Online,Travel,US,16.0,0.18028394119509222,0.026501834274792753,0,1
8155,213,382.28580165868146,ATM,Clothing,DE,9.0,0.13441163707905254,0.4151835618934515,0,1
7803,538,7.840073258715565,Online,Clothing,US,11.0,0.05484365560481479,0.253165555975512,0,1
9615,180,135.52242930569574,POS,Clothing,TR,20.0,0.10381304620581475,0.43390223273810946,0,1
9466,775,148.1129540704318,POS,Travel,DE,21.0,0.7255200687778361,0.26245931954736584,0,1
4388,557,79.80280037758548,Online,Food,UK,18.0,0.06460508743773723,0.04069061635962396,0,1
5264,628,8.849180147048537,Online,Travel,US,21.0,0.07712871050204269,0.11090761598039571,0,1
5142,427,90.95269399534473,Online,Clothing,DE,22.0,0.06869813322812496,0.19408967445382364,0,1
4709,498,34.379595873432,QR,Grocery,FR,7.0,0.2839222677744638,0.04692940108084308,0,1
8300,333,86.47598130376134,ATM,Travel,DE,22.0,0.07223176921560497,0.2628696919130538,0,1
4435,959,412.9087219356529,Online,Electronics,FR,22.0,0.39979813500181594,0.1777718716110108,0,1
7774,19,57.495021489515615,QR,Food,TR,19.0,0.35089781786517443,0.21187878311332342,0,1
4230,92,47.5665045182241,ATM,Clothing,UK,18.0,0.056176193468721235,0.07750078760209601,0,1
9812,529,164.18240684212583,Online,Electronics,FR,12.0,0.11374202439926788,0.24218856373820083,1,1
2477,825,0.0,Online,Food,FR,15.0,0.21284650498892124,0.11669753566379473,0,1
2270,281,641.6188431878344,ATM,Travel,DE,18.0,0.11220557339847358,0.5128129601993717,0,1
1142,165,51.78182797690022,ATM,Food,DE,8.0,0.839151111697728,0.37150976108746864,0,1
1379,179,12.32452978968368,Online,Electronics,DE,22.0,0.14949870049208117,0.06180678357780956,0,1
2819,566,39.20553573196391,Online,Electronics,DE,18.0,0.43793678398827257,0.03697061781449161,0,1
7255,420,188.3883893774816,POS,Food,FR,21.0,0.09301718534720854,0.835346558915177,0,1
7458,568,113.39918185275732,POS,Clothing,US,17.0,0.8138405121766831,0.4570104342573772,0,1
2343,258,274.9700375109143,ATM,Food,DE,21.0,0.864057705277704,0.7025976704990745,0,1
9583,129,49.36791799546774,ATM,Electronics,FR,13.0,0.07424044689701002,0.044467295857459385,0,1
8417,533,10.600702392226935,Online,Grocery,US,8.0,0.04930000833352993,0.10197860013948444,0,1
5933,943,39.530419273866556,Online,Food,US,9.0,0.049967312956470014,0.05669267485240041,0,1
6203,555,0.4688101103146556,POS,Food,US,17.0,0.3414542074452422,0.22022417468967845,0,1
4521,503,10.274264572805109,ATM,Clothing,DE,18.0,0.06291637298516727,0.0306317097991795,0,1
2960,230,28.31539860932966,ATM,Grocery,US,17.0,0.080348589001199,0.09829200934332262,0,1
8388,856,157.2517776960163,Online,Clothing,DE,10.0,0.3579134517418135,0.09124239843542696,1,1
8693,245,219.69140072585049,ATM,Travel,DE,6.0,0.1718499520666373,0.04468118802592708,0,1
8985,156,155.67271005577342,Online,Clothing,TR,15.0,0.44808664664068504,0.38889288374151665,0,1
5856,698,225.99619913440213,QR,Food,UK,10.0,0.18766233120120873,0.07486340648346648,0,1
2144,425,59.42011276270465,Online,Grocery,TR,16.0,0.08352026396965599,0.29635923560808386,1,1
2137,604,38.926420799140374,POS,Travel,TR,17.0,0.07278257645254033,0.29261949853159774,0,1
7389,707,330.70069609087153,POS,Grocery,FR,15.0,0.4428635076539586,0.23232818972943955,1,1
8020,602,55.31936531352323,QR,Travel,UK,13.0,0.03649424416950459,0.1757062401370384,0,1
3336,298,57.68854311306086,POS,Travel,DE,7.0,0.05942330772663833,0.3684459445381698,0,1
8012,690,225.26950984724778,QR,Electronics,FR,20.0,0.2616457048859612,0.41121184762175667,0,1
7169,428,9.742312647137272,ATM,Grocery,FR,20.0,0.6227532996753256,0.23726868800149106,1,1
9112,708,5.76257990261789,POS,Food,FR,17.0,0.08733510643149946,0.14569577922168298,0,1
2488,673,729.0614501286893,ATM,Travel,US,19.0,0.25994058506942674,0.3307613831619617,0,1
4651,864,0.0,QR,Grocery,DE,16.0,0.032506648767057694,0.15223544705492587,0,1
6500,197,18.340374191398425,POS,Clothing,DE,9.0,0.18806546163726678,0.45566616389866654,0,1
4043,282,38.87930462564172,ATM,Electronics,TR,9.0,0.07183418543593972,0.40028350503365506,0,1
820,383,622.9878688248724,ATM,Clothing,DE,10.0,0.1029741768325955,0.14671710032587507,0,1
5692,922,278.89929249482526,POS,Travel,UK,13.0,0.39100020589669765,0.16751747547648124,1,1
3097,262,114.14324271847565,ATM,Grocery,FR,20.0,0.0397387531913434,0.33324191870748077,0,1
2058,361,228.52280071152245,ATM,Clothing,FR,23.0,0.05314577776671816,0.20336528731799172,0,1
2164,632,6.078140792405289,Online,Grocery,FR,23.0,0.046775264376874966,0.12493068774643847,0,1
2723,64,269.62250386585634,Online,Electronics,TR,8.0,0.17567265640895463,0.24065404406642654,0,1
4231,537,195.50299854979593,POS,Electronics,TR,4.0,0.14253732806447816,0.1643099537296469,0,1
733,211,17.408446163291025,ATM,Grocery,DE,8.0,0.08769367412175447,0.13998988819748434,0,1
8717,788,254.21763692011737,QR,Electronics,FR,6.0,0.20494656192198235,0.06905174363949117,0,1
5443,854,0.0,POS,Grocery,UK,7.0,0.04888740429254528,0.06443669032168124,0,1
5019,182,296.62962010221224,QR,Travel,DE,8.0,0.18275494906849596,0.1592651945609357,0,1
5393,449,40.780977677874944,Online,Clothing,US,16.0,0.10382130840641202,0.11520388297244494,0,1
8523,163,430.0754155710946,POS,Travel,US,19.0,0.09925214941024561,0.2550850169437456,0,1
7572,629,595.3268405796962,Online,Clothing,US,18.0,0.266983569559401,0.6004655003016536,1,1
7143,208,0.0,ATM,Food,US,16.0,0.15478466087411008,0.18101814787419734,0,1
2413,183,25.46679876422287,Online,Clothing,DE,7.0,0.04234940335332211,0.2552717994826808,0,1
6597,812,3.7548631136724095,Online,Travel,US,21.0,0.08747179865711067,0.05437292108016603,0,1
1241,354,358.27297506247453,Online,Food,FR,8.0,0.11277329724811537,0.31892223182584556,0,1
6620,358,35.277951523886586,Online,Clothing,US,20.0,0.34244612410646846,0.2614651042138008,0,1
270,633,16.860866395511927,Online,Clothing,DE,9.0,0.019550395683692087,0.047658459532460305,0,1
472,655,344.02508602455794,POS,Travel,DE,21.0,0.2322708914252277,0.1904406065319602,0,1
4800,497,340.6393029825164,ATM,Travel,DE,11.0,0.7546404835079883,0.07303335347458353,0,1
2884,58,356.5492137821275,POS,Travel,FR,9.0,0.10894364068068231,0.046780209484346046,0,1
6154,796,22.70661764656528,Online,Food,DE,17.0,0.08682749079690553,0.11817460007222863,0,1
4726,551,149.9386818583362,QR,Food,US,7.0,0.7162321618620057,0.22592629249677243,0,1
381,121,848.1164160038869,POS,Grocery,UK,8.0,0.1307801406887535,0.11897137543967401,0,1
480,973,83.41114234992003,POS,Clothing,US,13.0,0.1230261135411196,0.060232764794035075,0,1
1491,599,120.24518462101045,ATM,Travel,FR,11.0,0.2236387301192219,0.2712606196435745,0,1
242,767,86.79243017098538,QR,Grocery,UK,5.0,0.20296546889175576,0.26967450310943014,0,1
8268,273,32.988452613348045,ATM,Food,UK,18.0,0.020285632154182325,0.2471720883016397,0,1
3891,356,42.24540473526856,POS,Food,TR,22.0,0.052393135694817655,0.039928362815804405,1,1
6320,444,303.8860129875432,ATM,Electronics,DE,20.0,0.13498451711764803,0.2155292149170434,0,1
7648,9,557.7809562342645,Online,Travel,DE,17.0,0.44606773118370713,0.08238204145205137,0,1
3181,947,96.21566098448366,QR,Travel,FR,17.0,0.16285709454250435,0.11180261551293752,0,1
7979,6,142.16996604289128,ATM,Travel,UK,19.0,0.21922615273952425,0.3242804275468632,0,1
8251,160,13.110471551105402,ATM,Clothing,DE,17.0,0.056479824230774855,0.019988229942180642,0,1
9829,352,366.7979264872645,Online,Electronics,US,13.0,0.09282674496579026,0.16082273219408016,0,1
2974,867,61.63600641336452,POS,Travel,FR,22.0,0.07453106398061216,0.01663004849268243,0,1
4998,676,201.4105485873323,QR,Grocery,TR,11.0,0.19699323731965268,0.1972326432113555,0,1
841,254,53.908314039548905,ATM,Travel,DE,17.0,0.05883855699912157,0.10477183126846694,0,1
3525,534,9.214048984092964,ATM,Electronics,DE,12.0,0.052669734942487494,0.044352112093087,0,1
452,304,53.01512356437638,Online,Food,UK,23.0,0.043658159564485675,0.08750761668730797,0,1
9736,584,123.81206965617521,QR,Travel,UK,21.0,0.345198179665974,0.2559240995794081,0,1
3914,751,742.307905694365,POS,Clothing,DE,17.0,1.0,0.3556807043044012,0,1
6613,85,169.17986303761833,Online,Clothing,US,22.0,0.1886485703981551,0.32395583746748774,0,1
7947,765,471.394929405453,Online,Grocery,US,19.0,0.03360093541696839,0.15834827974395527,0,1
5480,662,36.798316723251546,POS,Electronics,FR,21.0,0.14027310811318103,0.17742020354937332,0,1
530,597,785.6077064095768,ATM,Travel,FR,4.0,0.15521749663061504,0.13280636315685077,0,1
3698,966,490.30484456698036,Online,Food,UK,21.0,0.6924327269424884,0.2559666687101333,1,1
300,565,124.22655397193826,Online,Travel,DE,11.0,0.055518222234908904,0.23205471971650832,0,1
6429,310,115.9219217621822,QR,Clothing,DE,18.0,0.4507548816300718,0.2303424977509934,0,1
6406,829,655.3791497573407,Online,Electronics,US,8.0,0.6705659576123424,0.5623007812142626,0,1
6818,863,74.14894121079388,ATM,Electronics,UK,2.0,0.0409778570857751,0.006984133068643264,0,1
3705,129,649.0013259946977,POS,Clothing,DE,20.0,0.14274814208823183,0.47617980858977144,0,1
4954,790,92.69953856929642,Online,Clothing,US,17.0,0.03458574675247628,0.058175172179545084,0,1
7021,979,13.956062964183413,POS,Travel,UK,20.0,0.012786963912066482,0.15252368634539387,0,1
3857,570,329.231862322979,POS,Clothing,US,22.0,0.21949879335477074,0.19509951400451198,0,1
2919,666,65.99325524953014,POS,Travel,TR,11.0,0.2197309077527616,0.40054761459474447,0,1
3082,366,40.46887605016741,ATM,Grocery,DE,14.0,0.21391697491502745,0.059660950915094546,0,1
168,788,6.286818237373465,POS,Grocery,FR,18.0,0.04986163586369939,0.031953884187942844,0,1
8508,198,195.41986831590845,Online,Electronics,US,22.0,0.2814474207982054,0.1643000248271558,0,1
9069,129,8.263566855358675,POS,Clothing,UK,12.0,0.05947831966592572,0.022854486416271576,0,1
8638,618,44.351739259187966,POS,Food,DE,21.0,0.42630149623237823,0.0831610215101177,0,1
2682,627,14.942378218347793,QR,Travel,US,17.0,0.09716557636021111,0.07612191976709337,0,1
8822,115,10.885074127693072,ATM,Food,TR,11.0,0.14322711363982515,0.06895730632622546,0,1
373,296,265.907072891564,POS,Food,UK,7.0,0.17824783790964896,0.19269959936255976,0,1
9462,960,115.8483197183254,Online,Travel,FR,21.0,0.258760649997806,0.08052336769598777,0,1
4920,627,393.59474172345637,ATM,Grocery,TR,13.0,0.3429340273280893,0.2718979835962742,0,1
6872,982,87.4777781767682,QR,Clothing,UK,23.0,0.10998274850030154,0.08498652107705369,0,1
7589,391,81.70184399297304,QR,Food,US,23.0,0.34757580224429335,0.6887936937248584,0,1
5491,269,384.7414230794375,ATM,Clothing,FR,8.0,0.2471692587505972,0.500922147663836,0,1
9577,221,117.60212093457312,ATM,Clothing,FR,22.0,0.19693612949202563,0.05601074140411038,0,1
2907,323,114.17218537158179,Online,Electronics,TR,17.0,0.009329877662470521,0.08597544956919394,0,1
6510,649,77.47371029166973,QR,Grocery,TR,13.0,0.28974594770785367,0.47483255875943126,0,1
2011,810,31.90498929387503,Online,Electronics,US,23.0,0.19598435793783764,0.08683434259539424,0,1
7266,937,176.6848540527477,ATM,Food,DE,9.0,0.11716510945775356,0.17064274489053327,0,1
7324,205,22.906646898684134,QR,Electronics,FR,22.0,0.016034292503680034,0.029564439694373543,0,1
2403,302,422.3979882211753,QR,Grocery,UK,8.0,0.09630716402012955,0.48666077737811597,0,1
3632,363,49.0881215398398,QR,Food,TR,19.0,0.061329558544787555,0.05156652024970157,0,1
6977,145,154.75914066512243,ATM,Electronics,US,1.0,0.10897536335163649,0.09485425202088207,0,1
9333,186,108.32239643422662,QR,Clothing,US,14.0,0.1767037098424558,0.11659084312169062,0,1
5204,690,59.22089074817501,POS,Travel,UK,12.0,0.3184209868103725,0.16804443371040503,0,1
2361,350,15.36950428285491,QR,Electronics,DE,13.0,0.15688132518518927,0.07291727564554636,0,1
3326,460,352.4328038272836,POS,Food,US,11.0,0.10148181460934222,0.05583472704149538,0,1
9922,46,87.49979607969428,Online,Food,DE,2.0,0.21118478250490663,0.11178492072265801,0,1
2381,618,47.88377568490091,Online,Grocery,TR,19.0,0.12767367195935103,0.10147015067152244,0,1
9516,350,14.200967854156548,ATM,Grocery,US,23.0,0.11941500277086914,0.21367578191663553,0,1
6689,285,55.23379570880398,POS,Electronics,UK,10.0,0.22384315371038857,0.24407073460799988,0,1
3852,382,103.13296318769609,POS,Grocery,FR,17.0,0.10658373245865707,0.17357673908663057,0,1
355,560,384.69333826802455,QR,Electronics,UK,9.0,0.2482867918155647,0.17690631752821367,0,1
3455,652,151.98300587395423,Online,Grocery,FR,19.0,0.22874666877915473,0.3346819456209441,0,1
6000,920,9.47807160210499,POS,Electronics,US,21.0,0.10914623862850051,0.40969442855990806,0,1
1682,485,270.265567438693,Online,Travel,UK,20.0,0.08698171136374167,0.5795239032352049,0,1
5694,518,16.67467622560492,QR,Electronics,FR,7.0,0.06239692385015426,0.09984498367868017,0,1
3465,431,120.17882475872605,Online,Food,TR,6.0,0.13964352626808385,0.1877567075161357,0,1
8143,546,0.0,QR,Food,US,9.0,0.070395007032878,0.34461434472883157,0,1
92,378,98.32689098898516,Online,Clothing,DE,16.0,0.03608580273980963,0.11558227747244745,0,1
1727,967,1.1684098098805764,Online,Travel,UK,23.0,0.33793921607010685,0.040600327195483114,0,1
5380,874,132.81113605819968,Online,Travel,US,19.0,0.18003543054119134,0.14327645888210108,0,1
5542,504,41.03614259881503,QR,Electronics,TR,4.0,0.15258619547110935,0.14146312043593381,0,1
1766,475,8.176140851202433,ATM,Electronics,TR,19.0,0.011299746507936187,0.03282859799263804,0,1
6485,100,306.9329072305436,ATM,Travel,US,23.0,0.2000687918359273,0.06960352663893747,0,1
229,490,53.17146998701195,Online,Food,TR,20.0,0.27064465193890425,0.13229423939213508,0,1
900,420,29.725272790846205,ATM,Electronics,TR,23.0,0.12551004838752722,0.13816715531372922,0,1
9250,873,764.2856886867141,POS,Food,FR,20.0,0.10916653330202826,0.13880059599444147,0,1
4664,825,103.79222787543299,QR,Clothing,TR,9.0,0.061214753152516385,0.03461052344635923,0,1
6417,128,38.68793126516898,QR,Clothing,US,22.0,0.10301436209834194,0.3054031007986035,0,1
2025,662,142.12501610411363,ATM,Travel,US,5.0,0.2848858455129362,0.14133416520848788,0,1
8369,557,328.7974585840632,Online,Clothing,FR,22.0,0.4027417485960038,1.0,0,1
9315,420,74.02975452661481,QR,Electronics,FR,23.0,0.013417665895746004,0.05724761644763437,0,1
5306,567,106.18913378510433,Online,Food,FR,10.0,0.05423758830746141,0.2743102757267047,0,1
5115,337,216.5722057475956,Online,Grocery,FR,22.0,0.298908071249664,0.1301507961909911,0,1
6942,884,11.971169348531895,QR,Electronics,FR,19.0,0.1762242002860278,0.03083232410755063,0,1
8350,309,379.64957577048636,ATM,Travel,TR,16.0,0.11665980209221086,0.3244792847876782,0,1
8455,64,36.63454933970474,POS,Travel,TR,4.0,0.01425123387152583,0.01772035241724282,0,1
7786,739,49.55643565764183,Online,Food,FR,14.0,0.031315009279717906,0.09158320970923128,0,1
5504,729,182.1606664064914,QR,Grocery,FR,10.0,0.08912345527016001,0.2783093587646582,0,1
7441,441,142.04426695457536,Online,Clothing,US,8.0,0.06808018022797692,0.15268730753362483,0,1
6866,749,46.041480450438804,QR,Food,UK,10.0,0.2357847451060422,0.4096917556406974,1,1
9180,914,5.753681284899274,QR,Grocery,TR,23.0,0.013136534356742571,0.024425757033171368,0,1
1632,564,284.4452912122368,QR,Electronics,US,22.0,0.0418038892697154,0.0995717481424441,0,1
2442,500,17.542024907727125,QR,Grocery,US,1.0,0.1346683812258643,0.12678430207751806,0,1
8605,160,55.129618231722574,Online,Grocery,US,14.0,0.01815008229634401,0.13479179738899535,0,1
3879,122,1193.4623571476518,QR,Grocery,TR,16.0,0.8062469025178076,0.3998908188351169,0,1
6497,408,240.69339902014988,Online,Clothing,US,13.0,0.059689524985022266,0.5296248028091621,0,1
1548,517,240.5989742915255,POS,Clothing,DE,8.0,0.6412186557165444,0.16033500286703292,0,1
239,74,140.03943585624503,ATM,Travel,UK,6.0,0.13047495747871,0.41100429123763976,0,1
8744,976,73.49761020670918,QR,Clothing,UK,12.0,0.02708846580549803,0.1676083626188551,0,1
9362,232,175.45059364756105,QR,Travel,FR,20.0,0.16438895872935666,0.10468284902054924,0,1
1920,151,179.167536008659,ATM,Grocery,US,10.0,0.060915392945883176,0.029506242572875267,0,1
5089,591,41.79349736939429,QR,Electronics,TR,2.0,0.2823732008917626,0.4689847479347254,0,1
4266,375,25.21873480989904,ATM,Food,FR,17.0,0.0735974428477958,0.07934488399957051,0,1
528,243,10.340854924446894,ATM,Clothing,DE,23.0,0.056369614154868235,0.1838141708029199,0,1
8905,24,143.24046041467338,QR,Clothing,UK,19.0,0.3988857055486865,0.3614279072170449,0,1
5244,361,1038.6021278403941,POS,Grocery,UK,4.0,0.12633078011501414,0.11055074907934334,0,1
815,768,930.488764009486,ATM,Travel,UK,20.0,0.2256398895741627,0.12248684849215494,0,1
9662,915,10.743412546786715,Online,Travel,US,23.0,0.10483791526110352,0.05239159373442144,1,1
8989,401,181.12899941991486,Online,Travel,TR,10.0,0.030809802590971803,0.10957449155360427,0,1
609,935,98.69811116383244,QR,Travel,TR,14.0,0.2389157324826814,0.2409615963229169,0,1
6501,916,1122.581832685667,Online,Travel,DE,9.0,0.159376949784628,0.1325569242989247,0,1
4838,55,4.83705442319152,QR,Travel,FR,20.0,0.03540657657515666,0.026974767513733615,0,1
8563,354,145.70171050226264,QR,Grocery,FR,16.0,0.15787373872768906,0.0846281254317158,0,1
886,335,9.553382575693728,ATM,Travel,TR,20.0,0.15060058465573972,0.538532847516012,0,1
8080,880,44.538103019466575,ATM,Electronics,TR,13.0,0.12682657235929778,0.12277500764022778,0,1
6533,871,234.00123678961558,Online,Grocery,US,10.0,0.08247150804739824,0.04613046514089664,0,1
8538,166,411.06821624342086,POS,Electronics,FR,20.0,0.16197420028628065,0.053269904976118866,0,1
1110,281,9.346184322847577,POS,Food,UK,19.0,0.17396733605729764,0.7856525307159724,1,1
426,716,19.180788352063466,Online,Travel,TR,18.0,0.09787931788929065,0.03763361035094252,0,1
7435,157,0.0,POS,Grocery,DE,16.0,0.123333392717129,0.09609183713692006,0,1
3073,761,157.67783073638043,QR,Electronics,TR,12.0,0.027412974834252604,0.21650241995985522,0,1
7247,559,73.34887581429898,POS,Electronics,TR,20.0,0.05654012020005911,0.5351663276818851,0,1
251,793,60.465714367534076,ATM,Grocery,FR,9.0,0.11833464273256322,0.36639009707379105,0,1
7667,282,37.13605662670216,Online,Travel,UK,20.0,0.1855746954102239,0.43687083261942683,0,1
5568,282,353.48941962464386,Online,Electronics,DE,21.0,0.12693035494432958,0.1434600806182711,0,1
3146,799,216.3650671017465,POS,Food,UK,18.0,0.44872160046197085,0.6437267526557011,1,1
3484,312,120.95441886698814,Online,Clothing,UK,18.0,0.0632657961082067,0.07904734446793678,0,1
2415,395,153.56954985726543,Online,Clothing,TR,16.0,0.38156415948815486,0.10763907954353286,0,1
710,869,186.70586734445575,POS,Food,TR,1.0,0.20070633569769747,0.14089785776788388,0,1
8828,525,148.97109533349834,QR,Electronics,NG,8.0,0.7796253152724242,0.21573215451619293,0,1
2368,446,15.829090251480968,ATM,Grocery,UK,15.0,0.11815221777215215,0.009296863139802238,0,1
2876,12,390.314359062746,POS,Clothing,TR,13.0,0.21451809488248388,0.3611044513412051,0,1
1075,27,423.9340015742701,ATM,Grocery,DE,10.0,0.08624044767311205,0.230543898680078,0,1
415,11,404.2404325942951,ATM,Food,DE,3.0,0.5335812936839733,0.5626541901066103,0,1
7213,918,18.02722579462425,ATM,Travel,UK,20.0,0.21683316921065934,0.20060925465565224,0,1
8420,334,519.4029237387678,QR,Travel,TR,9.0,0.2064448061295343,0.1305957879659672,0,1
390,263,17.902463286369947,Online,Grocery,UK,19.0,0.06841164498816539,0.13374758021405783,0,1
9828,182,543.9953300060031,ATM,Travel,US,3.0,0.35388934319473886,0.06572210895999166,0,1
7040,87,0.0,QR,Food,FR,22.0,0.09242539120953804,0.10306386953672535,0,1
1888,781,46.83113568457505,ATM,Grocery,US,19.0,0.42043851014061123,0.34280348718774395,0,1
4538,71,7.820549693163098,QR,Travel,FR,23.0,0.08153090867837297,0.2971433836945262,0,1
427,272,0.49521020535633387,ATM,Food,FR,21.0,0.4533975634701814,0.41080382810445615,0,1
8138,425,101.61562348889743,Online,Clothing,DE,8.0,0.04305530883390979,0.14922560769815288,0,1
5560,462,8.189190792366754,ATM,Clothing,US,5.0,0.07864710438023315,0.06812191654854777,0,1
8006,593,73.38018135880417,Online,Grocery,UK,3.0,0.18843016955768885,0.5503820385980835,0,1
3123,396,171.35531835677497,ATM,Grocery,US,12.0,0.09352349126095034,0.21203298132436457,0,1
2578,818,995.5882301565458,POS,Travel,FR,16.0,0.31898786243822963,0.5828592903139651,0,1
8949,720,630.6730414153272,Online,Electronics,UK,22.0,0.21274395040304586,0.5003108673019694,1,1
1669,266,44.317203490631975,POS,Grocery,FR,9.0,0.061439173022203364,0.1756620366997546,0,1
3330,495,28.57695223242545,ATM,Food,TR,9.0,0.029018802453074935,0.11308286107146312,0,1
5325,334,327.59796656803945,ATM,Grocery,FR,5.0,0.20122288470663247,0.16551038183862818,0,1
1192,837,0.0,Online,Grocery,DE,10.0,0.1001311266021056,0.3441562871578758,0,1
8041,949,41.5553524266583,Online,Travel,TR,13.0,0.052511222915449254,0.07584639609966731,0,1
5539,373,65.75675028163789,QR,Clothing,US,11.0,0.20721054847155407,0.22767309919781134,0,1
7405,236,35.42188268273092,Online,Clothing,TR,21.0,0.08466894611860779,0.24250614745000507,0,1
1800,440,272.5987600524732,ATM,Grocery,US,23.0,0.13570025377092804,0.07075914758667826,0,1
7961,373,229.7344480103909,Online,Clothing,US,11.0,0.09788977505129888,0.02386127734336512,0,1
7545,757,450.0891330749759,Online,Grocery,TR,23.0,0.14560414776973477,0.290380458596115,0,1
2719,55,135.30747107998246,QR,Clothing,DE,16.0,0.2506950429321235,0.23134285243884697,0,1
6467,319,19.74341501597812,QR,Electronics,DE,10.0,0.3125754352142408,0.5098353369564825,0,1
464,811,285.04241814766044,POS,Travel,UK,10.0,0.2574483861480289,0.5494515502277231,0,1
8994,181,5.520027825384335,POS,Food,FR,21.0,0.1296373733771697,0.2150737118106299,1,1
9626,208,0.0,Online,Grocery,TR,15.0,0.06579705955331064,0.17175199506883,0,1
8461,109,105.96866598150645,Online,Electronics,UK,21.0,0.09914137145113205,0.14754451271186475,0,1
6144,264,83.76207415536591,ATM,Electronics,US,17.0,0.20018729923250544,0.08735145717525347,0,1
784,294,0.7546041972532196,ATM,Food,US,19.0,0.0700943779167545,0.09092095501173675,0,1
2515,797,408.4507789469757,ATM,Food,UK,13.0,0.2082607564998835,0.19521818267839391,0,1
5384,41,16.459244236666784,ATM,Food,US,17.0,0.0590886062546322,0.11401645855444054,0,1
3277,934,122.34937591655894,POS,Travel,TR,17.0,0.10233396764437512,0.15347969004207004,0,1
8536,791,24.826997908887602,Online,Grocery,FR,21.0,0.09328185568389302,0.28080378924226224,0,1
2164,646,169.26039514803225,Online,Grocery,FR,22.0,0.27486588773283804,0.09996952395883879,0,1
7521,408,723.8224325045749,POS,Clothing,TR,17.0,0.22948872895517608,0.3090297569282777,0,1
7251,984,262.761248971031,Online,Electronics,FR,16.0,0.6147893760623651,0.23177856181389242,0,1
2029,31,46.478189701030516,POS,Clothing,TR,18.0,0.15891095733059102,0.08628388566797579,0,1
5647,760,33.166779342221545,POS,Clothing,DE,16.0,0.10802630030763474,0.03061918922801552,0,1
5436,887,21.65735156917195,ATM,Grocery,TR,5.0,0.05357969909691537,0.3041978159440094,0,1
356,44,31.750759021472057,QR,Clothing,DE,7.0,0.13984811426515467,0.07777443933688384,0,1
5926,264,18.93743594756783,POS,Travel,FR,16.0,0.34829492880812485,0.15052938477551356,0,1
5339,482,185.7323835532248,QR,Travel,UK,15.0,0.044684901497362886,0.18564795972525674,0,1
1731,235,9.34655006467714,POS,Grocery,FR,22.0,0.043646521609358994,0.24075352993790472,0,1
8928,501,18.060629304451282,ATM,Grocery,US,21.0,0.13031334246380571,0.1227366726524915,0,1
4452,157,40.28671184269887,POS,Electronics,FR,19.0,0.0823019502815728,0.031785906485714374,0,1
9677,700,288.1272166081117,POS,Grocery,DE,9.0,0.21063129154663404,0.2098497881315387,0,1
4902,717,95.47807016933099,ATM,Grocery,DE,17.0,0.29328555848284216,0.15067171251399053,0,1
2595,969,31.16556335582149,ATM,Travel,FR,18.0,0.23415013604259063,0.03557021390467334,0,1
331,366,191.08709674653633,ATM,Food,DE,20.0,0.10665031718012677,0.12003526996021914,0,1
8393,208,36.89676433104479,QR,Clothing,DE,20.0,0.23515334858177517,0.22862683754073834,0,1
4807,972,820.704904211504,ATM,Clothing,DE,17.0,0.47408182858284253,0.4258299803922601,0,1
7159,514,439.4211077540469,QR,Electronics,UK,14.0,0.9606090057377127,0.5393465332405246,0,1
5517,658,5.366018922362635,POS,Grocery,US,19.0,0.08563656860175783,0.08084933588023901,0,1
1609,610,41.09957451667728,QR,Travel,UK,22.0,0.04277605088442764,0.14849289722317313,0,1
8763,628,12.797055331441232,QR,Travel,UK,20.0,0.04877618716633657,0.13394409231662674,0,1
8352,815,129.73063028990816,POS,Food,TR,14.0,0.025684606467919827,0.45812876683447157,1,1
673,556,1032.3373127271016,Online,Travel,UK,7.0,0.40497728343862766,0.5217376936934657,0,1
3060,208,56.93449995985276,POS,Clothing,TR,16.0,0.12486000549220136,0.2836369332015127,0,1
5710,97,241.2453786920014,ATM,Food,DE,11.0,0.21523196922404048,0.4843052278543262,0,1
45,302,261.8565918946103,Online,Grocery,FR,10.0,0.04217996153613189,0.11224362979345597,0,1
3892,811,0.0,Online,Clothing,US,13.0,0.20708965631993353,0.017374436092558634,0,1
1099,692,336.39362393252276,Online,Clothing,UK,20.0,0.05149801955545989,0.26229405930729915,0,1
2219,856,203.4244736495027,Online,Food,FR,16.0,0.18340749132741438,0.1369423980142768,0,1
6799,914,278.5051372566268,QR,Clothing,UK,8.0,0.17797154577810054,0.06607877614873815,0,1
2349,934,219.87337073955712,Online,Grocery,DE,9.0,0.14380101913354562,0.22110011267340762,0,1
5741,278,33.36249426490235,Online,Clothing,FR,13.0,0.06599925543755064,0.08229111414154221,0,1
6268,760,328.7646623452552,POS,Electronics,US,18.0,0.030705127268886703,0.059494517215270284,0,1
4499,551,99.32038160583093,QR,Electronics,FR,18.0,0.029348449494509442,0.17992212127277385,0,1
4657,111,232.3546920046467,ATM,Electronics,FR,17.0,0.3104361954760061,0.2520024164954228,0,1
430,845,12.379658987193425,POS,Food,DE,16.0,0.07576934464570974,0.1375782544868458,0,1
829,654,23.67846427793838,ATM,Electronics,TR,7.0,0.5743817027068854,0.10828680078567043,0,1
306,19,67.47768534886417,ATM,Food,TR,21.0,0.27994614825614317,0.20671206717977897,0,1
3751,469,9.076805352258754,POS,Clothing,TR,13.0,0.05315553867028786,0.02817121989786935,0,1
775,890,2.218679840551733,ATM,Clothing,TR,21.0,0.1330500301654759,0.24989088427159217,0,1
5312,310,0.0,QR,Clothing,FR,20.0,0.2398951985463343,0.17262103506597015,0,1
3405,440,111.80633030935992,POS,Food,UK,19.0,0.06779307667473772,0.09554374986286948,0,1
8850,98,213.23847555388363,QR,Food,FR,18.0,0.1539755272394239,0.09136281469251178,0,1
8634,148,13.417738152401443,Online,Travel,UK,18.0,0.22011321291121633,0.02225132358890625,0,1
4723,617,118.54855933996038,Online,Travel,TR,16.0,0.4672305273777295,0.21663765875999144,0,1
7959,887,15.361457912852748,QR,Electronics,TR,21.0,0.21124649397781733,0.15706405015025587,0,1
3712,503,854.8421811323885,Online,Electronics,UK,22.0,1.0,0.3861252150311772,1,1
9106,446,116.90039986666515,Online,Electronics,US,8.0,0.14616575478210136,0.19910882183317138,0,1
3685,802,165.8601660875015,QR,Travel,FR,23.0,0.23499173431211792,0.17404344901263774,0,1
3500,186,492.94760539332145,POS,Electronics,UK,21.0,0.14773637016432975,0.3156985752953427,0,1
9404,65,531.0876723171228,Online,Travel,TR,21.0,0.1637610646786123,0.26650895430609267,0,1
6683,524,524.8425307962663,QR,Electronics,UK,12.0,0.06394328336211658,0.05076616143980843,0,1
4265,412,6.27772783915658,ATM,Clothing,FR,9.0,0.384378011288753,0.09806380245276969,0,1
2661,644,119.74159696483223,POS,Food,UK,11.0,0.23957433379869109,0.0679034240944708,0,1
3193,466,28.44553024581048,POS,Clothing,FR,13.0,0.16598682948670543,0.04349454782317319,0,1
3301,673,198.0148673235174,ATM,Food,DE,20.0,0.10468706675133069,0.1603508762740778,0,1
3930,275,57.6669417908347,QR,Grocery,UK,17.0,0.09662286053056361,0.14929539868953365,0,1
1249,422,478.00674843799146,POS,Electronics,TR,7.0,0.3442126755302749,0.3711260425302001,0,1
998,274,142.34812555720316,ATM,Electronics,DE,13.0,0.1483818498285934,0.45398630792565164,0,1
2185,460,145.86277236291056,Online,Travel,UK,5.0,0.026501936005877635,0.05967731271052403,0,1
9421,969,147.40190376498978,POS,Grocery,TR,7.0,0.17895030957429275,0.078471706881795,0,1
1365,161,287.5609015138913,Online,Grocery,DE,16.0,0.11461776598234852,0.11228985782201359,0,1
7187,348,80.26514102310722,Online,Grocery,DE,8.0,0.14403462390115992,0.6516726293508119,0,1
2099,713,94.7425677010227,ATM,Clothing,TR,19.0,0.04074459968669957,0.13668532846425707,0,1
7485,101,113.31469489401752,POS,Grocery,TR,11.0,0.15987779828688442,0.27001856893151155,0,1
781,356,10.566081611942115,QR,Travel,FR,20.0,0.06408527175770579,0.04277482700060829,1,1
1058,513,192.27766673924245,ATM,Food,TR,8.0,0.2296957827074582,0.40532946432155,1,1
2200,192,109.2583420766828,POS,Clothing,US,16.0,0.03124844566137436,0.14713378189590065,0,1
700,874,198.67229770389216,POS,Grocery,FR,2.0,0.09493298337602006,0.07591885403597107,0,1
6001,93,61.89416745013367,QR,Electronics,DE,14.0,0.26670586213426506,0.0278857959988532,0,1
6765,772,1167.6690392156781,POS,Grocery,US,11.0,0.16382248255245513,0.04760936426023554,0,1
3806,611,192.04573124552428,ATM,Clothing,UK,4.0,0.07347262243597491,0.24724713280795863,0,1
8530,222,50.296184514500666,Online,Grocery,DE,20.0,0.17522517255464015,0.21954870984007036,0,1
9518,245,6.727661446848565,POS,Electronics,FR,8.0,0.12332380155827652,0.09459000726129412,0,1
946,910,572.7948710906354,ATM,Grocery,DE,14.0,0.09755669114620191,0.3160594752980966,0,1
895,677,439.0452245795492,QR,Clothing,US,12.0,0.3411117677982393,0.41145749120333497,0,1
9630,751,42.164945677617006,Online,Electronics,TR,21.0,0.021503120478237443,0.07729369878494866,0,1
2543,165,415.52120523209015,Online,Food,UK,0.0,0.15866877997922668,0.23796423408032058,0,1
4934,71,707.3527414306352,ATM,Travel,US,20.0,0.0671024477908886,0.07298539030064766,0,1
8292,412,295.2407885593477,QR,Clothing,TR,12.0,0.26213769826102884,0.5979855764762619,1,1
7561,367,10.928677297039657,Online,Clothing,FR,22.0,0.03796789797882491,0.26059568158758994,0,1
1049,957,230.97124409874846,Online,Grocery,DE,20.0,0.09917103945968857,0.4109445522362052,0,1
1896,442,80.21395106998708,ATM,Travel,DE,19.0,0.2598732634807669,0.3034288362531751,0,1
7819,253,62.06038530334049,POS,Travel,UK,21.0,0.08872198156860031,0.06155570650193139,0,1
8680,458,676.7526211277625,QR,Clothing,DE,12.0,0.21874426089077176,0.3961591964641034,0,1
433,134,9.137917683740188,POS,Electronics,DE,6.0,0.09998987584120154,0.05778945224201242,0,1
718,41,53.795155640409874,POS,Electronics,TR,14.0,0.28954945472792487,0.29242302539274756,0,1
1184,426,238.8464694009251,Online,Travel,US,19.0,0.06632222649338929,0.5512745499209847,0,1
6374,941,201.88547670504937,POS,Grocery,TR,12.0,0.2201255682180043,0.20549815385791118,0,1
1193,298,283.88329817830953,POS,Travel,FR,3.0,0.149601363297056,0.12092141641453984,0,1
456,802,188.67460458656663,ATM,Electronics,UK,4.0,0.3415109869242605,0.40564326264854794,0,1
5676,162,53.64841436130879,POS,Travel,TR,20.0,0.2636602816988487,0.061258635928444286,0,1
2776,322,84.63740376985913,QR,Travel,FR,9.0,0.17957920207409192,0.07224333150487607,0,1
8173,765,119.81097319070825,ATM,Travel,FR,13.0,0.2253563579954227,0.23561385809299862,1,1
4071,527,329.73315731876306,POS,Electronics,FR,22.0,0.16853885875356472,0.27203144331374535,0,1
3654,138,34.12858994121095,POS,Clothing,US,20.0,0.14797294916712805,0.04206088444681171,0,1
3910,844,45.20415013903798,POS,Travel,US,13.0,0.07957254373884036,0.11154288057823047,0,1
96,301,334.4875529336932,POS,Grocery,US,14.0,0.1886443746876642,0.21553749190961577,0,1
2118,137,122.38065537455778,ATM,Food,TR,18.0,0.05674438584833945,0.10847475635288015,0,1
8280,678,231.9696741532124,Online,Travel,FR,20.0,0.4329977409741984,0.11890407695042415,0,1
6723,679,105.58907617590536,ATM,Grocery,FR,22.0,0.316989322012484,0.1214439794729359,0,1
7736,481,106.96270443994021,QR,Electronics,TR,6.0,0.3240154447793831,0.1723005589831512,0,1
4388,399,280.8788544223104,QR,Grocery,UK,3.0,0.1882276465820429,0.3812427392722055,0,1
8701,454,60.39931220382444,Online,Travel,DE,18.0,0.25434466721674975,0.3127850070392184,0,1
4080,48,182.86285768814827,ATM,Clothing,DE,11.0,0.2656834167702955,0.10020097082026728,0,1
4055,883,409.21968575248366,POS,Grocery,US,20.0,0.23021317410861528,0.2422620297962784,0,1
8482,287,80.26586229310458,ATM,Grocery,DE,20.0,0.05528829579167052,0.26605326238297455,1,1
6526,223,457.63466180476536,Online,Electronics,UK,14.0,0.1758520206697632,0.41410971896355914,0,1
9333,47,667.4778535756353,ATM,Electronics,FR,19.0,0.1362095220823053,0.07172018169477187,0,1
5450,951,647.451280969657,QR,Food,US,17.0,0.3881468010683448,0.20903202450685543,0,1
889,270,46.36982702215362,Online,Travel,TR,20.0,0.007155559690589341,0.06051829161722371,0,1
7327,294,8.668304841070777,QR,Electronics,FR,14.0,0.15321408680724052,0.23956942278690807,0,1
1617,31,45.57024015194982,Online,Clothing,TR,21.0,0.08228555013951272,0.07745133371273626,0,1
4137,481,268.0286551173598,POS,Clothing,UK,20.0,0.3608273610961577,0.2349107640051693,0,1
5854,753,178.97859446713767,Online,Clothing,US,4.0,0.3407225728890886,0.254523708524685,0,1
208,845,2.9460934359558806,ATM,Electronics,DE,17.0,0.05901518180319114,0.05582422068948917,0,1
3604,703,26.354831711473405,POS,Grocery,FR,22.0,0.0637709974226863,0.1953931299125982,0,1
8484,409,68.14001669376935,POS,Clothing,UK,3.0,0.052433787807072946,0.042047615176082985,0,1
3047,677,60.68381814465902,QR,Electronics,US,5.0,0.13847902005598114,0.14551841074179822,1,1
3350,243,18.065261485744315,Online,Electronics,US,20.0,0.16853022051128513,0.03322998567728687,0,1
651,221,39.32749264459218,QR,Electronics,DE,14.0,0.12976438487953254,0.04587012917498491,0,1
2403,14,23.46184907100802,POS,Clothing,DE,22.0,0.24998198500331378,0.2342699890864154,1,1
7243,26,185.376717732209,POS,Food,US,15.0,0.13755138311721474,0.2204772812156922,0,1
5358,610,70.49454645221144,POS,Electronics,US,17.0,0.07470430571824294,0.196334737502205,0,1
9683,113,412.8871293639015,QR,Travel,UK,21.0,0.253808521503363,0.4694802359339061,0,1
3987,871,42.728014037947844,POS,Electronics,FR,22.0,0.027615178848759782,0.06891363735917257,0,1
3911,275,17.916206491880992,QR,Food,TR,23.0,0.06070475244174988,0.05842315901449033,0,1
9597,430,164.75798336184272,ATM,Electronics,DE,15.0,0.4723338180638816,0.14730886348550726,0,1
6020,103,46.77242364651345,POS,Clothing,US,21.0,0.1026387241272735,0.1878576907576118,0,1
6382,378,26.969935238359586,ATM,Electronics,US,12.0,0.10986989734379127,0.028685233072622524,0,1
1154,315,280.47419512812314,QR,Electronics,US,20.0,0.17411857827527197,0.2516290420077975,0,1
9447,248,18.478339029063424,QR,Travel,FR,22.0,0.06486808682647881,0.05274442265228596,0,1
9849,281,9.90766404533404,Online,Electronics,FR,22.0,0.028508537790221347,0.10537389814521089,0,1
6964,491,280.1615160196452,POS,Food,TR,17.0,0.15930331578487203,0.19765928530442287,0,1
8323,852,29.536868331223463,Online,Travel,FR,19.0,0.15085916628926635,0.47233652743900045,0,1
1571,484,137.31770506002886,POS,Food,TR,22.0,0.38005780439805087,0.1413880398367983,0,1
4618,277,242.42823365287012,POS,Food,US,15.0,0.388917469612478,0.2206819464700867,0,1
9436,371,237.83222757354483,Online,Travel,TR,20.0,0.15446097945597675,0.09939813133385642,0,1
8155,181,371.65521150818165,QR,Electronics,DE,16.0,0.08105805953434578,0.032899430060439244,0,1
3815,205,226.93713488708175,QR,Clothing,DE,6.0,0.08302758231590308,0.2459397453033082,0,1
6659,330,25.54373224053858,POS,Electronics,DE,6.0,0.3585413029887392,0.21616523082992908,0,1
8872,626,57.29493598556135,POS,Travel,TR,22.0,0.026258456679153944,0.35841598600700686,0,1
2219,532,435.0436866012309,Online,Food,DE,5.0,0.07450826407922825,0.09372398119180304,0,1
3441,262,267.2989646805979,QR,Grocery,US,20.0,0.3019480058053852,0.16413082945678334,0,1
7670,84,86.96612622513648,POS,Food,US,23.0,0.15636066408198246,0.7540293640731541,0,1
3466,54,703.1659507485488,ATM,Food,DE,21.0,0.4220432519045597,0.9973603926994461,0,1
8505,835,9.167264125036832,Online,Grocery,US,21.0,0.16997850859669336,0.03793889129691861,0,1
9852,110,384.8707080273098,ATM,Travel,DE,23.0,0.3441667259241352,0.20018337755835822,0,1
4393,855,59.98360113791584,QR,Electronics,UK,17.0,0.07310200958489221,0.06555704219520748,0,1
9139,684,29.529470621784796,Online,Grocery,FR,19.0,0.04703771146763587,0.158829731888533,0,1
5916,649,368.0046034403816,ATM,Food,NG,22.0,0.3787146128445069,0.1991570357238423,0,1
8356,71,85.98712556236535,ATM,Electronics,UK,23.0,0.13492757115744775,0.24624898225732678,0,1
9811,806,614.1597564403775,Online,Grocery,DE,5.0,0.41562835826560574,0.02637535446587489,0,1
7593,108,287.7500287037027,QR,Food,FR,12.0,0.09766323563239152,0.09791005435135262,0,1
8548,922,20.493914566417363,QR,Clothing,US,22.0,0.19474869859548205,0.05466375042405982,0,1
9509,372,53.7097217810914,QR,Travel,UK,6.0,0.02285493484227462,0.17579321983316104,0,1
4329,699,472.5702493803683,POS,Clothing,DE,22.0,0.27479993600913827,0.2227190495664752,0,1
8910,270,331.28198826873466,QR,Grocery,FR,21.0,0.3068924905580817,0.28479366579902937,0,1
1709,479,168.7887710313671,ATM,Travel,UK,12.0,0.24419062397837282,0.2058797273272361,0,1
2886,886,208.69082558435005,POS,Clothing,TR,23.0,0.05009755664512221,0.03394978072324394,0,1
8101,620,51.211962729332626,QR,Travel,US,10.0,0.08375064805287137,0.273340648556947,0,1
1998,355,429.07932030087187,ATM,Travel,US,11.0,0.3489367137474122,0.49127379997414666,1,1
6044,231,262.5307013600369,ATM,Clothing,FR,21.0,0.32309754112544553,0.2958611817465239,0,1
7322,103,3.5175110227221884,Online,Electronics,US,9.0,0.1122046204683787,0.19913517788997637,0,1
4746,234,133.30209869772776,QR,Clothing,FR,20.0,0.4338371510914899,0.11411512020922392,0,1
6084,408,79.93870380411774,ATM,Clothing,TR,19.0,0.11953541161090449,0.23164364704544654,0,1
7700,711,0.0,ATM,Grocery,FR,10.0,0.009129961521888707,0.025418059323007995,0,1
9204,426,5.862888095028808,POS,Clothing,FR,18.0,0.09168013513969131,0.038599192159926854,0,1
545,308,289.0584586582898,POS,Grocery,UK,21.0,0.7181341701234149,0.3751939609413274,1,1
6994,155,345.9863609895358,Online,Electronics,TR,14.0,0.13077259837995195,0.017957109090082395,0,1
9009,619,26.32472624540715,Online,Food,UK,5.0,0.06574263411785684,0.09404564499078806,0,1
4211,784,155.24318748981534,ATM,Grocery,DE,19.0,0.2875648432679971,0.1541844499561231,0,1
3810,875,18.46097029965673,POS,Grocery,UK,21.0,0.06558492127785417,0.12941968160700354,0,1
5875,386,16.135736158964406,ATM,Travel,FR,17.0,0.05470254075502572,0.1794607709201634,0,1
3902,234,140.14495767083287,Online,Food,DE,20.0,0.4693208175611715,0.27297674385758663,0,1
3256,193,282.6154704209244,Online,Grocery,DE,14.0,0.08709070556670374,0.4182922877611412,0,1
2023,794,205.9191577578696,Online,Clothing,DE,11.0,0.208241745137551,0.1778821417296664,0,1
3934,823,129.54648593445447,Online,Food,TR,12.0,0.3496612885692854,0.7924528024686149,0,1
4560,53,482.6421555455218,ATM,Food,DE,16.0,0.05518922268628837,0.059631751472941655,0,1
5863,161,47.65551650882647,Online,Food,FR,23.0,0.14776965202129155,0.1986949755811262,0,1
6525,567,41.4566478887007,QR,Clothing,DE,4.0,0.33803786312220535,0.36002598423624016,0,1
5714,479,790.9422601714698,ATM,Grocery,UK,14.0,0.42009712737636745,0.5422647557293122,1,1
6181,437,10.14560769814642,ATM,Travel,FR,17.0,0.03804134211024818,0.07645032332773215,0,1
9400,657,155.68747126755017,ATM,Grocery,DE,18.0,0.15520960710497791,0.3606762666972911,0,1
7553,666,0.0,Online,Grocery,UK,23.0,0.015224707967227259,0.03827616055069323,0,1
7132,296,42.99641961681607,ATM,Travel,US,13.0,0.0788975615285863,0.09203075212977273,0,1
8593,113,152.2529520378149,ATM,Clothing,US,3.0,0.20513193641845257,0.0769798554650668,0,1
1919,721,23.212075913163577,POS,Grocery,FR,10.0,0.11157015334900414,0.1488264102828876,0,1
8642,523,232.1043094030349,POS,Electronics,FR,9.0,0.07748252829923569,0.27601041153623795,0,1
5950,929,37.44020149381653,QR,Grocery,DE,6.0,0.1390236071894532,0.026587843306505196,0,1
3157,400,2.9921320916031657,QR,Grocery,TR,8.0,0.04758733098376064,0.32072925055915774,0,1
8704,4,115.78627246971625,POS,Clothing,TR,11.0,0.1841195164826259,0.22389804715124353,0,1
4990,288,260.38836541326884,POS,Travel,DE,14.0,0.6179831541904359,0.2737184710561428,0,1
4003,228,29.203011614025648,ATM,Travel,TR,21.0,0.07566330815187364,0.03552200594068382,0,1
7450,656,23.174262995213965,QR,Food,FR,22.0,0.05878199808646337,0.07482473103051208,0,1
8011,788,188.05100767849981,Online,Clothing,TR,14.0,0.23060005276206674,0.16014666711154635,0,1
7114,308,1.5567504560011878,Online,Clothing,DE,11.0,0.013874669996514342,0.14774891889168787,0,1
4754,377,134.06415709602933,ATM,Food,UK,10.0,0.11816479327875724,0.2970233803108016,0,1
8179,799,56.14913651176787,Online,Food,FR,11.0,0.015448084633838595,0.06981958673752292,0,1
8523,782,86.20143706297792,ATM,Food,US,18.0,0.2948001497885495,0.22544027028071895,0,1
8534,865,182.87767010247822,Online,Travel,UK,14.0,0.18216972334817153,0.5270736057767571,0,1
1552,256,267.73419860909564,POS,Electronics,TR,11.0,0.18624313547571728,0.33707500900687226,0,1
6387,200,130.93201419753643,Online,Clothing,TR,13.0,0.012223957211148002,0.0620693614338848,0,1
7467,603,90.58815281504717,Online,Clothing,FR,16.0,0.036414456457153195,0.0722676697591345,0,1
5412,70,6.818273352749435,POS,Clothing,UK,6.0,0.02186522827734145,0.23875794836386788,0,1
5249,617,147.81561883652535,ATM,Food,FR,20.0,0.3615594313760131,0.08841954817870064,0,1
9376,513,3.054076725517157,QR,Food,FR,21.0,0.14308093070414188,0.06148010365432477,0,1
1253,6,484.42295447378274,ATM,Travel,US,19.0,0.025876378930919267,0.046570673548174873,0,1
2036,355,88.38929545412208,Online,Travel,US,23.0,0.12153900207086173,0.3171187008326276,0,1
4440,962,38.485620321844664,Online,Clothing,FR,20.0,0.08520822671450241,0.02782465500312945,0,1
9677,158,13.568379202281376,QR,Travel,DE,14.0,0.5595539129568998,0.17580848200732238,0,1
9270,33,24.929051565739638,Online,Grocery,DE,21.0,0.28435285311372954,0.056742754740787806,0,1
7737,515,3.8815806051697574,Online,Food,UK,22.0,0.07525165670004,0.08057534614048889,0,1
3211,928,590.8030435361926,ATM,Food,TR,13.0,0.12459221426487706,0.04427532945749272,0,1
5246,124,282.1077978480149,ATM,Travel,US,21.0,0.22089857054100587,0.09993429476385186,0,1
497,257,31.03845694138434,Online,Grocery,DE,16.0,0.05814928431561826,0.027775172517854455,0,1
6276,854,337.98065292763624,POS,Grocery,FR,15.0,0.21700916574384646,0.20930582419670918,0,1
6204,329,79.63179266508106,QR,Clothing,FR,6.0,0.20437873361498962,0.5068791831249945,0,1
1574,959,166.03158432161922,QR,Food,US,18.0,0.26755059928441455,0.029329745175173876,0,1
4283,725,151.44700493846912,POS,Food,DE,17.0,0.229926327730179,0.06726990905631527,0,1
3653,686,435.9799730565332,POS,Clothing,US,1.0,0.06604697494638129,0.3887658742612083,0,1
1952,807,11.888617260720881,QR,Grocery,UK,18.0,0.03537315062966389,0.03363969917603717,0,1
1375,67,28.445192002412345,POS,Electronics,UK,12.0,0.10514003435242279,0.04021928508565016,0,1
7645,605,106.34616120927035,QR,Grocery,FR,17.0,0.6793214085582435,0.7244841354427082,0,1
2349,61,76.87866419271498,Online,Grocery,DE,9.0,0.08095706145860872,0.5043096173856869,1,1
9856,229,28.07005365227378,Online,Clothing,US,12.0,0.06703200896660531,0.07416155423803714,0,1
8182,214,124.63620635239793,Online,Electronics,FR,8.0,0.040277261197285114,0.1313842151827321,0,1
7803,83,275.1313071479665,ATM,Grocery,FR,22.0,0.05294104441191201,0.2105267023035728,0,1
4706,976,133.66457804626933,POS,Grocery,TR,10.0,0.06311072871032838,0.07253168312977777,0,1
7905,741,256.2049123453959,Online,Travel,DE,17.0,0.27541262678642286,0.09342421325783141,0,1
1091,293,106.45883129485463,Online,Grocery,DE,18.0,0.24515778567138474,0.08539791772465485,0,1
5840,887,779.050326158657,Online,Food,FR,21.0,0.17068608813010633,0.3292133414263715,0,1
5754,749,248.77638165844334,POS,Clothing,DE,21.0,0.5988845959403777,0.21989388974273494,1,1
5565,214,484.0482121551544,POS,Clothing,TR,18.0,0.03723333280184085,0.34335377526431154,0,1
6457,367,0.0,Online,Clothing,TR,19.0,0.0748240819102389,0.06422247040578868,0,1
5264,15,0.0,ATM,Grocery,TR,20.0,0.18959429265231875,0.09626263285703845,0,1
8020,588,0.0,POS,Grocery,TR,13.0,0.14490905129259737,0.11144069835982424,0,1
5474,110,1.6066930682707838,ATM,Grocery,US,18.0,0.10308895314681657,0.05091133245262965,0,1
9338,67,71.58177977093794,POS,Food,DE,13.0,0.09776857877027226,0.045624953014675965,0,1
1977,734,184.2862584101996,POS,Electronics,UK,15.0,0.31397244797132046,0.29075530256757565,0,1
5292,850,86.27708538446137,ATM,Grocery,US,17.0,0.35794955995627986,0.256203925306028,0,1
2333,984,7.044281595970792,QR,Grocery,FR,5.0,0.09422636170537589,0.3389232357205348,0,1
758,850,406.8074047972,Online,Electronics,DE,8.0,0.15996712363809895,0.35421586650438064,0,1
4735,659,393.9939657277787,QR,Travel,FR,22.0,0.1080279261516493,0.19340429647616347,0,1
2663,326,68.03610825998864,ATM,Food,TR,6.0,0.14515537733978598,0.06533452370343575,0,1
6718,572,296.26800232104955,QR,Electronics,UK,8.0,0.10022981438636104,0.04455536014360781,0,1
651,376,49.79478545038824,POS,Grocery,FR,1.0,0.06644164756270203,0.06471871436846982,0,1
6338,431,68.37018479800463,POS,Travel,TR,18.0,0.02446602539398491,0.09471049597698895,0,1
3420,261,72.21219625550512,ATM,Electronics,DE,21.0,0.2267309750431042,0.21325226486421434,0,1
7258,919,327.6722236706562,ATM,Travel,DE,16.0,0.021059455815090153,0.058728680532864896,0,1
5068,576,56.939734022853685,ATM,Clothing,FR,19.0,0.28065982883156415,0.13542154235030457,0,1
679,581,210.29649622569565,ATM,Grocery,TR,18.0,0.08065900273640701,0.4918600524396309,0,1
5015,692,77.973872371054,Online,Electronics,TR,21.0,0.020089356310001576,0.29275193359185864,0,1
467,649,57.520022773438775,POS,Clothing,US,10.0,0.30004873326375664,0.4995556370561311,0,1
8025,891,3.0311990543154006,QR,Electronics,DE,3.0,0.11039868331247238,0.22429606125718057,0,1
7402,291,383.4855451302563,QR,Clothing,DE,1.0,0.5063476283635275,0.45352464535894343,0,1
7117,857,11.310060830586192,POS,Food,FR,21.0,0.10500504695744664,0.053980806276631196,0,1
8908,567,7.698229959095226,QR,Grocery,UK,10.0,0.03637837824053636,0.11344596201612125,0,1
6805,782,78.50563986020884,ATM,Clothing,DE,23.0,0.8476784846181564,0.11555491923171998,0,1
31,455,1.7761714388839032,ATM,Electronics,FR,18.0,0.41839653447954733,0.1695380614175115,0,1
2708,619,279.8030465765271,POS,Travel,US,18.0,0.3497109853280843,0.07683772715894545,0,1
7859,260,25.503947376086522,ATM,Food,FR,9.0,0.16089507385954233,0.3619607119415881,0,1
788,578,11.547880144130088,QR,Electronics,US,23.0,0.268807882215652,0.043581553532100685,0,1
8807,842,149.39529513762878,POS,Food,UK,7.0,0.12164358068038472,0.09542917866342056,0,1
89,75,36.01466796594892,ATM,Travel,FR,16.0,0.19122090036492306,0.10650699370359121,0,1
7257,527,250.76973293057753,ATM,Grocery,UK,22.0,0.7757066299837112,0.42649737116220626,0,1
8305,167,244.60640842238686,Online,Travel,TR,21.0,0.1094483432490352,0.02324105366839151,0,1
8458,641,71.01013681697559,ATM,Grocery,TR,17.0,0.21501991279922725,0.15600836485470332,0,1
3424,628,234.62062858744426,Online,Clothing,UK,19.0,0.22633543918595184,0.15144832008571552,0,1
9171,826,488.57441826422627,POS,Clothing,DE,14.0,0.10947965922730353,0.1870880874282873,0,1
9992,238,224.20077131030274,POS,Grocery,US,22.0,0.038442480036399954,0.19067278411883662,0,1
3195,992,82.04661144304276,ATM,Food,TR,15.0,0.2810554256490053,0.49300846353135946,0,1
480,6,18.13393202434542,QR,Grocery,DE,6.0,0.2319310238405128,0.036462926919251654,0,1
6420,638,61.530836599197684,Online,Clothing,TR,20.0,0.23065122418405473,0.16155128553798132,0,1
6332,693,33.27959255714757,POS,Travel,FR,21.0,0.15329474578328178,0.2196276097588184,0,1
305,50,25.66873495394144,Online,Electronics,US,15.0,0.08520815442351536,0.4502734529998687,0,1
1027,647,432.57811672727394,Online,Travel,US,21.0,0.06346619874171168,0.48254253943889797,0,1
5709,379,67.70353283387261,QR,Travel,FR,12.0,0.18555706619851633,0.32142086809206377,0,1
2527,939,33.11323550777637,QR,Clothing,FR,18.0,0.059447372121684175,0.20549072815327765,0,1
1892,287,64.51622504669855,ATM,Food,FR,9.0,0.12965712758791603,0.19816197320535647,0,1
9760,830,12.475681045420437,ATM,Food,DE,7.0,0.4240761490655683,0.26735881623788793,0,1
9259,108,142.96314652943255,QR,Travel,US,12.0,0.8389065210913274,0.09702426577523612,0,1
3225,843,595.806588319448,Online,Food,TR,2.0,0.6185378235423381,0.7562373528281905,1,1
7334,208,3.732084033500643,ATM,Food,US,22.0,0.09477937327577915,0.18559207326469138,0,1
4430,296,28.390401409537688,QR,Grocery,TR,15.0,0.18895734386740176,0.1870631737353309,0,1
550,387,262.03884321267134,Online,Travel,FR,12.0,0.0647792755413289,0.10963116618282467,0,1
7966,987,166.7255131282649,Online,Travel,DE,5.0,0.3199186173651966,0.23132029578825924,0,1
4931,83,273.09928135056816,ATM,Food,TR,12.0,0.10729531584803144,0.15697401781737114,0,1
6720,339,155.72839709919182,POS,Food,US,18.0,0.24932056194327637,0.1788621254407142,0,1
4090,192,31.595331217202762,ATM,Travel,UK,12.0,0.10326789208236668,0.3789057405785268,0,1
7192,238,121.68135360232426,POS,Travel,US,15.0,0.20665364996676472,0.1338591295684685,0,1
3399,889,211.4402547256251,Online,Travel,FR,21.0,0.13439476169349904,0.03681493458570101,0,1
6432,907,105.56936047603347,Online,Clothing,US,16.0,0.17536599625727434,0.48916818463746536,0,1
5747,834,352.13103999384725,Online,Food,FR,1.0,0.05318662911716366,0.116704872928173,0,1
4607,63,58.03065426171138,POS,Travel,US,16.0,0.0703041505521501,0.06867980148630008,0,1
1818,414,219.61674504300515,ATM,Electronics,FR,16.0,0.2652867689325938,0.14319018433468153,0,1
6996,85,56.94471391791905,ATM,Clothing,TR,22.0,0.12077051784344552,0.5620658748979881,0,1
6255,849,143.8007768722883,Online,Food,UK,10.0,0.3973238342262855,0.25030742636707126,0,1
8602,109,288.88126351968566,QR,Electronics,TR,23.0,0.11431060452909812,0.5500409390797975,0,1
3930,798,341.7482157333828,QR,Food,US,20.0,0.11043947686127027,0.06968328767286963,0,1
1265,28,503.84863783334106,Online,Travel,DE,22.0,0.1989322186952462,0.038981935068204514,0,1
1277,675,186.72446182036418,Online,Travel,FR,4.0,0.2009446472284021,0.0896117534209045,1,1
6802,568,28.873752495022156,QR,Electronics,TR,20.0,0.17608663138005162,0.04904204268914565,0,1
6468,801,17.742609971546294,ATM,Clothing,DE,11.0,0.04394062689107429,0.38451249064553067,0,1
6444,668,37.498072430181175,POS,Grocery,FR,15.0,0.1682680249190708,0.3533441305445988,0,1
4099,562,716.7981634445248,POS,Clothing,UK,7.0,0.18586186419335926,0.6194096517864807,0,1
8559,435,297.64083378289524,ATM,Electronics,UK,14.0,0.17445137323962182,0.030955526571270146,0,1
4483,585,35.8811827056371,ATM,Electronics,TR,19.0,0.07697448256445584,0.05263591651602546,0,1
5801,407,756.9634516344545,Online,Travel,DE,10.0,0.5452993814410978,0.6586393745680789,0,1
9132,474,19.60872644782407,Online,Grocery,UK,8.0,0.3103089127437457,0.08897946310243113,0,1
7866,11,12.736337166972595,ATM,Travel,DE,5.0,0.11377096631398712,0.058464627129576126,0,1
1156,489,32.28396273433114,POS,Clothing,US,20.0,0.1055035320201382,0.08364110104397406,0,1
2931,384,2.8289472188894873,QR,Travel,FR,18.0,0.06671797885760368,0.14344515807422023,0,1
2406,435,11.732735346266042,QR,Travel,DE,23.0,0.043553339443204206,0.1604977732385899,0,1
8982,694,337.81275231702045,Online,Food,DE,19.0,0.28275162005245535,0.4509669976396585,0,1
2953,435,295.9882470852879,QR,Travel,DE,8.0,0.22533392187932913,0.12068451194434894,0,1
7329,51,89.85325709532728,Online,Food,UK,15.0,0.3945221876284093,0.4818903197853683,0,1
6150,919,81.77924403177333,QR,Clothing,US,6.0,0.05673548645341893,0.22448293305567554,0,1
3528,213,51.586792478289794,POS,Grocery,UK,23.0,0.20468240958887382,0.13482704787806213,0,1
7581,749,47.63341455659486,QR,Electronics,US,5.0,0.06587986551341032,0.11596191653762591,0,1
3323,609,440.58504611905533,QR,Grocery,DE,7.0,0.02919551365477295,0.14935265031287856,0,1
6271,355,462.9660499505953,POS,Food,US,19.0,0.1742577542053807,0.6904799837854008,0,1
6218,532,13.886489180950873,ATM,Food,US,18.0,0.13075703932098315,0.34610179870059893,0,1
9012,433,3.1540490629889817,QR,Travel,US,18.0,0.061755726766805935,0.07447590878022226,0,1
6813,158,11.587850117650719,ATM,Food,DE,7.0,0.2920221866668992,0.15641449359902523,0,1
9290,410,18.211979250884884,ATM,Travel,FR,16.0,0.20192937851688725,0.25174708998488454,0,1
2757,906,127.36485236603009,Online,Food,DE,12.0,0.16877731826758718,0.04375817020671805,0,1
8774,834,205.85040116676805,QR,Clothing,UK,16.0,0.04272419026236725,0.33872244677753877,0,1
8833,914,10.590073685082867,Online,Electronics,DE,22.0,0.18933183708431045,0.5624515057652477,0,1
2734,598,1300.7452476462101,QR,Travel,UK,11.0,0.1894358076850397,0.1937684181811337,0,1
8980,46,0.0,ATM,Grocery,FR,10.0,0.013890587716139123,0.035349345097356544,0,1
7299,679,297.843258385933,QR,Grocery,DE,18.0,0.11709369169420976,0.21768087876520464,0,1
1718,888,5.132353424498127,Online,Clothing,UK,21.0,0.0681432667771618,0.12996211790640808,0,1
7826,835,130.89803534588134,Online,Grocery,UK,7.0,0.08219766174581158,0.1924392838707611,0,1
7596,180,21.437031699956552,ATM,Electronics,US,18.0,0.13277389592624725,0.20692412388847706,1,1
4873,119,523.9464818527414,QR,Electronics,FR,20.0,0.5734588519624687,0.2788553178260013,0,1
6753,337,11.672738281154787,POS,Grocery,US,16.0,0.3070736570141105,0.36667316119181165,0,1
1938,247,426.6120379854389,Online,Electronics,FR,13.0,0.06715889096653911,0.1334348276683616,0,1
4080,662,218.98739766631422,QR,Grocery,US,16.0,0.3481630017900868,0.11229666561106202,0,1
3493,632,6.074656886878776,QR,Food,FR,23.0,0.15565334274135711,0.19310304911409854,0,1
7254,46,19.614121738351944,ATM,Food,UK,22.0,0.23129915810318447,0.21619738457857574,0,1
3923,152,80.52567683849202,POS,Travel,DE,21.0,0.0804849703501138,0.1212551782660381,0,1
3522,19,65.27850471932688,Online,Grocery,TR,13.0,0.1167984793643276,0.014251180531663809,0,1
4855,537,20.11794127881707,Online,Food,UK,20.0,0.04523071258262719,0.07769147611777946,0,1
3189,777,93.88460777817933,QR,Travel,FR,13.0,0.08167154975039252,0.11468701669220659,0,1
3311,742,13.938881250032175,QR,Grocery,US,21.0,0.24528384489937288,0.050583163952469326,0,1
9151,579,184.53194657948134,POS,Electronics,US,14.0,0.4035943594971539,0.221267742350108,0,1
4381,942,0.0,Online,Electronics,UK,19.0,0.020561134297302285,0.01493610257486273,0,1
6833,870,28.543907153064037,Online,Clothing,US,10.0,0.059676477993848405,0.024611470007800004,0,1
6673,43,234.0718940513929,QR,Food,DE,22.0,0.1254593177384239,0.25479322276410676,1,1
130,978,171.9404091905161,POS,Clothing,FR,20.0,0.11709774303391317,0.17444292892890315,0,1
1967,733,10.648021154496679,POS,Food,DE,20.0,0.043897108440949024,0.03962461486655218,0,1
5395,201,117.22505220355897,ATM,Clothing,UK,23.0,0.16765577698685927,0.16797441233159632,0,1
4460,94,420.3293518227586,QR,Food,DE,17.0,0.14530291648431473,0.16429592658565992,0,1
7033,840,149.55267417807627,POS,Travel,TR,13.0,0.09737378554296403,0.03873010336527745,0,1
3578,927,270.2288309325704,ATM,Electronics,US,13.0,0.08832822228993306,0.21507768838926256,0,1
2010,12,128.94178540301468,ATM,Grocery,UK,10.0,0.3029163313366548,0.12429864310226076,0,1
693,0,473.598839005756,QR,Food,DE,23.0,0.1828409825912178,0.08726478811209051,0,1
5765,321,299.44801057432784,ATM,Grocery,US,21.0,0.4424038343927005,0.05174057735557322,0,1
2732,914,14.712392340020184,Online,Electronics,FR,22.0,0.12655943764035338,0.23514406206018743,0,1
9412,10,44.44613908012099,Online,Travel,US,6.0,0.15158087069140608,0.0809261169910812,0,1
1853,25,27.306159608175413,ATM,Electronics,US,12.0,0.08377786467450171,0.084895727869119,0,1
8688,937,2.008859099703664,POS,Food,FR,19.0,0.41668661935668594,0.1368341895610034,0,1
7773,484,68.923438368957,ATM,Travel,UK,2.0,0.14237905132318016,0.3487387082244455,0,1
6722,597,69.4055011064997,Online,Clothing,FR,21.0,0.21855481312843003,0.16010280799735702,0,1
7672,64,87.66749042442083,ATM,Electronics,TR,7.0,0.3337398031947961,0.16204437340405511,0,1
5991,308,217.4465019748948,POS,Travel,FR,7.0,0.03048467167024599,0.11241068392365305,1,1
9533,98,142.7563853651507,POS,Clothing,US,6.0,0.18655640643619698,0.25250841241208116,0,1
2487,208,23.129590117849045,QR,Food,UK,22.0,0.42561252277161443,0.022052241089389166,0,1
8224,103,33.97252592332126,QR,Clothing,DE,10.0,0.16005197240162009,0.19715832406835512,0,1
2570,508,71.19798808606009,POS,Clothing,FR,21.0,0.07409317319505024,0.24991547483772694,0,1
7691,943,6.721998444373929,POS,Food,TR,11.0,0.2287809508192423,0.16731253778093694,0,1
6527,677,10.162889597295388,QR,Electronics,DE,17.0,0.02355187146335467,0.13780549735631306,0,1
1563,853,249.1303315044416,QR,Travel,DE,4.0,0.11464545264350014,0.21067361537396648,0,1
3188,944,131.31926876544236,QR,Electronics,DE,10.0,0.3433874535899351,0.03746772432354848,0,1
605,280,90.72392957434239,QR,Food,UK,6.0,0.1728022296409445,0.022940072932640693,0,1
2885,106,72.72864623175812,POS,Electronics,DE,17.0,0.28695555189063693,0.16996938663122385,0,1
7226,535,974.8103435922507,POS,Travel,DE,1.0,0.08002342980443727,0.24866126418247853,1,1
7912,543,211.76222729602793,Online,Food,UK,18.0,0.18688000148211065,0.28276812450360284,0,1
1717,436,5.545130819737297,POS,Electronics,US,23.0,0.0853593106886746,0.07302316163076959,0,1
1065,306,3.14718224560092,ATM,Food,UK,16.0,0.34776409081074344,0.09704360342763103,1,1
2178,970,95.55329260682217,ATM,Travel,TR,7.0,0.12914659175287432,0.08935829080768401,0,1
4605,962,94.67399905280236,ATM,Food,UK,10.0,0.6179808869228449,0.28397882889551357,0,1
1480,310,48.449849305695366,ATM,Food,DE,14.0,0.22127750365680401,0.2660480889779885,0,1
8809,326,136.52960532776294,ATM,Travel,NG,13.0,0.13790544785962608,0.08759917960853837,0,1
1762,284,308.056907873385,Online,Travel,UK,20.0,0.09329223289940831,0.1827976094339129,0,1
1774,187,511.6198143553003,Online,Travel,UK,19.0,0.5202725619941888,0.3618790332277806,1,1
1743,576,30.018950572797223,POS,Grocery,TR,21.0,0.05835778907830855,0.01931082874952152,0,1
6091,206,621.1198055695389,QR,Clothing,TR,19.0,0.3377370486682403,0.38901866784174627,1,1
5842,26,916.3863391659758,QR,Clothing,FR,13.0,0.27694939495246046,0.2741138663027112,0,1
2606,480,88.90060092383608,POS,Travel,FR,10.0,0.11893984117062734,0.13862607391954967,0,1
6055,137,816.034664190348,ATM,Grocery,UK,20.0,0.5869874327325816,0.14423160383961514,0,1
8849,491,125.90852661103358,QR,Travel,TR,9.0,0.304769144653828,0.476085690455094,0,1
3297,504,294.37451573495395,Online,Food,TR,20.0,0.15666828415340758,0.4020213226119676,0,1
9554,398,39.20159738825332,POS,Clothing,TR,16.0,0.08034303180265497,0.08757849687933644,0,1
2031,198,177.83484957439606,Online,Clothing,TR,23.0,0.12623425639596522,0.6651825073976229,0,1
7213,246,77.80491786097461,QR,Travel,UK,12.0,0.01962032114996879,0.11493502477467869,0,1
3006,485,69.6276905116953,POS,Food,UK,21.0,0.03716759951501206,0.029737267419495533,0,1
3486,735,25.139697098990986,ATM,Food,FR,18.0,0.07032222860545272,0.05328452753217268,0,1
3858,855,119.05971692790023,POS,Food,DE,17.0,0.0346412754487907,0.11997514550720753,0,1
5317,601,150.08998740945964,POS,Grocery,UK,21.0,0.05975915896446338,0.05590089713093694,0,1
3270,490,478.95775385619584,ATM,Clothing,DE,22.0,0.07612441591593104,0.2693387869756242,0,1
5702,71,459.3462629222539,ATM,Electronics,US,16.0,0.07800170854278554,0.4921781907999829,0,1
3800,693,13.919592567183848,QR,Electronics,UK,21.0,0.14965375769501774,0.019841825951779253,0,1
9778,328,76.00058236187887,QR,Electronics,DE,23.0,0.28207698805855363,0.20631560816158684,0,1
9692,447,167.55961373861274,POS,Clothing,UK,3.0,0.38701934634726565,0.10379112317164718,0,1
1972,765,545.8251813927309,POS,Grocery,UK,7.0,0.08171572713429093,0.24554010593174247,0,1
1252,547,193.04690912779682,ATM,Electronics,TR,23.0,0.11142335089959135,0.12547467042714838,0,1
3789,570,233.02418604722243,ATM,Electronics,US,21.0,0.2205743379381547,0.15937301635434079,0,1
4996,867,601.9124378830066,POS,Grocery,US,22.0,0.6320896827578275,0.10176567604644171,0,1
7054,10,18.587123679492457,QR,Food,DE,20.0,0.13775524310665882,0.4452711678269811,0,1
7208,918,0.0,POS,Food,FR,19.0,0.20457461648267505,0.06618606453932699,0,1
2829,306,77.29067539299538,Online,Clothing,US,19.0,0.400075813485603,0.3290253411609332,0,1
1543,365,20.90258053585944,Online,Grocery,DE,15.0,0.12249114454509734,0.22348974947182013,0,1
128,237,111.54011284468544,POS,Clothing,UK,22.0,0.012490085325658123,0.14221977698145566,0,1
9956,426,8.053745724424783,Online,Electronics,US,15.0,0.0821685064365692,0.14892137368984643,0,1
8064,371,730.0649735795848,Online,Food,US,10.0,0.2425044347537127,0.016402884961696045,0,1
1026,247,732.9320824912123,ATM,Travel,DE,14.0,0.27878205095267916,0.38667114278791687,0,1
3890,265,350.7957837516601,ATM,Food,UK,4.0,0.0526131661797182,0.3063418214099561,0,1
1763,743,44.16511353695935,QR,Clothing,TR,9.0,0.06477187352227588,0.1170410745664766,0,1
3973,278,33.38914776510519,POS,Electronics,UK,5.0,0.3826137166449043,0.1994499333796671,0,1
8512,342,19.690802462930634,QR,Electronics,FR,20.0,0.35216568894820194,0.29521881345370243,0,1
4881,53,73.65218136620085,POS,Food,FR,16.0,0.3950343741597348,0.05973668312668479,0,1
8885,37,21.846776568231874,ATM,Travel,TR,19.0,0.16258243834933997,0.09006248031799204,0,1
1856,284,115.76910594614458,Online,Electronics,FR,9.0,0.03840537739452802,0.22445448074840074,0,1
424,899,14.550566686062574,ATM,Grocery,TR,23.0,0.03883961171320882,0.16018288606184802,0,1
950,186,226.95287669922288,POS,Travel,DE,23.0,0.1648236840523851,0.1804586598411913,0,1
1668,854,7.31603205800491,POS,Clothing,TR,19.0,0.17608957321134652,0.12277982958784364,0,1
6141,454,180.79519295430464,ATM,Clothing,FR,16.0,0.10965724134649607,0.30104350318776196,0,1
4317,727,304.47793312166044,Online,Clothing,US,14.0,0.14680637420050077,0.22369221550715662,0,1
1258,25,175.90738642916193,POS,Food,TR,22.0,0.29704636441614635,0.1537140059988272,0,1
4091,205,477.7606967468838,ATM,Food,US,16.0,0.09820723255896757,0.09262658703202227,0,1
5714,100,123.98033521254392,QR,Clothing,DE,1.0,0.04119675328868588,0.06169830338662327,0,1
312,981,426.1485021062791,ATM,Food,UK,15.0,0.2101318694896295,0.3226746941628238,0,1
4212,379,16.28360557053368,ATM,Travel,UK,16.0,0.1868158821596748,0.15052759090075477,0,1
6707,157,132.0014865075945,POS,Grocery,TR,21.0,0.07928199386483634,0.04838112174113231,0,1
8983,306,169.98677586357778,QR,Clothing,FR,12.0,0.41662850695979153,0.08862580332096984,0,1
255,916,60.659222762319764,QR,Clothing,US,15.0,0.3063996797346302,0.08535278544120606,0,1
9811,749,54.43490474923296,ATM,Electronics,FR,20.0,0.2413793078847994,0.18737995469575194,0,1
1757,500,377.11361843232214,ATM,Electronics,US,21.0,0.3647481028031688,0.20262056601962064,0,1
1207,109,163.21461934027369,POS,Grocery,TR,18.0,0.15656860577627163,0.1355104488865143,0,1
3661,7,235.2895611530437,POS,Travel,US,22.0,0.0474199158192663,0.14496652389540587,0,1
3831,690,305.59421549783497,QR,Grocery,FR,19.0,0.4303409604226894,0.28307282840468434,0,1
8472,207,106.59130030294966,POS,Electronics,UK,21.0,0.19367858528019424,0.13890534092205012,0,1
5102,755,112.93413665749544,Online,Travel,US,21.0,0.02140517999847555,0.031857905654875576,1,1
5917,479,128.4740334373127,Online,Food,US,21.0,0.639011894924647,0.05086718131786966,0,1
7484,235,0.5748735692084948,QR,Grocery,TR,13.0,0.0670401275208765,0.01897296481091562,0,1
6922,277,496.75494631603885,QR,Electronics,TR,14.0,0.16730387464878793,0.17633797378375596,0,1
9029,320,229.32091564129922,ATM,Grocery,DE,3.0,0.3320578162591596,0.030627055504804806,0,1
9758,347,173.30279620538792,QR,Clothing,DE,14.0,0.2860867608143949,0.18905287744651678,0,1
688,751,159.83498304284026,POS,Food,UK,21.0,0.4130460122859357,0.17371782201952313,1,1
9110,539,177.671286659723,QR,Electronics,FR,11.0,0.12864988243114,0.055069052806360166,0,1
438,624,3.1230292819103243,QR,Food,FR,19.0,0.0778257567241872,0.008623697730242734,0,1
4529,386,324.7578325025811,POS,Electronics,FR,15.0,0.3415295878466278,0.1122497284779029,0,1
9485,501,105.907185690206,QR,Clothing,TR,13.0,0.10860389899510005,0.17262027126418722,0,1
7717,838,1599.5580905843622,Online,Food,UK,0.0,0.2970642501275414,0.672060746546521,0,1
2785,719,182.37607721800273,QR,Grocery,US,12.0,0.15061753759346477,0.09560346049800429,0,1
4231,663,53.481988174817054,POS,Electronics,NG,17.0,0.17826481583979023,0.059795374311421394,0,1
9062,353,2.796596099008751,QR,Grocery,TR,9.0,0.36947823149992076,0.24627582054668132,0,1
6440,282,25.967346637522585,ATM,Electronics,UK,17.0,0.025586008738072215,0.01938541739484826,0,1
2456,729,515.6784704889958,QR,Travel,FR,19.0,0.3967431339323958,0.2597473852413883,0,1
9384,441,39.32821463840302,POS,Clothing,UK,14.0,0.23810135567152949,0.05725732846176536,0,1
4511,78,4.074192306544427,Online,Food,US,22.0,0.08747867058532757,0.03463321475836267,0,1
8946,730,255.15067456436643,Online,Grocery,TR,20.0,0.13218688273539858,0.19052897618291717,0,1
506,187,427.1297967301592,Online,Electronics,DE,12.0,0.11408063266950383,0.6071797033714922,0,1
5951,569,182.52522784278906,ATM,Travel,UK,9.0,0.4596026843011571,0.6806124411005333,0,1
8794,519,46.09474830452074,Online,Clothing,UK,21.0,0.1604971927050944,0.6770903542547155,1,1
9885,635,227.7956623578808,QR,Clothing,US,14.0,0.09026309329341356,0.0798812255471753,0,1
2215,144,198.23368959478807,QR,Clothing,US,19.0,0.2207303471401019,0.19442011264707773,0,1
9261,41,14.50671041599485,Online,Grocery,US,20.0,0.01445175715677528,0.03705274722598342,0,1
5635,724,56.834957477596475,Online,Grocery,DE,16.0,0.15933264301675498,0.5561686577918867,0,1
3145,374,43.04644807961033,POS,Clothing,FR,17.0,0.014196931661084718,0.16718851723170589,0,1
2680,295,0.0,Online,Travel,DE,22.0,0.04958925435832351,0.2469887909984949,0,1
2968,438,159.62024449469496,ATM,Food,FR,16.0,0.21053326116319182,0.12435348933029453,0,1
8392,638,203.2575445043816,POS,Clothing,TR,4.0,0.14943038218810625,0.11400069239279222,0,1
728,335,16.596852991970174,Online,Grocery,DE,23.0,0.03401424014717462,0.07940277702204845,0,1
7249,97,494.9904944550309,QR,Grocery,DE,19.0,0.19875472452483778,0.15886298264282905,0,1
147,802,316.0050234329574,ATM,Clothing,FR,13.0,0.24631336103466633,0.23637300303125844,0,1
5004,454,783.1262910485717,POS,Clothing,FR,21.0,0.15649143008290878,0.12819078196180064,0,1
6838,762,665.105599405115,Online,Clothing,FR,19.0,0.24476928065406758,0.32892262306904146,0,1
3914,272,113.70772757869037,ATM,Food,FR,11.0,0.10565753188439607,0.026805513090871282,0,1
4421,131,485.4490570697212,ATM,Electronics,FR,23.0,0.21745067148473723,0.16024078855487917,0,1
2378,884,36.511099129481934,Online,Clothing,FR,16.0,0.034480146467175725,0.28249260129685133,0,1
8415,510,96.46267418588681,POS,Clothing,UK,5.0,0.09697883365387835,0.057373444069332924,0,1
6946,335,164.04255367498104,ATM,Clothing,UK,21.0,0.11410738353895421,0.10605359849413257,0,1
6184,90,90.19483932645366,QR,Food,FR,14.0,0.3060510058178722,0.4078726712559008,0,1
5420,775,240.14216550440995,ATM,Food,TR,6.0,0.14234945214290726,0.07970244232850243,0,1
7472,323,182.76521652497578,Online,Grocery,DE,14.0,0.1411044023592714,0.31648223743841714,0,1
407,107,21.8498918153845,Online,Electronics,FR,22.0,0.07751886083754808,0.020177247044174125,0,1
8493,502,2.5748288716490255,ATM,Grocery,US,11.0,0.08310110338474176,0.1144429138508995,0,1
5494,331,243.09391365054412,ATM,Food,UK,20.0,0.1546583376028035,0.07762771186779101,0,1
4925,589,177.28763321481523,POS,Travel,US,15.0,0.3820402628573896,0.14624299493651194,0,1
88,643,383.865377386053,Online,Clothing,UK,15.0,0.05362648940241621,0.4049340384345535,0,1
7319,199,391.9869777127091,QR,Travel,US,18.0,0.4590458963844309,0.14230212268947653,0,1
2191,692,445.8953624434093,POS,Grocery,DE,2.0,0.14293740948719064,0.41343440921774044,0,1
1629,245,351.5594374406977,Online,Food,US,23.0,0.15785407199250642,0.16535729484162784,0,1
6700,746,114.23537381541288,QR,Clothing,UK,12.0,0.07481627659467355,0.1320982623217142,0,1
847,284,20.048546940871773,POS,Electronics,DE,19.0,0.05814138369320544,0.17765994963762816,0,1
2106,573,348.25760193005635,QR,Electronics,UK,17.0,0.08390737517552595,0.3553485014995661,0,1
4001,987,63.663224534303666,ATM,Clothing,UK,22.0,0.052014935678758104,0.11762369900929259,0,1
2991,216,14.153713901909223,POS,Clothing,TR,19.0,0.26184241286508053,0.01549735013786226,0,1
3041,1,163.0496704186039,ATM,Clothing,DE,23.0,0.23696129694104467,0.2625521307145225,0,1
3561,826,172.69062265932442,Online,Grocery,FR,22.0,0.21168572018603513,0.14272474666648768,0,1
2974,629,57.93502127586773,Online,Food,TR,22.0,0.29814102800689635,0.11750259452373833,0,1
651,262,172.5206141843424,ATM,Clothing,UK,8.0,0.04668656003886276,0.10271046034053495,0,1
2819,317,108.36727459438028,POS,Clothing,US,6.0,0.16853898287643707,0.08663713422148007,0,1
9681,205,386.2134343677103,ATM,Travel,US,20.0,0.26432372732571163,0.42065327813368325,0,1
4931,174,23.799502338690555,POS,Electronics,UK,17.0,0.15997915350274844,0.01886737328635112,0,1
7489,975,53.57450823366567,ATM,Electronics,UK,11.0,0.1956431189258184,0.37025862371370816,0,1
1257,609,58.483929390842526,ATM,Electronics,US,20.0,0.43332947650700343,0.36772294381752874,0,1
1559,648,38.64654405822818,POS,Electronics,DE,4.0,0.06856036457992609,0.18885684215638454,0,1
9396,47,221.540932798208,POS,Travel,FR,19.0,0.6679404826664678,0.6268553919386572,0,1
2487,409,47.45734734378807,Online,Food,FR,21.0,0.12887025641499517,0.2412616926057813,0,1
1373,702,272.6188668159541,QR,Travel,US,23.0,0.08026374042068529,0.3620996088695432,0,1
3724,382,350.80083072398924,ATM,Food,US,9.0,0.36576957791318354,0.2539474020203199,0,1
1514,749,99.04718443907774,POS,Grocery,DE,12.0,0.7218167368119159,0.20112152001310646,0,1
2284,331,13.733302927904756,Online,Grocery,TR,11.0,0.260203726988263,0.5604533507596661,0,1
5385,65,29.93694818880924,POS,Electronics,DE,5.0,0.15283250163806217,0.06717985047571244,0,1
4297,953,187.93889763275624,ATM,Travel,TR,23.0,0.03287794582730233,0.14703763886134705,0,1
4391,378,287.1794486501879,POS,Travel,UK,6.0,0.24245019089269862,0.1521511814082665,0,1
6128,489,11.313082921806382,POS,Electronics,US,23.0,0.1279583920180524,0.03621058759253261,0,1
2730,174,221.33663618639122,QR,Clothing,DE,17.0,0.4898274026832334,0.4856698017092805,0,1
2187,389,120.58954884529707,QR,Grocery,UK,10.0,0.028708030894095155,0.01563473557175582,0,1
9275,420,81.36341682745116,POS,Electronics,DE,21.0,0.058059655644023,0.18517492286932513,0,1
1520,198,179.3167433574686,ATM,Travel,US,17.0,0.20028017711753227,0.07069646407036369,0,1
7602,633,30.045676124408995,POS,Grocery,DE,14.0,0.30078732526516394,0.07233295923211674,0,1
3501,119,338.2988700262742,Online,Electronics,US,16.0,0.4209988029391464,0.262718503413963,0,1
1751,419,321.1835455757193,ATM,Clothing,UK,5.0,0.3329791528160985,0.4937066428210579,0,1
9816,511,243.978166446505,POS,Electronics,UK,19.0,0.04874356079884407,0.05874442647770929,0,1
9572,59,43.824023221247614,POS,Electronics,UK,19.0,0.02990369603098393,0.15937555021607572,0,1
2473,174,565.3774982952987,QR,Travel,TR,9.0,0.13119189730939768,0.015523947859568767,0,1
9703,771,103.43964661338264,QR,Clothing,FR,16.0,0.2098035220854263,0.2709088207088386,0,1
3790,515,309.3584840557476,ATM,Grocery,US,20.0,0.2307005389886649,0.03927866196656194,0,1
7754,931,289.1314690487084,Online,Travel,UK,17.0,0.4883497037582459,0.7594805396276973,0,1
2562,741,196.84694442644144,POS,Clothing,FR,14.0,0.1257791582769764,0.1105508894630422,1,1
5899,842,141.1505231962372,POS,Travel,TR,9.0,0.17021039823308895,0.10456816404928805,0,1
5314,11,4.198006198441378,Online,Travel,TR,18.0,0.09419532020394797,0.14275604469578973,0,1
7344,162,23.55373299060218,POS,Grocery,DE,22.0,0.6059444504363888,0.1496805615250215,0,1
3180,102,23.750786626888726,POS,Grocery,TR,11.0,0.42440844610507084,0.05621890213481743,0,1
188,641,306.19764015053727,POS,Travel,FR,6.0,0.09686193244568696,0.08408682098572601,0,1
4147,920,247.67162020616337,POS,Travel,TR,20.0,0.28712045962014443,0.2663463330470813,1,1
1808,885,39.73683851968771,ATM,Food,TR,18.0,0.14498375039934477,0.006969329125372419,0,1
4278,330,90.17581580420142,POS,Food,DE,21.0,0.06461713368319369,0.2154790344472376,0,1
9442,989,417.4624928956638,QR,Clothing,US,18.0,0.23035796601321928,0.27271559852976424,0,1
5663,82,86.15254053332443,POS,Clothing,UK,15.0,0.01485480906103483,0.11680353727016614,0,1
5903,711,90.90915942037228,POS,Travel,US,22.0,0.38076488191472213,0.13875330243330922,0,1
9560,198,488.60285946534475,POS,Electronics,US,7.0,0.022608791338194482,0.38588606026455163,0,1
2977,72,62.513529877862695,ATM,Electronics,UK,18.0,0.08558050877076398,0.20859827388809793,0,1
2806,125,24.419545287193678,Online,Grocery,UK,13.0,0.13287253029616888,0.05520658180258775,0,1
1808,508,258.4964978253112,QR,Grocery,TR,6.0,0.251607735475835,0.4766789300600753,0,1
6521,645,46.607066639282095,Online,Grocery,US,12.0,0.19229048566408743,0.08925375597518781,0,1
9984,610,20.279870368957944,POS,Clothing,US,5.0,0.039122998818656676,0.11326277989904338,0,1
1108,186,233.39093848829125,Online,Grocery,UK,22.0,0.07791819722713954,0.10504980373569615,0,1
3470,838,232.092105538803,ATM,Grocery,TR,18.0,0.3261529879860343,0.09598556713444273,0,1
5807,657,203.78892009136928,POS,Electronics,FR,19.0,0.27494591393019546,0.17350071120053479,0,1
2198,587,22.54442073053168,ATM,Food,TR,23.0,0.07362196810030429,0.061750048301921164,0,1
4550,896,54.49491274028193,ATM,Travel,DE,6.0,0.23028523867005268,0.3925802480045019,0,1
3277,317,469.98977209453597,Online,Electronics,FR,20.0,0.17685559706083703,0.25669887682052683,0,1
6451,911,36.11073322593911,POS,Electronics,UK,22.0,0.08593727369419174,0.2503914601816946,1,1
8327,92,2.6178772611799896,POS,Grocery,FR,7.0,0.04970197674692633,0.18618051876077935,0,1
7282,414,119.62038171338467,POS,Clothing,TR,5.0,0.07574242663758192,0.04514944604559666,0,1
8636,156,40.717515812992474,QR,Clothing,DE,5.0,0.33415091796016216,0.09531575449601484,0,1
6051,6,324.2894658237293,QR,Clothing,US,12.0,0.21741160388888825,0.3037029147107619,0,1
5735,823,19.48469469216587,ATM,Food,FR,23.0,0.08968791815241825,0.20831765059879434,0,1
1343,552,218.80867673933383,POS,Electronics,TR,12.0,0.3928255138242971,0.11296071138644687,0,1
5014,824,98.61913021688662,QR,Electronics,UK,20.0,0.2959966548023158,0.15894038910627772,1,1
4625,938,528.2944821450114,Online,Food,TR,18.0,0.08880001869951537,0.030802697231565514,0,1
1603,573,339.4393002025468,QR,Food,TR,19.0,0.2784453232045057,0.28021651897640515,0,1
5579,270,889.1508736089952,POS,Food,FR,13.0,0.17504896979267284,0.7015108190617833,0,1
9036,701,340.110763316937,QR,Clothing,UK,16.0,0.11193270318773804,0.3582233181097716,0,1
7772,548,997.581798066102,ATM,Grocery,FR,14.0,0.24339658138146766,0.19950333928644634,0,1
3876,26,161.9639217710743,POS,Clothing,FR,13.0,0.1877083090795685,0.41987928559860244,0,1
8023,221,12.878139097139512,QR,Food,US,13.0,0.11235537841208608,0.13762242599233573,0,1
2840,788,125.08899832164315,POS,Electronics,DE,21.0,0.49113780904326926,0.05372764116336617,0,1
980,317,192.53756388475264,ATM,Travel,UK,9.0,0.32750460032184453,0.4713807864321304,1,1
49,420,8.155205880217979,Online,Electronics,UK,8.0,0.11957151522206456,0.04343029222581625,0,1
1995,165,299.87440338043825,POS,Clothing,NG,19.0,0.3521120910419209,0.32492431569837,0,1
4768,11,695.1986727183303,QR,Grocery,TR,20.0,0.9527431279394275,0.09543799769417076,0,1
3406,888,113.55223711723819,Online,Food,UK,21.0,0.03461021816404481,0.14074947833124277,0,1
4692,103,21.085307659788686,ATM,Travel,UK,13.0,0.10269326202254563,0.5960133449940609,0,1
1921,955,23.979107737075744,POS,Grocery,UK,22.0,0.026245541371478866,0.05636698508114506,0,1
7179,37,41.9150752668964,QR,Food,FR,19.0,0.05498814384133567,0.09573130611266109,0,1
6879,916,0.0,ATM,Food,TR,12.0,0.11394462456129473,0.12775784086220315,0,1
5256,955,121.82734870631879,ATM,Travel,TR,20.0,0.4194864109004709,0.012738016151830237,0,1
6016,510,80.09524283427915,ATM,Electronics,TR,7.0,0.030587048573298116,0.10903896134687889,0,1
1865,163,723.9563180052294,QR,Electronics,US,13.0,0.37834994133381306,0.38289582015810497,1,1
6662,890,227.67079096245936,ATM,Grocery,FR,1.0,0.23035676796598833,0.568876413221286,0,1
245,432,0.5439206312433285,Online,Grocery,DE,17.0,0.3907759561300961,0.15836602845339826,0,1
8343,856,64.80042264274917,Online,Travel,TR,16.0,0.2422710484162409,0.058679735589442436,0,1
2223,841,510.5885844822316,POS,Clothing,US,22.0,0.32515866114774056,0.05068599480543697,0,1
7616,976,106.21873572504308,Online,Grocery,US,16.0,0.1181220140714401,0.18975670614478854,0,1
1577,116,129.91840708119832,Online,Food,UK,21.0,0.6139316323336396,0.8601220955885058,1,1
3851,674,139.52642560705087,POS,Electronics,FR,2.0,0.29907585189333313,0.17815541855021355,0,1
7583,614,338.54963172252457,Online,Travel,DE,23.0,0.39155060604197883,0.13989335784636722,0,1
697,75,129.87731359303157,Online,Grocery,TR,15.0,0.30651099072862004,0.1619276017397949,0,1
3506,741,41.47606111039414,POS,Travel,TR,17.0,0.17826946697343413,0.26271580608976924,0,1
7280,190,43.79036521629593,QR,Food,US,19.0,0.1443908688183282,0.060828151962520755,1,1
5418,579,68.05320025565219,ATM,Clothing,TR,19.0,0.30107416447531216,0.07096664594040486,0,1
4257,358,362.01701840716726,POS,Food,TR,19.0,0.10552449410990362,0.1801374136806453,0,1
1699,27,0.0,QR,Clothing,FR,20.0,0.05448623377095118,0.0346192957654047,0,1
1610,456,92.58215392556174,Online,Clothing,DE,8.0,0.4820447054466595,0.7397837213317235,0,1
2694,586,337.9660863720887,QR,Electronics,US,20.0,0.3837172058885174,0.2192731090864929,0,1
4325,437,148.3712469623698,POS,Food,TR,9.0,0.09308321926373601,0.0852909427806581,0,1
3757,661,52.650922849004765,ATM,Electronics,TR,13.0,0.6961211112834612,0.4563710785714544,0,1
4470,224,17.752398555940832,POS,Travel,TR,18.0,0.08572739529066126,0.16058229621961734,0,1
2517,964,19.0694416324298,POS,Travel,FR,20.0,0.1083744909792591,0.059039405634800105,0,1
2926,182,57.10814126278887,QR,Travel,FR,6.0,0.10002242663697564,0.0961698548683771,0,1
2799,198,519.7380638243666,POS,Electronics,DE,21.0,0.3899207964404208,0.3340208518160738,0,1
1865,273,0.0,ATM,Grocery,DE,15.0,0.18197301636404792,0.32340820944917625,0,1
2436,470,17.40014179478171,ATM,Grocery,US,15.0,0.3185590081302059,0.2741157641823567,0,1
1216,897,26.411661625288207,Online,Grocery,UK,18.0,0.16856572403288222,0.07973392990396944,0,1
2609,360,495.85910980526586,POS,Grocery,FR,23.0,0.5145704641228351,0.5901418033865723,0,1
3074,679,21.065163830059358,POS,Travel,FR,18.0,0.5239272601193711,0.2600231948229275,1,1
8672,288,173.79885437309198,Online,Food,FR,17.0,0.04364232308186038,0.05026003164529413,0,1
1119,514,317.69444754240203,Online,Travel,FR,21.0,0.3084474895971782,0.23933710775002875,0,1
6056,164,59.10939207478635,ATM,Travel,FR,23.0,0.014373443177489486,0.11186516979440485,0,1
3159,482,48.92104548400515,Online,Travel,US,21.0,0.25988787355782805,0.031429510824275475,0,1
8920,9,188.51463232358142,Online,Food,DE,22.0,0.4994555337532405,0.5894778602180542,0,1
4015,358,106.32457405052733,QR,Electronics,US,19.0,0.42213583460815446,0.12849016260610233,0,1
1154,952,26.659131426970646,QR,Electronics,TR,21.0,0.09721097723243301,0.05232996660189819,0,1
8272,283,507.3930317559941,ATM,Travel,TR,22.0,0.05173545997786737,0.16571867631518652,0,1
6270,578,107.49337052205394,QR,Electronics,FR,17.0,0.11373042454780824,0.007794796193918652,0,1
5805,425,57.74895064873851,Online,Food,US,21.0,0.06907451605787679,0.14487592493304216,0,1
3043,270,227.3543770948156,ATM,Travel,FR,8.0,0.17692284161382013,0.09493316571017982,0,1
9518,912,361.3772787645982,Online,Clothing,TR,9.0,0.8401253448125512,0.5437173912899566,0,1
776,274,79.01462088291059,QR,Electronics,US,8.0,0.05740468613456148,0.10651376413474112,0,1
7412,517,66.05324786825624,POS,Food,DE,21.0,0.06641483464641686,0.029617638556007,0,1
2375,856,78.57673301230186,ATM,Clothing,TR,20.0,0.24504623462123426,0.2695218618570816,0,1
5191,402,506.03894430268906,POS,Clothing,UK,14.0,0.23354017844868052,0.4657183985862011,0,1
6268,781,147.4181376787546,QR,Electronics,UK,21.0,0.16603368170926883,0.30340108920778125,0,1
7955,731,281.3072485615178,ATM,Clothing,US,22.0,0.2598456160849691,0.23405463560848297,0,1
8506,483,75.95620952425992,ATM,Travel,UK,2.0,0.0891358215641393,0.33016574789672515,0,1
6161,558,88.23566609708664,ATM,Travel,FR,11.0,0.06498538140699266,0.24951544958489677,0,1
6415,645,199.99964308942137,POS,Grocery,DE,17.0,0.16187525730592123,0.2509896835619312,0,1
3599,991,150.26619627145166,POS,Food,FR,13.0,0.06210951053937553,0.5864724446602511,0,1
7580,715,713.584215437877,POS,Clothing,TR,8.0,0.34726808186460995,0.09889952443710573,0,1
8616,742,0.0,POS,Travel,DE,19.0,0.055192567741631574,0.10016532845781977,0,1
4845,21,153.41383571800955,POS,Travel,UK,13.0,0.15262316668807743,0.1661320938748958,0,1
5294,912,210.88347447743647,ATM,Electronics,TR,8.0,0.13585465416603368,0.4020194670146971,0,1
8149,317,15.220482049166039,QR,Food,UK,13.0,0.17967723191806853,0.2758293400881649,0,1
3817,928,104.15097618960134,ATM,Electronics,TR,18.0,0.039843942641273916,0.1259748780636116,0,1
7207,375,138.3766700048805,Online,Electronics,US,21.0,0.19158788939748744,0.37898144721561927,0,1
7786,309,191.98820935189653,QR,Clothing,DE,20.0,0.2161638527434267,0.0649704791997538,0,1
8917,388,123.52279422100551,Online,Travel,DE,6.0,0.3842204985562061,0.11087303692872506,0,1
991,632,683.4986349512733,ATM,Travel,UK,11.0,0.7901044543862357,0.5064958581506723,1,1
1483,801,128.9498314734967,POS,Electronics,DE,17.0,0.11509111510312395,0.04562313254451171,0,1
8195,686,446.7210974923057,ATM,Travel,US,15.0,0.1473133953645466,0.14643018612908287,0,1
9800,367,13.01472231160218,POS,Clothing,UK,20.0,0.07100523745679832,0.055719282634103036,0,1
1600,157,154.4595120183726,Online,Electronics,UK,13.0,0.06183441174293971,0.06185985873781004,0,1
5841,377,47.98228079350469,Online,Grocery,US,22.0,0.15957557793183244,0.13146183149243598,0,1
1487,611,10.587750689628457,POS,Electronics,FR,21.0,0.3269247565995422,0.16948597610526278,0,1
4745,18,13.644601421500766,Online,Clothing,UK,8.0,0.1568419930176907,0.1336260092175381,0,1
2684,163,105.71892531383918,POS,Electronics,UK,15.0,0.24778317396014732,0.12320916105527709,0,1
7606,639,497.9643668402775,ATM,Travel,TR,21.0,0.4125264842787895,0.6486614989111082,0,1
6120,164,183.22896605222155,POS,Travel,UK,23.0,0.10702754675938873,0.4608418662577491,0,1
4518,61,104.59380765316715,ATM,Grocery,TR,15.0,0.2669985696366322,0.10667921163279201,0,1
7423,504,64.08622432624375,QR,Electronics,TR,18.0,0.1389454087621049,0.1298987383592506,0,1
2236,985,241.32001172823175,Online,Clothing,UK,19.0,0.11682294621895895,0.41652657407128674,0,1
2697,367,169.27917471787967,Online,Electronics,TR,13.0,0.1677591524410052,0.3833027857550338,0,1
8228,185,524.6279389588681,POS,Travel,FR,23.0,0.18515189108546232,1.0,0,1
3317,521,282.2764781569222,ATM,Travel,US,21.0,0.21071751512162273,0.03401897566895271,0,1
8994,951,40.37286226017101,ATM,Travel,UK,14.0,0.07111797361053646,0.022128617710463157,0,1
1077,512,21.267872051839195,QR,Clothing,DE,19.0,0.11134268025737472,0.13113701034106645,0,1
4681,718,63.23398516311508,POS,Grocery,DE,21.0,0.057004031747622856,0.13458050103713723,0,1
4099,888,10.971744612368127,ATM,Clothing,UK,19.0,0.3580058230917554,0.39868364409222956,0,1
1305,177,347.593923135434,POS,Electronics,DE,19.0,0.5066355565218137,0.36265272206867993,0,1
6254,559,101.75726534903954,POS,Clothing,US,17.0,0.0641827958366686,0.29118367537654405,0,1
1562,47,8.827818690449808,ATM,Grocery,TR,15.0,0.15550733269831582,0.15935500624184828,0,1
8393,497,62.71202508081843,Online,Food,UK,20.0,0.21060237696701717,0.15676973571409866,1,1
5333,342,270.0620558076252,Online,Grocery,US,19.0,0.19594673743142127,0.3801148129982786,1,1
3590,48,20.485442079713707,ATM,Electronics,FR,16.0,0.12371048080290699,0.15344913504227856,0,1
5684,649,48.773213643415865,QR,Electronics,US,23.0,0.15968211725456882,0.08850998045873504,0,1
6191,479,304.18014568379385,QR,Travel,DE,17.0,0.10111449231330231,0.19725624318378576,0,1
2717,641,3.6551761389884656,QR,Grocery,US,17.0,0.13078546605898422,0.21835686405206325,0,1
1047,475,123.56580764213939,Online,Food,FR,19.0,0.25540415998538163,0.26371926668047785,0,1
377,854,84.02497336314403,POS,Clothing,UK,22.0,0.19549448844709527,0.45494866713711946,0,1
5997,13,742.0947382925252,QR,Electronics,US,21.0,0.4496902102732324,0.4139863727739,0,1
3273,764,221.2465372296548,POS,Electronics,UK,22.0,0.0920936971633664,0.12908310980653617,0,1
5613,762,0.3643951827999019,Online,Electronics,US,19.0,0.25703774630154286,0.0580525683750989,0,1
1646,172,645.2934322131089,Online,Travel,US,10.0,0.04417300027195885,0.1022184447930533,0,1
8217,755,35.891390922936935,POS,Clothing,US,11.0,0.12608417739359898,0.043805932145785466,0,1
1145,459,137.88891103236568,QR,Clothing,UK,23.0,0.46909634268635864,0.10363688675088491,0,1
7400,463,319.0256553346672,POS,Food,UK,17.0,0.04007492848381709,0.055357287146660106,0,1
9490,939,42.171764360411714,POS,Grocery,FR,20.0,0.1791332204711689,0.009317874815032805,0,1
3938,211,70.55606475113842,ATM,Travel,UK,5.0,0.3385037663258327,0.14732452799444867,0,1
2292,848,240.98015955762278,ATM,Travel,US,9.0,0.3015480877963268,0.19492143237935974,0,1
2700,112,56.10262007041723,QR,Food,FR,12.0,0.0831892001512425,0.19163905377870843,0,1
9144,168,193.4181221419214,Online,Grocery,FR,10.0,0.18965454868010673,0.044851664060601606,0,1
6008,432,5.9339561457639824,Online,Clothing,TR,12.0,0.18118770027488412,0.7135427258352024,0,1
5539,508,19.42347327345361,Online,Electronics,TR,15.0,0.042038909313266204,0.1583199440812232,0,1
5116,307,9.810332157773324,Online,Travel,US,7.0,0.053085666699322104,0.028158362203397926,0,1
9290,815,258.25525611741926,QR,Clothing,US,8.0,0.4999986411693406,0.19312789520447574,0,1
6413,299,148.41986976117926,QR,Electronics,UK,10.0,0.22021090248819686,0.2089879505011618,0,1
6917,669,218.4254618081504,POS,Travel,DE,21.0,0.3169415140392389,0.10257054131369582,0,1
9329,541,160.97033546401113,Online,Food,FR,4.0,0.7327955864520734,0.7017986092528418,0,1
3629,354,21.970331841787477,ATM,Travel,DE,18.0,0.016711456565324807,0.03786756017938663,0,1
2156,449,64.25857971828609,Online,Food,FR,23.0,0.3434575871944687,0.10734801324476209,0,1
7640,897,46.7736866854319,QR,Electronics,FR,11.0,0.1292427946939603,0.20162795859886215,0,1
4158,927,348.8912887037464,ATM,Food,DE,17.0,0.05251592774212928,0.4516422670104201,0,1
1941,972,161.56391651090868,ATM,Food,US,14.0,0.26449821823316877,0.2671886112904558,0,1
8262,57,28.551875683905962,POS,Travel,DE,16.0,0.12537148260088887,0.05768323628840752,0,1
761,786,120.59950378959532,Online,Travel,UK,19.0,0.029065462977748306,0.05137201658629083,0,1
7679,75,93.42161626343004,Online,Grocery,US,2.0,0.05263051956190403,0.4398945809768093,0,1
3020,332,51.5661378845845,ATM,Electronics,FR,8.0,0.14315470987757983,0.02317424136766677,0,1
8627,204,11.527687023609497,ATM,Grocery,DE,21.0,0.25943621402526124,0.05411350650461637,0,1
8140,643,380.2713776310243,Online,Clothing,DE,18.0,0.08466703499199778,0.7816987298783981,0,1
7818,406,279.1577456179455,QR,Travel,UK,10.0,0.4168966581187329,0.21722732507037606,0,1
6971,581,74.05491146238793,QR,Grocery,US,19.0,0.04608261498388371,0.07675770003382582,0,1
8596,111,49.95328178959362,ATM,Clothing,US,10.0,0.06769854118590898,0.07662502391335768,0,1
6207,118,203.6852998167852,QR,Electronics,UK,22.0,0.04648171889607486,0.052087631305347964,0,1
4124,620,6.44435546108453,QR,Electronics,FR,10.0,0.041668514167410575,0.22098346364904436,0,1
9750,184,1117.1789848195276,ATM,Clothing,UK,17.0,0.2593969264763591,0.5173877949976928,0,1
1124,446,397.19188176603103,Online,Travel,TR,22.0,0.06233217868116569,0.04890275052680626,0,1
4877,996,28.88141988092478,POS,Food,DE,21.0,0.24621908681067833,0.16783114013383424,0,1
4576,319,162.8091154193431,POS,Grocery,TR,13.0,0.28598648061411647,0.06928925928826953,0,1
1328,689,121.545142017973,QR,Electronics,TR,7.0,0.35355316402199416,0.16683788863325325,0,1
5394,366,340.17877846221074,QR,Clothing,TR,20.0,0.7492998251896208,0.5552186900042971,0,1
8232,372,37.22320793655347,POS,Electronics,TR,16.0,0.03539743796011584,0.03170227514838536,0,1
826,930,102.05955797842931,ATM,Electronics,FR,10.0,0.22297989271082513,0.1801758174752592,0,1
8570,865,1028.2551848931942,POS,Clothing,UK,2.0,0.3407192201709979,0.8402392450016987,0,1
2372,613,41.59250241406754,QR,Travel,FR,13.0,0.05228435911871418,0.018603010477211926,0,1
1084,729,86.75889297216847,Online,Grocery,DE,17.0,0.027045048875981314,0.06501686133333247,0,1
4626,722,42.1552787566303,Online,Clothing,FR,2.0,0.10389538753684921,0.08439134282744813,0,1
5642,263,381.94515521387166,Online,Travel,FR,21.0,0.5202794864056921,0.3820949924096093,1,1
6489,253,171.81223322284762,QR,Electronics,FR,23.0,0.21740869034342136,0.1701666216216256,0,1
9543,434,177.200579175378,POS,Grocery,US,10.0,0.037186561079310315,0.4303453386335672,0,1
6353,293,282.7962363734377,Online,Electronics,DE,10.0,0.09970116261420256,0.08152079964624968,0,1
4324,110,605.5740516521904,ATM,Grocery,FR,20.0,0.12284780743368982,0.1732284755503739,0,1
8955,248,157.78091179366254,ATM,Travel,DE,22.0,0.18772012384549325,0.07496613035723355,0,1
5426,753,21.843806928235644,Online,Travel,FR,22.0,0.054094966199891,0.2572179800410882,0,1
7558,364,250.86114027727405,Online,Grocery,US,9.0,0.1342251754712252,0.2694740337362347,0,1
5749,999,27.46577315742868,POS,Electronics,UK,19.0,0.25113030001557585,0.13076919784844465,0,1
5555,637,96.52710022652185,ATM,Grocery,US,22.0,0.019795814461154936,0.0514135545734271,0,1
7820,636,2.530267528172665,Online,Electronics,TR,23.0,0.12118823775598181,0.19800535525688706,0,1
8666,27,24.830678295249914,Online,Travel,FR,19.0,0.42468397685442044,0.18689417480741863,0,1
7547,833,215.12137463959934,Online,Clothing,UK,13.0,0.28380509113005514,0.18377465462014053,0,1
2036,188,0.0,Online,Clothing,TR,23.0,0.13040268087332965,0.019548537171870578,0,1
7550,966,638.719086860024,Online,Food,UK,6.0,0.5698596438706041,0.25799578957279873,0,1
4453,615,109.56652602179318,QR,Travel,TR,21.0,0.36798549686202736,0.4140101493696792,0,1
9635,927,4.7942916769622475,Online,Travel,UK,21.0,0.16755875972073347,0.13861105318051484,0,1
1265,442,8.13576503678761,QR,Grocery,US,9.0,0.08803069947539204,0.5550859113432224,0,1
1701,181,7.668009476593193,QR,Electronics,US,21.0,0.12791027900145022,0.12557585576116043,0,1
7953,446,120.37777802374694,Online,Clothing,US,18.0,0.3254406184038729,0.08150840121132959,0,1
4493,489,241.71267865546457,QR,Travel,FR,18.0,0.7227078353458863,0.5530270390419342,0,1
6081,392,456.0423664371929,ATM,Grocery,FR,1.0,0.2637703598153486,0.25987165830564457,0,1
9331,734,0.0,POS,Clothing,UK,21.0,0.045324212565267655,0.017644657246807822,0,1
6366,840,14.471083626920294,POS,Food,UK,5.0,0.07605730678331697,0.16301314076795573,0,1
8490,119,65.34859110460127,Online,Food,US,22.0,0.20050178561099302,0.3806020015629481,0,1
902,502,77.72650310272199,POS,Electronics,TR,21.0,0.3001003482443868,0.3927253743549619,0,1
5176,684,225.44069008452453,ATM,Grocery,UK,15.0,0.103701250542554,0.21638396405217442,0,1
9879,695,127.0320660347155,Online,Clothing,US,13.0,0.06578384240751692,0.07082698509690354,0,1
6554,435,55.6975511623291,QR,Travel,UK,23.0,0.21477968052489996,0.05016395886438993,0,1
1812,678,233.5457784419457,ATM,Electronics,US,10.0,0.2891560071690172,0.6306335491462084,0,1
2964,687,38.70233865148036,QR,Electronics,FR,21.0,0.060207093569014686,0.0075729822179686455,0,1
2471,904,14.25574264307969,QR,Electronics,DE,14.0,0.03500830121268707,0.05875902313477377,0,1
8621,215,248.50427700281054,Online,Electronics,FR,22.0,0.09171117212202105,0.30667291592984114,0,1
6336,75,46.85377943747867,QR,Grocery,DE,11.0,0.18841248814717892,0.03602025148898826,0,1
5028,942,40.40930737220191,POS,Clothing,TR,22.0,0.1881359454787547,0.22258177537232368,0,1
3729,719,34.34028137104212,ATM,Travel,DE,6.0,0.05681994857496592,0.11116945990135754,0,1
6252,400,306.65203525512504,QR,Grocery,US,17.0,0.3572014927203112,0.11378658657370473,0,1
3077,720,0.0,POS,Food,FR,22.0,0.2319830210429366,0.0853229312408783,0,1
613,627,336.18917998238453,POS,Electronics,US,19.0,0.09502946071659978,0.19536910967821647,0,1
3419,489,7.284727321876975,ATM,Clothing,US,21.0,0.11530406346293795,0.031932874972796926,0,1
196,103,312.52209392322357,ATM,Electronics,TR,7.0,0.2155883923707801,0.09627825234693513,0,1
1834,90,12.163529598421023,ATM,Travel,TR,16.0,0.04195277037176081,0.055603017857794645,0,1
3387,539,209.4687158169426,ATM,Food,FR,21.0,0.108621492148546,0.07297780688271854,0,1
1920,142,9.867303873924719,Online,Electronics,FR,18.0,0.5291259611232627,0.11425920958849473,0,1
7911,82,35.39467872419724,POS,Grocery,TR,14.0,0.019904680852610775,0.15824634558499207,0,1
8567,907,3.458239916235983,ATM,Grocery,DE,12.0,0.13080374063311942,0.5153733306701709,0,1
8846,23,92.97939532876983,POS,Grocery,TR,22.0,0.02205723864621337,0.038945011450114024,0,1
1546,551,336.820914114798,POS,Clothing,FR,22.0,0.018810012576646183,0.02052044282210122,0,1
6165,528,11.697418389432169,ATM,Grocery,DE,7.0,0.12073004486902658,0.1617242013047556,0,1
9150,922,85.17904437324232,QR,Grocery,DE,17.0,0.04021378451352248,0.20033683012957032,0,1
3046,541,375.074048813559,Online,Grocery,DE,18.0,0.2379814801912419,0.6401173676641813,0,1
9066,847,31.32982666747283,ATM,Grocery,TR,14.0,0.024632275782545444,0.3365005978732464,0,1
8032,315,13.8539077843273,Online,Electronics,FR,16.0,0.06478022341364051,0.05019398925034686,0,1
7969,9,975.7739766377981,POS,Electronics,FR,21.0,0.1033252388126138,0.17663425980211894,0,1
4552,889,27.727498297430053,Online,Electronics,UK,13.0,0.11378002461527606,0.1186594743609557,1,1
3313,274,224.19085854705952,POS,Food,US,21.0,0.1474530721517651,0.16408611695603534,0,1
8103,849,12.11983585534886,Online,Electronics,US,15.0,0.15453623445461215,0.05997492023038766,0,1
8163,681,25.169613140172117,QR,Clothing,UK,3.0,0.1492020456745745,0.061330600730284665,0,1
8903,216,17.760377224331418,Online,Travel,TR,12.0,0.020966289425069624,0.08135991267282024,0,1
6332,721,237.54484089775005,ATM,Travel,FR,20.0,0.271744537681264,0.2998149469269523,0,1
4380,22,192.5624396090555,Online,Food,DE,22.0,0.17269153041519117,0.056858253805539785,0,1
8692,20,197.96032614785886,POS,Travel,TR,5.0,0.07567429184374223,0.03554231509440289,0,1
6746,107,117.76312445482873,Online,Food,TR,21.0,0.030380818619796607,0.10275047126323808,0,1
5519,660,291.826505058624,ATM,Travel,UK,11.0,0.022940312732825804,0.03979463428813354,0,1
1635,438,230.26068974145025,Online,Food,DE,18.0,0.36667032854769793,0.11412325397955049,0,1
7686,384,117.87779927342385,POS,Grocery,TR,19.0,0.014950017146438257,0.1552679883673805,0,1
5532,264,16.76748107189312,QR,Food,DE,20.0,0.2603698068752813,0.2896369516322994,0,1
8184,902,379.3698517225475,Online,Grocery,US,20.0,0.03394013233469442,0.2086345853512656,0,1
7249,309,73.77699593126702,Online,Electronics,TR,8.0,0.13938588633077095,0.5411826454477895,0,1
4664,656,324.61913376424127,QR,Food,DE,22.0,0.30541922912458014,0.36727073047455727,0,1
7533,0,183.0004173664845,QR,Electronics,UK,22.0,0.32425505494503776,0.3121505570595318,0,1
8350,877,16.66678764977899,QR,Clothing,UK,8.0,0.18972854647656803,0.2585635919880056,0,1
2758,64,60.06968865950135,Online,Clothing,TR,15.0,0.13081524398658606,0.43027780962301526,0,1
912,834,65.90988976929786,QR,Food,UK,1.0,0.1409088245606372,0.23090500446742102,0,1
3301,310,410.832174622287,ATM,Food,FR,12.0,0.07709174271658074,0.11678261079482777,0,1
2963,488,9.329283469145171,Online,Travel,TR,21.0,0.07588484446737594,0.29800903591598293,0,1
4490,195,88.57397678089751,Online,Travel,UK,10.0,0.1474957992405921,0.0782785708386245,0,1
4842,530,20.063391131725815,Online,Grocery,UK,15.0,0.1848891974730156,0.15938990295432037,1,1
5224,616,273.92786714157154,POS,Food,UK,6.0,0.4154628677357358,0.3134123892315683,0,1
2197,738,0.0,POS,Travel,FR,3.0,0.09889055663365731,0.4601963052149561,0,1
7459,851,797.0070671233278,ATM,Grocery,UK,22.0,0.2002918300600211,0.18763243877336216,0,1
6204,341,97.08101834804064,POS,Clothing,TR,18.0,0.1187647693871009,0.14397203251011434,0,1
8093,201,164.1365418585391,ATM,Travel,US,5.0,0.33579790944205395,0.3416716956607509,0,1
2976,880,162.41941165239209,Online,Clothing,US,16.0,0.10804926310625186,0.145832000144699,0,1
2698,769,77.89019739019201,ATM,Travel,DE,17.0,0.2144224746354774,0.12483032870187713,0,1
2163,188,439.10054269630695,Online,Electronics,TR,19.0,0.03326707821185574,0.02737485263452256,0,1
7450,928,64.76068477496449,ATM,Food,US,21.0,0.03661721550151639,0.14597339580206858,0,1
9386,811,148.97038420375426,ATM,Grocery,NG,21.0,0.10698662915029993,0.12828333236988307,0,1
8767,876,191.70979513819094,ATM,Grocery,FR,18.0,0.047201653743168204,0.15020573959561007,0,1
7442,819,146.87429952690567,POS,Clothing,FR,11.0,0.13380364466217376,0.17676958280611527,0,1
7627,200,119.64573514749688,Online,Travel,UK,16.0,0.2841825067011703,0.235243730638443,0,1
1164,736,0.0,QR,Travel,DE,20.0,0.035983003749344766,0.20511440671786096,0,1
306,693,172.6296799584472,QR,Electronics,FR,12.0,0.04051494042796633,0.40321932698711044,0,1
7075,186,55.992497563538265,Online,Grocery,US,19.0,0.21683878582242286,0.10669581239848629,0,1
1766,332,81.19408765015585,POS,Electronics,UK,19.0,0.11553536812405893,0.027191983950564345,0,1
9539,5,59.33929636403341,ATM,Electronics,TR,12.0,0.0686144162282433,0.09850080117850817,0,1
5208,938,169.34891736820094,Online,Travel,FR,21.0,0.10155583563762534,0.3679719587851221,0,1
917,175,19.294532219675876,ATM,Clothing,UK,21.0,0.08603319358853248,0.15661896346926454,0,1
6875,539,4.300225010678769,QR,Travel,TR,22.0,0.1609579043189732,0.05549660847209041,0,1
1190,232,2.794121635371339,POS,Food,TR,16.0,0.06383994817162364,0.5348188372429465,0,1
5168,432,55.29939528410898,POS,Grocery,FR,20.0,0.07354279123632265,0.01414813286197119,0,1
3025,990,90.63140718578423,QR,Clothing,TR,22.0,0.04847239920439792,0.03304859402425452,0,1
4726,105,229.1997270613621,QR,Food,FR,5.0,0.1655687589717252,0.44565151420095295,0,1
1841,605,119.00891693743104,ATM,Food,US,22.0,0.07331178174930553,0.1082755277155507,0,1
5476,82,121.17323209023056,POS,Clothing,FR,22.0,0.07926411096552445,0.37366652519898025,0,1
8520,10,71.59478411743646,QR,Clothing,UK,19.0,0.16514893378545464,0.16916761083193202,0,1
8937,156,263.6934279886524,ATM,Food,US,19.0,0.14122525763532584,0.49836353370569,0,1
6894,42,314.36034770438926,Online,Food,FR,13.0,0.7826490390201977,0.0992059100603138,0,1
596,524,190.4412026282394,Online,Electronics,DE,19.0,0.12183769452253572,0.8334833267635441,1,1
4745,170,813.0974366831679,ATM,Grocery,UK,12.0,0.30658321367092445,0.29039343096863696,0,1
5945,279,328.4162830759016,ATM,Food,TR,22.0,0.03804351393352536,0.08807912442671043,0,1
6131,908,178.64369815455532,Online,Clothing,US,20.0,0.08828435481461101,0.06340110677194191,0,1
326,707,40.08282013408042,POS,Food,FR,3.0,0.05670814885391124,0.16543082284161337,0,1
4782,92,73.71523345401442,ATM,Food,DE,15.0,0.026208906927551158,0.050664551813767285,0,1
235,309,137.94207772246978,POS,Grocery,TR,5.0,0.05299450493596913,0.08340711866678943,0,1
2203,214,4.599711995442796,QR,Food,TR,18.0,0.12042267593998096,0.02213902987422842,0,1
7862,403,0.0,POS,Grocery,DE,6.0,0.10278394795835862,0.06901234477883342,0,1
9934,916,797.6124589527736,ATM,Electronics,US,21.0,0.14983922418747264,0.22442948975550378,0,1
8481,871,136.7144944019296,Online,Electronics,US,10.0,0.2770935290701303,0.2495737692623952,0,1
3830,796,6.595062022146823,QR,Food,FR,11.0,0.282331253151808,0.14437550870710594,0,1
9089,514,54.31619234210164,ATM,Clothing,US,15.0,0.020183623307134822,0.3183552674617831,0,1
5298,207,408.47778494725156,POS,Grocery,UK,2.0,0.24308146848036533,0.15338372753441362,0,1
2914,142,129.91028315180816,POS,Food,US,14.0,0.02440234871792791,0.3559444059692405,0,1
631,509,155.48702017963208,POS,Food,FR,23.0,0.03458481259253131,0.19207431659619945,0,1
8549,708,284.320914115098,QR,Electronics,US,21.0,0.021248484781313963,0.44437311500667154,0,1
3532,671,396.2239641548488,POS,Food,TR,22.0,0.06524462959660696,0.569581175446944,0,1
2446,283,317.2750598864874,ATM,Grocery,US,12.0,0.12604506576346344,0.40389948245781576,1,1
2911,649,105.33337952119359,QR,Food,FR,18.0,0.30158266542760953,0.07259425063008394,0,1
7527,497,149.29281265001984,QR,Electronics,FR,19.0,0.200338254748272,0.16503143780065962,0,1
98,73,33.36958697332473,QR,Clothing,TR,22.0,0.20826169411586842,0.054443257995275815,0,1
4087,412,69.8113687881437,POS,Food,US,15.0,0.15028644402059796,0.2481880036003136,0,1
8329,907,87.36410291062624,QR,Travel,TR,15.0,0.24651208285110424,0.035132222078098595,0,1
8267,33,635.967556640449,Online,Clothing,US,4.0,0.5212537494253415,0.13511791648419405,0,1
4386,833,3.056111729568939,POS,Electronics,TR,12.0,0.02440065469239603,0.23634347898157654,0,1
5101,428,203.24620335548153,Online,Travel,TR,3.0,0.5241727437181218,0.13008059352555806,0,1
8465,60,632.0861241289305,Online,Electronics,TR,15.0,0.019640457362367518,0.19497987642937895,0,1
8589,730,150.11394178152315,QR,Food,US,10.0,0.03749540404913035,0.18913488992407895,0,1
54,136,214.80503774541762,Online,Clothing,FR,8.0,0.4900513510680616,0.18302496876150687,0,1
5797,787,212.23951515147488,ATM,Travel,TR,6.0,0.1672417544521015,0.10447760895828928,0,1
9394,700,299.0691244945507,POS,Food,TR,17.0,0.48843353203300705,0.33559746573807064,0,1
9079,340,45.43248619477153,QR,Travel,US,21.0,0.19938500975364276,0.07264385875609601,0,1
1009,127,166.292480645888,Online,Food,US,10.0,0.5267722644664167,0.363842938787111,0,1
4186,150,81.32794438753224,QR,Travel,TR,18.0,0.05331763428092812,0.37091785309575925,0,1
5983,230,157.91250758791975,ATM,Food,TR,14.0,0.22219908703272945,0.8640275643294877,0,1
2877,404,376.1457894259597,Online,Travel,UK,17.0,0.1089026915492691,0.2218484457973118,0,1
4779,58,87.72442417638644,QR,Electronics,TR,23.0,0.0618244444909348,0.25898376968782477,0,1
9962,778,62.45369220002867,QR,Food,TR,18.0,0.1694268625079564,0.22498790058504411,0,1
142,222,163.9268691816196,POS,Electronics,UK,18.0,0.053785866811250055,0.07029305827221774,0,1
1311,158,31.106361576984735,Online,Travel,UK,10.0,0.35404497128480533,0.0328359632820568,0,1
795,847,201.6781948222723,ATM,Travel,US,21.0,0.27949814202976625,0.4540601832578259,0,1
8750,435,243.67273005728546,Online,Food,DE,23.0,0.07572919068459474,0.13279649719754755,0,1
9832,909,31.772862562013863,POS,Food,DE,18.0,0.0612865068270949,0.019435721240428555,0,1
8963,283,457.1036127457538,QR,Clothing,TR,10.0,0.10697227478823358,0.0904830393911532,0,1
9912,19,10.95850520673061,QR,Clothing,UK,10.0,0.33541937553334633,0.08723719954602992,0,1
5472,824,55.30545737531561,ATM,Clothing,DE,18.0,0.14045466878076174,0.13757938948200316,0,1
474,990,191.38532111627697,ATM,Electronics,UK,22.0,0.0367653007325573,0.1603370994160502,0,1
6938,91,252.89335823640587,POS,Grocery,TR,18.0,0.16956168717929967,0.3210812745258544,0,1
7331,605,189.94233182111458,ATM,Travel,TR,2.0,0.23835384593954367,0.10139525374908508,0,1
4533,222,322.5745563734693,QR,Travel,DE,10.0,0.16813987414460643,0.10243631851143056,1,1
4550,279,0.0,QR,Electronics,DE,21.0,0.07956951960194741,0.06193588119446828,0,1
8829,365,16.299564115170853,QR,Electronics,FR,19.0,0.2983689630941698,0.42608386066896176,0,1
2170,644,397.8790926054432,POS,Grocery,FR,20.0,0.25380097526025264,0.03992068194080094,0,1
1849,273,25.964796494157504,ATM,Clothing,UK,21.0,0.07905117412835969,0.13037030712430522,0,1
2695,907,176.12067985564107,ATM,Electronics,US,15.0,0.11640149312911208,0.009977532442635734,0,1
6886,294,263.7520078987539,Online,Electronics,UK,21.0,0.17158140371712666,0.3670282175192465,0,1
7053,414,4.621672508144914,ATM,Food,DE,2.0,0.34833807229947117,0.27129853933715614,0,1
6442,203,619.284206867643,ATM,Clothing,TR,20.0,0.19123280745953433,0.3502353484173123,0,1
5162,755,61.12016904847874,ATM,Grocery,FR,10.0,0.020332664015016794,0.11036998383037883,0,1
8087,325,6.761170447164777,POS,Food,TR,13.0,0.23863712785002347,0.2562456768588442,0,1
5185,687,10.943194954840433,Online,Travel,DE,21.0,0.1579927966401844,0.3712850818805651,0,1
8330,745,195.84089368398463,POS,Travel,US,8.0,0.27875720892405736,0.44970073851445747,0,1
7637,554,10.061574433606388,QR,Clothing,FR,22.0,0.01311675298492721,0.06835570763637498,0,1
7176,881,436.25987855346875,POS,Grocery,TR,11.0,0.0681859935153093,0.192440942491124,0,1
1979,20,50.024228463761354,Online,Travel,UK,7.0,0.1654025224103259,0.18221498008475662,0,1
3695,573,322.97407690398546,Online,Grocery,US,18.0,0.3874935712419453,0.31413185417680706,0,1
1522,884,39.91672393804001,QR,Electronics,TR,7.0,0.05839991890066791,0.156104029666756,0,1
986,557,146.54606909514482,ATM,Grocery,TR,21.0,0.31965700666917884,0.14292472234236026,0,1
9898,214,42.34541032502499,QR,Clothing,US,22.0,0.09074231010866382,0.13401830068118195,0,1
8529,329,52.862272169430746,QR,Electronics,UK,5.0,0.10348138664277565,0.15685170705001542,0,1
8820,309,27.691628226670453,POS,Travel,FR,23.0,0.17655433118362318,0.12533190570776415,1,1
2251,535,729.6393510717604,POS,Clothing,TR,14.0,0.4107684085499719,1.0,0,1
1628,234,60.616118662767086,Online,Clothing,TR,22.0,0.09481925107263325,0.16906328055458095,0,1
2365,185,341.64480196529445,QR,Grocery,FR,18.0,0.21954371769825143,0.16586474311582688,0,1
8909,156,99.35281406928844,ATM,Travel,TR,20.0,0.10513630862926775,0.11655556798831024,0,1
5039,44,0.0,Online,Food,UK,22.0,0.14240514710070296,0.0635335069342705,0,1
830,516,93.26979326612965,QR,Grocery,TR,19.0,0.1262316148791636,0.010923747951539876,0,1
7507,527,5.216458157314923,POS,Food,TR,19.0,0.17591785971317486,0.16470099178744796,0,1
4126,912,259.62821855983896,POS,Grocery,US,3.0,0.05148361363603998,0.14547986274812633,0,1
4022,844,100.34268031442588,QR,Electronics,US,5.0,0.21166196559716371,0.2363612639560037,0,1
677,749,388.7650407854681,ATM,Travel,FR,22.0,0.18416064237954421,0.23193840235264734,0,1
7523,121,45.29293610682492,QR,Electronics,US,20.0,0.1301484355805571,0.21714456446135305,0,1
9762,395,115.52444055921552,ATM,Travel,TR,17.0,0.08015085662324939,0.05558663970200157,0,1
3299,911,56.911879454737026,Online,Grocery,UK,21.0,0.1577869190338562,0.27338046369109953,0,1
3468,387,82.09925088431082,QR,Clothing,FR,8.0,0.16328597506928239,0.16145715318090598,0,1
1865,738,64.2001378087066,ATM,Clothing,UK,22.0,0.32802908423219035,0.16488736558315534,0,1
5868,250,110.84455051826217,ATM,Travel,TR,16.0,0.1695971054451099,0.05488292339965755,0,1
7374,823,51.146365265183164,Online,Grocery,FR,18.0,0.21539772047095482,0.19974771415930234,0,1
5260,64,161.18257098899306,QR,Food,DE,13.0,0.05830845513207191,0.10594098652634312,0,1
4201,939,5.876499046434416,QR,Food,US,15.0,0.08752241288286693,0.06585317816899788,0,1
6587,621,426.2569455534029,POS,Travel,FR,20.0,0.4999890956389912,0.4546551908710641,0,1
3916,886,502.47944912548394,Online,Grocery,TR,7.0,0.24269760216621955,0.023938711264257964,0,1
6853,578,230.84106468000033,ATM,Clothing,TR,17.0,0.16168080876309268,0.5080978163196892,0,1
8028,470,202.04628430009197,POS,Electronics,TR,22.0,0.08507562396539771,0.2564605214618898,0,1
1020,362,278.4215030803916,POS,Travel,TR,16.0,0.2318846982941174,0.11415936233791413,0,1
6781,523,556.5594496679944,POS,Clothing,US,12.0,0.13694693768342528,0.20757002790414372,1,1
274,418,91.37365592812931,QR,Grocery,TR,21.0,0.22297774078322427,0.17227621067516294,0,1
524,648,25.749822870442053,QR,Grocery,US,19.0,0.1394558483624288,0.02098022653179285,0,1
2185,52,77.16937161709272,ATM,Food,FR,14.0,0.46910118043474996,0.13876418622480882,0,1
2818,949,172.89149449114234,QR,Travel,TR,18.0,0.07084209470652937,0.13723589198802272,0,1
2382,78,351.4531906055082,ATM,Grocery,TR,1.0,0.23184004906520117,0.1167334239282656,0,1
7575,962,132.8871008672231,QR,Food,UK,8.0,0.02927503976240531,0.028104989655367816,0,1
5139,560,6.380242252119842,Online,Grocery,UK,9.0,0.03523044397946401,0.07427874416718908,0,1
5986,43,599.572882110132,ATM,Food,DE,2.0,0.12218296652339342,0.23399018061609872,0,1
2494,137,48.14142682365299,Online,Grocery,US,13.0,0.007816853239730621,0.2108369582675873,0,1
2283,15,116.24965637229036,ATM,Clothing,DE,16.0,0.24326343292731514,0.32919594606616204,0,1
5614,667,59.438684351153036,ATM,Grocery,FR,18.0,0.06885977820549677,0.10415075992382257,0,1
9725,993,6.4963962593975015,POS,Clothing,US,20.0,0.10953596210524796,0.02834170620422121,0,1
739,460,99.45796032872046,POS,Food,TR,20.0,0.18955585154255963,0.18499240837013317,0,1
8719,813,13.009755135795098,QR,Travel,TR,12.0,0.11249382002630186,0.35904012675950664,0,1
4766,393,366.93896614591023,Online,Clothing,UK,22.0,0.5956444141256062,0.38930009433755464,0,1
1728,932,10.703636256693356,QR,Food,US,23.0,0.39661042404980207,0.08696918933541459,0,1
3163,980,302.8923449503431,ATM,Electronics,UK,0.0,0.13491660258463323,0.05923666674433227,0,1
4975,648,18.735083037779788,POS,Grocery,DE,2.0,0.009623209208676781,0.03178806456113564,0,1
8934,721,54.29571203670858,POS,Travel,FR,17.0,0.21817745495650492,0.0819855388158923,0,1
6360,736,360.32346473715575,ATM,Clothing,US,13.0,0.40855050044109525,0.08078136068028516,0,1
1648,45,20.67225693974666,Online,Food,DE,22.0,0.11295923008699822,0.31382403168317824,0,1
8276,817,157.45745149544737,ATM,Grocery,FR,20.0,0.5503344847184245,0.20474963837975374,0,1
2015,814,18.041300254817305,Online,Electronics,DE,23.0,0.19857437305266354,0.0744506334032103,0,1
3706,334,17.649901732242572,ATM,Food,US,19.0,0.6163933430635793,0.10995580546720488,0,1
8227,777,31.024885578498857,POS,Electronics,DE,6.0,0.33971408737331366,0.049727860851396744,0,1
3558,720,287.0948190962388,POS,Travel,DE,18.0,0.4613898241253478,0.407739450769403,0,1
3520,236,675.4848454867995,Online,Grocery,US,14.0,0.2619446281780082,0.4118013817434222,0,1
1119,842,250.70727505055356,QR,Grocery,FR,15.0,0.30280756396833935,0.0794785685923855,0,1
8346,566,258.5581282510402,QR,Food,UK,8.0,0.07770851954781123,0.16786430269224004,0,1
1307,98,68.54114254866596,Online,Travel,DE,22.0,0.07637342239896144,0.2899035736306092,0,1
6990,337,302.4444925810399,Online,Food,TR,16.0,0.14614064227695248,0.10862574972222944,0,1
960,274,5.874642005683169,POS,Food,TR,22.0,0.036154929732191934,0.23331114340237025,0,1
3515,990,38.72861010007844,ATM,Food,FR,4.0,0.05568913508425162,0.13391234024610482,0,1
3113,11,172.17791922303064,QR,Grocery,US,19.0,0.0289700563937973,0.04564395280295458,0,1
7659,186,482.8928709920787,POS,Food,FR,14.0,0.29232490733408023,0.22616177437015272,0,1
7771,180,463.6424374563735,QR,Travel,UK,22.0,0.23982271477724296,0.7406524282656981,0,1
8230,824,36.203343614264256,Online,Grocery,UK,12.0,0.09879300129468968,0.24829320704672533,0,1
84,348,325.26139090095774,QR,Clothing,UK,14.0,0.5023218050054077,0.30677398897430513,0,1
5409,179,91.06253335114829,POS,Clothing,TR,15.0,0.1495199897353934,0.1503145270191652,0,1
960,964,44.49099417909109,QR,Clothing,US,7.0,0.2861999645589555,0.16698169398108473,0,1
6753,647,62.70669154495828,Online,Grocery,UK,8.0,0.16665281857420805,0.18029905206754074,0,1
1863,73,574.5789085145266,Online,Food,US,8.0,0.4327554757268096,0.4818266731912537,1,1
1870,497,113.03354256576806,POS,Travel,FR,18.0,0.5179268960317827,0.4069516317005413,0,1
6800,702,326.25623390617756,QR,Grocery,US,6.0,0.24895264534022168,0.17928471761131137,0,1
2867,648,13.11100434648225,QR,Clothing,DE,7.0,0.5558550452248088,0.43884765516084384,0,1
2057,374,76.31039801310163,Online,Electronics,FR,15.0,0.14185434597598387,0.019928302132645164,0,1
6464,757,57.45189195470587,Online,Electronics,DE,9.0,0.18494086457124656,0.5262470971369584,0,1
4820,678,0.0,Online,Travel,UK,13.0,0.026957252646918825,0.17826672045823275,0,1
2487,337,26.682277507256487,Online,Electronics,DE,14.0,0.2132750947575127,0.37353776902000413,0,1
9311,68,76.63456671877782,POS,Grocery,DE,21.0,0.06260009742484579,0.16501317821992084,0,1
4631,430,721.7111620852596,QR,Electronics,DE,14.0,0.16693522164142427,0.19837317370567484,0,1
5622,197,107.06178208374338,Online,Electronics,UK,20.0,0.02837814607609819,0.19766800737416929,0,1
3811,859,469.8201728613364,QR,Electronics,FR,19.0,0.31937592544442184,0.1637071287457356,0,1
496,181,10.297329866194149,ATM,Clothing,US,3.0,0.12517263119667849,0.1333237584329785,0,1
824,913,19.420972646832617,QR,Electronics,TR,21.0,0.1256955804355837,0.07087265491127828,0,1
7959,893,312.2113077442623,Online,Electronics,UK,13.0,0.432239610891624,0.46352516337959015,0,1
1347,217,137.0233666741284,ATM,Grocery,FR,14.0,0.12403616753646791,0.06376182978051773,0,1
4161,40,6.876904286026792,QR,Electronics,DE,20.0,0.009279412371136098,0.05340724390081139,0,1
8264,760,11.770502620697348,Online,Travel,FR,22.0,0.26538015499917683,0.01556259159238255,0,1
8198,870,128.14369959911005,ATM,Food,UK,14.0,0.17111501515681612,0.02276341710739689,0,1
6279,438,96.6915598736907,Online,Grocery,DE,11.0,0.14028203397714425,0.10464137228975104,0,1
71,620,161.58577668601762,ATM,Clothing,FR,16.0,0.08649464995212774,0.08838629482325669,0,1
3207,7,160.3529865208104,ATM,Grocery,US,15.0,0.5313697699729645,0.17805792675108517,0,1
8822,651,1.1466260011091292,POS,Food,TR,20.0,0.017094681891593654,0.03016309608769361,0,1
3337,890,58.375470747139566,QR,Travel,TR,21.0,0.02808308386771122,0.11378746241208111,0,1
1191,537,72.961259150224,Online,Food,UK,17.0,0.18004508832430066,0.5404559318961941,0,1
3772,590,37.19580625939643,POS,Food,TR,9.0,0.29066205890437125,0.2276240052070287,0,1
7725,257,365.0705352529205,POS,Clothing,FR,22.0,0.29352263332202566,0.2747598850399057,0,1
8150,991,0.0,POS,Travel,DE,7.0,0.1707992493421917,0.16347737951939723,0,1
4242,158,83.74217390916591,Online,Grocery,US,20.0,0.10161608613165181,0.13364735036705067,0,1
1481,965,117.33296387229764,QR,Grocery,DE,22.0,0.11983220963200662,0.11730031842152476,0,1
3825,255,24.875903332557517,QR,Grocery,TR,8.0,0.25759956643944587,0.1729358642239535,0,1
6725,812,9.573786894337553,QR,Travel,DE,11.0,0.23321670741270015,0.05013719164050026,0,1
4537,301,435.87844926661114,QR,Grocery,DE,17.0,0.36628771744778366,0.36907635147539875,1,1
2673,848,46.79130672128774,POS,Grocery,DE,22.0,0.2961916343436115,0.23743697019765905,0,1
9794,413,243.99603864038835,Online,Food,UK,9.0,0.128747097202427,0.2838702481107003,0,1
4313,322,480.6925029957883,POS,Travel,TR,21.0,0.24642847656280142,0.17839054867733437,0,1
4877,687,91.2859472899057,Online,Travel,FR,1.0,0.2721730292082351,0.6049637014524771,1,1
6070,655,101.65989515049677,Online,Travel,DE,23.0,0.11015486699609704,0.06742249641168496,0,1
8841,58,94.56348478473241,ATM,Food,DE,16.0,0.5112751410264529,0.27307254748289816,0,1
8888,126,58.9405363008957,ATM,Grocery,US,19.0,0.2917215918464495,0.14708800978787784,0,1
1292,594,228.35429637507247,QR,Electronics,TR,15.0,0.10364800110929119,0.4736138132309083,0,1
1122,21,0.0,ATM,Food,US,22.0,0.007743284445399264,0.0528449060238073,0,1
9125,409,187.65947670090551,Online,Food,US,20.0,0.09337182503947784,0.1802552561065963,1,1
1617,865,52.00753007608503,Online,Clothing,US,18.0,0.22241085653655193,0.06258336014185947,0,1
9289,308,158.1198783664965,ATM,Grocery,DE,19.0,0.1289529912455335,0.2521715240273932,0,1
9068,745,22.517235715128617,QR,Grocery,UK,14.0,0.453055879666501,0.04503657670271678,0,1
3206,379,155.86345975770567,Online,Electronics,FR,17.0,0.014348307930729717,0.055068789733435014,0,1
6121,607,58.89798362427487,ATM,Travel,FR,22.0,0.022082525306165217,0.27979995494222515,0,1
7116,704,70.65976623869928,POS,Travel,FR,23.0,0.02519522472434886,0.09943847584378737,0,1
4801,336,768.4183576473943,Online,Electronics,DE,11.0,0.21930989829316666,0.22802654066013048,0,1
6831,34,10.375967498216317,POS,Food,TR,4.0,0.23948091141229313,0.07665956250643187,0,1
2774,445,28.464673730680573,Online,Clothing,US,22.0,0.02764095514239094,0.020150077490865625,0,1
7407,966,18.094235257590764,ATM,Clothing,FR,20.0,0.08611842436146512,0.1461479833104757,0,1
8411,108,4.142029202030924,POS,Electronics,TR,9.0,0.12129931376522918,0.039754256733988774,0,1
5635,799,43.31507175875266,QR,Clothing,UK,21.0,0.3016522537396481,0.24441151788333856,0,1
4920,150,150.70463471989098,QR,Food,FR,21.0,0.17565900857098743,0.1593758492939444,0,1
8816,797,293.8130925253846,QR,Electronics,FR,21.0,0.07205533498492449,0.07998918995053018,0,1
4296,233,38.69349004343395,Online,Clothing,FR,22.0,0.14902627528946827,0.1285450003821261,0,1
4131,414,58.20909889019044,Online,Clothing,DE,17.0,0.07468135232344175,0.07082700329326934,0,1
8062,855,54.19575663681867,POS,Food,FR,7.0,0.2032936838215773,0.05093404165036503,0,1
3283,420,0.0,Online,Food,UK,13.0,0.09095649548777193,0.15680228658833018,0,1
6506,79,11.007639140598762,POS,Clothing,US,7.0,0.10511604749580111,0.40466577849701396,0,1
4339,881,6.122626240938326,ATM,Electronics,US,14.0,0.05455320122862051,0.294839921879753,0,1
2272,272,173.15696071409303,POS,Electronics,FR,12.0,0.19958673576834737,0.06254077454576738,0,1
3920,700,219.4719528572428,POS,Electronics,US,12.0,0.06840730293674588,0.011819849460990357,0,1
7582,244,71.67295139878986,QR,Clothing,US,19.0,0.1809402727188756,0.1281174044354879,0,1
7991,324,0.0,POS,Clothing,FR,10.0,0.09425508683090288,0.04656531310004513,0,1
1832,656,216.67733393734474,POS,Clothing,DE,17.0,0.0936957425192764,0.3650607318790382,0,1
5265,567,307.89114725909803,ATM,Grocery,DE,17.0,0.12222687762390796,0.07591374175851295,0,1
6810,597,375.3032190239806,ATM,Travel,US,20.0,0.15810105219214213,0.17704870630020877,1,1
2377,353,127.90086387976608,POS,Food,US,17.0,0.6508374383439345,0.6738567755207243,0,1
9971,624,253.09293991188505,Online,Food,US,6.0,0.12571745232329318,0.1710053230041799,0,1
8157,306,119.93201282087007,ATM,Clothing,DE,16.0,0.1341143476658532,0.10105131552746723,0,1
4728,523,233.2422438944419,ATM,Clothing,US,17.0,0.3048635113437529,0.15876731120812418,0,1
2549,647,551.176987961805,ATM,Clothing,DE,21.0,1.0,0.19740188147462676,1,1
8929,800,545.0422350637205,ATM,Travel,FR,22.0,0.39443500103129314,0.38717224490356195,0,1
2391,920,147.4737556453521,Online,Grocery,TR,0.0,0.2852349242564582,0.11344208385201365,1,1
887,387,374.0688191046178,POS,Food,DE,8.0,0.3070714401227347,0.254382547826829,0,1
6165,663,205.92334820003512,POS,Food,DE,17.0,0.08601493508024809,0.2678226280397808,0,1
6495,986,299.8762373326813,Online,Food,TR,16.0,0.07801475254576011,0.04023350471393544,0,1
9568,540,45.06236934148422,ATM,Grocery,UK,19.0,0.12966956633571344,0.2732236717632967,0,1
1496,782,179.67602301132243,POS,Travel,TR,19.0,0.4074354657832491,0.12962408756434368,0,1
9156,477,31.229302312777662,QR,Food,DE,17.0,0.15721214973677253,0.25774754662914245,0,1
4796,918,183.43974763473744,POS,Grocery,US,19.0,0.14108525262258553,0.18204552111084618,0,1
8566,421,176.7354584914519,Online,Food,DE,7.0,0.05421080629287232,0.2289459448561709,0,1
1258,611,373.67871213652603,ATM,Grocery,DE,19.0,0.20723973831949377,0.3068115678149752,0,1
1474,217,57.0956266458373,Online,Electronics,DE,20.0,0.11009003282488285,0.09480348231005499,0,1
4830,925,155.35176061811933,Online,Travel,FR,17.0,0.4890704164930667,0.2907007342824368,1,1
6610,62,96.8768440795298,POS,Electronics,DE,6.0,0.07720977841665654,0.030950289222741654,0,1
1144,432,306.00214337517514,POS,Electronics,TR,17.0,0.9310874168678368,0.3916777341739786,1,1
622,210,117.86352562304516,QR,Clothing,FR,20.0,0.05651623729650769,0.1203000312883764,0,1
8822,764,121.82270468830777,QR,Electronics,DE,6.0,0.03844144714359973,0.1715960974676329,0,1
9111,976,225.78312256525697,POS,Travel,UK,21.0,0.10705246335365165,0.0321333697562537,0,1
1589,421,41.15847579677086,ATM,Food,US,10.0,0.4454777170804123,0.2926999715088818,0,1
2535,602,352.9333436482493,QR,Electronics,UK,22.0,0.18968739742795448,0.16175060371215813,0,1
9468,236,115.10685790129402,POS,Electronics,DE,8.0,0.12975488643674246,0.08329883391093974,0,1
2205,193,310.6776959474887,Online,Grocery,TR,10.0,0.06266004436778767,0.12904109683820217,0,1
7977,348,7.378919723845511,ATM,Clothing,DE,18.0,0.06697045125411276,0.024859293445112306,0,1
6883,914,58.81885339215145,ATM,Travel,DE,9.0,0.028187314919757216,0.19455839313906195,0,1
4019,924,65.98353949241447,ATM,Grocery,DE,23.0,0.12464447244988645,0.5554540965962205,0,1
4617,55,82.17023187850685,QR,Electronics,TR,17.0,0.11374078862076793,0.11081994424165176,0,1
3982,114,128.80559819834124,POS,Clothing,US,20.0,0.06638175482917169,0.17818858331838647,0,1
4512,92,483.8933773082861,POS,Electronics,FR,3.0,0.12504757279811846,0.037151512490132925,0,1
2979,264,62.002460690347796,QR,Travel,UK,8.0,0.1911852324694328,0.1434929992093289,0,1
4441,127,24.44975885995679,Online,Electronics,UK,22.0,0.22054820130419522,0.029418163940730817,0,1
6954,626,2.0525880322834755,POS,Electronics,TR,22.0,0.09989489109785467,0.14071712517489768,0,1
8913,660,42.11995300791555,Online,Food,DE,19.0,0.07228712418027904,0.33970452723983113,0,1
24,619,9.074266644698177,ATM,Food,DE,15.0,0.246594757940073,0.1621288727337204,0,1
1844,389,33.827101784561265,QR,Food,UK,16.0,0.24864583100106366,0.4660662422991208,0,1
894,145,262.92650908189864,QR,Grocery,US,6.0,0.1677349675231199,0.20738043041673748,0,1
8333,174,111.0425660538846,POS,Travel,TR,16.0,0.2542871795483999,0.14806963827552902,0,1
4890,864,214.25982119968202,POS,Grocery,FR,20.0,0.08992595666232502,0.13935455996636995,0,1
2951,864,173.5234114993954,QR,Travel,DE,17.0,0.15577750079036196,0.1390098420681787,0,1
926,692,42.20839048234979,Online,Electronics,FR,5.0,0.03403097051187784,0.1822726936713293,0,1
1257,37,184.82898203370812,QR,Electronics,US,23.0,0.034440728434750864,0.02853183606911929,0,1
8353,313,206.39328306779302,Online,Clothing,DE,19.0,0.4188159392533749,0.05950761826666613,0,1
6636,611,50.2761946398871,POS,Food,US,10.0,0.8388336061621621,0.31272789235672976,0,1
1265,332,56.00361452219992,QR,Travel,TR,22.0,0.2367570321437227,0.018771493289900482,0,1
601,339,9.294859087487696,Online,Travel,UK,18.0,0.06453633209584589,0.05420387942460112,0,1
6340,951,19.009897221749625,POS,Food,US,20.0,0.01962198368700649,0.06748002566407055,0,1
960,517,64.91088083622583,Online,Grocery,TR,13.0,0.08641874940774806,0.014120899989211932,0,1
5013,254,91.29717034851924,Online,Electronics,DE,14.0,0.08141098307068169,0.018426837348443487,0,1
2798,925,305.9685370300524,QR,Clothing,DE,19.0,0.14456548134867603,0.11785960652378685,0,1
1050,103,55.55221777544605,ATM,Food,TR,22.0,0.08298740845228637,0.1901847299246428,0,1
6797,249,5.926682411940077,Online,Grocery,US,21.0,0.026287770055647315,0.006279922353662161,0,1
6348,55,92.82268604509404,Online,Grocery,DE,15.0,0.32902842177755104,0.2587532123503176,0,1
7299,581,83.6696132411926,POS,Clothing,DE,18.0,0.31050876645727593,0.06935417107774432,1,1
3471,849,173.1303293785696,Online,Electronics,UK,20.0,0.2561944494965615,0.13115562180778417,0,1
9858,876,44.26100967665562,POS,Clothing,DE,16.0,0.09357223535016139,0.14515604592808756,0,1
772,753,88.38423434538772,Online,Electronics,UK,18.0,0.1219075594066992,0.14372855438612359,0,1
5902,68,195.21221228013297,POS,Food,DE,20.0,0.8173173112655837,0.22628765467756762,1,1
5150,438,424.76714253190187,ATM,Clothing,FR,18.0,0.2201330444114876,0.4241818751494955,0,1
6529,64,0.0,Online,Clothing,TR,18.0,0.17884053608918712,0.041102682158937365,0,1
2858,588,146.982247349568,QR,Grocery,FR,19.0,0.4758655670473969,0.01816103393500963,0,1
6179,3,340.0652468161346,QR,Food,DE,3.0,0.347972204856388,0.29159880945045047,0,1
510,133,0.0,ATM,Grocery,UK,12.0,0.06519813002584435,0.09352129269527683,0,1
8528,464,635.5032592915526,QR,Grocery,US,19.0,0.27708968005829154,0.11592277039051196,0,1
7957,194,29.229687313116134,QR,Food,FR,23.0,0.23583145815140014,0.173458764297476,0,1
9043,27,67.28118329636203,Online,Grocery,UK,17.0,0.1570710031755356,0.21894754923702534,0,1
2080,308,512.266048582241,POS,Food,DE,22.0,0.1001397519885615,0.3331087095101725,0,1
2210,971,89.32954201870858,Online,Travel,DE,17.0,0.19281708632530925,0.7625416874168033,0,1
5065,712,327.2683991656846,QR,Travel,UK,17.0,0.27524819254872573,0.37573872478299253,0,1
265,514,127.28679437122327,ATM,Clothing,TR,8.0,0.09755976968885216,0.13340900222687507,0,1
5377,752,0.0,POS,Grocery,FR,22.0,0.12329125447807147,0.08236841597250362,0,1
9341,892,49.05469286391864,QR,Clothing,UK,19.0,0.12260984453791349,0.3331393389360034,0,1
252,249,139.7733765376527,Online,Travel,TR,15.0,0.2846527192460033,0.23054448697225288,0,1
7058,414,7.28752200998943,ATM,Grocery,TR,11.0,0.1404554291210559,0.056297518661468954,0,1
1504,248,114.88483241587865,QR,Clothing,FR,19.0,0.2793134421576385,0.04947812267250022,1,1
6163,916,156.54937595893838,ATM,Clothing,TR,17.0,0.31359942955757797,0.09099877164512735,0,1
7542,675,42.13156180145832,QR,Travel,US,20.0,0.06290864092474946,0.170419471243942,0,1
47,293,0.0,ATM,Food,US,22.0,0.02361525835175769,0.2974132186400593,0,1
6131,68,0.6058664802928959,Online,Travel,FR,17.0,0.09235745838391636,0.1295852365237484,0,1
813,759,244.346065600228,QR,Electronics,FR,6.0,0.3860654098026647,0.13831873645592369,1,1
6818,138,92.1395292003369,POS,Clothing,DE,19.0,0.028574871492763613,0.05925463181710911,0,1
1727,33,28.80243270874812,QR,Electronics,TR,3.0,0.35917822274923217,0.16330024581246466,0,1
6469,888,780.364318649783,Online,Grocery,UK,17.0,0.44183183539254084,0.4886307848671967,0,1
103,386,255.40687581218637,QR,Food,FR,2.0,0.12300373581840868,0.18705844625768397,0,1
9498,13,362.8527198179363,Online,Travel,TR,12.0,0.2270508015095184,0.41523664549577527,0,1
548,565,304.3204689881834,QR,Food,TR,18.0,0.40880598939456386,0.18272960573934371,0,1
8439,153,5.656886129707246,POS,Travel,US,9.0,0.12005173100853314,0.16472094715404972,0,1
1201,861,92.97285829432265,QR,Food,TR,14.0,0.26884823903424265,0.10415818809654001,0,1
2003,900,230.95665058406428,ATM,Grocery,TR,8.0,0.24261998261965506,0.3050027496017443,0,1
6236,680,81.67319973927731,Online,Clothing,UK,11.0,0.1827162406817544,0.0781604480492753,0,1
6394,475,389.9619678299533,ATM,Food,UK,13.0,0.0906214381924217,0.024278369151553035,0,1
9674,163,74.99693926774472,ATM,Electronics,FR,9.0,0.19284968620329124,0.13541250982491676,1,1
1935,77,586.9965259774325,POS,Clothing,TR,20.0,0.2199096648730991,0.27633531527404626,0,1
5475,316,87.7400550382635,Online,Grocery,FR,4.0,0.03456189110110463,0.0984671030958823,0,1
3770,460,18.525072133793405,ATM,Electronics,US,23.0,0.033939567007894716,0.1543576034012027,0,1
7062,981,186.79614146711629,QR,Food,FR,17.0,0.05372638786006266,0.05409066281028624,0,1
543,143,93.16405124774299,QR,Clothing,US,22.0,0.2162386160596629,0.16380672063001803,0,1
2477,88,214.8152730422983,POS,Electronics,UK,15.0,0.04336889681331538,0.006280870353423493,0,1
8370,991,15.829229111396861,POS,Food,DE,5.0,0.10247277996254309,0.15055711072889022,0,1
4398,967,215.72459977985642,QR,Grocery,UK,5.0,0.07093015282793251,0.2823049908934851,0,1
2256,197,84.00297580297116,QR,Grocery,TR,13.0,0.05405214799784423,0.04607812420898331,0,1
7621,207,803.8935782342221,Online,Grocery,TR,22.0,0.15850584164184037,0.054774203098931475,0,1
1271,663,79.6191803340841,ATM,Travel,FR,16.0,0.03153259902924548,0.060442471870512965,0,1
5267,341,14.200041050319864,POS,Clothing,TR,14.0,0.02910437062927214,0.16263593598297074,0,1
8311,129,2.626681958361653,ATM,Food,US,16.0,0.033838682264458235,0.04513664603986313,0,1
3980,341,70.58736689035833,QR,Travel,US,13.0,0.06817412199689679,0.07484783390820822,0,1
8303,697,145.77517253305905,ATM,Clothing,US,20.0,0.144171445625546,0.35087379906293104,0,1
4598,488,300.6573802770844,Online,Electronics,FR,18.0,0.18482949479763347,0.23321303964905749,0,1
9343,837,292.4432217996715,ATM,Clothing,FR,18.0,0.017378304541502316,0.12145459429607657,0,1
1116,310,110.67458827632758,ATM,Food,DE,20.0,0.7052054825539579,0.19144084560653207,0,1
980,248,46.659385944285376,Online,Travel,US,18.0,0.05582601598966302,0.1257253221659457,0,1
6093,618,278.14393077895943,POS,Clothing,US,2.0,0.10706041221517087,0.18583391641677796,0,1
6673,611,21.368786912780436,ATM,Food,UK,11.0,0.04042879652415807,0.02705079464687428,0,1
6072,752,345.5368461978861,ATM,Grocery,TR,17.0,0.11232483700022179,0.13000025627397405,0,1
963,53,263.40830013380173,POS,Clothing,FR,9.0,0.20321008816732367,0.4602224089648561,0,1
4663,750,91.57567938179264,POS,Electronics,TR,16.0,0.10662432776808586,0.0836848030423805,0,1
1826,143,97.53893600289511,QR,Travel,FR,19.0,0.19278654394796124,0.4291668261218366,0,1
8769,803,28.0251453987965,QR,Travel,DE,14.0,0.019394478368911817,0.0628781965272708,0,1
2003,811,83.83860682397659,QR,Electronics,FR,15.0,0.112972986693457,0.26568247449870863,0,1
805,201,22.49894191935224,POS,Travel,DE,13.0,0.25658214137411334,0.32056030000715546,0,1
5673,972,183.36129209364026,ATM,Grocery,UK,23.0,0.3073637426977832,0.19146200876077707,0,1
5462,451,474.2024035536893,QR,Travel,US,22.0,0.2351229366431497,0.05872308225421899,0,1
7983,46,54.99549020820473,QR,Food,TR,14.0,0.16732569671723446,0.07353458726838856,0,1
5640,169,295.3103774572762,POS,Grocery,UK,10.0,0.11142612020156312,0.02651731667513177,0,1
4811,179,80.08729843149506,Online,Food,US,20.0,0.08078899338416332,0.0817989700216196,0,1
626,45,109.95604046268484,ATM,Food,DE,22.0,0.040506652056295805,0.5398721969715125,0,1
8130,900,37.50916104989326,ATM,Grocery,FR,22.0,0.4630177818458126,0.30730719546206686,0,1
4738,756,245.1572391676371,Online,Travel,TR,15.0,0.14553909768715864,0.06163479292891022,0,1
5108,219,21.1017437302043,POS,Food,US,14.0,0.05361587393497179,0.2257487991024712,0,1
2630,103,282.44031324666304,POS,Grocery,US,20.0,0.1052932255733888,0.01551038088558268,0,1
6236,15,4.565960536489845,Online,Travel,UK,19.0,0.05720545850705869,0.35388967780427655,0,1
1578,617,125.22369772999373,POS,Clothing,FR,15.0,0.34268984770664707,0.09149618713934479,0,1
6264,67,121.651570775631,Online,Food,US,18.0,0.7586983903290531,1.0,0,1
9896,600,624.1232363936778,ATM,Travel,UK,21.0,0.07562909348718032,0.17424497861020405,0,1
5301,408,157.80601697405615,Online,Food,FR,6.0,0.37464137195407365,0.5310986929759379,0,1
8161,320,64.93935596603401,ATM,Electronics,FR,17.0,0.13908540992478086,0.09293095392596161,0,1
1367,12,469.88280504164806,ATM,Clothing,DE,18.0,0.23524605629106524,0.22337712275391203,1,1
5679,859,0.0,Online,Food,TR,19.0,0.05833952503931282,0.11232789302706503,0,1
6072,638,144.10819460517772,POS,Grocery,UK,8.0,0.17860604219950926,0.146684254251543,0,1
568,746,533.695665904437,POS,Food,US,8.0,0.1066917842681524,0.1742343794280396,0,1
2354,539,134.0226049281969,Online,Food,UK,18.0,0.21363512039675783,0.09974120187324902,0,1
5428,99,69.17702082253534,QR,Electronics,TR,5.0,0.10908509409001735,0.14435335926632326,0,1
2753,488,172.41530805684343,Online,Travel,TR,18.0,0.04658245516054973,0.12005788806806109,0,1
451,252,248.40698896895978,Online,Travel,UK,14.0,0.008658414646104923,0.17060066959999007,0,1
9787,985,227.3485271027049,POS,Grocery,DE,2.0,0.21800558062590747,0.10593405721272335,1,1
3199,573,286.17104073193974,Online,Grocery,TR,11.0,0.16719873904051047,0.11607828464701868,0,1
5293,110,135.57502833177867,POS,Food,TR,15.0,0.05162848927310596,0.2080490037313533,0,1
1523,806,40.35463467037552,QR,Grocery,UK,7.0,0.09197513377219896,0.15976036220575748,0,1
1467,824,34.745490010309005,POS,Grocery,DE,16.0,0.27636019721658456,0.4126047337498249,0,1
8430,496,80.23415972210988,Online,Grocery,US,15.0,0.0749943852050782,0.04765912107718061,0,1
2798,138,330.41009309990574,POS,Electronics,US,8.0,0.09343307034705373,0.08866190479590955,0,1
5988,980,12.612514273446553,ATM,Grocery,FR,13.0,0.11186388864170771,0.214980861194549,0,1
2789,320,213.16662034328053,ATM,Grocery,US,18.0,0.20198077198902817,0.29978993582425123,0,1
9964,257,166.32328934105004,Online,Travel,UK,20.0,0.19357658559835803,0.18527561906924378,0,1
9939,870,33.46336375429955,QR,Food,UK,20.0,0.11280469821192367,0.048618778744115194,0,1
4037,366,33.48014874305967,QR,Electronics,US,3.0,0.23647453711243646,0.054992437984346776,0,1
1645,753,62.473824337032696,QR,Grocery,US,11.0,0.23630266956254536,0.166003113265526,0,1
3799,944,171.92010866356384,QR,Grocery,TR,20.0,0.13712936722897842,0.3546969962309602,0,1
6719,825,194.77300157289116,POS,Clothing,FR,7.0,0.04980755391409929,0.034980377094794964,0,1
3454,210,71.52481162778628,QR,Travel,DE,11.0,0.05639254446348836,0.12458856732178673,0,1
6188,725,368.12939280140887,QR,Grocery,US,23.0,0.3220661459934639,0.2761485434604732,0,1
8513,393,142.17296375156323,POS,Electronics,DE,9.0,0.2596735088252679,0.16462620123613345,0,1
9788,698,150.77446519035868,QR,Food,FR,2.0,0.1290669665485227,0.18007726570917554,0,1
1508,422,33.700421862676684,POS,Clothing,FR,11.0,0.13891453313640714,0.15173492132448363,0,1
9843,117,7.036927143886486,Online,Grocery,FR,22.0,0.014539176444669845,0.019463259442856318,0,1
9300,381,254.38473485836468,QR,Clothing,UK,22.0,0.04040856681534238,0.2980439690753727,0,1
9488,756,0.0,POS,Travel,TR,16.0,0.05979475392270245,0.06105352156039725,0,1
7665,609,292.1539575878331,POS,Travel,US,7.0,0.14149171987682607,0.32559445949823734,0,1
6969,49,104.35503416000738,POS,Food,FR,11.0,0.0674301119860186,0.07924282435030286,0,1
7848,555,97.15390164459609,ATM,Clothing,US,20.0,0.2585363658772219,0.11641324233673542,0,1
1353,962,167.13353100615325,Online,Clothing,DE,20.0,0.20453030589845186,0.29104378522620994,0,1
2412,166,611.7055440520604,Online,Food,UK,12.0,0.5879152062060665,0.7228010332502443,0,1
741,237,404.52876317586157,Online,Travel,DE,1.0,0.34980915523043865,0.027753532986686702,0,1
7835,909,127.57384942223649,QR,Food,US,5.0,0.09384473843694495,0.02459561551420192,0,1
6945,113,979.0827966537629,ATM,Food,TR,8.0,0.17426847168852433,0.6087519322487945,0,1
9285,796,67.29906794421754,Online,Electronics,US,5.0,0.10749211252483952,0.049804139873828326,0,1
8170,789,17.005357052990508,POS,Travel,TR,5.0,0.015249837767624529,0.09846354578150798,0,1
1401,146,941.9920666215606,POS,Travel,TR,19.0,0.2493834676808558,0.4362834909489245,0,1
1323,40,19.721730511495945,Online,Food,UK,10.0,0.2775896170268157,0.2434086194112748,0,1
3523,870,65.47790540737313,POS,Food,DE,17.0,0.23988592462537536,0.10348493495648917,0,1
2646,275,192.49950276348153,ATM,Clothing,UK,21.0,0.23775229224654876,0.06101848123879072,0,1
4879,404,146.49148151876082,ATM,Travel,TR,3.0,0.12581029024499094,0.04031181364390533,0,1
9468,128,601.4692648599039,Online,Grocery,US,15.0,0.22451590302200433,0.20230524340024697,0,1
5707,408,361.26945849739286,ATM,Clothing,US,20.0,0.23935513027062943,0.25502726645717005,0,1
7206,389,2.2300740471569087,ATM,Travel,FR,23.0,0.10291283706136037,0.09153891751436542,0,1
2774,207,59.71053824299304,QR,Clothing,FR,18.0,0.49621516995112475,0.3867421960921823,0,1
9392,782,188.61647423264836,Online,Food,DE,21.0,0.4416378214070567,0.19837331511571168,0,1
8213,721,43.40868031236786,ATM,Travel,DE,10.0,0.12667084266370607,0.04364584084669651,0,1
4757,356,810.0024905649923,QR,Grocery,UK,5.0,0.058815741607165226,0.10922788797669383,0,1
5861,745,92.71306790721889,ATM,Travel,TR,21.0,0.28377026756503887,0.3627697197763244,0,1
6557,199,213.62192505698215,Online,Travel,TR,17.0,0.6762313941732151,0.9071985282601183,0,1
2967,712,130.47829072475284,ATM,Food,UK,21.0,0.047545773169475586,0.26966691186478114,0,1
4662,919,444.9160858320545,QR,Electronics,DE,21.0,0.20418138323633225,0.1791389439642495,0,1
1217,678,7.637567606579309,POS,Grocery,TR,19.0,0.11633230501738971,0.061444166987028793,0,1
7485,455,1.5709765122547772,Online,Electronics,FR,11.0,0.04307676109854119,0.1766537164389002,0,1
6754,724,1.2457620932296347,Online,Grocery,TR,21.0,0.03465769402168352,0.09563583052971894,0,1
5762,559,33.37778185796346,QR,Electronics,US,12.0,0.05636977102070764,0.12339868246705736,0,1
2829,595,87.02452767671716,QR,Clothing,FR,17.0,0.14165730598938403,0.05612688565573608,0,1
101,775,58.25611371274863,POS,Food,US,17.0,0.4555739303368541,0.28044756179739544,0,1
1867,163,66.59940662637199,QR,Travel,US,22.0,0.1608812869068184,0.1349974421588147,0,1
6552,607,446.73905886769677,Online,Electronics,UK,9.0,0.23695625328292882,0.3414370385211853,0,1
4617,1,140.46841538866119,ATM,Clothing,TR,2.0,0.18662671567776826,0.05265678084007597,0,1
8481,864,64.48866190009146,QR,Travel,TR,18.0,0.06990421070796185,0.0832946353655149,0,1
3267,433,119.26459984361273,POS,Grocery,DE,15.0,0.06411236576584602,0.16716745162212718,0,1
6439,910,33.729154063931,QR,Electronics,TR,16.0,0.21281226603705847,0.3434521835891398,0,1
7273,732,701.3008087923989,ATM,Grocery,FR,7.0,0.4061164792303881,0.6560687598729275,0,1
7168,507,66.04404041936843,ATM,Grocery,UK,20.0,0.2269124257418661,0.021677026272989373,0,1
5746,597,1.2418985469829076,ATM,Clothing,FR,17.0,0.019505594812086902,0.06449664220854572,0,1
6684,165,178.24536956695732,Online,Travel,US,20.0,0.1373793325470553,0.04134707437823865,0,1
5339,938,21.498406410131018,ATM,Electronics,US,21.0,0.0612464605081829,0.009701052922341306,0,1
3578,430,41.92863706736625,Online,Grocery,US,17.0,0.04876368023105432,0.16206188842425098,0,1
6842,389,992.0643865036959,ATM,Travel,FR,10.0,0.03546899824537678,0.12810690664797578,0,1
8234,999,10.60423728492361,QR,Electronics,FR,17.0,0.03404438293367529,0.24143277042834657,0,1
4946,651,27.565041724433172,ATM,Grocery,FR,16.0,0.20671269716004712,0.10005752612969955,0,1
7958,351,288.2609844825385,ATM,Grocery,FR,16.0,0.1605124724483774,0.07437341196964885,0,1
6681,440,89.71683043040734,QR,Electronics,UK,20.0,0.06851356834357122,0.06566168215935435,0,1
5781,885,2.741316848436982,QR,Food,US,11.0,0.061771260290284,0.07143973604888171,0,1
4735,914,76.41940442412223,ATM,Clothing,UK,17.0,0.3364229412189546,0.46458253284528844,0,1
1727,657,13.18278366828902,ATM,Food,FR,21.0,0.06912544609083339,0.030157989280378168,0,1
4579,329,351.333134156102,ATM,Food,TR,22.0,0.02708023851615724,0.04395993726073685,0,1
747,282,107.55512047649331,Online,Clothing,FR,16.0,0.32637957612231594,0.1321444368357547,0,1
9384,581,258.41420465063305,POS,Grocery,FR,13.0,0.273914687649294,0.35803885093476073,0,1
3441,415,321.33160081335996,Online,Travel,FR,22.0,0.18118274469800805,0.17672572276294593,0,1
6655,519,305.7060703366542,Online,Clothing,DE,20.0,0.05685803628346095,0.2311157291880513,0,1
1448,819,163.54519047981321,ATM,Electronics,TR,20.0,0.15714749300249764,0.16942094480818606,0,1
4995,886,262.2834514661216,QR,Travel,UK,8.0,0.09322774161723806,0.07350894473096752,0,1
1160,815,64.19925459125287,Online,Electronics,TR,20.0,0.013958287252752402,0.02961931845398043,0,1
7181,585,19.779264235402593,QR,Travel,FR,11.0,0.1799415105831842,0.051363396455355606,0,1
4964,32,174.0689509781317,POS,Travel,DE,6.0,0.15768800140892075,0.06621435471394707,0,1
9686,458,446.4585968303107,POS,Food,US,16.0,0.6157429474050088,0.049951489994470084,0,1
8505,432,259.65736065958396,POS,Food,UK,7.0,0.05847225881232457,0.34822891795725064,0,1
4271,777,207.36474188253584,Online,Food,UK,3.0,0.05774469152159781,0.2679960553280427,0,1
7046,323,214.54089091643337,Online,Clothing,TR,22.0,0.05279473435346192,0.4598152393626942,0,1
3815,470,194.32167700850508,Online,Clothing,US,11.0,0.36521829643811865,0.4214228336853102,0,1
2948,293,548.6094648780364,POS,Grocery,UK,21.0,0.1227138755722726,0.37222980074813866,0,1
6758,667,13.442918407942061,ATM,Electronics,TR,21.0,0.03393948792189032,0.030189224599127158,0,1
4909,823,555.7924756795795,QR,Food,US,21.0,0.13652872051343254,0.41759240309890683,0,1
1180,265,195.19468471660537,ATM,Travel,US,15.0,0.1384545730652405,0.05814486856307261,0,1
2131,73,339.42977862199825,Online,Clothing,UK,7.0,0.1621090231558686,0.42193943200274275,0,1
4762,731,51.35849703845787,Online,Travel,FR,20.0,0.45261709841490394,0.2038039362805545,0,1
9610,58,190.19512594225426,Online,Clothing,DE,15.0,0.14929115943066026,0.08651651625712596,0,1
4224,813,249.82830427253998,QR,Clothing,FR,10.0,0.15616293916547044,1.0,0,1
9316,987,154.54715707828592,POS,Grocery,US,21.0,0.6474069269287576,0.2707598915236824,0,1
7633,201,0.0,ATM,Electronics,TR,21.0,0.17707933036063234,0.058736705801632386,0,1
1488,892,73.36798155461065,QR,Electronics,DE,8.0,0.038785130436421865,0.17246858767574944,0,1
6838,913,492.22178129450964,POS,Travel,UK,13.0,0.055819392886330504,0.17148283479244741,0,1
1164,412,61.1428854843584,POS,Travel,UK,19.0,0.03426484040018709,0.19222233297736688,0,1
613,619,223.5434417763425,ATM,Grocery,UK,8.0,0.2671152351334443,0.37630061141773097,0,1
4414,824,41.31384350799988,QR,Grocery,TR,14.0,0.20086227125006406,0.053299373211247586,0,1
1212,606,19.562328657041373,Online,Grocery,TR,23.0,0.046603212320492006,0.023974059977847233,0,1
3680,53,75.74346601307896,Online,Grocery,US,6.0,0.0864955193186913,0.3288484532642389,0,1
1762,629,1362.730832242646,QR,Clothing,TR,17.0,0.032001188924991444,0.2907022496396785,0,1
5579,529,0.0,ATM,Clothing,US,22.0,0.29954537403033377,0.3263334995742589,0,1
9800,134,281.54133249971056,POS,Grocery,US,23.0,0.4465956231300304,0.12765837902390317,0,1
6533,676,179.99606318924424,POS,Electronics,UK,22.0,0.13743456293947334,0.12238989546754146,0,1
1201,201,307.8978765339675,POS,Clothing,FR,23.0,0.16639209679826492,0.14177819675910816,0,1
2517,117,31.66096800568442,Online,Travel,DE,7.0,0.02409239674136044,0.19570425039679865,0,1
8482,585,24.79096259752794,POS,Grocery,US,4.0,0.047855733253854664,0.05652891249852256,0,1
2447,569,15.420466442072524,QR,Electronics,TR,16.0,0.20274766579565373,0.07744972396373048,0,1
1901,892,629.1604796182784,Online,Food,UK,7.0,0.5224380043995666,0.1002142582313543,0,1
7960,203,201.3482111789831,Online,Electronics,FR,13.0,0.23262952160674036,0.23397659588266986,0,1
5258,336,61.601533176049145,ATM,Travel,FR,9.0,0.16600875154177364,0.2555242353000722,0,1
4298,935,18.928680249462605,POS,Electronics,FR,9.0,0.04431599160861462,0.00949249021609816,0,1
7514,73,133.03332557441263,QR,Electronics,DE,21.0,0.13554205074557238,0.1839701758012397,0,1
8762,666,210.28105273640801,POS,Electronics,TR,15.0,0.1671947213533233,0.10441660202853206,0,1
3875,389,691.6729140461912,Online,Travel,UK,21.0,0.32402449314151316,0.18205378968283187,0,1
5364,767,281.08316809508256,Online,Grocery,DE,23.0,0.28779392576510127,0.18586521439161083,0,1
9854,190,687.9835163064341,QR,Grocery,US,22.0,0.10979475249904687,0.2985477560151961,0,1
5491,469,103.08134567407663,Online,Travel,UK,11.0,0.19426916200326608,0.07311576204506254,0,1
6466,933,334.648169378543,QR,Grocery,UK,21.0,0.23644217766156259,0.4350782559424339,0,1
6117,329,144.89763038020257,POS,Clothing,FR,11.0,0.21924798319977795,0.20189378685301398,0,1
591,110,950.8700769482283,POS,Electronics,DE,12.0,0.30813378035773265,0.35343637422033664,0,1
7485,936,179.52055142908364,POS,Clothing,US,16.0,0.19546555624845602,0.14381630137365178,0,1
6281,901,4.709262205052832,ATM,Electronics,DE,11.0,0.21231083817659963,0.1913294837763609,0,1
8592,860,117.61367408820725,ATM,Food,UK,19.0,0.06280849192619263,0.09748773321196344,0,1
6477,912,571.1158696080903,QR,Clothing,US,22.0,0.14339625561146932,0.2299659247454797,0,1
8402,818,43.86426770042511,ATM,Travel,UK,12.0,0.10082930794839384,0.2687660753220006,0,1
3189,758,373.0994350180248,ATM,Electronics,FR,16.0,0.4186267868471045,0.08002058081224597,0,1
5453,656,376.50911126015353,POS,Food,DE,20.0,0.13840709308755358,0.026067885505114522,0,1
4151,736,45.973907006079514,POS,Clothing,FR,19.0,0.05182883316028372,0.16857296726794513,0,1
7649,545,66.13416814482268,QR,Food,US,14.0,0.14292149700204165,0.3011747492148607,0,1
2326,569,14.497294268247884,QR,Clothing,FR,23.0,0.1674570213547858,0.02846714666086518,0,1
6441,944,113.25506183333411,ATM,Clothing,US,17.0,0.15092187510304347,0.2802222305151609,0,1
4127,789,13.938738622472558,Online,Grocery,DE,22.0,0.16488001043068948,0.04075774521836629,0,1
8757,691,65.33691670582745,Online,Travel,US,17.0,0.2181978480279061,0.5372763731549044,0,1
5934,490,292.05513779638795,POS,Travel,TR,23.0,0.06157939967111215,0.036658129789359464,0,1
2021,588,17.93421876464341,QR,Grocery,FR,10.0,0.26027093844727867,0.23315704096938655,0,1
6921,234,1.2259215466806768,QR,Clothing,FR,21.0,0.33021822786246713,0.19438071479359353,0,1
3349,537,611.9989831265083,POS,Grocery,UK,13.0,0.4891907417433427,0.2546366021998009,0,1
2823,91,634.5804686913689,QR,Clothing,UK,18.0,0.2555762276944514,0.2476721850310325,1,1
4989,838,2.2967747913213192,POS,Food,DE,13.0,0.03170823994349234,0.09170928895707317,0,1
4721,533,351.09921007987333,POS,Electronics,US,22.0,0.3811589526819817,0.15371622147311195,0,1
874,61,140.9303778507818,POS,Electronics,DE,15.0,0.26057136502482414,0.13040102158784575,1,1
291,9,139.6190049248938,ATM,Travel,FR,14.0,0.14246657336027962,0.029464294680808977,0,1
8896,294,13.159805393374373,QR,Electronics,TR,4.0,0.18644714280260943,0.03600629848870483,0,1
2262,129,1575.6319133773331,POS,Electronics,US,22.0,0.45808820224876956,0.3268558216007863,1,1
7724,109,197.1834022265375,ATM,Electronics,TR,21.0,0.1206587782725721,0.025534577573827114,0,1
697,730,674.9395564996771,Online,Travel,UK,16.0,0.1801737317533727,0.18915513948013704,0,1
766,993,120.46734740747323,Online,Grocery,US,9.0,0.06409191283150978,0.045546016454062074,0,1
2515,174,10.099557664008856,ATM,Electronics,UK,21.0,0.01360132380428214,0.026383218768136055,0,1
9857,342,9.785451031821756,POS,Travel,TR,13.0,0.19658564867738657,0.13874620647884603,0,1
7160,904,69.10660644440392,QR,Food,US,23.0,0.06088131884682933,0.28912841499460884,0,1
602,755,90.13405137232508,ATM,Food,UK,18.0,0.17784175347635794,0.3219310849758378,0,1
6726,440,167.35413753845833,QR,Food,TR,20.0,0.11944582269503032,0.22207374455585885,0,1
8515,896,3.960970632171989,QR,Clothing,DE,19.0,0.024766615348114515,0.021451665605133483,0,1
5836,579,2.8609708194328225,QR,Food,FR,11.0,0.13268165219517086,0.34444032490872173,0,1
563,87,5.505313353877892,QR,Travel,UK,16.0,0.07016060097302945,0.24059570749389247,0,1
8215,595,80.5472103304927,POS,Electronics,US,7.0,0.3275010724830302,0.5975574924494689,0,1
5329,824,271.6458191049556,Online,Travel,UK,21.0,0.4381179709819801,0.16700527305298432,0,1
6386,333,53.19507019504357,QR,Grocery,US,5.0,0.06554610640404232,0.1679433821198817,0,1
3365,18,78.20780293148509,QR,Electronics,UK,16.0,0.26036029247689907,0.11953011558661608,0,1
2886,401,89.56351696997727,Online,Grocery,US,21.0,0.2339388753219396,0.14947954836377192,0,1
2587,610,30.389082704253312,POS,Clothing,UK,19.0,0.43779321467750004,0.1518467573799629,0,1
7871,609,0.0,ATM,Food,UK,13.0,0.039344071923859386,0.08020614776138305,0,1
7785,69,15.135120006965735,ATM,Electronics,US,8.0,0.16376088096361957,0.16233500005580373,1,1
9306,612,34.8886203553553,QR,Electronics,UK,20.0,0.3426386028413398,0.10980010723648893,0,1
1201,487,32.772946071666716,POS,Food,US,23.0,0.2578797188778829,0.08904329423626736,0,1
5455,212,427.7801091242483,QR,Grocery,DE,19.0,0.305656048337298,0.44699081611695457,0,1
8919,720,117.79802723263373,QR,Grocery,US,15.0,0.07782874616006255,0.06739753216173185,0,1
5781,138,28.457370534340352,ATM,Grocery,DE,20.0,0.3038486030506737,0.3686825937164172,0,1
9921,558,366.99726661412,POS,Grocery,TR,9.0,0.33619688838388545,0.22050206889440133,1,1
5287,826,158.98520036143748,POS,Clothing,TR,22.0,0.6094039205242724,0.030844764681184324,0,1
4415,904,19.84734307430525,POS,Travel,US,21.0,0.11777494461960204,0.1407485053205449,0,1
581,6,21.097197916445552,ATM,Food,TR,18.0,0.009001533234611317,0.13886838661845563,0,1
1285,605,176.48246940111193,ATM,Clothing,FR,3.0,0.27782710051959086,0.5007999589321861,0,1
3305,546,94.71723251927972,ATM,Food,US,15.0,0.14287143051748322,0.027440888327620556,0,1
3176,696,293.1432111790879,Online,Clothing,US,22.0,0.1300002700080941,0.21660316501326346,0,1
6016,428,34.7058128962535,Online,Clothing,DE,19.0,0.10796757230611512,0.15915967934404554,0,1
3664,817,885.4700883017025,QR,Electronics,TR,18.0,0.09715138338567077,0.08976586714877943,0,1
8349,86,222.8530035455201,ATM,Clothing,UK,17.0,0.3585058017172855,0.48277486252805235,0,1
7781,877,314.71721943273184,Online,Clothing,FR,21.0,0.2647178632956636,0.21875587997707052,0,1
3815,609,23.73198776722135,QR,Travel,US,14.0,0.28454535167701245,0.10858871745029472,0,1
7101,445,46.18852150701596,Online,Travel,UK,16.0,0.01247243560026985,0.05214383759545332,0,1
9997,411,187.11535397384407,ATM,Grocery,FR,5.0,0.3458918375249998,0.1421003331361962,0,1
2975,874,10.899506254803462,Online,Electronics,FR,14.0,0.2563081514619675,0.026824158538546458,0,1
2764,884,6.198572352237877,POS,Travel,DE,15.0,0.1843125563507226,0.33731525522455835,0,1
3986,298,235.74943423081996,QR,Grocery,US,9.0,0.7939990806961755,0.3398901734069843,0,1
9131,291,11.226941193242052,QR,Food,UK,12.0,0.24404170569064118,0.08150657838212651,0,1
8781,819,13.350732485704297,Online,Grocery,DE,18.0,0.07152972547364918,0.07981798994869868,0,1
3220,267,26.781456866554166,Online,Electronics,FR,13.0,0.07187927083316137,0.09765627997203263,0,1
1586,93,165.20860782669544,Online,Clothing,TR,18.0,0.2804640941289937,0.07610393605061944,1,1
1995,277,164.2536367413001,ATM,Clothing,US,8.0,0.3640019836112165,0.34538115493917215,0,1
590,717,138.87104330638778,QR,Food,DE,8.0,0.07126511704046919,0.09416458569680294,0,1
21,782,90.74325396956877,POS,Clothing,DE,19.0,0.03385772057049527,0.13058730566440668,0,1
3723,962,308.26826384584416,ATM,Food,DE,21.0,0.08583211697655319,0.10888343789129017,0,1
6441,478,15.541542727663714,ATM,Grocery,DE,15.0,0.32285559947502385,0.1956723608657983,0,1
3121,617,48.469306881270555,Online,Grocery,TR,20.0,0.27181870540191044,0.1533695884260829,0,1
5703,484,175.12919709729658,ATM,Clothing,US,22.0,0.07255586694539697,0.16608169679509677,0,1
8823,637,93.85705915923988,Online,Electronics,TR,17.0,0.04038985577551622,0.2828039946864119,0,1
1437,292,93.0100668524646,ATM,Food,US,12.0,0.08266066995785558,0.11052685928415193,0,1
7195,945,180.72826033298335,POS,Clothing,TR,5.0,0.05906434352177421,0.2277028414606145,0,1
5694,422,77.93995256948065,POS,Electronics,TR,13.0,0.01740818088148334,0.17763439595972605,0,1
2384,132,1.8179340259720806,QR,Electronics,UK,21.0,0.28042591510488096,0.0569206187161534,0,1
1329,551,15.295207779774264,Online,Food,UK,18.0,0.07221907991061079,0.12508863202388104,0,1
2154,413,108.6463310772537,POS,Grocery,UK,18.0,0.04037803227613946,0.0382041563074252,0,1
4833,592,20.5289537174928,ATM,Clothing,FR,12.0,0.08753164851427085,0.031210143185367994,0,1
3268,843,5.425232662682735,ATM,Travel,FR,16.0,0.06972875417599325,0.08078535590322908,0,1
9417,891,419.309998778122,ATM,Food,TR,12.0,0.23521723631292943,0.3666835874547257,0,1
5269,547,97.55321917562898,Online,Travel,TR,21.0,0.35892434851089333,0.24535599960656548,0,1
3482,972,127.90143135134352,QR,Travel,FR,14.0,0.25571848236041617,0.12190188591470444,0,1
6932,742,162.8115730760625,ATM,Travel,US,23.0,0.16110583740741174,0.10584530741115884,0,1
5497,272,162.8188322771383,Online,Clothing,UK,21.0,0.3712966061452,0.17899599970293315,0,1
8138,266,126.66965351397539,QR,Travel,FR,14.0,0.34315389320887596,0.20391706275806207,1,1
8154,908,23.80296968480779,POS,Travel,FR,11.0,0.18717637447885138,0.06459795241735368,0,1
5061,956,146.6560962164924,POS,Grocery,US,9.0,0.34841930666045773,0.5304054968243457,0,1
3808,747,73.78223080517202,ATM,Electronics,DE,19.0,0.3040514455168449,0.1682093255852282,0,1
5461,170,127.75367959892867,QR,Food,DE,16.0,0.5729288725274787,0.21148103599264506,0,1
7151,829,10.606326886906567,Online,Grocery,FR,10.0,0.011552432313578984,0.09421737691474695,0,1
3556,225,3.321053266652866,ATM,Clothing,UK,10.0,0.44359735085385193,0.13576361409309873,0,1
9557,22,169.71234924710626,POS,Electronics,DE,9.0,0.2987751053870376,0.10073892810915061,0,1
1674,134,171.57128338680968,QR,Food,FR,4.0,0.1162706812863187,0.3825143754326247,0,1
2512,867,12.969811682950642,Online,Grocery,US,19.0,0.2826894203186298,0.3408077146441167,0,1
7947,780,79.85255055204455,ATM,Electronics,TR,17.0,0.22402143198945218,0.05078628428707055,0,1
7249,956,313.01765119234017,POS,Electronics,FR,16.0,0.11448429310078313,0.20484960616668385,0,1
3988,700,117.67554952370062,QR,Food,DE,12.0,0.07329047101960218,0.2487613059617528,0,1
2388,269,40.71940312542347,POS,Grocery,DE,18.0,0.058669293239454884,0.20104968226061437,0,1
9954,865,32.37185778601784,POS,Electronics,TR,18.0,0.13078618265053651,0.2395170570807553,0,1
9032,998,0.0,Online,Grocery,UK,15.0,0.09556271626918449,0.514430494805522,0,1
5857,922,35.07070858872086,POS,Grocery,DE,1.0,0.06862870611169454,0.11943125851492482,0,1
1739,546,30.338039771618124,Online,Food,DE,7.0,0.266764759237355,0.14495554137692354,0,1
3905,689,59.70782072413171,ATM,Travel,US,11.0,0.3420344036110509,0.3367384115431454,0,1
3568,909,193.9599496151945,Online,Electronics,TR,11.0,0.4763819319142518,0.9634301893353711,0,1
7387,541,214.08693243789287,Online,Electronics,FR,23.0,0.27071884456110684,0.01900651594709736,0,1
1589,790,55.11980707067842,QR,Travel,TR,8.0,0.2950373779527555,0.32272037611538273,0,1
5596,494,55.54417259993065,POS,Electronics,US,10.0,0.06839829762462664,0.26648849931098123,0,1
415,182,627.0462381648931,QR,Electronics,UK,21.0,0.23158493622222076,0.4046036677772686,0,1
3555,631,32.63728231682469,QR,Clothing,TR,11.0,0.03373303010294565,0.22799819092069165,0,1
9956,283,37.59662749698138,POS,Travel,UK,14.0,0.11556863002692287,0.08922612582762826,0,1
8866,843,59.18918238863125,Online,Food,DE,14.0,0.1926424673384652,0.12550524971804167,0,1
5186,650,285.35339794130044,Online,Electronics,DE,22.0,0.062327640945398194,0.10930005330367946,0,1
4304,12,12.77965686653839,POS,Electronics,US,23.0,0.4132037517421532,0.05382706582364138,0,1
7497,393,88.21019289802639,ATM,Grocery,US,16.0,0.14672299335075428,0.04413337203167962,0,1
5846,475,2.905591147189904,QR,Grocery,FR,19.0,0.11571596819686869,0.04921902990038039,0,1
310,882,82.33537499573195,Online,Grocery,TR,9.0,0.33878844859824697,0.25486991794286445,0,1
5822,511,49.84063511689691,QR,Food,US,12.0,0.17140121877709757,0.07752926145961418,0,1
312,192,33.50316453855679,Online,Food,US,19.0,0.03964397277941876,0.06422554396002166,0,1
4961,497,11.718703965930999,ATM,Grocery,DE,20.0,0.3011616200496695,0.15317201294242622,0,1
8044,290,85.8055181722213,QR,Grocery,TR,11.0,0.5118847590692281,0.2037531622629596,0,1
5921,228,47.8834453089922,POS,Grocery,TR,22.0,0.0579876397322832,0.16564302953996402,0,1
5930,944,4.255050703826974,ATM,Travel,UK,23.0,0.06746912486675499,0.15240800997340753,0,1
4511,409,577.6884146271798,QR,Travel,FR,20.0,0.3955443789983847,0.1065527499704552,0,1
9808,313,148.2257966894137,POS,Electronics,FR,7.0,0.6145818585202786,0.06849346947560594,0,1
2620,203,54.43138529650099,QR,Food,UK,23.0,0.42014003475855993,0.08583126761477369,0,1
4240,819,730.0099655514513,Online,Food,DE,11.0,0.2137806626790186,0.4329146942991373,1,1
6387,802,50.579453899168634,POS,Travel,DE,12.0,0.07789916788566682,0.17294338352918434,0,1
8994,593,218.8214660660924,QR,Food,DE,13.0,0.15667201962365873,0.02056937646846893,0,1
462,181,321.47765471338914,QR,Electronics,FR,23.0,0.5693662145796404,0.23066829799459432,1,1
3062,71,81.52499300934763,POS,Clothing,UK,17.0,0.12235486175387364,0.19155695710961557,0,1
4012,374,46.446087987929204,Online,Electronics,UK,23.0,0.23704240659249656,0.016125541904080182,0,1
8213,462,395.6858982242056,POS,Grocery,TR,10.0,0.5727493514365064,0.41555882964054097,1,1
4133,395,62.12661808136905,Online,Travel,TR,18.0,0.18087270430702365,0.05965177810948595,0,1
6799,693,269.1935727420504,QR,Food,DE,5.0,0.1009634423799526,0.22361059429763258,0,1
4318,738,12.216373351684181,QR,Clothing,FR,19.0,0.27967145015300865,0.16972010417810976,0,1
7087,848,47.512247296049864,POS,Food,UK,19.0,0.13223430113206763,0.08076172897063436,0,1
7446,519,303.7830841209437,ATM,Grocery,DE,16.0,0.19173912147878328,0.33423634217987314,0,1
7757,943,20.037676600414073,QR,Grocery,TR,18.0,0.011292164649702022,0.038308243448510616,0,1
2019,523,88.50823169671929,Online,Travel,TR,7.0,0.025908556100773354,0.18314553867108757,0,1
9578,681,5.27791470063468,Online,Electronics,FR,22.0,0.07163944614230738,0.31227095485834744,0,1
4487,21,245.8123585461196,QR,Grocery,DE,17.0,0.21693853299354723,0.2306717051893871,0,1
4640,734,323.2329474495721,Online,Food,FR,22.0,0.30589921035153805,0.7058425546878278,0,1
4833,656,12.988667117010127,ATM,Electronics,UK,19.0,0.24550481863808238,0.15973501406254176,1,1
9581,946,15.58337888104273,POS,Food,FR,19.0,0.23082080483422152,0.31045699878096455,0,1
8704,734,64.40144215601055,POS,Food,FR,10.0,0.3300647038310338,0.07608523513252606,1,1
6415,440,99.09970936365896,QR,Food,UK,21.0,0.4676828812479628,0.43218567268868496,1,1
9785,187,141.97723089401669,Online,Clothing,US,10.0,0.16678702545558768,0.05760552275740931,0,1
3713,732,11.064029363757529,QR,Clothing,FR,18.0,0.1916989120613478,0.08927038095087375,0,1
5769,81,190.35906359884086,QR,Travel,UK,14.0,0.41913607315433005,0.2504156267511565,0,1
4742,463,102.04261153001018,ATM,Travel,FR,18.0,0.5616393942299086,0.3042693729503656,0,1
6400,709,149.73916941112444,ATM,Food,US,3.0,0.21946107084992855,0.04922428634532468,0,1
9313,949,362.2698680643836,QR,Clothing,FR,17.0,0.197672546041251,0.12155932013340665,0,1
2369,848,28.65106213039696,QR,Travel,US,17.0,0.12351127531366535,0.3318069452301976,0,1
238,529,174.91194259573396,POS,Travel,TR,5.0,0.27755680983745173,0.1718126546982353,0,1
3499,167,214.2910595733541,ATM,Food,UK,20.0,0.04236829435292023,0.09290172501250785,0,1
3922,432,247.70321310625414,POS,Food,FR,17.0,0.17201057254594082,0.3742535563067391,0,1
3113,59,20.0542014091025,QR,Grocery,TR,6.0,0.08782146123788327,0.09818129561583953,0,1
6126,595,10.692522182797072,QR,Travel,TR,14.0,0.07924752880661025,0.1372703893464913,0,1
4673,331,25.704149729381054,POS,Clothing,UK,12.0,0.10679787012184287,0.14391128019058794,0,1
4896,672,296.9601602267507,ATM,Food,UK,21.0,0.15180143132298707,0.5485492314295028,0,1
2805,329,130.02899481294043,Online,Travel,DE,11.0,0.22727341164179174,0.12906717619407804,0,1
5590,544,297.77310131599717,QR,Food,FR,9.0,0.0549903939233638,0.231793427037282,0,1
1920,589,13.068993577802534,QR,Grocery,TR,1.0,0.05579583181238242,0.22230138112464629,0,1
279,712,124.40391162395318,POS,Grocery,US,20.0,0.7836337510506889,0.6478354776505194,1,1
9135,532,49.45511672962846,POS,Travel,DE,16.0,0.12041475986055511,0.2388705602506027,0,1
7805,959,153.43920262880368,Online,Clothing,UK,20.0,0.9570988827798149,0.5038326253891294,0,1
7420,261,42.824197086176454,ATM,Food,US,23.0,0.230452995101386,0.2157567991189599,0,1
3276,527,39.653840213750115,Online,Clothing,FR,16.0,0.11759919555288537,0.8343155522779651,0,1
8848,475,358.82199778059413,ATM,Food,UK,12.0,0.1846051805008921,0.24381458011182044,0,1
3856,335,182.86558613581113,ATM,Clothing,UK,23.0,0.02658044089404189,0.1259379903491398,0,1
2028,465,139.7643419498592,POS,Electronics,UK,22.0,0.25664423689820687,0.12284839262226574,0,1
7718,534,19.726321331333793,ATM,Clothing,US,22.0,0.09921087229256528,0.09085307125405997,0,1
36,573,12.07238324452847,ATM,Travel,FR,18.0,0.03410397042255701,0.09747264857170385,0,1
9671,666,112.6319181359078,POS,Grocery,US,13.0,0.1599169144955874,0.1982735701197848,0,1
5568,699,762.5886591583113,Online,Travel,FR,21.0,0.23118964504310013,0.47136391180290577,0,1
2646,33,4.976383006593272,ATM,Electronics,UK,22.0,0.1693260054779986,0.19285703513369168,0,1
8623,743,83.57074923185124,ATM,Food,US,22.0,0.09547924998267207,0.06293189249749923,0,1
2513,94,377.27032534285127,ATM,Food,FR,11.0,0.15676978083538423,0.3299577014378143,0,1
3189,689,144.80752975009366,QR,Travel,DE,4.0,0.2323488231304395,0.13647413798008187,0,1
8072,149,0.24072685528105975,ATM,Food,DE,6.0,0.14559147778151188,0.16244330740530732,0,1
2610,498,93.18597703638079,POS,Food,UK,4.0,0.19058584064444106,0.07072129565049323,1,1
920,840,8.277683411653651,Online,Clothing,US,13.0,0.08004047760022397,0.12021729051373925,0,1
4297,514,643.1710332649455,POS,Clothing,US,12.0,0.15587297646391335,0.4007336166772801,0,1
2482,743,202.02840886480305,ATM,Travel,US,7.0,0.6452263954123912,0.16971686503779654,0,1
4549,233,253.36698377887907,Online,Electronics,DE,19.0,0.024603243595910262,0.250859478615345,0,1
3379,136,106.12160603880169,ATM,Clothing,UK,10.0,0.319392414217625,0.5161900366030019,0,1
1212,314,61.93030264970185,Online,Food,US,21.0,0.08657767156568036,0.43833133086461096,0,1
6356,441,10.934434041193164,POS,Travel,TR,23.0,0.07437193970064197,0.35236427517013513,0,1
7459,693,112.6941881275878,Online,Electronics,UK,18.0,0.16597885168910345,0.589098791108279,0,1
5009,87,363.4012610751282,QR,Food,DE,18.0,0.5239917888976942,0.2603688072624834,0,1
9268,986,36.83702142328225,QR,Food,TR,8.0,0.5050258640298952,0.2696443040185609,0,1
8825,686,9.267719360994981,ATM,Clothing,UK,9.0,0.25966866708754244,0.06170444804978051,0,1
4327,233,192.8245331244332,ATM,Electronics,US,22.0,0.10723029253445043,0.038175577496962175,1,1
9628,27,424.71207550267894,Online,Grocery,US,17.0,0.2835673101469232,0.17885750274677448,0,1
5656,595,215.8539896194034,Online,Grocery,UK,12.0,0.1155581970447409,0.3404220502962187,0,1
9447,698,51.32759487054365,QR,Electronics,FR,19.0,0.0630892103381809,0.1240394435007143,0,1
7719,153,434.58831885101233,POS,Electronics,TR,5.0,0.14060520165838233,0.7259882192453015,0,1
9488,734,313.24247945875516,Online,Clothing,DE,20.0,0.590240225502107,0.05244032075767969,0,1
4649,536,15.049659981252354,Online,Travel,TR,17.0,0.2333257282542803,0.30517174448313705,0,1
4684,620,55.706541653742946,Online,Travel,US,21.0,0.08186055175920377,0.1267723415837094,0,1
8703,716,334.52507828048795,POS,Grocery,TR,16.0,0.15183679322659993,0.3583878144177491,1,1
2078,872,289.1052211201317,QR,Grocery,TR,1.0,0.2068760272811654,0.15206387525269432,0,1
9246,528,46.30647879315008,ATM,Clothing,TR,13.0,0.11825900697454435,0.019537181396307425,0,1
5327,527,168.33227001669104,Online,Food,FR,7.0,0.11758499273349188,0.09377648974561416,0,1
5370,481,195.51988138704564,ATM,Travel,DE,21.0,0.12404625893551231,0.08436241296791777,0,1
3494,496,209.4044790121238,ATM,Clothing,US,16.0,0.4294985463072734,0.1722947825087918,0,1
4999,282,941.1108517023546,POS,Grocery,FR,18.0,0.4802749477210187,0.29339230631409025,0,1
7999,31,177.50238654251024,ATM,Grocery,TR,22.0,0.17891321536954738,0.17820900381236457,0,1
2671,317,18.565662177903786,ATM,Travel,US,19.0,0.063736380286872,0.27788348219728487,0,1
1588,301,174.755169732772,QR,Electronics,FR,20.0,0.06624461667939957,0.07358152635634717,0,1
748,991,70.62650738258864,ATM,Food,US,19.0,0.25352499928288313,0.06867667014217554,0,1
2821,117,18.893567411092583,ATM,Clothing,DE,18.0,0.027751567577527867,0.09231541984437526,0,1
9393,600,0.22746046790605146,POS,Electronics,US,23.0,0.036653674092392265,0.029207530058210134,0,1
921,191,74.01079156794334,QR,Travel,TR,16.0,0.24010044766283287,0.08909457638972186,0,1
1183,409,189.9012072371976,ATM,Travel,DE,13.0,0.04216182816354622,0.10550289455292881,1,1
8123,48,192.7542832437949,POS,Travel,FR,18.0,0.43547836034363074,0.44882158794042193,0,1
9075,913,0.6724822937982209,ATM,Electronics,NG,8.0,0.09732895006422744,0.04757218162511259,0,1
9626,609,167.70869076961492,POS,Grocery,DE,14.0,0.06554528717665642,0.608052067455466,0,1
8491,868,41.97552322374534,QR,Clothing,FR,15.0,0.14766868922643953,0.1950300480291472,1,1
3998,918,253.21931636584043,ATM,Electronics,US,16.0,0.08868926452233233,0.266134939409734,0,1
7388,574,728.4355192353484,Online,Clothing,UK,9.0,0.1162090191489187,0.2661078177331558,0,1
4208,183,16.354072831053717,QR,Electronics,DE,16.0,0.04972488629780485,0.02800879543335233,0,1
1957,791,70.64252551981507,QR,Electronics,US,14.0,0.05907218308167453,0.0714938430619365,0,1
5095,374,151.72883029317165,QR,Food,FR,11.0,0.23288489656015735,0.07188121637045541,0,1
3486,719,695.1360371674057,ATM,Food,DE,11.0,0.21782312018754524,0.43073268424390443,0,1
7938,677,269.1075197142433,QR,Travel,DE,11.0,0.22974388647810015,0.03742511175475207,0,1
9614,143,94.37943125216889,Online,Clothing,FR,9.0,0.18129255807007372,0.27847422196866045,0,1
8205,975,236.36639358426717,POS,Electronics,US,21.0,0.19339163573682738,0.04200423728572621,0,1
4424,526,13.27571683609613,ATM,Clothing,FR,11.0,0.22480510574892348,0.03181319791089436,0,1
8369,860,38.63145840131709,ATM,Food,US,16.0,0.02191538984486059,0.12458587089960133,1,1
862,713,57.40612148877068,Online,Food,DE,9.0,0.1055176901156682,0.15875861322485116,0,1
1379,480,0.0,POS,Food,UK,13.0,0.23030289985949404,0.15380093507505296,0,1
3096,446,17.573362020361103,POS,Clothing,FR,12.0,0.06291390484845726,0.2474322605731868,0,1
1768,125,36.39472105319429,POS,Grocery,TR,18.0,0.38052668459643124,0.1878180160334223,0,1
3670,813,336.08675399522184,ATM,Travel,DE,5.0,0.22542312626546968,0.41596663288976565,0,1
5888,204,355.96773715150334,POS,Clothing,FR,19.0,0.34559047855820335,0.1297995619532343,0,1
5357,233,146.44104274404648,QR,Electronics,US,14.0,0.05350093456240468,0.09179861093420895,0,1
3560,606,137.90258966664362,POS,Grocery,DE,17.0,0.1700961049956594,0.12088773321920808,0,1
1894,824,291.81544163735964,Online,Grocery,DE,20.0,0.10005035536290446,0.055513616996163834,0,1
9843,869,27.61834034898381,POS,Grocery,FR,10.0,0.05514398786374762,0.07383531474023732,0,1
3298,404,367.0754080921203,ATM,Food,DE,16.0,0.45580739442348067,0.2422679581520831,0,1
8272,722,239.60855810264727,QR,Electronics,TR,9.0,0.08836444525336476,0.25486586753624974,0,1
2248,282,27.031840305536214,POS,Grocery,US,13.0,0.03756561337413778,0.01608266690244122,0,1
1929,501,293.21502099550077,POS,Electronics,UK,22.0,0.1293282737175271,0.13780210840113052,0,1
2553,62,4.01714539753849,ATM,Grocery,UK,6.0,0.08462466255146679,0.1207461793314489,0,1
4322,572,281.96520575545316,ATM,Grocery,DE,4.0,0.43900110872903064,0.1809591958048806,0,1
2031,946,95.25572761041484,POS,Electronics,US,12.0,0.21512886301784254,0.14943034093054594,0,1
3599,103,285.64617888225314,POS,Grocery,UK,8.0,0.07341723053286994,0.16500100240972618,0,1
733,592,70.73414224933077,ATM,Electronics,FR,21.0,0.09039971243902661,0.051383786809468715,1,1
6894,623,177.28514302877406,ATM,Food,UK,15.0,0.19796086599645196,0.12420198986283237,0,1
4806,827,0.8235815252079727,QR,Grocery,TR,10.0,0.021928140475591287,0.01788223911559606,0,1
8591,955,65.79982812667383,QR,Food,FR,22.0,0.04225005542736544,0.14759894785123037,0,1
4111,792,216.4772933867664,ATM,Travel,US,7.0,0.09316419835594697,0.1886941429463303,0,1
9834,459,4.068085383300374,Online,Food,TR,15.0,0.07661633684373279,0.09362463205861414,0,1
5693,635,434.3643640539151,Online,Travel,TR,22.0,0.1339058981860991,0.2279676766957806,0,1
5319,354,56.62695266037072,QR,Grocery,UK,16.0,0.07716957583954327,0.07711811486159122,0,1
1785,567,1.5009990825916368,QR,Travel,TR,4.0,0.01903564286870219,0.022476143638325084,0,1
6095,29,270.3159449981966,QR,Food,TR,21.0,0.2364648045825669,0.18748902067720968,1,1
7731,264,22.26566593892719,Online,Grocery,UK,8.0,0.041506972230562655,0.04040868004540159,0,1
757,294,417.7471964118508,Online,Clothing,FR,22.0,0.06799707886240085,0.12996639862982443,0,1
413,87,132.9248221274002,Online,Grocery,TR,13.0,0.05898029191654824,0.13043778808975057,0,1
8134,383,97.29517148443212,ATM,Electronics,DE,13.0,0.5278385884820488,0.31258785036457887,0,1
3019,410,141.09138096381204,ATM,Grocery,US,23.0,0.4412430865762658,0.21859215717649869,0,1
5486,593,291.6161713609312,QR,Clothing,UK,16.0,0.17924969014580355,0.06592938286738506,0,1
3244,231,180.28025546803715,Online,Travel,FR,20.0,0.5510701584365495,0.43021029023460267,0,1
5576,698,109.86383640660264,QR,Clothing,UK,16.0,0.04266848868083226,0.1856497728569904,0,1
3015,919,76.60563065676656,Online,Food,TR,19.0,0.23450705174640546,0.09616989005354472,0,1
4655,46,350.6829784566163,Online,Electronics,UK,12.0,0.10540716240181536,0.3776762716371973,0,1
1494,182,27.917719538886683,POS,Clothing,US,23.0,0.12831919977296058,0.162549690338105,0,1
8595,125,626.0951755452788,ATM,Electronics,DE,14.0,0.28860234013158276,0.2456299806470148,0,1
7567,78,409.7712531941522,Online,Electronics,US,20.0,0.2977686308043151,0.1595733376708999,0,1
5731,499,59.87031017087412,QR,Clothing,FR,12.0,0.08148087487107898,0.1360609501211423,0,1
3247,790,10.369947078395398,Online,Food,TR,22.0,0.15158067531837233,0.15909513187075586,0,1
6980,310,31.704263882905583,Online,Grocery,TR,9.0,0.288605311287163,0.19627067959707806,0,1
7853,844,2.723232647681842,Online,Grocery,FR,13.0,0.13267430681519254,0.012744920854789548,0,1
8085,23,24.70755590713529,ATM,Grocery,DE,20.0,0.0952185292086203,0.23480649543066717,0,1
8395,55,727.661865513001,Online,Electronics,UK,7.0,0.44684560071830765,0.27996465560468264,0,1
8019,953,30.512867105241064,ATM,Clothing,UK,8.0,0.17231944670571278,0.08093815787568176,0,1
9710,423,5.211618788479461,ATM,Clothing,FR,22.0,0.03744889273978241,0.03394751393712141,0,1
4526,88,274.76087308781814,POS,Food,FR,19.0,0.13090932374998873,0.2889091704812008,0,1
9923,52,2.332756874815291,POS,Electronics,TR,7.0,0.08290408271499815,0.06640264350269517,0,1
4703,728,82.53447180024422,QR,Electronics,FR,12.0,0.18535262834015995,0.07266858390515628,0,1
1209,55,215.80206714707577,QR,Grocery,FR,5.0,0.10716682038016258,0.131193914963673,0,1
1453,666,7.429542049822738,POS,Grocery,US,17.0,0.19505877921560905,0.1031135925285275,0,1
7946,71,45.3992194331587,POS,Food,DE,15.0,0.13534821068664032,0.034477751759576,0,1
4904,565,106.18288708468691,Online,Grocery,DE,16.0,0.43794326412257256,0.2708425727844086,0,1
6169,565,41.57493329869466,ATM,Grocery,TR,23.0,0.1172572373834488,0.14483510801038715,0,1
8616,805,292.38346053457735,ATM,Clothing,TR,21.0,0.40815773070245814,0.06112848883175332,0,1
8584,830,13.315292938054212,POS,Food,TR,21.0,0.013178329225729968,0.08336276469531273,0,1
2237,336,31.12023610270919,POS,Electronics,US,23.0,0.24139035337365738,0.14350834816636174,0,1
5288,753,32.13819812344393,Online,Clothing,TR,19.0,0.4223004495770318,0.08568542489567256,0,1
7587,103,330.5383747844996,Online,Electronics,UK,10.0,0.2926275978551767,0.285745927452012,0,1
2414,149,47.82308190464488,ATM,Grocery,US,13.0,0.04471881874140103,0.07798485145872751,1,1
5506,607,6.316295745070552,Online,Food,TR,11.0,0.04434364724359692,0.057462491630173945,0,1
8117,421,207.6532144074739,ATM,Electronics,UK,14.0,0.06713544397454499,0.30088955245458926,0,1
9007,487,25.54864488826201,Online,Food,FR,15.0,0.2635274426298488,0.051081150515893736,0,1
3320,830,311.5843971174881,Online,Electronics,UK,9.0,0.17100360309233129,0.20102992179995743,0,1
5590,402,9.7395365833986,POS,Clothing,US,19.0,0.09614836789954107,0.03865314238503759,0,1
5032,238,521.5608248446902,ATM,Travel,US,3.0,0.10341677165257802,0.3670588770108895,0,1
4657,566,267.1776019936253,Online,Clothing,UK,15.0,0.6019253429504543,0.03369357569240372,0,1
2577,275,16.036694314687857,Online,Food,DE,21.0,0.011302022472258293,0.16597123242503548,0,1
9760,844,14.685075953698107,ATM,Electronics,FR,7.0,0.5046825177901723,0.1824503388271664,0,1
2314,989,336.42659948046133,ATM,Grocery,FR,18.0,0.014887119001176445,0.03936619539758717,0,1
8824,727,86.85530598196038,ATM,Electronics,US,12.0,0.07086837947546559,0.3558898988286698,0,1
901,796,8.29753495300515,ATM,Electronics,UK,15.0,0.4134201089200368,0.05272204839502932,0,1
2124,397,613.5494833470449,QR,Travel,TR,9.0,0.16675366298475694,0.20819402769745782,0,1
3860,273,51.70146773503296,Online,Electronics,FR,11.0,0.09004397060789877,0.13462109913174233,0,1
4783,912,58.36625687313038,POS,Clothing,US,11.0,0.06661953130990564,0.019378744355637342,0,1
7523,332,0.0,Online,Travel,UK,15.0,0.06550435687544831,0.2847130880743452,0,1
6178,789,42.821031584483265,POS,Food,TR,13.0,0.01354193757460206,0.02360564929345571,0,1
6827,328,244.5860046698333,QR,Food,FR,9.0,0.18182263479889244,0.2537108556496108,1,1
286,479,113.41278834889847,Online,Travel,TR,1.0,0.2439593224915761,0.41955398119120285,0,1
1153,910,41.59585943306958,Online,Travel,FR,6.0,0.11485184938592129,0.16666289456265956,0,1
4041,725,44.78577972828729,Online,Grocery,TR,22.0,0.07727361191407475,0.12882204608234624,0,1
9932,992,121.76599070085979,QR,Electronics,DE,16.0,0.1546524391828893,0.3317833585456659,0,1
6105,676,10.164837299164374,POS,Electronics,TR,21.0,0.05052245849454487,0.0852543249590259,0,1
793,795,35.92294326061112,QR,Travel,US,17.0,0.04421690491520805,0.06588089896511959,0,1
9918,529,1.4633486216644525,Online,Food,FR,9.0,0.061700491130321604,0.0691414941380605,0,1
7994,680,31.305203910966863,ATM,Clothing,TR,21.0,0.049868255842033304,0.389507708688465,1,1
2756,31,57.99114825006457,POS,Travel,FR,17.0,0.14834423303660876,0.12360047453187328,0,1
2409,880,116.67719086905592,ATM,Electronics,UK,9.0,0.22883144036066463,0.12334533957673695,0,1
2056,174,22.83378575973344,ATM,Food,US,17.0,0.0904194890317586,0.05064102221897475,0,1
1016,216,236.24498080519822,QR,Grocery,TR,10.0,0.02558167790129912,0.02997160304506604,0,1
3339,93,0.0,ATM,Grocery,DE,16.0,0.02958557427432779,0.17904750968549024,0,1
5798,355,213.1597071818399,Online,Electronics,TR,22.0,0.09559842349309088,0.03614554973754887,0,1
7529,936,0.0,POS,Electronics,US,23.0,0.2728718303221536,0.03139795075013076,0,1
8400,206,72.6590355055136,QR,Clothing,DE,16.0,0.12484905668371846,0.08039799911159537,0,1
1037,594,32.481750242010655,POS,Electronics,FR,21.0,0.08457890189128806,0.10216734285936052,0,1
5826,339,457.30449933076204,POS,Grocery,US,16.0,0.17618210096897455,0.17135702837456432,0,1
9002,792,52.22828299074995,Online,Food,TR,8.0,0.16997289968013093,0.3712247598714686,0,1
4759,68,30.596182630940817,POS,Clothing,TR,21.0,0.14261358268447294,0.31998738283968803,0,1
5049,185,329.6739555621809,QR,Clothing,UK,22.0,0.12496945517643526,0.18885210123902008,0,1
6815,451,40.89693604644576,QR,Electronics,UK,12.0,0.11875104320759625,0.12343455932642351,0,1
239,914,5.552812341966414,ATM,Clothing,DE,20.0,0.1730550452865484,0.14596490870688122,0,1
1837,640,162.19005192000546,QR,Food,DE,16.0,0.5107565921831008,0.18328236178522647,0,1
6593,722,16.82282763374054,QR,Clothing,US,13.0,0.14744312558548783,0.2995212434691521,0,1
352,944,54.80595710443658,POS,Clothing,TR,12.0,0.5920543274975887,0.469693894798271,0,1
6572,980,276.10754995491277,Online,Food,DE,8.0,0.1275262297452854,0.3676067501320172,0,1
3596,659,358.65909200756516,QR,Clothing,FR,15.0,0.2855753414530374,0.06491649520659398,0,1
6781,138,19.343367122291255,ATM,Clothing,UK,19.0,0.03158181094611572,0.06973855780361422,0,1
2657,68,9.099667489939186,ATM,Electronics,FR,20.0,0.10055211231065117,0.3850306043064188,0,1
3256,451,0.0,QR,Electronics,US,22.0,0.0582682823182238,0.01039313826996701,0,1
3755,216,511.00378317157566,QR,Clothing,FR,16.0,0.22586423820548335,0.27768068688061986,0,1
9716,715,110.18580921846645,ATM,Electronics,DE,22.0,0.027497514822621513,0.0833018262918205,0,1
2457,124,417.2769420865746,ATM,Clothing,DE,18.0,0.18857527622796816,0.48042658252227266,0,1
8883,222,35.69118645090034,Online,Food,FR,21.0,0.28574464675081296,0.2329208801569324,0,1
4705,621,16.718243947291654,QR,Electronics,FR,18.0,0.6084160494794777,0.5121543113843787,1,1
9980,24,152.73292698551063,Online,Travel,TR,17.0,0.4088704838667933,0.14958960329823381,0,1
2575,467,38.89590653761124,POS,Grocery,US,9.0,0.06753544156956443,0.26872677396404704,0,1
6985,390,164.9959911842367,Online,Grocery,DE,23.0,0.07937601979238258,0.18526374833611903,0,1
1169,157,113.58712238480572,POS,Grocery,DE,15.0,0.2666405612536663,0.4968514990108608,0,1
6599,970,134.0379246437987,QR,Grocery,FR,22.0,0.30892781981453804,0.1570915045204899,0,1
2901,713,20.861470513659043,QR,Grocery,FR,15.0,0.018084723859053478,0.11687190001847028,0,1
1054,257,18.396770155654224,ATM,Clothing,UK,23.0,0.4358770108916685,0.2085235170197331,0,1
2472,121,413.7703014737863,Online,Electronics,US,19.0,0.44071296848448926,0.2588001928693077,0,1
9959,313,502.2764713685468,ATM,Clothing,US,23.0,0.07602020334809559,0.12456213653711218,0,1
461,749,351.858811635267,QR,Food,US,22.0,0.09816836915283689,0.03457550129668024,0,1
5217,371,171.15173822994754,QR,Travel,DE,17.0,0.2719051869873145,0.15053456071909033,0,1
5043,998,30.605332229857552,ATM,Food,UK,2.0,0.07730555546945925,0.13820611546072645,0,1
6745,411,53.7855283827966,POS,Food,US,14.0,0.14836618537043736,0.01579292039938962,0,1
1450,347,84.35524402643281,QR,Clothing,UK,16.0,0.13042101245090054,0.0566427234905211,0,1
3660,789,108.02245530325916,Online,Electronics,FR,11.0,0.12780725173086094,0.05582826339597195,0,1
2627,887,411.560209718237,POS,Travel,DE,6.0,0.5649229489689032,0.1483690146415989,0,1
1006,604,14.190780121266421,QR,Clothing,NG,13.0,0.25853320741730834,0.1292490556060717,0,1
1291,692,69.05029234576126,ATM,Grocery,FR,10.0,0.10282454675124374,0.0458850800473909,0,1
6965,282,374.01268666338046,QR,Travel,DE,20.0,0.10619750234011698,0.0670431746826797,0,1
1749,605,29.02801661846012,ATM,Food,UK,7.0,0.127492528697398,0.3826330072482997,0,1
1933,719,486.1373293093208,POS,Electronics,US,13.0,0.21980906504864223,0.5644380746830135,0,1
2724,75,98.67419132866466,ATM,Clothing,DE,15.0,0.581392972537844,0.3566903793375057,0,1
8945,593,1039.8959032152538,POS,Food,DE,6.0,0.13094563639266438,0.02286979030046552,0,1
2946,656,1.8867886087062544,POS,Grocery,DE,17.0,0.04448923398491312,0.09414573303824354,0,1
6170,782,116.86546262384918,ATM,Grocery,TR,23.0,0.20567298638589046,0.10987459468124683,0,1
7148,876,11.983529185312596,POS,Electronics,DE,18.0,0.125983745171183,0.4407801076725426,0,1
6122,76,354.178661314826,ATM,Food,UK,16.0,0.2744812768611882,0.22115412559553255,0,1
593,269,90.32152722104414,ATM,Travel,US,19.0,0.05733400486497911,0.07705546313631827,0,1
7342,221,94.86125763916337,ATM,Electronics,UK,13.0,0.07320440722588772,0.03343021326094329,0,1
1236,64,129.3327445489568,POS,Food,FR,21.0,0.7316887665168865,0.5730560090373761,0,1
3868,466,211.49786111662482,POS,Travel,FR,18.0,0.016981276395585332,0.18990073750317765,0,1
8557,735,232.93547287704467,QR,Grocery,UK,14.0,0.3861939209928851,0.3882758189777083,0,1
8360,675,20.218788417113114,ATM,Electronics,DE,20.0,0.04869054362635007,0.13514598436492808,0,1
7577,492,406.8172823625116,QR,Clothing,DE,18.0,0.10967995281223038,0.05361510657452413,0,1
9704,232,385.25066707978965,Online,Food,DE,19.0,0.31942715278101075,0.39896742850942235,0,1
1236,807,57.74036407679996,ATM,Clothing,DE,16.0,0.11569915215682715,0.1539981243857175,0,1
2119,509,85.19378276839345,QR,Electronics,US,10.0,0.12374647149213848,0.3284309175291732,0,1
2533,217,156.52380905329824,ATM,Grocery,TR,21.0,0.18737355151208443,0.29629429519963724,0,1
1387,85,66.94219807373237,POS,Electronics,UK,10.0,0.08423896194798504,0.05626021952781637,0,1
4754,734,405.6295499913497,QR,Food,TR,7.0,0.26113671265730654,0.31024141568779434,0,1
2524,330,134.635279279106,Online,Food,UK,10.0,0.030504746778739322,0.238202422753363,0,1
9702,732,1.8896636642368243,ATM,Clothing,FR,18.0,0.09208551936620016,0.1184860964127637,0,1
6297,535,439.3614371146297,ATM,Electronics,UK,16.0,0.18771770216180644,0.39379876557926746,0,1
5871,527,99.96091505208035,ATM,Travel,US,17.0,0.10060293421059796,0.1091123371668926,0,1
2188,362,9.42666029624846,ATM,Food,UK,18.0,0.06500805020258872,0.14541779354850845,0,1
9729,307,84.21947221766519,QR,Grocery,US,20.0,0.06852305081670812,0.30885184314250963,0,1
8214,350,302.4316668742333,Online,Clothing,FR,16.0,0.2397716363642691,0.355246084139809,0,1
4254,28,23.046029303021413,Online,Food,FR,16.0,0.30700781646085046,0.11538869845500757,0,1
4144,760,71.21588382669847,POS,Food,US,15.0,0.055873138323564844,0.0159785954036306,0,1
7387,702,40.55844560845702,POS,Electronics,FR,23.0,0.032953571001912825,0.04559607485832007,0,1
9648,129,279.56055732281203,ATM,Electronics,DE,14.0,0.2634110464173752,0.4797568693425674,0,1
3586,921,160.4356572383274,POS,Electronics,FR,13.0,0.26517170425704634,0.09596078878465916,0,1
8321,491,29.064964436328456,ATM,Food,US,21.0,0.28921936750389676,0.1564013418030781,0,1
5493,231,298.598348745678,ATM,Electronics,TR,12.0,0.13668460742113783,0.18444182582904547,0,1
1251,600,91.88573491302326,ATM,Food,FR,22.0,0.5711883481901289,0.13774976401516723,0,1
735,888,18.592334881838262,POS,Clothing,US,14.0,0.17340592053215906,0.5898364461951665,1,1
8251,588,617.8178429444754,POS,Travel,US,9.0,0.062332879973212456,0.12127924552578072,0,1
997,589,351.27780265982534,Online,Grocery,US,18.0,0.3503651004720104,0.3099840660419623,0,1
6791,382,106.79880873280628,ATM,Food,UK,21.0,0.16261596035687373,0.09925616064112544,0,1
3457,826,15.781400407716319,POS,Food,DE,12.0,0.07652076301278579,0.08447076551368257,0,1
9486,765,510.6302766223997,POS,Clothing,DE,14.0,0.39290353840645525,0.56716615415724,0,1
4349,103,15.449059118213679,QR,Food,FR,20.0,0.07299098406362131,0.07626752673783982,0,1
3770,567,9.731178977470723,QR,Clothing,UK,23.0,0.057147890646651656,0.05106385722063348,0,1
4494,646,76.1451769827006,QR,Food,US,13.0,0.048300424713432016,0.04746407583427452,0,1
6885,363,85.61818475070305,POS,Food,FR,13.0,0.09364014393132661,0.10193474473436859,0,1
8583,650,21.880317522918403,Online,Travel,TR,10.0,0.2220695221558238,0.07259462822295251,0,1
4114,886,183.11676273578558,ATM,Clothing,UK,16.0,0.25667054085229546,0.1383363513226879,0,1
9689,939,42.74184385299633,Online,Clothing,US,8.0,0.23251485949654516,0.39002181154109117,0,1
427,975,83.19004967596823,QR,Food,US,15.0,0.012581643045296999,0.10541597711737728,0,1
1936,51,295.0682238691967,QR,Food,TR,14.0,0.22789718487506827,0.4043643392284832,1,1
4415,363,110.5739015832696,POS,Food,DE,4.0,0.14878191408266495,0.2137844159987647,0,1
7040,69,28.06922954746699,Online,Food,UK,12.0,0.19075794114240535,0.24020244894220683,1,1
9919,809,223.576134217874,QR,Electronics,DE,19.0,0.10376902089162005,0.21893123030855888,0,1
604,283,278.4929658508655,QR,Travel,TR,23.0,0.22604440237607817,0.5747134791077063,0,1
6619,45,138.26505686740833,Online,Grocery,US,11.0,0.2908061199382542,0.1593498217969531,0,1
6622,496,41.689019622705615,QR,Electronics,UK,20.0,0.6245943046489149,0.08240954526816935,0,1
1361,611,54.33520981476369,ATM,Travel,DE,18.0,0.18217006333508923,0.04936974676263349,0,1
4397,809,53.31724253776186,POS,Food,FR,17.0,0.12392673508076678,0.15690317167502524,0,1
899,513,427.21559902446256,POS,Clothing,UK,11.0,0.412721926762973,0.2896769734590408,0,1
4660,532,16.32776640936488,POS,Grocery,US,8.0,0.037327268240746767,0.0585953826659967,0,1
2382,757,70.30246047933117,POS,Travel,UK,13.0,0.1719870089079795,0.06773366407239273,0,1
2468,365,19.405666668526646,QR,Food,TR,4.0,0.29810058350728663,0.46138460928565767,0,1
5766,11,15.872934847086075,ATM,Electronics,TR,4.0,0.10764512238194018,0.07509888858517741,0,1
6617,63,123.56960328610393,Online,Clothing,DE,18.0,0.07849582772643032,0.21482646883556214,1,1
3742,28,94.31585026903979,ATM,Food,DE,18.0,0.2717309164898857,0.2519420084718628,0,1
235,444,117.3844417691174,Online,Food,US,9.0,0.7159304903879514,0.08016504491016327,1,1
7967,266,121.64226887869516,Online,Electronics,FR,19.0,0.46495890293580466,0.2378195043875036,0,1
7145,769,61.948716966295265,POS,Electronics,US,20.0,0.07914440759005052,0.03484584819183548,0,1
1488,201,6.458144357497969,QR,Electronics,DE,4.0,0.08992533936511128,0.04282028547850646,0,1
6163,409,16.98473215933442,Online,Travel,UK,12.0,0.04216827851941431,0.010361535788952585,0,1
4874,410,283.21039443179023,QR,Clothing,FR,16.0,0.23884614671051976,0.4209350380146737,0,1
2985,962,268.04993475129913,ATM,Clothing,UK,17.0,0.38097915991529174,0.5554237283965364,0,1
9473,373,26.608626008928198,ATM,Travel,FR,17.0,0.19501212475427984,0.01403996950585524,0,1
3120,656,197.1126652833869,QR,Electronics,UK,21.0,0.22082890460946317,0.1603291535895338,0,1
8506,788,84.02640129907172,POS,Electronics,DE,21.0,0.2116311495675483,0.5184159454906565,0,1
3286,524,56.82475595331739,ATM,Clothing,UK,17.0,0.3263870655039454,0.2747630821101613,0,1
4880,646,112.82648205885744,QR,Clothing,UK,22.0,0.31667109108339964,0.2080986051056343,0,1
3979,693,150.90146709806865,QR,Food,UK,22.0,0.8240557110859875,0.6765411481421572,1,1
1451,8,601.1279349652962,ATM,Grocery,US,3.0,0.045500184733308614,0.15060967868676464,0,1
4894,68,309.81311106776053,POS,Clothing,DE,21.0,0.08586955214176534,0.22261119201104296,0,1
1462,400,882.9466178087979,ATM,Food,UK,15.0,0.2860107001533301,0.23975189054253096,0,1
2911,402,27.224958823111773,POS,Clothing,UK,21.0,0.06929185189697948,0.08375925361419474,0,1
3766,980,22.198448138958483,POS,Grocery,FR,20.0,0.0508816609507468,0.13423595085507795,0,1
7582,158,13.194758202257633,QR,Food,UK,22.0,0.39907500498374016,0.1911162358503278,0,1
1456,16,1267.7840941803156,ATM,Travel,FR,22.0,0.4322157771877758,0.41667056770137706,0,1
4430,857,191.65100307409244,POS,Clothing,US,15.0,0.10471296176556906,0.11799363717930139,0,1
5511,494,22.053672532974474,Online,Electronics,FR,20.0,0.42313674536826423,0.2085177815173082,0,1
606,871,383.2488630462283,ATM,Travel,TR,17.0,0.13918242265595068,0.16225897841142856,0,1
6292,870,37.97943985851369,Online,Grocery,UK,5.0,0.08682903635895745,0.06805569904640728,0,1
2207,165,531.9143317920626,POS,Grocery,TR,2.0,0.2557312794285712,0.45117856022428726,0,1
790,999,300.13819767843864,Online,Grocery,UK,1.0,0.08941584761151906,0.07956139630308003,0,1
7530,605,218.4693861200729,ATM,Grocery,US,15.0,0.27242742692208777,0.3513452961923839,0,1
2262,260,22.622949363449397,POS,Electronics,DE,21.0,0.14074468944923516,0.165871107324741,0,1
2742,420,25.227782042510484,Online,Grocery,US,6.0,0.5496101862344267,0.5388228280549222,0,1
2294,790,92.49322016028698,Online,Grocery,US,15.0,0.1401581210762692,0.22258060863756435,1,1
8497,737,114.4636657223895,QR,Electronics,UK,19.0,0.12014725920458134,0.09308422903538789,0,1
2829,779,148.6815499280015,QR,Food,TR,3.0,0.13442171308297748,0.19574847692907082,0,1
1279,644,458.7978464506855,POS,Electronics,TR,12.0,0.023485446023527964,0.09481762410448966,0,1
5362,332,20.924168207358683,POS,Grocery,FR,15.0,0.16344815862999404,0.014055514171370413,1,1
7894,257,462.64551499013834,POS,Clothing,TR,20.0,0.6229021401675517,0.3164319812125366,0,1
9082,566,1.989608035824658,Online,Travel,US,16.0,0.35611769384289355,0.25356520483510897,0,1
464,246,252.64036959025754,POS,Travel,FR,20.0,0.10765050409585271,0.013303210117124396,0,1
4658,674,439.3335214249269,ATM,Electronics,FR,11.0,0.5820292964231886,0.47634149399713593,0,1
3693,777,50.00412350760577,QR,Grocery,FR,20.0,0.7002713492685847,0.4737652977157703,1,1
6902,588,149.81748193613876,QR,Grocery,FR,16.0,0.2579490600637135,0.18954621752953424,0,1
166,484,65.02110899660646,Online,Electronics,US,18.0,0.06124553043977769,0.26482531208662025,0,1
4042,271,269.60989763016914,ATM,Travel,UK,23.0,0.23184028001952292,0.49463985804897515,0,1
5194,157,20.836514468512796,ATM,Electronics,NG,15.0,0.14046345749342237,0.06990365537855078,0,1
7471,196,53.69723619162189,QR,Food,UK,9.0,0.0542983315605438,0.06835145021617933,0,1
7415,573,156.90930222879098,ATM,Clothing,DE,20.0,0.13843920220495462,0.21815610442797934,0,1
7952,494,266.7213436556154,ATM,Electronics,UK,14.0,0.5693260218696792,0.18828466511411462,0,1
1354,475,395.4756348709489,POS,Grocery,US,20.0,0.19652765948711107,0.31528986182342394,0,1
9054,232,0.5012533364124554,POS,Electronics,DE,16.0,0.0747936863964131,0.425416949090241,0,1
320,274,20.22331512403619,QR,Grocery,FR,21.0,0.35562304694799934,0.35999460957963286,0,1
7439,534,105.24419915561957,Online,Grocery,DE,7.0,0.07245957368237194,0.12733432398030292,0,1
5839,528,85.01164344170878,QR,Electronics,TR,10.0,0.7960004522222558,0.20284289999654267,0,1
4900,28,11.414031582231448,QR,Grocery,US,8.0,0.020990505840518744,0.04770644975297496,0,1
3017,584,12.824466275813824,QR,Clothing,US,7.0,0.06836157822206754,0.18533647130110817,0,1
1472,232,25.183580037187067,POS,Food,UK,17.0,0.15822064225877477,0.34583091533662663,0,1
6610,688,46.21076208689184,ATM,Clothing,TR,16.0,0.11929191527146302,0.31180561111399974,0,1
3577,739,233.89774037040038,POS,Grocery,UK,6.0,0.01395770571876949,0.1576488106971306,0,1
6139,771,596.9286550223219,ATM,Food,UK,17.0,0.09066084784608526,0.2842516354451574,0,1
1205,189,60.35462411767756,POS,Electronics,FR,7.0,0.3609397824733058,0.05654384223197455,0,1
6823,851,202.84162762658414,POS,Travel,US,21.0,0.14589559788336232,0.13428454993885766,0,1
5375,803,94.68627505774766,POS,Clothing,US,15.0,0.2288009623690826,0.1440754820793326,0,1
5241,530,139.89980739016892,QR,Travel,FR,15.0,0.2729158948138217,0.29699648429366665,1,1
6373,451,52.56615468302634,POS,Food,US,9.0,0.06750542075651925,0.10483710724365836,0,1
1653,50,218.45571134903804,QR,Grocery,DE,17.0,0.2851023412062734,0.5750254523513799,0,1
8767,157,71.82115390864315,Online,Clothing,DE,17.0,0.15526266721939885,0.20340264167704358,0,1
9109,341,58.07988794553829,QR,Electronics,US,14.0,0.1861925053184948,0.07894852508778215,0,1
7574,674,129.8567398541934,ATM,Clothing,TR,8.0,0.6184795871581817,0.057583196974040504,0,1
3098,187,492.1619488347299,POS,Clothing,DE,20.0,0.1739045095503209,0.15628162273171817,0,1
7693,912,53.9506391623981,QR,Grocery,UK,14.0,0.2105073549506055,0.23276752081798543,0,1
9728,452,46.59489465876583,ATM,Grocery,US,13.0,0.14597217595209222,0.24701598177937617,0,1
68,367,29.530286976202593,QR,Grocery,FR,9.0,0.22686485199670844,0.36161409168802383,0,1
8533,880,189.31429650049566,POS,Travel,FR,17.0,0.3257001118319525,0.09756201331895607,0,1
2306,792,131.3509756803811,Online,Food,DE,15.0,0.4832470263668534,0.16265421803209332,0,1
8336,735,934.2760793277957,ATM,Grocery,FR,20.0,0.1133634052017175,0.27118471055607174,0,1
6285,555,5.787020858446883,ATM,Clothing,US,20.0,0.06802088325972132,0.08795163336725594,0,1
7035,681,192.27179458098283,POS,Food,NG,4.0,0.18600956332058283,0.1379275427095884,0,1
5548,380,513.6098113383673,ATM,Food,DE,17.0,0.08075672803292258,0.1910970020590157,0,1
2985,531,0.9304769806321713,Online,Travel,US,16.0,0.033079738459884434,0.08952366097834,0,1
5413,140,234.83684263655726,ATM,Electronics,US,13.0,0.18306671287622825,0.3103717881185078,0,1
4214,887,1340.4259532017793,QR,Food,TR,5.0,0.23491403945970407,0.18172249869899668,0,1
6079,298,226.74657009184372,Online,Clothing,FR,20.0,0.700888908582484,0.0673916926468178,0,1
1255,863,182.30215716910305,POS,Grocery,FR,10.0,0.16703881467610718,0.14319436303738822,0,1
3154,979,19.195949879530225,Online,Electronics,US,20.0,0.08430398950402337,0.11806541186548612,0,1
5102,385,249.75220321377284,QR,Clothing,UK,14.0,0.7488675933071135,0.13175061861569273,0,1
4053,521,52.38581194264672,POS,Electronics,FR,17.0,0.21335581633347522,0.19794377941757896,0,1
8202,583,21.523201984674607,ATM,Travel,UK,17.0,0.09041643567911203,0.252789689425559,0,1
823,426,101.9905721076148,Online,Travel,US,22.0,0.19143816825449245,0.17890818004258466,0,1
1157,192,24.84391571644677,Online,Clothing,FR,17.0,0.04181224897228443,0.1660804165850937,0,1
4197,404,217.70396508048967,POS,Grocery,UK,20.0,0.24291258858514106,0.1501757374084628,0,1
1286,379,12.156248507452915,ATM,Electronics,DE,16.0,0.08869650244102008,0.04497842313765171,0,1
5439,218,21.15136541951596,POS,Grocery,US,10.0,0.36391206489053174,0.08594406675647168,0,1
1250,15,54.510671861230946,POS,Clothing,US,14.0,0.13992687985848556,0.11430602241688277,0,1
1095,307,81.99931832677511,QR,Electronics,FR,19.0,0.17812452232250614,0.04238296095117494,0,1
9834,830,13.85878701518173,Online,Travel,US,20.0,0.5918628385721008,0.4514765773634706,0,1
7761,354,5.279834150513664,ATM,Electronics,FR,7.0,0.09573138741215206,0.028529859028264316,0,1
4092,546,80.50517432079134,QR,Food,UK,14.0,0.5721406582310152,0.15233517011733996,0,1
6486,602,366.5758850331857,Online,Food,DE,16.0,0.20738426762699563,0.06133088620420071,0,1
4869,674,10.764538558656433,Online,Food,US,22.0,0.018337327760605204,0.02415155238432098,0,1
5993,238,39.471790300410035,QR,Grocery,TR,22.0,0.023641690198369723,0.05042679666205711,0,1
4962,603,400.6662302863893,QR,Food,UK,21.0,0.10720991422120446,0.48319852311318123,0,1
7439,561,284.20444568491047,ATM,Clothing,FR,19.0,0.3048101066029288,0.8342370512676486,0,1
7316,90,20.33533883514254,POS,Electronics,FR,22.0,0.1977511252080339,0.016108201048457782,0,1
5718,425,122.23333530704912,POS,Grocery,FR,19.0,0.26731878768421297,0.0482788373385914,0,1
8921,583,44.55221942838863,QR,Food,US,11.0,0.07616299653412366,0.14544140861275315,0,1
9937,942,335.82918398306293,QR,Grocery,US,10.0,0.03248967737838272,0.2328182826120868,0,1
1234,187,18.8180122770342,QR,Clothing,TR,17.0,0.30453546364260986,0.09416650187659324,0,1
2705,193,40.465184394558534,POS,Grocery,TR,12.0,0.05591599174862089,0.10359859548390396,0,1
242,427,359.9983312875339,POS,Grocery,FR,15.0,0.04826221008812323,0.06886406164710195,0,1
8629,922,4.931643858666243,POS,Travel,TR,22.0,0.049779110857160566,0.017001437579907363,0,1
2372,198,425.56432637321006,QR,Electronics,US,8.0,0.08776223065717373,0.07689459328028735,0,1
9627,435,191.24518943423675,Online,Travel,UK,7.0,0.28320219462011137,0.054083767158995585,0,1
1524,252,260.0372563069884,POS,Clothing,UK,18.0,0.08543769984147355,0.04530842387288017,0,1
6495,882,160.9602867688535,Online,Grocery,TR,17.0,0.02457116841244453,0.02489668585328733,0,1
4746,0,112.8163595956314,Online,Grocery,TR,20.0,0.016051402958218296,0.019458549003442734,0,1
476,294,295.12740603674297,Online,Electronics,US,4.0,0.24438494995422963,0.042185866046997006,0,1
222,650,4.392075103520913,ATM,Electronics,DE,11.0,0.025116149903387324,0.04350441228576976,0,1
66,95,46.79845193987499,QR,Electronics,DE,1.0,0.08706914790062832,0.11409710475081032,0,1
5065,275,22.555399092269095,Online,Clothing,TR,12.0,0.014168528518794462,0.06126348791228631,0,1
8784,353,5.50647653797458,ATM,Clothing,US,14.0,0.11373505562725172,0.022804831832302995,0,1
8916,387,23.078568048265062,POS,Food,UK,13.0,0.4212973310451279,0.04203239991463992,0,1
4716,511,25.31154011494613,POS,Clothing,TR,23.0,0.09299127902726469,0.051363332334462664,0,1
5943,475,430.056218201969,ATM,Travel,US,15.0,0.19993119762186273,0.07241361962218196,0,1
799,209,410.11741252729774,QR,Clothing,UK,6.0,0.23987095596621996,0.47784708796027187,0,1
1092,974,566.9430328462029,Online,Grocery,US,19.0,0.7323530932647704,0.40856379396058357,0,1
2651,72,306.2649838336559,Online,Grocery,FR,13.0,0.3730900266790007,0.3068520056401368,0,1
7998,165,300.40412951927686,Online,Electronics,US,22.0,0.02543719480136065,0.06078974410975246,0,1
4259,567,42.32308451551008,QR,Grocery,FR,10.0,0.18482697976724333,0.3820207225320231,0,1
5130,465,16.310868418732973,Online,Clothing,US,15.0,0.42889008876559687,0.4778239837643504,0,1
688,685,40.15679815445187,POS,Electronics,UK,21.0,0.16612026542082897,0.14058431958978684,0,1
7931,507,106.80130560613803,ATM,Food,TR,11.0,0.013989677086178466,0.016036431121150822,0,1
5931,430,17.968526539738022,ATM,Food,US,20.0,0.16484993816144794,0.0440854026389595,0,1
8415,832,387.4406880204549,ATM,Travel,DE,18.0,0.28496074642539077,0.02985387016565816,0,1
3658,283,143.18024719245423,Online,Food,TR,13.0,0.32727710309824415,0.29863578616658515,0,1
9920,134,14.557215673746516,ATM,Travel,FR,11.0,0.02283993664788787,0.03309645034093924,0,1
7779,573,73.15598386837632,ATM,Grocery,UK,17.0,0.3466832627956617,0.24511468236543485,0,1
8016,438,121.3663255408928,POS,Clothing,TR,3.0,0.03691755044362201,0.21531060927929993,0,1
7152,252,118.22674853527145,ATM,Grocery,NG,17.0,0.10130671633754611,0.1599688174837771,0,1
3494,777,293.01645951085516,POS,Clothing,FR,9.0,0.14216425075603933,0.05458355414469081,0,1
3285,451,454.05668796472304,Online,Clothing,TR,13.0,0.2539453236373749,0.3887646680850141,0,1
5402,849,613.6655536600282,QR,Food,US,7.0,0.3856788901931854,0.058838867011181364,0,1
5435,95,120.77001839982198,Online,Clothing,DE,4.0,0.05785326836175212,0.43449408724975513,0,1
6953,258,100.47805461251347,ATM,Clothing,US,14.0,0.1908278275858902,0.23134335446221407,0,1
9303,975,57.68379240433577,Online,Grocery,UK,19.0,0.10765732445638088,0.23554264303651276,0,1
1157,205,332.56337458206514,POS,Food,UK,23.0,0.14412763658153344,0.04495999182702412,0,1
3840,4,6.470961345953164,Online,Travel,UK,23.0,0.0460979580265214,0.20158406653343258,0,1
6117,73,252.99339041939908,QR,Clothing,FR,21.0,0.27025741994176256,0.17920419466059212,0,1
3861,129,93.83035716036916,ATM,Travel,FR,9.0,0.34487568318527617,0.04653016268157546,0,1
1239,113,734.9155183210748,Online,Grocery,DE,17.0,0.25876828353832526,0.3752046039409288,0,1
8551,85,0.0,Online,Food,FR,22.0,0.02648768327637584,0.10839766332162531,0,1
3162,212,38.55500410873366,Online,Travel,FR,17.0,0.2553052567659939,0.0861099731323841,0,1
5212,249,17.786229946881278,QR,Grocery,TR,23.0,0.3434421102344352,0.13454348678098568,1,1
5177,308,292.4805036477119,POS,Electronics,FR,17.0,0.23039202156769825,0.07854043690031769,0,1
9477,725,194.5761819169682,QR,Electronics,FR,9.0,0.165186921232575,0.05016495730195633,0,1
1522,823,37.47329505908003,ATM,Travel,DE,8.0,0.6199204017206809,0.03625705813519012,0,1
1638,789,38.487938100723014,Online,Food,TR,19.0,0.11274258823250186,0.372664180283266,0,1
8700,335,1394.088126149306,POS,Travel,FR,4.0,0.4008118149132657,0.2349181909125766,0,1
7336,202,106.34955314522261,ATM,Grocery,US,21.0,0.24318076707455755,0.24454128553315355,0,1
8600,159,249.90928164299618,ATM,Clothing,US,18.0,0.22163021863242044,0.2356898882853797,0,1
7927,786,102.25703891261625,QR,Clothing,DE,12.0,0.21149657824539755,0.16651409949446952,0,1
1646,473,169.03835955599305,POS,Clothing,DE,17.0,0.015877017012551474,0.022268445657972577,0,1
9683,411,1351.1154402664727,ATM,Food,TR,19.0,0.3536384491357954,0.19536236824354192,0,1
8922,718,144.71621291750878,ATM,Electronics,UK,18.0,0.17709064141249758,0.24506016641011405,0,1
5456,186,0.0,Online,Clothing,UK,14.0,0.07451165149317601,0.25362376463015357,0,1
4303,25,213.18122501464543,Online,Grocery,DE,2.0,0.1434368718710036,0.11410557476765874,0,1
4861,6,493.2036074985851,ATM,Grocery,DE,14.0,0.16949075160502408,0.14895945894119964,0,1
6690,232,396.55492377211624,POS,Clothing,US,20.0,0.31651850834570167,0.14052758791305256,0,1
4052,821,189.67468211157882,POS,Clothing,UK,18.0,0.1326758690044475,0.19340403133188644,0,1
1337,524,176.48817396087836,ATM,Electronics,FR,10.0,0.1607974327884472,0.08414254389808992,0,1
6192,980,5.194559634035665,POS,Electronics,DE,19.0,0.2341782331653697,0.06435237040101607,0,1
9863,757,71.7063979038217,POS,Travel,FR,22.0,0.08475250636853476,0.09457417719933545,0,1
9390,504,33.530500473063405,Online,Travel,FR,19.0,0.04056347667850785,0.073103382485957,0,1
5433,431,414.33369967399085,QR,Travel,DE,18.0,0.17861180219212344,0.16435294705465217,0,1
5595,377,246.42818364104588,POS,Food,TR,14.0,0.22685101810951427,0.09166584954138991,0,1
5715,29,268.4724135626783,QR,Electronics,UK,20.0,0.25537768096297786,0.18204634840848358,0,1
6882,122,33.769888739890504,ATM,Travel,UK,18.0,0.04295972740499503,0.044253058212107024,0,1
6832,26,138.7075240087356,QR,Electronics,FR,3.0,0.2545627806224241,0.052172349291740104,0,1
5261,692,307.9559467635992,ATM,Food,TR,21.0,0.09064898994852161,0.04487999015507143,0,1
772,954,346.3291610692431,ATM,Electronics,UK,19.0,0.036509315827076526,0.21204051267544216,0,1
4852,477,29.02249926208488,POS,Grocery,TR,20.0,0.03120969743354394,0.057551124713052064,0,1
6993,226,129.40556524692425,POS,Travel,DE,20.0,0.1275692717247751,0.1415500647532242,0,1
6170,609,33.07096250467799,POS,Grocery,US,23.0,0.01960748796776653,0.01455238948649178,0,1
6875,659,11.462564201397182,ATM,Food,FR,16.0,0.03768774485424849,0.123524529864962,0,1
4997,860,151.75432172212402,ATM,Clothing,UK,22.0,0.08299128218116686,0.225930683586726,0,1
9985,768,169.18882481717515,Online,Electronics,FR,9.0,0.1372198535495194,0.17393303198584958,0,1
232,985,435.0472241705641,POS,Electronics,DE,9.0,0.02213074872372839,0.12566196829045037,0,1
2985,958,193.81110747178593,POS,Clothing,DE,8.0,0.31150581873936234,0.28696388425960817,0,1
4065,110,40.13126074062804,QR,Clothing,UK,20.0,0.038106201765859174,0.11799172496499503,0,1
2872,428,260.5439552569473,QR,Electronics,TR,18.0,0.019641876943908114,0.06579720565890215,0,1
7397,6,0.0,POS,Grocery,FR,14.0,0.03413260025733938,0.020167422412836204,0,1
752,961,31.19857246471432,Online,Food,TR,19.0,0.062151438067471865,0.057153018491863834,0,1
4505,5,74.36800512515143,POS,Food,US,16.0,0.03109307655446035,0.06187309656332834,0,1
7962,581,115.41315257128947,Online,Grocery,FR,8.0,0.34646942241189427,0.24612737113640232,0,1
2960,309,28.8688098482102,QR,Food,FR,3.0,0.18587546562626683,0.025392333211501306,0,1
9151,982,7.611168476205305,POS,Grocery,FR,17.0,0.025220830946505627,0.15871024514497364,0,1
3960,90,82.26349268506951,ATM,Food,DE,4.0,0.4655599700318442,0.3137475759904365,0,1
3659,331,273.83683033820347,ATM,Food,FR,15.0,0.09854055701966513,0.04977505018337065,0,1
834,979,35.99966836288767,Online,Grocery,US,23.0,0.2932384172226985,0.07905653685719038,0,1
1237,211,156.384984434518,Online,Travel,FR,7.0,0.04011512350500306,0.10999246117716509,0,1
7902,136,8.010110704440757,QR,Travel,UK,19.0,0.03777230182525065,0.07921261391664894,0,1
7052,573,106.87369379954195,POS,Food,UK,21.0,0.07426035236249047,0.1293515105596686,0,1
1515,519,23.031037688312537,QR,Grocery,DE,9.0,0.14995808770799032,0.12244424365484399,0,1
2433,220,26.678665777308936,POS,Food,FR,18.0,0.06225996008406601,0.053928541674867964,0,1
7139,249,54.011645419045294,ATM,Clothing,NG,13.0,0.2541643555834334,0.14916474805689617,0,1
5176,235,20.394818007217964,Online,Travel,US,11.0,0.29312871322401846,0.244920622576615,0,1
9560,725,239.60782735372567,Online,Clothing,FR,5.0,0.48485716940665746,0.18251803528084107,1,1
4214,551,186.23132342938686,POS,Travel,DE,14.0,0.2431125196471792,0.14261558101717264,0,1
5429,427,161.5734148650032,ATM,Clothing,US,2.0,0.15020734468602853,0.055403919214267475,0,1
8236,278,130.58133501482533,POS,Food,US,16.0,0.2668491907980759,0.16571680080304646,0,1
7657,919,636.9862225614479,ATM,Food,NG,2.0,0.05928967848215892,0.12081668420091238,0,1
4551,13,90.37463561871544,QR,Clothing,US,21.0,0.05456545286259692,0.2684714021075171,0,1
1511,372,0.0,ATM,Clothing,TR,12.0,0.11610164836654652,0.5520982724267044,0,1
1095,981,62.67079825424175,POS,Food,US,19.0,0.08927818715751766,0.1178320169661028,0,1
3748,406,106.54230186537939,QR,Electronics,DE,21.0,0.061791070232845254,0.16880301529887845,0,1
959,204,0.0,Online,Travel,TR,22.0,0.013702038835647577,0.00974046764850795,0,1
9885,0,19.745659308784397,ATM,Grocery,TR,22.0,0.07296040292711219,0.10763252850564484,0,1
7756,105,1.5248128108106407,QR,Electronics,TR,15.0,0.035421288036076956,0.03603700140435406,0,1
9493,490,269.8841633692163,POS,Grocery,DE,23.0,0.464100161143954,0.3097482383950458,1,1
9019,854,0.0,Online,Grocery,UK,21.0,0.10178845330769015,0.08318991615377488,0,1
7157,330,584.8892552956422,QR,Food,TR,2.0,0.42861606909748623,0.22739881992634867,0,1
1099,196,332.47825713789484,ATM,Electronics,DE,22.0,0.3328802462359444,0.11457970351679944,0,1
3230,698,198.21159781271132,QR,Clothing,TR,16.0,0.031007839795789794,0.03435142404782402,0,1
1992,484,125.59115174515523,QR,Clothing,TR,5.0,0.40506024958301345,0.1447910579083185,0,1
4301,924,87.22147728308097,QR,Grocery,DE,7.0,0.4958225295998241,0.3490057643366605,0,1
5943,184,478.85429238448563,POS,Travel,TR,12.0,0.2327523746379075,0.268281340887597,0,1
5454,559,162.9618363507467,QR,Food,TR,23.0,0.17627069760828584,0.11236897690756062,0,1
5305,118,11.999108887673113,Online,Clothing,DE,23.0,0.4036484150360356,0.342885053092708,0,1
7693,268,473.6763782226312,ATM,Travel,FR,21.0,0.16897423727691566,0.26017866596354455,0,1
2952,256,539.7350569602103,Online,Clothing,FR,7.0,0.9519160321052162,0.3261495174065939,0,1
3230,539,0.0,ATM,Food,FR,10.0,0.06030971041015766,0.09803764869373167,0,1
6796,8,37.61710658570658,Online,Electronics,TR,6.0,0.1083610663998288,0.13428064682884505,0,1
6903,355,310.2610496326467,QR,Food,FR,22.0,0.927067476898442,0.22949315190412126,1,1
6116,852,359.9487828222251,QR,Food,FR,15.0,0.6106843368602912,0.1554142240710074,0,1
1937,133,838.9924538060357,Online,Travel,DE,20.0,0.24100521272780237,0.16807683861108574,0,1
3738,300,118.34242758244561,ATM,Clothing,TR,8.0,0.012907371951474528,0.31333157682627305,0,1
1856,173,185.15497317841778,ATM,Clothing,TR,14.0,0.3739618751804483,0.035938980765035045,0,1
1300,229,54.60756598440492,POS,Travel,DE,8.0,0.0957436645285046,0.020117729468757083,0,1
4249,330,96.47065167358735,Online,Grocery,UK,17.0,0.039057930122340954,0.02779125299431193,0,1
518,681,6.996004384919717,ATM,Grocery,TR,10.0,0.06756670771925917,0.2028573523783615,0,1
3831,355,293.2669035839279,Online,Electronics,FR,20.0,0.10572661140287389,0.032183164616452375,0,1
786,600,64.74644158672422,POS,Electronics,UK,12.0,0.2831451799191898,0.46194858826002844,0,1
9276,183,23.525504989425762,POS,Food,UK,17.0,0.11393030894246983,0.1567607609693614,0,1
4126,777,222.3170965690946,QR,Electronics,TR,12.0,0.07829272138718159,0.26821751737183525,0,1
9761,57,57.91621304428415,Online,Clothing,US,12.0,0.1490994642262689,0.2479187502472015,0,1
3955,579,167.8110227912548,QR,Electronics,US,22.0,0.35552487680064393,0.10991621048320656,1,1
3371,390,163.97741921042342,Online,Electronics,US,14.0,0.06388086242161087,0.13279588953483043,0,1
8049,909,102.05463606456797,QR,Clothing,DE,16.0,0.16521977867746876,0.26277554117039315,0,1
1627,899,151.34131043245617,Online,Grocery,TR,16.0,0.932988486983226,0.2956876011624705,0,1
7618,216,81.38524761713464,QR,Electronics,TR,11.0,0.059400776335200356,0.1498081560166774,0,1
8103,400,12.950186574483855,QR,Clothing,FR,10.0,0.15535633984379868,0.2713886501586109,0,1
905,805,101.40409332170954,Online,Clothing,DE,2.0,0.24342094149805296,0.6563494707766827,0,1
3057,916,14.483854113349933,QR,Electronics,UK,3.0,0.05798877690691963,0.08707039297363219,0,1
4662,46,133.80878384651643,POS,Clothing,TR,13.0,0.33249764573388724,0.12353625775489943,0,1
7681,158,2.7501107144520405,ATM,Travel,US,22.0,0.3158374219236569,0.17733202363031714,0,1
3095,156,36.039180774477124,Online,Food,US,6.0,0.07196314321920011,0.026989264205924436,0,1
2737,609,24.35508000778935,ATM,Travel,UK,13.0,0.29016279009161394,0.2836162526815546,0,1
8,408,9.75658135563035,POS,Clothing,DE,23.0,0.1902709441225679,0.05116809223751715,0,1
9782,428,193.88014076498257,POS,Travel,FR,21.0,0.1871599282622271,0.1679042073988423,0,1
5255,863,61.294629889305405,ATM,Electronics,FR,7.0,0.041381354952887,0.058723155151558085,1,1
520,42,23.426025022000804,Online,Grocery,US,15.0,0.25868849788139797,0.1610406891922562,0,1
4950,751,2.4478537004953265,POS,Electronics,FR,14.0,0.21241886628207468,0.07326318368901068,0,1
3922,201,64.54093588981297,POS,Clothing,DE,4.0,0.13508594427883952,0.2794173389347505,0,1
5414,742,24.418363863727606,QR,Electronics,DE,11.0,0.1069352042654839,0.06400074853852533,0,1
890,203,27.368820663222024,QR,Travel,FR,17.0,0.06269509549939586,0.14374210504210128,0,1
7820,370,26.90239218731838,ATM,Grocery,TR,16.0,0.12163147174148224,0.021074963452331272,0,1
4658,744,41.08104636767525,QR,Grocery,UK,15.0,0.052119381548732746,0.4919737758273407,0,1
3467,103,12.959735187146563,ATM,Clothing,UK,13.0,0.13990569518870735,0.06405850860061114,1,1
8773,485,20.307696197181254,Online,Travel,TR,10.0,0.1424235639756099,0.1466424769659151,0,1
4245,149,69.54962779963645,QR,Food,UK,22.0,0.06546161707291161,0.09433708396815778,0,1
8553,727,194.26646552361547,Online,Food,TR,17.0,0.15618945041886959,0.17825988650304794,0,1
6636,21,152.95732440506825,POS,Food,US,18.0,0.06450527734593374,0.04128711190695099,0,1
8248,452,243.62343892621047,Online,Electronics,NG,12.0,0.28088961892898207,0.2610837148217534,0,1
3849,644,16.747173609194967,QR,Food,DE,10.0,0.05381755231868675,0.13633431876414928,0,1
3588,3,14.096925354767357,Online,Clothing,UK,22.0,0.04530104566335551,0.23677904216562615,0,1
2899,625,65.34377392140338,QR,Grocery,UK,21.0,0.10081432910256893,0.06026804982731925,0,1
7757,526,521.1678595184529,ATM,Food,TR,22.0,0.029821252243748923,0.10073001610116561,0,1
2671,247,102.94575421931283,Online,Electronics,UK,14.0,0.05613756625316712,0.04949338200445351,0,1
1653,391,240.71555516583732,ATM,Electronics,TR,21.0,0.2682213176878803,0.5996272226799715,0,1
2499,839,2.4011480073072464,Online,Clothing,TR,15.0,0.02881739141522253,0.01685801410217109,0,1
7704,585,351.61799446026356,Online,Travel,DE,21.0,0.1038262222333299,0.030174900042261636,0,1
2156,300,21.159029183528467,ATM,Electronics,US,15.0,0.09322962048783201,0.10688780364913938,0,1
6566,31,7.028778942923626,Online,Travel,DE,22.0,0.13734094616401987,0.018147359339392245,0,1
8249,927,20.602980901751998,QR,Electronics,US,12.0,0.08033648310112647,0.12075787063398911,0,1
5901,333,314.18711308109147,POS,Clothing,DE,18.0,0.04032052782015878,0.10017840050040842,0,1
8309,479,16.46264161225186,Online,Electronics,FR,21.0,0.15185924558283412,0.17087181324135825,0,1
7232,543,340.72928075250553,QR,Clothing,UK,3.0,0.08345004909950939,0.15739277107783453,0,1
6178,893,35.55757554500639,QR,Electronics,US,17.0,0.1982818331604208,0.15725724336210362,0,1
424,819,63.287161182169925,Online,Food,DE,11.0,0.18013133819872912,0.3039875772515281,0,1
7538,564,153.13199605284586,Online,Food,DE,11.0,0.10728124722946494,0.13367702294280556,0,1
185,787,24.697149917698148,Online,Clothing,TR,19.0,0.17628509340286788,0.2085601047670986,0,1
8761,328,134.86396218376095,QR,Electronics,UK,9.0,0.12673815655825693,0.016840484754431125,0,1
3827,39,235.28004633606955,QR,Food,UK,20.0,0.11209934869411506,0.38529848874662215,0,1
6313,987,102.13916160166694,QR,Grocery,DE,10.0,0.11723759930922922,0.12508566505640803,0,1
5117,329,139.04597007505902,POS,Electronics,FR,23.0,0.025347336664681336,0.10514808894738938,0,1
5303,837,143.33641538450942,QR,Grocery,US,6.0,0.4683062741930043,0.23692959099425784,0,1
8418,280,442.43409818449345,ATM,Food,US,21.0,0.38286274083516614,0.19864994051560483,0,1
6451,768,59.74665684014255,POS,Grocery,FR,23.0,0.17979451226948998,0.4382218820222543,0,1
4652,843,119.85474328601994,Online,Food,US,10.0,0.42927629178575294,0.21720670972529404,0,1
8205,437,29.90173639660127,POS,Clothing,UK,8.0,0.009771993067885723,0.03952388100895552,0,1
1856,606,44.818251384226855,QR,Food,US,9.0,0.09197234414577504,0.06122392783597508,0,1
7989,394,47.00124707963147,POS,Travel,NG,21.0,0.08457867071485836,0.03535228186873217,0,1
475,143,41.75563515986575,QR,Clothing,UK,23.0,0.07841152877834334,0.14177591318142121,0,1
7380,612,0.0,ATM,Grocery,US,12.0,0.06847398708611818,0.1341452485656049,0,1
435,531,8.574103471331739,ATM,Electronics,FR,16.0,0.1878919220456573,0.2415034674259334,0,1
8894,685,37.67736020616178,POS,Electronics,FR,7.0,0.21760524273753037,0.13902240752718095,0,1
1344,53,133.2149951729973,POS,Food,DE,15.0,0.2842707577822384,0.14379928871924585,0,1
8239,336,150.01961159137892,Online,Travel,UK,16.0,0.1578858907609728,0.013308442933413305,0,1
2003,781,419.0289255588825,POS,Electronics,TR,22.0,0.09870721596266945,0.13384801056357176,0,1
8023,806,348.4409695985637,ATM,Electronics,DE,20.0,0.16612700065149175,0.07924724509795361,0,1
5862,411,874.56081460229,ATM,Grocery,UK,22.0,0.27151890979891535,0.6347486677921751,0,1
1874,990,426.1701472238284,POS,Grocery,UK,13.0,0.14055932988640096,0.3929470591051578,0,1
8593,97,232.86804566373308,Online,Grocery,US,13.0,0.1714376060087532,0.09492258579840758,0,1
7250,363,48.901829691933784,Online,Food,TR,9.0,0.08765326156595558,0.06560838908668347,0,1
1650,99,201.19794970222313,POS,Food,TR,17.0,0.18024786309756455,0.33750676926913736,0,1
2103,93,14.563293872953986,QR,Travel,DE,8.0,0.4837016274789613,0.22846341570406944,0,1
4389,565,57.913185098055166,Online,Clothing,DE,10.0,0.2292437978707108,0.20015828261164126,0,1
6301,824,336.3017870433013,ATM,Food,TR,23.0,0.21884952874062863,0.14361742985528678,0,1
9787,485,601.6914792994462,POS,Food,UK,20.0,0.350903769376827,0.11388118384595103,0,1
2915,281,126.3875384095439,Online,Grocery,UK,18.0,0.1779316965869833,0.0334848096269049,0,1
2481,550,877.9570090763515,Online,Clothing,UK,16.0,0.20959122005440545,0.7969713602211825,0,1
5528,330,313.4066949451615,POS,Grocery,UK,12.0,0.16345882733577818,0.250338885122143,0,1
2607,344,303.23582282369637,Online,Clothing,TR,7.0,0.11559839169581632,0.26950848895223234,0,1
4766,893,230.5023822265465,ATM,Grocery,TR,21.0,0.11649909751172441,0.1039963047689629,0,1
3237,619,16.324057852892285,POS,Food,DE,17.0,0.09410755306198844,0.10966354685731539,0,1
7567,616,199.18134593376521,POS,Electronics,US,22.0,0.027337364133761102,0.3185471391937593,0,1
3927,140,85.13054174519452,QR,Clothing,US,17.0,0.0978493072164013,0.06866569119461567,0,1
566,673,291.7951641068027,Online,Electronics,DE,7.0,0.10831385688270001,0.5551320194011233,1,1
5574,779,0.0,POS,Clothing,US,21.0,0.49306342701398204,0.06711737478334964,0,1
9475,208,248.93870560323245,ATM,Travel,DE,22.0,0.1256999410262067,0.12556787049402035,0,1
1551,124,127.6357815601311,POS,Food,DE,23.0,0.04958874292721493,0.045946936335260306,0,1
3680,753,315.71416990029934,POS,Travel,US,12.0,0.1224790728664687,0.2339805618557346,0,1
6869,621,21.978670414962494,POS,Travel,FR,22.0,0.4018790983500322,1.0,0,1
7792,936,245.94141275378385,POS,Travel,TR,15.0,0.21197422249005016,0.0801680260923047,0,1
9047,722,104.72362911762251,POS,Travel,DE,6.0,0.10152685345176964,0.0693709774085316,0,1
4911,21,484.42968210606097,POS,Travel,TR,19.0,0.1834748868373605,0.15252355718283497,0,1
9222,684,26.960111035646605,QR,Clothing,DE,22.0,0.04411580473842772,0.03001905462598651,0,1
4601,297,128.5972340945937,QR,Electronics,US,10.0,0.1397815929181246,0.1784261982246119,0,1
2898,706,48.84085939543623,Online,Grocery,DE,13.0,0.020499131944588557,0.2270839024708162,0,1
9864,564,244.26577429285751,ATM,Electronics,FR,22.0,0.2268263281576506,0.0966462614385911,0,1
9328,953,48.625654840049826,Online,Food,DE,8.0,0.03586192589103621,0.09971759618826675,0,1
8162,673,85.7061131579901,Online,Food,UK,3.0,0.13009579594045645,0.19081607881624021,1,1
8824,482,58.1046072545231,POS,Clothing,DE,18.0,0.11997141142618768,0.1409624341084381,0,1
6113,578,3.2953446212885766,QR,Food,TR,10.0,0.015142601930024912,0.059604615087438896,0,1
285,609,49.44977655669019,QR,Clothing,UK,12.0,0.14745288353521754,0.43850614955824807,0,1
8960,200,116.75425010806632,Online,Travel,UK,7.0,0.07605322555140247,0.24851563846994934,0,1
9592,13,799.0690183493243,POS,Travel,TR,19.0,0.13264760533100173,0.21134629548496278,0,1
7805,782,604.269161171357,Online,Electronics,TR,11.0,0.3374775057108983,1.0,0,1
2187,914,30.79055400196517,QR,Clothing,US,10.0,0.04515317190825097,0.05854006802926789,0,1
7577,366,0.38034177926870427,ATM,Clothing,US,21.0,0.0504816897168981,0.06852776130641659,0,1
4777,52,79.06440960859021,Online,Grocery,US,13.0,0.10235807363876927,0.23729089049963023,0,1
942,595,108.50845400572636,ATM,Travel,TR,10.0,0.028152108716366357,0.15660238418910138,0,1
6697,143,141.3759004077427,POS,Travel,US,13.0,0.0587683682067677,0.15528307368444688,0,1
1622,48,81.35839817182861,POS,Grocery,NG,12.0,0.07171677397401355,0.18911883087551512,0,1
9756,328,22.638573159645244,POS,Food,DE,23.0,0.03852119911872036,0.02205584412069742,0,1
4967,414,492.0773627626986,POS,Electronics,DE,13.0,0.1035395610730963,0.6278011284005917,0,1
2243,686,67.37905998607633,Online,Electronics,US,13.0,0.4224036038025811,0.39836472141050006,0,1
2,379,1209.93042245285,ATM,Clothing,US,13.0,0.3904658601064763,0.2748370903761945,0,1
4842,226,88.12083046307156,Online,Food,FR,22.0,0.011792669052100413,0.036649493370756535,0,1
371,676,0.0,Online,Grocery,US,11.0,0.08431467194513863,0.09626916689448242,0,1
8520,591,560.0461813997331,POS,Electronics,DE,12.0,0.24155238567975815,0.2472614404113355,0,1
3323,507,93.762674466861,ATM,Electronics,TR,16.0,0.38237695689649925,0.43192034283719416,0,1
9233,802,91.34440863167369,QR,Clothing,US,18.0,0.02193502125582234,0.14040053490670484,0,1
9902,698,92.91196763590507,ATM,Electronics,UK,14.0,0.3010266286593615,0.2421190690864058,0,1
551,981,552.1985135184761,QR,Electronics,FR,21.0,0.13120896289441708,0.14764376874201673,0,1
9281,232,52.52367759183907,Online,Electronics,US,14.0,0.35726726520499963,0.06612779060234766,0,1
2828,320,184.86129057159033,POS,Electronics,TR,13.0,0.27437232406351625,0.12610607667370224,0,1
9066,637,380.66536056660544,QR,Electronics,DE,10.0,0.04470993056847068,0.1728638094306075,0,1
2131,776,4.6243746262268886,QR,Food,DE,16.0,0.07179114102973592,0.128874046150917,0,1
5554,951,114.82495075298021,QR,Food,TR,11.0,0.2040982162844081,0.30489070898907356,0,1
8737,637,144.94373154023535,Online,Food,UK,10.0,0.15934612151574373,0.18165854054196515,0,1
5488,510,88.89147303322618,ATM,Clothing,FR,17.0,0.14067269674995453,0.031157986369245962,0,1
4854,433,16.9591897001903,POS,Electronics,TR,18.0,0.142821319465856,0.02526917160228866,0,1
6339,791,27.24719357963801,POS,Electronics,DE,18.0,0.05099710421325575,0.23271221041283788,1,1
6018,412,6.135713644188749,QR,Food,US,18.0,0.3190531786738455,0.33512473740213083,0,1
7423,536,143.89824255773684,QR,Clothing,US,18.0,0.27671485639722015,0.15484972178655584,0,1
4527,877,172.09227537856262,QR,Electronics,DE,7.0,0.20715441412852748,0.2862419133195505,0,1
8297,93,528.088167502869,POS,Grocery,UK,6.0,0.2525752109333364,0.42399642054319414,1,1
3224,467,9.217426401321418,Online,Electronics,DE,3.0,0.21469838277218656,0.1671329457339882,0,1
6284,997,9.90252617073696,QR,Grocery,TR,21.0,0.5575115127650677,0.05624303150368101,0,1
287,258,128.83650891333843,Online,Grocery,FR,21.0,0.046518471067037825,0.07696336634370267,0,1
9879,204,149.97138198600598,ATM,Travel,DE,7.0,0.07863230604931955,0.24822054039013655,0,1
1905,724,111.78753803800132,ATM,Clothing,US,8.0,0.19715581437451532,0.02188555729825398,0,1
2495,317,538.7366711854243,Online,Food,US,20.0,0.0685731163664465,0.18948649162750036,0,1
8827,263,6.466313289344188,QR,Electronics,UK,5.0,0.016628836384211892,0.15830214831678013,0,1
852,69,399.4052580317599,QR,Electronics,UK,21.0,0.10214210257441285,0.270684958241275,0,1
9095,45,55.321823439263085,ATM,Grocery,TR,17.0,0.05102133102819273,0.045089858381710014,0,1
5889,5,8.66933033504614,ATM,Clothing,UK,11.0,0.0543991448544206,0.015043651406680568,0,1
3751,185,3.045845460863943,Online,Clothing,FR,5.0,0.09647553583532807,0.05389858761862445,0,1
5406,151,2.0025308240620854,Online,Travel,US,19.0,0.04822871841366799,0.012107631500992809,0,1
2741,677,1.6883990712370918,ATM,Electronics,FR,20.0,0.0721377850277429,0.20044045519667927,0,1
4664,233,143.78604376815218,Online,Grocery,US,4.0,0.062096246614814006,0.4841203798150987,0,1
3271,989,54.79132984023596,POS,Electronics,UK,11.0,0.7681905155425572,0.5562188342302073,0,1
3508,116,1.7553753417234,ATM,Grocery,FR,22.0,0.03867647299871135,0.1568130789301759,0,1
1223,389,217.42619054619541,QR,Electronics,DE,10.0,0.2778963978860067,0.23122672138383363,0,1
494,538,21.40164547410577,POS,Food,UK,21.0,0.1197271609461922,0.10731821179797495,0,1
8399,11,231.94648595362773,ATM,Food,UK,17.0,0.23214994396117777,0.22582511184847587,0,1
8768,527,195.70313940213117,QR,Travel,UK,2.0,0.2181452286175799,0.0467946129207405,0,1
2540,990,103.86702003667067,QR,Electronics,DE,6.0,0.14685699751259312,0.2663832890542525,0,1
9984,271,240.4171615363329,Online,Travel,US,4.0,0.05258375371429373,0.1751237990533935,0,1
6174,830,64.67997255660782,QR,Clothing,TR,20.0,0.15062635466549723,0.09368314469390068,0,1
3319,171,450.7491338412914,ATM,Travel,FR,21.0,0.1096587569223062,0.19599821832507588,0,1
4897,17,89.15184636123945,ATM,Electronics,UK,8.0,0.06725765096307303,0.131602439410189,0,1
6204,540,293.862223499466,ATM,Electronics,FR,23.0,0.531647073087369,0.0741549989348738,0,1
8075,167,211.16446367959526,Online,Travel,TR,17.0,0.2816881281882892,0.13428892031709155,0,1
9354,51,420.06181468902884,POS,Clothing,TR,23.0,0.07172027646120221,0.055025971909185525,0,1
4816,912,145.64552716460986,ATM,Food,FR,23.0,0.2586313083430264,0.1974958904142144,0,1
1766,344,335.2421445100112,QR,Travel,UK,3.0,0.49530877027500647,0.15064756732793835,0,1
4244,105,11.193069077364747,ATM,Electronics,US,23.0,0.15744714616608085,0.13187911297693145,0,1
2665,871,47.93745099076304,Online,Clothing,TR,16.0,0.25915160137128584,0.2681522152724611,0,1
4866,778,26.970356783453564,Online,Clothing,TR,20.0,0.1961176825956597,0.252633170534454,0,1
4568,358,57.7563868048294,Online,Grocery,TR,20.0,0.22851532086277043,0.14370240106170895,0,1
6506,532,351.9345554944963,POS,Grocery,UK,19.0,0.145558921452638,0.19778911854736705,0,1
395,661,164.03965757647322,POS,Clothing,UK,22.0,0.41252300567345235,0.19663306369710723,0,1
2085,533,152.87179661632646,POS,Grocery,DE,21.0,0.10487264414571823,0.047274812884480745,0,1
6326,210,23.89812110884445,QR,Electronics,US,17.0,0.25888960760795693,0.3317115732386365,0,1
5157,773,27.79472183973817,POS,Grocery,UK,21.0,0.5619641844452792,0.045801737410863845,0,1
3399,970,81.50638448797153,POS,Grocery,FR,18.0,0.10874557934117968,0.29328754669980645,0,1
3171,905,17.336096936691597,QR,Clothing,DE,20.0,0.15283496090364843,0.3751123200950836,0,1
694,655,155.72877049263948,Online,Electronics,FR,5.0,0.24960541325204294,0.17482394788904113,0,1
8444,807,17.935098078693677,POS,Clothing,UK,21.0,0.15740242250112207,0.05258906592050619,0,1
4895,880,91.51422908894571,POS,Food,US,14.0,0.12350328596434278,0.12735903071419133,0,1
8075,205,82.11321207271166,QR,Travel,UK,11.0,0.04480429485417162,0.3215903703581471,0,1
7259,682,163.91456720081683,ATM,Clothing,UK,11.0,0.22632880469089875,0.2214481048860425,0,1
6760,900,0.0,ATM,Grocery,UK,6.0,0.09921282471534688,0.10518258962328036,0,1
1515,414,159.04155708332544,POS,Food,FR,10.0,0.21113775841231042,0.08492270140437896,0,1
9525,837,216.1105130061793,ATM,Grocery,TR,5.0,0.06340711057337092,0.11712603589467531,0,1
3800,19,200.05816235878305,Online,Electronics,DE,13.0,0.02576887317556783,0.03538796960975284,0,1
6961,208,51.29851104251035,QR,Electronics,UK,13.0,0.021000763774093316,0.08349575145537208,0,1
2162,821,200.75318375991543,QR,Grocery,US,19.0,0.1676635034890967,0.17583255389814853,0,1
4216,423,44.86285516775839,ATM,Clothing,TR,16.0,0.32783972507823056,0.20175707465750325,0,1
9387,379,177.42357467604324,ATM,Electronics,TR,19.0,0.046015704142239044,0.08996586472088144,0,1
2228,607,57.18901086060713,POS,Clothing,UK,15.0,0.11709342201871815,0.3961110752586218,0,1
9851,588,520.4970828356982,QR,Travel,TR,22.0,0.25111735712349537,0.060968842267243514,1,1
8159,566,164.85860296024995,QR,Clothing,DE,13.0,0.24263865174158322,0.15518081834062927,0,1
6020,712,58.773837182599735,ATM,Electronics,US,1.0,0.12128354496418585,0.05367116212609956,0,1
9769,250,308.8048356841401,Online,Travel,FR,13.0,0.19263242204648665,0.5639963829537282,0,1
6542,663,165.19991561713792,Online,Food,UK,18.0,0.036573363208003355,0.05078805671533319,0,1
8437,920,408.9845306969016,ATM,Clothing,FR,17.0,0.1586003627551433,0.21035598986596088,0,1
7925,900,0.0,Online,Electronics,DE,11.0,0.14590539158927107,0.07486292885456584,0,1
4497,719,9.70478762647192,ATM,Grocery,TR,16.0,0.04891767225289949,0.04579411509632032,0,1
6348,282,199.98747257150288,Online,Food,DE,8.0,0.2588933268427541,0.1397638134497453,0,1
8153,48,23.948441551942764,QR,Travel,US,7.0,0.0719460809506293,0.15636085154776624,0,1
7064,884,8.124391572017522,ATM,Food,TR,22.0,0.036671327071484655,0.01959787583241296,0,1
6754,874,176.65514958766715,Online,Travel,UK,8.0,0.7282744878722329,0.419701494776758,0,1
3448,600,0.0,Online,Grocery,FR,22.0,0.15948569856577466,0.21281180679151335,0,1
2444,334,345.39707528361157,Online,Travel,UK,23.0,0.0995556656927437,0.17207225713762994,0,1
9861,789,567.7234175845468,ATM,Travel,TR,22.0,0.3618614714165936,0.39863393630801225,0,1
342,193,16.79224055457719,Online,Electronics,DE,21.0,0.03543834776226847,0.03642459918406366,0,1
8915,679,77.77075718872949,POS,Clothing,US,12.0,0.16810771575992883,0.08887795115299382,0,1
5467,833,32.787995642598155,ATM,Travel,UK,11.0,0.15945016828579714,0.33496242842351953,0,1
3812,603,110.60339922048495,POS,Clothing,TR,12.0,0.05476415626868582,0.13613254463496666,0,1
3715,180,192.31002283417064,POS,Electronics,TR,19.0,0.1989837726229742,0.2446689488080273,0,1
2855,956,8.869789943951076,POS,Grocery,US,20.0,0.07957560742836195,0.056583626209888174,0,1
1463,131,62.598404389890085,POS,Travel,US,21.0,0.09694037892239724,0.17129973267371432,0,1
4893,922,111.6711999998133,ATM,Grocery,DE,10.0,0.11412136914342404,0.1522157259073153,0,1
93,419,193.33328002581072,QR,Food,UK,13.0,0.3561135259917914,0.061029217526169875,0,1
6604,561,119.08399873559677,ATM,Travel,FR,23.0,0.013083906220396326,0.16744278324485287,0,1
6640,109,57.928479938469934,POS,Travel,UK,17.0,0.0909778620121107,0.0639792332798378,0,1
3537,446,112.37785530910381,QR,Clothing,UK,21.0,0.24076891163829026,0.38238959554650753,0,1
470,210,7.664102633779299,ATM,Travel,UK,15.0,0.035139068970663094,0.02776117836653476,0,1
5618,328,73.04246689577646,Online,Travel,FR,7.0,0.25317571563887603,0.09672285991978738,0,1
6950,677,103.68965959633965,QR,Travel,DE,7.0,0.4056333207955248,0.37394179119214815,0,1
1376,24,12.834134549934276,Online,Grocery,TR,20.0,0.28449565769067653,0.0904069308887148,0,1
1793,124,119.39068610584563,Online,Travel,FR,15.0,0.13771771210204917,0.07824563198652809,0,1
7058,306,0.09626029728358265,QR,Travel,UK,5.0,0.020111840598653084,0.09958746932502131,0,1
7383,224,27.630221328765263,QR,Grocery,DE,8.0,0.2064473019426799,0.10713967255145668,0,1
786,675,9.917541083199728,ATM,Food,TR,19.0,0.15452359829811396,0.03038138655348164,0,1
6305,833,40.533303646255646,ATM,Food,US,2.0,0.04533806414380889,0.06584895519243444,0,1
7305,819,204.12709103082878,POS,Grocery,UK,18.0,0.1481647544693599,0.26811504417695664,0,1
5985,559,97.4346242179564,Online,Travel,TR,22.0,0.11618101342639424,0.5194685266856436,0,1
7381,848,0.0,ATM,Electronics,DE,20.0,0.6171416422441063,0.23768235147756214,0,1
1839,912,117.18511441703053,Online,Food,US,19.0,0.5846189439391732,0.4596744225013599,0,1
9953,432,0.0,ATM,Clothing,TR,22.0,0.5810364728816669,0.19526302745570304,0,1
4563,956,24.531526092832202,POS,Travel,TR,15.0,0.05527193589725032,0.07973088997350078,1,1
548,438,0.0,Online,Grocery,US,18.0,0.16849709924632147,0.7880716811133125,0,1
3906,648,0.5336313744218888,Online,Travel,US,22.0,0.09251876790160654,0.14614728361489593,0,1
7459,679,251.26023493278856,ATM,Grocery,TR,22.0,0.32355325223598985,0.17629538162386008,1,1
5734,875,53.65497596344237,Online,Grocery,DE,11.0,0.15530739576822458,0.07547200293861278,0,1
9274,844,124.92936517797555,QR,Electronics,FR,17.0,0.09956585971117346,0.1890401036205007,0,1
8200,324,233.42763328130204,QR,Travel,FR,11.0,0.5545502030134972,0.3391361490254659,0,1
2401,19,237.7811382309929,QR,Travel,US,22.0,0.14978514702187457,0.2621236117064203,0,1
1053,531,423.6666920946802,ATM,Grocery,UK,4.0,0.7530593383763163,0.4480514535981371,0,1
668,229,11.912186572362769,Online,Clothing,FR,8.0,0.03170263294960467,0.10543717500888403,0,1
8065,131,193.65895231627533,ATM,Food,TR,10.0,0.27494858018632745,0.7235014409042068,0,1
9176,554,231.5221384944193,POS,Grocery,FR,12.0,0.20120599193001848,0.356785549570383,0,1
1422,669,9.515546275105265,Online,Grocery,FR,19.0,0.045684320806190455,0.25626524624561403,0,1
1458,312,12.518737317370416,POS,Grocery,US,18.0,0.03665239764879728,0.06497625776787155,0,1
4151,155,374.8586490254394,POS,Clothing,DE,11.0,0.14568244507705033,0.14961349564557164,0,1
3853,67,191.49237916119696,Online,Travel,US,6.0,0.01591126090016809,0.1047269067682409,0,1
900,567,78.27643373611477,QR,Food,TR,12.0,0.12998345908532702,0.0330803606778237,0,1
6533,729,61.2814745837516,QR,Electronics,FR,20.0,0.11739156397849859,0.07053193829063684,0,1
2135,94,147.87384953326662,POS,Travel,TR,8.0,0.08708569510848313,0.016206101694345755,1,1
3023,986,24.16061073901869,POS,Food,FR,15.0,0.29843896244734186,0.059229799940092726,0,1
1513,446,146.14835713870428,Online,Electronics,TR,4.0,0.2638865950072458,0.1206558355791398,0,1
8602,986,801.1665270513731,Online,Electronics,FR,20.0,0.44006021290224556,0.5634935835444537,0,1
1452,569,446.0820881338285,Online,Food,FR,23.0,0.08245608577389167,0.27563688390253205,0,1
719,693,707.0878460468274,QR,Clothing,US,3.0,0.11779306293549402,0.09156712022561259,0,1
5819,520,92.06268463513709,QR,Clothing,US,21.0,0.23443501862338686,0.10877254398481025,0,1
2152,798,17.129490882675167,ATM,Travel,FR,8.0,0.09293807240603051,0.04580371306647573,0,1
4885,820,42.437528119899234,Online,Electronics,TR,13.0,0.038867605730394224,0.055329700316193706,0,1
3207,840,15.049228442187792,Online,Electronics,US,21.0,0.009336162097525256,0.014495970703321343,0,1
2257,21,116.97297305523563,POS,Electronics,FR,18.0,0.03342090991554018,0.05817695845540505,0,1
1364,527,41.611717729158705,QR,Food,DE,20.0,0.08733466265901922,0.13220148187070602,0,1
7466,506,135.7823399941701,Online,Travel,UK,19.0,0.05531676379935557,0.061232968036503355,0,1
3470,918,217.3618825311673,Online,Food,TR,23.0,0.250931212655917,0.1486903696717761,0,1
133,489,145.79158236194684,QR,Grocery,DE,19.0,0.12238543651317672,0.304177143350303,0,1
9261,142,40.91839796216178,QR,Food,TR,23.0,0.04965905499859723,0.12595191358930416,0,1
163,970,15.233167661066725,POS,Electronics,UK,17.0,0.0929464449483412,0.03724105597607913,0,1
7257,752,38.78901860310538,Online,Grocery,TR,15.0,0.057591595087672864,0.0849850186427174,0,1
8596,57,32.23402599317776,POS,Food,FR,11.0,0.224458083178499,0.1763959178006415,0,1
6233,160,207.63660246529582,Online,Electronics,DE,14.0,0.053991138538495076,0.41082917168195343,0,1
5235,207,102.9524051675007,ATM,Clothing,US,22.0,0.18702796731339932,0.39340388735832305,0,1
4378,743,328.51192455706337,Online,Food,UK,22.0,0.7279645275760988,0.6354859814940927,0,1
3399,474,142.75097630799448,POS,Clothing,TR,8.0,0.08759442655664611,0.43777485415244033,0,1
3531,520,107.71744070343019,POS,Grocery,TR,23.0,0.45904494327500095,0.2893266875132636,0,1
9675,519,114.13610757636836,ATM,Grocery,US,5.0,0.046204741270788455,0.1554696669679272,0,1
7518,928,489.62955275880506,ATM,Travel,DE,21.0,0.08875845867372152,0.1512144190174852,0,1
4418,482,0.577230019500625,Online,Food,US,22.0,0.0205172950591564,0.10402239958674066,0,1
5906,858,69.52771602130886,QR,Electronics,US,19.0,0.06720782124158087,0.05785670207439762,0,1
4527,61,9.186309553448528,QR,Grocery,US,21.0,0.38249221666006816,0.42115761146106767,0,1
1038,925,4.9284242556184275,POS,Travel,US,9.0,0.09546386236831501,0.13714176841119022,0,1
6842,263,69.09504377338543,Online,Clothing,DE,20.0,0.04722105753694911,0.03245348057793788,0,1
6971,664,8.506577253270859,ATM,Electronics,FR,19.0,0.1292924415275389,0.23087975424414164,0,1
4404,473,136.62148155869644,Online,Travel,DE,22.0,0.08275843711494255,0.3382280954884976,0,1
9291,478,840.4837597946529,POS,Grocery,DE,11.0,0.3588890814348341,0.3183929553930983,0,1
5912,507,0.0,Online,Electronics,NG,16.0,0.22835221109702622,0.30293080513286286,0,1
2541,299,16.283245420597254,QR,Clothing,TR,23.0,0.13229656261330483,0.02429793829528412,0,1
9381,170,65.4783486074993,QR,Electronics,UK,9.0,0.026742746196538346,0.01089273872668338,0,1
8190,142,315.5478728312924,POS,Clothing,US,13.0,0.18645543343987084,0.10419311659444636,1,1
2508,724,657.9605686813401,ATM,Clothing,DE,16.0,0.32128092788488455,0.10520348065261136,0,1
6572,451,60.40524481061126,QR,Clothing,UK,12.0,0.0407234358600845,0.23331010516527428,0,1
787,491,9.163484843100598,Online,Electronics,FR,16.0,0.06997739184346197,0.15634746549487522,0,1
6055,857,96.46193655161639,POS,Clothing,US,20.0,0.5213467520130286,0.05588892292975216,0,1
1381,989,20.771716825513167,ATM,Clothing,UK,16.0,0.18591259634683416,0.0858292664993596,0,1
8422,495,33.525715389591625,POS,Electronics,DE,11.0,0.034709123912814305,0.1265313214692773,0,1
7485,139,32.19245741230602,Online,Grocery,FR,20.0,0.1694501725850334,0.07001822207785223,0,1
7907,219,95.34455536275783,Online,Clothing,FR,20.0,0.17482801713672688,0.3400629171387486,0,1
7437,849,79.94208510267146,ATM,Grocery,UK,23.0,0.2882000355324925,0.1134275780898868,0,1
9779,617,440.6501144738715,Online,Food,FR,19.0,0.6537555370337848,0.12263219426181425,0,1
5692,973,1278.2542349195412,POS,Travel,TR,11.0,0.6137093642024366,0.25556170370295117,1,1
834,976,63.87018898827584,QR,Clothing,FR,16.0,0.46058028495415004,0.1988351689484061,0,1
8533,355,148.49788410565543,QR,Grocery,DE,16.0,0.16496996213910306,0.25915218151641994,0,1
6940,484,105.06112342200258,ATM,Grocery,DE,17.0,0.17406580309278138,0.11428465568937288,0,1
7476,676,63.28167433299132,POS,Clothing,TR,10.0,0.17717652171316203,0.3536240635716104,0,1
5360,347,444.16055746113864,POS,Clothing,US,21.0,0.09772172193686902,0.10032024555979308,0,1
6264,69,512.02681232545,Online,Clothing,US,19.0,0.22881113379063764,0.08905819864632136,0,1
9159,380,535.3675030172706,Online,Clothing,DE,12.0,0.49160443677207344,0.14558470053682523,0,1
4478,529,35.81605506261478,POS,Electronics,FR,21.0,0.2990981492774888,0.15746903652852953,0,1
3713,236,248.35220662167205,Online,Electronics,UK,6.0,0.09688644062250568,0.07271372490949368,0,1
92,215,21.71250365134206,POS,Grocery,FR,22.0,0.03850890854794192,0.1453325580900249,0,1
5086,478,518.1272592195065,Online,Electronics,US,18.0,0.01573510089011575,0.07723546743179191,0,1
2753,968,12.812248168279023,Online,Food,TR,20.0,0.24026130224664477,0.2970290027635665,0,1
7668,542,40.89711172522749,POS,Food,DE,21.0,0.2046653989867885,0.11930803613574663,0,1
2007,157,211.07018611436305,QR,Food,TR,16.0,0.043932795357983695,0.1561396043023952,0,1
8257,326,20.868850034300166,ATM,Food,TR,12.0,0.1127071539063835,0.02813497406638662,0,1
8637,395,27.715164493498545,QR,Clothing,TR,16.0,0.1083346400013963,0.3032410723332637,0,1
6286,483,183.53532473047397,POS,Grocery,TR,4.0,0.25043797410791735,0.06119340465097657,0,1
7955,966,32.15439947004782,ATM,Electronics,UK,18.0,0.04307836114170779,0.08365090264286394,0,1
8484,7,146.991380845067,Online,Electronics,FR,21.0,0.05810790218813718,0.14700460762307785,0,1
6223,792,153.83018945769274,QR,Electronics,FR,3.0,0.3092261582767906,0.21645157376223403,0,1
8498,995,101.26930624513747,ATM,Clothing,TR,15.0,0.25547541959218556,0.12790734857155184,0,1
4944,651,113.13139509522914,POS,Clothing,UK,14.0,0.11117507438587412,0.17833423280530644,0,1
2737,249,609.2635091287658,QR,Travel,TR,19.0,0.2969189152722732,0.5473742403366856,0,1
422,650,65.0252423495077,POS,Electronics,UK,5.0,0.035769565176058706,0.1777695229518995,0,1
9416,532,230.16551140864016,QR,Food,DE,23.0,0.3548288789111296,0.3773380523336012,0,1
4074,977,32.85108719001068,Online,Electronics,TR,17.0,0.09859951661987945,0.03537470286415403,0,1
195,999,50.16129833762791,POS,Electronics,US,17.0,0.06868790583571784,0.03827655541713259,0,1
9750,524,520.459958258299,ATM,Electronics,NG,22.0,0.17252189394137826,0.20928700013347235,0,1
9927,445,305.0242663486874,QR,Grocery,FR,22.0,0.0632522727045943,0.025054665159118222,0,1
3299,555,4.768456890953665,POS,Grocery,US,16.0,0.2185860463336981,0.04951123616813466,0,1
9403,915,48.853468466690764,QR,Clothing,US,20.0,0.38768858433898845,0.015559462587503296,0,1
5907,869,3.486649617941923,POS,Travel,DE,23.0,0.09104319856929001,0.19755149330246188,0,1
8293,67,318.3677830640129,QR,Grocery,US,17.0,0.08220294700401036,0.13810816118945665,0,1
3687,478,450.59602058769696,Online,Clothing,TR,22.0,0.11051967813767417,0.07243277746667973,0,1
7385,219,42.13617747333084,POS,Food,TR,6.0,0.07745051106209574,0.10600830235895503,0,1
6428,546,280.07757762121213,ATM,Clothing,DE,18.0,0.24097864367605054,0.1461072431847233,0,1
357,51,95.35836369105874,QR,Food,FR,22.0,0.20818992912111112,0.13301036227379232,0,1
1088,404,260.79874105460107,ATM,Food,FR,19.0,0.6752421848458882,0.14702227100644336,1,1
6466,535,149.77517789221244,Online,Electronics,US,22.0,0.047582544920481834,0.16113348425250823,0,1
6623,413,43.04610902034169,ATM,Food,DE,23.0,0.16520967510387238,0.3857924149236782,0,1
7988,489,96.82787667449264,QR,Clothing,TR,3.0,0.3445150516982465,0.47109200971008275,0,1
7984,291,317.19988520750786,POS,Grocery,FR,14.0,0.020555920984396337,0.02689948415241255,0,1
786,121,145.3955948237502,POS,Travel,TR,12.0,0.05659907726646589,0.20637491529642651,0,1
1118,820,84.61609467463802,ATM,Electronics,FR,8.0,0.42443070651123005,0.2183701283231012,0,1
2681,873,884.8818166431665,POS,Electronics,FR,22.0,0.2424271356401012,0.2030934017539354,0,1
3637,602,101.5821352826242,Online,Electronics,FR,16.0,0.1260420021025727,0.21111906493416757,0,1
2683,165,21.190954156892925,ATM,Electronics,DE,10.0,0.01791556463944256,0.16992444047022734,0,1
5879,520,146.96293159585971,ATM,Electronics,FR,8.0,0.12439870848519274,0.2167733363822535,0,1
3263,404,25.998379831172088,POS,Travel,US,5.0,0.3783664684401311,0.20244725475417452,0,1
5450,450,161.0324617263873,POS,Food,TR,17.0,0.22094304391777417,0.23607368693490713,0,1
1651,709,114.29661340516299,ATM,Food,DE,16.0,0.1541281223423707,0.09942952894176099,0,1
4929,646,22.43409295313787,ATM,Travel,FR,18.0,0.18187984827809495,0.10485567619093554,0,1
4320,171,850.5118484912997,ATM,Food,NG,21.0,0.1307028665770985,0.08365886027341482,0,1
5998,49,259.891000030673,Online,Travel,TR,21.0,0.1295825343797617,0.3486076882564656,0,1
6670,322,320.46424365275146,QR,Travel,US,21.0,0.13713868871480578,0.19220884542908076,0,1
6605,822,373.96562844423926,POS,Travel,TR,6.0,0.06533830463897644,0.018831533739954713,0,1
3884,933,44.54178562915539,POS,Grocery,TR,20.0,0.07564928464991824,0.17693110711037233,0,1
1982,893,3.1269115666192806,POS,Clothing,TR,1.0,0.081793480731857,0.05157188066168712,0,1
6137,446,133.61377528652176,QR,Electronics,UK,20.0,0.03697671603538805,0.3079999777405696,0,1
6994,729,13.84032730597181,QR,Clothing,TR,11.0,0.22259504437164565,0.08229648185718956,0,1
4635,399,39.904386535068454,QR,Grocery,DE,5.0,0.2073014038575532,0.20864951269827622,0,1
4254,19,220.01657039005366,QR,Travel,FR,17.0,0.30876717960796146,0.527629630964616,0,1
4011,336,479.77066883312455,POS,Travel,UK,20.0,0.31908555078652123,0.38670021387716774,0,1
5007,685,30.294601506262964,Online,Grocery,TR,20.0,0.1248024291010813,0.1571342437140615,0,1
3973,462,104.77084163009098,ATM,Travel,TR,23.0,0.5763055000244766,0.29114841388846213,1,1
7695,301,425.6199594701419,QR,Clothing,TR,11.0,0.25558523816165396,0.3049424860587991,0,1
3011,663,166.26852543570467,POS,Food,US,19.0,0.08235258279707283,0.20579486859788085,0,1
2594,993,5.37875038161424,POS,Grocery,DE,13.0,0.09523684931492132,0.14922818128949314,0,1
3325,663,58.43109756043762,Online,Food,UK,12.0,0.16397277788393028,0.04526758728635283,0,1
9291,223,1307.259753434826,Online,Electronics,US,13.0,0.23044894931074422,0.46104749719101823,0,1
360,593,854.9741167394982,ATM,Travel,FR,21.0,0.4173282178698089,0.17509688756617434,0,1
5524,560,447.5702739741658,QR,Electronics,TR,19.0,0.3011239767341986,0.41287321234386887,0,1
8534,29,94.18552112500818,ATM,Travel,US,18.0,0.12970711813097163,0.28644062421670324,0,1
19,0,500.30600710758335,QR,Food,US,17.0,0.1855063290059399,0.2192432650832505,0,1
270,868,363.70784627459517,POS,Food,FR,16.0,0.053755732664939535,0.09333829660577632,0,1
2424,539,1.4470458164102595,ATM,Travel,FR,14.0,0.2665006683825018,0.0771579306918247,0,1
6803,315,58.63478149671779,Online,Grocery,DE,23.0,0.06468502326823512,0.5810678144911254,0,1
6769,149,632.0408651947902,ATM,Electronics,UK,20.0,0.058083537167609695,0.05061396914424763,0,1
3408,531,157.32708685334921,ATM,Travel,NG,23.0,0.15924498704633352,0.4011945571989916,0,1
9606,166,147.076125029935,POS,Electronics,UK,18.0,0.09605302104457003,0.0335507083911559,0,1
8529,121,0.0,QR,Food,FR,12.0,0.19337946907531847,0.14495621574209216,0,1
6139,266,148.07750256841376,QR,Clothing,US,13.0,0.17578106702244295,0.031116119446153376,0,1
1469,304,12.574284191170296,QR,Grocery,DE,20.0,0.04156891971580816,0.0399761603107774,0,1
5717,215,95.6877615146743,QR,Clothing,NG,16.0,0.3256863435716862,0.07487710332106016,0,1
3987,226,11.202960044375297,QR,Electronics,TR,20.0,0.07413120812419237,0.3433904197180967,0,1
3813,936,68.76923300907704,QR,Food,FR,16.0,0.551033976489897,0.20272741630217322,0,1
4508,131,296.2983476122075,Online,Food,TR,20.0,0.13744937038445337,0.1801963304683759,0,1
5382,292,15.113028786716027,ATM,Food,US,20.0,0.12556328725664345,0.02718890649829049,0,1
1010,19,478.28527791547805,QR,Electronics,US,15.0,0.36748339628169896,0.04420725720848115,0,1
8832,89,44.72539362438911,Online,Grocery,FR,22.0,0.018188980678448635,0.013423140448089604,0,1
3459,278,244.97358030071584,POS,Food,TR,17.0,0.4270337374878667,0.20573308651024363,0,1
1150,383,15.593951155976486,Online,Clothing,FR,6.0,0.09870825513686349,0.04963279488819611,0,1
3829,223,0.0,POS,Clothing,FR,22.0,0.2936336355062294,0.036785500427472126,0,1
1623,299,145.52752853832087,Online,Travel,TR,15.0,0.05575712997500394,0.039983568677497076,0,1
9968,879,293.4459798819995,ATM,Clothing,FR,15.0,0.13492550352115854,0.47426861729765957,0,1
8622,527,154.40292846601227,ATM,Food,FR,12.0,0.11773690117125261,0.031595759810472426,0,1
251,680,25.046298551531066,ATM,Grocery,TR,12.0,0.1384813028207868,0.07148798822201805,0,1
4011,796,220.66812200656432,ATM,Electronics,FR,22.0,0.1225811242491124,0.10664082420660508,0,1
9121,880,39.646043486779476,QR,Food,DE,13.0,0.020771069618253868,0.0318119084923133,0,1
2934,21,48.384533450026375,ATM,Grocery,FR,12.0,0.12104757877917746,0.10449392833105317,0,1
505,738,0.36331970189303053,QR,Electronics,FR,18.0,0.31954609670106227,0.03438899721297518,0,1
6226,715,6.426336742925067,Online,Grocery,US,18.0,0.18997130869352735,0.06182229499184938,0,1
236,463,0.0,Online,Clothing,US,16.0,0.024101737999281857,0.06810539756749931,0,1
6992,457,68.39175374639846,POS,Food,FR,12.0,0.17020267198024933,0.10706650785026356,0,1
5660,598,223.24684661604508,Online,Food,UK,16.0,0.18954989339402872,0.1001053070950182,0,1
4825,267,178.96888659013055,Online,Electronics,US,13.0,0.05420985137870489,0.0942106633829789,0,1
5084,613,59.91220845847923,POS,Food,FR,11.0,0.03503986833487619,0.09240147354224525,0,1
9072,265,65.0148012747176,ATM,Travel,US,15.0,0.03493665637335156,0.04510202669065537,0,1
2806,547,462.2379016438829,QR,Food,DE,11.0,0.2764681242789606,0.04697219646153808,0,1
6738,503,21.135309465972913,POS,Travel,DE,22.0,0.11522499076514382,0.1053467232592719,0,1
3651,362,151.65043265332767,ATM,Travel,FR,6.0,0.2879253268793291,0.15477923409094735,0,1
8340,825,0.7845413017767724,POS,Grocery,FR,8.0,0.11219871181299351,0.28030443102225405,0,1
3432,772,2.683126255180274,ATM,Food,TR,14.0,0.12860488220264088,0.01115401426442377,0,1
4500,852,0.0,QR,Food,NG,14.0,0.03726194392959403,0.059300548007676764,0,1
9222,296,100.87853600185316,ATM,Grocery,US,18.0,0.4065512397846669,0.38037686461270487,0,1
4725,301,4.388195360980615,POS,Grocery,FR,14.0,0.07757775799404107,0.06480625070647203,0,1
1498,457,41.98116125347022,ATM,Clothing,US,16.0,0.21323624578460593,0.22186883022203202,0,1
8956,241,1817.866463937297,Online,Electronics,FR,20.0,0.6012414934551291,0.5292912739451933,1,1
2548,64,12.151282430441364,POS,Electronics,TR,6.0,0.05610160201174239,0.05499920762022123,0,1
300,53,239.8680666561915,POS,Grocery,UK,6.0,0.18380355731241108,0.1007373028039516,0,1
1723,216,384.5735535484134,QR,Grocery,US,13.0,0.7078894325984684,0.6513992415292551,0,1
7484,962,42.06150848948192,ATM,Grocery,UK,22.0,0.11911015901480784,0.05139590842663096,0,1
5930,929,396.9943800909591,Online,Travel,DE,14.0,0.10767347239047206,0.042213142984526934,0,1
3570,810,151.94915500174324,Online,Clothing,US,14.0,0.16615749163664303,0.08381993644207528,0,1
583,94,170.25696643009758,Online,Clothing,TR,11.0,0.6683131787071459,0.07082641419452407,0,1
6183,862,264.5787369125485,Online,Grocery,FR,21.0,0.08984401446740967,0.2520878052581549,0,1
4398,358,56.19191869185851,ATM,Grocery,UK,18.0,0.23303206461940698,0.13253451084817874,0,1
7905,915,85.27195606900183,ATM,Grocery,TR,12.0,0.19345966281046909,0.45579096776873723,0,1
4382,727,186.6567951007804,ATM,Clothing,TR,21.0,0.245196950239744,0.19937213847323354,0,1
7321,190,13.485459316983992,QR,Grocery,US,16.0,0.1954450367924721,0.07387329094113038,0,1
9464,506,58.95159053041127,POS,Clothing,TR,21.0,0.23292732322723772,0.29901280351308324,0,1
3094,633,5.7203904681311215,Online,Clothing,TR,17.0,0.4685533491820895,0.2901498986656524,0,1
7901,245,85.48609364109144,ATM,Clothing,UK,23.0,0.05560671118170738,0.25338629197022566,0,1
1523,432,317.90684645901507,ATM,Food,US,20.0,0.04783240090256866,0.06520130183344244,0,1
9168,28,20.422849969991464,Online,Travel,TR,5.0,0.09941973910762858,0.08433816046946738,0,1
62,556,107.58486047016862,Online,Grocery,DE,15.0,0.30280415991914067,0.5039279805659769,1,1
5593,962,1073.6879570349054,ATM,Food,TR,19.0,0.2182585762119717,0.3185969659433766,0,1
8212,309,140.03596193663859,ATM,Electronics,UK,4.0,0.11905184065547463,0.34234486460795893,0,1
2970,588,21.419400761044262,POS,Travel,UK,16.0,0.051369800513525535,0.18148837846021915,0,1
8665,957,31.064021225588377,QR,Grocery,DE,7.0,0.24222766092553638,0.1573486292049751,0,1
9235,695,390.10058418996726,QR,Electronics,TR,17.0,0.24118705689551392,0.05597838620370677,0,1
7622,483,236.0277429146394,ATM,Travel,FR,19.0,0.6815956656358525,0.3502688517323507,0,1
7306,528,82.58327258487586,POS,Electronics,FR,22.0,0.22577888436527327,0.2106464406879946,0,1
7025,337,430.8054336606718,POS,Clothing,UK,2.0,0.11915753218080627,0.3214328040704876,0,1
3843,228,41.525266258957124,POS,Travel,DE,14.0,0.1321442042362884,0.154315025137611,0,1
2029,381,18.877606188434946,POS,Grocery,UK,12.0,0.03487782075372818,0.04240717264827248,0,1
3890,589,197.91570452827847,QR,Electronics,DE,16.0,0.22339478368384544,0.24145409411736474,0,1
9672,2,103.79700554566355,QR,Travel,TR,18.0,0.02378311147483847,0.1317441614566972,0,1
484,608,27.356551498680613,ATM,Grocery,US,11.0,0.1249623333866292,0.0833165254050094,0,1
4059,214,135.790861670231,Online,Food,US,19.0,0.3146635678608053,0.33661611624971033,0,1
4973,372,5.151757686894507,Online,Electronics,DE,5.0,0.02726180646935114,0.09776154158102146,0,1
7793,565,267.6517897062842,QR,Grocery,DE,16.0,0.053560764784231704,0.08260509045039022,0,1
8299,414,39.99615896517312,ATM,Electronics,TR,14.0,0.8122259496126492,0.18516614623980496,0,1
1500,993,69.92896757697184,POS,Travel,US,7.0,0.06769671053846514,0.06773846873122595,0,1
543,937,242.82128389876004,QR,Travel,TR,10.0,0.6925157414463213,0.13093720642596432,0,1
4579,147,237.40168836501135,ATM,Grocery,US,22.0,0.5297013439849944,0.5141962640277106,0,1
9593,793,425.2419504321786,QR,Food,UK,3.0,0.09169019789374652,0.5097136736124204,0,1
8517,741,746.3840095255198,ATM,Food,DE,10.0,0.43060583263104096,0.0874087807285003,0,1
250,262,131.2086720815336,QR,Travel,NG,8.0,0.47047882925431084,0.21030479195900456,0,1
2625,675,77.28042577518738,ATM,Clothing,TR,12.0,0.15842501262956352,0.30223207751327286,0,1
5481,840,441.3888988036229,Online,Electronics,DE,8.0,0.38412739696595866,0.18591119422834812,0,1
555,567,11.913945787754898,QR,Electronics,DE,18.0,0.08854788972489994,0.2674079917109357,0,1
5932,234,142.4690069058314,QR,Electronics,DE,8.0,0.07662543140635736,0.29723525268869755,0,1
9499,734,10.12440551017077,ATM,Clothing,US,17.0,0.021657638159301534,0.1429310954837354,0,1
5070,544,501.8494175211378,Online,Food,FR,22.0,0.24281196905629748,0.2601843000100632,0,1
2152,857,303.0406784527644,ATM,Grocery,DE,9.0,0.19800316400852194,0.19793660650271255,0,1
9532,417,75.20279836601983,Online,Travel,DE,5.0,0.30856651999510737,0.4926884933935389,0,1
1861,974,0.0,ATM,Grocery,TR,21.0,0.08327822248427615,0.022826696547718354,0,1
8568,201,179.76396478075839,POS,Grocery,DE,21.0,0.012805546316040792,0.11891507371891016,0,1
813,470,91.72541102671204,Online,Electronics,UK,16.0,0.1434057214892736,0.20164980702329452,0,1
864,712,12.16400316541071,ATM,Electronics,DE,14.0,0.2259320697600221,0.613974047762905,0,1
682,410,597.6694782787466,POS,Electronics,FR,6.0,0.6231601324286884,0.47177738476916353,0,1
4957,949,306.04493479156315,Online,Electronics,TR,14.0,0.2602655832407634,0.1310176460442318,0,1
5014,328,86.64968460174427,Online,Electronics,FR,13.0,0.28670563895636947,0.16630465027297087,0,1
3874,678,69.16904787885008,POS,Food,DE,23.0,0.03286571477134761,0.13968892904433927,0,1
8838,217,273.5149337264085,Online,Grocery,FR,8.0,0.16856654409385355,0.38506690896573853,0,1
92,845,456.9500677764645,ATM,Electronics,FR,8.0,0.3489510387017819,0.436563598723425,0,1
4230,639,107.01898826167849,QR,Travel,FR,18.0,0.1344428430317708,0.05171990752055653,0,1
7991,191,165.14389618908015,ATM,Clothing,FR,13.0,0.16942140035287864,0.12129278149781353,0,1
3388,569,10.171409321664962,Online,Food,TR,22.0,0.29812307953835004,0.21383558142054027,0,1
9684,819,74.70429849236895,QR,Grocery,US,11.0,0.08453758749906028,0.11949741746057582,0,1
3298,816,122.70531911458868,Online,Travel,TR,19.0,0.1292679028931291,0.044913581198280816,0,1
3437,187,13.617752210713398,QR,Travel,FR,23.0,0.041896578064347746,0.035316218244993106,0,1
5834,860,37.028806565568814,Online,Food,US,16.0,0.2345859732263179,0.37099308824356875,1,1
4436,378,37.57715410798541,POS,Electronics,FR,2.0,0.036993363558732964,0.18209558221104544,0,1
209,268,145.27861714600624,ATM,Travel,UK,13.0,0.17455232184782118,0.2391404423175582,0,1
1753,923,46.00342041386638,ATM,Travel,FR,7.0,0.057898038730855445,0.0928246961318523,0,1
2565,114,83.59110883262171,POS,Travel,US,20.0,0.14746078837746102,0.22074357286541058,1,1
3137,676,186.86599934019384,Online,Electronics,FR,3.0,0.33768551579519807,0.2887495800744899,0,1
8196,153,278.7444014738934,Online,Electronics,DE,20.0,0.3298773549016507,0.0629314934442028,0,1
721,108,50.37577303540335,Online,Food,DE,14.0,0.1167267506331965,0.049313687912249694,0,1
7367,515,52.95890352759211,QR,Clothing,DE,6.0,0.1836739157953197,0.1853419218733016,0,1
2701,368,59.174200473009584,QR,Clothing,TR,7.0,0.013424805697101881,0.13492431397611235,0,1
8669,877,154.48295780161777,ATM,Electronics,TR,5.0,0.544272179087695,0.7619638796661266,1,1
9916,227,185.82239329383688,QR,Electronics,US,1.0,0.3501973362027902,0.48700429235889237,1,1
6720,910,104.42494542108327,QR,Travel,DE,22.0,0.07148913642179412,0.154203136280591,0,1
3862,604,613.9077864943973,QR,Travel,DE,15.0,0.487805338408431,0.17447436472325653,1,1
6731,343,956.325863579036,POS,Travel,UK,4.0,0.32370855878775884,0.9592724319240425,1,1
5904,476,33.70924339989158,Online,Clothing,FR,16.0,0.0391237768549812,0.08494506318182897,0,1
9473,546,53.95026480998075,QR,Food,DE,14.0,0.09298090680246895,0.17632619094131882,0,1
2201,771,229.63127068760775,ATM,Electronics,US,8.0,0.17088154535371017,0.07250060585927644,0,1
352,640,725.9427006739276,QR,Food,DE,3.0,0.2207447743394874,0.2488554474548728,0,1
2512,227,307.529956517771,Online,Clothing,FR,8.0,0.09835670126979149,0.31966523345901354,0,1
5470,794,292.4643433679536,Online,Travel,FR,0.0,0.22245405261364076,0.12020114470852232,0,1
4011,572,233.94106119442964,Online,Travel,US,12.0,0.07401016335109588,0.25517236729926246,0,1
8482,263,1.7507734177298744,QR,Grocery,US,13.0,0.06845124060388849,0.10803378811875312,0,1
8630,257,402.0854055015528,ATM,Travel,TR,13.0,0.047405990208846345,0.254755200552063,0,1
2105,80,149.66271699968817,QR,Travel,TR,10.0,0.29071902682743134,0.010409022065263398,0,1
7542,237,11.490988353295737,QR,Food,TR,11.0,0.17442283411234002,0.15041031647458847,0,1
9365,874,151.6593656090597,QR,Grocery,US,4.0,0.06527640236821786,0.13896558393044303,0,1
9557,538,61.558529095010584,ATM,Grocery,FR,18.0,0.1803429900492601,0.10793792113241604,0,1
1485,531,80.36915222940772,Online,Travel,TR,5.0,0.14403069156837342,0.050417783912481154,0,1
5692,312,194.4959931193931,Online,Food,TR,16.0,0.023905739309924005,0.03433054199191921,0,1
6699,747,2.0200800209801857,ATM,Electronics,TR,1.0,0.16564071212849948,0.32362665407392666,0,1
4242,128,73.09631294073466,QR,Grocery,US,8.0,0.34794206876762485,0.45213193105102567,0,1
6413,564,131.74494768140943,ATM,Food,FR,16.0,0.0423513452581106,0.01631592705167189,0,1
9059,246,57.575701524296214,Online,Clothing,DE,18.0,0.22727889324387435,0.2953986481819183,0,1
7481,517,98.39299306061035,Online,Clothing,US,21.0,0.10901573492234148,0.2583386508411602,0,1
7386,18,85.04598085938171,POS,Clothing,DE,6.0,0.15590606217098815,0.2718111782550359,0,1
2543,131,61.312587492480965,QR,Grocery,UK,22.0,0.06523027788137206,0.13629599477645427,0,1
3713,533,34.09048662792782,Online,Grocery,TR,9.0,0.07403099069522837,0.15029876120569408,0,1
3503,534,214.72098720554843,ATM,Grocery,US,12.0,0.3391396740837268,0.1485365165021103,0,1
1750,81,102.1692321544729,Online,Electronics,US,20.0,0.2136679637032278,0.09969549294393612,0,1
7621,607,143.98078679248056,QR,Travel,FR,12.0,0.1216131486627745,0.1520856977386379,0,1
9338,874,42.58865170395966,POS,Food,FR,22.0,0.08191642200515811,0.11720342873564048,0,1
8049,824,36.88172333821028,Online,Clothing,TR,9.0,0.042545264875258546,0.3302241659535468,0,1
7136,230,31.86296504635224,POS,Travel,TR,21.0,0.08171993336178572,0.03509759793602112,0,1
6911,487,461.1433891525499,POS,Grocery,FR,21.0,0.08011596592911625,0.30450937974405806,0,1
7655,518,367.5882397362031,POS,Grocery,FR,10.0,0.26590772112719185,0.07415968161549989,0,1
5899,699,131.95876858378415,POS,Travel,DE,14.0,0.04058495656249421,0.13084413965878364,0,1
9869,392,351.53968871872684,POS,Food,TR,10.0,0.25655878890176215,0.0894789521608965,0,1
7520,865,55.73144928177679,ATM,Grocery,US,18.0,0.08560215243630155,0.1420769417631105,0,1
5823,630,0.0,QR,Food,US,21.0,0.012112751423832203,0.058313869444386185,0,1
6764,966,260.28614940968254,POS,Travel,UK,18.0,0.2836247405961218,0.8477464740195638,0,1
1196,92,0.0,ATM,Grocery,NG,15.0,0.4538230278155647,0.06859093721516128,0,1
999,259,114.34468470848597,Online,Travel,UK,8.0,0.21554624732064545,0.10421763464392092,0,1
2195,328,39.837129646525874,ATM,Travel,FR,6.0,0.08978647086002033,0.09088245172876937,0,1
1596,632,242.1201035894759,ATM,Travel,FR,18.0,0.22887225951908668,0.1970337788400806,0,1
4745,244,377.72317596655637,ATM,Grocery,TR,17.0,0.14834321845670484,0.20745098831613465,0,1
7883,372,423.2741569199014,ATM,Clothing,UK,15.0,0.1093715593714486,0.08493359517306895,0,1
3081,788,288.74360216944666,POS,Grocery,TR,11.0,0.15488467914285614,0.277779900041995,0,1
4202,735,126.1926143785121,QR,Grocery,UK,3.0,0.07228972956941948,0.03779077563126608,0,1
1630,445,410.01528549526836,Online,Food,FR,14.0,0.06765201182243447,0.319044966638831,0,1
2298,122,116.381877861297,Online,Grocery,FR,13.0,0.13668979803002862,0.3338062782405399,1,1
373,460,68.145873511002,POS,Clothing,US,14.0,0.1045088778541761,0.2681038266725591,0,1
7354,496,5.220488731291417,Online,Grocery,US,21.0,0.05461038821028015,0.10433615329435425,0,1
5931,483,63.02415005564099,ATM,Travel,UK,5.0,0.0994311053378981,0.13175564320789582,0,1
1110,255,56.318615436528106,POS,Grocery,TR,17.0,0.14089687405964224,0.021132549001980888,0,1
9259,924,0.0,QR,Clothing,DE,18.0,0.33403924689933223,0.026112099296522712,0,1
2162,326,165.45511148189988,QR,Clothing,US,7.0,0.19640048288232495,0.17423924067142035,0,1
2546,712,100.53121111474086,ATM,Food,DE,22.0,0.3379025510518199,0.24827735589061578,0,1
1214,43,66.75863819382556,Online,Grocery,FR,18.0,0.027223518665954162,0.02631348352849144,0,1
4949,342,373.13588373321795,Online,Electronics,TR,22.0,0.341038568763103,0.2587765713978405,0,1
3717,456,431.06047088508427,POS,Electronics,US,19.0,0.32079439692696243,0.2368943502688742,0,1
8318,37,271.68170750568703,ATM,Electronics,UK,20.0,0.03496153159953427,0.0955064463286203,0,1
5681,514,72.36767519389312,QR,Electronics,DE,8.0,0.15457098817772102,0.31127934164952703,0,1
3636,692,123.62993332835157,POS,Food,UK,7.0,0.18161538501974842,0.3875655808744301,0,1
6216,438,387.48919281967545,Online,Electronics,UK,23.0,0.4369750980957198,0.2046239433231476,0,1
8994,40,276.6832693942205,POS,Travel,FR,23.0,0.08929639961746594,0.21267038164793337,0,1
7916,280,722.4767550371727,ATM,Travel,US,15.0,0.29773264234741126,0.46388619810985754,0,1
5617,288,9.118420297433675,POS,Travel,DE,15.0,0.17178149719982783,0.06639732285914408,0,1
3305,9,559.7058171516796,ATM,Electronics,US,5.0,0.19154034058483563,0.39917781979289346,0,1
2078,78,422.99569673873856,ATM,Food,FR,13.0,0.6341710855784584,0.039314870173356026,0,1
3985,975,77.21530553281005,ATM,Travel,US,21.0,0.09904015869514507,0.26796703489259754,0,1
512,852,439.1695464818416,ATM,Electronics,UK,13.0,0.22839020033946345,0.7241095495536555,0,1
3643,679,151.3298070313844,QR,Electronics,UK,22.0,0.10825820901570253,0.09280401694250179,0,1
1738,392,266.39740179061846,ATM,Food,TR,21.0,0.021758937204626953,0.05512906074932452,0,1
281,732,6.158983046072614,QR,Clothing,US,14.0,0.30035566165371447,0.0643792235092396,0,1
9036,441,254.69815715017842,Online,Grocery,UK,2.0,0.3788267758968493,0.41625583710020264,0,1
4295,825,0.0,POS,Clothing,DE,22.0,0.05228310379481766,0.1344271841327018,0,1
4562,226,8.888981725634215,Online,Clothing,UK,14.0,0.0897120273979718,0.03218350994294562,0,1
1790,703,527.2091598799191,QR,Food,TR,5.0,0.05105825666502091,0.036852415454485046,0,1
1337,973,123.48083201598297,POS,Grocery,US,10.0,0.20955346533223895,0.5391306034382741,0,1
1213,427,178.65428214510013,Online,Grocery,NG,15.0,0.28334504676720895,0.1328491637430403,0,1
4213,137,316.32978316989573,QR,Travel,UK,13.0,0.40410652168491157,0.2151010073292149,0,1
5767,531,37.720179274949174,QR,Electronics,UK,11.0,0.3034059933983197,0.11400053168963362,0,1
5563,777,268.7798895682531,ATM,Electronics,TR,22.0,0.20326408833062,0.1372584983603689,0,1
4552,938,14.667941620685317,Online,Grocery,UK,23.0,0.03615651864638208,0.05811942061410255,0,1
939,56,9.397318793822754,POS,Grocery,US,23.0,0.03351973216290652,0.2161930581329845,0,1
3353,883,139.85336985759454,Online,Electronics,DE,2.0,0.059720106472012965,0.02196452701921265,0,1
9372,439,180.06048202003814,QR,Clothing,FR,15.0,0.1911747639463019,0.1377661381597811,0,1
8602,350,5.147364707380831,Online,Electronics,US,18.0,0.18758576401011856,0.2782451899234118,0,1
5464,204,293.68824383432997,POS,Clothing,FR,22.0,0.08538055180599616,0.03501941467624331,0,1
1170,769,447.1900293537182,QR,Food,UK,20.0,0.4563495481696037,0.5579790181575526,0,1
588,256,47.24459657964771,Online,Grocery,FR,13.0,0.04928694734223667,0.05743506349407736,0,1
4986,111,243.83432238653376,POS,Grocery,TR,4.0,0.4953617042237329,0.22186561788684156,0,1
2451,378,19.505927779370463,Online,Travel,UK,23.0,0.14406022683936878,0.04506671626513101,0,1
4650,633,278.26417548473717,POS,Grocery,TR,18.0,0.40905423283708364,0.4299304990900063,0,1
1568,41,12.449788455678476,POS,Grocery,DE,6.0,0.29983933254590883,0.577598759690816,0,1
6221,352,3.997097240208114,POS,Travel,TR,22.0,0.13275682847250037,0.5477751070930234,0,1
6064,609,29.83774000504018,QR,Grocery,US,22.0,0.15057503656678656,0.03867034166125154,0,1
7359,270,15.976142223816952,POS,Electronics,US,21.0,0.32840171023590875,0.07638792564026946,0,1
4396,629,125.58734019060583,POS,Electronics,UK,22.0,0.11742224053790609,0.11995941641570092,0,1
3398,412,323.52778274901397,ATM,Clothing,TR,13.0,0.32035819030039386,0.30441938914469346,0,1
1016,482,412.0531529846879,POS,Clothing,DE,2.0,0.24812819451366142,0.5533336246545041,0,1
1587,127,157.60312856677217,QR,Clothing,TR,8.0,0.08253153914079381,0.0461649118240187,0,1
4464,735,0.0,POS,Travel,DE,14.0,0.21606690933022954,0.07711798694817519,0,1
8229,54,10.442992117448542,POS,Travel,US,16.0,0.627910652607659,0.37619662734561454,0,1
9559,576,287.0582484703908,ATM,Grocery,FR,12.0,0.2847668498218896,0.19704614249807412,0,1
2945,703,84.22675136498557,ATM,Electronics,TR,14.0,0.04160297501837033,0.08466519735643155,0,1
4803,555,32.47896136969454,POS,Food,TR,15.0,0.25033626801272657,0.0698546782463622,0,1
3424,433,26.50127063744559,QR,Food,US,22.0,0.014342823083946944,0.011178479816550485,0,1
9043,559,72.33237038046026,POS,Grocery,FR,22.0,0.023918364951600754,0.16067880162961518,0,1
9958,512,680.099606709473,ATM,Clothing,US,18.0,0.06676489190476073,0.08660660581360137,0,1
3444,179,58.36363870727726,POS,Food,FR,18.0,0.08227095545104007,0.07324215805731651,0,1
5271,215,3.4634631962410385,ATM,Electronics,UK,22.0,0.0335623178831242,0.05593973231236209,0,1
5491,293,8.703133309121103,QR,Food,TR,19.0,0.2046260649670631,0.5969416621684398,0,1
5430,95,408.532044718121,QR,Grocery,FR,5.0,0.1414292517511047,0.3547935747627519,0,1
9550,345,205.39382394162305,QR,Clothing,US,16.0,0.587826612345935,0.19335947001622913,0,1
5791,999,8.178946954451321,POS,Clothing,US,11.0,0.1546691547000034,0.12164141132713942,0,1
8485,861,203.30385100905596,POS,Electronics,FR,19.0,0.041283763325708156,0.12642062122927417,0,1
7924,736,30.240508338117934,Online,Electronics,FR,11.0,0.04851601648602844,0.1662279172268393,0,1
672,858,496.0391343699357,Online,Electronics,DE,11.0,0.6669695933625037,0.3532335119642714,0,1
8656,501,354.8257865470496,ATM,Clothing,UK,10.0,0.014461767751837063,0.27468427426719044,0,1
2168,776,240.47684328560692,POS,Travel,DE,10.0,0.35912430212556623,0.431156903442216,0,1
4077,87,64.73287822704641,POS,Food,TR,11.0,0.13447550421731558,0.17451651997499537,0,1
1645,321,73.3638809478706,Online,Travel,US,21.0,0.19519255741931113,0.09643742138688188,0,1
3774,614,678.4938208973376,Online,Clothing,TR,16.0,0.08600423191560838,0.273633965939385,0,1
7725,555,137.70489141262198,QR,Food,UK,13.0,0.20755027352103336,0.13363289306905873,0,1
4796,508,0.0,POS,Clothing,TR,22.0,0.1905185446592875,0.008408096218761185,0,1
5554,267,4.954806554385474,QR,Clothing,FR,19.0,0.012265068014660048,0.2221554220077056,0,1
750,698,747.0809286237378,Online,Food,FR,22.0,0.3353951086421435,0.40755281097570234,0,1
771,601,33.04715085350337,POS,Grocery,UK,13.0,0.01306463096502733,0.060252329095320876,0,1
9325,689,31.5037482039365,QR,Electronics,DE,8.0,0.1292215790375722,0.4544888136892026,0,1
5011,990,26.772987547889564,QR,Clothing,NG,9.0,0.11373013604934128,0.5215565525847242,0,1
4012,607,214.0477212010888,ATM,Grocery,DE,16.0,0.36430343635669477,0.14336702683177568,0,1
1926,842,410.7635660078355,POS,Food,US,23.0,0.43708991718406104,0.5347610083795268,0,1
8907,686,374.71752112049717,QR,Grocery,US,13.0,0.07803123121784078,0.20506807377324104,0,1
6561,355,355.3602718994665,ATM,Electronics,UK,20.0,0.050244712736137793,0.37625706477848087,0,1
5638,194,36.852451148791246,ATM,Clothing,DE,17.0,0.4991842505684569,0.37083724879895386,0,1
4696,721,357.3184326834166,POS,Electronics,UK,4.0,0.3914895270088761,0.36016228157768704,0,1
9753,531,215.9061149716456,POS,Electronics,DE,2.0,0.17073134257101852,0.24635201883744157,0,1
4387,142,19.6431945714598,QR,Electronics,FR,23.0,0.12081194425194292,0.07031579880087555,0,1
2941,444,81.38822239173525,Online,Travel,TR,16.0,0.1029528307804381,0.21958554775019862,0,1
3760,610,218.74060387125226,POS,Travel,UK,13.0,0.2967583016684165,0.05037730686054959,0,1
5973,388,347.38942792662334,ATM,Clothing,DE,15.0,0.5903408973578069,0.2218338008683549,0,1
9996,555,24.725609067731362,POS,Food,TR,20.0,0.08181032494536211,0.1259024695905623,0,1
3129,386,158.0902374633549,POS,Clothing,UK,11.0,0.03632608122504809,0.33714636551410554,0,1
2528,212,61.57245224084685,ATM,Electronics,US,8.0,0.21822471919181247,0.07954096826773431,0,1
9666,204,43.808565012251215,POS,Travel,TR,23.0,0.05457141269909548,0.1219617419237387,0,1
8571,821,57.47174177110243,ATM,Travel,FR,18.0,0.08062001566454514,0.12213663468631653,0,1
6797,916,50.92596981752535,ATM,Travel,TR,13.0,0.17496806277378218,0.08259347365725028,0,1
1005,236,173.85850817088928,QR,Food,TR,12.0,0.5901294134063478,0.36755746473679335,0,1
5350,799,201.8940052844337,QR,Grocery,FR,21.0,0.12368822446748691,0.26122041973963667,0,1
6104,55,3.1421087886082955,QR,Food,FR,10.0,0.03143807179042432,0.016949074665383115,0,1
9284,336,72.78072712488702,QR,Electronics,UK,23.0,0.043650869403609065,0.041130177467048626,0,1
5425,933,12.910919994105228,QR,Travel,FR,16.0,0.27308548215213346,0.32821554403216635,0,1
1922,152,155.48046596083043,Online,Grocery,US,14.0,0.2779998152663185,0.13615788540740104,0,1
1198,739,71.50761558051934,POS,Travel,FR,10.0,0.5141146058168682,0.3537673277949403,0,1
1277,945,33.87924847159805,POS,Grocery,FR,16.0,0.22039240152523062,0.051324483036920415,0,1
6556,848,162.6445812725718,QR,Travel,TR,18.0,0.22806307337191603,0.33780574858872986,1,1
2604,753,176.53299775669484,QR,Electronics,UK,20.0,0.19671612304001682,0.3346113286977955,0,1
7018,314,37.16297683733025,ATM,Clothing,US,10.0,0.08056743651022835,0.11871224943135443,0,1
1195,96,211.88532603096706,QR,Food,FR,16.0,0.2739980813880524,0.32214027736427736,0,1
64,34,100.68747646080621,QR,Clothing,TR,18.0,0.057795655033656496,0.2671793917195778,0,1
2060,370,391.2188791451328,Online,Food,UK,22.0,0.8213836763798895,0.2998855145248627,0,1
7604,389,42.213580176548135,QR,Food,UK,22.0,0.0532233743583106,0.0261378621797926,0,1
7527,57,34.1249331022137,POS,Grocery,TR,22.0,0.08314015048776244,0.15363814306080315,0,1
8462,397,765.0874692874931,ATM,Clothing,FR,22.0,0.09528295272853118,0.6381377680896381,1,1
505,209,95.9803015146366,QR,Travel,UK,21.0,0.11829492644188325,0.1563072677964697,0,1
4758,847,283.36730257553086,ATM,Grocery,UK,15.0,0.18468893271606757,0.09312068336263193,0,1
1799,514,74.13714847989128,POS,Clothing,DE,6.0,0.2893069062977025,0.24063965611501978,0,1
3498,283,159.2017810911151,QR,Food,UK,8.0,0.7540699131050318,0.548366702208572,1,1
5862,803,138.1855953192895,Online,Travel,US,22.0,0.4122339750962242,0.12019049438846378,0,1
7999,61,326.7703385673398,QR,Food,US,12.0,0.17354918563557853,0.3878667384513356,0,1
4049,680,20.375536887771087,ATM,Electronics,UK,11.0,0.030148246989822124,0.084855728356409,0,1
5896,334,460.099349550574,Online,Food,UK,21.0,0.16466786385664045,0.13683469046900082,0,1
5507,207,66.98037887505195,QR,Electronics,UK,12.0,0.5735448639179072,0.24712837732518522,0,1
9854,860,114.24469357468621,Online,Travel,FR,15.0,0.031079165676607894,0.2691262971797484,0,1
6807,749,351.3800785239813,ATM,Food,DE,20.0,0.04666003321912643,0.07485726583760169,0,1
6290,207,35.72813010416417,Online,Travel,FR,15.0,0.23991107061525838,0.3836055038987951,0,1
4831,599,94.43077918354984,ATM,Electronics,US,22.0,0.3019482047141596,0.16190018437269382,0,1
8499,693,51.3626956416345,POS,Clothing,DE,16.0,0.04765043319105143,0.44956005869444343,0,1
441,268,62.72558998188014,Online,Grocery,FR,15.0,0.036008525645724626,0.14583850340735205,0,1
7604,176,296.1541199092248,QR,Clothing,FR,21.0,0.071955472421692,0.06026154749239569,0,1
3591,495,43.24428423657455,Online,Electronics,US,23.0,0.13474883422994355,0.19395815364814772,0,1
5366,385,79.11818272918855,POS,Grocery,TR,16.0,0.017298053524765097,0.044019942514184576,0,1
9409,699,31.49515628252525,ATM,Grocery,DE,12.0,0.008487772637901313,0.033488453491151024,0,1
9789,707,93.1453757953164,QR,Clothing,FR,9.0,0.03778095844743132,0.28362508432681716,0,1
4799,293,120.71141082608345,POS,Clothing,DE,17.0,0.01812342830773544,0.04902889344810217,0,1
6367,435,103.53516064902422,Online,Electronics,TR,21.0,0.1097978305500276,0.046903225540098306,0,1
1481,438,58.85673804559564,ATM,Travel,DE,21.0,0.09169520975528027,0.032197820337950406,0,1
3658,196,43.805411641381454,ATM,Food,FR,19.0,0.17074679506750046,0.10564453297362322,0,1
2330,614,2.1446713551248724,Online,Food,FR,20.0,0.09337700045980066,0.1011981654093897,0,1
6951,539,418.05449350608865,Online,Grocery,DE,13.0,0.20463262145633596,0.23902909687230267,0,1
2940,899,341.9677695137985,ATM,Clothing,US,17.0,0.20401076375876578,0.09664397236962113,0,1
8164,652,21.63749842013907,POS,Food,DE,10.0,0.10079619571419618,0.03242646027131251,0,1
1198,183,574.8656738485596,ATM,Electronics,DE,4.0,0.1744893819223832,0.3737735384948637,0,1
5011,666,218.40992926277778,Online,Food,US,17.0,0.05338835357757799,0.08534262618146506,0,1
1880,162,142.95276689702405,QR,Electronics,FR,18.0,0.3467300802510047,0.28752913414810793,0,1
4975,998,41.52531745062537,POS,Travel,TR,5.0,0.27181049887208625,0.2133025565903437,0,1
7738,94,28.358933509540417,ATM,Food,TR,19.0,0.3272735526321293,0.09564018943175628,0,1
5239,441,189.49100585594474,Online,Food,DE,22.0,0.427537158735888,0.4393707174576997,0,1
4246,834,2.9195780124203288,QR,Grocery,UK,23.0,0.054518209903958705,0.06809705483933079,0,1
3561,633,94.51042101594373,POS,Food,DE,10.0,0.1856810796084695,0.38515549285790424,0,1
7772,966,193.92262050736264,ATM,Food,DE,14.0,0.15563806019715945,0.3449592208784184,0,1
7036,727,400.132223738126,QR,Grocery,US,20.0,0.1622987013771164,0.3760773905644899,0,1
6747,357,95.55768318357055,ATM,Electronics,DE,18.0,0.13921351485405575,0.3216443628317916,1,1
1963,762,144.71677540358814,QR,Electronics,FR,6.0,0.0594128046860031,0.08803814315657772,0,1
5524,30,5.83938310072773,Online,Grocery,DE,22.0,0.38214615273963204,0.09588635586485811,0,1
8978,194,245.89397159315394,POS,Clothing,US,6.0,0.19413994165923035,0.1318341939156513,0,1
8251,62,27.851429807152027,ATM,Food,FR,17.0,0.06634966534285495,0.09730350155555934,0,1
2073,175,41.20294719554397,Online,Clothing,TR,14.0,0.06918137786730595,0.10430112020028824,0,1
3165,540,326.2504837657498,ATM,Electronics,DE,15.0,0.04617887855117321,0.13501210369721817,0,1
1387,562,5.008319287133098,Online,Electronics,TR,13.0,0.023966845156293562,0.03618122800844602,0,1
6217,0,55.19449055536255,Online,Electronics,UK,4.0,0.08945109280395316,0.2534103697518395,0,1
2487,132,162.11377493056736,ATM,Grocery,FR,21.0,0.00774654868359994,0.019323559122650987,0,1
8523,802,576.5991346462619,Online,Clothing,FR,18.0,0.11096541304362073,0.19802740374234049,0,1
780,614,516.2480337866723,ATM,Travel,US,7.0,0.17594090391802936,0.13668627986355156,0,1
8122,308,140.3327997997463,ATM,Clothing,US,22.0,0.02614738374498852,0.0164611141607377,0,1
3370,324,90.66802814117307,QR,Food,FR,23.0,0.2975584290484348,0.07800985027734456,0,1
449,900,25.742201960680628,ATM,Travel,US,23.0,0.13547609340159253,0.10794052319053626,0,1
9977,688,337.3554362256146,QR,Grocery,DE,21.0,0.20672746848074755,0.11698361375416717,0,1
2140,295,118.29241770643416,QR,Travel,UK,23.0,0.1959071901042666,0.11292988463390105,0,1
2073,155,408.89788301157927,POS,Electronics,US,14.0,0.27107916841780594,0.1296185037635355,0,1
7107,547,32.58817409204301,ATM,Travel,UK,7.0,0.030597123296758656,0.05292346515768071,0,1
2636,939,67.16243321463213,ATM,Electronics,DE,2.0,0.02111560668005816,0.01628588325720698,0,1
1314,502,66.22925996370545,ATM,Grocery,UK,19.0,0.4902324247477035,0.1877001704609523,0,1
704,463,73.26130581610258,Online,Clothing,UK,19.0,0.09645249462035192,0.4846246976817094,0,1
8796,503,113.8235708324197,Online,Clothing,DE,22.0,0.37488378872074063,0.21375448388027685,0,1
4126,518,0.0,ATM,Travel,DE,9.0,0.11873392293227818,0.09416086930049913,0,1
7471,313,129.55013323876165,POS,Grocery,DE,21.0,0.13093211132081503,0.29359848726843374,0,1
4153,803,31.133662004923476,Online,Electronics,TR,7.0,0.02608484607321975,0.2872040053425331,1,1
5245,360,30.57744961616812,QR,Travel,US,19.0,0.07937924571879806,0.019459716140706677,0,1
9272,757,419.8191765334906,Online,Clothing,US,7.0,0.36126813524734663,0.18320394685675276,1,1
9650,536,3.5122276611957073,Online,Grocery,US,23.0,0.31640540892916436,0.06366961683655929,0,1
8019,172,262.5258600945339,QR,Travel,FR,13.0,0.5398547132453618,0.03422633066769992,1,1
1834,742,1.0014562770956505,QR,Grocery,FR,15.0,0.6176498281032314,0.41457221021686075,0,1
2396,893,31.569721529086685,POS,Electronics,FR,21.0,0.1244639662506534,0.06836373964895964,0,1
5310,711,61.053889326156664,POS,Travel,FR,21.0,0.07361423135690329,0.31892748070601246,0,1
3002,546,10.68524520274263,POS,Food,FR,14.0,0.043978279259468525,0.2505865631352338,0,1
7843,926,73.5094645586458,Online,Electronics,UK,19.0,0.07427469731340608,0.08731331064442985,0,1
8567,383,10.874577595943842,QR,Electronics,FR,19.0,0.08083565566997752,0.02926216925729,0,1
5079,903,28.29436772445007,Online,Grocery,US,14.0,0.07140037864193663,0.11950652076852461,0,1
8981,554,105.53286610480669,QR,Travel,US,23.0,0.04251002274506591,0.15398914338876424,0,1
3459,353,310.8962040938746,ATM,Grocery,TR,15.0,0.0760198190795053,0.02815916374837591,0,1
6500,970,86.11620840548838,Online,Grocery,US,23.0,0.24719175855985986,0.06681864665928972,0,1
3594,138,211.48055999566174,POS,Food,TR,5.0,0.04209080094434842,0.11482801125015141,0,1
5436,430,25.140559206713228,ATM,Clothing,US,15.0,0.09655743974390278,0.12296703042969276,0,1
2614,367,67.39607790961244,Online,Grocery,TR,10.0,0.13458766388787788,0.1362533924963225,0,1
7151,956,108.03704937382744,POS,Travel,DE,21.0,0.1606799170967879,0.09726154928495083,1,1
133,914,66.66685370548959,ATM,Food,FR,13.0,0.2755220907700646,0.43991222172703265,0,1
6176,758,77.87815234912685,ATM,Electronics,FR,13.0,0.09306762705485047,0.026296375699720903,0,1
4670,993,214.0130921019134,ATM,Travel,UK,9.0,0.09672070532631373,0.07271461719003222,0,1
5547,625,16.86653008593074,POS,Grocery,UK,7.0,0.1148908053397822,0.04450974017667596,0,1
4245,586,993.0900497415131,Online,Electronics,UK,9.0,0.2865247930819727,0.846231881161085,1,1
1979,499,2.5424949696499577,Online,Grocery,TR,19.0,0.06406890298423036,0.2599476070721705,0,1
5948,739,1496.8710538557882,QR,Electronics,DE,19.0,0.34145547910284035,0.8223605183038463,0,1
1478,516,0.0,ATM,Grocery,UK,13.0,0.06850257574474516,0.06749332679220227,0,1
7081,88,296.82789841198155,ATM,Food,US,20.0,0.2579288486417413,0.19133837008088778,0,1
3142,953,1326.8758263857874,POS,Electronics,US,19.0,0.4560246727699465,0.4798937984171687,0,1
4083,198,104.70766495987388,Online,Electronics,UK,16.0,0.18856688021547413,0.15965459407998772,0,1
7552,140,605.7942524660396,QR,Electronics,FR,6.0,0.14401534653440887,0.06836221525959549,0,1
8582,286,293.65710384670666,QR,Travel,TR,12.0,0.2080847764929804,0.3276824226916395,0,1
4074,508,21.463372514364405,Online,Clothing,UK,16.0,0.17570911299510608,0.08250776547754146,0,1
6036,857,0.0,Online,Travel,UK,10.0,0.2987409878737924,0.2964726055109369,1,1
7527,98,175.3964482099285,Online,Food,DE,18.0,0.31218806047661385,0.07826192690598835,0,1
6898,417,295.2811652649679,QR,Travel,FR,17.0,0.11259316317846477,0.11063078137443565,0,1
8690,117,317.10202828852397,QR,Food,FR,21.0,0.2026255479440159,0.19606313560134767,0,1
8829,172,166.8211109602585,ATM,Clothing,DE,16.0,0.12519591499860996,0.3402472227679725,0,1
2122,255,425.4113046977127,Online,Food,TR,17.0,0.3706585122539732,0.4296276960955777,0,1
9672,302,157.29848038366893,QR,Travel,DE,20.0,0.08793608751498852,0.10603510257618536,0,1
1692,519,15.471917694692285,Online,Grocery,UK,17.0,0.2549522709683803,0.08621368347323945,0,1
9907,902,106.99796846349132,Online,Food,DE,19.0,0.5105060347096675,0.14422179477798505,0,1
3415,570,15.603403432371096,Online,Clothing,FR,10.0,0.07020999384094215,0.13639550677699724,0,1
1833,355,206.23147580571188,QR,Clothing,TR,22.0,0.1358927901824156,0.015712403748827847,0,1
3155,715,175.39753946491248,POS,Food,FR,0.0,0.08875425791138569,0.01855623294468336,0,1
3018,334,63.222676620598605,POS,Clothing,DE,7.0,0.20433171879635142,0.30943999057554256,0,1
1274,568,37.34444648756348,QR,Travel,TR,16.0,0.11723957013791636,0.16056797874531023,0,1
3551,110,763.6242266634587,QR,Electronics,TR,17.0,0.2960643005543742,0.08724208921242364,0,1
6681,187,302.68095956646573,Online,Electronics,DE,11.0,0.23399436084209776,0.5761852846358841,0,1
4638,705,30.547067624392536,POS,Grocery,FR,22.0,0.055097097832483496,0.11198998038391875,0,1
2042,180,200.86439991399013,Online,Food,UK,14.0,0.14167722361005178,0.01644314848429203,0,1
967,445,16.425154963666337,ATM,Grocery,TR,20.0,0.16486503244979883,0.03163766158868043,0,1
5344,610,48.75197193982759,Online,Food,TR,22.0,0.18320683696958032,0.19436727900978956,0,1
7870,359,10.18985224095173,Online,Grocery,TR,4.0,0.0691104248112646,0.1066782708445124,1,1
1405,663,151.38336839835597,QR,Grocery,TR,22.0,0.7166662559578434,0.3541057310141689,0,1
4665,874,35.482386099273214,ATM,Grocery,FR,10.0,0.036870120618144014,0.033429763942566,0,1
5658,158,774.2317738293845,POS,Clothing,TR,11.0,0.09864825869160734,0.20713810794245846,0,1
9227,915,0.0,QR,Travel,NG,9.0,0.1947060346175661,0.29095775767489895,0,1
7438,765,451.69807361350314,POS,Electronics,UK,9.0,0.1250818559374734,0.09314299543770212,0,1
5099,238,66.98922587585129,POS,Electronics,DE,11.0,0.07679142938936331,0.15530420188175864,0,1
1258,314,227.49834860743414,POS,Electronics,FR,11.0,0.2938780410114272,0.18167204688466068,0,1
7465,119,11.219818026423642,POS,Electronics,DE,17.0,0.32151616745688394,0.22750473429973425,0,1
8050,140,971.9569393703104,QR,Grocery,FR,16.0,0.30567951130460214,0.5355079872338131,0,1
1757,922,105.9955519340139,QR,Food,TR,17.0,0.17035604590021025,0.36686291110209224,0,1
256,154,469.22743291007555,QR,Food,DE,22.0,0.12092892133416935,0.3115342830095622,0,1
1982,400,143.48665310378445,QR,Clothing,DE,13.0,0.06302630751750618,0.05967701503628163,0,1
5172,844,17.682659490663596,QR,Travel,FR,3.0,0.08273878095003051,0.027504218703469276,0,1
863,958,8.757672923924616,QR,Food,US,11.0,0.17748629564395313,0.049050647033742845,0,1
9436,456,4.603762467678324,QR,Grocery,FR,6.0,0.16689577458795452,0.38534861212000887,0,1
1282,654,141.33616585539357,Online,Travel,DE,9.0,0.10523638677986111,0.01868638279065475,0,1
6498,443,167.98991276114182,ATM,Food,DE,7.0,0.5642093540152332,0.17582645552327322,0,1
4616,171,82.55137113916226,QR,Food,UK,8.0,0.565511954445479,0.03258427764253579,0,1
7515,928,247.46663951478828,Online,Travel,FR,19.0,0.0626401530754147,0.3187043866617292,0,1
8612,470,153.9980530554667,QR,Electronics,DE,10.0,0.08233570946408028,0.09375940488442015,0,1
6405,826,359.19038355479034,Online,Travel,UK,8.0,0.2551504738019727,0.12741935601083015,0,1
4931,914,132.1108195413685,QR,Clothing,US,4.0,0.11902478530560207,0.09927042194929353,0,1
5930,771,237.3132211317753,POS,Electronics,UK,22.0,0.24207851214343273,0.2759303303620697,0,1
5277,321,60.534636761989226,QR,Grocery,FR,10.0,0.06999339298942535,0.021753513548303162,0,1
5905,700,0.0,Online,Food,US,21.0,0.6048322178499034,0.08842353823759472,0,1
9103,532,46.373715832625436,QR,Food,UK,12.0,0.02364720898262739,0.10466634135070092,0,1
5524,540,212.54626902595416,POS,Travel,TR,22.0,0.06534285389853499,0.09845271989273079,0,1
7233,945,273.6106198311249,QR,Travel,US,17.0,0.22540038969515264,0.23635524417271606,0,1
2951,177,30.913949781080433,QR,Food,DE,23.0,0.11977140737776737,0.3038584172774285,0,1
696,647,18.71389431743644,Online,Clothing,US,22.0,0.059329346537893714,0.1150399199799471,0,1
1676,274,17.59485178778875,Online,Travel,DE,15.0,0.2744766269518206,0.4537567320710912,0,1
3302,601,173.38379339845667,Online,Electronics,TR,17.0,0.11156524637231219,0.3002485554309818,1,1
1839,672,123.78263239904474,POS,Food,FR,22.0,0.13733092640687108,0.1968075252298358,0,1
4524,218,565.5205857783383,ATM,Grocery,TR,19.0,0.1469118291609161,0.10694147017140743,0,1
3502,380,112.51621262737869,QR,Clothing,US,21.0,0.027489485385926108,0.2521908505318027,0,1
8816,11,575.1181137938523,Online,Clothing,TR,17.0,0.5120153166686231,0.35364185576312734,0,1
8406,502,153.35841451183316,QR,Electronics,US,15.0,0.338901730048505,0.13565502762349743,0,1
9108,815,48.74859513619348,ATM,Grocery,UK,21.0,0.16076061368824004,0.23215609858866104,0,1
2121,567,263.42705770408963,POS,Clothing,UK,20.0,0.03702312477097197,0.046845991466078866,0,1
6890,63,0.0,QR,Clothing,US,21.0,0.08777317434364902,0.14032786261901495,0,1
2592,165,12.728480237845353,QR,Electronics,FR,21.0,0.08122459885036717,0.1049265864080266,0,1
8296,839,506.5193759397585,QR,Grocery,FR,23.0,0.441968827061568,0.11206001182575444,0,1
5442,618,22.43675240640202,POS,Food,FR,6.0,0.2985613668026311,0.1473228910070166,1,1
7581,43,101.28565153467488,POS,Clothing,TR,14.0,0.25944838082770366,0.05673902375336611,0,1
5625,509,807.1365075891295,QR,Travel,FR,21.0,0.10326703530781908,0.22842909547265347,0,1
22,603,22.31753403507105,POS,Electronics,US,16.0,0.055192147634243335,0.25562367257252544,0,1
2885,651,200.76975411180868,QR,Clothing,UK,14.0,0.0814167299811175,0.10415466608662494,0,1
6906,522,65.25110146225268,Online,Grocery,DE,22.0,0.21731547421939665,0.5184716515117687,0,1
5667,832,14.869637925037267,Online,Travel,FR,10.0,0.3752279410733599,0.1940097157368796,0,1
7129,322,17.23643954236671,ATM,Food,US,12.0,0.01443343705862614,0.022286028190446824,0,1
6421,415,88.9536302189332,ATM,Electronics,UK,23.0,0.24100708756202316,0.13451272658280855,0,1
2617,15,85.46857631624478,POS,Electronics,UK,18.0,0.18980280548484718,0.27409634317765996,0,1
5652,549,43.268011774515315,ATM,Electronics,UK,12.0,0.07419628973935329,0.1427130047208271,0,1
2731,819,88.20623686472076,QR,Electronics,TR,20.0,0.03264929025236919,0.018881494928940493,0,1
6187,111,240.74193471912807,POS,Grocery,DE,14.0,0.19456872195371158,0.11761534780044795,1,1
1816,357,427.75658634352266,POS,Clothing,US,19.0,0.26504206944154063,0.9974668411740417,0,1
8550,622,29.198246370382638,QR,Electronics,UK,15.0,0.03513454664960157,0.18970284810675672,0,1
4308,782,144.11065849598424,QR,Grocery,TR,17.0,0.2301040464383575,0.0628277394273002,0,1
8708,619,407.44878475332234,QR,Food,FR,22.0,0.030164868875615515,0.009817414623373724,0,1
8197,961,185.24109898560567,POS,Grocery,TR,22.0,0.26540723363137264,0.5457477820963611,0,1
1240,549,139.26755016416354,QR,Grocery,DE,21.0,0.8728180620600797,0.23849050851431094,1,1
1397,699,63.69064179248801,QR,Food,UK,5.0,0.05804639338688787,0.444055613910978,0,1
3763,285,144.04124892918762,Online,Clothing,FR,11.0,0.18128867074660526,0.3531504673392772,1,1
6456,476,86.98502907573271,POS,Food,DE,14.0,0.12598542705791418,0.20393652857177738,0,1
1352,603,141.07848753758506,QR,Grocery,US,16.0,0.03657738901191371,0.1078607098167631,0,1
1031,601,72.85174484249505,POS,Travel,US,17.0,0.11360585293516924,0.11841124977414412,0,1
9629,717,12.214206251061817,Online,Grocery,DE,23.0,0.11103943215475037,0.1714914789903173,0,1
3950,13,117.58399496603747,POS,Electronics,UK,22.0,0.09874252933993125,0.162060895079384,0,1
3049,939,840.5407910194584,POS,Electronics,FR,13.0,0.5266076110153554,0.45777891343412375,0,1
7408,668,392.4518192236487,Online,Food,DE,21.0,0.4903379478261805,0.2538137947189868,0,1
6177,869,305.1443028288931,Online,Food,TR,11.0,0.14692490634376568,0.06874570720537404,0,1
4845,183,138.49794450122255,ATM,Grocery,US,10.0,0.15558500924770344,0.16817788637969877,0,1
1286,984,319.02975881433366,POS,Food,US,5.0,0.09588177931932394,0.3337348395674164,0,1
8388,937,7.124385710182348,QR,Grocery,US,10.0,0.03960663705744313,0.029449032461792056,0,1
4955,662,619.0598980898772,ATM,Food,FR,5.0,0.18520995474204008,0.30921606180418254,0,1
3795,156,15.745318481005047,POS,Travel,US,4.0,0.1422029269419075,0.04128508922441822,0,1
7439,899,285.1209128574936,ATM,Travel,UK,6.0,0.09780517867575474,0.10156188566076096,0,1
8438,223,134.26114416384817,Online,Clothing,TR,17.0,0.15252524178445323,0.09416576781506439,0,1
8516,522,37.56142997058096,POS,Electronics,DE,20.0,0.35573015000845165,0.06434133475842731,0,1
9297,411,628.1540968296468,ATM,Grocery,UK,9.0,0.06247528756765411,0.5911465218687076,0,1
4272,72,882.7187138891361,Online,Travel,US,19.0,0.18931853710620916,0.1545417474298271,1,1
5563,924,39.02937858465329,QR,Clothing,DE,16.0,0.17833650866825787,0.2698448799193672,0,1
4981,658,76.41817216820314,Online,Clothing,TR,21.0,0.18716452698305214,0.11003629449929844,0,1
4203,294,46.72531198409018,ATM,Clothing,DE,14.0,0.4517628141516537,0.3914033229086707,0,1
1115,363,102.69216995976096,QR,Clothing,NG,23.0,0.1846901940796673,0.23022331008902286,0,1
6799,461,270.81320633459495,QR,Food,FR,11.0,0.1651195141481728,0.31763408570672386,0,1
7784,937,0.0,ATM,Food,DE,17.0,0.03998560391650789,0.2444539687554131,0,1
646,651,56.763757751736954,Online,Electronics,UK,14.0,0.6191695093041848,0.29417684099450886,0,1
7482,923,35.85391148551277,Online,Travel,UK,20.0,0.3403354313472003,0.2368134318020671,0,1
2084,893,23.373809905983386,QR,Electronics,FR,23.0,0.023015918499304896,0.020019264586459404,0,1
5676,943,134.96887331896835,QR,Clothing,FR,19.0,0.28245513460108046,0.37698320029250865,0,1
92,826,18.790780813236246,POS,Grocery,DE,9.0,0.018647783162015007,0.016676143280437587,0,1
2241,129,0.0,POS,Clothing,FR,8.0,0.03720685899149048,0.0755285200199517,0,1
9066,365,15.17989321816189,POS,Electronics,US,8.0,0.13304237265008353,0.07149352523877832,0,1
8040,302,207.33925130854462,POS,Travel,DE,4.0,0.21591289655707718,0.2824224653922985,1,1
5609,56,295.44892748008704,ATM,Grocery,TR,20.0,0.16501976242928154,0.14790371416621398,0,1
1564,804,190.25150942235152,ATM,Food,US,2.0,0.7168909754185602,0.5765346719893529,0,1
1968,365,26.647061010193003,ATM,Grocery,DE,6.0,0.1257829278254704,0.07918369227198195,0,1
2052,474,5.444594514762713,POS,Electronics,DE,1.0,0.25998207422128,0.05184499241963676,0,1
504,543,625.5264479578934,POS,Food,TR,4.0,0.2509554393307104,0.23062912157473572,0,1
6687,621,26.833340966841163,POS,Grocery,US,4.0,0.41041208604734575,0.16045295113008734,0,1
8904,819,81.13021159265288,POS,Food,UK,19.0,0.08181037569718609,0.1639419760950509,0,1
4512,179,15.43244843428576,POS,Clothing,FR,6.0,0.09160091331160325,0.03838214754602146,0,1
1500,119,92.48627504934406,ATM,Travel,DE,18.0,0.05860837545466753,0.2624753766157187,0,1
2198,5,69.39893612602968,ATM,Travel,DE,21.0,0.14136681438652207,0.07277430243743963,0,1
3719,991,57.23875025940361,QR,Grocery,UK,9.0,0.1391973849523649,0.23090528027052476,0,1
2487,949,572.4891962414437,ATM,Grocery,FR,19.0,0.3641839240470638,0.42969547633616795,0,1
2246,588,272.54960738493565,Online,Electronics,UK,8.0,0.26695764607857053,0.23265000046686382,0,1
2200,413,184.36043502064194,Online,Travel,FR,5.0,0.15386548032571734,0.29822478279426234,0,1
5903,887,286.5600758372644,QR,Clothing,UK,18.0,0.22729135997620506,0.20891206694517436,0,1
1776,87,165.74353318660553,QR,Clothing,US,23.0,0.3652046786293266,0.14550403859442823,0,1
9233,140,61.711172577947124,Online,Food,UK,18.0,0.009276319455559465,0.5535628269143849,0,1
9539,330,25.26608339451524,ATM,Food,US,19.0,0.043727061724764205,0.09057445888598407,0,1
1975,43,130.57796611080508,POS,Electronics,DE,13.0,0.34242064864831867,0.4012390646901877,0,1
4819,400,9.128266867031998,POS,Electronics,US,7.0,0.4067336022950632,0.12236379925757634,0,1
2174,795,60.76230279279976,POS,Clothing,TR,22.0,0.046103156396346996,0.12457128023111862,0,1
402,49,28.487700299235573,Online,Food,US,14.0,0.1301222274591799,0.08087998629364336,0,1
9003,539,363.1930012649129,Online,Travel,FR,17.0,0.1986102448747667,0.1572557389717826,0,1
286,985,149.20067523698785,Online,Travel,TR,13.0,0.5326448521800429,0.07241154418203549,0,1
1986,338,59.13368420829606,ATM,Grocery,DE,22.0,0.22647301517069915,0.047178094576260626,0,1
9689,928,26.821662649944514,Online,Electronics,UK,8.0,0.06540276335713882,0.22367198768721844,0,1
3694,543,55.42419907088892,QR,Travel,US,4.0,0.08765180001769528,0.2943669897492782,0,1
9533,109,33.60854928993947,POS,Food,DE,17.0,0.2091061069538988,0.10825876327577179,0,1
5778,210,105.60546336116015,POS,Grocery,DE,9.0,0.16089312285377977,0.12533048939762062,0,1
3855,336,259.355550469166,ATM,Clothing,TR,11.0,0.23489957472713213,0.48342464717595696,0,1
3439,558,803.8778715625673,POS,Electronics,DE,12.0,0.22833704524903986,0.171203711840003,0,1
2002,911,26.811482852270025,POS,Clothing,TR,9.0,0.022843032498436958,0.012636330128382393,0,1
4575,376,38.746013198759314,POS,Grocery,TR,13.0,0.05490160947359016,0.03582442607164181,0,1
141,131,3.0126382814725554,QR,Clothing,US,16.0,0.018798412865954364,0.0661676304505846,0,1
4807,62,67.1215394227012,Online,Clothing,TR,11.0,0.3816075052479357,0.4353952186235127,0,1
8099,644,20.294646934036216,ATM,Clothing,TR,16.0,0.1294723202116989,0.3726656865147817,0,1
5995,440,94.27337437430316,QR,Travel,TR,14.0,0.3678431692935829,0.026767717273251473,0,1
1749,0,81.95548886105163,POS,Grocery,US,11.0,0.044473296398451066,0.12433176278802005,0,1
9212,761,37.4893184591256,QR,Food,TR,10.0,0.02292204852834363,0.012479331971428712,0,1
3424,894,587.4435230445941,QR,Grocery,DE,14.0,0.1991843192937615,0.06201800563117412,0,1
9502,616,31.178021450701124,QR,Food,FR,21.0,0.3539006635342357,0.05635776528888154,0,1
1688,792,4.759517219621071,POS,Grocery,US,9.0,0.14609574478276616,0.042019671706436196,0,1
2105,553,142.67366869742838,Online,Clothing,DE,23.0,0.3910818441543059,0.523021005743997,0,1
7712,72,0.0,POS,Clothing,FR,18.0,0.12960565538781288,0.08500048927745729,0,1
517,517,127.63074483112226,QR,Electronics,DE,17.0,0.16034562064305302,0.3737321218130947,0,1
7289,375,784.619803777649,QR,Travel,UK,17.0,0.3150605911284445,0.5406677938206764,0,1
5986,875,184.8271408221364,Online,Grocery,FR,10.0,0.04203302758878631,0.19547566895230228,0,1
2822,990,94.85702918689164,ATM,Clothing,UK,9.0,0.5412377205487433,0.377670058296927,0,1
4856,560,545.5121057657304,ATM,Electronics,FR,15.0,0.648387264156501,0.5320253941957136,0,1
5043,595,75.37438797295961,QR,Grocery,TR,6.0,0.014267680387178815,0.021421276459049714,0,1
2407,286,496.40930775458924,QR,Grocery,US,14.0,0.12897979085471736,0.17883465660315429,0,1
6720,128,45.67305578011332,QR,Clothing,DE,17.0,0.25249278883411297,0.05912759951316269,0,1
4651,373,33.83544891875342,POS,Clothing,US,20.0,0.07747361804987668,0.1546301508585875,0,1
299,281,274.08835176371406,QR,Grocery,TR,14.0,0.17345261252120905,0.5119654312234814,0,1
3618,274,54.03183792395963,POS,Food,FR,21.0,0.042742936841541145,0.04365078588398065,0,1
2636,129,24.057968373397387,Online,Grocery,TR,18.0,0.3604403484985285,0.11183431561519215,0,1
1253,87,132.87625852962722,POS,Food,US,21.0,0.11171708873297365,0.2828687931765481,0,1
3709,194,594.9245577365748,ATM,Grocery,UK,20.0,0.10658353527942108,0.5304904095457995,0,1
3249,197,123.98461621323487,Online,Electronics,US,13.0,0.1181370551277094,0.040255425434950705,0,1
917,696,195.29727483284236,POS,Grocery,DE,16.0,0.11476967520239592,0.407464571856492,0,1
8267,180,21.715246429329188,QR,Travel,FR,14.0,0.22207473209067233,0.2818333975923085,1,1
4057,432,140.21870230014918,ATM,Grocery,UK,15.0,0.3320069130568354,0.09105502442948764,0,1
2697,756,162.7057954128938,ATM,Grocery,UK,19.0,0.07659882661271097,0.2284996222170807,0,1
2463,167,513.5851430376563,Online,Electronics,DE,15.0,0.11382685929587738,0.2169118402068982,0,1
1579,358,157.65946666278,POS,Grocery,UK,7.0,0.0476184392592302,0.4228429637634553,0,1
1919,857,88.27408761221609,ATM,Travel,DE,17.0,0.044708788576114766,0.12042501610370686,0,1
1540,89,284.1436315563284,Online,Food,DE,17.0,0.11869346157279267,0.1175111817791847,0,1
1432,614,30.31071089013991,Online,Food,NG,5.0,0.16828086845020337,0.25614246232671933,0,1
9621,819,3.0064924575800287,POS,Travel,UK,20.0,0.07352044189944441,0.12224993095405895,0,1
623,370,24.165488111867138,POS,Electronics,FR,22.0,0.038993663582868064,0.0698941781846788,0,1
3669,108,17.3531109406808,QR,Clothing,FR,16.0,0.040818784945704935,0.11478253476847078,0,1
4741,265,7.001245135117906,QR,Travel,TR,7.0,0.2639030735409632,0.3046299977841782,0,1
5571,295,170.67527637558905,ATM,Food,UK,17.0,0.033369941320175206,0.1905869601544652,0,1
850,921,294.9302537341565,POS,Clothing,TR,18.0,0.13629173401264827,0.13592796148654362,0,1
814,174,154.99837040997105,ATM,Food,TR,16.0,0.008789115848677073,0.12419375027401945,0,1
2583,768,143.1465104979871,POS,Food,US,15.0,0.10630309543854814,0.1487131248915178,0,1
3290,682,239.18414055453604,Online,Food,TR,18.0,0.42424016446515994,0.49411939548797956,0,1
2291,566,20.725321181301585,POS,Food,FR,10.0,0.3348329153197207,0.03511379596555519,0,1
2903,425,115.94832717415565,Online,Clothing,FR,21.0,0.01499200337762449,0.3457654762279534,0,1
1765,335,323.68209133278157,ATM,Electronics,US,23.0,0.022833150597523246,0.07157936705260945,0,1
5294,191,46.39105820297375,QR,Grocery,TR,13.0,0.22365098404669612,0.09862512603407395,0,1
9701,453,43.32751856736395,ATM,Electronics,FR,21.0,0.18174604060035482,0.035872504087164386,0,1
3082,944,353.6827954111415,POS,Electronics,TR,18.0,0.18425165731841978,0.2829922246427688,0,1
2893,624,529.131044267363,ATM,Electronics,FR,13.0,0.22092060464422716,0.5578079053942981,0,1
3432,257,25.672985872883604,QR,Clothing,UK,12.0,0.09234713329946423,0.1970684621071766,0,1
5997,782,212.09357161321947,POS,Clothing,DE,23.0,0.07604794258754598,0.11381579079530085,0,1
8469,422,14.766111729396288,POS,Electronics,FR,18.0,0.18198960709263348,0.18116801432150925,0,1
1599,672,382.5272837214559,POS,Clothing,UK,17.0,0.03544769477566698,0.08851422144833655,0,1
9811,444,291.1129916169642,ATM,Food,UK,19.0,0.18442938627999547,0.31091700428626606,1,1
4451,135,354.16815423016527,POS,Travel,US,14.0,0.39464820904226633,0.1557842843269396,0,1
5335,579,109.76162977820955,QR,Food,DE,16.0,0.09661141225568741,0.2224555251285251,0,1
1360,203,57.14771187952604,QR,Travel,TR,20.0,0.21717791871296593,0.05923952786902976,0,1
1420,745,0.0,Online,Grocery,DE,21.0,0.008528971020826035,0.013922896817984219,0,1
732,628,404.85850103357694,QR,Electronics,FR,13.0,1.0,0.6028410925825223,1,1
2979,955,67.89196889847085,Online,Food,DE,20.0,0.08744879404715786,0.3536259200540213,0,1
2337,915,24.97901314687121,ATM,Clothing,US,16.0,0.03828009308244518,0.175585081433167,0,1
7403,202,99.44048322098699,ATM,Travel,FR,21.0,0.07181847152632996,0.11351529307279801,0,1
4596,528,492.7284303818456,QR,Travel,US,22.0,0.23258654939770734,0.02273511974993085,0,1
9186,936,176.02996486909555,POS,Food,TR,9.0,0.11058957515310684,0.3756332888389811,0,1
5771,83,327.8353085632181,ATM,Grocery,US,14.0,0.25578744220555116,0.35639586087389724,0,1
8806,945,465.242157969135,POS,Grocery,TR,10.0,0.4472162210858546,0.2239582399679253,0,1
7440,397,34.65396522153392,QR,Travel,FR,13.0,0.11590397047365479,0.2174447993877742,0,1
2065,618,310.15359496245884,POS,Clothing,UK,11.0,0.018349926830189447,0.27800688374496124,0,1
6686,955,20.228821399595045,Online,Travel,FR,20.0,0.12125088525991887,0.4380116059868893,0,1
3983,391,463.62245984895276,QR,Clothing,NG,7.0,0.5128711873774804,0.39952722691835874,0,1
3420,11,44.92482677879495,POS,Grocery,TR,12.0,0.2640144758015278,0.06299176828357626,0,1
4256,856,95.22496911787856,Online,Food,TR,6.0,0.08027964990989825,0.08947915364823139,0,1
4394,165,13.643493268119709,POS,Electronics,FR,17.0,0.31352119769985526,0.16740734052081,0,1
4198,759,41.371597248091824,ATM,Travel,US,11.0,0.05538720969983247,0.12945402600232161,0,1
6898,498,48.378819692768,Online,Electronics,FR,18.0,0.3478494074819421,0.2343522266481186,0,1
4285,498,348.9042057264027,Online,Grocery,TR,14.0,0.018228639755866197,0.09472466781224628,0,1
5623,637,165.02946694112973,ATM,Food,FR,19.0,0.11606953374952257,0.09969374780257667,0,1
9259,541,183.45045444557616,POS,Clothing,US,20.0,0.39446754510173015,0.06611279181279062,0,1
8435,928,857.8762122129768,Online,Clothing,FR,9.0,0.4035955099612144,0.49207320283927364,0,1
3525,795,112.67505014173128,Online,Travel,DE,18.0,0.20734499328446912,0.19761710144612535,0,1
8377,447,264.4375117848264,QR,Grocery,US,17.0,0.3020057399375155,0.5438004149658429,0,1
7118,177,429.9204319949271,Online,Electronics,US,8.0,0.19461823899749847,0.16540674325237903,0,1
5191,851,119.95072584664067,Online,Grocery,US,12.0,0.09324969575742575,0.09982103627526619,0,1
6172,391,51.53647151635134,POS,Clothing,US,18.0,0.06360085834262465,0.024453094681261986,0,1
7382,218,0.5884089030211737,POS,Clothing,FR,17.0,0.08176429204485824,0.010780743223287526,0,1
2839,494,121.09528944072623,ATM,Travel,UK,11.0,0.06744900990212857,0.2516579451177555,0,1
6594,222,51.28689133529065,Online,Food,FR,12.0,0.20479672118585435,0.06699477644283149,0,1
5363,586,37.82822231747324,Online,Food,FR,20.0,0.22525356661228732,0.6251188122656836,0,1
9848,917,40.44382772752456,QR,Electronics,UK,17.0,0.09204406834310146,0.0961864664267165,0,1
6409,373,7.171901200498187,QR,Grocery,DE,19.0,0.2978543482861986,0.07876777940818924,0,1
2004,106,77.11731705640027,QR,Travel,FR,14.0,0.299144149425274,0.25015638505335236,0,1
5847,291,164.99856847508963,QR,Clothing,DE,18.0,0.1092360419245718,0.11692389694300157,0,1
4775,541,98.32609979659543,ATM,Food,US,12.0,0.2420096793909356,0.1599764111189263,0,1
5014,893,573.0604608745599,ATM,Clothing,UK,5.0,0.11639607021766335,0.9067389043272327,0,1
1478,721,360.5518132898888,ATM,Food,US,22.0,0.5774881183645709,0.20228542529717156,0,1
7921,381,217.08579913147292,POS,Travel,DE,13.0,0.24981594645025101,0.039864988355578376,0,1
8416,627,745.4836928660037,QR,Food,FR,16.0,0.5986390775633632,0.17234666990242267,0,1
6531,557,222.92765476208226,ATM,Travel,US,15.0,0.2503889623184916,0.502281129082001,0,1
2729,280,0.0,Online,Electronics,TR,18.0,0.03814955850042994,0.014909875951240112,0,1
5334,321,31.47054070152365,ATM,Grocery,FR,20.0,0.07804284480217827,0.495619945995341,1,1
7335,836,42.421227789582645,QR,Grocery,DE,7.0,0.12585587601605297,0.418090847383135,0,1
6270,771,340.82011497654906,POS,Travel,US,18.0,0.0551650059475201,0.2291408113564584,0,1
7407,397,8.859981995744674,ATM,Electronics,TR,2.0,0.142669973630056,0.029926377989224838,0,1
8437,893,87.81072341813919,ATM,Electronics,FR,20.0,0.012071936663194508,0.03403090329591851,0,1
3104,400,5.4391747792375735,ATM,Travel,US,13.0,0.10557726114874269,0.02190200285024651,0,1
4490,384,96.79286730245458,POS,Electronics,FR,14.0,0.24371891816865382,0.3251520277033869,0,1
5356,55,798.8390232862721,POS,Electronics,US,8.0,0.13057964271485734,0.27117278900997016,0,1
8485,44,552.2133054542753,QR,Grocery,UK,18.0,0.2860951028881292,0.02429845906077766,0,1
9798,315,7.237115399253723,QR,Grocery,US,16.0,0.2643454697697526,0.014043147609921206,0,1
9319,157,300.0096960960331,Online,Food,FR,9.0,0.11911855495197632,0.21274167682346043,0,1
9219,415,142.34320398375363,ATM,Clothing,TR,18.0,0.022913706489832673,0.06137501310615012,0,1
2318,475,113.44752157632057,ATM,Food,TR,16.0,0.10373978741514336,0.1513956349400981,0,1
9942,748,97.08500984541399,ATM,Travel,FR,21.0,0.3460442075288904,0.34924031594347565,0,1
3405,645,38.72988569233341,ATM,Travel,FR,6.0,0.11372965528690422,0.030731372329693883,0,1
9749,186,0.0,Online,Electronics,DE,16.0,0.022136125246212845,0.030254097582213264,0,1
693,470,208.63900250727613,POS,Electronics,US,18.0,0.03860996453503209,0.13988339319459203,0,1
2060,386,26.941907025563854,ATM,Clothing,DE,21.0,0.10451372000159263,0.020723099695257874,0,1
6456,876,674.8596370823813,ATM,Travel,TR,11.0,0.10324010301542985,0.07002368029022271,0,1
7544,518,90.09182720319698,POS,Travel,TR,13.0,0.23168533380084588,0.10427719582632262,0,1
8961,839,101.01667183201069,POS,Food,US,11.0,0.4377275806312472,0.2846359530119938,0,1
7934,4,10.248146890336368,QR,Electronics,UK,23.0,0.023710037020097306,0.09998688285050554,0,1
4043,441,189.73528519946575,Online,Travel,UK,13.0,0.11105459995166317,0.08853589050531335,0,1
756,535,110.81602404056889,POS,Clothing,TR,8.0,0.042496916904255305,0.15775136808702966,0,1
3951,924,442.7591149921742,QR,Electronics,US,2.0,0.1978782373213593,0.7650893326953387,0,1
869,714,14.36211024645937,Online,Clothing,UK,17.0,0.02447514303444253,0.1378955300412844,0,1
687,103,126.03719610248602,QR,Electronics,FR,6.0,0.12823313014279497,0.1179084664012034,0,1
6707,795,94.8575011721468,QR,Clothing,UK,8.0,0.030802834953929756,0.2736861095168549,0,1
4523,61,36.30287065128877,POS,Food,FR,20.0,0.46009037870192887,0.4832060026061477,0,1
1290,21,145.80535593960224,ATM,Food,TR,15.0,0.04940538829397115,0.12793626887218382,0,1
4660,975,272.08303433282924,ATM,Clothing,US,22.0,0.15673858772660135,0.18736435475106733,0,1
9930,68,121.93067700805025,QR,Electronics,UK,10.0,0.08475277655129448,0.06025745960833866,0,1
6267,498,338.40081798102034,QR,Travel,FR,18.0,0.04895688737398511,0.09297278957579014,0,1
4485,38,723.8726326620399,ATM,Grocery,NG,17.0,0.5683386186986017,0.6014124960214765,0,1
9368,525,60.404537158986585,POS,Electronics,US,21.0,0.12262211950401576,0.26183701032392753,0,1
596,308,29.879844456214787,Online,Food,NG,14.0,0.2987201723907403,0.25682451958514585,0,1
7286,545,8.831156733935899,ATM,Food,TR,16.0,0.024270634734438867,0.018049401571294317,0,1
690,661,106.29841783701515,POS,Travel,DE,5.0,0.36953901689125446,0.32786886621249367,1,1
7152,486,454.8389021573162,Online,Food,DE,5.0,0.35436743840951096,0.39727643545862124,0,1
4655,208,390.0087923309864,QR,Clothing,NG,19.0,0.8330046044210758,0.4408208319584815,0,1
6034,209,25.080387406581952,QR,Food,UK,19.0,0.03180576775729113,0.060444902834998454,0,1
908,474,107.88443233349832,POS,Clothing,US,11.0,0.08736731093160771,0.370742459629382,1,1
5007,437,560.8068310929915,QR,Food,US,20.0,0.239286620344161,0.7251188509987471,0,1
5440,833,9.802943034362267,ATM,Food,DE,10.0,0.011707933338055632,0.33527685561478576,0,1
5150,18,7.395467315283554,ATM,Clothing,US,5.0,0.14494611477421546,0.04648554325182567,0,1
2975,870,296.6732563070419,Online,Electronics,FR,17.0,0.4964949241643171,0.47827672128172,0,1
5659,206,53.348111127146474,Online,Electronics,FR,15.0,0.07321180582689024,0.47151396473429275,0,1
5502,658,180.56094528686359,Online,Food,UK,15.0,0.8019460518599388,0.43169073922653345,0,1
5087,199,78.74428807565062,POS,Grocery,TR,10.0,0.08990786006123856,0.26683798801777653,0,1
3678,525,25.01147672417422,POS,Electronics,US,3.0,0.32259783120190155,0.05436773670894383,0,1
3040,832,11.16361954281244,Online,Electronics,US,18.0,0.08091781412386702,0.07892309004306865,0,1
3594,278,706.5465974858363,ATM,Food,UK,18.0,0.11959891914391703,0.12311532083465929,0,1
693,842,48.463103672742285,QR,Grocery,TR,15.0,0.05500762311940125,0.08195485684486772,0,1
5484,136,0.0,QR,Travel,UK,14.0,0.09132356705913261,0.05895253416477208,0,1
2824,276,343.14323618732317,ATM,Clothing,DE,14.0,0.025567677366677755,0.08525363361139346,0,1
6510,730,408.27125794199696,ATM,Electronics,UK,22.0,0.45390594975567283,0.43304762302638766,0,1
2012,759,327.2013575633682,ATM,Grocery,DE,19.0,0.1619029533478636,0.062246939344780636,0,1
3480,690,12.463573639105638,POS,Electronics,FR,9.0,0.0931417996460846,0.009225554876997277,0,1
8395,226,255.07733338839236,Online,Travel,FR,4.0,0.44622023871913796,0.14461024931244043,0,1
9143,518,137.94012841728446,QR,Clothing,US,23.0,0.22620680292677323,0.16768574391501948,1,1
5463,830,0.0,POS,Electronics,TR,13.0,0.07683868970499858,0.08261602279734619,0,1
868,548,17.993159672528034,ATM,Grocery,US,11.0,0.059182312176092856,0.07738819976560553,0,1
564,56,142.45897245629934,QR,Clothing,FR,13.0,0.15221643789804926,0.09726088748871851,0,1
1096,44,9.602228341395792,QR,Electronics,TR,21.0,0.5939431465485153,0.25745821723946155,0,1
8053,122,52.5851554139336,Online,Electronics,FR,20.0,0.03618190898167144,0.20722434593716596,0,1
344,331,109.4827111914148,QR,Food,NG,20.0,0.04132467923050628,0.02234134044563077,0,1
7602,803,59.28609888314051,ATM,Food,UK,21.0,0.06004554712978866,0.04418258136344331,0,1
5876,303,27.711755531859513,POS,Clothing,DE,20.0,0.14018369696985264,0.07169335569913278,0,1
4136,236,62.05623266483438,Online,Electronics,FR,12.0,0.10855769878185627,0.3207106248276223,0,1
7241,462,5.61554425117406,QR,Clothing,FR,20.0,0.027075254758680358,0.03769860948612744,0,1
1914,136,414.72589072080683,ATM,Travel,UK,15.0,0.19863598912214836,0.10607941268715401,0,1
7354,465,388.98771475243456,ATM,Electronics,DE,2.0,0.059326158382169245,0.3848350118333,0,1
8558,495,68.89599040169077,QR,Food,FR,18.0,0.11328401957902247,0.08602567869168615,0,1
3389,521,82.47493130571294,POS,Electronics,FR,9.0,0.3311905047839725,0.02269420151010241,0,1
7527,350,29.773057756596963,QR,Travel,UK,18.0,0.04167953786737241,0.05169452157700751,0,1
9701,319,0.0,Online,Electronics,DE,21.0,0.03886147013542897,0.12563893928028516,0,1
4325,882,152.76282886583277,QR,Grocery,US,5.0,0.17634477774240717,0.05275620868386785,0,1
1186,257,75.82382110476169,ATM,Food,UK,9.0,0.03529749186704166,0.036145104697903975,0,1
6682,259,250.6349645990139,Online,Grocery,UK,21.0,0.2559243627116478,0.16841210220850292,0,1
9302,737,98.54965879645121,QR,Grocery,FR,19.0,0.20262713054003212,0.21333306340565003,1,1
6917,682,282.74204007790087,QR,Food,FR,20.0,0.05293387705079349,0.28932610810757947,0,1
3822,442,13.092423117617958,Online,Clothing,UK,14.0,0.022386123423392565,0.03770516381819806,0,1
1246,364,357.52684253721384,QR,Grocery,DE,21.0,0.4353917410944613,0.30997530735242323,0,1
9242,60,23.245223658001926,QR,Food,US,16.0,0.17807317920325721,0.014519866745366247,0,1
1257,856,305.6777685071434,ATM,Food,TR,20.0,0.257644751475851,0.28658245501441915,0,1
1309,708,30.431462259375618,QR,Electronics,DE,10.0,0.024075911397876414,0.15659425736773494,0,1
3581,456,86.60045772531905,POS,Electronics,DE,22.0,0.10551712449783199,0.5642181709382476,0,1
7349,606,89.95472569246562,Online,Clothing,UK,22.0,0.0946038366823444,0.19140696327460402,0,1
3593,816,23.524519475040762,POS,Food,UK,20.0,0.10004294912254971,0.12564960359402894,0,1
9591,77,70.15949471253074,ATM,Travel,FR,18.0,0.3150357301155177,0.2066526958160868,0,1
3189,802,337.4596878406445,Online,Clothing,FR,18.0,0.20655867803404548,0.14993523716939328,1,1
7347,369,13.319407168556996,QR,Food,TR,8.0,0.14421640383313514,0.08809461309908717,0,1
1223,888,10.527871673881629,ATM,Grocery,UK,19.0,0.3121130296997372,0.14043723994848967,0,1
9976,947,141.7404610535186,POS,Grocery,US,14.0,0.1566393725451796,0.05521648048190492,0,1
1875,223,122.39024299575203,POS,Food,FR,8.0,0.2693299645544267,0.3138128224766753,0,1
8681,804,133.47178921330348,ATM,Travel,DE,12.0,0.021215582534871064,0.23611634114651706,0,1
6131,737,26.90923619230552,Online,Grocery,UK,6.0,0.41945039454807737,0.17351619545089336,0,1
5867,660,87.50616833667192,QR,Electronics,DE,23.0,0.1416707874384643,0.26428729720742855,0,1
9367,807,37.1733977613029,QR,Food,FR,18.0,0.4234312969362902,0.17835781772650025,0,1
2393,320,62.657018136913976,QR,Clothing,TR,12.0,0.5403492753400301,0.09475571037264818,0,1
3197,667,68.89133131829928,POS,Food,DE,1.0,0.07437430013522808,0.031053478049597343,0,1
5832,364,131.49289616663629,POS,Travel,US,23.0,0.13812471027046197,0.2637083013697069,0,1
2614,863,239.14986408545823,Online,Clothing,DE,6.0,0.1257397034531566,0.3160400111289434,0,1
4780,478,98.39060920330962,QR,Electronics,FR,10.0,0.24651110932786788,0.10921685095540463,0,1
3884,861,104.7079716042012,POS,Grocery,UK,1.0,0.13721510012150348,0.43487133440210224,0,1
349,446,35.82259736328145,POS,Grocery,FR,6.0,0.12840705368278518,0.12293545544707574,0,1
3495,163,652.3887611695133,POS,Travel,UK,17.0,0.18978601077760407,0.16152523337363162,0,1
321,153,10.780001860472577,POS,Grocery,UK,22.0,0.04926371237728824,0.14208130058174567,0,1
4742,235,460.8039325262733,QR,Food,FR,16.0,0.11048351955584901,0.12343179589939823,0,1
897,912,492.08578729451796,QR,Clothing,TR,6.0,0.07884010377343743,0.055159624773404,0,1
3653,335,90.92125298593545,Online,Grocery,TR,23.0,0.05308160934284269,0.07096439289484624,0,1
8273,946,127.40730073383116,QR,Clothing,DE,12.0,0.020714215421268018,0.11909329054501201,0,1
2537,127,88.7906681414215,POS,Electronics,TR,14.0,0.030650795696236934,0.08335073456877098,0,1
720,338,19.47578881428821,ATM,Grocery,US,23.0,0.07013936441619292,0.05290687816344762,0,1
9766,456,201.64019912172188,ATM,Clothing,UK,19.0,0.2582778053516721,0.25605499135243676,0,1
3015,82,169.50957180989533,Online,Clothing,DE,11.0,0.11602071387944281,0.11441221784726073,0,1
9944,229,412.8388791525985,ATM,Travel,US,20.0,0.03273783254882514,0.39097665470097265,0,1
2444,114,87.59869991695977,POS,Travel,US,19.0,0.10130980928011382,0.32614526733326266,0,1
3524,868,134.05232118851433,Online,Food,US,12.0,0.24987003666101068,0.10665745181867307,0,1
9661,213,397.4877266598158,Online,Clothing,DE,21.0,0.21504242927247672,0.18280408940464565,1,1
4482,540,0.0,POS,Travel,TR,4.0,0.06964117052816851,0.016758592644634134,0,1
6467,56,69.79729109662378,QR,Food,FR,1.0,0.0943841094726227,0.2745082596891949,0,1
3379,719,80.5603628770873,ATM,Food,UK,13.0,0.2286794772672955,0.4199683825233063,0,1
4347,443,71.08212841989655,ATM,Clothing,US,16.0,0.06885164281758664,0.20137760640414745,0,1
2355,186,433.97509857614375,ATM,Electronics,FR,12.0,0.43687452093767215,0.10633560803720386,0,1
8046,790,23.97408371148093,Online,Grocery,TR,11.0,0.14328136233979175,0.20580193090533372,0,1
5101,370,36.547162629743184,POS,Travel,UK,20.0,0.2243735111404077,0.07422882936414621,0,1
2128,167,795.8082108414269,POS,Food,UK,20.0,0.2164557356140524,0.01438148251734608,1,1
