transaction_id,user_id,amount,transaction_type,merchant_category,country,hour,device_risk_score,ip_risk_score,is_fraud,month
2128,246,424.7652590586554,Online,Clothing,US,9.0,0.22574736078520533,0.2972206100358011,0,7
4851,559,70.13565573446773,POS,Grocery,DE,12.0,0.2702135880351484,0.18591798042632318,0,7
5250,307,170.02357446955855,ATM,Travel,TR,21.0,0.2952004505256959,0.10851848622854693,0,7
2385,167,16.46181691358898,QR,Grocery,TR,7.0,0.18167571812841524,0.12736955332934452,0,7
2648,517,153.49920922066534,POS,Food,FR,21.0,0.20213386855587165,0.20064146660693238,0,7
2474,517,110.82514483906137,Online,Clothing,UK,11.0,0.09321798210628912,0.30497689645939563,0,7
4195,192,53.59766704618379,ATM,Grocery,UK,16.0,0.1352535446856735,0.15884459355499808,0,7
2389,25,9.491456198535364,QR,Food,UK,23.0,0.09162165478590256,0.17753683362538974,0,7
8661,312,71.35464632545585,Online,Electronics,UK,5.0,0.5112410823567457,0.3602098512534137,0,7
5682,821,87.23484824434667,QR,Travel,TR,3.0,0.11350206865138843,0.13751873337828713,0,7
6028,481,22.181219348903554,QR,Travel,FR,16.0,0.06786836841882533,0.1843942047237046,0,7
7654,713,131.60894587023787,POS,Grocery,TR,15.0,0.06790448048436598,0.05501251732532993,0,7
892,154,38.52353154438204,POS,Travel,DE,2.0,0.10202877200160801,0.723792818452377,0,7
1256,663,326.55903572968634,Online,Travel,DE,12.0,0.4330089254615691,0.46576245340761624,0,7
342,804,447.7665451964226,ATM,Grocery,DE,8.0,0.35296669676430154,0.26426091103760957,0,7
8001,922,349.6648053355553,POS,Clothing,DE,10.0,0.14622653559953455,0.2196518659126788,1,7
3453,87,678.865565889408,ATM,Travel,US,7.0,0.31018388143050274,0.5078070935092367,0,7
9018,416,81.08480955605533,Online,Grocery,UK,20.0,0.1370391464888252,0.22905520424191514,0,7
9083,555,464.7483009678761,POS,Electronics,UK,13.0,0.7896691609111024,0.7865465158629845,0,7
3807,850,122.51178431580215,ATM,Travel,UK,18.0,0.2085921390961446,0.14504728819139384,1,7
965,627,482.0084984216885,ATM,Clothing,US,5.0,0.6095803473911791,0.4772975594878073,1,7
1771,918,20.517904229277654,QR,Travel,FR,8.0,0.07814142982744901,0.06327444712506353,0,7
8949,815,31.172701343906304,Online,Grocery,US,12.0,0.17886780341212707,0.15146499530046392,0,7
7003,228,384.1793322579041,POS,Electronics,UK,23.0,0.4812689278537591,0.13979242004918652,0,7
7111,912,12.752190453522594,QR,Travel,TR,10.0,0.08449311712743016,0.41035403577410545,0,7
8795,254,118.28213315001653,POS,Clothing,US,7.0,0.13908289797835421,0.43358779406001324,0,7
8544,964,136.53534926634683,QR,Clothing,TR,17.0,0.6321052790613693,0.20691195820537364,0,7
2295,479,41.67450347288225,ATM,Grocery,TR,10.0,0.08723781144667833,0.12341176261781003,0,7
4925,969,0.3255916417115263,Online,Clothing,TR,21.0,0.16353962459230906,0.226094788878195,0,7
6565,275,262.50414845357227,QR,Electronics,DE,10.0,0.34342162050960107,0.23528067057738553,0,7
8358,46,159.45748391299674,ATM,Travel,FR,6.0,0.2722588365963494,0.3063519250225755,0,7
7432,12,53.44588260868181,ATM,Grocery,FR,19.0,0.13787170306913027,0.22230642037030646,1,7
9955,507,75.57470523222246,Online,Electronics,UK,19.0,0.06318974937443045,0.10043198429390043,0,7
6382,816,346.09931933214006,Online,Clothing,FR,22.0,0.22768606522830034,0.36663919865296013,0,7
1865,946,94.28563489482086,POS,Food,FR,16.0,0.13910602998461039,0.31049770889533634,0,7
488,359,96.07425176747056,ATM,Travel,US,19.0,0.1324217561663337,0.1155814369647338,0,7
4419,636,56.482688685871224,Online,Electronics,TR,20.0,0.09799256612738,0.1191755269393799,0,7
807,100,16.63647103707587,ATM,Food,US,16.0,0.506798415313364,0.2254194347345541,0,7
8762,403,16.739274555697992,QR,Grocery,US,14.0,0.11793852128612498,0.15412423422078714,0,7
9849,851,122.69119233813957,ATM,Electronics,DE,16.0,0.15990606547671943,0.18971964201836541,0,7
4812,692,161.24649968969777,POS,Food,TR,15.0,0.1147044119203699,0.36159611889492377,0,7
5904,273,18.30210529384449,QR,Food,FR,21.0,0.2384362332768043,0.06510601289331562,0,7
5703,955,166.45504095491026,QR,Travel,TR,17.0,0.40318328258571406,0.06362467299871935,0,7
3132,661,24.06315161688354,Online,Electronics,TR,17.0,0.13752005502816222,0.15263432599606808,0,7
4079,956,16.206712208785326,ATM,Grocery,UK,23.0,0.20481512972505442,0.14592701963927035,0,7
3810,958,16.975162143594083,QR,Travel,DE,6.0,0.22038228058078585,0.19808326556326017,0,7
61,686,7.259949081355633,ATM,Travel,TR,23.0,0.06841269509254831,0.06038815970315287,0,7
8516,574,161.96507292657557,POS,Grocery,TR,12.0,0.1506879390667823,0.46207965644300353,0,7
3373,990,19.734889008002952,ATM,Travel,FR,18.0,0.09686324036241688,0.08597571682932417,0,7
7358,522,139.358608728035,Online,Electronics,UK,19.0,0.4431173028451551,0.361716874697066,0,7
6450,958,300.67171842522947,POS,Clothing,UK,6.0,0.16009143833065415,0.2792805899889229,0,7
2177,139,2.5668643069266457,Online,Electronics,FR,14.0,0.08082659157101985,0.16281537250213662,0,7
7023,757,75.87581631195604,Online,Food,DE,22.0,0.30879778366636784,0.08004554928691898,0,7
3696,937,19.955059423883093,Online,Electronics,TR,18.0,0.09805533358800507,0.12845667877763453,0,7
8649,9,323.3536967780818,ATM,Clothing,TR,13.0,0.3459769835552184,0.6444113387147554,0,7
2734,912,141.0615855568565,Online,Food,TR,14.0,0.24107945725844962,0.16183870745597456,0,7
2376,215,489.4558411015212,POS,Clothing,DE,19.0,0.6662994144601279,0.2669381595889991,1,7
5104,61,275.53430926837336,POS,Electronics,DE,21.0,0.18823695960259088,0.1558236018892683,0,7
1367,284,11.657006566660312,QR,Grocery,DE,4.0,0.11134908906022739,0.15135134235382725,0,7
393,942,44.134272900514006,Online,Electronics,US,22.0,0.12212539760581517,0.42739632238786424,0,7
4392,780,14.530559045331756,Online,Clothing,TR,21.0,0.11264195016838162,0.13143982643135754,0,7
5155,328,56.830905672528004,POS,Food,US,22.0,0.4963710516812259,0.3392319745466858,0,7
4375,571,69.58738337122955,Online,Food,DE,23.0,0.27652720431066896,0.42538776267185635,0,7
5325,395,63.50313037895032,POS,Clothing,UK,14.0,0.2231880291876793,0.4587110603159016,0,7
3969,693,330.3069314897328,QR,Food,DE,21.0,0.12496720026748999,0.3855403882205115,0,7
9867,48,25.337997563906146,ATM,Clothing,TR,19.0,0.17083556646544293,0.14817021669579367,0,7
7216,377,11.485493561354422,QR,Food,FR,8.0,0.07161514971891846,0.11586395273659965,0,7
5672,28,99.75557704946235,POS,Clothing,DE,16.0,0.1193289996606504,0.15629880324850406,0,7
9790,310,20.309302778000934,POS,Clothing,US,17.0,0.11361846341964504,0.18052682616922436,0,7
5790,991,134.57711201992925,POS,Food,UK,5.0,0.10007603891413899,0.5523454952765849,0,7
8482,493,13.924440397334237,ATM,Clothing,US,22.0,0.21023066420910524,0.47622821772975626,0,7
6349,967,71.30833557455138,ATM,Grocery,TR,22.0,0.2527796416918217,0.11496725419931239,0,7
5005,714,442.64664900374936,POS,Grocery,UK,14.0,0.1864822648764087,0.11572387341872017,0,7
5451,182,116.06954748668113,QR,Grocery,UK,20.0,0.4697902317788054,0.913081911378073,0,7
9990,64,18.539843819253853,QR,Food,UK,14.0,0.09526347366363969,0.10580885327598252,0,7
4253,9,2.450796457324308,Online,Electronics,FR,15.0,0.07237034207077989,0.1476520512819506,0,7
1573,154,5.277883022667389,ATM,Travel,TR,22.0,0.09226847039423045,0.06098567441321602,0,7
8190,564,52.540493477187404,Online,Travel,TR,8.0,0.20316095644331345,0.17121586862529686,0,7
5261,604,422.98814816670046,QR,Electronics,FR,10.0,0.1364153798470417,0.12618914349018912,0,7
2726,527,45.71820950929164,Online,Electronics,DE,16.0,0.12113540130747966,0.22571928403282113,0,7
4667,154,213.78809702612017,POS,Electronics,UK,23.0,0.16355053952228898,0.09282199552240658,0,7
5391,310,68.56833267739563,ATM,Electronics,DE,14.0,0.5945589257914037,0.44368616334256916,0,7
9614,960,71.42845256863309,Online,Clothing,TR,13.0,0.19557032571064556,0.1201838058074543,0,7
2417,389,12.402711615768636,QR,Clothing,TR,20.0,0.15215286538654432,0.3719793494954415,0,7
8242,213,77.49067714754814,POS,Food,US,21.0,0.22621518963645731,0.15860786501839044,1,7
83,685,11.507514307121859,POS,Grocery,DE,23.0,0.08938389734326857,0.12911895495090434,0,7
5922,537,87.34336119190233,Online,Electronics,DE,21.0,0.19816552746211982,0.35236274728037137,0,7
396,838,4.361097827436792,ATM,Clothing,TR,21.0,0.3371885337628618,0.23060184003028683,0,7
1261,295,79.20060475808683,POS,Electronics,US,14.0,0.297760211453018,0.32423439923541164,0,7
8160,229,1.0093894534920214,QR,Food,FR,23.0,0.4658014942261438,0.2232189017323039,0,7
6493,105,243.21912029119775,ATM,Grocery,DE,7.0,0.3940892868692577,0.3519711523185797,0,7
7923,624,54.20304653535844,ATM,Clothing,US,18.0,0.2060390321055969,0.06045957848945833,0,7
8706,325,493.79877826247827,QR,Grocery,US,4.0,0.283755436026512,0.5772470681323402,0,7
4614,234,243.45535584393795,QR,Clothing,DE,13.0,0.13756569895126872,0.16749962464933704,0,7
5547,535,748.7053731850513,QR,Travel,DE,10.0,0.13165201368560558,0.2511483378813792,0,7
8941,402,304.2603492339954,POS,Travel,UK,20.0,0.114502471426028,0.08686646751499189,0,7
1269,631,449.2990396776608,Online,Travel,US,15.0,0.151029207922244,0.15331332737489153,0,7
4290,30,42.533030775503626,QR,Electronics,DE,18.0,0.4994803954689547,0.073907176700787,0,7
2513,344,146.72066998080234,POS,Food,US,15.0,0.16546894237047366,0.16477199948265253,0,7
6880,693,166.18665888191674,POS,Food,UK,17.0,0.41364044869743577,0.23553511296483692,0,7
847,163,9.81622622092046,QR,Clothing,FR,18.0,0.4233040910149184,0.10297801356574446,0,7
9435,164,521.1781682013835,QR,Travel,FR,13.0,0.31985980405761877,0.26600412410683383,1,7
1084,53,584.4415270074205,QR,Electronics,DE,18.0,0.37833094128182654,0.38913308290455517,0,7
3745,211,29.350089888834802,POS,Food,DE,21.0,0.1829550944328716,0.16458487408791606,0,7
7479,633,75.92141531078279,QR,Electronics,UK,19.0,0.4099783247065795,0.20116166299231705,0,7
2093,450,13.393136199374013,ATM,Electronics,FR,10.0,0.06097982461051283,0.1371785991162025,0,7
2036,596,714.9900389054559,Online,Electronics,DE,13.0,0.5596522642518964,0.32322479242994956,0,7
5928,317,437.93700242676914,QR,Food,US,14.0,0.11467514954104498,0.09162639810652443,0,7
3845,9,288.12891057187176,ATM,Clothing,FR,7.0,0.5351953566954009,0.271714546859126,0,7
6588,442,0.0,POS,Travel,US,17.0,0.08814182187873965,0.08758659110371494,0,7
2270,572,4.250235913128111,POS,Electronics,US,9.0,0.09193053074869992,0.11040211377659156,0,7
540,313,0.0,ATM,Electronics,US,18.0,0.1539840682405488,0.09166560822530363,0,7
2235,782,236.9054860916477,QR,Clothing,DE,3.0,0.5431921215545646,0.15690470533118323,0,7
9950,717,3.4726933372908153,POS,Travel,US,9.0,0.13188124234052745,0.09452298030544098,0,7
9868,478,315.0064022597874,QR,Food,TR,18.0,0.12853351151755643,0.14770733606160696,0,7
7668,703,43.78573603507552,ATM,Grocery,FR,23.0,0.20964936009809954,0.10212691326047936,0,7
3260,605,82.60733576111171,POS,Travel,US,23.0,0.09098594691701535,0.11778619876090571,0,7
474,165,244.06949123144437,Online,Clothing,UK,15.0,0.3054770172025872,0.2270211972394321,0,7
8961,275,71.39353860299269,Online,Clothing,UK,17.0,0.08477633277401235,0.09725874604028371,0,7
9305,149,157.4529948698825,QR,Electronics,FR,13.0,0.4827576493661827,0.12081451864395427,0,7
2154,366,41.578083113718606,ATM,Electronics,FR,8.0,0.22880029406983204,0.3859664597672852,0,7
3340,625,157.0861267892516,ATM,Clothing,US,20.0,0.062125982885620094,0.06197477658719918,0,7
7435,729,116.637012037542,QR,Travel,UK,18.0,0.2159462516153961,0.35635060084972076,0,7
2800,966,36.33237002947009,ATM,Electronics,FR,15.0,0.12119039143089305,0.06159608206823507,0,7
5885,903,212.5792770354517,POS,Electronics,UK,20.0,0.4612471845167423,0.1839603082148311,0,7
3265,645,70.6515754632999,Online,Travel,FR,21.0,0.18287508324557994,0.24146655471059966,0,7
1787,143,188.07488187853755,Online,Electronics,US,17.0,0.40073316345956683,0.20949355749474288,0,7
9775,124,61.74023811054404,ATM,Travel,UK,14.0,0.2408067253484098,0.10784502849534804,0,7
8099,884,9.299840980650613,ATM,Grocery,US,17.0,0.11791528673162266,0.12453612612517614,0,7
498,277,619.4181213645454,QR,Food,TR,18.0,0.3281382053193805,0.3117627524510904,0,7
3946,260,173.74247210517174,QR,Grocery,UK,17.0,0.22667993573679282,0.19728799869402835,0,7
3534,740,48.105641559004695,QR,Food,DE,15.0,0.36894743245657274,0.13464064466009604,0,7
5509,46,865.7636413619072,POS,Food,US,17.0,0.12279418876401688,0.4356945100705176,0,7
9566,90,119.00444997762494,Online,Clothing,US,14.0,0.3201609969289874,0.11477096815397259,0,7
6561,598,134.57206487980633,POS,Electronics,DE,18.0,0.19967939977646007,0.15147898789176772,0,7
6345,299,162.3235370443516,QR,Grocery,FR,14.0,0.26762733162943286,0.22112612779774138,0,7
3828,793,121.88914877045761,POS,Clothing,US,23.0,0.12833540132700694,0.08830983212672554,0,7
1636,438,215.68426130425348,QR,Grocery,TR,3.0,0.23744912863882495,0.07272808315379425,0,7
3423,351,3.437649418661304,ATM,Electronics,DE,22.0,0.11997376194576742,0.06616209360617317,0,7
695,822,243.46604264904104,QR,Travel,US,22.0,0.06349344546003433,0.0662405347492254,0,7
1243,818,161.9913471145116,QR,Electronics,DE,14.0,0.1894813113212712,0.14458872482940463,0,7
9488,541,7.059278676181092,QR,Electronics,DE,13.0,0.09359714032786347,0.5415501852303352,0,7
1889,720,377.3746854800996,Online,Grocery,FR,17.0,0.19068800217644982,0.1072435990290657,0,7
9551,325,0.0,POS,Travel,US,18.0,0.12953815527715679,0.1963070211221675,0,7
6889,131,310.5248966181076,POS,Travel,FR,11.0,0.18995350702759878,0.4485539069079041,1,7
8362,186,37.248185802064135,ATM,Food,FR,9.0,0.2119925200835532,0.15625346414703123,0,7
7149,935,67.11672375984284,ATM,Travel,UK,5.0,0.12185597653931729,0.1740898127625965,0,7
4570,782,214.71721453608455,POS,Clothing,US,22.0,0.3325017956649641,0.14783410873367778,0,7
5453,206,512.0965813269078,ATM,Clothing,FR,19.0,0.3328465278285485,0.22526554325777856,0,7
3264,751,311.6760120781385,POS,Food,TR,9.0,0.2541971659365081,0.10823059604813104,0,7
5935,455,78.49193528825911,POS,Travel,DE,22.0,0.1194301390478193,0.281405360863784,0,7
3106,482,13.234120597526122,ATM,Food,FR,13.0,0.06314647200153736,0.09072460689982084,0,7
7010,943,55.36443174467973,Online,Food,UK,3.0,0.11767191070845284,0.21791013073906595,0,7
7281,316,311.40208302830524,POS,Food,DE,8.0,0.3806855579452323,0.11753850343982558,0,7
29,51,96.07573942210448,QR,Travel,FR,11.0,0.1763964822785832,0.14353840065588272,0,7
6191,52,147.48131306701677,ATM,Clothing,FR,7.0,0.8241955401963759,0.3524635238444994,0,7
5531,98,22.20752689073295,Online,Clothing,US,9.0,0.162033705998555,0.06725723537606196,0,7
7508,896,2.149996629504006,POS,Grocery,US,17.0,0.08038371991893804,0.22434448039948302,0,7
6740,699,232.68779811389263,QR,Travel,UK,15.0,0.12066739822195116,0.06109811942584669,0,7
5954,261,5.0203285708540335,POS,Travel,TR,22.0,0.21034127914882325,0.11526805617530685,0,7
721,994,254.72174714747163,ATM,Electronics,TR,15.0,0.06437724709662496,0.08699900445373429,0,7
4939,882,162.6199181880542,QR,Electronics,DE,16.0,0.20468278803976797,0.19217711960725925,0,7
5760,616,70.43130489430665,ATM,Food,UK,13.0,0.5356093860750281,0.2561369972608733,0,7
1382,408,109.18324710679579,Online,Clothing,TR,8.0,0.3645791492214005,0.33844373297378966,0,7
3488,153,86.2084443077498,POS,Electronics,FR,16.0,0.31136170982296485,0.10912674313397107,0,7
9739,170,23.216216091030542,POS,Grocery,FR,17.0,0.13952630071663993,0.17843063928265376,0,7
8510,600,32.75638803725772,Online,Electronics,TR,17.0,0.183932972332794,0.11285331187248424,0,7
3895,392,545.4092808689252,Online,Electronics,UK,19.0,0.6075527083734976,0.6757876875859196,1,7
6474,186,53.973283174661695,ATM,Electronics,UK,19.0,0.12288368021871265,0.12822961616842782,0,7
2292,877,361.4556205931703,QR,Electronics,TR,6.0,0.13454219060819717,0.2153055885317759,0,7
1238,281,5.747177910047284,POS,Grocery,FR,15.0,0.1618206983000316,0.07544753409771146,0,7
2056,690,0.0,Online,Travel,US,20.0,0.13261356224740103,0.12069130941913328,0,7
8023,843,43.65415864584379,Online,Food,UK,18.0,0.2060662976002264,0.08537167874671961,0,7
4699,147,138.80464794683317,Online,Travel,FR,15.0,0.31620236601028523,0.28286096184737725,0,7
9606,444,6.383394006336852,ATM,Food,FR,6.0,0.07061726058735728,0.10779074678877043,0,7
1167,722,278.2352206765319,POS,Electronics,TR,22.0,0.17930930630671366,0.33038341742858524,0,7
8358,193,23.974801995415536,Online,Travel,FR,20.0,0.13567078610464234,0.1515341839258305,0,7
3856,926,391.9696279368515,QR,Grocery,DE,6.0,0.6167707628824711,0.1150319688667131,0,7
8427,862,33.34956149077872,QR,Clothing,FR,16.0,0.11076382314990993,0.07875471194081646,0,7
1861,26,23.0489457251132,Online,Clothing,NG,15.0,0.4786011776606017,0.155812898825307,0,7
3533,604,165.32616052965446,QR,Electronics,UK,18.0,0.20329023327276977,0.16491766253992066,0,7
6858,308,189.44501626696476,Online,Grocery,FR,16.0,0.3412844091567978,0.08695587936036449,0,7
7195,254,143.36629957656567,QR,Grocery,FR,6.0,0.3172175696170483,0.17519754189823517,0,7
7337,208,0.8976679379620309,ATM,Travel,UK,13.0,0.17414208120524302,0.1642193940575628,0,7
2562,825,231.7790468114552,Online,Travel,FR,23.0,0.24313228725355748,0.08157955338455244,0,7
3797,702,35.174491380620125,Online,Electronics,US,17.0,0.4217656817015273,0.20376736797167597,0,7
2361,485,142.28917074128708,ATM,Food,DE,5.0,0.3281336061369788,0.22101257186508902,0,7
4345,838,18.99009621840576,POS,Grocery,DE,17.0,0.14183385095654727,0.07360520549295076,0,7
9011,481,105.61899414968981,POS,Grocery,TR,23.0,0.25871883672260887,0.08303627779392458,0,7
377,234,78.05381139539908,POS,Travel,US,9.0,0.17586364280030414,0.2474558310706272,0,7
4817,938,26.057195268756875,QR,Grocery,UK,10.0,0.2985111398806952,0.10057212268746993,0,7
1621,255,97.13274519036797,POS,Food,TR,22.0,0.3048467514705255,0.13431186250018148,0,7
7945,333,41.56603664309837,POS,Food,US,21.0,0.10403657481870963,0.5305963967243764,0,7
9288,383,577.4016291466254,POS,Food,DE,6.0,0.2413961524739896,0.47539190759259087,0,7
5941,388,28.29724893877966,POS,Electronics,US,14.0,0.16194269807938147,0.16324872394429907,0,7
4823,548,62.87202578420349,ATM,Travel,US,23.0,0.24749889383974877,0.3650379615736653,0,7
455,170,166.10061637297247,Online,Electronics,UK,14.0,0.15328368807754034,0.09419057525713534,0,7
3726,118,158.91162092189734,POS,Food,FR,2.0,0.22731058843310364,0.38072040240239774,0,7
9906,635,141.412946069721,QR,Food,TR,19.0,0.16123935579047627,0.17916737864666232,0,7
844,584,46.44836176796239,ATM,Electronics,FR,16.0,0.18197170746669825,0.26171431999284733,0,7
5889,374,116.45608469957926,QR,Electronics,US,22.0,0.11819865231258828,0.0843592817623364,0,7
9118,991,137.21700840900073,POS,Food,FR,18.0,0.49461795648772044,0.5641387519677358,0,7
6074,951,139.41319393149624,QR,Clothing,UK,6.0,0.2947684533673039,0.27218438910867265,1,7
9451,246,40.472552261259324,ATM,Food,TR,12.0,0.17197051492225485,0.08565561867654665,0,7
8602,253,4.584598365713456,POS,Grocery,FR,9.0,0.06701720629038248,0.15225685554747934,0,7
9579,510,28.89510902879894,QR,Travel,DE,12.0,0.5011129702013315,0.23481983484776597,0,7
1229,540,266.6807419958907,Online,Grocery,UK,20.0,0.17629735264361385,0.26430459962877184,0,7
293,715,376.62448784918513,POS,Food,UK,2.0,0.47542463634043297,0.19770909159346933,0,7
862,699,362.7131053343136,QR,Food,FR,10.0,0.09922989871549626,0.22029223668558517,0,7
1515,374,173.99566264459725,QR,Food,FR,11.0,0.09921083216484117,0.16903443968947435,0,7
6832,155,6.3002764336161,POS,Clothing,TR,19.0,0.1017551132948391,0.1491786308008621,0,7
747,479,346.950409822311,Online,Electronics,UK,17.0,0.6888270636131223,0.6892062190447015,1,7
160,82,316.862032361824,QR,Grocery,UK,18.0,0.6152364233365911,0.32221527547113016,0,7
4380,195,433.11936545764286,QR,Food,US,1.0,0.16524317786869755,0.22052012416920233,0,7
6376,954,10.659318729560956,ATM,Electronics,US,17.0,0.1891178228847328,0.13067560896850816,0,7
1550,890,420.2450725775772,ATM,Food,FR,6.0,0.4818676602661774,0.3005545281520423,0,7
9443,228,154.5845522727328,POS,Travel,FR,15.0,0.27913325325364996,0.15002586563988868,0,7
32,554,10.43335204130908,QR,Grocery,FR,7.0,0.289579688402589,0.17827084124489306,0,7
2318,415,209.26635444293802,ATM,Food,US,6.0,0.14027612417793067,0.11252214117353412,0,7
7808,686,35.15950462683727,Online,Clothing,TR,15.0,0.2209447389263528,0.2843623738205327,0,7
5137,573,492.15926564834047,ATM,Clothing,US,20.0,0.08014404416135995,0.1041686543357018,0,7
588,521,79.19528535240337,POS,Electronics,US,5.0,0.16794245432228638,0.2463606396533931,0,7
2805,494,537.6495304403243,POS,Electronics,US,18.0,0.30952383952003476,0.5510480847363574,0,7
7556,202,338.9818159394638,ATM,Electronics,DE,15.0,0.4399658123336594,0.4622816122474188,0,7
5892,9,30.743426719069465,Online,Electronics,FR,17.0,0.16425916200854307,0.2340231984418562,0,7
884,54,266.21327560410583,POS,Food,FR,18.0,0.16342969446174366,0.2031516886915166,0,7
5377,25,14.35759687255872,Online,Grocery,DE,13.0,0.16487198946376255,0.529538629092413,0,7
2374,171,506.8030476489955,ATM,Travel,DE,8.0,0.22376339425515707,0.4978483806144538,1,7
5494,768,9.961272473182905,ATM,Travel,FR,2.0,0.09933933467142762,0.07565726658975153,0,7
6422,168,25.401685162819987,QR,Grocery,TR,17.0,0.37675854133807996,0.4901031139723624,0,7
9092,802,99.08158097283952,ATM,Travel,DE,23.0,0.0704021513326851,0.20040599763319916,0,7
8502,603,16.797236035329306,POS,Electronics,UK,21.0,0.2797901250059918,0.4367400600309309,0,7
4102,59,124.36917086032982,Online,Food,US,9.0,0.1724799194288895,0.14629795384914804,0,7
9708,672,12.620024916963079,POS,Clothing,TR,22.0,0.20790314873891935,0.2253360567791195,0,7
4265,521,118.2122905778816,QR,Travel,DE,21.0,0.4819218229524182,0.28981440832769184,1,7
9309,975,38.332589441922025,QR,Electronics,UK,11.0,0.3652034373832822,0.34915988311937063,0,7
8041,176,269.1395116684865,POS,Electronics,FR,11.0,0.2661653228614837,0.2923782782295253,0,7
4807,595,79.03926724356133,POS,Electronics,DE,15.0,0.13850808813430113,0.21130049095121,0,7
5950,379,120.81493499409203,QR,Electronics,FR,18.0,0.23996065322847418,0.28269672167127136,0,7
6355,190,110.80471703174076,QR,Travel,DE,23.0,0.17301603584146752,0.1005035065888581,0,7
7356,605,111.82345126803348,QR,Travel,DE,13.0,0.10337743831909582,0.12038995332377349,0,7
979,378,100.28759197586776,QR,Travel,TR,20.0,0.8949656936478406,0.283163032159073,1,7
1168,67,177.11572566386326,Online,Electronics,FR,21.0,0.4145356262860292,0.2537428338824263,0,7
9272,616,418.56247121842614,POS,Grocery,TR,18.0,0.27582595293215445,0.3354950086853438,0,7
8241,565,40.33082947666126,ATM,Food,FR,23.0,0.0867979682203843,0.13608559562762473,0,7
2726,390,77.17096529288196,QR,Travel,FR,12.0,0.2326830089942192,0.28338180761115817,0,7
8592,924,3.683724065577133,ATM,Food,DE,9.0,0.2443739689999509,0.08578763327278757,0,7
1648,442,163.29063078239164,Online,Grocery,US,17.0,0.29095571427467604,0.12140893170290126,0,7
5460,530,137.86112388396586,POS,Clothing,UK,10.0,0.15479769477359612,0.1971073409341639,0,7
5275,385,0.6063976406888845,Online,Food,TR,15.0,0.194928649572748,0.14775760861686474,0,7
5715,839,526.9901750069008,POS,Food,FR,15.0,0.22994619312085102,0.08156559342290148,0,7
7830,478,20.54358810834757,QR,Clothing,FR,14.0,0.11228464605904329,0.19550453142076762,0,7
4378,957,211.8267106820941,Online,Food,UK,15.0,0.17784613470936605,0.25111516606084944,0,7
2291,873,757.190560617468,QR,Food,TR,14.0,0.24093503224522825,0.15121715371817368,0,7
7719,665,29.292733849920424,QR,Clothing,DE,11.0,0.25831152513225036,0.14792405983097517,0,7
2591,682,389.9040002007362,Online,Clothing,TR,12.0,0.2833908632436627,0.16265024917296697,0,7
2482,862,188.91319780288072,ATM,Electronics,TR,8.0,0.3288031868064127,0.42569796799385523,0,7
1467,451,2.328231876583134,QR,Food,DE,20.0,0.14279692232232732,0.08797133578134271,0,7
3236,109,6.988736093919682,QR,Grocery,TR,18.0,0.11190569041335754,0.087372801876439,1,7
5055,891,0.8050617748982738,POS,Food,TR,18.0,0.5994912826106383,0.32541402485876925,0,7
7564,526,88.47632037335705,POS,Travel,DE,22.0,0.06474362954168085,0.20338181558280524,0,7
3639,455,42.23566571622765,POS,Clothing,DE,7.0,0.42606615470292764,0.2996868323776055,0,7
5609,690,70.13068328205532,ATM,Electronics,UK,15.0,0.32440387517093744,0.13767493563283958,0,7
6393,251,288.59864456566163,POS,Travel,TR,6.0,0.1630946729042888,0.07375924278713714,0,7
9434,215,193.414582834558,ATM,Grocery,UK,12.0,0.09651806371387103,0.06367883964118295,0,7
3723,240,10.707661348719258,ATM,Travel,TR,18.0,0.190231254681978,0.41166042565870287,0,7
3852,965,23.448384965533066,QR,Travel,US,20.0,0.09313661251614697,0.34848912437995505,0,7
5028,420,44.11161891032634,POS,Food,FR,8.0,0.17697408846021667,0.3689672544031248,0,7
1992,172,84.07463004838355,QR,Clothing,FR,9.0,0.2130881575823972,0.10592889668494422,0,7
8115,583,28.679600836080994,QR,Travel,DE,22.0,0.09409317357240585,0.23873548923369645,0,7
5919,879,318.1809855596639,QR,Clothing,UK,12.0,0.19899556118946155,0.44033152098336525,0,7
2129,642,442.4612277385843,POS,Clothing,FR,15.0,0.28029900846327266,0.20562135277081867,0,7
1572,984,128.59684030406052,POS,Travel,DE,18.0,0.4448725524988432,0.32324762382986727,0,7
7730,226,36.48132618707196,ATM,Travel,TR,22.0,0.08521624051775886,0.168721598084724,0,7
6853,852,111.0723151180609,QR,Electronics,TR,15.0,0.08169050345071813,0.19323224762194724,0,7
628,587,112.54623644088244,QR,Food,FR,20.0,0.4724377643203831,0.2825800908992278,0,7
6805,551,13.39074704305624,ATM,Food,UK,5.0,0.12995268323023343,0.1498791014890092,0,7
9780,935,318.69860496427367,POS,Food,FR,18.0,0.1464789961321272,0.37612282669365643,0,7
8172,271,68.63627409823866,Online,Clothing,UK,17.0,0.20877495428324372,0.21284332503452888,0,7
9079,137,201.87816645622456,Online,Clothing,US,21.0,0.8179012622897405,0.5180181152544336,0,7
7911,206,7.917999593024455,Online,Grocery,FR,6.0,0.10740134327902406,0.44119649962896684,0,7
705,546,309.73118456062434,ATM,Food,TR,9.0,0.07821516104105669,0.2558463330523972,0,7
4871,755,244.87598418536479,POS,Clothing,UK,22.0,0.25102549583939937,0.46351291945825707,1,7
8845,838,174.10319350116546,ATM,Grocery,TR,22.0,0.18999239000119097,0.19313311470308814,0,7
8797,223,23.963625530943613,QR,Electronics,TR,20.0,0.21727606518976875,0.16021402979008983,0,7
5578,275,5.165856868063237,POS,Grocery,UK,21.0,0.12999348978392533,0.1729565499300422,0,7
7183,836,114.95714722738097,POS,Travel,DE,15.0,0.13286599458210838,0.39260112142150183,0,7
6907,287,368.9062603105722,Online,Electronics,FR,18.0,0.2441656414973944,0.2931164337487193,1,7
2160,228,70.16972029318237,POS,Travel,FR,20.0,0.17111172969941219,0.06709306130953341,0,7
175,681,123.5089905315051,ATM,Clothing,TR,10.0,0.23518889022906708,0.115403843211872,0,7
6484,281,249.9778841894592,POS,Electronics,UK,9.0,0.5459259718865198,0.5218790395057229,0,7
1590,210,585.8679012708951,Online,Grocery,US,12.0,0.4172509635003133,0.1876669191770734,0,7
8881,803,70.84978008644664,POS,Grocery,DE,13.0,0.18682185716340285,0.12415986647958997,0,7
5651,289,820.6790168025782,POS,Travel,DE,12.0,0.5030580521449581,1.0,1,7
8495,100,111.51851770891562,Online,Clothing,FR,10.0,0.335169292727703,0.10437800754403267,0,7
2417,870,57.815490845561875,Online,Clothing,TR,5.0,0.20842807326390916,0.17559410641936257,0,7
3630,14,81.10654678836916,Online,Food,TR,10.0,0.19785788271123628,0.08557588019377783,0,7
1116,326,912.4960347414825,ATM,Travel,UK,17.0,0.43409407993341764,0.356144228539908,0,7
6425,177,488.6445172961392,POS,Electronics,TR,18.0,0.3239809791107161,0.29372339764197053,0,7
5739,130,30.749142928740405,ATM,Food,DE,6.0,0.06021477085411851,0.06590981358031996,0,7
3312,555,448.61761493527496,ATM,Travel,TR,21.0,0.30970387068468264,0.19251294173845251,0,7
7249,440,161.70653639923034,Online,Grocery,UK,5.0,0.5706627234017494,0.9024100762820396,0,7
8432,646,470.82547053973724,POS,Clothing,DE,13.0,0.25679273819723736,0.38981451311425125,0,7
3562,197,1237.8610338549731,ATM,Clothing,NG,8.0,0.3327860642158282,0.52303100528091,0,7
422,902,120.14845907643536,Online,Food,US,21.0,0.3265281204261405,0.1761216999900409,0,7
5591,10,341.0385299167148,POS,Grocery,UK,9.0,0.1773970973129601,0.14304004594152023,0,7
557,374,661.9925631485293,QR,Travel,DE,8.0,0.14312639035933739,0.25942596523759764,0,7
4001,731,131.1219833333861,ATM,Food,DE,22.0,0.0999549845001671,0.1268804921657602,0,7
3073,491,485.1002255328869,QR,Electronics,FR,22.0,0.35668455090980916,1.0,0,7
1343,617,376.07368300563655,ATM,Food,DE,20.0,0.1724397946313838,0.11101133225382614,0,7
7154,409,54.715182432964966,ATM,Electronics,UK,18.0,0.16985561606624905,0.28337947603248925,0,7
3834,263,0.8243903635502527,Online,Grocery,DE,19.0,0.08920405071725632,0.08529367482516124,0,7
3797,903,53.070891709278044,ATM,Food,UK,23.0,0.2558171754894687,0.095313530638423,0,7
1265,136,184.21726210640907,Online,Clothing,DE,18.0,0.12015690944718795,0.549677212020328,0,7
4037,275,133.0182970113321,ATM,Grocery,FR,17.0,0.150252982165483,0.12427045568844954,0,7
5672,178,962.5769320252496,POS,Food,TR,8.0,0.424892559080422,0.24784063159101766,0,7
6848,896,35.745374275630304,ATM,Food,UK,4.0,0.2794237857231374,0.2641873666492214,1,7
2909,792,24.088156395768493,ATM,Electronics,FR,22.0,0.13045884673952432,0.060091689261849636,0,7
2932,581,120.48740952496624,ATM,Grocery,UK,11.0,0.18833831292146913,0.20849800475267433,0,7
9870,378,8.114147337895599,ATM,Food,US,4.0,0.18652914184029837,0.3239264385701426,0,7
6178,432,249.38616189684822,QR,Clothing,FR,11.0,0.18427519469758635,0.48568989521295186,0,7
3854,498,507.67023345677507,ATM,Travel,US,21.0,0.17237766699919682,0.10653109728564941,0,7
3266,478,451.54792205504697,Online,Food,US,22.0,0.18828866936364727,0.0955934935174634,0,7
395,717,49.40170629244593,QR,Clothing,DE,18.0,0.17001296800086332,0.1526016138534796,0,7
1577,359,401.33607296477,POS,Food,DE,14.0,0.14168217678266543,0.22039808917808906,0,7
4839,228,6.756880835630442,QR,Travel,FR,21.0,0.11385686108433621,0.09624281159365257,0,7
509,603,181.13551817333703,Online,Travel,TR,18.0,0.14950761965307952,0.1548257494810655,0,7
2728,281,12.255377844253353,Online,Clothing,US,12.0,0.235708120225962,0.42264159254337635,0,7
2848,748,363.8570697860855,QR,Grocery,US,3.0,0.6815186376250949,0.3384139032285803,0,7
2427,252,12.883500852523191,ATM,Food,DE,22.0,0.07446438562095187,0.3451348954146175,0,7
4694,77,94.36295471774737,POS,Travel,UK,21.0,0.1310966407330188,0.3697336050523059,0,7
7110,875,506.53182633146713,ATM,Electronics,UK,14.0,0.21341570329381376,0.17732642742058546,0,7
1376,711,235.06700993613003,QR,Grocery,DE,8.0,0.7003656604115136,0.12012999225792939,0,7
4206,894,495.86962104005266,ATM,Travel,TR,14.0,0.24485053193653367,0.17665564007695514,0,7
3378,280,1151.122081090083,Online,Food,UK,14.0,1.0,0.659782927707687,0,7
3860,677,161.78868839509207,Online,Electronics,UK,13.0,0.41318897815522004,0.2676953607595249,0,7
5079,617,99.59036686170336,Online,Travel,UK,20.0,0.32783603438486786,0.1521567826347628,0,7
5416,562,95.65754148535378,QR,Food,DE,9.0,0.35071534463765,0.12102362187543211,0,7
4880,366,339.7746187994569,Online,Grocery,US,12.0,0.1831974728820958,0.37338024547891674,0,7
439,191,130.58747957587428,POS,Grocery,TR,14.0,0.39411442285370285,0.20885188980022057,1,7
2720,148,146.57766631281453,ATM,Clothing,UK,3.0,0.5040598813576015,0.4509187827990655,0,7
5284,759,70.13262359067105,QR,Grocery,FR,5.0,0.16163513016778902,0.2590449859989802,0,7
721,888,51.129361437563475,Online,Grocery,TR,23.0,0.06371593299022105,0.10204099422184001,0,7
2746,649,294.6518867472606,ATM,Clothing,FR,10.0,0.07338145680080076,0.1783653564774014,1,7
7751,259,639.1406187932455,Online,Food,DE,5.0,0.4324801127503527,0.18109823460943444,0,7
8890,500,40.13355070076894,QR,Travel,US,19.0,0.08389347911748171,0.09944759593413018,0,7
8895,698,409.6598874595916,POS,Electronics,UK,5.0,0.1591251571292202,0.3805736721197274,0,7
8972,865,161.7436124809404,POS,Grocery,DE,15.0,0.38063748921351775,0.0840709641013046,0,7
8093,883,265.6025522447817,POS,Travel,DE,18.0,0.17714634606082838,0.22447820348830613,0,7
2943,894,462.8285791741408,ATM,Electronics,US,17.0,0.3992722854783985,0.25629991369405164,0,7
6726,266,71.26740310681447,ATM,Electronics,FR,10.0,0.14929224766129762,0.15668824318405888,0,7
8655,693,288.9839623329695,ATM,Food,UK,7.0,0.5853061344696846,0.684102963487335,0,7
7022,85,270.15123482284804,POS,Electronics,DE,6.0,0.2215119369906783,0.20758536846148362,0,7
8120,67,30.83819031048604,Online,Travel,UK,12.0,0.6104229980759178,0.32135895617905913,0,7
3874,106,428.95145990114503,POS,Grocery,FR,22.0,0.39082866643663394,0.2408561206408811,0,7
6448,852,274.6980610808065,POS,Food,US,14.0,0.1998184621447558,0.14573398950765928,0,7
2313,310,156.86053197192578,POS,Food,UK,19.0,0.13819883314840162,0.11633062957081011,0,7
4874,54,7.872829490235897,QR,Clothing,FR,23.0,0.2870540333845446,0.33722402348550684,0,7
562,484,61.62593926487099,QR,Food,FR,19.0,0.27910079019820183,0.2478625570975715,0,7
2185,548,265.52013911181365,POS,Food,US,14.0,0.25188392944003024,0.2505719431708199,0,7
8708,697,737.1719609836357,POS,Travel,UK,22.0,0.30942956598321925,0.4079201619413608,0,7
2908,127,114.17151289249077,QR,Food,DE,22.0,0.1323403448904678,0.2843840623085154,0,7
9697,708,521.9208322781159,Online,Clothing,UK,20.0,0.3904772517924823,0.19260784973086692,0,7
2825,425,61.122133314472585,ATM,Travel,FR,20.0,0.0950504870544693,0.19776957766330688,0,7
744,461,285.63425638482795,Online,Travel,TR,18.0,0.06805169225999726,0.0985802488820089,0,7
1709,521,75.98686782134861,Online,Electronics,DE,6.0,0.12034762494262793,0.09842824743425588,0,7
2878,113,134.82717170760188,Online,Electronics,UK,14.0,0.1932612756857039,0.08678059688532819,0,7
3757,495,108.2150507440457,QR,Grocery,US,13.0,0.1352885912900295,0.1074553034066906,0,7
9854,592,13.997738034588169,QR,Travel,DE,23.0,0.19110383520145738,0.09918036756246057,0,7
9077,831,346.5990380389159,Online,Grocery,UK,19.0,0.2193861233035142,0.3184293686517433,0,7
8049,254,7.535857272972052,QR,Electronics,TR,12.0,0.27576009989358347,0.06388214472966382,0,7
5522,63,6.094726267853542,QR,Electronics,FR,14.0,0.14707985583400707,0.0818781491681142,0,7
5681,172,72.545049182541,QR,Food,DE,8.0,0.30683098580627544,0.33154541423913775,0,7
8459,583,41.880052906966895,Online,Electronics,DE,18.0,0.14460182657080273,0.13946664957685323,0,7
8109,403,85.0333328488583,POS,Electronics,TR,13.0,0.17366981560673983,0.06801582451492272,0,7
9549,332,499.68672287956707,ATM,Grocery,UK,2.0,0.2716920765553117,0.5569493025704146,0,7
8803,959,143.15853353031406,ATM,Clothing,US,8.0,0.20661278523558108,0.12177646722640417,0,7
9708,72,41.39760120268729,QR,Clothing,US,7.0,0.23065740135768711,0.4507670785280006,0,7
3515,438,198.08445544904632,QR,Food,DE,20.0,0.07619721619150349,0.11091310833646975,0,7
8757,76,11.077798612576258,ATM,Travel,US,22.0,0.08617795630475322,0.10069652748306274,0,7
1769,292,20.639760314953985,POS,Grocery,US,4.0,0.12921015392034693,0.10751655847188943,0,7
5099,117,93.39564212839949,Online,Clothing,DE,16.0,0.16067773613290726,0.12078870793468116,0,7
2364,868,110.12049618691807,POS,Travel,TR,10.0,0.11726871917464246,0.09012242864581188,0,7
87,25,503.3643797655934,Online,Food,US,12.0,0.07246834397974042,0.2187992485990048,0,7
9241,427,83.65472546365915,Online,Grocery,US,17.0,0.1394053121759044,0.06052234924952456,0,7
6987,443,310.1593652846738,QR,Travel,FR,15.0,0.41879628315308354,0.1668884261071804,0,7
2835,473,497.16784361414193,QR,Travel,FR,3.0,0.4364341559208662,0.386634931623501,0,7
9351,652,27.574207716944304,POS,Travel,US,21.0,0.14976108446068792,0.19106383575552796,0,7
8297,322,29.990677493932985,QR,Travel,DE,10.0,0.0795976776709566,0.1596499774257924,0,7
9635,86,53.48709955668442,ATM,Clothing,US,22.0,0.09001903020610263,0.41047069614244,0,7
2361,330,28.74516139772551,POS,Clothing,UK,12.0,0.1904871186708811,0.4182121009358072,0,7
1255,537,11.630667011640453,ATM,Clothing,US,22.0,0.2937799835606665,0.27973017408190887,0,7
1524,731,12.813727663037323,POS,Food,FR,22.0,0.11009742260454283,0.37964464026302264,0,7
1668,439,67.21760380611566,Online,Clothing,TR,19.0,0.5443800553399845,0.11549779965465978,0,7
5671,766,463.9056611171098,QR,Travel,DE,20.0,0.35389185205559387,0.4603892438105673,0,7
9287,84,45.597370784044244,Online,Clothing,DE,15.0,0.15859982029774833,0.12789986573127932,0,7
6146,830,110.77187414544372,ATM,Travel,TR,13.0,0.3771956872015512,0.17516642001452387,0,7
1891,638,11.007452258017125,ATM,Electronics,NG,23.0,0.08011464331220239,0.12126319535056154,0,7
4968,586,390.9216072863971,ATM,Food,US,18.0,0.654689665246226,0.1062919473513046,0,7
4672,778,1204.3695749574601,Online,Food,FR,19.0,0.7774581426353806,0.3413106273980966,0,7
1141,169,509.0970811003747,Online,Electronics,DE,19.0,0.41220530399019534,0.15561630335994503,0,7
7700,828,161.6072743448871,POS,Food,UK,11.0,0.21086892373360394,0.16498336946406408,0,7
1103,910,47.56955944463199,POS,Food,UK,17.0,0.13633706774936658,0.14941216050078188,1,7
4082,894,47.75049538098735,ATM,Food,TR,11.0,0.10388403040625811,0.1623261884408661,0,7
249,114,525.1078072588706,POS,Electronics,DE,18.0,0.8488515056968674,0.4711106059255484,1,7
1592,444,27.405175671058814,ATM,Clothing,TR,22.0,0.1691379959926153,0.24640254364635408,0,7
2246,572,620.8650526245866,QR,Travel,NG,5.0,0.17106979032766437,0.24765192785055995,0,7
2529,368,147.49896793473107,Online,Clothing,DE,4.0,0.0933577087779773,0.1732128199437209,0,7
5520,21,228.50997526922174,Online,Electronics,US,2.0,0.38727845690940865,0.2085607178654239,0,7
5158,731,1.2831724083728413,Online,Grocery,DE,13.0,0.09827062086875582,0.12440167713060868,0,7
1055,869,461.5343775047541,POS,Grocery,US,14.0,0.2575930143747641,0.30356441687553937,1,7
5391,497,515.451801942144,Online,Travel,DE,18.0,0.23799188074055203,0.19195982112073173,0,7
1033,863,629.168215234897,QR,Electronics,DE,13.0,0.3373478786977193,0.47775299756882084,0,7
4409,869,34.51286297416193,QR,Travel,UK,9.0,0.2946883594635889,0.1848153912548495,0,7
1986,567,1.419738840459619,QR,Electronics,UK,16.0,0.24065014416914965,0.09062561434997728,0,7
7675,40,314.0822315020838,ATM,Clothing,FR,15.0,0.5767634446387259,0.34985830908116544,0,7
8482,103,1244.1404847271515,ATM,Food,TR,21.0,0.28159101374787465,0.28088849760320067,0,7
4637,633,24.087602287667917,POS,Grocery,TR,20.0,0.5843884023206728,0.22566483326197026,0,7
1324,728,412.01693411050826,QR,Electronics,DE,9.0,0.20530590881338168,0.7188107366236888,0,7
9315,143,105.97222714021053,POS,Travel,UK,14.0,0.12037739299715458,0.1577388944792229,0,7
6076,772,151.36838233666552,ATM,Grocery,DE,19.0,0.5508376035581399,0.20697771705665646,0,7
8010,608,13.15454164026681,POS,Grocery,TR,22.0,0.28131935602356684,0.5836603768821691,0,7
6872,595,21.437646571895957,QR,Electronics,UK,19.0,0.14420325150216423,0.12515661959961877,0,7
4372,753,18.860824737485483,Online,Electronics,DE,19.0,0.1807615028588775,0.20200989173010767,0,7
1534,395,19.51522436265348,POS,Clothing,FR,12.0,0.3731213571042774,0.13728221029619297,0,7
6938,621,11.409128331501435,Online,Travel,UK,10.0,0.3810168901613691,0.5082024989715431,0,7
8635,142,9.124742881819955,Online,Grocery,UK,11.0,0.5615022918085096,0.3253291634869104,0,7
8612,110,402.8134335249339,POS,Travel,FR,21.0,0.10336319338979177,0.3178000660892365,0,7
4703,320,297.5597172428037,ATM,Food,DE,18.0,0.3220571018621775,0.41552335322601364,0,7
3194,254,326.7898791270618,Online,Food,DE,22.0,0.6685065123371048,0.4527477641423033,0,7
4207,731,189.0041466754926,Online,Grocery,FR,7.0,0.1207130159547476,0.09155593994392014,0,7
4371,185,58.0079197128057,ATM,Clothing,US,17.0,0.46238345785629603,0.5616294413172578,0,7
1346,334,649.2176705567772,QR,Grocery,DE,13.0,0.16464029033044497,0.5575451902241848,0,7
282,939,25.92419312479492,Online,Clothing,DE,23.0,0.2489731724593265,0.11928508547320585,0,7
4441,53,403.79022729621994,ATM,Electronics,UK,20.0,0.18568800921378475,0.15563103399622344,0,7
3835,830,459.071665471581,Online,Electronics,FR,8.0,0.18935628899142284,0.32031656769565464,0,7
8057,551,28.391008869705505,Online,Food,US,12.0,0.27459687675607986,0.09399479383239809,0,7
8894,792,136.2927446642074,Online,Clothing,DE,23.0,0.4257178958669265,0.7427519366093968,0,7
9721,900,111.06799934973884,Online,Clothing,FR,21.0,0.19380958122728595,0.5164315185253092,0,7
9343,919,50.2145862579174,ATM,Clothing,US,15.0,0.15943976429867154,0.08488567780069153,0,7
7985,756,18.68304823644273,POS,Clothing,FR,16.0,0.15919703675096875,0.2332915718248697,0,7
5761,996,177.32242603406846,QR,Travel,DE,20.0,0.35252267732019105,0.2736460422174243,0,7
3640,884,15.981056742710251,POS,Clothing,TR,12.0,0.18471982268781145,0.3635920249263668,0,7
826,294,300.54031637037247,QR,Clothing,UK,4.0,0.23650987015068886,0.4891812488755694,0,7
406,6,131.96404200922012,ATM,Clothing,DE,20.0,1.0,0.28806291244006144,0,7
460,620,91.20931473050176,POS,Grocery,FR,20.0,0.2729946138209971,0.4433542541129774,0,7
5496,206,180.97897338870175,ATM,Food,FR,10.0,0.20303278185241339,0.19146377497115052,0,7
2854,432,158.6703710381903,ATM,Food,FR,2.0,0.3362042210752756,0.20736562065645653,0,7
6961,378,217.022021363776,POS,Electronics,FR,7.0,0.34450699336984897,0.11601230652154526,0,7
9133,325,39.75327306800557,Online,Electronics,FR,20.0,0.1484796482314547,0.20612848550987828,0,7
7200,780,586.1436124825456,ATM,Clothing,US,18.0,0.33287773172416063,0.6699222567169846,0,7
9093,609,48.788136434474104,Online,Food,US,23.0,0.4263602460305987,0.4261406816064136,0,7
1262,630,251.01980581437266,QR,Electronics,UK,11.0,0.16271174270546251,0.2007544176833911,0,7
298,731,197.6243824941431,POS,Food,DE,18.0,0.24841287859809433,0.4268727885708043,1,7
6566,452,142.51389682803176,POS,Clothing,UK,17.0,0.14661750035558183,0.24601055886395806,0,7
6183,128,89.147315620518,POS,Electronics,FR,3.0,0.15239923618181653,0.2841861432984018,0,7
4339,441,49.346895061717866,ATM,Food,US,8.0,0.10194868157231543,0.22962427513090725,0,7
4690,134,573.928813672208,Online,Grocery,UK,14.0,0.16725740368337327,0.4627806880698429,0,7
8080,294,62.85801785513779,POS,Grocery,TR,9.0,0.18751884780669528,0.08609749619880751,0,7
4084,56,133.81672616292659,POS,Grocery,DE,20.0,0.4903017154002257,0.29530891614394633,0,7
6709,683,402.35349291146235,POS,Electronics,US,18.0,0.12209211876243675,0.11043967355625078,0,7
5467,903,146.3636468446452,ATM,Food,TR,10.0,0.1627097881522697,0.09006837903825879,0,7
6018,519,58.395907425159876,POS,Food,FR,7.0,0.2578913206075868,0.4406777980258999,1,7
5738,799,152.58135380509873,POS,Clothing,DE,14.0,0.30178579547238377,0.39923150894569526,0,7
5585,889,110.27026588207507,ATM,Travel,FR,21.0,0.06476657188158919,0.2185528171924618,0,7
6990,334,176.48819431875293,ATM,Electronics,TR,15.0,0.12878450204712083,0.1560625291099756,0,7
4639,897,543.3023882232793,POS,Grocery,US,10.0,0.4134820372099257,0.20572624640023796,0,7
9316,663,461.73334825812407,ATM,Electronics,FR,9.0,0.13370998566774703,0.12256472083767556,0,7
4943,843,319.2146511268375,Online,Grocery,UK,10.0,0.28500468214535474,0.28235526804237854,0,7
6025,764,80.78287561101554,QR,Electronics,FR,20.0,0.7822876212122033,0.35888326736053167,1,7
8376,990,10.99769359611187,ATM,Electronics,UK,9.0,0.13983539527014435,0.1967064458649117,0,7
4606,591,15.46275787380355,POS,Electronics,DE,4.0,0.3827144879695027,0.1516348193762186,0,7
5166,777,21.558128954041088,Online,Food,US,21.0,0.12407387819369561,0.17295680248356343,0,7
6513,910,419.58437833941827,ATM,Grocery,DE,16.0,0.20987304797764567,0.21371018105303588,0,7
5299,319,308.8072710934776,ATM,Grocery,US,7.0,0.15892004472830018,0.09424211679701053,0,7
7359,999,50.99319139987223,QR,Electronics,FR,15.0,0.1202762918216081,0.2137098110261855,0,7
3118,952,281.93424642821674,QR,Travel,US,22.0,0.29962073789091176,0.11639918086842593,0,7
4572,574,18.26914267600325,ATM,Clothing,UK,14.0,0.06207632325351424,0.16588558891314745,0,7
3992,520,65.13948463776637,POS,Clothing,UK,12.0,0.2282621709321303,0.13761838994724854,0,7
9916,130,221.0698966666982,POS,Clothing,US,16.0,0.3957329804729429,0.19466581405397423,0,7
9942,409,36.92606134110239,QR,Food,TR,23.0,0.13110828879965658,0.07404132506898504,0,7
255,462,56.513963022240404,POS,Food,TR,18.0,0.2643135527392059,0.34388068592810106,0,7
397,919,38.661046287255814,Online,Food,FR,11.0,0.3257439168115858,0.21237872080070275,1,7
1223,935,0.8056882991853493,Online,Electronics,DE,19.0,0.23816381984901272,0.10822730210050797,0,7
2118,609,4.481468649300929,QR,Grocery,FR,6.0,0.1246707551986691,0.07826752164084522,0,7
1924,731,33.079142696825414,QR,Food,DE,9.0,0.44503115109184166,0.2044551101129955,0,7
8953,492,466.7561851942368,ATM,Clothing,UK,8.0,0.424372201493617,0.2019390957949918,0,7
8222,790,357.9153433280829,QR,Grocery,TR,20.0,0.08867142911607123,0.37620540090362997,0,7
5386,402,254.15511815814588,Online,Clothing,US,21.0,0.15284342355185557,0.5017938795168789,0,7
6152,896,1.5028394958829407,POS,Food,DE,4.0,0.27063372171328315,0.32010333154226517,0,7
1934,511,89.13765667065648,QR,Grocery,TR,16.0,0.14883728440677685,0.10959685564532634,0,7
1586,738,34.099654961400105,QR,Clothing,DE,20.0,0.1975247656595822,0.1697901431749948,0,7
2789,379,162.12774709674937,Online,Clothing,US,11.0,0.08348072331979184,0.18960381313498173,0,7
1359,941,59.823993974563564,Online,Grocery,TR,22.0,0.11939515270511644,0.11769040579032075,0,7
4780,463,9.299618103304102,POS,Travel,FR,21.0,0.1941553858537695,0.37497259216738915,0,7
5013,444,51.6186245188273,POS,Grocery,FR,20.0,0.2750214936860078,0.06569538256412343,0,7
3738,267,251.43819576095547,ATM,Food,TR,8.0,0.6918429089255481,0.49059672449508845,0,7
9910,818,245.64556439268134,POS,Travel,FR,3.0,0.4027948685128076,0.36699168639315627,1,7
924,640,48.595958095271,POS,Clothing,TR,18.0,0.09597081327788365,0.09790920427084089,0,7
1918,554,156.16207312274108,QR,Electronics,UK,14.0,0.14584682591583076,0.1612681472897458,0,7
404,451,56.624270600644586,QR,Grocery,FR,11.0,0.19132725238094192,0.09263998184925043,0,7
2797,104,18.751578352231565,POS,Travel,UK,11.0,0.16226902695083179,0.21732382051944568,0,7
8091,674,30.840565317074034,QR,Clothing,FR,21.0,0.5588047717456397,0.15876202659567581,0,7
1325,375,1051.4201541130265,QR,Travel,US,19.0,0.09647464801729294,0.1250589482380176,0,7
7235,622,30.15349024243854,QR,Travel,UK,19.0,0.07682646168959134,0.10771332294988606,0,7
6422,893,5.43323891691028,Online,Travel,US,13.0,0.079700426609319,0.09422874961845458,0,7
1598,655,277.69848536871785,ATM,Grocery,UK,7.0,0.2063942742655044,0.28899596834084385,0,7
9927,59,65.01015208604257,POS,Clothing,FR,21.0,0.15095515483937105,0.19144023289689563,0,7
4571,287,204.16721726679415,QR,Electronics,TR,6.0,0.5006221031506356,0.14332661160695073,0,7
5342,39,505.73114204968147,QR,Electronics,DE,2.0,0.13206588482713538,0.26235599632883033,0,7
6840,838,305.9248257223955,Online,Clothing,DE,5.0,0.43681449506000863,0.6348720100935337,0,7
4226,791,398.02546098905714,ATM,Electronics,DE,15.0,0.25902031588429303,0.20104132984533188,0,7
5082,415,820.0346480696335,ATM,Travel,TR,22.0,0.5678704743507705,0.11922667761155203,0,7
9063,912,104.7529702757321,QR,Electronics,TR,3.0,0.06704727630363491,0.08187451905620646,0,7
4377,260,752.7456001522141,ATM,Travel,DE,21.0,0.4721592686804958,0.23437078981643852,0,7
4742,846,4.42568815937317,ATM,Food,FR,19.0,0.10057374406002921,0.10673810589040628,0,7
7775,157,38.61421881770343,ATM,Food,US,12.0,0.3893848390173627,0.07851562561910519,0,7
7551,805,0.0,QR,Travel,US,21.0,0.37039612896757323,0.16818611924968724,0,7
5945,125,23.74385033933367,ATM,Food,DE,12.0,0.15466368769917166,0.1279278685933385,0,7
4768,110,6.907840608787691,ATM,Travel,DE,20.0,0.05653161892712608,0.1495050072156744,0,7
6790,180,972.6152547231546,QR,Food,TR,20.0,0.6587513271141504,0.17806289004806816,1,7
5352,547,111.22609848965982,ATM,Grocery,UK,15.0,0.20922491137754617,0.23353561708693546,0,7
7178,467,170.3166258446159,Online,Grocery,FR,11.0,0.05971675847780939,0.29088160744917485,0,7
5778,466,241.0734222255349,POS,Food,UK,14.0,0.32676168851499693,0.34872103153862755,1,7
8122,389,0.0,QR,Travel,FR,12.0,0.06738679202404929,0.11375467341440323,0,7
9073,37,274.002710459315,POS,Clothing,UK,5.0,0.07759476614778926,0.5934623485004795,0,7
4970,129,48.53305395299455,QR,Travel,FR,11.0,0.32801479119774296,0.2784959304402524,0,7
4817,884,69.21705481057023,QR,Electronics,TR,17.0,0.08214351214854491,0.1445167707238418,0,7
9134,391,79.25533254037171,POS,Electronics,DE,22.0,0.5252620461393012,0.4325443998472165,0,7
5529,263,7.688737703654274,ATM,Travel,FR,19.0,0.32088068847129275,0.1422690084552553,0,7
3207,299,123.36765840767775,Online,Clothing,FR,16.0,0.14460537002770238,0.14675002499208584,0,7
1747,749,116.99414765963886,QR,Food,DE,11.0,0.12605081138344673,0.08172995927585444,0,7
3920,374,35.35757680450336,POS,Electronics,UK,19.0,0.7739990654844132,0.15022949223183035,0,7
6406,405,20.340944825651587,ATM,Travel,TR,21.0,0.11059416061342346,0.14161168550448638,0,7
8226,235,33.05847421771563,POS,Clothing,US,14.0,0.10565654991005005,0.2982330351230651,0,7
7512,185,1392.1316334219387,ATM,Electronics,UK,16.0,0.2287776748058813,0.24637486014709542,0,7
3033,502,27.536562241096263,POS,Clothing,TR,16.0,0.38596988139678856,0.3822378032642777,0,7
5733,285,130.88353297269876,Online,Food,UK,12.0,0.44457973432198294,0.10909414991923588,0,7
2866,896,153.92135739460736,Online,Travel,TR,6.0,0.20299107398807154,0.406559296821204,0,7
3445,36,80.34190458660564,QR,Clothing,FR,10.0,0.39261118076669527,0.09244289085684873,0,7
4499,196,53.58279835161914,POS,Food,US,8.0,0.14299680372389345,0.2467791521187585,0,7
6701,618,293.82926632676345,POS,Electronics,US,18.0,0.4308834762430281,0.37923507845469034,0,7
6487,618,9.880840990048135,ATM,Travel,TR,9.0,0.2797670859509297,0.0713202360643224,0,7
4177,896,151.22059687060448,ATM,Grocery,FR,13.0,0.15680599177243834,0.169738581310513,0,7
3553,663,14.840916589974022,Online,Electronics,US,18.0,0.06312391359138393,0.09982686430511153,0,7
9094,972,277.97647371516905,ATM,Travel,FR,18.0,0.07769464723176342,0.10643351276127615,0,7
3893,613,260.9640905420268,Online,Food,FR,18.0,0.23969351206729342,0.30259643863547964,0,7
973,92,402.79750986010237,QR,Electronics,US,18.0,0.2600075488868912,0.22901524892610198,0,7
6480,17,59.93772451318708,POS,Electronics,FR,8.0,0.1367218045106362,0.2718567086292196,0,7
3236,755,3.985225610528503,ATM,Clothing,FR,23.0,0.23281475769190282,0.06372850250102143,0,7
5214,146,124.20564866334645,POS,Grocery,DE,5.0,0.18928044128389185,0.30701095914479226,0,7
8767,92,119.30670740269566,Online,Clothing,US,22.0,0.44322430921973077,0.7557090563915229,0,7
4780,637,0.0,Online,Travel,TR,22.0,0.07645758650310872,0.06444290343096848,0,7
9323,659,27.56273104696824,Online,Grocery,UK,10.0,0.3089452541474069,0.21013635320651824,0,7
2339,550,186.922118914438,QR,Grocery,US,17.0,0.2277745494356191,0.33091797803204487,0,7
6071,519,59.55357415436433,QR,Clothing,TR,15.0,0.2711297954223205,0.1686229739028993,0,7
5675,786,19.90323674907102,ATM,Food,DE,16.0,0.24014680074683006,0.20819274618406028,0,7
1333,111,4.599768202111914,QR,Travel,US,16.0,0.2682253555698942,0.1809922681699774,0,7
695,680,548.2499590567057,ATM,Travel,FR,21.0,0.2303536323185646,0.7371336626559248,1,7
7017,638,155.0785693092755,QR,Food,FR,22.0,0.3284999388347391,0.20187151569614178,0,7
7520,758,105.06231396280559,POS,Food,TR,23.0,0.05965037311495456,0.15390738146898122,0,7
3544,304,0.0,Online,Grocery,TR,19.0,0.12247278174254056,0.1284417073796242,0,7
7956,12,261.7584779840324,QR,Clothing,TR,23.0,0.08559553429914202,0.15889671814433715,0,7
6675,244,71.9118800414331,POS,Clothing,DE,17.0,0.6174082963846305,0.10603449840937842,0,7
3446,380,1106.593776135437,QR,Food,US,22.0,0.2243085575717948,0.21281216425048982,0,7
1649,586,168.98664096048708,Online,Food,US,15.0,0.5460537794897686,0.3515551526569024,1,7
4620,325,6.100161370081876,POS,Clothing,TR,19.0,0.05702444487816027,0.08724338996174186,0,7
6997,441,325.4001455947801,ATM,Clothing,DE,21.0,0.5067528073561547,0.17605226054536377,0,7
7000,559,41.61023774593997,ATM,Electronics,US,21.0,0.21050639245052868,0.2961962191800386,0,7
7165,710,802.6869944968074,Online,Travel,TR,13.0,0.5861214342068397,0.42808785318460796,0,7
2923,430,261.0172791219991,ATM,Clothing,FR,23.0,0.36395232939299665,0.35419787432339284,0,7
4254,960,233.3999397515381,QR,Food,TR,21.0,0.18996305756892484,0.09036282511293153,0,7
8455,728,115.20740005980298,QR,Grocery,FR,13.0,0.18802366695706016,0.14767467380746735,0,7
6021,231,18.46060229065619,POS,Food,FR,15.0,0.07514253591432499,0.12080362011217022,0,7
5245,219,701.3729480604146,Online,Electronics,US,19.0,0.4299403231247442,0.27693986348754074,0,7
9272,512,157.29738087771938,Online,Travel,UK,11.0,0.3797377304193753,0.20071518565132618,0,7
2070,527,215.81915761169725,POS,Clothing,US,20.0,0.6117253595390546,0.16938876358346133,0,7
1194,687,18.001501855831503,Online,Food,US,11.0,0.07378895796194623,0.3300182672236444,0,7
2906,676,353.41216396441433,QR,Food,TR,15.0,0.05776867883223218,0.16056116576528995,0,7
4734,107,85.5924557323196,Online,Electronics,US,16.0,0.6907621944843416,0.2313100356093491,0,7
9200,725,26.962905230772776,POS,Travel,NG,16.0,0.10711579428967155,0.28670341065557703,0,7
9889,687,150.46993163748695,ATM,Grocery,US,19.0,0.20018215665741568,0.3353058607291074,0,7
4653,883,50.929490872224434,Online,Food,US,10.0,0.308640173865993,0.5772803107821604,0,7
8464,11,272.2925322219753,ATM,Electronics,UK,12.0,0.15193840515475132,0.3065168102992346,0,7
5975,267,213.53034623946647,QR,Grocery,FR,8.0,0.325651204099891,0.5608679673651031,0,7
208,89,566.3443734108965,QR,Grocery,FR,11.0,0.2999789964091172,0.195810338122828,0,7
5998,713,38.232419943607134,Online,Electronics,US,7.0,0.16932212118381068,0.06988904923337115,0,7
5724,555,227.52437164965582,POS,Travel,FR,22.0,0.1381998031599176,0.16181891882444327,0,7
8674,211,323.18977090111014,Online,Food,FR,16.0,0.13534437572093416,0.304183130861963,0,7
264,333,448.24813259600296,Online,Travel,US,18.0,0.20282864794979502,0.21300503030525061,0,7
1284,765,190.47227173473846,Online,Grocery,TR,5.0,0.3394766883723775,0.20657946188312915,0,7
6326,428,104.7280951511787,Online,Food,DE,18.0,0.12713910626480013,0.24978824308702155,0,7
78,993,28.36347269915916,POS,Food,UK,20.0,0.09187200717310198,0.1161638973263952,0,7
5774,949,262.8574501638102,QR,Electronics,TR,15.0,0.09162327212975875,0.10161512854293575,0,7
1985,125,308.1036085480336,ATM,Travel,TR,13.0,0.12556171237961583,0.19233901278829696,0,7
2673,902,206.28650808390535,QR,Grocery,FR,22.0,0.17105328398971112,0.15226038070137457,0,7
5499,850,1.600134265577017,Online,Food,US,16.0,0.09904436166065306,0.08758104407621395,0,7
9991,447,103.31946570753531,POS,Electronics,FR,10.0,0.18687441670507818,0.16756219224572,0,7
2877,600,77.99430113959372,QR,Electronics,US,9.0,0.17146988179057704,0.21678444412934375,0,7
9549,625,184.73061558992256,ATM,Electronics,UK,19.0,0.2767622008593303,0.09419947263971144,0,7
5835,862,1.0527141867569272,QR,Clothing,TR,17.0,0.18861982455015447,0.1445508144755859,0,7
9242,316,610.3209688299376,QR,Clothing,TR,18.0,0.35366093007274,0.30656205327850283,0,7
9603,138,39.76872672434733,POS,Electronics,TR,8.0,0.175917352151267,0.1302473187631375,0,7
3720,419,673.6148739192672,QR,Travel,FR,22.0,0.6885170131434248,0.7115384926530408,0,7
4572,896,143.5357817282255,ATM,Electronics,DE,11.0,0.5361834715976199,0.1046995849638981,0,7
7325,926,478.6256124078523,Online,Food,FR,17.0,0.3493223595994127,0.19688727208849405,0,7
7136,31,452.85204895849967,ATM,Travel,DE,20.0,0.24482472907249017,0.5569841398570529,0,7
4251,719,96.58500176981258,Online,Food,FR,18.0,0.14270738200972075,0.323431339265756,0,7
3899,884,39.75723141400545,Online,Clothing,FR,19.0,0.5531837211682679,0.2557231388148236,0,7
299,67,571.3993289082667,Online,Clothing,TR,17.0,0.4696230146129796,0.3044893770727659,0,7
9867,420,138.01118696430513,ATM,Travel,DE,21.0,0.36993726207761485,0.15688458080989745,0,7
6651,843,47.6435236724721,Online,Clothing,FR,14.0,0.19167202954548215,0.10856997708218341,0,7
693,618,188.34997804155202,QR,Grocery,TR,15.0,0.3939422014184377,0.17782196286803115,0,7
1861,591,616.5662325574475,POS,Travel,DE,8.0,0.1594530547141864,0.18897266146325198,0,7
5981,273,5.176606424358028,QR,Electronics,DE,18.0,0.12029850021960312,0.1907756755469015,0,7
4600,197,171.87846829593454,QR,Electronics,DE,15.0,0.4806282259802186,0.834530066282522,0,7
9603,223,31.794645428478578,Online,Grocery,UK,14.0,0.08072304955947351,0.19150063530750713,0,7
8925,600,290.0677627781727,POS,Clothing,US,17.0,0.3710033313400922,0.23456649250882272,0,7
6285,31,152.29563900214285,QR,Clothing,UK,15.0,0.6313216527755163,0.46630878147980676,0,7
2916,715,110.78895727884783,POS,Travel,UK,23.0,0.2746367716384264,0.18322354347321507,0,7
9934,119,631.8569476816019,POS,Clothing,TR,15.0,0.4951415336409272,0.23473085158910278,0,7
409,381,188.3382628566137,Online,Travel,FR,19.0,0.1699957137481531,0.32362983826094516,0,7
6892,208,496.26309672032033,QR,Grocery,DE,3.0,0.699525327214333,0.48573096205025784,0,7
7888,574,145.6958307019176,ATM,Grocery,NG,13.0,0.08916364828253523,0.1561015081173739,0,7
257,637,452.04687024856685,POS,Clothing,FR,20.0,0.08201280244074868,0.28276150273118517,0,7
8389,773,9.748160679620117,Online,Grocery,UK,8.0,0.24729321721027442,0.28336783414560385,0,7
8001,536,132.38800002903506,QR,Clothing,US,6.0,0.09428748676715074,0.12398865967964014,0,7
9614,175,62.4637714997809,ATM,Clothing,FR,5.0,0.8074999772531337,0.22327533375322228,0,7
4974,991,131.7081765059761,ATM,Electronics,UK,15.0,0.22345629310359943,0.7521188752263054,0,7
5511,735,288.0214612379478,ATM,Electronics,UK,3.0,0.1190335592971027,0.09354193027681404,0,7
1003,810,99.19581609643221,ATM,Travel,US,11.0,0.09004350033939097,0.13299305604560904,0,7
3034,718,1.6714043042411406,Online,Grocery,UK,3.0,0.18887888278073015,0.17073750147146177,0,7
6931,863,174.59801566399292,QR,Clothing,US,7.0,0.4786498543750266,0.43101042156776276,0,7
8260,991,89.64577779036988,Online,Electronics,DE,17.0,0.20708442512569902,0.08165334802147439,0,7
1018,220,83.35417992008337,POS,Grocery,US,12.0,0.336706997662039,0.14355845811687595,0,7
5280,868,720.0126921545263,QR,Electronics,TR,16.0,0.2831092633142254,0.21282100962432993,0,7
4986,600,100.26318255944953,POS,Grocery,TR,15.0,0.3368295383648706,0.4476397258854693,0,7
5776,929,185.44797840468422,QR,Travel,TR,13.0,0.38478907020528785,0.2665270256173501,0,7
6054,78,12.883177495948441,QR,Travel,FR,15.0,0.11046268184952189,0.1663523976682657,0,7
7377,208,24.646417142221978,QR,Travel,UK,11.0,0.09741912205528021,0.12026997160890915,0,7
5301,970,15.332907028979708,POS,Clothing,FR,22.0,0.05877127245549604,0.06536481676086993,0,7
6168,496,187.09184163620836,QR,Grocery,US,22.0,0.623063689841933,0.4626467071090491,0,7
3190,198,28.82235083020995,ATM,Food,DE,12.0,0.13427021431461214,0.12552997469077748,0,7
4028,197,305.8100236942031,POS,Grocery,FR,3.0,0.13177801434658526,0.33170397138925944,0,7
4419,722,191.33405511373667,QR,Clothing,UK,11.0,0.32819996012336394,0.3955624311848879,0,7
1460,466,0.0,POS,Travel,TR,21.0,0.08661117850216155,0.19078222957821095,0,7
1900,738,86.65720897645224,Online,Travel,UK,22.0,0.212995608730146,0.4418640700829319,0,7
6781,485,627.0668087321973,QR,Clothing,US,7.0,0.39851652885903216,0.27394414356541874,0,7
578,601,0.22319083774739212,QR,Electronics,US,12.0,0.14622158963761003,0.08886088926569194,0,7
2585,992,848.7076818707773,POS,Grocery,TR,19.0,0.178578118970683,0.47027292147988026,0,7
4714,537,344.54145249852496,ATM,Travel,FR,22.0,0.17860907962335823,0.09909199634629273,0,7
6526,294,13.911929374367817,ATM,Clothing,UK,23.0,0.13799828465206065,0.11113675726299616,0,7
981,966,34.160359439394796,Online,Grocery,UK,18.0,0.368767875297368,0.2571704843134138,0,7
372,120,3.7900561945389946,Online,Travel,DE,17.0,0.11416512899076775,0.1008491440227732,0,7
173,504,55.275725766522456,ATM,Clothing,US,18.0,0.2131730837971124,0.08277587849374891,0,7
7115,689,0.0,Online,Food,FR,13.0,0.09356973589653916,0.06281624919777709,0,7
9729,490,17.643066255870906,Online,Electronics,UK,19.0,0.3937401802657322,0.40369125604023826,0,7
5442,856,24.857245076373857,POS,Electronics,UK,21.0,0.05664291772531813,0.12902748133004732,0,7
4865,195,42.521169717794855,POS,Electronics,UK,21.0,0.11813901080669849,0.20191248365932968,0,7
8415,518,172.42266220881737,QR,Electronics,FR,19.0,0.06072996182315082,0.18005978580578033,0,7
7555,427,28.808354971710443,POS,Food,FR,16.0,0.23967179459396568,0.14535614406789857,0,7
6117,255,34.32082067962377,POS,Travel,FR,11.0,0.16159716833938303,0.3264837492643516,0,7
2448,223,163.2098785562084,Online,Electronics,UK,19.0,0.10558694094931945,0.15446331364006954,0,7
9243,693,83.91027689545741,ATM,Grocery,UK,14.0,0.24612793113419656,0.19571144883356711,0,7
2180,948,132.39461749512776,QR,Electronics,FR,17.0,0.5489799193655379,0.8987022819144145,0,7
9098,43,144.57919275633682,ATM,Food,FR,5.0,0.1451016956587451,0.08935997229227918,0,7
8392,618,77.16513875352082,QR,Food,DE,14.0,0.3195684355335835,0.16579394778274614,0,7
6533,697,99.56790091783797,POS,Travel,DE,14.0,0.1449922544395519,0.14660362176939834,0,7
8367,313,301.9489000802708,QR,Electronics,TR,19.0,0.37938924362860704,0.5460119426584508,0,7
2198,400,168.00069271406159,ATM,Clothing,TR,9.0,0.09785667598732024,0.10037991731724188,0,7
6612,682,367.0954276250151,POS,Electronics,FR,9.0,0.3132874626733331,0.5619516141074058,0,7
3969,803,368.85231735411304,Online,Travel,DE,6.0,0.2843021802441875,0.3324336721971233,0,7
202,150,754.4361946569012,QR,Travel,US,10.0,0.14998573976018023,0.36174579519153827,0,7
2022,659,72.5127640919464,QR,Food,TR,22.0,0.22589318099961211,0.07035068716495345,0,7
5072,255,318.2739588294198,Online,Grocery,US,12.0,0.4750958420362563,0.2099453857953467,0,7
9183,149,430.7156585634471,QR,Travel,NG,20.0,0.18928428034226236,0.35653359211460717,0,7
8310,727,0.0,ATM,Clothing,DE,22.0,0.17044085541726967,0.20555534529877176,0,7
5899,204,67.96431089440554,QR,Travel,TR,18.0,0.06072532858951055,0.2649076005622975,0,7
8129,79,86.82326838717533,QR,Grocery,TR,14.0,0.5523664587150976,0.30799271823047963,0,7
8580,321,170.06064686702268,QR,Food,US,22.0,0.2931570142402363,0.3557362643904561,0,7
3272,113,14.559376703983169,POS,Electronics,DE,23.0,0.44762547525127444,0.14435355418622922,0,7
2791,994,116.71697673934447,Online,Food,FR,9.0,0.2039373824530289,0.0819594330548161,0,7
603,871,78.3075322898303,QR,Grocery,FR,23.0,0.18241244395747003,0.06018171367613503,0,7
8146,620,1049.9309930701038,QR,Food,DE,2.0,0.28555308784051847,0.1909111722097657,0,7
1455,672,151.94681242271426,QR,Grocery,DE,8.0,0.45593238111308826,0.35321701622487606,0,7
7270,803,332.86663296795956,POS,Electronics,US,21.0,1.0,0.49161897773525326,1,7
356,411,140.9987201313145,QR,Electronics,TR,7.0,0.16362139241281254,0.08003422896952705,0,7
1283,914,268.80355286734016,POS,Electronics,DE,10.0,0.07976654070450143,0.12948638809008584,0,7
4793,987,31.734694917796535,ATM,Grocery,US,17.0,0.1873882747073041,0.08837896941983092,0,7
1069,858,18.91724531997518,Online,Clothing,TR,19.0,0.08549533980002616,0.10381362933089505,0,7
8135,57,147.38940515791046,ATM,Grocery,TR,23.0,0.5126757647638827,0.13109917038974486,0,7
7925,350,21.38403118851033,POS,Electronics,US,18.0,0.1777543810748909,0.22757222674180366,0,7
8170,548,343.7100872548847,Online,Electronics,DE,17.0,0.4345065009417934,0.09328822542055765,0,7
8479,138,110.6380936057084,ATM,Electronics,DE,22.0,0.07494951521255319,0.4784237241141387,0,7
8997,142,354.91031324916656,POS,Grocery,US,19.0,0.4511294756016445,0.11973234498071364,0,7
7021,101,215.5108599527167,POS,Travel,US,20.0,0.7765250939668107,0.551229775302282,0,7
500,779,485.8957854724126,ATM,Electronics,US,23.0,0.4950114036569348,0.5655770714808391,0,7
2630,372,41.830563380872846,Online,Clothing,TR,10.0,0.10112564819682072,0.35254604279692564,0,7
4525,920,17.186523595216116,Online,Travel,FR,16.0,0.15587179263587714,0.23188077014744768,0,7
8578,270,69.06322744390873,Online,Clothing,US,22.0,0.09246483655117324,0.17007593177617125,0,7
6002,405,29.632972141814516,Online,Electronics,UK,17.0,0.16811606498895437,0.10633692097246415,0,7
8202,991,3.418336602888113,QR,Clothing,UK,23.0,0.1866126593606084,0.22707526436871242,0,7
1922,746,20.953114604124877,QR,Grocery,TR,5.0,0.06230695508819577,0.1789359272835916,0,7
2742,487,192.9533326200524,QR,Electronics,TR,12.0,0.3570367708667521,0.08277627053399225,0,7
4454,425,102.97870702771596,POS,Travel,TR,20.0,0.5172077280305091,0.29561854188484743,0,7
739,55,328.30164138123837,Online,Clothing,TR,19.0,0.2645548307845331,0.13033267933990478,1,7
2201,48,56.360593990322485,ATM,Food,US,21.0,0.26035536981136287,0.5866762825202586,1,7
4579,657,14.68765247062902,QR,Food,TR,10.0,0.17213240287750656,0.1975775458974923,0,7
9828,523,198.1017389870998,POS,Grocery,TR,16.0,0.3820696187935662,0.14079775571604847,0,7
721,868,10.060423581142677,QR,Food,US,22.0,0.18064906957526344,0.23872645287651495,0,7
2913,218,16.606716108990522,ATM,Food,DE,21.0,0.20252804578125577,0.158082444491615,0,7
7652,48,96.76071134478839,ATM,Grocery,US,17.0,0.22578356291781482,0.26805880803623766,0,7
1102,228,49.980879594501964,QR,Electronics,UK,18.0,0.25070001861139524,0.10669986977205337,0,7
8076,85,143.056209338982,POS,Grocery,UK,16.0,0.16092386821149407,0.15699541668742475,0,7
7771,960,33.44160239505596,ATM,Food,US,23.0,0.07626348183949061,0.09083421788384924,0,7
3239,53,18.889590739260697,Online,Clothing,TR,19.0,0.19009925252110732,0.35964229215638,0,7
621,472,470.7766421606204,QR,Clothing,UK,11.0,0.3785398009236308,0.33312612187949914,0,7
8588,388,248.28742862856646,POS,Grocery,US,22.0,0.716002368648873,0.538941611255896,0,7
3197,847,0.0,Online,Clothing,FR,9.0,0.3815706635090676,0.5651568831458553,0,7
1349,946,21.269331537344257,POS,Food,FR,12.0,0.12383405766957352,0.08270833374220003,0,7
3985,942,79.90160451067439,ATM,Electronics,FR,22.0,0.16148278641017524,0.6209069381920985,0,7
1827,722,42.55125935053716,POS,Travel,US,7.0,0.05555636683171249,0.11218206249848404,0,7
5819,48,97.27400657671363,ATM,Food,FR,23.0,0.15439517998201646,0.09739807880076898,0,7
9249,542,563.8276776481898,ATM,Food,FR,14.0,0.9621126770344695,0.6550180276677052,0,7
7439,775,88.3237443995259,POS,Clothing,UK,13.0,0.13547740759151933,0.5510625662011489,0,7
5560,320,41.26165588943839,ATM,Clothing,UK,17.0,0.23224652616656105,0.3696028725399606,0,7
5529,140,10.735537482316285,ATM,Electronics,UK,5.0,0.20866188997403878,0.1627503373308853,0,7
8257,335,494.2610158584624,QR,Travel,FR,17.0,0.29694288948644976,0.1756986448917447,0,7
6994,407,32.97087594619303,POS,Travel,TR,10.0,0.12183185040630948,0.23073344839308793,0,7
4776,465,254.62718543082443,ATM,Grocery,US,17.0,0.21427222907439447,0.3611390132620394,0,7
7752,841,60.25954479923271,POS,Food,UK,12.0,0.35975919135309775,0.21939196950150805,0,7
3554,960,6.776695432652101,POS,Grocery,FR,16.0,0.1948425590272294,0.4499794019032402,0,7
9913,945,535.9613404997115,Online,Travel,UK,7.0,0.5191054520900213,0.26018704313856855,1,7
7364,301,154.94475498303012,QR,Food,TR,22.0,0.15534000359255917,0.2896036500030552,0,7
9468,457,188.15777456496988,Online,Clothing,UK,15.0,0.31221564862393497,0.34181719018548895,0,7
7244,198,325.9075901719456,Online,Grocery,FR,20.0,0.3339858910956098,0.5774409453890352,0,7
8636,679,32.547369312172734,POS,Electronics,DE,9.0,0.10026214527847953,0.1745449440695965,0,7
8815,454,1.1493764713909627,ATM,Food,DE,13.0,0.11352967313616084,0.09826289044890155,0,7
2687,672,93.0491321336519,Online,Clothing,FR,22.0,0.11433931901554945,0.07935061682349309,0,7
9805,697,24.820665929907612,POS,Electronics,FR,22.0,0.09746151881836898,0.14352583469142832,0,7
6943,459,532.659415392066,POS,Food,US,23.0,0.0831944303583668,0.16693682322319545,0,7
1310,837,113.91282596204353,ATM,Travel,DE,21.0,0.4554271432590359,0.20134055668078182,0,7
5766,742,230.07454029528617,ATM,Electronics,DE,9.0,0.5127674337362373,1.0,0,7
3315,800,2289.973225667296,ATM,Clothing,US,22.0,0.5452793011021836,0.6791046702530146,0,7
8732,740,150.24382056857405,ATM,Electronics,UK,16.0,0.40175960410771716,0.2741013646603492,0,7
3371,48,128.56550586037937,ATM,Food,US,22.0,0.3222118366225972,0.08976432137976112,0,7
8739,149,0.0,ATM,Grocery,UK,16.0,0.07889371987543936,0.10023398396616821,0,7
661,39,68.36129252824857,ATM,Food,FR,22.0,0.3919090554867262,0.36404091049395015,0,7
5134,635,583.5069746816046,ATM,Travel,TR,11.0,0.35638629203560324,0.10780944321763744,0,7
6874,974,63.43217779247714,ATM,Travel,UK,21.0,0.08596745094798716,0.18457104913829958,0,7
3853,697,6.005926626304863,Online,Clothing,UK,22.0,0.1571393650398999,0.0895615945483966,0,7
3540,13,51.09500977655785,Online,Travel,DE,14.0,0.5265681206808319,0.5478975747412164,0,7
2770,367,260.6781929282286,Online,Food,FR,19.0,0.17329790731839692,0.3344564314140115,0,7
6445,935,97.49248388168091,Online,Travel,US,20.0,0.08115740705273766,0.279939106221179,0,7
9630,515,214.46460429973465,QR,Clothing,TR,22.0,0.37341457134498074,0.9723301141575367,0,7
1285,254,164.9146008321828,POS,Grocery,UK,12.0,0.6349434172226659,0.38509612503040097,0,7
2130,994,30.076191511194583,Online,Grocery,UK,14.0,0.47263987657347234,0.440789221315226,0,7
3020,832,182.9659745122423,QR,Food,US,14.0,0.08792400412823956,0.12703121883107413,0,7
8222,565,451.6565787107842,POS,Grocery,FR,21.0,0.7142931697678147,0.3748811309688935,0,7
408,428,16.18302656659428,ATM,Clothing,US,13.0,0.19715188499801634,0.21638135787722568,0,7
3996,591,79.01778381919776,ATM,Travel,DE,17.0,0.17153763239291103,0.08503627915294093,0,7
2989,104,18.595047928211788,POS,Electronics,US,17.0,0.1289746019204712,0.15734301670367548,0,7
7422,992,790.498741055609,POS,Clothing,UK,10.0,0.21269071979355603,0.6041407590957857,0,7
486,170,12.597398498696577,Online,Grocery,TR,10.0,0.15731480377361942,0.07251316360623483,0,7
9923,502,67.31105752325333,Online,Travel,DE,3.0,0.11071267531016354,0.16288081435771928,0,7
4636,381,7.493140753647554,Online,Travel,UK,11.0,0.1010555305065438,0.11108679404208174,0,7
6276,975,7.19907379399803,POS,Electronics,US,22.0,0.18625927435827788,0.09345059276610461,0,7
7428,158,0.0,ATM,Grocery,US,21.0,0.30029734257638413,0.15356213173094613,0,7
1154,937,188.48638479292052,ATM,Travel,DE,19.0,0.3504250790790855,0.27639456030778287,0,7
9539,492,74.26285572353535,ATM,Electronics,FR,13.0,0.14128377336044795,0.19739860623650074,0,7
3013,852,89.26483030410822,Online,Clothing,FR,5.0,0.09234215789151479,0.10972631252546022,0,7
6585,877,256.5015427884048,POS,Grocery,US,21.0,0.3174637483670679,0.3786681192284145,0,7
490,915,31.12139675768956,QR,Grocery,DE,21.0,0.18292272366388376,0.35513279249334095,0,7
7296,93,26.98852445349762,ATM,Clothing,US,21.0,0.19021186170873522,0.2828753311863256,0,7
7974,137,176.08257699577612,Online,Travel,UK,14.0,0.24974724865454756,0.5513326563628758,0,7
7595,365,151.36099114763252,QR,Clothing,UK,21.0,0.40418932834471116,0.30497762517188304,0,7
4700,137,56.14488782849834,Online,Electronics,DE,20.0,0.14678193146749907,0.12101848628508431,0,7
4913,991,270.15592111111005,Online,Food,US,15.0,0.18664730113083722,0.3879318816288098,0,7
9544,824,54.43717987870746,POS,Clothing,US,17.0,0.07954606391361398,0.2060432453507784,0,7
6820,90,34.56765712485701,QR,Clothing,TR,8.0,0.20225355460017155,0.23067489993560064,0,7
5208,715,123.10832292986561,QR,Travel,FR,11.0,0.1986643625944764,0.2034551369584469,0,7
96,782,39.20605901209196,ATM,Food,TR,22.0,0.542724315186619,0.24858889535698475,0,7
2478,766,23.942679115105864,QR,Clothing,DE,22.0,0.14830145346731222,0.2569480466558711,0,7
3752,877,230.24129760124643,Online,Electronics,DE,7.0,0.12003434873167457,0.18543744268664342,0,7
3267,591,268.09880100271226,QR,Travel,FR,12.0,0.24045743944110695,0.9343395775113392,0,7
6042,197,58.32026070364396,POS,Grocery,US,9.0,0.10338024856709807,0.06765401439826124,0,7
97,53,288.4689431666843,Online,Grocery,UK,10.0,0.3653714121110659,0.23035970519322807,0,7
8941,332,216.17553440061837,Online,Grocery,US,20.0,0.12731476487132776,0.13368958786125806,0,7
1490,677,167.68353644874017,QR,Food,DE,3.0,0.3843095786781556,0.563828022265516,0,7
865,903,108.75268001847488,QR,Clothing,UK,18.0,0.22008951314545533,0.5126958289266915,0,7
4729,280,86.0143628044158,ATM,Clothing,DE,21.0,0.35854629439406843,0.2915712621200894,0,7
4463,786,20.86233219201837,QR,Food,US,22.0,0.1512463275864933,0.15135273559202125,0,7
6206,670,10.421522013452421,QR,Food,DE,16.0,0.3205149945992353,0.24369330428449137,0,7
1922,498,229.09230007810982,ATM,Food,DE,16.0,0.09614314297264492,0.1621662858060833,0,7
7280,218,13.806019686293482,Online,Grocery,NG,16.0,0.20241101386070393,0.10034567098867403,0,7
7754,752,32.41182111694132,Online,Travel,US,8.0,0.11842693176667368,0.06550758607442314,0,7
2242,227,466.45216716386693,QR,Clothing,US,6.0,0.26244570460377603,0.3304005062206281,0,7
3696,125,97.95974972976146,POS,Clothing,FR,12.0,0.2950053489187968,0.24218096973941017,0,7
731,722,257.28623621418967,Online,Electronics,UK,9.0,0.0901436304836109,0.17560943857394506,0,7
5038,281,267.59530644591325,ATM,Electronics,TR,10.0,0.18143026363094955,0.38366645171805625,0,7
398,447,4.791340766920858,POS,Grocery,TR,19.0,0.06741718677129394,0.10543316197171655,0,7
706,578,12.788558878413435,QR,Clothing,US,20.0,0.1260800793868128,0.12784982432039227,0,7
1249,512,154.60522124485405,ATM,Travel,FR,16.0,0.1164313394749378,0.12489549817961143,0,7
7933,164,194.69907998538753,QR,Travel,US,11.0,0.10380335622199655,0.14452356215653733,0,7
7258,928,456.81948016947575,ATM,Electronics,UK,19.0,0.1405890070877123,0.13677077245237002,0,7
5652,353,1582.372789265532,Online,Food,FR,20.0,0.8451274929795558,0.1431630720319232,1,7
7608,753,118.6299118229977,POS,Travel,DE,7.0,0.300544121706737,0.2503273971074628,0,7
600,727,16.074523361894347,ATM,Grocery,US,20.0,0.08498916681499584,0.09417555975605221,0,7
8839,379,13.885727705948643,Online,Clothing,DE,3.0,0.26155600606016927,0.45756722284231405,0,7
6693,873,781.8431548816749,QR,Travel,US,14.0,0.2373940249801201,0.189154243173689,0,7
9116,177,352.5805360702922,POS,Travel,UK,14.0,0.1820388797717038,0.42699159937264297,0,7
3486,551,112.82942895128011,POS,Food,TR,12.0,0.11813957550105111,0.46450318884109043,0,7
3046,813,145.488048352023,QR,Grocery,FR,21.0,0.20806014937968725,0.059274719887776495,0,7
6600,975,17.5786971354145,QR,Travel,US,22.0,0.18178265618845502,0.21373673534664223,0,7
596,566,123.1559325927522,QR,Food,US,22.0,0.19315413394094122,0.1943586314370015,0,7
1412,863,41.61176101437019,ATM,Travel,UK,14.0,0.3254099470605027,0.37790865477572366,0,7
2189,523,135.17666401429162,QR,Travel,US,11.0,0.06899794022186023,0.1134229257791739,0,7
8767,964,310.00398336264334,ATM,Travel,FR,14.0,0.0834395403722919,0.06836892947577623,0,7
1943,432,367.30670831618784,ATM,Clothing,US,22.0,0.26134919950186086,0.2126654047110032,0,7
1295,149,351.3162473977174,Online,Grocery,US,20.0,0.29212934465494134,0.7433311331484522,1,7
6752,312,442.9586810454326,ATM,Food,DE,22.0,0.45297906664472554,0.09551293647974299,0,7
4215,480,324.5399142382485,QR,Food,TR,22.0,0.3112998338901888,0.32688454749723994,0,7
1506,51,34.90162398073309,ATM,Grocery,TR,8.0,0.33332275693426044,0.17793823897761962,0,7
4397,490,102.38729571524333,QR,Clothing,DE,21.0,0.1152325987110462,0.19668872815835065,0,7
6630,15,825.1367708851498,POS,Electronics,DE,17.0,0.24929437427427292,0.13105180033459943,0,7
4453,855,201.38241618605917,QR,Grocery,DE,20.0,1.0,0.6037418084435023,0,7
6484,277,229.28925254654075,QR,Travel,UK,22.0,0.5189095772678731,0.4220534395347334,0,7
8126,301,113.37053496977703,QR,Electronics,DE,10.0,0.17227285248054974,0.22320230663822974,0,7
3389,19,69.73948802882242,ATM,Clothing,FR,20.0,0.06581261852301508,0.4296030066316251,0,7
5081,915,11.73718755816607,QR,Clothing,DE,23.0,0.18754386490300565,0.11111206790630507,0,7
9417,265,23.269815502483432,QR,Electronics,UK,17.0,0.15344583501722353,0.06425455428160264,0,7
9664,840,1018.4064978602813,POS,Electronics,US,11.0,0.5627956266458366,0.1680954445312307,0,7
9179,848,686.2988975933913,POS,Travel,DE,17.0,0.16407085594319892,0.26941475669599935,0,7
6536,742,277.65141065566866,QR,Grocery,FR,18.0,0.3727195766958834,0.2651703026978332,0,7
5255,62,124.82165933818469,POS,Electronics,FR,16.0,0.700518197143734,0.42486388930456714,0,7
8500,953,87.008021929627,POS,Clothing,DE,22.0,0.29328848425555165,0.36878405606330766,0,7
6945,495,163.0595087176613,QR,Food,FR,12.0,0.16087011982740967,0.5113849704291246,0,7
4357,200,93.53116371685293,QR,Food,UK,14.0,0.07303532593547589,0.18890370856144642,0,7
6969,435,4.471215242987201,POS,Food,FR,14.0,0.14416890467964263,0.36812677247420766,0,7
3452,918,469.04563143344103,ATM,Electronics,TR,11.0,0.45039612747795205,0.6868425513188361,0,7
1504,549,0.0,QR,Travel,TR,12.0,0.1692338517739484,0.2587877854563758,0,7
439,173,21.005816601866456,QR,Clothing,NG,20.0,0.3349327648974692,0.06794294901099629,0,7
8346,265,826.1473882375705,ATM,Clothing,TR,19.0,0.12345069222014575,0.058482948173530766,0,7
2201,496,231.46096906414817,QR,Travel,UK,12.0,0.16993850927865414,0.3600044667186476,0,7
141,746,437.6789517498859,QR,Grocery,FR,21.0,0.6352064415482841,0.25442270078164636,0,7
6226,126,27.902598592088218,POS,Grocery,DE,19.0,0.5108580819800874,0.20244996093200343,0,7
6157,433,27.72725218355756,Online,Food,TR,21.0,0.1458057794362885,0.18921870859801296,0,7
520,65,70.06097543205044,QR,Electronics,TR,22.0,0.12052972546001595,0.23722429117344218,0,7
3934,614,210.77108020501186,ATM,Electronics,FR,3.0,0.4194506131343653,0.7335360807023843,0,7
9173,290,198.8751387863126,Online,Travel,TR,10.0,0.10777821062679713,0.07322908571520291,0,7
5631,251,113.79884817247635,QR,Travel,UK,17.0,0.22542522997861197,0.24926064064229758,0,7
1885,236,217.19512297005974,POS,Clothing,US,15.0,0.45855142102056035,0.20580072141794659,0,7
4053,677,56.01328558272429,Online,Grocery,FR,23.0,0.13847496243756713,0.2394043556706089,0,7
9942,484,52.76575425700288,QR,Clothing,US,6.0,0.4092162704737344,0.34462901342628294,0,7
1314,923,96.28685413204303,POS,Travel,DE,17.0,0.346119392982117,0.18842260380741518,0,7
1456,803,106.49867287542372,POS,Food,TR,6.0,0.1408939647129458,0.20115583830565092,0,7
855,585,7.317443234256707,POS,Grocery,US,22.0,0.06484657671400852,0.10662937923414634,0,7
6401,773,176.91813141380524,QR,Electronics,UK,22.0,0.22291717369920286,0.16687197555901714,0,7
8749,979,81.50431144073069,Online,Food,TR,19.0,0.2666660356485881,0.15391242099804645,0,7
3419,217,77.86094930896049,ATM,Clothing,TR,10.0,0.08553563355790707,0.28363508896451267,0,7
5803,484,10.932851731084506,Online,Food,US,19.0,0.07807767799010172,0.0967879633983412,0,7
9238,765,322.7621319972599,POS,Grocery,US,10.0,0.2699225496992756,0.3238945583851597,0,7
7729,718,333.6276308400845,ATM,Travel,TR,20.0,0.07213974210955287,0.08966134724876414,0,7
8961,47,119.71632394627451,Online,Grocery,TR,13.0,0.05610918904279647,0.06766331285626846,0,7
218,133,373.7877371025148,ATM,Food,UK,21.0,0.2793129840582357,0.25456215659759396,0,7
861,89,162.68427271869655,POS,Food,DE,18.0,0.4663589226102582,0.24639328871114086,0,7
8701,194,0.0,POS,Electronics,TR,22.0,0.16114714933802252,0.09784176211195378,0,7
4102,801,5.323453902223502,QR,Clothing,US,16.0,0.30660492888141067,0.2427065270766561,0,7
9057,198,348.0850710451312,ATM,Food,US,22.0,0.15392717591391777,0.32289537269845764,1,7
9442,853,417.80148843010755,ATM,Clothing,TR,4.0,0.2054012984509331,0.2700620405587036,0,7
8357,765,133.4020467243468,ATM,Clothing,FR,14.0,0.28936051836913096,0.1614066445141712,0,7
3412,708,109.71535264112481,Online,Clothing,FR,7.0,0.2141420765829813,0.2823743381424993,0,7
4989,441,76.68375720449217,QR,Travel,DE,13.0,0.12027066446563395,0.16424382894482312,0,7
1989,102,29.45132513701429,ATM,Travel,US,21.0,0.21864401783800894,0.15031514671343377,0,7
2864,326,87.51386154351383,ATM,Grocery,TR,6.0,0.10110169001670533,0.20114098475731992,0,7
1769,282,176.72254252802713,POS,Food,FR,22.0,0.5331354176964093,0.30177882199952066,0,7
5017,363,108.21424137493838,QR,Clothing,DE,18.0,0.3236470029819917,0.4555733974101171,0,7
8226,933,32.87288503563363,Online,Food,TR,8.0,0.3083936318019534,0.1406142158706064,0,7
9836,775,598.950312255032,POS,Electronics,US,13.0,0.42190543511903567,0.370575609131705,0,7
3548,92,183.1970433854515,Online,Clothing,UK,22.0,0.13283586673855496,0.17623083961611427,0,7
7841,862,26.019713212538832,POS,Travel,FR,18.0,0.2545125028972098,0.14652423804472775,0,7
1628,379,27.26793143490269,POS,Grocery,UK,9.0,0.18659985845334837,0.16584729131979456,0,7
8979,769,109.88482007871875,QR,Food,FR,18.0,0.33601060345964023,0.15610903943148396,0,7
4188,934,149.80340496381172,Online,Electronics,UK,3.0,0.659015932670493,0.10400623289690213,0,7
4652,208,15.473331338315191,ATM,Grocery,TR,14.0,0.17994361990222374,0.08913173733539763,0,7
8532,129,87.3606483042985,Online,Food,FR,8.0,0.09212320371171294,0.46751578529767945,0,7
9791,813,435.2165735515931,POS,Food,DE,7.0,0.4492777748629972,0.2851312945337056,0,7
6758,664,323.2604245624352,QR,Clothing,TR,21.0,0.1297070197838413,0.2568609788082817,0,7
9756,837,281.86195283218524,POS,Clothing,TR,9.0,0.062172882597974224,0.11515459664002617,0,7
5260,988,125.05226703573634,POS,Grocery,US,21.0,0.11334768215717526,0.26243353475669595,0,7
7845,575,228.99619441949685,Online,Clothing,US,18.0,0.10963260370670372,0.25734284594163886,0,7
8916,710,26.221406982466988,Online,Electronics,US,15.0,0.08524783670725108,0.13611710718477593,0,7
593,152,176.42944678224808,QR,Food,US,9.0,0.31415608765310515,0.4579881842424727,0,7
3194,680,119.73044827853549,Online,Travel,US,15.0,0.09538785641282337,0.13322314114401346,0,7
441,400,85.16685454667048,ATM,Travel,FR,11.0,0.3297724910469814,0.13082760586033698,0,7
9208,389,17.309302308637285,ATM,Travel,US,22.0,0.08741967175954898,0.14924474214871863,0,7
6669,803,81.99616280362085,Online,Food,US,18.0,0.40506809413046885,0.12505095337886485,1,7
3302,937,82.89156466354211,POS,Grocery,US,17.0,0.1911166514461286,0.07290446424916498,0,7
3818,461,7.062171377024023,POS,Electronics,US,14.0,0.2277496908645247,0.22145882285492244,0,7
3683,128,32.072170983995356,QR,Food,FR,8.0,0.24899502427768078,0.5068184835184942,0,7
6344,991,337.2833931712554,Online,Clothing,DE,19.0,0.28798711367244345,0.35137594525616633,0,7
4757,234,77.94996377926675,QR,Food,TR,11.0,0.5107276268652616,0.3044985711794242,0,7
6182,37,97.03596308592465,Online,Clothing,US,21.0,0.1473762715664166,0.14671798016104898,0,7
8711,719,20.117268091853404,QR,Food,FR,6.0,0.6187212123642596,0.16095249116158966,0,7
2611,128,103.72076502448125,Online,Clothing,UK,23.0,0.23206559767534646,0.1787305896874533,0,7
8264,549,293.4929935227098,POS,Grocery,UK,21.0,0.17445227651328246,0.11430863046382664,0,7
5076,905,132.03755394757667,ATM,Clothing,TR,8.0,0.30054812588708224,0.3297994989421944,0,7
7436,657,11.129611496789483,Online,Electronics,UK,17.0,0.2847865494803049,0.18740803885010898,0,7
4832,816,2.715705932301481,Online,Clothing,TR,12.0,0.14703143405364677,0.07474636319786991,0,7
3700,725,3.418311569567962,QR,Clothing,TR,11.0,0.11400447877446696,0.06048894623912404,0,7
7457,400,70.6633413076741,ATM,Grocery,UK,21.0,0.1814724987593066,0.1399056852464684,0,7
4041,96,257.9292839311028,POS,Clothing,FR,20.0,0.7202412021961309,0.3259658405255981,0,7
5304,524,41.861416647128685,POS,Grocery,DE,13.0,0.5403586858307009,0.35407306479211487,0,7
7851,510,463.75028316550566,POS,Travel,TR,4.0,0.49257204891915357,0.1437403934333492,0,7
5381,886,35.64703179206124,Online,Electronics,FR,19.0,0.9973586356668435,0.1865356417830507,1,7
7972,250,26.327455374334857,ATM,Travel,TR,14.0,0.3817454730252598,0.21019574721346523,0,7
5372,537,24.516994214797986,POS,Electronics,FR,22.0,0.0903025336105753,0.25216518526132614,0,7
4371,855,258.7499124879828,QR,Clothing,DE,22.0,0.5519257721258068,0.22029307398050596,0,7
8074,138,13.374896749418717,ATM,Travel,DE,22.0,0.18419538014811138,0.07983061739659096,0,7
1548,481,50.28410753093919,QR,Grocery,US,19.0,0.2222129346719533,0.5732785966818612,0,7
3744,944,17.688998407210246,Online,Electronics,UK,8.0,0.3738211944665611,0.09663579418418523,0,7
8661,168,268.5943191912666,QR,Food,US,16.0,0.2221184068452983,0.11976956859084015,0,7
2456,17,216.8704778494605,ATM,Travel,TR,22.0,0.20125272935266977,0.42088472476067834,0,7
7762,211,160.48106129834062,QR,Clothing,UK,18.0,0.3849487429784764,0.204450578116443,0,7
4132,207,680.7819298971656,ATM,Electronics,UK,10.0,0.25974905497636935,0.5653881379510366,0,7
4327,849,353.5281737659345,Online,Grocery,US,5.0,1.0,0.29850364100556137,0,7
1027,973,134.09052121408718,ATM,Food,NG,22.0,0.3215217282773782,0.1739847751474115,0,7
6095,256,218.3187074003031,QR,Food,FR,9.0,0.1080454335438022,0.057057203642537566,0,7
3059,81,343.33318418217505,POS,Electronics,UK,14.0,0.35963998455055257,0.27694381990875255,0,7
3229,350,239.43094858838515,QR,Clothing,US,5.0,0.24275534417800754,0.22965538688863174,1,7
1764,727,4.421705843099188,POS,Electronics,TR,23.0,0.07496651934405404,0.08200597343348877,0,7
8101,974,37.77526573140302,POS,Clothing,US,15.0,0.43077837426526583,0.6036318390622664,0,7
6924,368,674.4635215256842,POS,Grocery,TR,2.0,0.17196410239605744,0.24154137842584036,0,7
3675,689,98.15779156564243,POS,Travel,NG,10.0,0.06127596089448813,0.2127783142592534,0,7
5780,770,17.949916995633497,POS,Travel,FR,19.0,0.13225065206173436,0.3801236359790725,0,7
4127,694,24.036291047511654,ATM,Electronics,TR,21.0,0.07452305916083232,0.062363981283179507,0,7
5863,177,13.694482095548828,QR,Electronics,NG,14.0,0.2132157878930917,0.15762883720904544,0,7
8826,121,363.48888974409886,Online,Clothing,UK,13.0,0.2120294522206698,0.2197803843592203,0,7
368,520,56.00970662410019,Online,Grocery,UK,11.0,0.07342461852949793,0.20487754291923874,0,7
7276,379,1.5000006978999165,Online,Clothing,US,13.0,0.08431666717054548,0.12681275849821858,0,7
4483,180,537.5687412769581,Online,Clothing,DE,8.0,0.3057173276192916,0.13721115848794563,0,7
650,241,116.49865353766837,QR,Electronics,DE,15.0,0.07688837267849222,0.11965097523356157,0,7
4796,503,256.24022953619505,QR,Clothing,UK,18.0,0.5594068203834907,0.31787720676846487,0,7
8054,89,583.5162843805786,QR,Clothing,US,23.0,0.12854660546049876,0.2866914831358757,0,7
6540,854,21.471127570501903,POS,Travel,UK,14.0,0.22676526261769248,0.11874853452975134,0,7
7726,104,231.31650196050327,ATM,Travel,US,23.0,0.4731220635990079,0.23515915316100433,0,7
2055,218,91.26191989252622,POS,Grocery,FR,9.0,0.17866981482782904,0.12386768068917121,0,7
4483,712,11.219008358475,POS,Clothing,FR,21.0,0.16821729550607034,0.10588646922873629,0,7
9077,783,211.26356401469658,Online,Travel,UK,11.0,0.2772480535475694,0.13482302008989688,0,7
371,50,267.90728533929365,ATM,Travel,DE,14.0,0.16597238876788495,0.24247240823866179,0,7
9051,385,124.18648651120876,Online,Grocery,DE,7.0,0.3320871904056296,0.10608424668391947,0,7
2630,321,325.01377635337894,ATM,Clothing,UK,22.0,0.08613150011291246,0.25842850557163355,0,7
7113,192,24.45878982964033,Online,Grocery,TR,16.0,0.3282708976808518,0.11831102602808041,0,7
8226,232,39.56255121226343,POS,Grocery,FR,13.0,0.28382090908924057,0.08115798760166938,0,7
994,787,40.716600756366894,ATM,Travel,DE,20.0,0.5719856730216201,0.3253782191111579,0,7
4863,107,530.7003652954843,ATM,Food,DE,19.0,0.1154112461210322,0.17179886519736698,0,7
9024,282,89.89648749924459,POS,Food,FR,9.0,0.24193576702039465,0.8743975596119762,0,7
7512,115,17.020562257205878,QR,Travel,UK,6.0,0.21749831930798913,0.09576812214023167,0,7
2279,814,10.832607787557023,POS,Travel,UK,4.0,0.16390425976322964,0.16617692726410518,0,7
9439,255,154.24406118542083,ATM,Travel,FR,17.0,0.3448263558451804,0.1570714254828815,0,7
7722,86,7.616727712098884,POS,Clothing,TR,21.0,0.08565989089854137,0.08886528564216001,0,7
6402,745,131.19620398807137,QR,Food,DE,12.0,0.4172932629240425,0.24696265262650702,0,7
1927,420,0.0,POS,Clothing,US,17.0,0.08612433914523712,0.14169080123840294,0,7
8837,441,424.56241876878437,QR,Travel,UK,18.0,1.0,0.2738886972091619,0,7
9624,135,16.92506324850464,QR,Grocery,UK,5.0,0.16435506800465288,0.1733511487779684,0,7
4573,946,107.76172669925994,Online,Food,US,23.0,0.320977306140094,0.10709120983340407,0,7
5877,12,486.7959038008209,ATM,Travel,TR,5.0,0.5096776553864364,0.284487084131219,0,7
2420,11,87.13437034831773,ATM,Food,DE,17.0,0.11004165294314505,0.11175622624637706,0,7
2293,716,523.3071500257963,POS,Grocery,FR,21.0,0.3035268960616092,0.17456839040323666,0,7
3473,769,37.2560537974288,Online,Clothing,UK,6.0,0.2175174434896035,0.4141495302381602,0,7
4205,156,133.55907977652214,ATM,Travel,UK,12.0,0.07393937835933587,0.1698575852879734,0,7
2402,120,66.53930558958551,Online,Travel,US,20.0,0.35896491988468726,0.14760933768182086,0,7
3710,780,45.817824280600696,QR,Electronics,DE,13.0,0.24140726567650625,0.11880542434382863,0,7
8715,37,391.48005035092814,POS,Electronics,TR,4.0,0.37436465807445796,0.19547035025588877,0,7
2480,891,187.02814461284777,POS,Electronics,DE,10.0,0.4332611692503445,0.22229390056912424,1,7
9971,894,11.726019099477854,ATM,Grocery,TR,11.0,0.6419484289537543,0.4478513859246387,0,7
7461,129,231.77490856127653,QR,Grocery,TR,19.0,0.22131714376317774,0.12483644723426003,0,7
814,522,139.9658395982313,POS,Food,DE,21.0,0.09942886320131092,0.11855534101768166,0,7
3688,390,599.0996518221721,ATM,Travel,DE,16.0,0.2138228628675155,0.8043864920940026,0,7
9709,400,537.8111533452517,QR,Travel,US,19.0,0.24560333468845577,0.16223649352650524,1,7
2837,205,390.59972785207924,POS,Food,TR,20.0,0.3587383518643815,0.6226064283974181,0,7
137,184,45.21000661027657,QR,Food,US,18.0,0.0726580830874531,0.0975175317867901,0,7
8434,898,16.566794408673058,QR,Electronics,US,6.0,0.12025505109079729,0.11238716618895694,0,7
9101,385,82.80640202658766,QR,Food,TR,19.0,0.17059753700785724,0.13656283563385765,0,7
5953,747,763.940022978969,QR,Clothing,TR,19.0,0.14808819379427057,0.27752111528100737,0,7
4736,983,615.6191064632123,ATM,Clothing,FR,13.0,0.17187261183231137,0.42408889528028054,0,7
5918,69,263.50521692482687,Online,Grocery,FR,7.0,0.40332008948171727,0.1665696062525337,0,7
4557,237,127.40569104893497,QR,Electronics,FR,17.0,0.0637463889980096,0.24670363215573324,0,7
5515,844,30.063932716413586,ATM,Grocery,FR,9.0,0.11135668109102884,0.11284822085136133,0,7
3498,415,395.77813480515084,POS,Grocery,FR,17.0,0.1780725569038744,0.29968551062910276,0,7
2575,443,105.19670428565843,QR,Grocery,DE,15.0,0.10517464879270323,0.1888995738989952,0,7
7058,771,284.78652993094266,Online,Grocery,US,23.0,0.13197815523037898,0.3198582715672771,0,7
2249,472,421.6067555502964,QR,Grocery,US,17.0,0.3672801410821964,0.2087953677097472,0,7
6683,24,219.7233923413071,QR,Clothing,DE,20.0,0.24050844577683472,0.2112108554070927,0,7
7658,625,185.17566769727583,POS,Travel,TR,13.0,0.4206945718625386,0.41114549031925934,0,7
8018,492,5.87979448236078,POS,Clothing,UK,17.0,0.0692544416659589,0.15741479823388377,0,7
3239,111,311.90658752884934,POS,Electronics,FR,7.0,0.2725311685831989,0.4156705817718691,0,7
733,127,158.3957288627274,POS,Electronics,UK,17.0,0.0741974995762209,0.7085586433454705,0,7
5724,780,291.8733636257101,POS,Electronics,DE,20.0,0.26904769478686774,0.21908825092760595,0,7
3046,457,111.53875521800069,ATM,Grocery,FR,9.0,0.2605947798816788,0.2882642534040327,0,7
5291,383,159.9774926529666,ATM,Grocery,TR,7.0,0.1428862824712706,0.27275147268980654,0,7
4179,107,261.1649380679839,ATM,Electronics,TR,12.0,0.21554577804093883,0.2134625582260511,0,7
4015,398,50.33636283033151,QR,Clothing,DE,22.0,0.1976245593488226,0.10335118930421831,0,7
9892,552,0.0,POS,Clothing,FR,9.0,0.12407817667092304,0.20479001944656838,0,7
4398,532,65.80577194422904,POS,Grocery,US,4.0,0.18634693042470596,0.2972828754234702,0,7
1361,240,80.43351574844183,Online,Grocery,FR,17.0,0.4770679434534151,0.36021002579745287,0,7
712,839,19.772219517119307,QR,Food,FR,16.0,0.4924337843296163,0.22101986309831695,1,7
6678,865,1.814383224784288,ATM,Travel,FR,23.0,0.059830686522482815,0.05785455618345763,0,7
3149,419,125.7104349046734,QR,Clothing,TR,20.0,0.148933663412233,0.07172447827500206,0,7
4964,5,669.2459754013322,POS,Food,FR,18.0,0.47469366756037634,0.09243679587062714,0,7
2090,309,91.56694816855482,POS,Electronics,UK,13.0,0.13810926682386113,0.1936035058363379,0,7
5468,250,299.0282977199309,Online,Food,US,10.0,0.1549625597558607,0.1992537811613725,0,7
7661,248,226.27762212561913,Online,Food,UK,22.0,0.3062673508388606,0.3266459594676268,0,7
2004,57,93.79326244563381,ATM,Clothing,FR,20.0,0.12007934402811012,0.34287392234389286,0,7
9637,400,282.2228335027127,POS,Clothing,FR,14.0,0.12709913539464318,0.2695060372064577,0,7
9134,870,979.2860898657942,ATM,Grocery,US,6.0,0.21915221629946455,0.5774103455533293,0,7
9598,334,9.46527229769807,ATM,Clothing,DE,11.0,0.13873259452071088,0.07862079273321262,0,7
9753,66,6.256389086898131,QR,Travel,UK,15.0,0.09795086934904465,0.21236736441681567,0,7
735,725,21.988082819687513,Online,Clothing,FR,22.0,0.22037150161035007,0.06216017899509921,0,7
6144,439,370.97179909950137,POS,Travel,FR,9.0,0.6480349375136292,0.4619616839733387,1,7
2734,889,96.6577263235459,Online,Electronics,TR,9.0,0.18364833607544073,0.4609734825130586,0,7
5901,92,118.43063377215022,POS,Food,FR,15.0,0.238410668593894,0.2897789024780223,0,7
1554,894,378.6973075853024,ATM,Travel,UK,4.0,0.07580860577043358,0.13709286510329263,0,7
3901,960,64.24306444490523,POS,Travel,US,20.0,0.2707285837135007,0.5761168171964481,0,7
7220,912,175.8218325813486,Online,Food,US,18.0,0.2512625907643632,0.10013790832798425,0,7
4420,842,132.73437319906924,Online,Food,FR,23.0,0.209636350760315,0.11658990497581316,0,7
1857,170,47.64421582136685,ATM,Electronics,TR,13.0,0.2599059337177964,0.11651538910907512,0,7
6459,228,161.65553295068491,Online,Clothing,DE,14.0,0.08963322594561202,0.7150774433538208,0,7
41,576,134.32991462430266,QR,Travel,TR,22.0,0.08978747888431016,0.29302694111651645,0,7
8340,103,53.20817450997136,QR,Clothing,FR,12.0,0.1806944168360922,0.08041331692478218,0,7
9488,999,72.34756986915373,ATM,Electronics,TR,20.0,0.12515691494619313,0.16092626986399594,0,7
3668,360,159.9085935555226,QR,Clothing,UK,13.0,0.2921074648028449,0.41090519390351277,0,7
1437,153,59.477042362806955,POS,Clothing,US,13.0,0.13712235895801334,0.2735610474107777,0,7
128,787,78.81292066148126,Online,Food,FR,10.0,0.07781663684225287,0.15374782788424524,0,7
1037,693,14.123823941054694,Online,Clothing,FR,15.0,0.3149424940135154,0.3278679342783984,1,7
3049,929,19.09065417545019,Online,Food,TR,20.0,0.20421385990513025,0.25384610773545935,0,7
4064,395,118.14339290900972,POS,Electronics,TR,22.0,0.575088277545375,0.29703465948390717,0,7
2453,669,19.659087544132948,POS,Grocery,FR,7.0,0.09573525318472927,0.26606502154655765,0,7
3047,711,17.964994147237974,POS,Electronics,FR,21.0,0.12188864967886104,0.1388061348808146,0,7
7972,117,849.56403922423,ATM,Electronics,US,15.0,0.42580552345993355,0.42810103748304107,0,7
5612,287,16.23231629150233,ATM,Clothing,US,5.0,0.21455887029295373,0.09674504569242971,0,7
6054,509,22.379964623705728,ATM,Clothing,US,12.0,0.13504705456788618,0.12326577578356974,0,7
181,378,0.0,QR,Travel,FR,17.0,0.14708280529064716,0.05795612228708869,0,7
4456,15,77.93606440814186,Online,Food,DE,10.0,0.38138544128056384,0.49823581045009574,0,7
1843,759,130.4828616358526,QR,Travel,DE,17.0,0.1721199388069622,0.15710799780740337,0,7
280,114,351.4896228552265,QR,Electronics,UK,10.0,0.20526060254866188,0.24049572410832196,0,7
8246,872,61.05727428550259,POS,Electronics,US,19.0,0.10611076922114537,0.19077469641860922,0,7
1483,68,379.9238399055443,QR,Food,TR,14.0,0.39086499618256626,0.5315463790064343,0,7
9978,323,80.47160212953392,POS,Clothing,UK,21.0,0.18717985877455157,0.06095152344590641,0,7
1345,924,40.983600181713506,POS,Clothing,DE,6.0,0.31322761409974953,0.12038229690915955,0,7
6812,777,109.08156962109436,Online,Clothing,UK,17.0,0.34835051865143574,0.1650439353782637,0,7
4328,324,62.797567390323415,Online,Electronics,FR,23.0,0.19202681935694882,0.25527980845874093,1,7
5385,629,11.456309658897652,QR,Clothing,US,9.0,0.0668803698519067,0.09406786452716664,0,7
7096,245,231.3197695399727,Online,Grocery,DE,4.0,0.09752041606764321,0.13402001051143964,0,7
8000,546,68.30621610461287,ATM,Travel,FR,21.0,0.3189336879533623,0.09448552110300419,0,7
7859,634,231.90742330647433,QR,Food,FR,15.0,0.2330872375261998,0.0989795354713409,0,7
3012,972,91.64138804200215,POS,Electronics,DE,22.0,0.10586572297008917,0.13763125480072197,0,7
6154,279,92.4534187780135,QR,Clothing,FR,17.0,0.11851614849263498,0.27414526388747607,0,7
1186,920,51.43294878093223,POS,Food,FR,20.0,0.0795328353103891,0.1450882910138815,0,7
6770,146,74.44434616562101,QR,Travel,TR,13.0,0.22504634557536818,0.17608710852637494,0,7
3347,484,4.972738351026326,Online,Clothing,DE,6.0,0.13679045903580034,0.13668470425645085,0,7
5875,499,270.554508442711,Online,Grocery,DE,15.0,0.44628499543637323,0.16194216359923735,0,7
901,218,279.86622133192674,QR,Electronics,UK,19.0,0.14901544519031704,0.25230101099307894,0,7
9705,64,3.1388241530087413,ATM,Clothing,US,14.0,0.06415162406731845,0.1487366676264358,0,7
7662,627,141.1362393780022,Online,Electronics,UK,21.0,0.2967814723684614,0.4220910830470825,0,7
2236,852,0.0,POS,Food,FR,20.0,0.12092000425105891,0.20678205691159307,0,7
3161,920,0.0,POS,Food,TR,11.0,0.06723406318219222,0.07192687696867779,0,7
9943,717,60.44280008886303,POS,Food,DE,11.0,0.23384726389685692,0.11214645223078852,0,7
530,681,61.831462820624616,QR,Travel,US,1.0,0.2160135820557904,0.2529483343819296,0,7
3514,518,13.337495229386816,ATM,Clothing,DE,1.0,0.11924043489140979,0.0766608066663982,0,7
642,969,40.06918096680696,Online,Electronics,US,23.0,0.48470395475126155,0.2681846379976912,0,7
5126,572,185.9895247572957,POS,Electronics,US,6.0,0.35273507219814615,0.1902212426123312,0,7
770,961,70.92157329186561,QR,Grocery,FR,17.0,0.5676508299554832,0.22484943960882878,1,7
9014,913,18.761460730757936,ATM,Clothing,US,19.0,0.06766479691123803,0.35782135742313004,0,7
9962,698,40.21440184211532,QR,Grocery,TR,17.0,0.12266698930858222,0.3055972332465169,0,7
3355,838,3.6717407287021437,POS,Grocery,US,5.0,0.13063150929718134,0.5548900889181798,0,7
6590,533,0.0,POS,Grocery,UK,10.0,0.22124120350924736,0.20287530107733964,0,7
2249,901,38.6370613461151,Online,Clothing,FR,9.0,0.25512088233766916,0.2010413925714913,1,7
1935,723,697.4769182301964,Online,Clothing,TR,9.0,0.20843919034767272,0.30425001056148726,0,7
6033,831,46.697960241438494,ATM,Grocery,UK,16.0,0.32783408171408523,0.12050258778839029,1,7
3554,572,276.20647856367157,ATM,Electronics,FR,13.0,0.23519651933635377,0.19402269102291886,0,7
3750,452,30.74316068823959,ATM,Electronics,DE,14.0,0.08187047631208068,0.28196616645247724,0,7
3491,842,525.400854992257,QR,Clothing,UK,13.0,0.14424575855941232,0.21668366700138034,0,7
6683,270,421.2444391770522,ATM,Food,US,22.0,0.11655470241041742,0.13990261451093583,0,7
1076,807,161.3662917100698,ATM,Electronics,TR,17.0,0.17769387631038913,0.12683157135707876,0,7
5439,473,70.93955286254423,ATM,Grocery,UK,17.0,0.26393992513636283,0.2062056757569799,1,7
9892,574,106.89078043957807,ATM,Electronics,FR,7.0,0.2027164773747641,0.7017529855267178,1,7
2718,493,27.013471176485616,POS,Clothing,TR,10.0,0.32013972205657526,0.07263679629630487,0,7
2994,239,11.820250368986752,ATM,Electronics,US,13.0,0.10351637047632505,0.2189287703342614,0,7
1063,409,269.9793232087146,ATM,Food,DE,23.0,0.1251885681148392,0.12016894534042624,0,7
5081,848,144.33045550923939,POS,Travel,US,16.0,0.11210319809510458,0.18335453644066002,0,7
8462,153,413.397512654646,ATM,Travel,DE,7.0,0.25664233707239653,0.26323503901520323,0,7
8170,675,288.86111775172424,QR,Food,US,18.0,0.6231724456044491,0.3505076007876365,0,7
268,898,72.94103756281517,POS,Travel,FR,9.0,0.25951915930734676,0.1538244428446542,0,7
6243,377,96.70198704012117,Online,Electronics,UK,22.0,0.21792401483632393,0.37903309409765107,0,7
7291,282,14.810124616339342,Online,Electronics,UK,21.0,0.11280149441528037,0.18379667512549155,0,7
4070,498,50.20777635364139,QR,Clothing,TR,20.0,0.12186715857616887,0.13034915342572023,0,7
8143,193,24.597014354453457,POS,Travel,UK,16.0,0.23335479835287645,0.11805673217564722,0,7
526,108,4.616278275481835,ATM,Food,US,22.0,0.20369234253651988,0.28160432679637104,0,7
764,21,228.06011033037433,ATM,Food,FR,20.0,0.17324487191238994,0.3669578565823159,0,7
9139,564,286.70898638961546,QR,Clothing,US,19.0,0.10534323602801743,0.15524361773662232,0,7
6967,538,139.35074561256093,POS,Travel,TR,11.0,0.3731961932419101,0.14548529912292354,0,7
3402,119,384.01538511038,Online,Travel,UK,3.0,0.10975183080924497,0.10311426230293698,0,7
7365,577,19.719935904522867,Online,Clothing,TR,15.0,0.34045337899041944,0.49834107414271944,0,7
2818,780,70.87234635164334,Online,Travel,DE,21.0,0.14792015659383909,0.23142403458200675,0,7
3122,225,39.651470270321006,POS,Food,FR,22.0,0.3675709518559509,0.09686385044212642,0,7
93,368,17.12542256485884,Online,Food,FR,22.0,0.23151624896581952,0.1184704854802954,0,7
9254,991,32.05198086526006,Online,Travel,FR,17.0,0.11419140788884853,0.24123486430322927,0,7
165,40,27.8739550803906,Online,Travel,DE,15.0,0.6958857733692254,0.25201340389419524,0,7
581,526,80.48543354914015,QR,Food,DE,4.0,0.26247715403660715,0.1115539347547447,0,7
507,344,261.9134510463513,POS,Clothing,TR,21.0,0.5675673886053487,0.18112561191703613,1,7
1830,715,59.6521785513722,QR,Travel,TR,16.0,0.1638770537426344,0.15905871158671328,0,7
9269,319,263.32222970128885,QR,Food,US,11.0,0.1793628004227154,0.40799289048708076,0,7
1623,401,1009.2988924159257,ATM,Food,DE,19.0,0.25033819868630036,0.39354490746513193,0,7
5273,233,78.98521880375431,Online,Clothing,US,21.0,0.26759468479118176,0.2766071098317545,0,7
4575,277,5.206579313582157,POS,Travel,TR,13.0,0.35844162484371667,0.08295819581002445,1,7
9426,402,763.4847774629387,POS,Grocery,FR,11.0,0.5446304757617921,0.5169945338289036,0,7
8952,413,190.64944079778888,POS,Food,FR,14.0,0.21173988807876354,0.08111739733926142,0,7
5488,535,516.954177472123,ATM,Grocery,TR,21.0,0.43046386563393657,0.44589073208529234,0,7
9720,876,0.0,Online,Electronics,TR,21.0,0.08436903399219287,0.2044979570765911,0,7
5993,189,223.49398777676728,Online,Grocery,FR,22.0,0.24874103075699333,0.23675953735534333,0,7
9385,462,55.300367648202545,ATM,Clothing,FR,19.0,0.2137107754880226,0.09678989442464159,0,7
5392,335,9.993274420467506,POS,Electronics,FR,17.0,0.13368833138455466,0.09860232731029747,0,7
4277,719,10.862435233336054,QR,Travel,US,14.0,0.1770396914841112,0.13524016080175147,0,7
8962,908,183.4024096727415,POS,Food,TR,19.0,0.3605027664394585,0.08496655669033741,0,7
1482,402,181.51764667561747,ATM,Electronics,US,17.0,0.19712889229126696,0.5365799670055201,1,7
6203,796,13.188838544008293,POS,Food,FR,16.0,0.10236912655694444,0.2671433122619503,0,7
8002,757,35.09816451212401,POS,Grocery,FR,1.0,0.3392099742573255,0.3677315952703313,0,7
4002,656,191.8854344169972,POS,Grocery,FR,21.0,0.21564411324364416,0.09865158936976783,0,7
8287,288,197.92966577564997,ATM,Food,FR,8.0,0.3048026473983707,0.13935361484815553,1,7
4679,928,85.90640756257,ATM,Travel,DE,12.0,0.27478602388898365,0.15890333283412555,0,7
747,334,194.0836041061158,POS,Travel,DE,13.0,0.1447358187220915,0.25984415313037584,0,7
4929,277,16.868085928260772,Online,Electronics,US,11.0,0.15614734596493138,0.12646695411323028,0,7
5208,324,165.17113143374655,POS,Grocery,US,21.0,0.40043522982934965,0.1777920531689631,0,7
7576,18,137.29872887435533,Online,Food,FR,6.0,0.37418140272834627,0.453875913755994,0,7
3120,82,75.81777050289134,Online,Food,FR,12.0,0.14720192181600056,0.40979504966348845,0,7
3059,264,43.590632748999205,POS,Food,UK,17.0,0.10179161405037804,0.15183814840702298,1,7
5004,911,76.47731721827972,QR,Grocery,UK,10.0,0.18796451277054696,0.18423499569753177,0,7
6391,136,51.29130409178974,Online,Grocery,TR,17.0,0.19375529244477482,0.09217883947280936,0,7
36,821,123.63954957557777,POS,Grocery,FR,18.0,0.1498784209372983,0.14581079828027274,0,7
2255,347,403.81264827980823,ATM,Food,UK,16.0,0.3845554279301991,0.42282071461780585,0,7
30,874,318.45794902216943,POS,Electronics,TR,9.0,0.32665543169476946,0.1575305595365696,1,7
7553,304,162.92562479579078,POS,Food,DE,4.0,0.3594948587696586,0.26458344509183834,0,7
6180,310,1202.8674813383411,POS,Travel,FR,6.0,0.1933804844743508,0.08916319458868822,0,7
7059,216,3.6835452166328455,Online,Clothing,US,17.0,0.1568814427656716,0.1051326406314338,0,7
997,987,119.86278412563716,ATM,Food,UK,14.0,0.30096598226915283,0.1512579851851936,0,7
255,986,21.44536335510702,POS,Electronics,TR,22.0,0.18276180500186823,0.20119499826538012,0,7
4750,362,162.18907908115105,Online,Electronics,TR,22.0,0.18643692992683406,0.3478828715962592,0,7
3201,124,57.41137299700214,QR,Grocery,FR,17.0,0.13330254409154546,0.21253640698741774,0,7
1963,511,48.98950760701009,ATM,Food,TR,21.0,0.1688977466409931,0.09554442928949598,0,7
3733,121,69.04981845876824,Online,Clothing,FR,5.0,0.2835941570631382,0.6116477242417655,0,7
1822,291,86.27556700831907,QR,Grocery,TR,2.0,0.21906664829287195,0.2438536588725943,0,7
1340,690,122.12286496595024,POS,Travel,FR,4.0,0.42481335340103454,0.2776925934128315,0,7
4604,585,137.11264156212607,ATM,Food,FR,10.0,0.15506524118932927,0.35246717531223537,0,7
5996,919,370.4958071984688,ATM,Grocery,UK,23.0,0.2659224228293601,0.23081298360468977,1,7
1486,16,398.61833712614987,POS,Food,US,22.0,0.2641938527203114,0.40863911091176625,0,7
8910,674,247.370107968595,QR,Food,US,21.0,0.4168544504501137,0.11628104684573222,0,7
5094,214,2.378106050565806,ATM,Grocery,FR,17.0,0.07089175409958977,0.12038539396889578,0,7
1302,226,25.188398362031258,Online,Grocery,US,4.0,0.1132862917564578,0.1852409031065247,0,7
6728,61,87.79525702602861,Online,Travel,US,22.0,0.9076994088358971,0.27063682459274746,0,7
3020,926,302.4469513777914,QR,Clothing,UK,3.0,0.36092086043558125,0.3853746787578501,0,7
4016,820,38.17680182384164,POS,Grocery,UK,18.0,0.2145161058346321,0.15082868015324538,0,7
6675,692,117.91094576887906,POS,Clothing,UK,20.0,0.17588455235586697,0.1353643381105353,0,7
7205,611,53.660638979110175,QR,Travel,US,20.0,0.09626736429050398,0.3062960784051191,0,7
7260,495,24.308734303270633,ATM,Clothing,DE,2.0,0.11389285026066917,0.21299620000243447,0,7
7708,514,502.29617328861116,Online,Grocery,FR,18.0,0.17144966688495714,0.10059429551906993,0,7
8784,886,17.814907499834273,POS,Electronics,UK,9.0,0.1557832941282663,0.35446867992669606,0,7
4791,210,112.7743028169874,POS,Food,US,16.0,0.08926884542657543,0.3234948813423218,0,7
7016,747,14.206898339158819,Online,Grocery,UK,14.0,0.06002621522784089,0.07229416065828047,0,7
6342,51,73.93738423004635,Online,Grocery,US,22.0,0.13661948035864294,0.08224473318589645,0,7
8371,183,245.54206327123205,QR,Grocery,TR,22.0,0.5522113710366863,0.08819715495799382,0,7
3913,539,513.0412670891577,POS,Food,TR,20.0,0.1355461312141543,0.268866218549151,0,7
8246,70,11.278832855669403,ATM,Food,US,22.0,0.062146295032207935,0.14905536154624768,0,7
6213,991,40.95483278146992,Online,Food,UK,20.0,0.14777654252245173,0.08643638632717562,0,7
7908,227,52.71746783482891,POS,Travel,FR,17.0,0.21430008650097684,0.1227717398677114,0,7
1160,731,170.62110043651003,Online,Travel,US,15.0,0.16155286170055871,0.12590675284022912,0,7
5254,857,242.39412390802553,ATM,Food,DE,1.0,0.32982867612743794,0.5978310805131,0,7
3027,957,8.866562794770857,QR,Electronics,TR,12.0,0.08334629109650991,0.11383947213650542,0,7
3584,332,106.24400580346769,Online,Clothing,FR,19.0,0.20604263151548385,0.21301588584071687,0,7
8017,188,10.005450470467348,QR,Food,US,18.0,0.07473735322471753,0.14295628041276143,0,7
7745,899,155.93055947714552,POS,Electronics,US,21.0,0.11411039441570825,0.1917188551135099,0,7
8855,620,60.72766472645083,POS,Clothing,TR,19.0,0.0823787117762205,0.2678988490814914,0,7
4095,792,112.95217162998604,ATM,Grocery,FR,5.0,0.43186779996953273,0.20133395444770338,0,7
3438,65,465.9835212176118,POS,Travel,UK,11.0,0.37460156327522,0.35629233048861203,0,7
2508,766,148.33654547455424,POS,Travel,UK,20.0,0.3589812716489461,0.25165691948749686,0,7
7655,637,326.9767475067975,QR,Clothing,DE,16.0,0.263181010237211,0.4265392629156028,0,7
5879,498,300.85509782025554,QR,Electronics,FR,21.0,0.5666617589100093,0.1674947950653573,0,7
7983,460,203.9558085945482,QR,Grocery,DE,3.0,0.6099988673163258,0.24369913479537822,0,7
5465,491,59.847138667589704,ATM,Grocery,US,18.0,0.34492646235314844,0.7078553628728791,0,7
6227,48,337.3595354763152,QR,Grocery,US,20.0,0.3962879314978306,0.4820093647526478,0,7
1837,715,18.223479053207093,POS,Clothing,TR,11.0,0.10955359403634363,0.14682030896498283,0,7
6286,243,323.90508037534096,Online,Electronics,DE,22.0,0.3803352430178515,0.33373890335332645,0,7
3071,129,66.1265861154119,POS,Clothing,FR,8.0,0.14509415930913497,0.37535367299707245,0,7
5403,491,148.02315098571998,QR,Grocery,DE,20.0,0.10586093191987159,0.16423944868206755,0,7
5266,325,46.623665942819976,QR,Clothing,DE,5.0,0.24320187585275688,0.42642862737292225,0,7
2642,852,4.9350544801902085,Online,Food,FR,17.0,0.48989592885848043,0.2645859398760781,0,7
7322,545,9.20941878455942,QR,Electronics,UK,6.0,0.3112990914234949,0.2700391992270273,0,7
5117,328,21.17169026786781,POS,Clothing,TR,21.0,0.12284680580403108,0.2009287217372008,0,7
9699,959,307.2756831853064,QR,Travel,DE,16.0,0.22743790631210897,0.13544367268248841,0,7
7702,511,253.0074836049794,QR,Electronics,FR,21.0,0.14646164489278737,0.5636929921369053,0,7
1731,941,94.65150650881395,POS,Food,FR,5.0,0.199547632046515,0.3747351474779374,0,7
1695,721,0.0,POS,Clothing,TR,3.0,0.05605167095245661,0.07914158431639932,0,7
7332,603,49.93331845505774,Online,Travel,FR,8.0,0.2456461332952738,0.06953363409404748,0,7
6611,354,134.07661376914137,Online,Clothing,NG,10.0,0.5721020992971654,0.6525250655820483,0,7
5399,55,150.10785915486323,POS,Electronics,FR,11.0,0.34083822284584053,0.3079465033286721,0,7
1226,413,86.0797283001517,QR,Food,FR,13.0,0.16983274580934282,0.15207175314519983,0,7
5734,853,491.62501944271196,Online,Grocery,US,18.0,0.3890765256789529,0.8871765090154872,1,7
6414,44,31.672967811717836,Online,Travel,US,21.0,0.2209458389634135,0.3530138630107994,0,7
5398,491,25.895995055311783,POS,Food,TR,17.0,0.21108330346351686,0.24013274494493878,0,7
2771,104,404.3936654100825,Online,Clothing,US,21.0,0.46281439083481923,0.3985295188763832,0,7
6818,637,94.02674229408971,Online,Electronics,DE,23.0,0.08556450270756705,0.06360791515694518,0,7
3119,745,165.0934966134082,ATM,Food,FR,22.0,0.11893341692491692,0.25234988273335035,0,7
4037,663,87.51850291007854,POS,Electronics,DE,10.0,0.3078981448309261,0.2803096601998363,0,7
2410,715,611.0262528291461,ATM,Clothing,FR,17.0,0.30601836269970345,0.13197398963328527,0,7
8909,548,12.190288498378234,Online,Food,US,17.0,0.31060335453628896,0.1120945277757405,0,7
248,44,19.265984980880962,QR,Grocery,US,16.0,0.07842298108964868,0.08710976559622452,0,7
4145,348,15.12023857406472,POS,Electronics,US,9.0,0.15549169450722658,0.1988273684390566,0,7
5681,203,84.41961523578397,POS,Food,FR,9.0,0.4112734260213339,0.32502861145578593,1,7
3038,227,9.696787110196098,ATM,Travel,TR,5.0,0.06977665262138691,0.16013525099589548,0,7
6574,313,1150.0711319904826,POS,Grocery,TR,9.0,0.18005493849799672,0.7337327552796417,0,7
1259,984,25.931476399730833,Online,Electronics,TR,12.0,0.07623958130305618,0.22841790703015877,0,7
5180,424,32.45086770368594,POS,Travel,TR,20.0,0.13630811794109077,0.0673060360039858,0,7
9287,894,98.47409221049396,QR,Travel,DE,8.0,0.3440309794306775,0.17641816831993617,1,7
6424,889,8.229730920858103,QR,Electronics,US,19.0,0.2650492680442555,0.2344066420918562,0,7
4820,867,52.33635426661019,QR,Grocery,FR,17.0,0.19485662169964243,0.5047526018454368,0,7
8740,309,86.18896661382182,Online,Clothing,TR,13.0,0.07308545457172473,0.1818538236173615,0,7
3649,715,139.5320558893407,QR,Food,TR,11.0,0.3584152008569427,0.21551793966089405,0,7
9121,389,5.140103556907004,ATM,Travel,US,12.0,0.2712074080341725,0.08360534595882164,0,7
3266,840,140.3753498187821,ATM,Clothing,TR,14.0,0.9499771761098214,0.6732294886603564,0,7
5092,82,6.472680902797411,Online,Clothing,FR,21.0,0.1543825240928677,0.1596257971478487,0,7
6762,955,18.547763565988497,POS,Grocery,US,17.0,0.12214986444924271,0.06941903728762838,0,7
2911,357,80.25480453970704,QR,Travel,US,22.0,0.06081922961771766,0.24656984780119778,0,7
8599,828,114.29120854677787,QR,Food,UK,21.0,0.16526624677494192,0.07676687744250585,0,7
5016,128,192.68972250629707,ATM,Electronics,TR,9.0,0.20076871977511013,0.30850970547298184,0,7
5698,995,55.13835563548266,POS,Clothing,UK,14.0,0.29821695375270907,0.10646227397996194,0,7
9880,406,76.6052768953917,Online,Grocery,US,7.0,0.19572994237901695,0.16856585927532514,0,7
3636,22,220.3910594580103,QR,Travel,FR,8.0,0.1815126491576537,0.2919225391581388,0,7
2823,149,67.30334697713744,Online,Food,TR,22.0,0.10209551606017692,0.10526132972675353,0,7
3425,374,200.860244040002,Online,Clothing,US,18.0,0.2710973152010565,0.24000894402318634,0,7
824,576,236.0610993890231,Online,Food,US,15.0,0.19703466112312784,0.226889711999849,0,7
892,545,29.684943302159944,ATM,Clothing,UK,11.0,0.08072375142043481,0.3007480983481476,0,7
1719,70,322.13598262521856,Online,Travel,DE,16.0,0.256433131033548,0.300968614336522,0,7
1680,154,71.68967078629612,Online,Travel,US,22.0,0.1272727057260461,0.06136847868158011,0,7
6613,816,140.6529908843897,ATM,Electronics,FR,10.0,0.830491027132296,0.10502695859045345,0,7
1409,459,64.66751719538162,QR,Travel,US,8.0,0.22282196358507794,0.35707674219508284,0,7
8090,632,99.98049238376717,QR,Electronics,DE,6.0,0.19076551100026812,0.15178466980264332,0,7
4083,225,31.963240740117044,ATM,Food,UK,23.0,0.20806372047919514,0.0964800656102644,0,7
1784,386,347.1977491378985,Online,Electronics,FR,19.0,0.2421364989805273,0.37948722018799386,0,7
3434,625,58.15604344292924,ATM,Travel,US,22.0,0.16379978028285885,0.07365693209525899,0,7
537,678,453.193996407648,QR,Grocery,FR,21.0,0.5390441316812417,0.5878645417367084,1,7
1620,187,201.2371988198821,ATM,Clothing,UK,16.0,0.19854550370177118,0.30306052376462456,0,7
5332,547,605.5403114314144,Online,Clothing,US,20.0,0.5066540045506714,0.5552461017574973,1,7
3897,517,64.54774559284255,QR,Food,US,23.0,0.13418388392460678,0.17735662657863138,0,7
588,339,406.21339742326654,POS,Food,TR,7.0,0.31632193966612254,0.24656326126684225,0,7
9694,134,256.272591593058,ATM,Electronics,US,23.0,0.21716931370863568,0.4237993242358868,0,7
8324,457,103.90462862591109,POS,Grocery,FR,21.0,0.061511414007323434,0.14679683661149193,0,7
2421,170,4.376358216283817,POS,Travel,US,13.0,0.21913586108628283,0.19544156266816137,0,7
4137,863,21.436983323506965,POS,Food,FR,22.0,0.13993003341830992,0.2290506482182414,0,7
7787,312,445.1987731389824,ATM,Grocery,FR,1.0,0.7083910821863156,0.47235571832050527,0,7
7204,906,78.02138067063414,ATM,Travel,FR,7.0,0.11103543293289941,0.1219231578676811,0,7
763,309,306.8857116460944,ATM,Electronics,UK,15.0,0.40967028352947943,0.4596763881843764,0,7
5129,346,0.12487282997766158,POS,Food,US,14.0,0.09065709301870548,0.07746775200740715,0,7
2712,287,18.09307516966468,ATM,Clothing,TR,15.0,0.14819507032533613,0.15171171744472045,0,7
5724,132,44.1810710153349,Online,Travel,FR,11.0,0.17891533282698333,0.26337379591580534,0,7
2261,638,0.0,QR,Electronics,DE,18.0,0.08483808596383513,0.3223897484168223,0,7
2960,992,560.007377215691,ATM,Travel,US,18.0,0.572233025011472,0.4304249487142619,0,7
3547,357,253.07669706582192,POS,Electronics,TR,6.0,0.36974362571192243,0.3222710927766845,0,7
4047,494,109.76231284464397,Online,Electronics,UK,8.0,0.345464821109505,0.18691351230638312,0,7
2920,747,105.04257434588688,POS,Clothing,DE,22.0,0.11987661296578524,0.2531387154494318,0,7
424,688,171.4668277545518,ATM,Clothing,DE,8.0,0.10442624349911361,0.14436965819334854,0,7
3748,201,623.6469762069696,ATM,Clothing,TR,6.0,0.09509495530937674,0.21648108103407193,0,7
9483,399,43.955685247079415,ATM,Travel,TR,13.0,0.08866107222860495,0.09180305303966321,0,7
6635,424,72.56221715236148,ATM,Electronics,FR,8.0,0.18508509236623294,0.27040080553178053,0,7
1923,881,158.4802463022876,POS,Electronics,FR,9.0,0.15413576399464185,0.2690060902078226,0,7
2345,191,14.817137236265719,QR,Travel,FR,9.0,0.10936152696010498,0.08920770226503744,0,7
5962,117,234.92953701656054,QR,Travel,DE,5.0,0.5898038761892429,0.33926001719921545,0,7
3403,715,283.17992243126287,POS,Food,TR,22.0,0.19327907291835966,0.2661539696364203,0,7
7500,918,52.61485114744704,POS,Electronics,US,13.0,0.08234683129382044,0.15833541075119306,0,7
8599,614,238.9570570665977,ATM,Electronics,US,15.0,0.286584782454979,0.3053575469203082,0,7
5137,122,41.675483275588704,Online,Electronics,DE,17.0,0.29581092133070047,0.18235353594898468,0,7
5930,204,37.31977904467501,ATM,Food,US,3.0,0.19208417100693226,0.1209562299092792,0,7
1675,510,389.79551993660954,QR,Clothing,DE,20.0,0.31408051135064136,0.1851039701853096,0,7
2123,898,8.412361396336156,Online,Electronics,UK,10.0,0.16962059594285916,0.17298329424301043,0,7
9165,645,109.89023115300695,POS,Food,US,15.0,0.23881466300896292,0.3597392344715273,0,7
2258,386,175.67053924521565,ATM,Food,TR,9.0,0.08635866108407439,0.0726868454940688,0,7
4508,925,14.721977978142684,QR,Clothing,TR,15.0,0.0775566722368826,0.13219968072523852,0,7
3637,583,144.15463089996126,ATM,Travel,FR,15.0,0.16129078188615895,0.2116393783834189,0,7
7719,376,723.3897031284379,Online,Grocery,TR,8.0,0.4617253704527092,0.13709800099054567,0,7
5964,41,105.85960555634007,QR,Grocery,FR,7.0,0.5842131479613614,0.6655113615153612,0,7
9555,546,365.1234070243053,QR,Grocery,TR,22.0,0.14791806435452898,0.29797519767983416,0,7
795,238,255.837132982267,POS,Clothing,FR,11.0,0.32525442888969314,0.30856847074679605,0,7
8085,900,297.5881625353864,QR,Food,TR,13.0,0.055520981646816056,0.10253371137174255,0,7
3057,334,81.7097287675094,QR,Clothing,US,13.0,0.19081186196004532,0.3641486770922179,0,7
9237,63,188.35317830201456,Online,Travel,TR,10.0,0.25660173828913146,0.4499213164501213,0,7
3196,24,40.51698065439588,Online,Electronics,TR,12.0,0.08375738292845299,0.09109150484194173,0,7
3523,625,91.62391446633549,Online,Electronics,TR,14.0,0.3367147205962335,0.15174150925960805,0,7
5332,572,53.532450015733815,QR,Travel,UK,8.0,0.36096577700029253,0.08291663590888462,0,7
6530,955,207.31638533881255,Online,Grocery,TR,7.0,0.2464440128494869,0.2319843579013214,0,7
1677,471,143.81857413531813,Online,Food,US,11.0,0.1842575277451249,0.40215987462527236,0,7
513,912,732.172439403847,Online,Electronics,US,19.0,0.27572087014462454,0.3944159342433723,0,7
3764,166,106.97405408278985,ATM,Food,TR,15.0,0.3019984858523656,0.09774194864115367,0,7
7746,215,230.60030405621927,ATM,Food,FR,21.0,0.06828033290690608,0.07577324907029839,0,7
2406,794,249.0214443977511,QR,Electronics,TR,14.0,0.08984032571556082,0.2636747569689788,0,7
4593,894,2.964468916978377,POS,Grocery,US,19.0,0.0622362194929159,0.16300373611312655,0,7
3681,580,27.37938426117177,ATM,Clothing,US,3.0,0.06760627504461772,0.06262261586415349,0,7
6879,593,51.402264439942925,ATM,Food,NG,17.0,0.40951409008353973,0.3961727196997045,0,7
2767,978,170.3277343723619,Online,Grocery,FR,15.0,0.3799944353683414,0.21606804310249297,0,7
5628,952,6.670647748353465,Online,Food,FR,23.0,0.5414640059488974,0.3111871458083892,0,7
1835,858,95.25953072347654,POS,Grocery,UK,12.0,0.14530942615163728,0.14653384886350684,0,7
7264,234,29.702858881255988,POS,Clothing,DE,1.0,0.4036707888538961,0.22116528505181327,0,7
5386,219,739.6666643111193,QR,Electronics,DE,13.0,0.41977750480423687,0.16422110114919164,0,7
7377,166,246.1675778504187,ATM,Food,TR,21.0,0.2749029185841957,0.2679174938515455,0,7
1857,456,35.2461811405509,QR,Travel,DE,12.0,0.08090614560678666,0.47759729266098067,0,7
7997,362,175.78509579675494,ATM,Clothing,UK,22.0,0.39076529315704644,0.20511557723169654,0,7
8166,545,246.17545706219735,Online,Clothing,DE,18.0,0.12431626197568349,0.07122388637949226,0,7
4940,387,10.650113459134491,ATM,Clothing,US,19.0,0.0763161841078705,0.07766038775037705,0,7
5320,568,55.69088458999723,QR,Electronics,FR,8.0,0.24347761738713827,0.14124974888223615,0,7
7782,803,41.39002883851248,POS,Grocery,DE,21.0,0.11883739747391245,0.13641703919050513,0,7
2883,659,13.031792404916757,POS,Electronics,UK,13.0,0.6954773486686773,0.3939243417808473,1,7
6529,991,32.55463162559786,ATM,Electronics,UK,17.0,0.513783144345526,0.13011095370767684,0,7
5235,241,173.5959416648387,QR,Grocery,US,13.0,0.1600669991720923,0.20619636274047412,0,7
9149,759,430.33560332846963,POS,Food,DE,17.0,0.2779446186041781,0.20628899899558364,0,7
3659,24,11.597811168652244,POS,Clothing,DE,22.0,0.1182588235093652,0.06452719044668685,0,7
5753,188,181.61994291941696,QR,Electronics,TR,17.0,0.3282971999973636,0.24736977339170166,0,7
962,450,89.49418733333297,QR,Food,DE,21.0,0.23809823792529772,0.1300378062466995,0,7
6324,287,325.26521521108714,Online,Clothing,DE,8.0,0.20761118935125317,0.3100209737564794,0,7
9111,690,506.7388012298217,ATM,Food,US,3.0,0.17513585843534463,0.07554309884071286,0,7
9753,589,1173.0962534016098,QR,Grocery,DE,10.0,0.14019651948359121,0.2509670494547234,0,7
1520,749,54.22914711527286,POS,Clothing,UK,13.0,0.22910683484183206,0.16994950538967635,0,7
5430,724,785.744509805375,QR,Electronics,FR,17.0,0.10017130496759649,0.398545950133083,0,7
2736,675,44.558009522549725,QR,Grocery,TR,13.0,0.23012289940660183,0.1327887747414535,0,7
845,860,20.69508960129384,QR,Travel,TR,17.0,0.08498501059511729,0.0667829421595535,0,7
6999,210,94.11664686966166,Online,Clothing,US,16.0,0.09680129555251679,0.23260161030177268,0,7
2554,458,318.21414263889096,Online,Food,US,18.0,0.333392308809741,0.2857431878439994,0,7
1936,787,140.8201898237771,POS,Food,DE,15.0,0.1599592997010283,0.16906182014777835,0,7
3058,697,0.0,Online,Grocery,US,2.0,0.3022675500302822,0.38496124515301267,0,7
5379,174,476.76301900134575,Online,Electronics,TR,21.0,0.19204700758654816,0.11588156319124629,0,7
590,84,208.7927147474342,ATM,Electronics,TR,21.0,0.08945836874863772,0.07106351573299377,0,7
7080,862,553.5697050437691,POS,Travel,TR,17.0,0.16581832740819918,0.14892907135084588,0,7
8789,889,247.91221822441875,ATM,Electronics,DE,21.0,0.08461672310100639,0.4516732640718571,0,7
6295,429,209.5258766480128,ATM,Clothing,TR,11.0,0.3315041036231113,0.11518912486084043,0,7
5045,324,32.6847973001381,QR,Clothing,FR,22.0,0.21424245741786913,0.06808914273159013,0,7
7888,17,11.21453729070354,Online,Food,DE,13.0,0.14137666042339944,0.3625281155957765,0,7
3446,917,427.39488426950834,ATM,Food,FR,2.0,0.6635549292590708,0.6250414375103075,0,7
403,919,255.39727970001098,POS,Clothing,TR,8.0,0.6305757759823597,0.1822682554898443,0,7
2317,937,9.175619422624289,Online,Travel,US,22.0,0.6452170594815383,0.41148542587688697,0,7
9990,513,5.834674530598882,QR,Food,US,18.0,0.16941158582603955,0.45602870478713475,0,7
1901,163,113.09738381889092,ATM,Travel,DE,18.0,0.09961278031359613,0.1252698652886813,0,7
2673,100,225.2755564147001,Online,Clothing,UK,21.0,0.8104583236025885,0.3097974577305215,0,7
8233,941,38.93686437813772,Online,Clothing,UK,8.0,0.30433553211168873,0.31788176835538307,0,7
808,99,470.72884093566245,ATM,Clothing,US,14.0,0.25385169104010435,0.09787090463745879,0,7
5695,819,132.64597804994995,Online,Electronics,UK,19.0,0.13411928114896293,0.08263880689943373,0,7
9714,421,447.62543106756885,POS,Electronics,DE,3.0,0.13361211185640381,0.1765681981390825,0,7
8684,857,53.40763254672963,QR,Grocery,TR,13.0,0.4480876684103227,0.24101889415780386,0,7
8003,746,335.5245913165076,Online,Grocery,DE,3.0,0.5580524855132253,0.504194504208084,0,7
767,877,370.8581134413287,POS,Travel,FR,11.0,0.22766064426435167,0.49127112325945743,0,7
1255,898,85.1159582217981,Online,Food,US,17.0,0.09894928893174468,0.1064925442613092,0,7
8249,334,0.0,QR,Food,US,23.0,0.20451244046250897,0.24247805118777077,0,7
71,145,37.13109642593322,QR,Travel,TR,6.0,0.43118898945029105,0.2311833108714772,0,7
4359,821,197.6234916167131,POS,Travel,DE,12.0,0.10319587808647898,0.13909150984913435,0,7
5945,642,33.95524106400249,POS,Electronics,US,14.0,0.14493071847908057,0.3335744431216713,0,7
9944,15,9.682431933372163,QR,Clothing,FR,21.0,0.09883132020340411,0.06371710337123937,0,7
7205,553,0.0,ATM,Clothing,FR,16.0,0.3123558461419299,0.17462678025495945,0,7
4276,623,23.80285577600756,QR,Clothing,FR,13.0,0.23664101724682782,0.9068464946960836,0,7
88,339,11.995921558018797,ATM,Food,FR,20.0,0.4835371836075582,0.062093259733351544,0,7
314,432,0.5128991176614086,QR,Travel,US,18.0,0.26493462672023493,0.07842782340994112,0,7
724,372,41.22800081660581,QR,Travel,FR,11.0,0.11330460467806741,0.2169465176467935,0,7
2444,314,180.04449406836758,ATM,Travel,DE,19.0,0.32094753496236417,0.23917720028492856,0,7
2649,337,29.007214431251874,POS,Grocery,FR,14.0,0.42355690671714985,0.437916234669026,0,7
9303,252,2.4315662523537287,POS,Food,US,13.0,0.4195093528604406,0.39701208186391457,0,7
8504,753,256.87786984818104,POS,Food,US,7.0,0.22467907654208236,0.24555446319976998,0,7
8884,185,408.0940323962639,QR,Grocery,DE,19.0,0.34296994958810856,0.31675543888927027,0,7
8353,415,170.44846841689125,Online,Electronics,UK,6.0,0.2602470465966524,0.385545810199454,0,7
5301,962,453.1483624891163,POS,Clothing,UK,3.0,0.48798416106923004,0.3114704176173976,0,7
8269,534,92.50949216283608,QR,Clothing,FR,19.0,0.1604092627063285,0.23063564751687923,0,7
1925,795,504.83047367591564,ATM,Food,UK,15.0,0.22552288147278687,0.30390852826731424,1,7
4147,977,2.770284637038639,Online,Clothing,DE,6.0,0.12530796290382418,0.48783956320722693,0,7
2117,237,67.7201855803345,Online,Travel,UK,12.0,0.4180174514438064,0.2828964269975682,0,7
1781,554,263.6845172603109,ATM,Food,DE,21.0,0.3434708179684469,0.18139619893584924,0,7
5167,568,12.639186498734098,POS,Electronics,FR,6.0,0.16177944163159352,0.4952280921446894,0,7
6341,547,378.54880693382364,POS,Grocery,TR,22.0,0.5225047746247877,0.3963571164896933,0,7
9731,654,47.2184235220339,QR,Clothing,UK,21.0,0.1432884889243418,0.2182315788743322,0,7
7403,667,33.24794347797452,Online,Clothing,US,11.0,0.29139448598101303,0.20570585953652357,0,7
5026,600,27.025282859413068,Online,Electronics,FR,18.0,0.24219834283000283,0.12666373731999703,0,7
4752,205,98.96346628082655,ATM,Grocery,UK,19.0,0.13855204763128753,0.7260150340684518,0,7
1526,381,37.644515160076736,Online,Grocery,TR,15.0,0.7710458584352066,0.36142432510062084,0,7
6466,508,0.4744773743266555,QR,Clothing,TR,19.0,0.06980427348205623,0.22721962881224902,0,7
3295,764,57.15568654844681,QR,Travel,UK,14.0,0.32262319645334064,0.16217704263161214,0,7
5009,363,28.115251214594608,POS,Food,FR,19.0,0.0662772846486113,0.13765155881894398,0,7
8081,873,72.2140484139179,POS,Electronics,TR,18.0,0.11489674483101045,0.5432158050214562,0,7
7638,890,74.79661085366953,QR,Grocery,TR,2.0,0.2692215409747301,0.4196920824529684,0,7
5408,140,24.50017741459621,QR,Electronics,US,12.0,0.22312889509228798,0.11891895419712338,0,7
8182,903,311.25170523141566,Online,Food,FR,21.0,0.16400088776095523,0.6947640643416938,0,7
9522,516,4.041625243771334,POS,Electronics,FR,20.0,0.17148888616672206,0.12315601746462686,0,7
1098,132,79.44067558567065,Online,Grocery,US,16.0,0.1329076163464089,0.09960180342732446,0,7
497,882,201.27907713408013,ATM,Food,US,18.0,0.2591449163090425,0.08830795675007616,1,7
4671,556,335.0783534072257,QR,Clothing,TR,17.0,0.6534111688957702,0.3190181300208025,0,7
5687,272,251.8874265273247,QR,Food,FR,22.0,0.4131041056701764,0.463064240502772,0,7
8707,408,57.72957078367285,QR,Electronics,FR,7.0,0.10773799100879672,0.37958747997984044,0,7
9999,924,132.48772910768096,POS,Travel,TR,19.0,0.35448264338860574,0.29726596161014673,0,7
5814,714,382.7322106616325,POS,Electronics,TR,8.0,0.44338866996973914,0.21689708809504268,0,7
670,784,120.7190430323167,POS,Travel,FR,16.0,0.0986081720102456,0.11337576364209254,0,7
6038,612,0.0,Online,Electronics,US,19.0,0.25334567524173107,0.08906179398694461,0,7
6535,634,70.25531149623879,POS,Grocery,TR,13.0,0.27168190804772613,0.1947565499446866,0,7
2634,114,21.182188524969714,ATM,Grocery,DE,15.0,0.09840591265123277,0.07457288329785079,0,7
8053,775,48.71811849293918,QR,Travel,UK,13.0,0.19894731968132037,0.2811453347757933,0,7
2157,882,259.4172616073201,POS,Electronics,UK,18.0,0.35332971270998453,0.16475685628811115,0,7
4985,191,277.5724809933505,ATM,Clothing,TR,18.0,0.678086043893654,0.5746228596737938,1,7
8678,58,190.3529116374637,POS,Travel,DE,6.0,0.22412997931841516,0.28051495645810753,0,7
1531,899,37.85311841020184,POS,Food,DE,3.0,0.19940215200916558,0.10832295951077077,0,7
5940,499,302.51330313095065,POS,Food,FR,20.0,0.2352376388202841,0.4066145233325973,0,7
6256,163,154.0230197062549,Online,Food,UK,23.0,0.13504999267219117,0.1717412818159218,0,7
2097,769,2.2184606579240773,POS,Travel,TR,23.0,0.41408131574871965,0.26953715818887497,0,7
7781,242,87.66334609618782,POS,Travel,TR,8.0,0.11316246081584622,0.13030727500428907,0,7
4421,74,111.14050768458995,QR,Electronics,DE,22.0,0.14787706150466945,0.15921712252044354,0,7
185,133,88.40545336157095,ATM,Food,UK,7.0,0.2827608491574678,0.11417454619776814,0,7
6598,732,35.61406642323475,QR,Electronics,UK,17.0,0.10203402815084026,0.12148061095652488,0,7
6879,707,414.2922315453402,Online,Clothing,FR,15.0,0.45755703709033935,0.21407734971077796,1,7
2520,84,92.68111156899484,ATM,Travel,TR,7.0,0.10554597894070647,0.13773260417328964,0,7
6714,699,291.4882606376377,QR,Travel,TR,18.0,0.3820425330100383,0.3238722432299114,0,7
3570,100,579.8237070186526,QR,Electronics,FR,19.0,0.24869867662106704,0.2366751640619329,0,7
3108,55,131.88385146563408,Online,Food,DE,15.0,0.3268578402601764,0.46921795273001,0,7
7735,197,59.44270069415501,QR,Grocery,UK,13.0,0.22412627077712133,0.5111398459752603,0,7
2185,413,259.3370798407238,Online,Clothing,TR,21.0,0.12060249102116621,0.3116664684648996,1,7
1967,560,32.80142866942155,ATM,Food,US,20.0,0.10389770280945923,0.28552416800042574,0,7
1849,261,33.63044305319956,QR,Food,UK,2.0,0.3443600893703219,0.16875512641395715,0,7
8850,230,7.983346095944383,POS,Travel,UK,8.0,0.1282749377431704,0.09494501513395692,0,7
4116,630,134.01249751583475,POS,Grocery,DE,9.0,0.1977895533174416,0.3218268292810384,0,7
6119,267,1377.8389914198513,ATM,Grocery,TR,14.0,0.9087664574313229,0.3856455126001146,0,7
5981,704,115.64318461007478,QR,Electronics,US,2.0,0.09439511108928655,0.31819801385723245,0,7
6991,595,84.92381325692395,POS,Food,TR,18.0,0.09993091210988479,0.10898758452977067,0,7
5286,762,704.1932571136259,ATM,Clothing,US,19.0,0.3049792157236323,0.38542193300523253,0,7
1115,646,111.7941172129068,Online,Food,US,12.0,0.0755849389100121,0.3323684354702305,0,7
3210,753,148.2052578675847,QR,Clothing,DE,13.0,0.1674254234742434,0.2912443811567067,0,7
3026,926,316.5894708724742,QR,Grocery,FR,21.0,0.4208102150474616,0.19435011806354885,0,7
7671,243,46.26667647241325,POS,Electronics,TR,0.0,0.11604710150520067,0.14956162521881705,0,7
9714,845,19.005510523989077,QR,Grocery,US,12.0,0.26428267940515476,0.2947359494598368,0,7
2124,408,63.21018679116252,ATM,Travel,UK,17.0,0.15945887609251727,0.24224777069331246,0,7
8695,953,98.20148820480945,ATM,Electronics,DE,14.0,0.10369207733329272,0.07422266556766405,0,7
7565,125,1236.6195644278755,POS,Electronics,US,22.0,0.27198457939075144,0.6131173802040677,0,7
6194,514,96.44299944871385,Online,Food,UK,18.0,0.0653661789634933,0.09708445682597289,0,7
8204,342,159.8196763970058,QR,Grocery,UK,20.0,0.14765353968567863,0.11332222823795793,0,7
1201,917,231.6792774748714,QR,Food,FR,23.0,0.10426326971625127,0.14875836246504293,0,7
9163,699,69.26615126784215,QR,Food,US,22.0,0.13902587633214863,0.20608524665240494,0,7
3884,721,183.5768413918505,QR,Clothing,UK,18.0,0.20107606564859476,0.16066043469370325,0,7
4709,22,235.99935275083115,Online,Food,TR,19.0,0.12309435611446826,0.09676324262970332,0,7
1698,528,86.86944997505249,Online,Travel,FR,17.0,0.2026679502533745,0.18289405161288277,0,7
2585,157,227.4075490234714,POS,Clothing,DE,11.0,0.27370350113470515,0.3597688058986332,0,7
8849,680,114.49641446412869,ATM,Travel,UK,4.0,0.1058143347352343,0.17585495705648574,0,7
6343,431,211.62103298660506,Online,Travel,FR,9.0,0.0752372716202608,0.24358030119209453,0,7
2866,443,24.49488766553145,QR,Travel,US,5.0,0.19391342431520991,0.3996990385834194,0,7
6023,724,216.46373243723642,POS,Electronics,TR,14.0,0.17630810145772347,0.20439782710695636,0,7
9168,561,126.25006449912517,Online,Grocery,DE,3.0,0.2084156639348742,0.34570177381040257,0,7
3084,95,253.4905983241239,Online,Clothing,DE,23.0,0.1718036965641785,0.21045206601839864,0,7
6435,859,303.98341770063917,Online,Grocery,TR,19.0,0.42148716461189234,0.351795518529636,0,7
5288,389,2.4459959527943007,Online,Electronics,FR,8.0,0.25265347795734977,0.20314511247831046,0,7
5970,510,604.0959404761736,POS,Clothing,FR,12.0,0.15367222227949678,0.7008754292773777,0,7
5524,572,356.4232997686437,QR,Travel,US,11.0,0.22662218415147095,0.1633720382559741,0,7
3204,237,97.30954372801354,POS,Electronics,FR,23.0,0.2356557278221994,0.23482893546255212,0,7
4900,246,42.794259518110955,Online,Electronics,US,18.0,0.06383558120491967,0.0952319924470859,0,7
161,716,2.194126688561111,Online,Food,US,8.0,0.09217806233180523,0.10641989599464217,0,7
9581,892,190.61438214893118,ATM,Clothing,US,17.0,0.15391537736001565,0.29534756813536717,0,7
652,812,451.0392421555435,POS,Food,FR,19.0,0.2589448360519259,0.24030245765783337,0,7
2701,187,99.79218352897423,QR,Travel,UK,7.0,0.4296652783191938,0.11916329128599357,0,7
5032,478,682.688079868375,Online,Clothing,UK,15.0,0.09072381445942823,0.1309852956968141,0,7
9062,463,27.413747424445422,Online,Food,DE,22.0,0.2730569534912006,0.1794176414113544,0,7
6410,516,198.81008139277534,POS,Clothing,DE,22.0,0.3086467850108246,0.33180127523499275,1,7
78,841,17.89198033430674,POS,Clothing,DE,9.0,0.15736473700517706,0.16602167707685175,0,7
2435,782,57.23158652942173,POS,Grocery,DE,21.0,0.07628485679171948,0.060732611873999906,0,7
2715,222,185.54351605371488,QR,Electronics,UK,10.0,0.11702655211819621,0.28481589107657274,0,7
9664,336,125.64550209094494,QR,Food,FR,22.0,0.6723238379937817,0.4244540412294908,0,7
9562,885,0.0,POS,Grocery,US,14.0,0.3088446382173886,0.29911758543518824,0,7
2620,762,234.42974865900257,QR,Clothing,TR,15.0,0.12802603604540747,0.24502668339899658,0,7
5923,86,309.05065882569727,POS,Electronics,TR,4.0,0.16779830330695358,0.2254112548503037,0,7
790,501,47.332699718170375,QR,Grocery,UK,16.0,0.2900996210009752,0.09955868274162258,0,7
8635,707,167.76257224331852,POS,Travel,DE,15.0,0.16584414459637753,0.4702379197064749,0,7
5102,268,0.0,ATM,Electronics,TR,19.0,0.05845707213242397,0.10848924263218912,0,7
7849,438,291.47807928560525,ATM,Food,US,19.0,0.24278737113428522,0.5892309908243473,0,7
9179,383,11.80300384620725,QR,Food,UK,12.0,0.09656435784797532,0.09514649100453357,0,7
7778,556,0.0,Online,Travel,FR,18.0,0.15096892731027392,0.08630449683130291,0,7
8805,483,263.82158176685624,QR,Food,US,17.0,0.20055894906689467,0.07420349661124077,0,7
99,736,344.219509160089,POS,Grocery,FR,9.0,0.18460035161754282,0.2936471449550539,0,7
1471,51,148.08181111172917,Online,Food,UK,20.0,0.0731971339802952,0.07674616164439897,0,7
1034,637,93.24284526703197,POS,Grocery,FR,8.0,0.2436496941807653,0.14109472210310886,0,7
4300,919,380.247616811214,ATM,Food,TR,15.0,0.1421294395203702,0.351556457993661,0,7
9094,533,236.28546090592914,QR,Travel,UK,1.0,0.4765176057862064,0.4409694661501709,1,7
1284,247,23.402168327925654,QR,Travel,UK,17.0,0.12055055461748429,0.0721267062215386,0,7
3610,445,141.73831448963531,ATM,Food,US,17.0,0.2780694230199572,0.2216322246515546,0,7
8520,241,337.02978009787046,QR,Grocery,UK,16.0,0.7092566829051649,0.43795164580638696,0,7
5190,665,16.814580553046476,POS,Electronics,TR,20.0,0.15374923887729303,0.26087960381667624,0,7
6461,387,214.7583733180394,ATM,Food,TR,18.0,0.2990367298827399,0.48186929563872183,1,7
1007,245,841.6370118480218,QR,Electronics,DE,15.0,0.2537698904512617,0.3343691861449891,0,7
2361,428,13.455216820010254,POS,Travel,UK,18.0,0.19947800942896518,0.07653628669340529,0,7
4803,95,93.2999662101539,ATM,Electronics,TR,18.0,0.1913754289657824,0.20200812029570814,0,7
9696,18,13.135680906618894,POS,Travel,FR,19.0,0.13541875011255963,0.1843873947423632,0,7
8270,110,442.29628520036,QR,Electronics,FR,20.0,0.16324852280185434,0.08960561665299599,0,7
7414,86,6.229086301966301,POS,Food,US,22.0,0.12383700601724822,0.14537802235031183,0,7
9132,822,3.213796018978343,POS,Food,TR,18.0,0.16283140162670637,0.12311536349043933,0,7
5568,71,168.37282840024932,QR,Travel,FR,9.0,0.21858056182817245,0.4155454359320724,0,7
5105,121,61.29579600907177,QR,Electronics,TR,12.0,0.09884380578094229,0.23502920619334014,0,7
538,107,497.02082704525463,Online,Electronics,TR,19.0,0.29692661401971326,0.18135729802393544,0,7
6718,888,324.77716770105343,QR,Grocery,US,11.0,0.18837268927697565,0.2704696602843526,0,7
4780,946,188.5887732241759,POS,Clothing,US,17.0,0.14907843676418459,0.2560938923313659,0,7
4630,510,190.77487571720584,QR,Food,TR,11.0,0.06341047636240926,0.12357209658843474,0,7
5585,74,74.03754084332279,Online,Food,FR,15.0,0.3724515864078843,0.15415599777833955,0,7
4952,725,599.229221238952,QR,Grocery,US,13.0,0.15915786886157032,0.21826666057666705,0,7
7463,58,30.051091951280785,ATM,Travel,FR,4.0,0.1816028886196721,0.2811710733653096,1,7
9189,386,53.58121295823057,Online,Clothing,DE,15.0,0.16459217665617157,0.1847581604755224,0,7
2085,951,260.1441831633366,ATM,Electronics,DE,12.0,0.6448645371951969,0.5011018928540933,0,7
4822,24,17.49358627665731,POS,Grocery,TR,20.0,0.1951868630279445,0.33234689993019073,0,7
3532,748,10.848088005751972,Online,Grocery,DE,13.0,0.22527817899235578,0.25933330499724905,0,7
3685,298,43.08166758303183,ATM,Grocery,DE,11.0,0.06505200754711625,0.07742804237821801,0,7
7089,790,0.0,Online,Travel,NG,11.0,0.14891536139085457,0.10873491042530581,0,7
5453,574,333.41302683253514,QR,Grocery,US,22.0,0.3479598878982797,0.1270144445629528,1,7
1685,72,0.0,Online,Electronics,DE,15.0,0.14681086536658386,0.10053270568174662,0,7
6613,213,25.252605781916863,Online,Clothing,TR,4.0,0.24544348902389523,0.2540543304132969,1,7
3964,558,183.26678639572629,Online,Electronics,UK,13.0,0.2231400754654539,0.18692188788616737,0,7
8350,393,4.101014887999707,Online,Travel,TR,23.0,0.057554958303282076,0.05662759624509112,0,7
5748,581,237.29928634278994,QR,Food,DE,16.0,0.07131620539225168,0.34970893034880346,0,7
6306,681,21.714022037491826,ATM,Clothing,FR,13.0,0.1953023991960726,0.5283909719364148,0,7
5556,868,720.1732351256651,ATM,Grocery,UK,18.0,0.1959579311815937,0.2124111789433621,0,7
4203,746,333.74868790121485,QR,Electronics,DE,20.0,0.24544037991383058,0.5132133507656274,1,7
9091,369,83.0097372610125,POS,Food,TR,19.0,0.3434382412205879,0.3174343076834879,0,7
9254,307,1.6528500967884492,ATM,Electronics,UK,12.0,0.06836468686171156,0.0683865564826741,0,7
23,851,52.78767789118901,QR,Travel,US,5.0,0.11504299324562436,0.4252858017460996,0,7
6783,956,476.43195844920723,ATM,Electronics,DE,19.0,0.31345939791701694,0.22304587493642503,0,7
5376,694,112.6624286099671,POS,Grocery,DE,8.0,0.16998568934906721,0.19232851636552137,0,7
1475,690,298.22334243884916,QR,Electronics,DE,15.0,0.22830298871419985,0.3970700772119232,0,7
8874,580,255.03103216791231,Online,Travel,TR,22.0,0.16219441769430648,0.19231171558029203,0,7
4465,835,47.83384881927222,Online,Grocery,DE,18.0,0.08584181278056781,0.3407207134294756,0,7
2083,176,120.27738929144797,Online,Travel,TR,20.0,0.45936210178057313,0.7024914052586534,0,7
6139,435,84.17192312927155,ATM,Electronics,UK,17.0,0.8675126629894561,0.4685662007877417,0,7
1397,479,534.6670293626269,Online,Grocery,US,19.0,0.13864493327021532,0.409196649455082,0,7
634,557,117.88945076597395,POS,Electronics,US,18.0,0.07339774658493328,0.27168980826770794,0,7
9040,399,480.82646888641034,QR,Grocery,DE,13.0,0.06786358627413762,0.30435162830408163,0,7
2411,230,23.791708843588566,QR,Travel,UK,22.0,0.22349583696506065,0.26947639239699456,0,7
5499,840,383.0635459523236,QR,Food,DE,16.0,0.5109860317845616,0.36206508268277443,0,7
5858,64,206.29707356003073,ATM,Electronics,UK,22.0,0.3340866228272967,0.7862922908493405,0,7
7346,595,13.72057948380593,QR,Grocery,FR,18.0,0.13351080322702352,0.07254110962159363,0,7
8435,163,154.51401320726828,QR,Electronics,FR,12.0,0.2252748793931356,0.16299617633597976,0,7
6675,104,373.53880795686325,Online,Food,US,14.0,0.09616885293203388,0.22818169658977436,0,7
7913,707,3.8341754161045927,ATM,Grocery,UK,16.0,0.1379119288113016,0.06445462969061139,0,7
9445,688,459.22091599451204,ATM,Electronics,US,18.0,0.19121142160414276,0.10825280698884976,0,7
7848,458,2.1834780799914455,ATM,Clothing,DE,10.0,0.14433142129654608,0.21241866467468418,0,7
4664,986,85.09376305257739,Online,Travel,FR,15.0,0.20791062698990617,0.14974843910587524,0,7
7346,81,145.92408550950884,Online,Travel,FR,19.0,0.5041074336608152,0.48560074494069433,0,7
5185,835,179.29789768512438,Online,Electronics,UK,21.0,0.22348050451526902,0.3887593047151194,0,7
3865,598,12.97128255160725,Online,Clothing,TR,23.0,0.3181970915574872,0.462272516816668,0,7
4496,990,3.0145695968683923,ATM,Travel,DE,21.0,0.31293445800447156,0.1385792201968233,0,7
4865,124,539.3966706872385,QR,Travel,UK,11.0,0.5472006292768495,0.16295793747742635,0,7
6472,936,523.601078495201,POS,Clothing,UK,19.0,0.19750236307930877,0.1456269634059658,0,7
7175,82,90.16761691106277,ATM,Travel,DE,4.0,0.08045887360023779,0.22192231195043208,0,7
3337,338,612.0698955142927,QR,Grocery,TR,18.0,0.33987215650807673,0.24678225365122342,0,7
1628,69,132.56229233081848,ATM,Clothing,UK,13.0,0.28233282621904077,0.21612967066692718,0,7
5897,959,17.40810604235577,QR,Clothing,TR,13.0,0.10685538921625717,0.08316704612703754,0,7
5149,630,186.47168354923275,Online,Travel,DE,11.0,0.15003595434510736,0.2658931068633288,0,7
5939,645,169.32242316835777,QR,Electronics,FR,22.0,0.17140718374835093,0.0848855036696344,0,7
7194,726,41.382764890437095,ATM,Clothing,UK,7.0,0.22636716639647234,0.17235854859671962,0,7
5618,700,338.4454901114044,QR,Grocery,TR,18.0,0.3900936802376287,0.4305887218158983,0,7
3285,909,97.17588176208639,Online,Food,UK,18.0,0.12003751339767892,0.22512987182278907,0,7
3218,674,28.70997903716246,POS,Food,FR,19.0,0.22198317267993253,0.4460429814580847,0,7
6780,533,23.769368057210357,ATM,Electronics,FR,22.0,0.5702830959213381,0.1931728959007175,0,7
3487,696,201.8554390662453,QR,Travel,UK,5.0,0.19567407340368187,0.07172865963643776,0,7
7750,821,108.97719513764724,POS,Food,UK,8.0,0.5418875176825149,0.1241435201168666,0,7
8186,227,36.19673746106491,Online,Grocery,US,11.0,0.2993317105529528,0.44124945618794575,0,7
9777,527,310.41226340275125,POS,Electronics,US,9.0,0.09007998825384816,0.3488812424464981,0,7
7775,554,53.09627044458737,Online,Grocery,DE,5.0,0.17249050559702556,0.17803753934741723,0,7
1113,550,271.590516641478,QR,Grocery,US,19.0,0.22386924621369092,0.44385211673940067,0,7
6815,238,34.78352622029807,POS,Clothing,FR,9.0,0.14918046309081034,0.0845842247257983,0,7
4167,206,214.5185775942525,QR,Electronics,UK,16.0,0.14112672200730156,0.2761655344410459,0,7
7996,557,0.07737897823342621,Online,Travel,DE,14.0,0.1159948005863839,0.1509485597989637,0,7
3423,667,152.2076806135234,Online,Grocery,US,8.0,0.129558809772093,0.2374081088328672,0,7
5078,908,202.4027268808669,QR,Food,UK,22.0,0.13498574036045585,0.15920912794191255,0,7
1340,317,54.21461036647641,POS,Travel,TR,14.0,0.14512671753799827,0.35364484670200735,1,7
117,628,251.8223856161618,POS,Clothing,UK,17.0,0.3250275370106832,0.2158832232947946,0,7
1754,537,210.14546593530704,POS,Grocery,TR,15.0,0.4998273587967142,0.20307101129825347,0,7
7773,755,55.613945231613236,POS,Food,FR,15.0,0.1515647913874459,0.1932471832972005,0,7
8946,674,47.63167705668122,ATM,Travel,FR,14.0,0.08528379788046349,0.06581597127821225,0,7
3854,864,231.5247901013244,ATM,Grocery,FR,10.0,0.08877169434791837,0.24076981663975688,0,7
8675,236,3.6168656631740532,ATM,Clothing,US,12.0,0.4542621462405432,0.17841267109074005,0,7
4741,630,218.25792847297953,ATM,Electronics,TR,17.0,0.1772369958969917,0.4506243342716894,0,7
7024,184,21.539578437056683,Online,Travel,TR,20.0,0.060430042403882604,0.062084580715165406,0,7
1213,411,161.90512708449612,Online,Grocery,US,7.0,0.1956053911664875,0.7121216770307084,1,7
6980,489,0.7774040256022627,QR,Food,DE,10.0,0.16929629831666604,0.21654221961096184,0,7
6317,246,503.3040002499979,Online,Food,TR,16.0,0.44371458526397795,0.35642569958527803,0,7
5401,193,15.954508013669905,Online,Food,FR,23.0,0.2250306398872861,0.09942424761320852,0,7
6207,100,320.68372884556123,QR,Clothing,TR,23.0,0.5319174889326949,0.5396444013615926,0,7
8195,443,175.93289873947333,QR,Clothing,UK,19.0,0.5242166436324568,0.19435265731278795,0,7
7256,924,456.8608746262284,QR,Grocery,FR,7.0,0.43149456400630254,0.2951985406706304,0,7
7116,854,63.74815847001906,Online,Grocery,DE,6.0,0.08634023611518318,0.41976952557772035,0,7
2106,404,48.73690205042944,POS,Travel,FR,14.0,0.10391061364031362,0.09211889308144923,0,7
1650,5,100.80979247248933,QR,Grocery,FR,21.0,0.286225990069544,0.15023645683041056,0,7
6133,312,84.75791593086926,Online,Clothing,TR,8.0,0.1001113911404542,0.3525428273541702,0,7
1119,751,88.41049234052628,POS,Travel,TR,12.0,0.1663502387122867,0.3987867689035034,0,7
5805,292,4.27429020318929,ATM,Electronics,US,16.0,0.06534416297171351,0.05984151067517481,0,7
4660,47,137.9603792014533,ATM,Grocery,TR,20.0,0.20189128026824416,0.10250653267399724,0,7
4479,784,20.52318126570836,POS,Travel,DE,14.0,0.07188478702516132,0.10461229596168525,0,7
4207,563,9.165085965901856,Online,Travel,US,15.0,0.28107888023377053,0.16097099561573908,0,7
7516,127,454.2125850855546,QR,Clothing,TR,23.0,0.7194629787957465,0.20556135972537048,0,7
1532,435,280.4380208711429,Online,Electronics,TR,20.0,0.0969896001311964,0.17607563317452107,0,7
1568,49,117.11243572615017,POS,Travel,TR,14.0,0.3681679555381803,0.2514364475559916,0,7
7716,18,83.62095310476361,Online,Travel,TR,23.0,0.09155897657133093,0.23068337276505949,0,7
7022,249,583.9178310675288,QR,Clothing,FR,8.0,0.3980698995982211,0.47448901876558147,0,7
4297,583,212.09812595377934,Online,Grocery,UK,20.0,0.19048773645627903,0.3641742583849532,0,7
2006,759,42.421546425298466,QR,Travel,TR,19.0,0.3514504825145112,0.2881518984604245,0,7
844,252,200.55723122262407,QR,Food,FR,5.0,0.14964205947607714,0.1283938604127029,0,7
6794,805,43.441846870312574,QR,Clothing,UK,15.0,0.10994183606288921,0.17775599707394424,0,7
5115,180,327.14622662458254,Online,Travel,UK,21.0,0.27785392855523366,0.2469326578529426,0,7
509,379,16.19541365598264,Online,Electronics,TR,7.0,0.29231820277754106,0.6462297434316268,0,7
8762,194,199.06446735186157,POS,Clothing,FR,18.0,0.08028397315957181,0.10079340174336966,0,7
9349,926,6.998379143353127,POS,Grocery,DE,11.0,0.15830155320116118,0.2216582424208936,0,7
1297,336,156.71708812400882,POS,Clothing,FR,22.0,0.1269757539730948,0.2532020040983961,0,7
7736,390,29.101589766805425,ATM,Travel,UK,12.0,0.1119914376823129,0.06512281410177076,0,7
3429,317,431.2734484622918,ATM,Grocery,DE,21.0,0.10158054070659997,0.16494280351374566,0,7
6241,792,11.278530158710753,POS,Travel,FR,19.0,0.16487945054947972,0.22251003741000944,0,7
7044,626,116.58484589458088,QR,Electronics,FR,16.0,0.2524370170433306,0.45422897787054356,0,7
8714,132,39.4554456935418,Online,Electronics,FR,20.0,0.3701594256511673,0.10870359754928027,0,7
6300,272,355.2137692118653,QR,Grocery,FR,19.0,0.2011493565911419,0.20593643473606763,0,7
2421,942,31.900335649452664,ATM,Food,FR,15.0,0.10843499994146301,0.17656887036215255,0,7
639,862,289.0617745611572,ATM,Electronics,FR,19.0,0.10227163860688124,0.06114932726829257,0,7
7416,92,400.8978022298324,Online,Grocery,TR,2.0,0.5971344354635256,0.43739222409943185,0,7
3467,463,6.634836858746835,POS,Grocery,US,19.0,0.06613775074562794,0.3107989705796442,0,7
1732,778,407.49829440314335,ATM,Travel,FR,17.0,0.751867900400766,0.24206402687666656,0,7
1365,857,119.65656919122742,POS,Food,DE,23.0,0.11088259955592213,0.1012367862103589,0,7
530,522,1174.1740081075181,ATM,Travel,TR,4.0,0.20023506744987035,0.28627872575768254,0,7
7341,569,200.79305276871682,ATM,Clothing,DE,17.0,0.12655519256200953,0.7219315202889475,0,7
4141,613,91.11729729383812,ATM,Food,FR,22.0,0.24906333446642334,0.06879841036943321,0,7
1581,217,30.359549009712456,Online,Food,US,14.0,0.1258736767133504,0.07415709935070947,0,7
1211,187,139.806210637643,Online,Grocery,FR,2.0,0.1058176696187497,0.07306541704252661,0,7
3366,239,19.687042862209832,QR,Grocery,UK,15.0,0.46900922379786913,0.55270987745537,0,7
1130,575,236.78565775086042,QR,Travel,DE,13.0,0.6227312891272586,0.6101156237181524,0,7
3485,656,443.2109694807919,POS,Food,NG,16.0,0.24664616334544998,0.4634611817647036,0,7
4144,461,762.132578451912,POS,Clothing,FR,11.0,0.36923324843922406,0.8714069399740139,1,7
6553,497,45.512385395088884,POS,Travel,FR,18.0,0.1049589793226557,0.14477298593882817,0,7
329,406,17.731835117401044,ATM,Travel,DE,6.0,0.09208364563749574,0.1673655894732908,0,7
8334,649,9.619978799032111,ATM,Food,US,14.0,0.1634420613602853,0.202094774562936,0,7
4002,372,26.931894919813722,ATM,Electronics,TR,22.0,0.1488895897401973,0.06624523232202645,0,7
1932,686,128.58292140367655,POS,Food,DE,15.0,0.18186282033495127,0.3052046282102974,0,7
3560,924,2.301179432268209,ATM,Electronics,US,12.0,0.1773732254363794,0.24822442252829055,0,7
7684,80,199.44141290626956,Online,Food,TR,23.0,0.6475880950281747,0.36672828239444333,0,7
1352,56,236.4922771501499,POS,Electronics,UK,6.0,0.43342768337642873,0.30685143804490206,1,7
8733,291,120.28338972429604,POS,Food,TR,9.0,0.0973485945973326,0.14687810187034028,0,7
2279,357,154.05932434161593,ATM,Electronics,US,18.0,0.10151760204354587,0.10309105127381134,0,7
6003,61,64.38908033109564,ATM,Food,FR,14.0,0.27300802257572976,0.18867400195516937,0,7
8747,393,9.916103907014191,POS,Grocery,DE,19.0,0.12964008158888596,0.2631502314080309,0,7
8043,946,47.786297961649986,POS,Clothing,FR,3.0,0.6027042909794462,0.18830544567320942,1,7
6639,769,50.32077446703865,Online,Clothing,TR,17.0,0.10890503063215148,0.12052695038541748,0,7
1608,283,77.1269876893985,ATM,Food,FR,21.0,0.3777403098261264,0.28010984068018435,0,7
6677,942,473.6376334268312,QR,Travel,DE,10.0,0.2425283798997387,0.20740342826798053,0,7
2683,847,0.0,Online,Food,US,22.0,0.07112121954921428,0.0921172857429356,0,7
1360,699,67.24837071019975,QR,Food,UK,11.0,0.35781477480847135,0.18763391257073164,0,7
5812,217,107.29935660148841,POS,Electronics,UK,9.0,0.3059793978593983,0.18847472394419545,0,7
5221,300,188.78236679834922,ATM,Grocery,DE,19.0,0.3992734268886809,0.11742263810190354,0,7
8415,516,36.13296087288804,ATM,Food,UK,8.0,0.2155892095107776,0.39653333667160695,0,7
23,439,128.99602272814278,Online,Clothing,US,15.0,0.17060509362268175,0.4389051604383795,0,7
3119,629,78.07483288617115,POS,Electronics,FR,20.0,0.27648685548824486,0.5567175459222345,0,7
8006,530,70.89440907158634,ATM,Food,US,18.0,0.35119757144112257,0.37883232617169976,0,7
4389,851,775.8834015493411,ATM,Clothing,TR,4.0,0.9844622713198723,0.7199108991909432,1,7
1529,287,260.97899316844615,QR,Food,US,23.0,0.2942263977478758,0.15172032727696627,0,7
5463,645,132.13080474726118,Online,Clothing,UK,19.0,0.14823817809133,0.25746435352165764,0,7
1323,634,109.96574139110032,QR,Travel,FR,6.0,0.42709150970201004,0.49532413182857243,0,7
2613,298,319.9439329627444,POS,Travel,DE,21.0,0.36354570342265047,0.3187260329624252,1,7
3794,648,44.22916701902143,Online,Grocery,UK,15.0,0.32204081081905245,0.14741117239041687,0,7
1123,925,261.5816343777461,QR,Food,US,23.0,0.234911439593123,0.6593568933847315,0,7
7491,825,6.865670561447515,ATM,Clothing,TR,13.0,0.24747331594919184,0.1944929948934161,0,7
7865,937,273.23989578898284,POS,Clothing,UK,7.0,0.4013635098834606,0.2965563041646051,0,7
9452,883,35.658510301038035,Online,Electronics,US,13.0,0.27082740340460576,0.13790757901031414,0,7
2781,160,657.1817744786279,POS,Travel,FR,17.0,0.8381711389920021,0.1834201513463841,0,7
5714,894,728.0872853934972,Online,Clothing,UK,8.0,0.20583231418841616,0.29571124131512533,0,7
8881,818,197.9897771528501,ATM,Electronics,DE,6.0,0.39041802267194986,0.2778032509591181,0,7
6097,637,52.22751354591209,QR,Electronics,US,2.0,0.41149197678138655,0.45331124025695446,0,7
6794,353,54.46860868672748,POS,Grocery,US,22.0,0.19803484899283824,0.15327052905779215,0,7
9836,294,88.12624644098402,ATM,Food,US,19.0,0.11504507736838733,0.15971016465102036,0,7
1663,336,271.6663100691477,Online,Clothing,DE,14.0,0.40793717516213635,0.1525043100162759,0,7
815,153,218.60184160215064,QR,Travel,TR,20.0,0.1622507832742648,0.06825219503225279,0,7
1989,278,122.1512107131944,QR,Travel,US,16.0,0.2189253599302414,0.11979117408060254,0,7
598,444,174.7145331829989,POS,Food,DE,9.0,0.48483161456843893,0.11159265634924592,0,7
7358,283,88.91087268578035,Online,Clothing,TR,19.0,0.3270612037247664,0.17548013680310817,0,7
7651,342,55.429007301518126,ATM,Clothing,TR,22.0,0.19433562666344323,0.0626346863949948,0,7
473,889,25.841163780591994,QR,Electronics,UK,14.0,0.18216941216050808,0.266603924370172,0,7
5633,350,116.54826450356447,Online,Electronics,FR,20.0,0.6236097276385596,0.7715828555270793,0,7
2578,161,7.606911396029436,ATM,Travel,DE,15.0,0.2918804153379706,0.13042520403025426,0,7
8724,438,187.77506125154218,Online,Travel,DE,5.0,0.4394285249721287,0.7006524097086166,1,7
2640,555,79.82343570109549,POS,Clothing,DE,14.0,0.1332864042853984,0.512030825513449,0,7
6660,26,125.18126357622118,QR,Grocery,TR,21.0,0.37441512423801626,0.39931355001095037,0,7
8749,474,265.50321624366404,QR,Grocery,TR,5.0,0.06465448203973245,0.23708780169912338,0,7
619,527,513.2470636826184,ATM,Food,NG,1.0,0.755654841085627,0.5972392417548302,0,7
2550,837,81.76083751833932,ATM,Travel,UK,21.0,0.2586902816326025,0.3036707009188774,0,7
2643,874,279.2347000004275,QR,Grocery,TR,16.0,0.3432982986224415,0.1443105020490212,0,7
9372,769,126.68913708683375,QR,Grocery,DE,8.0,0.18095294767192263,0.15593987141153087,0,7
1429,503,52.67741282852055,Online,Grocery,US,19.0,0.06986573002277785,0.23693336752038352,0,7
9148,348,60.59355064900913,POS,Travel,UK,14.0,0.49776363712185145,0.10671981382547874,0,7
7477,470,5.551224331818183,POS,Clothing,US,21.0,0.21506109181423055,0.2553899256133405,0,7
2504,483,45.766773010800584,POS,Electronics,DE,20.0,0.10113327224460664,0.07529337422853034,0,7
7992,722,11.739532398044846,ATM,Electronics,UK,14.0,0.37922530378164265,0.1984485106000769,0,7
1082,167,64.17445706610197,POS,Grocery,TR,15.0,0.09484030600205058,0.16143526020399873,0,7
2700,793,121.8150525013349,POS,Electronics,FR,18.0,0.14610558591618222,0.09019849058471824,0,7
4312,527,108.08656910806552,ATM,Travel,UK,6.0,0.37807158891037246,0.5808455218151264,1,7
3496,329,20.99729913668446,ATM,Grocery,FR,15.0,0.1686438167016774,0.1274742379639471,0,7
363,120,29.25200892219152,POS,Food,DE,19.0,0.4448389437691922,0.4225910825428563,0,7
2543,554,74.03266666057863,ATM,Food,TR,23.0,0.2790577233300149,0.39081683713291043,0,7
9237,699,90.89099912098499,QR,Food,TR,16.0,0.10895596592147047,0.19624351219208225,0,7
3793,976,114.89450242796396,Online,Grocery,DE,20.0,0.23247448859467484,0.26821105865761763,0,7
2126,764,64.12282068756979,QR,Grocery,US,18.0,0.5096139221368527,0.23044599534159138,0,7
1854,663,6.1723775349602255,QR,Travel,FR,14.0,0.34841385666148145,0.14335857976194824,0,7
9795,822,319.4585975151439,Online,Food,US,6.0,0.14916000592665424,0.17158154630026703,0,7
6268,295,8.041967831896141,QR,Electronics,DE,8.0,0.12371794631529809,0.25582458697454974,0,7
7946,131,25.713225259959493,POS,Food,UK,22.0,0.14717940539432095,0.08826506019947597,0,7
8065,72,325.72013549079975,QR,Electronics,US,19.0,0.21194190185186854,0.5811299239863968,0,7
9990,176,872.5815756210899,QR,Travel,UK,12.0,0.55086976982486,0.43896974984609105,1,7
5742,781,182.16764955954906,ATM,Grocery,TR,11.0,0.29733110639806976,0.22546587022026102,0,7
9778,375,8.920940560456796,Online,Food,FR,22.0,0.06912045333503618,0.05562976579279027,0,7
4969,865,306.2496233789158,ATM,Electronics,FR,17.0,0.2854723264930281,0.3758441613557048,0,7
3439,502,644.2518096145694,Online,Travel,TR,20.0,0.2081046354088028,0.18261944071987746,0,7
8406,211,201.18130260109376,POS,Food,DE,18.0,0.2828331050294118,0.17443589624676906,0,7
638,138,196.9515834983152,QR,Electronics,DE,17.0,0.3749862474376251,0.36027824940670417,0,7
9242,108,176.82874088606584,POS,Clothing,FR,17.0,0.06615629089271036,0.15590556201768038,0,7
7992,109,401.79059950201577,Online,Grocery,FR,23.0,0.22016348937709326,0.40939031948693994,0,7
7988,90,123.30809239960134,POS,Grocery,TR,21.0,0.1550697513853201,0.17170276487830752,0,7
5179,970,182.41256771747652,POS,Electronics,TR,23.0,0.3219749201759252,0.214141822681699,0,7
7928,662,20.576924595866156,POS,Travel,FR,23.0,0.11653489795047385,0.24181471525199869,0,7
4446,395,406.58757431680374,POS,Electronics,TR,21.0,0.18065187019784587,0.22336835641593467,0,7
6137,444,129.6820850785715,POS,Clothing,DE,12.0,0.16036969147896254,0.17224700860212133,0,7
8860,975,309.2306100967635,QR,Clothing,US,18.0,0.25137864255657216,0.1456035841240389,0,7
2593,451,171.30375918486268,POS,Food,TR,20.0,0.10884514736273132,0.2723202348618178,0,7
6502,782,290.7958765713497,POS,Food,FR,9.0,0.26789043713915756,0.15908229458263398,0,7
3625,500,33.10209570613422,QR,Food,US,3.0,0.10789588491107882,0.06274026606154738,0,7
8289,210,48.39191855289072,POS,Travel,TR,20.0,0.12389440040150057,0.32781529411828175,0,7
4455,207,143.15929327749683,Online,Grocery,UK,18.0,0.7715521134358132,0.23421562639023774,0,7
3989,52,183.4853890347512,Online,Electronics,US,22.0,0.15554076208196257,0.35881091784968255,0,7
6214,429,163.05802421327652,QR,Grocery,UK,17.0,0.22791519086136264,0.2831952607492808,0,7
3153,559,256.5750161878195,POS,Electronics,TR,15.0,0.26217603744558204,0.34751036744323427,0,7
3953,526,180.41510705814807,POS,Travel,FR,21.0,0.3670307691620429,0.09913628826591887,0,7
3440,839,2.311566534160462,QR,Grocery,FR,18.0,0.0638212971695367,0.1271242516365263,0,7
712,589,340.73080316758086,POS,Travel,US,9.0,0.17767337520815352,0.15083268395821242,0,7
2812,444,389.5458433037861,POS,Clothing,TR,16.0,0.3478710289814792,0.22226587781646603,0,7
5972,265,322.25898050263567,ATM,Food,US,21.0,0.5551163463921961,0.2483703376844838,0,7
8275,708,11.60221668228792,Online,Food,FR,14.0,0.10254941650710231,0.34433772165589793,0,7
3948,400,45.576516608000134,Online,Travel,TR,18.0,0.24903014946629493,0.13424685586155746,0,7
7594,312,5.669957739282479,POS,Electronics,TR,8.0,0.12209181495109725,0.10158592413980652,0,7
2384,290,150.6035240964611,QR,Electronics,FR,2.0,0.18525398743421995,0.21546324493481328,0,7
2492,836,296.2737964221945,Online,Clothing,DE,23.0,0.07403326864684914,0.17570656703898338,0,7
7753,699,75.8599655237918,Online,Grocery,DE,22.0,0.13607275426982773,0.12110361543448322,0,7
3344,858,541.1425874626169,ATM,Clothing,UK,5.0,0.3978562311318994,0.4607092171267501,0,7
1756,41,195.2469834426521,QR,Electronics,DE,17.0,0.1284887109094581,0.28385331343778375,0,7
189,686,202.02489215273613,ATM,Food,FR,7.0,0.07957320731200646,0.4281258016008637,0,7
8976,114,168.58262362616784,Online,Food,UK,17.0,0.15182841623223944,0.17131725460605612,0,7
1396,469,11.131555185267889,POS,Electronics,DE,13.0,0.3730396434802592,0.34278659792267746,0,7
5170,877,30.140549679617585,Online,Travel,DE,15.0,0.22193969649942577,0.23484956835316878,0,7
7540,218,71.38462276289981,ATM,Travel,UK,11.0,0.3450812761646458,0.32965647136931836,0,7
6020,962,461.27144015084065,Online,Travel,UK,19.0,0.3757805610764299,0.3293572420169544,0,7
5938,858,116.76989958083338,QR,Food,US,8.0,0.3129786796287087,0.11095072634202247,0,7
9519,15,78.60521338914629,ATM,Clothing,US,19.0,0.3798517130545691,0.3044940489908674,0,7
8975,746,26.844043425421937,POS,Travel,US,11.0,0.2448668307759329,0.42525473031190564,0,7
5845,956,361.0938337015725,POS,Grocery,TR,16.0,0.20289178140739536,0.35215831901653816,0,7
8492,706,19.022687687845313,ATM,Electronics,DE,15.0,0.27094104529796964,0.2353382902437971,0,7
97,910,308.4792409258181,POS,Electronics,TR,9.0,0.5081764917544161,0.09362230251514511,0,7
825,27,699.4119350233237,POS,Grocery,FR,23.0,0.24842762794826223,0.08482906809592738,0,7
4914,919,193.0406429815619,QR,Travel,US,14.0,0.10338575873627806,0.10024253158368152,0,7
8371,830,38.355558621677325,Online,Travel,DE,12.0,0.1252304345702468,0.28726115927872603,0,7
3542,57,379.4957954237146,QR,Clothing,FR,13.0,0.1343498905581999,0.14762196493168944,0,7
584,901,350.34028363822887,ATM,Grocery,TR,13.0,0.4689937680980789,0.20132379570300155,0,7
4559,947,13.742187034494737,POS,Food,TR,1.0,0.2789210030857989,0.5095062611934817,0,7
1509,323,175.25192315083737,ATM,Electronics,FR,10.0,0.31506033316936544,0.13256730669790556,0,7
5572,816,206.2702328069258,QR,Travel,UK,12.0,0.5103637050235352,0.20952378134967162,0,7
3649,872,26.683521431858374,QR,Clothing,TR,17.0,0.12196038623209737,0.41873158065258453,0,7
1657,184,22.13524026912369,Online,Clothing,DE,14.0,0.17524568557582804,0.1387986189930176,0,7
8676,522,170.13900497403955,QR,Electronics,DE,11.0,0.321320971090739,0.20327160942834666,0,7
4678,787,247.96139298913084,ATM,Electronics,UK,21.0,0.3248359649359764,0.18090131183383634,0,7
1320,452,92.9432828088287,QR,Electronics,TR,17.0,0.4323641341344753,0.13202494348088717,0,7
2187,454,71.39837038924803,POS,Clothing,UK,22.0,0.31694972715473085,0.25547057294096986,0,7
4963,957,177.40120969344034,Online,Food,UK,10.0,0.1776681851561064,0.17178914910682974,0,7
8041,178,172.81653149044092,QR,Clothing,UK,16.0,0.2091096802402453,0.3868672032378967,0,7
9936,421,319.45342197019386,ATM,Electronics,DE,8.0,0.5521464957485097,0.16408758425814599,0,7
5677,821,76.1571534397508,Online,Food,TR,21.0,0.2826901750505163,0.28278997773774855,0,7
9618,839,7.984854266440195,POS,Travel,FR,23.0,0.11668295658200474,0.19085246301540496,0,7
1115,915,104.95539002403434,ATM,Food,FR,13.0,0.3007975159689166,0.07835652164755989,0,7
9706,702,19.967375370215464,Online,Clothing,DE,22.0,0.12287722294452923,0.11526998670283937,0,7
1337,287,276.12044678235577,ATM,Clothing,US,16.0,0.245055720086475,0.4457295338823652,0,7
2939,769,225.86570851685204,Online,Food,UK,10.0,0.46186519269257026,0.4556387647829331,0,7
5540,803,377.8499453022066,POS,Electronics,UK,14.0,0.2127656481854654,0.30492966031994173,0,7
3433,983,900.6369539424073,ATM,Travel,FR,10.0,0.0854964600646034,0.34688267307712584,0,7
564,663,71.7028509939076,Online,Electronics,US,17.0,0.17286184811186217,0.3067351190695236,0,7
1251,222,53.829141756247324,Online,Clothing,FR,21.0,0.21410579342753197,0.20150292968856487,0,7
4984,596,243.5478960199843,POS,Food,TR,21.0,0.20271186018705156,0.21752146275128545,0,7
7317,609,682.5779016313418,ATM,Grocery,UK,18.0,0.08842840913707078,0.08375213405082832,0,7
991,310,19.34713984601958,ATM,Grocery,TR,16.0,0.41266958633575707,0.12825317920480378,0,7
8805,225,122.9842591263812,POS,Food,UK,14.0,0.5776097880553083,0.36201414648026436,0,7
3784,167,17.299225525620272,POS,Grocery,FR,15.0,0.35304682032391377,0.2004336420861002,0,7
9528,230,117.87619661853078,QR,Grocery,US,20.0,0.27497131069070685,0.3075400424551308,0,7
6400,392,69.05904166535339,Online,Travel,FR,22.0,0.2719065428459286,0.23351128060179513,0,7
5317,581,123.98680822133535,Online,Grocery,US,22.0,0.09703249449142018,0.1311211678014303,0,7
7065,801,516.5740298808994,Online,Food,DE,22.0,0.2615747030604281,0.1993952169111668,0,7
8117,793,260.7715484280671,POS,Travel,TR,20.0,0.5444834912978808,0.12641371183416827,0,7
2577,864,23.7046084345957,POS,Electronics,UK,2.0,0.09746071572452347,0.24851244510336348,0,7
20,252,1.5370298147759307,ATM,Electronics,US,3.0,0.22937315959436705,0.27107391658414043,0,7
6126,560,491.90944023563065,POS,Clothing,TR,14.0,0.18932990984135942,0.2952988165146475,1,7
6032,814,82.41163149860306,ATM,Clothing,FR,6.0,0.14119651447884546,0.18268790378039973,0,7
6352,452,375.3626601297759,ATM,Food,DE,11.0,0.39689949663013047,0.3151299552986693,0,7
2086,583,95.78713524717935,QR,Clothing,DE,5.0,0.6232562920946999,0.23198659924451318,1,7
7258,336,59.742424877723934,ATM,Grocery,US,23.0,0.4337727445270112,0.07846029983080813,0,7
652,301,157.4483401689128,Online,Electronics,UK,11.0,0.23746064938658018,0.24705044080663416,0,7
8206,798,139.1109912720053,POS,Travel,US,12.0,0.17660187519698645,0.09020701269960207,0,7
8129,535,27.748138818493004,QR,Electronics,US,21.0,0.31923185415209904,0.19358828070308304,0,7
2094,508,184.99958309214844,Online,Travel,FR,20.0,0.24840479004627977,0.21214307140092367,0,7
7009,610,42.22607256254856,POS,Clothing,DE,19.0,0.3463345102519975,0.36931294994974856,0,7
3492,445,103.17216394271857,POS,Clothing,DE,17.0,0.21563757294615488,0.4201643851927158,1,7
4032,392,590.5653908479281,ATM,Food,US,15.0,0.49819491199656596,0.16584814085415003,0,7
2193,206,45.77667327568112,Online,Electronics,UK,17.0,0.4852292168090082,0.2745701752512526,0,7
6378,922,53.13980092305093,POS,Travel,US,19.0,0.3785770792860168,0.22098034142761566,0,7
79,418,853.4888220924735,QR,Grocery,TR,7.0,0.6315095526207299,0.38093959058395854,1,7
1414,113,223.55684342121654,ATM,Travel,DE,22.0,0.10307337989529086,0.10647006204779547,0,7
2930,41,25.655582830385864,ATM,Food,US,20.0,0.14398585945795853,0.1349100236855113,0,7
7917,487,50.96432045605029,ATM,Electronics,UK,7.0,0.11190396085595532,0.2313627392956744,0,7
4834,11,117.22219908719502,Online,Food,TR,18.0,0.27985615315931656,0.17433901204969007,0,7
3849,586,334.3139556361745,Online,Electronics,UK,3.0,0.49649198578630294,0.1710940773448959,1,7
7981,720,90.31225047306953,QR,Clothing,TR,11.0,0.10585822012318084,0.17113771812073322,0,7
8495,380,270.3913639100148,ATM,Travel,UK,20.0,0.6435592449791021,0.23511930415880813,0,7
679,427,599.9512200861802,ATM,Grocery,UK,11.0,0.27163773520093926,0.2944078350931068,0,7
5001,73,163.94635807387974,ATM,Food,UK,23.0,0.10120532593752729,0.3065058715993539,0,7
9429,186,74.39661734245276,POS,Travel,DE,17.0,0.1579558088459245,0.22823838740789293,0,7
7375,365,652.8463096324713,ATM,Grocery,US,17.0,0.4537642802025042,0.3314755537179119,0,7
9241,893,19.147381070407874,POS,Food,US,12.0,0.07055998365568275,0.07100782683131338,0,7
1749,940,205.85874851178775,QR,Travel,DE,9.0,0.14472074092525009,0.49521654736629755,0,7
9951,495,254.42383836206793,ATM,Electronics,FR,13.0,0.49931779564619466,0.6179119878825985,0,7
9037,158,4.1041433085332795,QR,Food,US,16.0,0.057318646202422927,0.45171299281517857,0,7
2240,109,127.53005316668593,QR,Food,US,19.0,0.3574045056287265,0.19208385383055404,1,7
4008,71,80.56558899397832,POS,Clothing,US,22.0,0.15995548349682848,0.22489208258237633,0,7
7541,615,48.71494520056778,POS,Food,FR,10.0,0.2408562846923371,0.1672513534026746,0,7
561,893,248.0615768793368,Online,Grocery,TR,20.0,0.08831092827284179,0.10288580680731105,0,7
4789,185,508.61811531570464,QR,Clothing,FR,21.0,0.3307697382280412,0.3782710322512808,0,7
1725,366,35.41995140901795,Online,Travel,TR,19.0,0.238873560998146,0.3749248782600171,0,7
7588,889,19.78267160627869,ATM,Electronics,US,5.0,0.19449785088534088,0.16504940784888963,0,7
1305,914,0.0,Online,Food,FR,9.0,0.5328362403818767,0.3018937737667377,0,7
5898,296,239.41181336014387,QR,Grocery,DE,15.0,0.1222765530231069,0.2958750631236988,0,7
8904,313,60.44944127420131,ATM,Clothing,TR,21.0,0.08760943442060024,0.20771163521453176,0,7
2201,868,34.367895673850796,QR,Electronics,FR,3.0,0.12031030539620433,0.604220914206235,0,7
522,536,381.19461640175933,QR,Electronics,DE,12.0,0.10484145983141901,0.16424784915778828,1,7
8575,550,203.12292270113178,POS,Clothing,TR,19.0,0.1338632655140145,0.2056653149640973,0,7
6047,877,28.27324175773163,QR,Electronics,TR,7.0,0.221681384734976,0.21298902310281678,0,7
1106,573,432.1691024932188,Online,Food,UK,23.0,0.30180810859623863,0.18346992007116755,0,7
8011,783,69.40788396650399,QR,Travel,US,16.0,0.10452615725478606,0.06362274604086432,0,7
7590,132,171.6048753276994,Online,Travel,FR,2.0,0.09308894888713984,0.19088476434206025,0,7
4345,356,32.60803035085333,ATM,Clothing,DE,13.0,0.19797811180871475,0.15201931715254036,0,7
4421,366,33.38337480055408,ATM,Travel,DE,20.0,0.5458788513412196,0.06008056955026686,0,7
1161,167,337.72992118264904,ATM,Grocery,UK,11.0,0.23943547800257378,0.17216960089045108,0,7
6659,537,386.40961005950845,POS,Grocery,US,3.0,0.20871322827024305,0.1512471849247825,0,7
6440,333,177.70788920120924,ATM,Grocery,FR,16.0,0.151889934972558,0.15690102611073703,0,7
6120,109,27.801445958701088,ATM,Grocery,FR,17.0,0.26406916211343484,0.06189376087736861,0,7
3487,922,250.99170765256952,ATM,Clothing,US,16.0,0.4814946222389696,0.5256881201584911,0,7
9697,161,288.23028665449283,ATM,Grocery,US,2.0,0.23794588995634525,0.28096923715900995,0,7
3281,581,51.35134380230028,QR,Clothing,TR,18.0,0.0998996297333436,0.18199172385849444,0,7
3396,438,0.0,POS,Electronics,US,22.0,0.11069962958397203,0.32235086935966634,0,7
8020,388,9.425717693460934,POS,Clothing,UK,19.0,0.3275993522611932,0.06734506013264065,0,7
580,197,483.405370641307,ATM,Electronics,US,13.0,0.21567975599436037,0.35963958838098187,0,7
4420,294,121.13459881991702,POS,Electronics,UK,22.0,0.216856797988268,0.18858610637980341,0,7
5232,485,62.25274198016037,Online,Clothing,US,14.0,0.44843117325093634,0.3953374571529436,0,7
2157,780,205.2432960288614,POS,Grocery,TR,11.0,0.24825174877940404,0.12134648359941996,0,7
4781,794,165.19592576767377,QR,Grocery,FR,13.0,0.13499054849991157,0.30954881672666545,0,7
668,245,184.77129349846666,QR,Travel,FR,18.0,0.14874321340991076,0.32876419824807174,0,7
6286,936,21.175836161732136,ATM,Electronics,UK,4.0,0.18083030939349565,0.18758376589050313,0,7
5993,315,283.4985738104653,QR,Electronics,US,7.0,0.39843781465077444,0.21208966343011282,0,7
3037,755,157.64563590491528,QR,Clothing,UK,17.0,0.27289581743361857,0.4720330570013825,0,7
7549,575,95.93285301353544,ATM,Food,UK,16.0,0.08335041336434952,0.22120265811034395,0,7
4263,324,19.416032844794863,ATM,Clothing,DE,17.0,0.061196276853781414,0.11351098562354953,0,7
7078,703,365.44643312154443,QR,Electronics,UK,7.0,0.20750970874675184,0.30089653207226735,0,7
1269,207,47.31778734519823,POS,Clothing,FR,18.0,0.2372907702359557,0.275768667207892,0,7
1083,896,489.3936465077753,POS,Food,TR,16.0,0.3366224257839492,0.3551797052463373,0,7
2371,986,50.85184956619587,ATM,Clothing,US,23.0,0.05684599672633897,0.0919923395608057,0,7
7120,776,116.90842248676522,Online,Electronics,US,6.0,0.26827963978062525,0.2500327512847702,0,7
8120,674,351.4273803511882,ATM,Grocery,TR,4.0,0.279818804195756,0.19664444694065808,0,7
6850,583,48.93588911745126,ATM,Clothing,FR,11.0,0.18031627627914265,0.180854083057099,0,7
8004,420,157.86897437781818,POS,Grocery,FR,15.0,0.41346463247851417,0.23336832696592244,0,7
6056,337,329.89643142417367,QR,Travel,UK,18.0,0.18123794758327194,0.13688482955946074,0,7
8927,775,93.07206239110788,ATM,Clothing,US,19.0,0.22580831919151884,0.3050334275079901,0,7
1041,56,367.25740376730346,QR,Grocery,UK,16.0,0.1699459357603246,0.2754396112044897,0,7
4371,766,219.7902584182257,POS,Travel,TR,19.0,0.33876413243300774,0.16436561803348027,0,7
9177,231,135.25440261984556,POS,Grocery,US,22.0,0.49335898630438124,0.38996566393370863,0,7
4011,49,22.995887728606448,Online,Clothing,DE,17.0,0.14475495550795273,0.5145106149388798,0,7
6105,361,1473.1856594649425,ATM,Clothing,US,22.0,0.380332210747951,0.14595362950800234,0,7
9755,631,383.47844868742544,POS,Food,UK,16.0,0.2854232564706941,0.10014658444146511,0,7
6835,572,195.48449422373304,POS,Food,TR,20.0,0.3025902775194101,0.20499338654783597,0,7
6340,189,227.59731063509042,Online,Clothing,UK,6.0,0.12749433340536348,0.18015102632989413,0,7
1976,440,14.034359938982963,POS,Grocery,DE,13.0,0.5920119061175292,0.12161204198723749,0,7
346,819,287.48447784130303,Online,Travel,TR,15.0,0.19603419167386638,0.15798966140928603,0,7
3095,87,130.02470987908524,POS,Grocery,FR,18.0,0.15644582230674164,0.2951189598763667,0,7
9357,39,339.4918951474635,POS,Travel,UK,19.0,0.579876143902554,0.2583444075901186,0,7
7702,876,131.93515340717548,ATM,Grocery,UK,15.0,0.43265738444944835,0.3711607287373241,0,7
6681,202,105.23229623878555,Online,Food,UK,15.0,0.5396103294437119,0.22498730205162382,0,7
1929,578,40.03871123844215,QR,Clothing,DE,14.0,0.25035701389141085,0.13355975619679822,0,7
3469,337,76.34298460426353,ATM,Clothing,DE,7.0,0.3063064358595444,0.24570282496044815,0,7
18,566,358.5789220209936,QR,Travel,UK,16.0,0.2114589362298684,0.5105669702722897,0,7
9721,811,11.853145739146983,QR,Clothing,FR,12.0,0.1145583674202311,0.13926794582043905,0,7
8638,682,670.6568814574536,POS,Travel,US,16.0,0.3341982370456349,0.1850393942100751,0,7
480,384,594.8226966734345,POS,Food,TR,15.0,0.1432936777288132,0.182055492218261,0,7
1772,891,275.1148020747682,POS,Grocery,DE,11.0,0.7485906254057666,0.6859533159329069,0,7
3395,831,24.01303335222495,Online,Food,US,18.0,0.5355117814862987,0.45654348988111604,0,7
3491,78,22.93660243894083,Online,Clothing,DE,13.0,0.4636874775600367,0.09074630755977303,0,7
6504,989,249.21188823849874,ATM,Clothing,US,15.0,0.30620241137373844,0.18978927645351046,0,7
9521,68,302.12608369996735,Online,Electronics,FR,18.0,0.5602233250028307,0.5788591984464592,0,7
75,924,83.77388856577446,QR,Food,TR,22.0,0.09019444805174344,0.1630941209372643,0,7
6135,389,162.1385482607087,Online,Electronics,US,7.0,0.23413215772596765,0.24421478554952203,0,7
94,507,14.76844453689936,ATM,Electronics,TR,19.0,0.14091775014699182,0.3316430300160979,0,7
5956,527,28.718967567743015,QR,Travel,UK,18.0,0.28233875038797884,0.28031750430725033,0,7
7485,959,100.2183739074785,Online,Electronics,US,11.0,0.262281522122108,0.1640817065047802,0,7
9507,205,306.06752110804524,QR,Travel,DE,20.0,0.21767631983879365,0.13283598287940698,0,7
6783,466,100.63505232756962,ATM,Food,US,15.0,0.2072614174560615,0.10015646144993554,0,7
7471,357,46.21864928397771,QR,Clothing,US,22.0,0.20082674048710264,0.06775702749538046,0,7
8911,313,130.9258515811451,QR,Food,DE,20.0,0.29504512811923334,0.6977196595802208,0,7
629,517,165.02733170455986,Online,Travel,US,14.0,0.35573111342394914,0.2553685304316896,0,7
508,315,18.091541446546493,POS,Clothing,DE,7.0,0.1326271513321219,0.17001956650898106,0,7
853,511,59.804791577929535,Online,Clothing,DE,19.0,0.32905476752159096,0.657976862832172,0,7
6406,874,110.65603473013694,QR,Grocery,TR,6.0,0.1879617709782892,0.15494912497857102,0,7
2863,657,280.20906898986686,QR,Electronics,UK,17.0,0.14057016675854225,0.09468788893255405,0,7
5123,677,3.8093309607736843,ATM,Grocery,US,18.0,0.0988966886932888,0.06627337785106133,0,7
9685,633,15.168238333801828,QR,Electronics,TR,16.0,0.1637114664325844,0.17324620930661225,0,7
4352,639,18.48790247381236,Online,Food,DE,18.0,0.10201852149598878,0.11487631157259945,0,7
8203,139,19.755603059019258,POS,Travel,NG,17.0,0.06713495144793177,0.2979508676692858,0,7
3094,257,35.74532581203149,QR,Grocery,UK,8.0,0.3822671461045172,0.31121142720505274,0,7
6353,306,776.0633790356313,POS,Travel,TR,19.0,0.49041869645628644,0.44192877820291065,0,7
7708,314,278.32868592184104,ATM,Clothing,TR,20.0,0.44103264540118514,0.20471960911877354,0,7
8555,489,114.90795057629052,Online,Food,FR,14.0,0.31304375095554426,0.20331301108641622,0,7
9503,193,105.80222858580953,QR,Food,US,22.0,0.417358559466812,0.0803867512643523,0,7
6077,75,32.17247138404445,Online,Travel,FR,18.0,0.1704481424597925,0.29240953976454775,0,7
1412,183,47.68691718344527,POS,Food,FR,11.0,0.19649430938735457,0.10628449624842515,0,7
1443,934,196.89289930670142,POS,Electronics,DE,23.0,0.21662142127006853,0.24591248194044601,0,7
7767,353,257.89592205758805,Online,Travel,TR,22.0,0.2390737241153736,0.2641208335964476,0,7
2796,447,29.935483097587834,Online,Electronics,DE,21.0,0.09690834032916881,0.1464296483910537,0,7
3741,893,845.125170998564,QR,Food,US,8.0,0.44058672008230937,0.09558568159002445,0,7
5286,49,93.64268377824253,POS,Travel,TR,21.0,0.1620239588494008,0.30394863696593877,0,7
2181,31,14.281037382539175,QR,Food,TR,21.0,0.10118653545264089,0.11769537065023887,0,7
4761,985,180.55143466072303,POS,Electronics,FR,14.0,0.31235330727517613,0.10628872622024096,0,7
3675,832,306.6908949548375,POS,Electronics,UK,23.0,0.16837369753533588,0.20982442983588537,0,7
2524,972,274.8420407810873,ATM,Grocery,US,20.0,0.2640335125450151,0.33512892483446255,1,7
2277,366,307.59217701842584,ATM,Travel,UK,14.0,0.3779528631122055,0.4239885918918891,0,7
1877,362,52.007435889030965,POS,Travel,US,18.0,0.2340750236171676,0.07612863054393446,0,7
9611,339,110.44993123374402,Online,Electronics,UK,13.0,0.2580102374830167,0.14321849470882766,0,7
9739,533,11.082624880095729,POS,Electronics,FR,23.0,0.19280698358765552,0.07355018397728821,0,7
1426,563,23.886868357622333,ATM,Electronics,TR,3.0,0.11889825176104837,0.1034764046652877,0,7
6163,667,225.12621811134287,POS,Electronics,FR,8.0,0.11548012982981473,0.22463863137570458,0,7
7226,24,280.20371931221575,Online,Food,US,11.0,0.302852730228799,0.3339453676312299,0,7
7295,647,1106.793154574452,POS,Travel,FR,23.0,0.46480151849711404,0.3534048215448245,0,7
2975,708,41.829479053490736,Online,Grocery,DE,21.0,0.6773202282581048,0.15056253066207947,0,7
2077,978,1.35381022015057,QR,Electronics,TR,22.0,0.2626440027391037,0.16013738473789652,0,7
4675,251,433.9553079689791,QR,Electronics,DE,17.0,0.46785539505342016,0.20176424220135764,1,7
216,736,13.763405960166141,POS,Clothing,US,7.0,0.22478195361195397,0.1327609229210931,0,7
5560,889,15.102984665578134,QR,Food,UK,19.0,0.13667022798579348,0.05681488623902242,0,7
88,905,1545.6408058385834,Online,Clothing,DE,12.0,1.0,0.7476278524683313,1,7
6699,870,70.1829013650562,POS,Grocery,US,18.0,0.15911953073527926,0.1845992365440367,0,7
2029,45,28.520455386602364,QR,Food,DE,10.0,0.1067830345693365,0.14509419652408453,0,7
7523,974,8.799244148368205,ATM,Food,FR,21.0,0.08507120103694815,0.19599032398476657,0,7
769,465,330.797778887622,ATM,Travel,FR,14.0,0.2832570482387925,0.4371013735025812,0,7
6700,734,429.42006155018356,POS,Food,UK,15.0,0.3456574499385623,0.27387131196768266,0,7
8566,935,86.30642964538771,ATM,Grocery,DE,19.0,0.0924835689855921,0.05762480497282467,0,7
6496,573,30.978931276740948,ATM,Clothing,DE,23.0,0.2062244306103601,0.06570856929566506,0,7
9512,354,160.60825138067145,Online,Electronics,TR,13.0,0.20069099794270367,0.2566188215068761,0,7
4760,669,374.48888080632406,ATM,Travel,TR,18.0,0.252721318665049,0.317954016315409,0,7
5489,558,228.31281246408832,POS,Food,FR,1.0,0.15100197294820314,0.5856170548183008,0,7
79,918,33.122936868413845,Online,Clothing,FR,20.0,0.16974192085436113,0.16654429152203853,0,7
5790,912,314.72862367165845,ATM,Clothing,UK,22.0,0.20808592967875186,0.1181447798750494,0,7
8783,825,15.451276127164634,QR,Travel,DE,22.0,0.06295003664421589,0.058137148075552626,0,7
8632,191,160.23938638244573,ATM,Grocery,DE,18.0,0.2604461646528775,0.2194468131003638,0,7
6510,914,140.86006299278293,ATM,Electronics,FR,20.0,0.14581285067006294,0.18349560952410277,0,7
1947,206,45.92557531138398,POS,Grocery,UK,22.0,0.9034671214081124,0.16760361507709026,0,7
5917,826,13.443224745850973,POS,Travel,US,17.0,0.16735796967635003,0.2860937150652149,0,7
674,478,325.32299184753526,ATM,Food,DE,21.0,0.16968185310007153,0.17813544758205507,1,7
9431,257,198.42661875293027,ATM,Grocery,DE,22.0,0.07178773871736083,0.11239449122520365,0,7
1547,171,33.03478021668697,ATM,Electronics,DE,18.0,0.610899149352365,0.24044354769891346,0,7
8881,178,336.21840141662386,POS,Grocery,TR,21.0,0.10016494902940377,0.14107075843765995,0,7
3699,557,205.21870088061848,POS,Travel,TR,5.0,0.1838490481101802,0.12612620831475702,0,7
7520,663,23.944637401448894,QR,Clothing,DE,11.0,0.19296651276910037,0.24331342668592543,0,7
5449,429,330.9432022744125,Online,Clothing,TR,11.0,0.27060759899293624,0.18706219391612214,0,7
6910,312,108.4208897794293,POS,Grocery,TR,8.0,0.2503150489009509,0.35056434117176966,0,7
6196,777,42.39879844017941,ATM,Food,DE,22.0,0.06006434962515776,0.11938992409743662,0,7
3930,177,290.85521635321885,Online,Food,TR,6.0,0.10467520583175018,0.20811255884811403,0,7
2978,393,254.71036844125052,Online,Grocery,DE,22.0,0.28723087860011104,0.08256846661679564,0,7
8529,227,190.07358981523387,QR,Clothing,FR,9.0,0.07376011581620079,0.20870467657837977,0,7
9570,255,296.28900893812727,ATM,Clothing,TR,18.0,0.24678903713569944,0.23950578713254506,0,7
9,647,175.86077923369592,POS,Grocery,TR,2.0,0.3824491169931965,0.33788105980354644,0,7
8997,868,204.41240528093857,ATM,Electronics,US,20.0,0.12159560683461089,0.07174734001482591,0,7
8607,976,146.05556300800367,QR,Electronics,DE,22.0,0.5272978481523294,0.4350343583877122,0,7
9317,611,64.46086603528181,POS,Food,UK,6.0,0.22565506377182395,0.17718361682108413,0,7
3677,509,73.52192368796327,QR,Travel,TR,5.0,0.13537984717923518,0.4243056924780323,0,7
5084,336,49.591106674822186,ATM,Food,DE,23.0,0.648601098280564,0.38704255807346916,0,7
1792,980,250.0966764788302,ATM,Food,UK,23.0,0.2175333275476979,0.18566495598801974,0,7
8811,278,176.0596200908771,POS,Grocery,FR,4.0,0.0804225463496848,0.07578068255222666,0,7
1908,911,10.591495808115603,Online,Travel,DE,17.0,0.1863960751810732,0.12717634441180825,0,7
6336,438,16.193294411111125,Online,Clothing,TR,20.0,0.09713784531640976,0.13210891965915156,0,7
5043,191,170.70759268195928,ATM,Electronics,UK,21.0,0.06239473983177327,0.25030487011857044,0,7
8,100,78.80661788708169,POS,Grocery,TR,19.0,0.3036407382592141,0.32948233560630014,0,7
4157,379,9.317939846372362,POS,Electronics,FR,1.0,0.13128248360100522,0.08957284110307175,1,7
9142,590,1189.1980350835738,QR,Electronics,UK,18.0,0.3704340728707992,0.07573139125824818,0,7
3307,742,44.872814902630346,QR,Grocery,FR,15.0,0.07659745210706653,0.08611735809111415,0,7
1811,535,551.0744417277422,QR,Travel,US,15.0,0.22050574592260835,0.1551640447209102,0,7
40,95,3.5444244866798282,POS,Travel,US,22.0,0.1489966684716717,0.10431673774361666,0,7
4790,698,27.69951176637708,Online,Clothing,TR,17.0,0.13683357016609735,0.13649610175568555,0,7
2340,413,239.7966219161665,Online,Clothing,FR,12.0,0.30254536531807413,0.2588053606097518,0,7
632,25,42.863406942974564,ATM,Food,US,19.0,0.29977592742272974,0.12056980600499431,0,7
5569,294,79.33941192774297,ATM,Clothing,FR,8.0,0.07836861076603885,0.43229464456410077,0,7
8872,893,138.6573880464708,POS,Grocery,US,4.0,0.16230180773131575,0.22470210948316996,0,7
4697,190,313.83577541105257,QR,Travel,FR,3.0,0.10632009196518524,0.29455360954423393,0,7
8448,161,29.590047867260694,Online,Travel,US,20.0,0.07780976567299144,0.08231436392018424,0,7
5621,372,146.25905988685253,QR,Travel,DE,22.0,0.15554347259535425,0.3900781902025791,0,7
8284,631,0.0,Online,Electronics,UK,20.0,0.09455558109232755,0.07081236305021478,0,7
5576,501,630.3605144567314,ATM,Travel,UK,20.0,0.3881796115093464,0.06736758427325035,0,7
7985,798,243.9849509509605,POS,Travel,FR,21.0,0.15843248608343655,0.2486808686322736,0,7
4868,451,213.35683601364343,Online,Clothing,FR,15.0,0.22612317611064164,0.15438640410551724,0,7
902,198,70.54616103903999,Online,Food,DE,15.0,0.1269782899679363,0.3803523550381076,0,7
6745,282,212.23047525473217,QR,Grocery,FR,22.0,0.09698667896750197,0.11201344231370317,0,7
5167,61,53.67801248504522,Online,Electronics,TR,14.0,0.25775147016840355,0.1670274026163385,0,7
4668,200,283.1064003298643,POS,Clothing,TR,16.0,0.08424373750723012,0.09340023071328502,0,7
5225,688,0.0,POS,Clothing,FR,9.0,0.20756386461020077,0.34150174726189936,0,7
9763,810,21.157877748974673,POS,Food,TR,2.0,0.1317710714216676,0.05397218538783806,0,7
964,631,136.2700571981176,Online,Clothing,UK,9.0,0.2237188605880752,0.38827489482879596,0,7
3415,345,32.55419010202391,ATM,Grocery,FR,20.0,0.2128588007956128,0.13694415881982658,0,7
5865,768,63.809670646191215,ATM,Food,FR,9.0,0.36445695531103606,0.5509580872740171,0,7
3306,991,375.97172016076775,QR,Grocery,US,18.0,0.16337320913037415,0.2211028346933368,0,7
9318,658,675.8792419996626,Online,Clothing,TR,14.0,0.29660048370304326,0.1991114780666408,0,7
686,62,10.422696635921234,Online,Food,DE,21.0,0.159100696552525,0.0713004235938038,0,7
1019,93,11.124374500820895,QR,Clothing,TR,15.0,0.12885032478905384,0.140370509671918,0,7
8911,764,59.87044168661697,Online,Grocery,TR,22.0,0.3773568301387326,0.15951427649850858,0,7
5586,799,419.28846418461643,POS,Grocery,US,4.0,0.0747262494590751,0.21696610626490342,0,7
3135,689,128.70383103182115,ATM,Food,UK,14.0,0.3828680568475219,0.2746397188280417,0,7
6444,399,10.515736884964415,Online,Food,DE,22.0,0.08950373314116933,0.11112295724476845,0,7
2340,273,14.261415327579645,QR,Travel,FR,21.0,0.28000877851182837,0.19861756990178453,0,7
3920,264,53.07664914640884,Online,Clothing,DE,16.0,0.31672631601615436,0.25547785986207,0,7
9291,55,9.099153629278849,Online,Clothing,FR,10.0,0.12875067421733805,0.10462526880590578,0,7
1257,326,18.358242958306032,Online,Food,UK,11.0,0.2579222964547177,0.32499149297565316,0,7
9085,205,82.97902995965039,ATM,Travel,UK,7.0,0.2220081876216575,0.15333811885970844,0,7
7042,47,572.7428578888356,ATM,Grocery,UK,22.0,0.318636915014244,0.19518337674705707,0,7
9494,570,9.999235397065778,ATM,Travel,UK,16.0,0.26790093736833503,0.19624059584218695,0,7
9829,939,1.7065659078293072,ATM,Electronics,TR,14.0,0.07894595032682117,0.3297798612616788,0,7
3794,459,212.31276442927813,Online,Clothing,FR,20.0,0.12287578618400072,0.20792847061939362,0,7
9605,546,31.33055124896992,POS,Travel,FR,22.0,0.6548017671759582,0.3025759892892341,0,7
5129,438,309.9141875316594,Online,Food,UK,11.0,0.2652982502751927,0.08588115455205915,0,7
9432,275,0.0,ATM,Travel,FR,4.0,0.05793422140400515,0.07146797411769917,0,7
2489,933,111.65777638836182,QR,Electronics,UK,13.0,0.20820375544758493,0.1335778185115827,0,7
6388,708,64.37227557106995,QR,Electronics,TR,17.0,0.12494985772923317,0.05569115682438866,0,7
8789,146,342.4606145162723,POS,Grocery,FR,23.0,0.062418358944066006,0.12822692817873427,0,7
6489,913,211.2687533039043,POS,Travel,DE,13.0,0.09333036016780191,0.08594166126380448,0,7
3489,136,388.08187668399194,Online,Food,FR,16.0,0.4207802416070044,0.36440134431434457,0,7
3752,533,195.16190360800525,POS,Food,DE,15.0,0.12279562132106507,0.27214810579077237,0,7
5399,530,388.51927420825274,QR,Grocery,TR,11.0,0.09121154337608706,0.16024965142320394,0,7
7530,787,0.0,Online,Food,US,14.0,0.2658813345296937,0.059253679704222,0,7
7485,213,106.48900184028642,POS,Electronics,DE,12.0,0.11980779730181104,0.12439571976849076,0,7
4017,554,63.172221338193225,Online,Clothing,FR,23.0,0.07368898795455332,0.059853875512895054,0,7
2587,232,46.82509154681279,POS,Grocery,DE,7.0,0.1285520681347838,0.2286039528513869,0,7
5791,761,177.260467774665,POS,Grocery,TR,19.0,0.25096657569132197,0.5616733648369959,0,7
8311,293,41.534627682845894,Online,Grocery,DE,21.0,0.08103742756049553,0.12531771820864773,0,7
9307,146,64.23813216374349,ATM,Grocery,TR,23.0,0.06879039388409973,0.07931532435054803,0,7
7356,41,311.36210534804707,QR,Grocery,DE,21.0,0.10631087672605598,0.42415201633310207,0,7
2817,998,163.62177582666646,Online,Clothing,DE,17.0,0.13505596721336668,0.11167164081900244,0,7
4134,862,180.95800534564253,Online,Electronics,DE,4.0,0.39174334024470336,1.0,1,7
344,551,237.74554155314408,Online,Grocery,FR,21.0,0.35613898201250804,0.12441513849642541,0,7
3388,442,51.35442152421062,POS,Travel,FR,22.0,0.23917593792563951,0.0906777926420495,0,7
4401,204,255.5196617186224,Online,Clothing,TR,16.0,0.33321842955764897,0.15656231464830583,1,7
4324,355,71.35904994403643,ATM,Travel,US,22.0,0.1209546609015214,0.12269979565722872,0,7
5056,710,230.05386299800415,QR,Clothing,TR,13.0,0.381155313455627,0.20040229265104567,0,7
7028,145,345.8674889170368,POS,Electronics,UK,21.0,0.1405027726485893,0.1309255107847615,0,7
2193,611,74.49990858406589,QR,Clothing,FR,20.0,0.3755177073029673,0.0756293637532203,0,7
4056,280,946.3076813092193,QR,Electronics,US,4.0,0.3152636322199884,0.1842432167786262,0,7
2813,492,5.201115259232964,ATM,Clothing,UK,14.0,0.11452934231047363,0.3528292166844094,0,7
3223,147,121.20546889508586,ATM,Travel,TR,14.0,0.2354293234180737,0.19399407106836136,0,7
5584,213,12.932445842591664,QR,Grocery,DE,21.0,0.19237529837831516,0.12255666300666965,0,7
4164,352,145.54244584709218,QR,Food,TR,5.0,0.46549707447517963,0.10901295090618973,0,7
1153,622,123.12251672907485,POS,Clothing,FR,14.0,0.17848737535591747,0.12343894776927959,0,7
226,113,121.69583849579293,Online,Clothing,DE,21.0,0.11376926990658862,0.15901703109972493,0,7
6781,132,45.24579713439013,POS,Travel,FR,5.0,0.24067018900139509,0.14547514762175706,0,7
3924,541,94.03573397289688,POS,Food,US,12.0,0.1221309135744463,0.14167529530323505,1,7
5643,6,133.35018426257233,Online,Food,FR,22.0,0.09212849491550912,0.33139196895715217,0,7
4784,533,146.14484295195126,POS,Food,US,4.0,0.09111632320085472,0.08018199401015122,0,7
7635,834,96.68974644376252,ATM,Clothing,DE,14.0,0.24813695314580253,0.1539699065229821,0,7
8346,939,63.75010236570733,POS,Grocery,US,10.0,0.07755719393667057,0.17724469881886307,0,7
8272,72,137.83608079531703,POS,Grocery,UK,9.0,0.14828096521852174,0.209966317173662,0,7
9855,115,303.2917716903016,Online,Grocery,TR,12.0,0.2164079639385021,0.1440179345038338,0,7
6402,13,76.91102607192421,ATM,Grocery,FR,15.0,0.7204224796960756,0.1015792852824769,0,7
9374,618,32.41350956972113,POS,Grocery,US,15.0,0.2829319209215816,0.39586084062207194,0,7
9322,992,57.058738049795146,Online,Grocery,UK,4.0,0.27453020614244084,0.1731975372919636,0,7
3567,720,154.62462213720275,QR,Clothing,UK,11.0,0.07541809675031516,0.1258813940179757,0,7
1263,911,521.4123001731408,Online,Grocery,US,15.0,0.3140247276366111,0.27367087945531393,0,7
6062,325,240.72428119483627,QR,Travel,DE,12.0,0.2956321823105276,0.2636423797267024,0,7
364,982,50.839845560260784,POS,Clothing,TR,11.0,0.07176242169322124,0.13326091202514723,0,7
4620,331,9.261501759082066,QR,Clothing,US,20.0,0.12273141579915212,0.11401484499544168,0,7
2656,480,172.93801918367896,POS,Electronics,US,12.0,0.18241811962270238,0.1773199777387353,1,7
8745,370,312.3208135950576,Online,Electronics,US,20.0,0.38258306214539717,0.13623733777159275,0,7
8517,38,134.63164311670107,POS,Grocery,US,19.0,0.1378355623083584,0.27132198011229613,0,7
6881,521,239.1037135070265,POS,Electronics,UK,15.0,0.20163658261783107,0.1566148881985088,0,7
6504,876,334.82123544819717,QR,Grocery,UK,18.0,0.3286992982152028,0.40707769548655753,0,7
9122,336,424.3484389333998,Online,Travel,DE,13.0,0.843775339462309,0.3940780699506185,1,7
3296,766,281.49527903132554,ATM,Travel,TR,10.0,0.39754106423753877,0.21232030846166078,0,7
7248,713,252.74639405338755,Online,Clothing,DE,20.0,0.22873727843865913,0.30788092340266643,0,7
8534,963,91.34007814289775,QR,Grocery,UK,21.0,0.12343216197439032,0.22496177389088973,0,7
9795,430,80.66405894904734,QR,Electronics,DE,12.0,0.16036412274652093,0.11972130724028308,0,7
1275,739,47.462387232281436,ATM,Electronics,UK,12.0,0.076354093376307,0.18468790645798672,0,7
7073,989,163.72629058687312,ATM,Travel,UK,11.0,0.5262161179917638,0.7270035833450809,0,7
3587,266,103.77990029709791,ATM,Clothing,UK,16.0,0.3450265064463567,0.17450022091529405,0,7
2385,858,35.19343964473426,POS,Travel,US,6.0,0.07036636627549332,0.2079024065571579,0,7
5539,707,469.1567222108377,Online,Grocery,UK,9.0,0.4300553220536689,0.2716241655487583,0,7
918,733,10.399870960174646,POS,Electronics,US,19.0,0.116148401600557,0.14787504669292112,0,7
9984,601,0.0,QR,Travel,UK,6.0,0.09833835537364946,0.2499239178821971,0,7
4812,60,53.68224501664776,ATM,Electronics,FR,13.0,0.3071853642187822,0.10867276453317808,0,7
3249,454,194.02337746883214,Online,Food,UK,19.0,0.32135631431255984,0.2564615600804567,0,7
9340,792,16.760202315981196,QR,Clothing,DE,1.0,0.14356073651696588,0.3414202116117313,0,7
6203,795,65.53080527453912,Online,Travel,UK,17.0,0.1521008612999067,0.27423884463280485,0,7
3913,232,573.0462121507213,POS,Electronics,UK,14.0,0.4598367547794263,0.92075476796072,1,7
5262,983,24.626250445635804,QR,Grocery,US,21.0,0.08340995309833624,0.16585721151858723,0,7
8024,111,16.620029653670144,QR,Clothing,FR,22.0,0.10461535876069145,0.09405744240880279,0,7
7665,58,85.89883617697056,POS,Food,US,8.0,0.11365662131208744,0.20219902614179752,0,7
4768,674,82.4001097459014,POS,Grocery,UK,9.0,0.2183045129773382,0.180687368941334,0,7
1653,865,171.04252968936842,ATM,Electronics,US,21.0,0.056770505975548946,0.07672057986758239,0,7
6827,129,93.25199942162972,QR,Food,US,14.0,0.08727384325061009,0.08346423258140634,0,7
2981,315,35.74404157949527,POS,Food,UK,21.0,0.22208372335089022,0.06867351316523575,0,7
3649,414,226.81503634715824,POS,Electronics,DE,1.0,0.48715846059069723,0.6325657717179933,0,7
3906,868,131.19948953137552,QR,Travel,UK,13.0,0.14075442257816226,0.19507144947587624,0,7
771,793,407.89180075709896,ATM,Clothing,US,12.0,0.6519411033595486,0.5194113258396625,0,7
6714,372,2.8857510366686734,Online,Clothing,TR,20.0,0.06430033496295913,0.10952863430311349,0,7
7567,214,122.11539671232372,POS,Food,US,21.0,0.15079658101822435,0.14954219940654023,0,7
3321,437,319.3628231464989,ATM,Clothing,FR,18.0,0.4275287496631308,0.3296880656317793,0,7
4046,679,3.811847620871136,QR,Food,US,23.0,0.07060241671822111,0.06652577086211652,0,7
5945,854,20.58482775084539,ATM,Food,FR,16.0,0.1450570440595545,0.12683221502958697,0,7
758,564,232.4957600696462,ATM,Food,DE,10.0,0.23039828274360027,0.14272397417096416,0,7
9794,992,0.0,QR,Grocery,TR,23.0,0.170083081422566,0.08254993130892099,0,7
7223,634,101.78164303083683,ATM,Food,DE,11.0,0.4561353249704345,0.4687868434689438,1,7
7362,939,17.185295814610015,POS,Electronics,US,7.0,0.09601765824957059,0.1022794363744468,0,7
4130,826,134.70200235754228,QR,Travel,TR,2.0,0.37863318707783056,0.4550309923502288,0,7
1386,803,11.48916211862838,ATM,Food,DE,7.0,0.09046291560849958,0.11163078397780793,0,7
2740,633,73.37618423962392,Online,Grocery,DE,18.0,0.07312008675502615,0.11640001343848547,0,7
9196,706,115.17882114885015,QR,Food,UK,14.0,0.2666577976997444,0.13949105038613535,0,7
8643,276,67.7887142792138,POS,Travel,FR,18.0,0.5942147393731728,0.4115827447828755,0,7
6174,24,244.2016569810529,QR,Electronics,TR,17.0,0.31120159449713347,0.22819721245723554,0,7
6025,365,608.6336076999969,POS,Grocery,US,22.0,0.24848613137717254,0.33610168350223013,0,7
3563,484,30.569921894951456,QR,Grocery,US,23.0,0.09966981494223218,0.10883579573588717,0,7
1943,293,0.18463178560277704,ATM,Food,UK,23.0,0.16927556464990448,0.06946398485666065,0,7
4587,866,542.5142724308441,QR,Food,UK,4.0,0.41509621273462727,0.639121321999446,0,7
6720,267,38.61857729230245,QR,Electronics,US,14.0,0.10369547792146497,0.06630414263126637,0,7
28,151,21.289182586328426,POS,Clothing,US,22.0,0.5599796387778062,0.7200498583156456,0,7
3494,115,35.04973743592687,ATM,Grocery,DE,20.0,0.15147535148346136,0.176917828917027,0,7
59,228,106.26888783123616,POS,Food,FR,15.0,0.392729218139111,0.1814575873142094,0,7
9341,517,0.8645199195261855,ATM,Electronics,FR,19.0,0.19261048560290742,0.0889056029000851,0,7
3704,463,237.41945827817483,Online,Clothing,US,2.0,0.25423625724961774,0.2031860780347638,0,7
3878,549,3.865961506135968,POS,Food,FR,21.0,0.12095785682637795,0.07295623606531394,0,7
9837,117,279.4914544377878,POS,Food,US,21.0,0.13245665644600174,0.34401876286440236,0,7
8914,719,245.90703562281027,QR,Electronics,UK,22.0,0.12575623767818095,0.11624440418876521,0,7
4690,676,31.206398347041418,QR,Electronics,US,15.0,0.2358950803775931,0.36350364865919893,0,7
6082,459,187.81817564831726,Online,Travel,TR,17.0,0.08145608878413077,0.12970243205122933,0,7
3106,72,395.4748062639199,Online,Electronics,UK,8.0,0.1910462663140115,0.38742104657207715,1,7
2623,906,403.05659573589384,ATM,Grocery,US,4.0,0.3885297403470361,0.5280303574945753,0,7
6660,854,0.0,ATM,Travel,US,21.0,0.29698806778545306,0.08371085360953216,0,7
9346,852,168.30027786837553,Online,Grocery,UK,11.0,0.282926818312544,0.11083428561820094,0,7
2368,79,16.991377476761016,Online,Grocery,DE,5.0,0.13126568838426397,0.3783486799754477,0,7
7180,665,135.1386772504344,ATM,Clothing,DE,9.0,0.29954223362601556,0.45488941093571184,0,7
8922,125,236.11521559908354,Online,Electronics,TR,9.0,0.17821098266557772,0.2230958719059386,0,7
6123,122,74.60635587391965,ATM,Travel,TR,14.0,0.10633752573027769,0.08686276850802199,0,7
5888,567,269.31797564427757,POS,Grocery,UK,17.0,0.2038446490636599,0.22052376634954937,0,7
1559,338,52.34740763696476,QR,Clothing,DE,17.0,0.11530580243824463,0.4010569851522824,0,7
9565,378,98.97848384706374,ATM,Travel,DE,17.0,0.10524535681621505,0.2588190284069812,0,7
1199,298,206.6818942489541,Online,Electronics,FR,15.0,0.22095244134328293,0.16829168276157425,0,7
9226,229,26.73619886067139,POS,Food,DE,13.0,0.06297589843184775,0.11878587860212689,0,7
4295,408,137.40696193196197,Online,Clothing,DE,10.0,0.09202131358908441,0.20762986095603325,0,7
4123,663,118.22888515799629,ATM,Grocery,FR,22.0,0.11401558189405042,0.20555268441949606,0,7
6047,659,252.99904159415865,QR,Grocery,FR,17.0,0.20462979132006198,0.14609960298855876,0,7
8312,452,148.73710782670472,Online,Food,UK,18.0,0.5192167349443213,0.1848833872874023,0,7
4062,244,27.30843713217912,QR,Food,UK,14.0,0.5904851994646186,0.31865922973176625,1,7
9643,449,42.9428218048019,Online,Food,UK,8.0,0.345609985698605,0.5559523090700385,0,7
3844,520,16.70042911109604,ATM,Electronics,UK,6.0,0.12153965526356139,0.0904831047545234,0,7
8911,682,55.55742872682357,QR,Food,FR,19.0,0.06820603312165446,0.27774566127906636,0,7
3951,206,296.6222491619532,QR,Electronics,TR,21.0,0.2706190670985335,0.39138638338239207,0,7
3790,476,118.55056825908606,Online,Travel,DE,23.0,0.4023263807694279,0.3484478547290241,0,7
6118,259,22.180355904892465,QR,Electronics,UK,20.0,0.08026519210665706,0.13295999216023646,0,7
4582,896,271.52002204850066,Online,Electronics,DE,13.0,0.10975124688168603,0.3551906468835695,0,7
7,425,36.64909849716226,Online,Electronics,DE,23.0,0.3613715635467368,0.25363910330757977,0,7
6106,112,5.7219221025221145,ATM,Clothing,UK,18.0,0.16024526906722258,0.07649550026550536,0,7
2314,221,16.50332629354969,Online,Food,UK,12.0,0.06334101622531958,0.16717220831280385,0,7
7833,803,133.83118186542106,POS,Clothing,TR,16.0,0.1488777415987241,0.16061371950858028,0,7
8323,161,84.06545260830417,QR,Grocery,US,21.0,0.3640330642863539,0.2206659864997297,0,7
2609,924,41.375873941911486,ATM,Travel,UK,4.0,0.32462701183594855,0.2871108957121689,0,7
7319,426,39.017485644353776,ATM,Food,UK,19.0,0.2483493826119616,0.07397930665329537,0,7
761,61,239.89982452124303,POS,Travel,US,20.0,0.09887610780524513,0.5779208416724347,0,7
8418,344,39.35339086033863,POS,Food,US,22.0,0.15539049979463304,0.1517932220441877,0,7
2583,410,75.99987863477389,POS,Grocery,FR,22.0,0.0817762098876249,0.2183002385772463,0,7
7340,473,777.6424654911474,ATM,Grocery,DE,14.0,0.19278793424442023,0.3557352019747303,0,7
4780,767,603.5322157415725,POS,Travel,US,20.0,0.13782568428883382,0.6837151783276387,0,7
7527,674,19.278312875447266,Online,Grocery,TR,14.0,0.25894079261890024,0.2116790942957506,0,7
5919,594,451.22983689877407,Online,Travel,DE,19.0,0.3030904952491138,0.12522031892237956,0,7
4591,515,29.34527754953865,ATM,Grocery,TR,18.0,0.1371043939665772,0.19602935029392543,0,7
5850,784,46.83650941043998,Online,Grocery,FR,15.0,0.4184655931808795,0.14793472961643805,0,7
4254,823,43.24031361582571,Online,Clothing,DE,18.0,0.10154840806836589,0.09904090289119213,0,7
8760,897,947.6032662463595,ATM,Electronics,UK,12.0,0.4634401014975793,0.06436461779576319,0,7
6644,749,369.2982476274801,POS,Food,TR,21.0,0.08228308928312258,0.2569500506348883,0,7
4084,537,1.8807244472521392,QR,Travel,UK,22.0,0.6483994477338699,0.21132319378865558,0,7
7673,244,31.9494284141715,Online,Travel,DE,7.0,0.20908520447415577,0.26656014089577607,0,7
6473,759,753.2101383795065,POS,Clothing,NG,20.0,0.8762135921709779,0.5401572052201757,1,7
725,370,8.963320594226298,QR,Clothing,US,23.0,0.2684401211840506,0.1289745198192644,0,7
1984,64,128.2548085564616,ATM,Travel,FR,0.0,0.359996297162755,0.21354932609638924,0,7
5674,721,919.5717631701186,POS,Electronics,TR,16.0,0.1611032891386745,0.23457377086722878,1,7
6212,430,11.793469677984731,POS,Travel,DE,22.0,0.24354671938467903,0.07673642788708719,0,7
9761,155,32.61849886377317,Online,Travel,UK,10.0,0.20370843755418877,0.2030576189138133,0,7
2063,909,25.484762085846008,ATM,Electronics,UK,15.0,0.16382912091784543,0.20639589248226553,0,7
6412,686,13.411534104340806,POS,Travel,US,22.0,0.5308340343569724,0.35471970079501813,0,7
7841,327,300.7116248836742,QR,Food,US,14.0,0.141013769122949,0.2951776268580245,0,7
6193,236,39.187726636303246,ATM,Electronics,UK,16.0,0.19202924741770844,0.09801052516484045,0,7
9153,140,315.4243947835458,POS,Travel,TR,10.0,0.30539160552356015,0.1395476012094909,0,7
8340,619,397.9633009497641,Online,Grocery,UK,16.0,0.42989504593709493,0.7825361052420767,0,7
6674,259,351.06134695386106,POS,Grocery,TR,23.0,0.41522870415263025,0.077698237709006,0,7
7715,4,308.10076412032026,ATM,Clothing,TR,17.0,0.16446764016463028,0.3034033941841165,0,7
8283,944,334.02063424298575,Online,Grocery,FR,15.0,0.13720681280436894,0.23405566140839612,0,7
8299,513,408.4375658980496,ATM,Travel,FR,10.0,0.10440226714222828,0.26146694112970725,0,7
9607,95,464.9945446743789,ATM,Travel,US,9.0,0.12937526997152346,0.7217874968691904,0,7
2563,94,57.78349978411173,QR,Travel,US,20.0,0.05899777780358029,0.06291255526246882,0,7
5011,201,121.30612236115084,QR,Grocery,US,12.0,0.12485574476588096,0.19644718633184283,0,7
7763,860,191.25888036615257,Online,Grocery,UK,17.0,0.11688405536774585,0.19681549138534649,0,7
6848,381,112.94023699726542,ATM,Electronics,DE,16.0,0.1665376538324401,0.2491262128126644,0,7
3692,991,61.738955859918974,QR,Clothing,UK,19.0,0.10415104018145696,0.2745439872854709,0,7
1000,474,197.94237060683258,Online,Travel,US,16.0,0.1438058402876722,0.14933595090056964,0,7
633,902,108.00367869367808,POS,Clothing,TR,22.0,0.3994088720288403,0.21468235728188872,0,7
2745,366,69.99947264330035,Online,Travel,US,19.0,0.08125694843363142,0.36925907462151414,0,7
4327,615,56.130882592158656,ATM,Clothing,TR,11.0,0.1272928998835408,0.1547582341448536,0,7
7905,140,69.547625266994,POS,Food,US,8.0,0.4754892105325189,0.17158432603197943,0,7
4455,64,528.9226552506102,POS,Food,US,6.0,0.4011622089150855,0.4718962934637188,1,7
7708,883,4.70245686364084,ATM,Food,DE,21.0,0.15588637733568045,0.06323591965026691,0,7
3534,809,82.4981958503171,POS,Clothing,DE,19.0,0.10863344540225234,0.27820422610389106,0,7
7900,258,421.47064636458424,QR,Food,DE,9.0,0.30164124764018474,0.5488629234416498,0,7
5052,899,143.40646900742308,POS,Travel,US,20.0,0.25431845430441063,0.17067626709155503,0,7
2067,134,76.01051876613681,ATM,Food,DE,16.0,0.19516114515198757,0.18203276583327738,0,7
7991,138,179.667637822642,QR,Clothing,UK,8.0,0.20552525810684763,0.14160879283858682,0,7
2940,43,436.9703302443801,ATM,Clothing,DE,16.0,0.4131942754710906,0.382253188872396,0,7
4030,599,50.26482781588971,ATM,Travel,US,14.0,0.2285326356213085,0.3683832645098368,1,7
8539,377,51.96925929225487,ATM,Food,UK,19.0,0.11775052118257691,0.2649718155607901,0,7
6022,572,361.7546720342367,POS,Food,UK,7.0,0.12892474702982515,0.38961880084331796,0,7
4150,957,266.5983222656556,POS,Electronics,DE,17.0,0.2618452661899293,0.11924149309702353,0,7
9216,424,14.865414693996257,QR,Clothing,FR,16.0,0.06975589763164161,0.1598259529648849,0,7
2256,62,36.661547624079645,QR,Food,UK,3.0,0.2741334582108552,0.1281752855602226,0,7
6454,284,237.09727772238602,ATM,Food,FR,17.0,0.5283994612482755,0.22516230263122117,0,7
4425,338,151.8302530374614,ATM,Electronics,US,2.0,0.10495939180391167,0.07846135602751075,0,7
5222,620,53.66888175729948,ATM,Electronics,DE,22.0,0.173100972307921,0.1302928939077434,0,7
2009,146,74.5493596650389,Online,Food,UK,10.0,0.18419058072941574,0.3340279148349741,0,7
8058,771,314.9410754367572,ATM,Clothing,DE,18.0,0.2932124574006169,0.22437722896229387,0,7
3683,681,184.49765520579993,POS,Grocery,DE,11.0,0.2596421357700235,0.09199760710933289,0,7
6820,848,23.967490784246937,ATM,Food,FR,23.0,0.2443288714054244,0.2282843560199204,0,7
9710,188,309.26408920503445,ATM,Electronics,DE,20.0,0.32178628371977125,0.15874620752159455,0,7
8456,89,411.9286022261982,POS,Clothing,DE,22.0,0.11397206157456775,0.1121421038149851,0,7
6365,635,165.3498004839696,ATM,Electronics,TR,12.0,0.32623112696279594,0.37560198140195655,0,7
5584,585,8.841328287633699,QR,Grocery,UK,21.0,0.1408844371615021,0.12103545331338422,0,7
6078,639,101.5717813780114,POS,Electronics,TR,12.0,0.306850306260092,0.43786826617186164,0,7
8256,138,2.3945928108441867,POS,Electronics,TR,20.0,0.1543928085177975,0.06661735972951086,0,7
1942,830,217.72204881533813,QR,Travel,UK,22.0,0.4372411111061737,0.5962574021582379,0,7
9483,438,95.70936007047662,Online,Food,UK,11.0,0.17627744931947734,0.20588380938509976,0,7
663,297,165.48962347887655,ATM,Clothing,FR,20.0,0.0924493430971201,0.12753203602207916,0,7
5452,461,10.286838757057945,Online,Food,FR,8.0,0.3574075462403111,0.26430183645279903,0,7
4071,208,255.5345793765726,QR,Grocery,US,19.0,0.5293190106052789,0.23115334864509143,0,7
4964,1,381.18807891108054,ATM,Grocery,US,7.0,0.14415031931472416,0.18745355929166632,0,7
3142,437,272.74450841170426,POS,Food,UK,22.0,0.7569362289414802,0.5602349463470023,0,7
9651,259,76.0515253656746,ATM,Travel,FR,12.0,0.18703641764339626,0.2812917979686217,0,7
2780,292,79.57333459596859,POS,Grocery,FR,19.0,0.19770829834442882,0.10215076232871229,0,7
7328,564,123.1222177575123,QR,Food,FR,3.0,0.13934259601331814,0.08481827481870148,0,7
972,373,133.58300414170571,Online,Electronics,FR,11.0,0.35835106011100093,0.16345196141968812,0,7
5963,614,108.46215388570155,Online,Grocery,DE,3.0,0.2798142293776899,0.06698575282872496,0,7
1615,452,15.270778586668959,POS,Clothing,US,7.0,0.2722793784240751,0.08788013903181345,0,7
6567,217,255.21236366560197,QR,Clothing,FR,14.0,0.8967934199165251,0.3967893660663666,0,7
5385,794,96.57644026198861,POS,Travel,UK,20.0,0.433368622738654,0.14620089999390892,0,7
1116,216,325.51948800096903,Online,Electronics,DE,20.0,0.24895974139501678,0.10909395479863718,0,7
6034,540,468.9667281639674,Online,Electronics,TR,14.0,0.24152216874275872,0.18046035633859858,0,7
2733,564,0.0,QR,Electronics,US,19.0,0.07179490245494538,0.14390872736566862,0,7
6679,143,3.7290812614939375,POS,Clothing,TR,21.0,0.26983510155501506,0.14960578008610587,0,7
7380,70,0.0,Online,Electronics,UK,10.0,0.32976290491202837,0.3071694074611537,0,7
9967,913,360.55370527719776,ATM,Grocery,UK,23.0,0.5040007316384179,0.6412324335642333,0,7
4057,607,65.10931545302778,QR,Electronics,TR,5.0,0.17254869033672443,0.07768651347064238,0,7
8201,531,111.39939953761618,Online,Grocery,US,21.0,0.7019584310092085,0.13011631945175828,0,7
6671,275,111.17482416421147,Online,Grocery,DE,17.0,0.23341142409038312,0.129230820371815,0,7
1534,848,8.965272798275947,POS,Travel,FR,16.0,0.06662176681771172,0.14775373726007307,0,7
3539,377,4.098199004635978,Online,Clothing,DE,23.0,0.15014268014947915,0.10998036514016132,0,7
3703,933,479.1753209750519,QR,Food,DE,21.0,0.3387874121977983,0.23181168150804288,0,7
7151,881,33.49315468149728,POS,Travel,TR,18.0,0.19308935307580813,0.1013782969642906,0,7
3102,880,141.27661363218607,ATM,Electronics,FR,20.0,0.23987443959641286,0.1445796330219506,0,7
822,304,290.4533749582555,ATM,Grocery,FR,23.0,0.06071012531151135,0.11890337379022156,0,7
8248,942,7.59241516384694,Online,Electronics,FR,2.0,0.06735256931165552,0.12069406797329638,0,7
6296,513,49.458087887920264,Online,Clothing,FR,18.0,0.15007253428334383,0.0710978893728085,0,7
1272,601,79.5313789886479,Online,Clothing,UK,17.0,0.2662962528857416,0.090452649441491,0,7
335,252,0.0,Online,Electronics,FR,16.0,0.2967003055328272,0.36586897197322654,0,7
3473,975,141.8404266726871,POS,Grocery,UK,8.0,0.14584551846039054,0.3844108053626773,0,7
4134,854,55.78250186060849,ATM,Food,US,4.0,0.19003960409606557,0.4437159261492213,1,7
7317,460,24.79770845305262,Online,Electronics,TR,20.0,0.10495717811075661,0.13599421126351308,0,7
2507,202,124.71834297125888,POS,Clothing,UK,21.0,0.15581776764636232,0.09483676255329992,0,7
6738,585,127.95648833386578,ATM,Electronics,US,22.0,0.09839946930669276,0.10969097693318614,0,7
7416,725,425.40484762835933,QR,Clothing,FR,18.0,0.3651223325358459,0.41396406946704595,0,7
7025,124,74.43021285033271,ATM,Clothing,US,16.0,0.18558971022026627,0.1442939412285682,0,7
7078,463,3.460267901124429,QR,Electronics,FR,13.0,0.12977109735190792,0.3640618212980792,0,7
7511,481,136.6137773863157,POS,Electronics,FR,20.0,0.24799729653208202,0.18649685511171077,0,7
7979,264,48.22700417268586,Online,Travel,US,11.0,0.07732647202561944,0.2893262728817923,0,7
6295,767,221.81450581140976,ATM,Electronics,TR,13.0,0.8397969484765453,0.32401594800625194,0,7
8159,603,360.15575739103207,ATM,Clothing,TR,21.0,0.43928926155851195,0.18243052200353338,0,7
786,92,43.74615578745812,POS,Clothing,DE,22.0,0.17199015293445272,0.0918031584154403,0,7
5720,900,140.00500422748956,QR,Grocery,DE,11.0,0.18678172542909377,0.2145893207849548,0,7
6033,2,74.5456929436385,ATM,Electronics,UK,8.0,0.23486160309729115,0.3034854539356824,0,7
7085,830,4.798079309840641,POS,Grocery,UK,9.0,0.08402160251794832,0.09014842264727355,0,7
9968,628,13.685067729459615,QR,Clothing,DE,17.0,0.23137471285913513,0.14204742233986709,0,7
7865,196,81.88089167460377,QR,Electronics,FR,16.0,0.18377960482651237,0.19580750772124217,0,7
6200,782,354.45749486205403,ATM,Electronics,UK,12.0,0.08775921022653534,0.29804938017835575,0,7
1533,211,640.8407753597251,Online,Clothing,US,12.0,0.5616854943538099,0.15904089248426773,0,7
1037,480,323.8299622642078,POS,Food,FR,22.0,0.4630260888042278,0.2534856729642413,0,7
8016,481,139.15853433964378,Online,Travel,US,22.0,0.4954071615402854,0.34717091514936727,1,7
1839,330,9.654399291324566,Online,Travel,TR,17.0,0.19482903645042624,0.11528107811990182,0,7
1590,646,481.59177523967185,ATM,Grocery,TR,20.0,0.3645718959070598,0.38060160135856713,0,7
780,918,43.10483296567663,ATM,Food,US,21.0,0.16495997511853672,0.5049601662160622,0,7
2901,753,2.3188659494465815,QR,Electronics,US,8.0,0.15368678594401677,0.17914498241748691,0,7
8118,440,22.565005152377474,POS,Clothing,UK,14.0,0.09305762451831301,0.09849349553690101,0,7
5128,161,23.973450126482827,ATM,Clothing,UK,9.0,0.0908790113587579,0.3768251858067183,0,7
8444,951,414.6603898689387,QR,Clothing,DE,21.0,0.08614323623698221,0.2635917989049161,0,7
8408,514,516.8714737448469,ATM,Food,DE,14.0,0.29938569139693616,0.3599964889774967,0,7
1825,960,74.23357241783624,QR,Food,FR,22.0,0.2960521686017429,0.0770951921118302,0,7
2469,730,342.8016597187448,Online,Clothing,US,20.0,0.8998828156054969,0.16580393469366783,0,7
6649,804,24.825489613578156,POS,Electronics,FR,7.0,0.34972251351336425,0.11903389411664668,0,7
8556,537,192.0462254395945,POS,Food,FR,19.0,0.32758985054102385,0.39931277460466924,0,7
6384,228,22.3910020241222,ATM,Travel,FR,23.0,0.18625163709478926,0.23407149595658092,0,7
6369,20,247.37465727279994,POS,Clothing,UK,22.0,0.12205883591660666,0.24810601570913854,0,7
4823,272,426.81430639563047,POS,Travel,TR,23.0,0.30194028761866903,0.1582424456037321,0,7
4339,827,23.006247674483,QR,Food,FR,18.0,0.29352233481356843,0.30536238493775286,0,7
5297,266,151.44164548740272,ATM,Clothing,TR,11.0,0.16354556740631737,0.16744033538431463,0,7
2647,951,54.98854611148898,ATM,Electronics,UK,7.0,0.793037994288758,0.1535610048202392,0,7
9864,972,36.14749953812404,ATM,Food,US,16.0,0.46048480285426224,0.6548280593218969,0,7
9790,95,337.76779184441034,ATM,Clothing,FR,5.0,0.29431013148224694,0.3732310534966288,0,7
8595,760,63.863429062716186,QR,Grocery,FR,17.0,0.17682877638709654,0.3752609706994778,0,7
5823,657,19.138531230506988,QR,Grocery,FR,4.0,0.09812517567548544,0.11896181785959994,0,7
318,215,360.1381381301323,ATM,Travel,TR,20.0,0.20628379880498857,0.2682241320610148,0,7
438,752,184.75842854722706,QR,Electronics,TR,11.0,0.33084467949057694,0.31079493275000886,0,7
1723,432,1.7566031637721897,POS,Food,UK,18.0,0.09119088565374767,0.08470408187449342,0,7
9423,113,311.3258438902065,QR,Grocery,US,22.0,0.395299485333669,0.11413760238804121,0,7
8007,804,43.226502152194016,POS,Clothing,TR,15.0,0.06112112526962473,0.06509786780932554,0,7
4401,415,158.14781289844237,POS,Electronics,UK,21.0,0.24473092123255852,0.37325252744647813,0,7
3728,675,749.7242309673969,ATM,Food,UK,20.0,0.5416351833833175,0.4330770887483452,0,7
5625,849,190.13103034607528,QR,Food,US,2.0,0.42167759657284054,0.2938118390169155,0,7
5786,451,169.8393226798757,ATM,Travel,UK,6.0,0.6480585358904749,0.19155457575634977,0,7
1989,916,42.275159996859955,Online,Clothing,DE,7.0,0.31137991678230126,0.11630489238233488,0,7
5530,685,118.04649731398155,QR,Clothing,DE,20.0,0.5663283310383286,0.23971804171985314,0,7
276,63,85.36881223577338,ATM,Electronics,US,13.0,0.1489028113811889,0.26204645010772043,0,7
298,564,81.5629114604717,QR,Travel,TR,8.0,0.11125783237103563,0.10882151604640919,0,7
5058,641,10.569406135290773,Online,Grocery,FR,4.0,0.17929019102552185,0.4841467773485371,0,7
4608,723,8.40971376969496,QR,Electronics,FR,19.0,0.24694509218735672,0.1968871045031859,0,7
6443,438,276.7965464132535,QR,Travel,TR,3.0,0.56136847813007,0.29752812774966514,0,7
930,806,25.071164845556652,POS,Food,UK,22.0,0.5187145017565242,0.2949629813899146,0,7
2735,654,8.983951456917707,ATM,Electronics,FR,10.0,0.10896226414834911,0.10275454940281278,0,7
6552,627,92.67061917204877,POS,Travel,DE,12.0,0.10467169617058047,0.1755992018213852,0,7
4426,498,297.09295278047614,POS,Electronics,UK,23.0,0.39699915310474393,0.10802336550551647,0,7
5813,984,68.26445595731228,QR,Food,TR,14.0,0.2860993891178387,0.4305943774034107,0,7
2505,539,38.7104132085096,ATM,Travel,FR,16.0,0.4964286659986363,0.12593567442521786,0,7
1998,712,429.2031575398143,QR,Food,FR,5.0,0.2631042823067645,0.21229094206322707,0,7
3766,343,25.2168638174666,POS,Food,TR,15.0,0.09076061757696655,0.33806124752403893,0,7
3663,395,227.17995024920555,Online,Electronics,FR,15.0,0.3850281498578157,0.08970539505418901,0,7
1155,445,8.790839160386865,Online,Travel,FR,22.0,0.07251403151211588,0.3156967356771071,0,7
5326,272,5.70840245659023,POS,Travel,TR,3.0,0.09595048329999613,0.1413405198974154,0,7
4660,980,526.4111283190216,POS,Grocery,UK,19.0,0.12117693653593976,0.29682606833190467,0,7
3431,359,273.80952951963883,ATM,Electronics,UK,13.0,0.36922113174852983,0.12567600128374024,0,7
7984,605,303.4666453997495,ATM,Grocery,FR,6.0,0.15121780427141684,0.22304701352555478,0,7
4315,626,64.09567399813147,ATM,Food,US,11.0,0.22157489156292132,0.08629737065223461,0,7
3306,422,93.40027389022015,ATM,Food,TR,19.0,0.239947830997925,0.1160414596250651,0,7
6236,725,219.4673499717041,Online,Clothing,UK,10.0,0.3758911856141113,0.18200463482063106,0,7
1674,51,167.0654305288222,ATM,Food,FR,15.0,0.11631510126034028,0.19483384261912431,0,7
3999,186,64.92071555895312,QR,Electronics,UK,16.0,0.1548261978137757,0.27189879291667396,0,7
5772,613,79.12524325476922,POS,Electronics,TR,19.0,0.2344304830847032,0.10005671207742392,0,7
5520,92,90.13298918079343,ATM,Electronics,FR,15.0,0.3659769616279856,0.28159838383168173,0,7
8021,421,45.78688628290722,ATM,Grocery,UK,20.0,0.15035074859765868,0.29900392917611335,0,7
4239,385,21.680276611327145,ATM,Travel,DE,12.0,0.37263734270883664,0.3140811309245751,0,7
8453,923,174.84891782369127,ATM,Clothing,UK,17.0,0.21353329552617778,0.21119634631662865,0,7
4384,904,41.30453286246761,QR,Grocery,UK,6.0,0.17273045072793797,0.08655372604710929,1,7
292,238,15.17805034525319,Online,Clothing,TR,20.0,0.2623371339569782,0.08451516777802394,0,7
9596,718,2.9076882362338616,QR,Food,FR,23.0,0.18354188956066642,0.18042052673589018,0,7
7949,381,22.781840229686374,QR,Travel,UK,22.0,0.3251399503070494,0.4390964373523588,0,7
9394,78,33.074502223134495,QR,Grocery,TR,20.0,0.17391880705867885,0.28310713437442464,0,7
3707,935,53.91054135728871,Online,Grocery,FR,15.0,0.47078209219377903,0.365498097484219,0,7
7650,312,192.6052818260158,ATM,Grocery,US,20.0,0.25151470754505995,0.13235275277629838,0,7
2303,86,277.85747549215074,Online,Travel,US,18.0,0.559968206283847,1.0,0,7
2575,115,230.56926210509283,Online,Clothing,DE,18.0,0.437108945445285,0.19774143585485354,0,7
9808,733,99.23423948538333,ATM,Travel,FR,14.0,0.23952828504427998,0.12401960152779432,0,7
5264,891,111.37327041414136,ATM,Travel,FR,8.0,0.19721836870082027,0.36320210002326536,0,7
1844,559,44.99562070409508,ATM,Food,UK,16.0,0.1908488346811519,0.174431023806154,0,7
8074,961,6.962806252545734,POS,Grocery,TR,22.0,0.06133877703676242,0.07174148460320974,0,7
8480,6,416.0329908629024,QR,Travel,US,13.0,0.35072744749210677,0.5298476850426906,0,7
4133,893,146.9103643014846,POS,Travel,TR,14.0,0.2130845684963997,0.12419448658203705,0,7
4713,601,171.94833998598278,ATM,Travel,TR,18.0,0.4353887009897182,0.1401445625455438,0,7
5886,68,81.90313315220126,ATM,Travel,US,12.0,0.21743769914027322,0.16559688772566059,0,7
9618,726,50.43285572894324,Online,Food,FR,20.0,0.476327962795078,0.38203805321667345,0,7
126,556,400.5353824549853,Online,Electronics,US,11.0,0.1878664580515257,0.3028116642971336,0,7
7308,692,436.5840896380772,Online,Grocery,US,15.0,0.10958178960175782,0.09462149013939591,0,7
2594,268,265.83062392882493,POS,Travel,DE,15.0,0.23492430414223178,0.1385619674372983,0,7
2212,321,331.9415689507272,POS,Grocery,US,14.0,0.7636158412755766,0.5250601855329329,0,7
6910,889,215.79495461676396,QR,Clothing,FR,20.0,0.2111999640769353,0.17502928086254227,0,7
8970,225,377.74111944193083,POS,Clothing,DE,23.0,0.06423826379805994,0.11517657761634426,0,7
1358,162,301.7097806997468,POS,Travel,DE,21.0,0.1398766532253113,0.41508965952747234,0,7
2330,545,232.8250826105433,POS,Grocery,TR,13.0,0.08278440904221669,0.11275456956948104,0,7
3956,96,20.659843761760733,POS,Grocery,UK,23.0,0.20607192228788435,0.2948774537114221,0,7
906,380,137.95011120156448,ATM,Travel,US,4.0,0.47176070231551454,0.35817326362299196,0,7
9561,746,64.89044300190612,Online,Clothing,US,10.0,0.19734109300092545,0.16728455707698736,0,7
9043,200,39.16021107867416,POS,Clothing,UK,19.0,0.10394302397783878,0.15425644472256542,0,7
6328,716,48.380850485421576,ATM,Grocery,UK,5.0,0.6368598142053941,0.1962511312336202,0,7
4835,575,186.9142012986042,Online,Food,US,18.0,0.273376372131087,0.15296893971580872,1,7
3088,716,132.2153770837428,QR,Food,DE,3.0,0.08532305941370208,0.18256244537421,0,7
973,958,373.0674839123666,POS,Food,DE,5.0,0.05725028716967859,0.10795075626569169,0,7
9661,693,537.9487176934246,POS,Clothing,FR,6.0,0.1838937644108976,0.06131277291622745,0,7
2632,185,22.458647565618005,Online,Clothing,DE,12.0,0.12896107632099096,0.07179877158320466,0,7
8894,391,104.84418721676862,QR,Food,UK,19.0,0.10203799296362809,0.17649447668168328,0,7
5692,240,374.42787849346894,ATM,Electronics,TR,21.0,0.19926372666666356,0.1547249716831462,0,7
9848,671,81.9138873909589,ATM,Electronics,US,12.0,0.2769980794644934,0.25061907232865877,0,7
4090,775,94.22164222418975,ATM,Electronics,US,15.0,0.14461084765957058,0.4004123271707646,0,7
6020,825,208.64704659651437,ATM,Electronics,DE,20.0,0.13032954716013956,0.2840811113865692,0,7
308,885,0.0,QR,Grocery,FR,22.0,0.06828454726913737,0.16280569100555364,0,7
8140,529,211.78503482025002,QR,Travel,DE,21.0,0.3534382648717648,0.13449296418842563,0,7
4534,966,316.4344942281019,Online,Electronics,US,8.0,0.1694964184413569,0.24632642690587545,0,7
679,997,468.3373487254996,QR,Clothing,TR,22.0,0.12840803433536885,0.42410468786729993,0,7
1170,420,85.85365176143588,POS,Food,TR,20.0,0.5691838478389435,0.25956373167634134,1,7
8743,339,64.35565781598314,QR,Electronics,TR,17.0,0.0668013143714936,0.2930712735597165,0,7
3767,323,13.112537210175203,ATM,Electronics,TR,21.0,0.07921430617860659,0.0554978373438533,0,7
1721,507,68.25816433764759,Online,Grocery,US,21.0,0.11702777247398208,0.06510571688433295,0,7
5617,935,881.2274895563824,POS,Food,UK,20.0,0.3173621997827647,0.3070001108241825,0,7
1386,453,3.792096799026232,Online,Clothing,FR,12.0,0.10893457246020469,0.09337809590851233,0,7
8752,531,44.86351026288418,ATM,Clothing,DE,20.0,0.34347887837277863,0.0710196545607872,0,7
7535,731,29.193525077701764,POS,Clothing,UK,13.0,0.1448843523231324,0.24678879145542526,0,7
5827,932,119.06392208392771,QR,Grocery,FR,8.0,0.2124693640453059,0.44337849915561783,0,7
3910,227,0.0,ATM,Clothing,TR,18.0,0.06490235055532274,0.12417006018762025,0,7
2761,702,523.8857670904804,Online,Electronics,DE,10.0,0.1446224214696361,0.1665798276412489,0,7
2969,921,10.66933832792381,Online,Electronics,FR,8.0,0.06445696590166994,0.08018070400558608,0,7
4013,363,91.17467319233083,QR,Grocery,TR,22.0,0.07861379682833107,0.3826813456980709,0,7
5413,380,241.13622712203232,Online,Grocery,UK,12.0,0.46623262765354634,0.37619731259483496,0,7
4240,738,667.1459642191483,QR,Grocery,NG,21.0,0.09248412071108993,0.0799511812360013,0,7
3705,658,192.62716771247293,Online,Food,FR,17.0,0.31450857486222195,0.20042499719156054,0,7
3658,537,24.784517125154053,QR,Grocery,TR,19.0,0.1250267337362985,0.15685079338141966,0,7
9905,258,635.2407897471095,POS,Travel,TR,4.0,0.14694994083792667,0.2605689609640298,0,7
320,248,180.28238277358108,QR,Grocery,TR,18.0,0.15611935617230616,0.35813025254059544,0,7
415,800,147.5717523543009,QR,Clothing,US,23.0,0.29221931421576597,0.45539834156200815,0,7
4236,273,216.03068254246372,ATM,Clothing,TR,3.0,0.2801714405409581,0.15684150978501843,0,7
1105,339,42.988143829957025,Online,Clothing,DE,13.0,0.21722904197891774,0.09857898567704504,0,7
2844,323,48.69926009049027,QR,Grocery,UK,12.0,0.44615400276468803,0.10904126162720598,0,7
4895,813,91.1969609944335,Online,Clothing,US,11.0,0.29462643402437005,0.09977853892526115,0,7
7279,741,63.22346681109443,QR,Electronics,US,20.0,0.47117031625243333,0.09300802470019492,0,7
7711,403,27.404035332321634,POS,Food,TR,16.0,0.07236110188389416,0.17425525034806807,0,7
3725,980,0.0,Online,Clothing,DE,22.0,0.07800688115962186,0.09919740545415155,0,7
1164,636,41.22248445617711,POS,Grocery,UK,15.0,0.22521473241745282,0.188609463047233,0,7
1157,762,11.419304967652671,ATM,Travel,FR,6.0,0.1976524617859663,0.1378577700444196,0,7
2429,421,222.0846958908305,QR,Grocery,TR,15.0,0.6086741448853699,0.1001476475314999,1,7
5712,638,178.45483336913145,Online,Travel,UK,18.0,0.2455125445443959,0.13864566793216662,0,7
2336,500,118.89046475302158,POS,Travel,UK,14.0,0.15866306222148227,0.08634558045943751,0,7
8787,648,50.11003699728955,QR,Electronics,DE,8.0,0.1906777624041179,0.23444413079444776,0,7
738,680,185.91868040694928,Online,Clothing,UK,10.0,0.2691998410186646,0.06595822639702568,0,7
1401,760,0.0,QR,Clothing,TR,11.0,0.09262088834723892,0.19270563130780727,0,7
8208,142,546.3209711023305,QR,Electronics,US,7.0,0.16481934451129732,0.6969778925599013,0,7
6599,420,58.14948519091242,ATM,Clothing,US,10.0,0.11117540914042841,0.13612406033988603,0,7
3166,812,425.9321413902667,POS,Food,TR,20.0,0.11882547398381729,0.16455824563865942,0,7
6552,173,128.62452209216326,ATM,Electronics,DE,9.0,0.2421943228855481,0.40835426298914274,0,7
8183,0,460.72318567099296,POS,Grocery,NG,10.0,0.19940962261926892,0.11627312346751362,0,7
4494,169,14.140078582633109,QR,Food,TR,9.0,0.07470372084012923,0.19537388661162064,0,7
726,930,0.0,POS,Clothing,US,20.0,0.06595420137290417,0.07255784830848569,0,7
4595,868,8.179390314141866,Online,Grocery,FR,12.0,0.11208083764138035,0.35059073333539315,0,7
3335,251,105.54342885301804,POS,Electronics,FR,3.0,0.15204270025927868,0.31090752155146795,0,7
1329,640,552.1503142968776,Online,Clothing,UK,16.0,0.39043282317346606,0.3277417443966779,0,7
9545,832,13.738217689994286,POS,Travel,US,8.0,0.09142624285446876,0.39138049367665784,0,7
8319,599,77.46681716682444,POS,Electronics,DE,18.0,0.18809816400283857,0.15111769994814292,0,7
3559,753,125.60031821527232,ATM,Electronics,TR,20.0,0.369903836770081,0.21730013097638629,0,7
6575,657,77.10005739085251,QR,Travel,UK,8.0,0.4345852104603115,0.16678546105445258,0,7
7053,438,151.00503336617243,Online,Food,TR,9.0,0.2316071374436044,0.14879131883110744,0,7
2040,129,339.89494141749117,POS,Food,NG,17.0,0.26482650394039353,0.29499491408911277,0,7
8119,987,26.568009154591433,ATM,Grocery,FR,9.0,0.14538429763890232,0.23962704213081937,0,7
9059,842,272.5317750220844,QR,Clothing,TR,21.0,0.46523535167871394,0.30705675424367973,0,7
2081,722,331.3313418515221,POS,Food,US,19.0,0.08384419566761026,0.6281149157763262,0,7
8715,629,88.41481676633406,Online,Travel,DE,13.0,0.12789648084200428,0.2712597950389067,0,7
9650,520,189.46823605875483,QR,Electronics,FR,7.0,0.14489066181452842,0.10340813591689964,0,7
4833,220,532.1663498286711,Online,Electronics,TR,22.0,0.18171446084260548,0.13820661250300278,0,7
1949,886,19.876793115669443,POS,Food,FR,15.0,0.18553218925274165,0.3702556331052283,0,7
2796,266,163.55100916215414,Online,Electronics,TR,8.0,0.35040135173229536,0.2564342761273347,0,7
6402,656,246.7865873256598,Online,Clothing,US,21.0,0.24902612662371307,0.2615396809891557,0,7
9310,600,49.62003483134244,POS,Travel,FR,12.0,0.40046405300377597,0.2054091994035519,0,7
4155,393,66.17240148199168,ATM,Electronics,TR,18.0,0.3728927663804397,0.15182135804292501,0,7
2671,359,298.3041194755808,QR,Electronics,FR,11.0,0.17935466830085356,0.10678159112634347,0,7
9917,883,113.98526747082204,QR,Travel,US,13.0,0.3297836870902491,0.4589313856346799,0,7
559,915,148.75764283610954,ATM,Food,UK,13.0,0.07085267037016581,0.19345201261924772,0,7
6178,162,88.6025302942404,POS,Electronics,US,15.0,0.1620436633393201,0.057030999734969265,0,7
7338,95,209.16380752399823,ATM,Food,DE,7.0,0.121439626930751,0.17217050201643086,0,7
8902,318,119.28582243289989,QR,Food,TR,14.0,0.2087578942205734,0.27241241278937145,0,7
7378,386,22.63875729442753,ATM,Electronics,US,19.0,0.19557476549181876,0.29192631444110867,0,7
4267,896,23.304665139175036,QR,Travel,UK,21.0,0.09015544552899345,0.2158118528153138,0,7
9977,680,57.74674755952597,ATM,Travel,DE,20.0,0.2961247103882089,0.20864314450530982,0,7
5677,252,8.996478031780379,Online,Electronics,US,10.0,0.1128371840399347,0.3489092994002538,0,7
6665,686,14.636008858604136,QR,Grocery,FR,12.0,0.06303579521016398,0.15461667789274425,0,7
5585,802,573.4449229348943,ATM,Food,FR,12.0,0.22664783556607096,0.2081439480597586,0,7
8770,663,87.62834926157407,ATM,Clothing,UK,18.0,0.13418430254267283,0.12907070372734092,0,7
2296,711,245.85450886567244,ATM,Clothing,US,21.0,0.08874867733288916,0.42344703341592416,0,7
6372,794,14.321603331893773,ATM,Grocery,DE,11.0,0.2607885939864237,0.20059347512567488,0,7
6156,550,3.3729465239392544,QR,Electronics,US,3.0,0.11619148124383946,0.14533846590591082,0,7
6861,732,34.07992990205529,ATM,Travel,TR,13.0,0.12207150883127861,0.1368758150793567,0,7
6486,988,49.87224577988132,POS,Grocery,TR,23.0,0.5441845036159435,0.08398703244668809,0,7
1400,543,221.10124646906075,ATM,Travel,DE,17.0,0.3101873216959475,0.494944273672713,0,7
200,234,500.36105038892566,POS,Food,US,23.0,0.22061168535595596,0.2742979134776107,0,7
5142,149,132.22807095293635,ATM,Food,FR,18.0,0.11600500897438121,0.0603951236439201,0,7
6185,633,0.0,QR,Electronics,TR,15.0,0.14093153307824913,0.2611585555889323,0,7
1840,851,18.25485417958774,POS,Grocery,TR,12.0,0.16692518150733685,0.07417770523128112,0,7
1002,688,193.54910852670974,ATM,Grocery,FR,9.0,0.10317509475446734,0.1393839975887151,0,7
4874,100,43.632695134637956,QR,Food,DE,6.0,0.18252280354726294,0.19265811509025926,0,7
3524,838,547.3301036233828,POS,Electronics,UK,20.0,0.20304313593329332,0.2824983788197575,0,7
2961,312,213.36047460428153,POS,Food,FR,22.0,0.4128044854808607,0.31595546220239856,1,7
8856,194,5.7916447614837185,Online,Clothing,FR,11.0,0.23894801758773382,0.1906649838966597,0,7
1218,953,287.36547900393873,ATM,Travel,US,17.0,0.2887767947636848,0.3146521473825962,0,7
4746,131,254.22026831520498,POS,Grocery,US,13.0,0.18269391334072926,0.6199157323159546,0,7
4579,211,80.33072054015388,QR,Food,DE,21.0,0.3683040275086624,0.38496483568886003,1,7
8451,46,90.89183662106606,QR,Travel,TR,11.0,0.23808037846465635,0.21725179957675184,0,7
3086,584,130.31812206152316,ATM,Food,US,4.0,0.17743436145430994,0.13308757049556635,0,7
5992,645,5.801263977089502,ATM,Grocery,DE,20.0,0.21757148713517555,0.07492841244457167,0,7
3378,266,75.39440887676966,QR,Food,UK,20.0,0.27266229535951547,0.5012433028791825,0,7
7303,318,6.7757807190850965,Online,Grocery,US,20.0,0.06644773680261226,0.056119864986930584,0,7
5982,944,372.4271627597453,Online,Electronics,US,12.0,0.21850093033446238,0.12681817774367352,0,7
9386,235,1103.0095754419658,ATM,Clothing,US,12.0,0.17669452834291777,0.3798381964602448,0,7
9304,865,586.5440251743131,QR,Grocery,UK,21.0,0.21171005239560367,0.3589216842434474,0,7
8315,236,273.87948628851575,Online,Clothing,UK,6.0,0.151365393729174,0.4286360041941335,0,7
1461,153,188.69144592513553,QR,Clothing,TR,7.0,0.17888410912232064,0.26037420440589115,1,7
400,282,174.97421866507577,ATM,Clothing,FR,8.0,0.14703749942210098,0.102870224681464,0,7
2636,969,217.50275111971084,Online,Grocery,US,1.0,0.2637091393804524,0.09944974725233932,0,7
5072,648,250.75513396853756,POS,Clothing,FR,22.0,0.25801238675313165,0.13443275987044265,0,7
8156,224,225.23946132714468,Online,Grocery,DE,23.0,0.5389578162426896,0.2993121479279584,0,7
6642,385,320.8100214969845,POS,Electronics,TR,20.0,0.24917112031949915,0.2546538542053027,0,7
3145,235,15.518828913329436,ATM,Travel,DE,15.0,0.1167731624961961,0.2989422195293979,0,7
8997,242,162.4485285403016,POS,Grocery,TR,13.0,0.19256384050469275,0.17296041830618278,0,7
9566,718,99.50955788806361,QR,Travel,FR,3.0,0.21657151149310333,0.17390708238890734,0,7
6747,725,15.304154559228467,ATM,Food,US,21.0,0.1767709969539706,0.22964887983566531,0,7
5550,737,55.6593666362902,POS,Electronics,UK,5.0,0.1533732671396099,0.07976962321131881,0,7
4064,636,0.0,Online,Grocery,FR,21.0,0.1391923550259474,0.14955847468094985,0,7
9458,825,47.62472822812024,QR,Clothing,DE,20.0,0.09721642041856407,0.16718543013954673,0,7
6581,572,167.31319845872196,ATM,Grocery,TR,20.0,0.2803048622145692,0.23180172523665923,0,7
7284,562,33.4736078530744,QR,Food,DE,23.0,0.1768676341673378,0.17196839181568535,0,7
8925,826,50.27700780434064,QR,Clothing,DE,21.0,0.17947768551394727,0.10821116676745385,0,7
2626,433,272.9750062200229,POS,Clothing,US,14.0,0.5609049963651688,0.11231255327991561,0,7
8312,208,429.2831078841624,ATM,Clothing,US,18.0,0.37489279061339187,0.23465883574108365,0,7
4076,793,737.0161654102192,ATM,Clothing,DE,8.0,1.0,0.3697048653950698,1,7
9471,782,16.09107199968634,QR,Travel,NG,14.0,0.3335080175725164,0.1837960574803396,0,7
392,816,269.7924240128526,POS,Travel,UK,17.0,0.12435124296620746,0.061213072363516884,0,7
2530,993,35.18665824094754,ATM,Travel,US,13.0,0.17011821748917522,0.19697428470223488,0,7
3670,154,23.70079115953245,ATM,Electronics,US,10.0,0.25786493434790736,0.3177937345704361,0,7
2544,388,112.97066092800819,Online,Clothing,UK,20.0,0.29203237767846474,0.398354346392389,0,7
6157,216,104.25112715120116,POS,Clothing,FR,9.0,0.1530731433883883,0.4425572324877728,0,7
7052,185,135.65065134563343,ATM,Grocery,FR,16.0,0.23223619151035368,0.30484293166691706,0,7
8732,727,25.85773308308413,ATM,Clothing,TR,12.0,0.2655988756723647,0.16439572012576412,1,7
8596,489,305.2837845829053,POS,Food,UK,16.0,0.1799194404125593,0.22021253525286544,0,7
8392,283,101.82895270617708,Online,Electronics,US,20.0,0.15026269167325146,0.15964660421845306,0,7
6890,668,454.5331189522634,POS,Food,FR,20.0,0.5106050490314794,0.46433349814801445,0,7
5989,382,173.4708176962775,Online,Food,FR,23.0,0.34075335699792336,0.6009410743716715,0,7
5487,561,64.96942905377304,ATM,Food,FR,9.0,0.06387785858618937,0.0684075083539124,0,7
4154,865,18.476994367626922,QR,Grocery,FR,5.0,0.6675384861129422,0.17947831857923743,0,7
1965,831,40.61130229876622,Online,Travel,DE,11.0,0.3242870699677778,0.273346721548913,0,7
6812,507,137.65033060823112,POS,Travel,FR,21.0,0.24798178055181047,0.11215586766861954,0,7
40,760,118.89824974943478,POS,Grocery,US,7.0,0.2123547088415218,0.3440251842197601,0,7
3665,911,231.57023262170165,QR,Clothing,US,10.0,0.3180059436267877,0.21573108502017685,0,7
3011,181,181.19254784434975,Online,Grocery,DE,10.0,0.19654588119578645,0.15172339194769943,0,7
7954,946,172.28739862361877,Online,Grocery,DE,2.0,0.17572573795090674,0.08463750265085508,0,7
2799,701,306.5729890498044,POS,Travel,TR,18.0,0.12833871641805372,0.1507137775018156,1,7
1685,678,516.4266911674257,QR,Clothing,TR,20.0,0.26090736570164796,0.2791435006403295,0,7
2966,891,154.0461925970389,QR,Electronics,NG,11.0,0.23154515340268178,0.18536896411593806,0,7
5741,25,52.61623022521367,Online,Food,TR,23.0,0.17845233089074308,0.355934449569283,0,7
8995,12,797.9934637822876,ATM,Grocery,UK,19.0,0.3495140992340429,0.13673626130428168,0,7
5045,449,1.8410445031292735,ATM,Grocery,UK,20.0,0.16841891821540741,0.5524446847415424,1,7
840,627,323.26537115285157,ATM,Travel,DE,20.0,0.34051720066996266,0.14845893278601638,0,7
963,984,62.81501531151199,Online,Travel,UK,20.0,0.17396625181834732,0.11703733665841606,0,7
9319,395,80.96720839839382,POS,Electronics,TR,19.0,0.39043673023812964,0.2015525173647318,0,7
3748,318,187.15171875565295,QR,Grocery,FR,4.0,0.2827333366518008,0.31082053928705855,0,7
3818,83,8.062081145232295,ATM,Travel,US,11.0,0.20361028220776467,0.31630856313425765,0,7
3427,363,83.62869114652581,QR,Clothing,NG,19.0,0.36652450384884433,0.5867610918484942,0,7
2133,689,39.840198814694794,Online,Electronics,US,15.0,0.1344824808898405,0.23771896071783327,0,7
5165,157,19.852077961354684,QR,Electronics,US,19.0,0.13476186175817814,0.19447712957031182,0,7
5092,334,167.7161782584838,Online,Grocery,FR,18.0,0.2519884539914391,0.2784836785500803,0,7
9044,875,954.0927458793559,QR,Electronics,UK,21.0,0.4205417337161827,0.4580888428279306,0,7
1963,540,61.93336308290039,Online,Travel,US,14.0,0.20251142972051547,0.42521974147593294,0,7
1241,798,55.114666714853215,Online,Food,TR,23.0,0.08444662632567221,0.09084315605750601,0,7
6190,746,124.71144539606557,Online,Food,UK,18.0,0.31057068668033444,0.5435635412801092,0,7
5096,644,10.867068750137433,ATM,Grocery,UK,15.0,0.18661018024866582,0.21770711539454665,0,7
3034,707,195.1830251248823,QR,Clothing,US,22.0,0.2758028006497618,0.09366945673572072,0,7
9695,291,11.018330303236162,QR,Travel,DE,9.0,0.20780769698433793,0.4056639024692429,0,7
7402,51,84.01473435988974,QR,Electronics,FR,14.0,0.4190599299994098,0.24997260346211528,0,7
6471,713,78.22329153472494,ATM,Clothing,FR,20.0,0.3409953483925157,0.1134953338641195,0,7
670,463,26.084945086873887,ATM,Electronics,FR,23.0,0.12109212037521583,0.06384648979806232,0,7
4375,403,85.17854213816295,ATM,Food,US,15.0,0.18134148542042597,0.2694307155731217,0,7
5204,155,2.433731036288354,ATM,Electronics,FR,16.0,0.24006285332716565,0.16282387370287094,0,7
1485,180,166.30997236358618,POS,Clothing,DE,2.0,0.15926813316970984,0.17002791138847945,0,7
8805,830,6.5283714828811155,QR,Food,UK,15.0,0.26448345119589367,0.15353254316672332,0,7
9464,74,131.60844928485153,ATM,Clothing,TR,22.0,0.22754085960507547,0.2922481840377568,0,7
5727,50,6.543300241160954,POS,Electronics,FR,13.0,0.23841797071112816,0.10424391608698172,0,7
2458,494,29.168673607772885,POS,Clothing,UK,22.0,0.13086967856218765,0.15314176521121997,0,7
6043,743,334.9370399324106,POS,Food,FR,20.0,0.2252339922036629,0.15443559137706098,0,7
3335,987,140.88293016963792,QR,Travel,UK,19.0,0.11949068524135584,0.15161149721722478,1,7
9494,368,27.172346697863265,Online,Food,DE,20.0,0.152697633258624,0.13878847490151938,0,7
9782,507,284.7571904386626,ATM,Grocery,DE,15.0,0.16146331479850426,0.14314597298251236,0,7
163,388,366.47558497148833,POS,Food,US,14.0,0.16924822611471116,0.3210431152855076,0,7
9845,522,123.60147540013597,QR,Food,DE,14.0,0.20919495144470787,0.13830869754025896,0,7
770,630,147.9123916334526,Online,Grocery,US,18.0,0.06782022114411833,0.2477542887706658,0,7
7173,657,67.53097726268756,POS,Electronics,US,19.0,0.14195387262772907,0.1632142002719359,0,7
3046,797,40.80967466841383,Online,Clothing,US,11.0,0.26181852430633457,0.2629275507742177,0,7
4040,198,148.58290565046724,QR,Clothing,FR,13.0,0.15523855969776276,0.42952812393491485,0,7
208,282,412.6787315944627,QR,Travel,UK,22.0,0.36929026870554965,0.135249567157121,0,7
9777,286,157.25650533347178,QR,Food,TR,8.0,0.12282182172256528,0.13687397610146596,0,7
9871,609,26.97915406766272,ATM,Electronics,DE,16.0,0.14861012660466194,0.12097845481266706,0,7
5963,114,7.781307646894241,ATM,Electronics,FR,23.0,0.11290331639358904,0.114392031111165,0,7
8839,833,83.73803385948399,ATM,Clothing,US,18.0,0.07165534747595712,0.08829430707341993,0,7
545,297,228.6710874672569,ATM,Travel,TR,11.0,0.13348643334963806,0.4922589801040361,0,7
6771,534,97.40472812350177,POS,Electronics,DE,16.0,0.24869650087048592,0.18367382943180297,0,7
7409,941,15.846879913325033,ATM,Travel,UK,14.0,0.10779396844741487,0.17604989410021102,0,7
7995,590,54.15028848750162,POS,Electronics,UK,15.0,0.2710539538374257,0.11298638908442771,0,7
2612,156,9.729458092402117,ATM,Food,TR,23.0,0.24241071297934563,0.4746905054931174,0,7
301,731,107.0681453715378,QR,Grocery,FR,4.0,0.26492909289805516,0.5981565753867104,0,7
866,7,118.22378640923301,ATM,Grocery,TR,22.0,0.21883032966118315,0.1751125324668188,0,7
547,857,26.62854272873573,QR,Grocery,US,13.0,0.0881107627609175,0.0895705430169928,0,7
7112,988,50.76264978861966,Online,Electronics,TR,13.0,0.22498547727029583,0.17414349715748811,0,7
5839,528,625.975467705334,Online,Clothing,DE,13.0,0.5506115573071958,0.971829078950719,1,7
3400,53,25.033871863047118,Online,Grocery,FR,21.0,0.18673218746452586,0.0959999779155601,1,7
8757,186,161.16720938170766,ATM,Grocery,UK,23.0,0.20449832249628597,0.3571568912614019,0,7
9011,150,6.89479939252676,POS,Electronics,DE,11.0,0.1593505823212274,0.4524125156619303,0,7
6727,611,0.0,Online,Grocery,US,16.0,0.08427631509506742,0.13494941043044184,0,7
740,949,639.3983375993892,Online,Electronics,UK,22.0,0.13293785166991012,0.40131448737074166,0,7
9294,886,34.64583803535941,Online,Electronics,US,22.0,0.12796083306146352,0.44484135570447453,0,7
8449,392,30.58340090404681,POS,Food,TR,19.0,0.10272967341237757,0.18296443266480983,0,7
861,75,1.9385124923064923,POS,Grocery,UK,19.0,0.0762589575157816,0.08305000610499996,0,7
8070,551,258.4640960084139,ATM,Grocery,FR,22.0,0.14399777954227677,0.2607152008998406,0,7
3553,787,393.1570001528441,Online,Electronics,UK,12.0,0.16752798314059736,0.14484904757026557,0,7
6613,160,292.464101102308,Online,Electronics,DE,10.0,0.076615864592475,0.350490627279098,0,7
6922,849,98.99163284287843,ATM,Travel,TR,18.0,0.4174894047730316,0.17449350268047242,0,7
1104,651,313.5263635495654,QR,Travel,DE,9.0,0.06964676521359357,0.193387278839799,0,7
147,13,74.65515432350429,ATM,Food,US,23.0,0.11539059269928201,0.10972513960025967,0,7
2046,693,235.71877903373337,ATM,Grocery,DE,20.0,0.28016834653063233,0.21184804790620904,0,7
217,838,184.22013826451322,QR,Travel,UK,18.0,0.32479761497516374,0.16065617056387668,0,7
6681,40,23.596854016689107,QR,Travel,TR,21.0,0.15015125021117898,0.08698073180932597,0,7
229,402,137.85903365510242,Online,Electronics,TR,22.0,0.0649918226974302,0.1845160779246403,0,7
622,123,29.837804661552155,ATM,Clothing,FR,13.0,0.10770141343212428,0.23505365211457047,0,7
6294,27,162.97669586020305,ATM,Electronics,DE,18.0,0.14854244420252571,0.3832186046380984,0,7
2760,573,62.87464701668353,QR,Travel,FR,22.0,0.08485450149547355,0.14095887816839076,0,7
728,969,73.14685918244994,QR,Travel,FR,22.0,0.44150200589202554,0.5464900456549197,0,7
4208,508,51.38125666593989,QR,Food,DE,19.0,0.27675106871600014,0.1308784784470582,0,7
2098,588,24.321444326306608,QR,Electronics,US,10.0,0.09320870262175407,0.22900877798532007,0,7
2805,420,484.83768529612945,ATM,Grocery,US,14.0,0.7804815002294233,0.0940403279774528,0,7
8180,494,6.5473157637149955,Online,Grocery,US,23.0,0.15154842938529506,0.07863414316960679,0,7
5351,573,1.4514229741333975,POS,Electronics,TR,12.0,0.2661578569322944,0.2188951430197089,0,7
6669,60,0.3357349331236783,ATM,Electronics,UK,21.0,0.16573955602033055,0.08491166782409795,0,7
4059,421,48.56953738018573,ATM,Travel,TR,19.0,0.08138244052734109,0.21635789577482584,0,7
1097,807,7.275077457412423,ATM,Food,UK,9.0,0.24873000847037946,0.30837517525606806,0,7
2380,6,46.43234553969127,QR,Clothing,TR,18.0,0.10518795867938302,0.23296134481585112,0,7
3810,790,273.9036710167165,ATM,Electronics,TR,18.0,0.2728812889269084,0.21400759185683882,0,7
6839,26,412.2911263844664,Online,Travel,UK,14.0,0.1742315627975619,0.08805918633543436,0,7
2526,121,26.717402115863802,QR,Food,FR,21.0,0.25541349299359,0.08417525420906641,0,7
8027,657,194.45179798771662,POS,Grocery,DE,22.0,0.15948813775911191,0.4074837703176512,0,7
7296,912,303.4517305955929,QR,Grocery,US,22.0,0.14802771642567558,0.16946948460569827,0,7
7173,800,226.23587047376134,Online,Grocery,TR,7.0,0.11626734656157585,0.0671958652893718,0,7
7978,393,119.40482632177067,ATM,Travel,FR,13.0,0.26009792419119965,0.14119798506167872,1,7
5501,657,128.781776937865,POS,Clothing,US,22.0,0.46517336749820937,0.10979741869614805,0,7
5136,851,213.15963246724235,ATM,Grocery,TR,18.0,0.09484930209729162,0.06630898050391727,0,7
3081,224,23.114438343106748,POS,Clothing,FR,12.0,0.16913610639150306,0.3024162519878303,0,7
1851,263,13.84570876721003,POS,Grocery,DE,13.0,0.11416036955658196,0.16413140827365327,0,7
757,681,124.86295592164304,POS,Food,US,16.0,0.2250201559591679,0.21827317716518813,0,7
2205,953,79.4484008969692,ATM,Electronics,UK,8.0,0.20011535506439376,0.17228925517639468,0,7
7523,411,0.18690933277057575,ATM,Travel,FR,21.0,0.09252336938525232,0.1245773347166271,0,7
5664,949,73.00527559931865,QR,Food,NG,20.0,0.4348349328343933,0.2805548129715565,0,7
2835,104,159.8480159031946,ATM,Travel,TR,15.0,0.15153385357676552,0.15839353569529827,0,7
9890,87,80.98950246558577,QR,Electronics,DE,20.0,0.19394114818735256,0.40438442528081375,1,7
7964,320,122.06778669393461,Online,Clothing,TR,4.0,0.4496094744178121,0.39206615589788885,0,7
1441,993,170.47405673221067,POS,Food,FR,7.0,0.2004784764390409,0.45461202458932787,0,7
2001,869,9.110424757410176,ATM,Grocery,TR,15.0,0.17058462890051773,0.1545182976529341,0,7
6384,153,3.0387655625957706,ATM,Grocery,FR,16.0,0.08797961915302228,0.11869577972847054,0,7
4026,92,423.27710848561077,Online,Travel,UK,17.0,0.6984378149636595,0.3412021899166892,1,7
7959,722,224.2116411572366,QR,Electronics,UK,11.0,0.37858308474234875,0.4570502934010784,0,7
349,715,125.55989102406365,ATM,Travel,UK,14.0,0.13713943743551527,0.39946309964572174,0,7
7458,946,344.2057691954773,POS,Electronics,TR,20.0,0.22159254300078898,0.46934906928830067,0,7
2421,546,124.66623213015674,Online,Grocery,TR,7.0,0.10578391700567909,0.12403144814465979,0,7
5380,824,6.187234462747464,POS,Travel,FR,16.0,0.33348446942330057,0.18370472476027136,0,7
475,702,41.01744259549132,ATM,Grocery,FR,23.0,0.07424484641103335,0.09426459955548172,0,7
7995,421,491.9303866054769,ATM,Travel,FR,9.0,0.38835174494846497,0.4254443284750725,0,7
1415,824,194.8631962235101,Online,Food,NG,14.0,0.5253665100387886,0.42829009106661126,0,7
3743,655,182.10593760309408,POS,Grocery,US,20.0,0.1321313536848928,0.12587849715360477,0,7
9074,327,9.775255014094213,ATM,Clothing,UK,8.0,0.12431954745857611,0.17483870183138261,0,7
3791,425,137.05678900361994,Online,Travel,US,10.0,0.2614543891560106,0.8063742111563834,0,7
3655,560,83.47270778422967,POS,Grocery,FR,18.0,0.1501670378433491,0.2712991274867599,0,7
9690,278,152.70102815868225,POS,Travel,FR,3.0,0.10216884665420203,0.1288833087386631,0,7
2015,729,45.97872505190609,QR,Grocery,FR,15.0,0.22500319492978343,0.17813437530948809,0,7
2090,81,14.412371227932757,ATM,Electronics,DE,22.0,0.20066710242295227,0.15055285875717547,1,7
6804,143,107.5159928814789,Online,Clothing,US,17.0,0.25099040273877526,0.5467803723614735,0,7
2784,696,96.30884713875726,QR,Grocery,US,6.0,0.16703032427735515,0.08119695085058795,0,7
3766,462,13.112613252213675,POS,Clothing,UK,22.0,0.25082347667790866,0.12455433598270195,0,7
6757,539,43.43740581753371,QR,Food,TR,20.0,0.1682499949209453,0.19950040947710368,0,7
8720,728,22.427317336283586,POS,Food,US,13.0,0.17153063776010172,0.21981613343670328,0,7
3411,109,10.776404895191371,POS,Clothing,US,6.0,0.3995198756970332,0.17657595913129812,0,7
2308,499,51.80441059513409,Online,Travel,UK,15.0,0.22488263201200373,0.11062446365983974,1,7
9857,992,284.29314900663496,QR,Grocery,FR,22.0,0.1104441994702096,0.1260393647883053,0,7
6520,663,36.64413909479197,QR,Food,UK,19.0,0.2654741996327498,0.08547803457771416,0,7
2805,184,511.19648716988854,Online,Grocery,FR,20.0,0.18826808204990056,0.15166237223796428,0,7
7956,440,23.08266992271959,ATM,Grocery,FR,6.0,0.09542692932945301,0.12731322307139398,0,7
5910,101,32.235426303964935,POS,Grocery,DE,16.0,0.07518908921928527,0.1068193962102607,0,7
9437,609,91.9052333572281,POS,Travel,US,4.0,0.07241495425441323,0.2583642625765887,0,7
7979,753,102.24259621705315,QR,Travel,TR,17.0,0.13196643571121586,0.10162120274905292,0,7
2244,661,215.74640182553102,ATM,Electronics,DE,5.0,0.14847647375847647,0.25783311660307046,0,7
1274,520,90.59702493069081,QR,Food,US,17.0,0.20920140969742756,0.9299704237199367,0,7
7426,720,124.82925249530766,POS,Travel,FR,13.0,0.22076327516840427,0.45237439944430485,0,7
5065,501,120.93923820355367,POS,Food,TR,21.0,0.36070449921661946,0.11504910650798619,0,7
7701,813,653.3333303245173,POS,Food,UK,23.0,0.10213511657473731,0.0855910223144067,0,7
2845,51,21.760630704020524,POS,Clothing,US,22.0,0.16887238781597486,0.1277230549080831,0,7
9480,153,5.991791350124164,ATM,Clothing,TR,16.0,0.09966816442419787,0.11012776944110109,0,7
9798,362,42.88374998464045,Online,Electronics,US,6.0,0.33007287426127874,0.526796810196719,0,7
1023,662,9.974626743641085,ATM,Electronics,TR,21.0,0.08164071265226772,0.10999348472010129,1,7
7751,407,22.1323798700867,QR,Travel,DE,21.0,0.059385640948295244,0.31725818370234804,0,7
7687,370,679.4535822444426,Online,Clothing,US,18.0,0.27773517508694573,0.24164334111673608,0,7
6655,856,22.812067139766675,POS,Electronics,US,1.0,0.10179883644877047,0.17689962239260387,0,7
4291,616,127.98002412183922,Online,Electronics,UK,8.0,0.2682430208884101,0.20756651971236922,0,7
399,769,166.97906804542606,POS,Travel,TR,20.0,0.17691439259418762,0.06567014678774712,0,7
5531,885,6.6310820377962765,POS,Grocery,TR,14.0,0.07388821870933909,0.0823091818698446,0,7
229,885,4.5071823762842405,ATM,Clothing,TR,22.0,0.2565997805977682,0.09340157767963206,0,7
5977,594,421.0162076335687,POS,Grocery,US,23.0,0.49984530523243437,0.14722134679077392,1,7
6955,978,438.99133349715635,Online,Food,TR,20.0,0.32381500398392304,0.11517589821316487,0,7
6243,127,18.77703851488277,QR,Grocery,US,17.0,0.23318538825553692,0.12823526238674077,0,7
1939,488,76.99338408037296,POS,Travel,DE,16.0,0.14203266765809236,0.30180226699551416,0,7
381,736,202.50523059139124,POS,Grocery,UK,18.0,0.20929609954086423,0.3686253062364291,0,7
366,222,160.04571074846768,ATM,Travel,UK,6.0,0.7233902279197739,0.44685054292400916,0,7
4322,556,3.3688906351305112,POS,Clothing,FR,7.0,0.1894724514047162,0.4112577030517772,0,7
9940,962,199.88840750596395,POS,Travel,US,6.0,0.1261572173836327,0.19415401134340446,0,7
4915,386,205.9198894893079,POS,Food,UK,11.0,0.24287467720748476,0.3685514502330563,0,7
1004,946,54.71939182767028,POS,Travel,FR,15.0,0.21527254916149574,0.12286561364011987,0,7
4713,959,7.592258107318153,Online,Electronics,US,20.0,0.060078196479457106,0.0665321661274825,0,7
4583,339,103.60429411741353,ATM,Electronics,TR,20.0,0.21347825986497485,0.16127593679131136,0,7
5777,270,74.99430841250182,QR,Travel,UK,3.0,0.7410126904826693,0.4985401063290139,0,7
356,724,51.80372053813447,ATM,Clothing,DE,6.0,0.25528315200869306,0.3487485909094452,0,7
3959,213,121.33812209088175,POS,Electronics,FR,11.0,0.5544441581552332,0.6528034473221394,0,7
4657,209,408.0250686767466,QR,Grocery,TR,7.0,0.11443982968601366,0.1840298093829174,0,7
3090,794,13.869325333586158,POS,Grocery,TR,17.0,0.147255690783835,0.09118393348482937,0,7
776,129,0.0,POS,Electronics,FR,3.0,0.24176433326564906,0.1406805249769292,0,7
5407,277,232.9649517980848,ATM,Clothing,DE,21.0,0.1577695187430578,0.059537460402983806,0,7
3246,250,159.33816977175235,Online,Food,DE,5.0,0.08929791087311553,0.10760252738191348,0,7
9009,58,141.917208228528,Online,Food,FR,11.0,0.18753469887217428,0.23214357642748001,0,7
3833,357,166.36432954490752,ATM,Electronics,UK,11.0,0.1855016659041702,0.4042226997378827,0,7
400,908,46.92991132602299,QR,Travel,US,19.0,0.16986328217598123,0.12300260904137358,1,7
1397,789,150.22125787665888,POS,Clothing,UK,21.0,0.1695970263936274,0.06613728860880991,0,7
3810,881,187.78505590996176,ATM,Grocery,DE,18.0,0.3068716599100157,0.15139156203595075,0,7
1497,501,577.9266850793479,ATM,Clothing,UK,6.0,0.1852073065713601,0.23830210607769778,0,7
3660,319,987.0700278594883,QR,Travel,US,17.0,0.19877111337583792,0.4908041029407925,0,7
3976,946,13.746437590966568,QR,Food,UK,20.0,0.07512509744297854,0.10753440705353372,0,7
6964,742,365.7985949626091,Online,Clothing,UK,18.0,0.21221433419548372,0.33030969583587644,0,7
3713,232,16.371706490436154,QR,Travel,US,1.0,0.05861441285745485,0.09776630742717402,0,7
7568,565,20.37194961471975,Online,Electronics,UK,12.0,0.09044809451659783,0.315437625974045,0,7
2416,168,33.393038642180876,Online,Electronics,US,22.0,0.26206850314823044,0.10143152264060293,0,7
3773,958,137.83886581704562,POS,Clothing,UK,19.0,0.06474534203597035,0.11881274493226188,0,7
280,735,51.27329738287187,Online,Grocery,US,1.0,0.4287476463293182,0.15932824032645398,0,7
1470,825,32.440771673481834,QR,Food,TR,14.0,0.06943170769889764,0.07661349036439632,0,7
975,991,362.8889079002081,ATM,Grocery,US,11.0,0.12091702495160525,0.06727685239217526,0,7
2274,364,4.982302534867152,Online,Clothing,FR,7.0,0.28902763741583315,0.1344834578366663,0,7
4654,972,54.933770551935154,POS,Clothing,UK,18.0,0.33023573989661537,0.19109161256910603,0,7
512,902,182.39118089322602,QR,Food,UK,18.0,0.2506520599895579,0.18642024637442495,0,7
3948,553,116.00622177671148,POS,Grocery,UK,5.0,0.3973834739895322,0.20131647252073984,1,7
862,536,123.14510012324261,QR,Travel,US,7.0,0.2925066377468449,0.5486454604639845,0,7
6587,201,234.6601545879026,POS,Electronics,US,20.0,0.23193864062169223,0.4239938047297571,0,7
4757,296,1.4011192795911906,POS,Food,UK,20.0,0.21793744558388106,0.2832542203533617,0,7
851,442,155.28360604985738,POS,Electronics,DE,19.0,0.20353170114290264,0.14480627937394575,0,7
2352,157,86.79159643613343,POS,Food,FR,21.0,0.18628815647677485,0.16973541888476568,0,7
6402,935,51.53719880417231,POS,Food,UK,14.0,0.09647945897219717,0.13176377472615802,0,7
4378,420,701.0012455480382,ATM,Travel,US,13.0,0.0914856139352177,0.10485299344475987,0,7
328,104,280.15739237484087,POS,Food,UK,21.0,0.18314906609317655,0.16092487138056433,0,7
5835,55,7.3404488995824355,QR,Electronics,UK,20.0,0.22151886655228534,0.17527012525351743,0,7
6106,54,110.86972421341278,QR,Electronics,FR,16.0,0.30772374170618566,0.16216040130099027,0,7
9372,328,241.64340865033273,Online,Travel,DE,22.0,0.158722941136247,0.09949888957579948,0,7
6210,20,79.20412184595098,POS,Electronics,US,16.0,0.1025912311478426,0.3086122648432967,0,7
6715,209,93.3386426250112,ATM,Food,FR,12.0,0.15633504688586794,0.06849176976372928,0,7
3817,573,65.97617640589696,QR,Travel,UK,11.0,0.10866839712010125,0.2316970120387524,0,7
1006,518,338.1960446967553,QR,Grocery,UK,22.0,0.08769172641263173,0.42722401430946116,0,7
9070,70,90.56186929179141,Online,Clothing,FR,3.0,0.2921713922478012,0.1057126719426512,0,7
8037,689,3.884954463701721,POS,Food,DE,22.0,0.11767847530326964,0.07704125142451466,0,7
3803,330,20.91836489325039,QR,Grocery,US,20.0,0.1091316703899485,0.17292856471281332,0,7
2199,254,52.213377354058935,Online,Food,FR,6.0,0.09684696954789487,0.1209441405956361,0,7
2476,914,224.69199521897988,Online,Food,UK,9.0,0.2534742544844909,0.10356780762305005,0,7
2756,773,524.1071186855254,QR,Electronics,UK,10.0,0.3274410500497797,0.30787251748397393,0,7
8608,441,277.37279630307756,Online,Electronics,US,5.0,0.1128221681083893,0.25218545566402845,0,7
7945,354,143.19239704348334,ATM,Electronics,FR,9.0,0.41796617376544665,0.21100932764270397,0,7
1732,308,17.754491948694728,Online,Grocery,TR,18.0,0.5992895333137042,0.2911293575752549,0,7
2323,998,67.82972310487028,POS,Food,US,22.0,0.1301699271632526,0.14540852632853613,0,7
8379,50,71.41367047117977,ATM,Food,US,22.0,0.29271549303573896,0.33236971185540964,0,7
7925,561,129.69230614964874,Online,Clothing,DE,16.0,0.10986371897929541,0.06865343686223672,0,7
9411,312,103.14765228725311,Online,Electronics,US,15.0,0.5522088376750123,0.463379208883894,0,7
1785,343,184.50271632996228,ATM,Travel,NG,15.0,0.390440744239562,0.09342231751439951,0,7
7272,760,45.51390020399236,POS,Electronics,FR,22.0,0.16286436186696107,0.07910824274222877,0,7
486,471,243.19171665308838,Online,Electronics,US,19.0,0.09622042246265818,0.19853003299865452,0,7
7670,52,0.0,QR,Grocery,FR,2.0,0.37794157045526433,0.21106773948299282,0,7
8216,450,175.68344199143743,ATM,Clothing,US,17.0,0.532602088599983,0.20199412704534817,0,7
8359,533,78.7795965097842,QR,Grocery,US,8.0,0.25614002665377195,0.5230840641273301,0,7
3109,343,106.09974483129083,POS,Food,DE,23.0,0.1321162542101271,0.14318484673472306,0,7
8610,420,131.143134492542,Online,Travel,TR,16.0,0.4015819272480821,0.44022886164484254,0,7
2997,501,52.38717459316305,QR,Grocery,US,15.0,0.0710500355192273,0.09746432098962564,0,7
729,30,106.83059060152848,POS,Travel,FR,12.0,0.48383959825837813,0.34961477818925074,0,7
5139,184,14.20770168320239,Online,Food,FR,10.0,0.22711290711435023,0.11211101857464817,0,7
8243,847,346.11995526906276,QR,Grocery,UK,20.0,0.2938382786200274,0.11660869096383644,0,7
4926,179,5.716598485422704,Online,Food,US,22.0,0.13379868342241996,0.11701959708068682,0,7
5941,342,125.36071004854497,ATM,Clothing,US,14.0,0.10317767568562324,0.17913201734255774,0,7
8812,135,331.1282452351318,POS,Clothing,UK,13.0,0.7535697892348902,0.1835888637938916,0,7
4596,983,156.9732861338435,Online,Clothing,FR,22.0,0.08439605547718952,0.1395573658760147,0,7
854,400,175.04733971247268,QR,Food,FR,15.0,0.14475681511050753,0.21373788553566206,0,7
9673,414,216.1714580532679,QR,Grocery,US,7.0,0.25454129850797613,0.271873534401794,0,7
7796,773,131.07447359521717,ATM,Clothing,TR,17.0,0.2007313591037484,0.22207007202032042,0,7
4076,203,162.71562399596792,ATM,Food,TR,23.0,0.7959486297509615,0.19278352022696635,0,7
5518,358,127.79182184619499,POS,Food,UK,16.0,0.14243425167166157,0.2937726406840943,0,7
3670,663,118.60877403782575,POS,Electronics,FR,19.0,0.08566642955275944,0.20883821937962535,0,7
7108,637,286.6621918853496,Online,Food,TR,7.0,0.35829168917312365,0.4732954047114165,0,7
7773,934,577.5213004552967,Online,Travel,NG,10.0,0.7993355179283285,0.16452737072276674,1,7
368,842,103.44246652114231,POS,Travel,TR,16.0,0.32473910812596296,0.08748277966730852,0,7
9589,285,596.0586864180783,ATM,Travel,TR,4.0,0.385115676905801,0.2367402309547411,0,7
4966,815,19.382045886080462,ATM,Travel,TR,6.0,0.22774331158879502,0.07864942757240247,0,7
8105,809,120.9957791884524,Online,Travel,US,21.0,0.4168038335343044,0.1634904439643216,0,7
1656,861,277.0846976485254,ATM,Electronics,FR,16.0,0.20844431890413642,0.11671397188030064,0,7
8585,747,116.8238583487971,POS,Grocery,US,2.0,0.3930403274592036,0.2084421103481977,0,7
8570,100,4.586913984164724,ATM,Travel,TR,16.0,0.08806044232833274,0.4616958912965149,0,7
4724,404,203.76351285837282,ATM,Electronics,DE,0.0,0.24813710888064502,0.4398737438318234,0,7
8431,925,182.08737050170177,QR,Travel,UK,15.0,0.07165376939803056,0.15856463372652013,0,7
7097,915,9.869738189131992,QR,Travel,TR,19.0,0.11682744078925786,0.3740487671241551,0,7
7514,698,364.62265138914296,POS,Grocery,US,16.0,0.3100446711785273,0.14697052857436854,1,7
6189,329,297.5230960005925,QR,Food,DE,14.0,0.13835548395077288,0.20186452686840095,0,7
3769,161,223.90245938733963,POS,Grocery,TR,23.0,0.3649466628657376,0.5406160555029578,0,7
7604,720,73.17980117458511,POS,Travel,US,21.0,0.3992088777477168,0.08016434388131731,0,7
7163,805,258.60340201990937,QR,Clothing,US,10.0,0.39862992209443077,0.15434452843502436,0,7
1100,387,6.541854672278069,QR,Travel,TR,22.0,0.1130162144812984,0.18887249571504064,0,7
363,920,33.309144648240625,QR,Travel,TR,21.0,0.1030116023574739,0.48679539865259075,0,7
4886,221,73.12573548294577,ATM,Clothing,TR,22.0,0.21314771743017014,0.10838090274836329,0,7
6850,708,435.43850801206605,POS,Grocery,FR,12.0,0.05697090866213672,0.3277513025366022,1,7
2999,930,23.979164310908473,ATM,Electronics,FR,21.0,0.23680687121549926,0.15561709072484747,0,7
2397,350,110.47072796324217,POS,Grocery,FR,4.0,0.32844008093723115,0.21781307111159523,0,7
1411,994,329.6706376046281,QR,Grocery,US,13.0,0.14728845885976652,0.1375577780797223,0,7
8423,929,59.791407062704096,ATM,Travel,TR,17.0,0.0927993186452644,0.08020820603441337,0,7
2675,679,78.93538774855901,ATM,Grocery,TR,14.0,0.2729370954995452,0.2953122224105607,0,7
1665,96,11.762323460434319,ATM,Travel,TR,19.0,0.3157151922230778,0.10361639148326478,0,7
3356,737,634.1827724400081,QR,Food,US,12.0,0.17329186875653138,0.685452773247338,0,7
5605,653,48.45638516285244,Online,Food,DE,18.0,0.1072441110939035,0.12128055318604486,0,7
1843,866,229.1781017635488,ATM,Food,FR,7.0,0.10069973956637651,0.21306360159624613,0,7
8327,105,6.333477246501193,ATM,Food,DE,8.0,0.2090632644785296,0.24940905663403537,0,7
8262,360,32.690878180278034,POS,Travel,UK,21.0,0.2647258126477344,0.24077725882462417,0,7
1604,848,22.695232077947022,Online,Food,US,19.0,0.10373068708585129,0.1704145660416239,0,7
1460,961,79.93448929435293,Online,Food,US,5.0,0.15399295064767027,0.06756342676207938,0,7
2134,663,198.87770860879152,QR,Grocery,TR,19.0,0.09423664428976769,0.13247876011836482,0,7
245,975,164.7166559849768,POS,Electronics,UK,11.0,0.12838013113055474,0.17330726998003576,0,7
7186,905,341.52372578600256,ATM,Grocery,TR,17.0,0.08688095412480346,0.27647140709155943,0,7
5438,860,24.92612415474248,QR,Grocery,FR,14.0,0.11406082845791901,0.1548989013950525,0,7
934,943,17.086776242750755,ATM,Grocery,FR,22.0,0.2142141668776263,0.16450869394717157,0,7
6871,830,219.29358048496312,ATM,Grocery,US,10.0,0.3271604533136606,0.22143149782633104,0,7
7754,615,218.3540831687583,ATM,Food,FR,9.0,0.07050270731032938,0.11826717412020243,0,7
7966,547,43.26198221576326,POS,Clothing,FR,17.0,0.13199704695106226,0.19472784435750565,0,7
1616,542,171.86865109703564,ATM,Travel,US,21.0,0.16726505141126966,0.20466883482895523,0,7
9955,128,235.9372074250213,ATM,Food,TR,7.0,0.12394017166975052,0.26074556735878596,0,7
831,96,173.49469882003822,Online,Grocery,DE,22.0,0.23868122506172068,0.14176741462387676,0,7
5765,3,227.22530783479016,POS,Food,UK,9.0,0.17253331194873867,0.18559302733466254,0,7
2399,714,46.793827724088985,POS,Clothing,UK,14.0,0.547320158179664,0.2285277461683633,0,7
4674,955,118.24720678071066,Online,Clothing,UK,18.0,0.26101050051336605,0.2539727333499272,0,7
1792,436,33.534138416063186,POS,Travel,FR,6.0,0.13286994923941994,0.3472796093124567,0,7
5604,491,220.12344982579208,QR,Electronics,FR,14.0,0.5012185215675073,0.2239773211414654,0,7
4465,462,141.53327712233718,Online,Travel,UK,19.0,0.19002905578508145,0.24706527840651996,0,7
2808,834,93.1733661378103,ATM,Clothing,FR,10.0,0.10954163030198363,0.4485538842897573,0,7
1300,456,80.20170796019336,POS,Grocery,US,19.0,0.38070626598386725,0.19427782528050086,0,7
296,766,30.402134796883374,Online,Grocery,US,9.0,0.2735828581143326,0.34079670081367314,0,7
7394,47,102.40854937753801,ATM,Grocery,US,23.0,0.10637072466603203,0.19403684999779863,0,7
372,990,31.047563483045636,POS,Food,US,14.0,0.2712752809032193,0.2083655388908218,0,7
829,628,427.3476496636634,POS,Clothing,TR,23.0,0.10879875908957255,0.08205651908328117,0,7
3592,280,477.0406783145525,Online,Electronics,US,17.0,0.3017746955903763,0.12524709104121975,0,7
3498,593,228.42860865565515,POS,Travel,DE,20.0,0.6497704000738541,0.19583051158470335,0,7
153,380,101.10672942301561,QR,Food,UK,21.0,0.14061805068848532,0.2314634924862955,0,7
1777,668,287.00243904927004,QR,Food,UK,5.0,0.13601518738929658,0.1619178097556616,0,7
4018,315,358.8024288648611,POS,Travel,DE,18.0,0.5882786600117409,0.23232959703098946,0,7
5922,578,0.0,QR,Travel,DE,19.0,0.07019651673365936,0.08256488077306011,0,7
1281,821,345.52544266381244,POS,Food,FR,14.0,0.23060444855830498,0.20862259727636012,0,7
2045,7,54.43484564851495,QR,Grocery,TR,18.0,0.5394035345368817,0.12702684601183595,0,7
3784,125,301.6066719008057,QR,Food,US,8.0,0.26670553764836574,0.2446077389596382,0,7
2544,356,438.5613578812858,Online,Travel,DE,16.0,0.24086928320528617,0.1048599152308271,0,7
7012,425,65.64456963046632,ATM,Travel,FR,20.0,0.47290362513746687,0.11249349719696321,0,7
6918,242,148.69741864647327,Online,Food,US,19.0,0.2563957266829233,0.5247232504893811,0,7
3918,408,124.60303056851313,POS,Grocery,FR,7.0,0.5720420313913591,0.4652529061154663,0,7
1269,715,21.21492786433779,QR,Electronics,UK,19.0,0.18083152574826045,0.12090326318931933,0,7
141,313,23.473428623100844,ATM,Grocery,FR,23.0,0.17785990972260735,0.33067639220493983,0,7
548,970,505.69871747195043,Online,Electronics,FR,21.0,0.24116098489712587,0.2841407885222783,0,7
4034,880,18.856310752297404,Online,Grocery,US,17.0,0.23209175066625212,0.3021062227934192,0,7
5165,95,37.15249364300189,POS,Travel,FR,20.0,0.28095817165787373,0.24843775413393426,0,7
9976,266,91.98528842989904,QR,Clothing,US,3.0,0.1515481882455164,0.25783601952512436,0,7
4116,124,104.68896724582517,POS,Grocery,TR,18.0,0.19968473267708176,0.11809518998045189,0,7
1831,415,0.0,Online,Electronics,US,17.0,0.24580043612659427,0.20706583524787503,0,7
5492,870,144.35345978381395,Online,Food,FR,19.0,0.18628433902093713,0.11823169061197472,0,7
8671,321,58.22313613742816,Online,Electronics,DE,10.0,0.12082295360685597,0.17859311950019197,0,7
6512,548,280.75609525752475,Online,Travel,DE,18.0,0.23202617657272748,0.2491399233973306,0,7
2878,532,8.025804969296228,Online,Electronics,TR,22.0,0.10689981968044268,0.20186104282476808,0,7
3495,980,135.88652492556955,Online,Clothing,TR,21.0,0.18159049521394277,0.15047629581597116,0,7
8533,953,71.46275327221525,ATM,Clothing,DE,20.0,0.08933085138788749,0.139560994940001,0,7
1155,736,314.1372234305926,POS,Electronics,DE,20.0,0.4039384718774888,0.2425629396864587,0,7
3511,196,64.53819114169112,QR,Electronics,DE,21.0,0.1162366297906326,0.1586539338530328,0,7
1626,548,351.7896600137224,QR,Food,US,4.0,0.25091549253481343,0.26091631546696775,0,7
7469,607,4.2504745427233175,ATM,Travel,DE,11.0,0.08616329837097417,0.15751510412089648,0,7
5097,731,88.99378810124844,QR,Food,TR,16.0,0.06954801372061363,0.2618985079366437,0,7
2231,418,308.645240395361,ATM,Clothing,DE,9.0,0.1488330535418607,0.06253451255520782,0,7
998,51,256.49891219042485,Online,Electronics,TR,15.0,0.16460165854917258,0.1918265651496831,0,7
6157,515,59.885813012442554,Online,Clothing,FR,12.0,0.18420383179690286,0.2598494470493942,0,7
3864,180,50.37717340620818,ATM,Grocery,TR,6.0,0.16418242512702252,0.10811339399952416,1,7
9312,419,480.9065077302575,Online,Electronics,FR,17.0,0.07207935229929488,0.3254302942592702,0,7
4979,421,54.01048296633095,ATM,Clothing,DE,4.0,0.13698579986925524,0.22183320666921738,0,7
4804,549,525.3965464923336,ATM,Grocery,US,7.0,0.24695439650659196,0.33786506152848444,0,7
421,45,91.32171332580964,ATM,Grocery,FR,13.0,0.11453305679421207,0.26851015284848156,0,7
1911,981,435.1195600104386,Online,Electronics,US,17.0,0.39663450042416987,0.18045909115024117,0,7
4251,516,408.79778388380953,ATM,Food,TR,20.0,0.2564068032439063,0.17253308982657692,0,7
7755,865,265.66522630015584,Online,Grocery,UK,23.0,0.1658435355936004,0.40708327536789474,0,7
1317,973,467.48135649209746,ATM,Food,FR,16.0,0.23955231119186712,0.3912227337968133,1,7
8538,313,61.93712409254427,ATM,Grocery,DE,5.0,0.23433964720869688,0.260335218316438,0,7
4137,438,61.13328559055913,POS,Grocery,FR,20.0,0.0701588723202398,0.17212515736948775,0,7
7265,449,20.88156003631607,QR,Grocery,FR,20.0,0.44420339836065753,0.09996081914897019,1,7
5401,282,240.84618375860165,QR,Food,US,20.0,0.10774625801045568,0.47731192883190937,0,7
2911,554,51.76475358808016,Online,Travel,TR,19.0,0.3612501294632118,0.152305166863475,0,7
3453,225,81.25893652556026,ATM,Grocery,US,22.0,0.23778537929623103,0.4250164208059929,0,7
6522,548,184.85013281771086,POS,Clothing,FR,12.0,0.08096198647639485,0.22469473282585023,0,7
8189,11,21.28434602334973,POS,Food,UK,23.0,0.34294014085557956,0.4325990643798383,0,7
6670,667,73.71831722014808,ATM,Food,US,3.0,0.1517593780974676,0.16190228651095465,0,7
7799,678,55.2419214946592,QR,Electronics,US,17.0,0.058161345385521826,0.08908193846128376,0,7
6289,532,2.407296739980236,POS,Clothing,FR,13.0,0.08750778523225887,0.077553860102576,0,7
2948,140,0.0,Online,Electronics,FR,17.0,0.1185926185817551,0.356698843484076,0,7
186,815,83.953248679202,QR,Food,FR,23.0,0.21098745748822761,0.16383273331013887,0,7
6069,478,14.708677485341598,QR,Food,US,19.0,0.2811917498586439,0.14224280766121003,0,7
5914,288,7.933894757391238,Online,Travel,TR,21.0,0.08575021917652191,0.0632825936870623,0,7
1410,849,61.71920358632536,QR,Clothing,DE,11.0,0.19881491985023964,0.2216809909663703,0,7
1337,25,191.8990563383081,Online,Clothing,DE,15.0,0.12598975337785476,0.07296765421753063,0,7
6080,96,90.71391079349037,ATM,Grocery,NG,18.0,0.2671373634821849,0.5120469936353005,0,7
1266,187,242.78475324431733,QR,Clothing,UK,19.0,0.21496471626551836,0.10904466072207933,0,7
9005,851,2.1280860708698914,POS,Food,TR,22.0,0.1380516562877369,0.10617087245102112,0,7
376,424,93.44882920744278,Online,Food,UK,18.0,0.275150099389018,0.22181975094901327,0,7
9800,165,233.57071836459716,POS,Electronics,FR,20.0,0.15449254318340694,0.1802641598220238,0,7
9371,791,7.690799394961195,POS,Electronics,UK,17.0,0.33346689775706706,0.2087578844219434,0,7
3134,883,21.904849117346114,ATM,Travel,FR,6.0,0.3321438600955006,0.3060609409323411,0,7
2961,58,121.32871955425401,ATM,Food,US,9.0,0.23773605528271635,0.21734882303096845,0,7
7114,96,757.3772402412317,Online,Travel,FR,11.0,0.4524535515296603,0.24161670231943813,0,7
3632,491,367.91691580406854,POS,Food,US,14.0,0.16556323335327683,0.5602073232801865,0,7
2314,982,65.2244003586947,Online,Travel,DE,17.0,0.09916014785173849,0.11649952902984616,0,7
2575,238,26.17392301487615,POS,Electronics,DE,8.0,0.6134067390877854,0.2643986648456077,0,7
7037,945,49.20432525505392,POS,Clothing,TR,21.0,0.06584321487405331,0.08164352894901009,0,7
7798,744,234.35332175407368,Online,Clothing,FR,15.0,0.2567221671579851,0.12851276897530464,0,7
7849,316,46.853428130316715,ATM,Grocery,FR,15.0,0.1488117396448814,0.09942162610046679,0,7
3577,100,176.1807132590347,QR,Food,UK,22.0,0.24457528662925954,0.3344132164198425,0,7
5443,892,541.1046625171417,Online,Travel,DE,20.0,0.28254852127458274,0.33695171147450587,0,7
2326,637,172.92703007774853,ATM,Travel,FR,19.0,0.223999225771174,0.21633467820474525,0,7
5372,668,190.34544831977075,QR,Food,UK,18.0,0.12337571319135616,0.2350563117081024,0,7
7175,932,158.14949262121218,ATM,Food,UK,22.0,0.2698557556449847,0.21312337023686564,0,7
2444,797,25.63086553851054,ATM,Travel,DE,21.0,0.3441606951212678,0.21745582045631562,0,7
3260,138,434.5108874304579,ATM,Electronics,US,17.0,0.15655947409123627,0.4109042983641415,0,7
8760,626,37.04396405098003,ATM,Grocery,UK,21.0,0.22130649204915862,0.09028774781793271,0,7
9509,430,25.083532445408412,QR,Travel,US,16.0,0.2467920022207756,0.2452982982199577,0,7
4819,350,48.49146149146991,Online,Clothing,DE,11.0,0.26669830411989204,0.08592650896956668,0,7
5976,703,2.8030511241715175,Online,Clothing,US,10.0,0.092535598700138,0.07872697305519175,0,7
5014,301,145.42303605931951,QR,Grocery,DE,17.0,0.11422070741272985,0.41241779826789066,0,7
6117,432,143.0721356248143,POS,Clothing,TR,18.0,0.5516190766887893,0.3400104677686002,1,7
4260,124,533.2710873729711,POS,Food,DE,4.0,0.5727419316980643,0.1474457339442737,0,7
3361,627,50.52171534389627,Online,Electronics,US,18.0,0.08515880695023567,0.16303014736752652,0,7
198,127,230.56953816828707,ATM,Electronics,TR,23.0,0.1733166203899206,0.09241906000912009,0,7
2098,298,423.6869417003153,QR,Electronics,DE,11.0,0.43872723404100866,0.22457826731870875,0,7
3835,886,298.8751582101611,POS,Grocery,US,17.0,0.20282660025309857,0.07023599097717877,0,7
4715,59,44.0551903947893,QR,Grocery,FR,22.0,0.07822122479183184,0.15639543021465546,0,7
1194,351,10.531257091467353,QR,Travel,US,17.0,0.13974687474552727,0.18566203341893278,0,7
5191,450,34.560522802450656,POS,Grocery,UK,16.0,0.18689380470459602,0.22158946954623177,0,7
644,338,109.29569937504054,QR,Clothing,TR,16.0,0.07869384862737562,0.06772854763627183,0,7
1993,146,37.00200407804965,QR,Grocery,DE,21.0,0.42441536342739067,0.3269568229551295,0,7
4656,41,39.00345545117216,Online,Clothing,FR,20.0,0.1619680379524604,0.1323847058376304,0,7
5349,525,30.800730822345674,QR,Travel,US,12.0,0.22252649165959382,0.3233151337261391,0,7
9306,568,30.9581583768183,POS,Food,US,17.0,0.20952263791884743,0.092179371037631,0,7
5376,259,0.8141853994070425,Online,Electronics,US,11.0,0.11506566905228921,0.22505454275959502,0,7
4315,451,44.19976099901443,POS,Grocery,UK,22.0,0.1558921289642358,0.10694585563917218,0,7
5776,990,136.3690643149758,ATM,Travel,TR,22.0,0.21299589527721816,0.0775383765541954,0,7
3427,629,564.9142558334448,POS,Clothing,TR,14.0,0.06481734739292296,0.07420273884711126,0,7
8169,747,2.9534075955336223,POS,Clothing,UK,15.0,0.1453880325273349,0.39906435306551574,0,7
2514,751,105.7025735875705,Online,Electronics,DE,4.0,0.2530040713772695,0.1722643017343948,0,7
3457,590,309.06023473268965,ATM,Grocery,DE,10.0,0.29662090522420087,0.16207876247374303,0,7
7242,466,16.956768710736796,ATM,Travel,UK,22.0,0.13375802990104485,0.3935567431283154,0,7
9774,802,227.65279541936752,ATM,Food,FR,13.0,0.10395366045049421,0.07426461815752664,0,7
9974,205,61.438982258145735,QR,Food,TR,18.0,0.46230401437180807,0.15334052415085236,0,7
2101,680,504.08126676461666,QR,Clothing,FR,21.0,0.14058289171349767,0.1322292920179684,0,7
1162,773,491.83968354038734,ATM,Electronics,DE,23.0,0.3871617166224081,0.2595121240304105,0,7
4199,873,674.5016023872764,POS,Electronics,FR,14.0,0.1672298286298552,0.37655883391282874,0,7
5762,227,42.80397583930505,QR,Travel,FR,14.0,0.4114111798323217,0.0775041726323054,0,7
6540,166,25.489244762283683,Online,Grocery,FR,21.0,0.11083967464487576,0.13281005893138098,0,7
3152,174,17.05504447132029,POS,Travel,TR,14.0,0.37234153548714277,0.11772738566090785,0,7
7401,709,228.722985055775,POS,Clothing,US,19.0,0.07809912185816431,0.25478098729177956,0,7
5324,127,19.324018415569913,POS,Travel,US,8.0,0.09744830275919511,0.07110674355245421,0,7
1141,634,501.8062352875015,ATM,Grocery,UK,10.0,0.13850697366642364,0.11211870804830487,0,7
7740,328,158.924016619142,Online,Travel,TR,10.0,0.23246963204138033,0.07507411991419873,0,7
1207,310,129.67228723947355,ATM,Electronics,US,15.0,0.14123968788505178,0.6894100015591433,1,7
309,937,33.05335010555782,ATM,Food,US,14.0,0.091277838335697,0.14819516037748987,0,7
6637,646,296.01068283292,Online,Grocery,NG,15.0,0.3697858109472995,0.18047785817475082,0,7
5285,269,5.836149255721142,POS,Grocery,TR,21.0,0.10627011278071566,0.16964224717852486,0,7
3217,862,758.6301941814363,Online,Grocery,US,8.0,0.16778332019880715,0.6117941082936216,0,7
7737,362,244.89715972111253,POS,Travel,US,21.0,0.3860127397948721,0.33768424574266076,0,7
4399,291,116.432663504735,QR,Travel,US,7.0,0.10708228078681661,0.27243520968698404,0,7
2855,555,18.44273542877501,POS,Grocery,US,23.0,0.0926442675288506,0.10586451877434776,0,7
222,364,645.8869247594959,POS,Travel,US,9.0,0.4365382206437319,0.4503603823164833,0,7
4034,603,2.462296839650799,QR,Food,DE,18.0,0.20462482514096822,0.16754278483499205,0,7
6010,560,385.00128129191086,ATM,Food,UK,9.0,0.2111677410515103,0.3969359274040381,0,7
7482,791,750.6255187530587,Online,Electronics,UK,8.0,0.1888343684932183,0.4080480462541329,0,7
7897,200,122.5083267784643,QR,Clothing,TR,11.0,0.275385847933456,0.13829572914580193,0,7
8093,86,4.133429639687499,POS,Electronics,FR,20.0,0.06101912787714403,0.16049587877339977,0,7
4519,805,15.991197376186975,POS,Food,FR,13.0,0.09104704230353952,0.08431863272613596,0,7
9837,839,5.685041891795793,ATM,Grocery,US,6.0,0.07782270151620832,0.21083599284558577,0,7
621,225,342.34728766035255,QR,Clothing,UK,18.0,0.06275824008929978,0.11312164266774091,0,7
5149,630,72.17309671618897,QR,Clothing,DE,17.0,0.2640510783238523,0.3115871630362985,0,7
7678,325,0.0,Online,Food,DE,23.0,0.11228444048649791,0.07480802410029241,0,7
8751,689,11.931180549511891,ATM,Travel,NG,16.0,0.13020896679964777,0.2498440159487707,0,7
4190,267,192.34625112115637,Online,Travel,FR,21.0,0.2852749853122822,0.39140997226333046,0,7
601,122,39.01871324918786,ATM,Clothing,TR,16.0,0.1358670102738021,0.0834217674782531,0,7
3919,257,1.1146026745773554,QR,Electronics,TR,12.0,0.056725912619653165,0.1624939766783418,0,7
5739,707,6.517332930849352,QR,Electronics,UK,21.0,0.15370464421219482,0.07409074694363338,0,7
5619,166,104.0480681137175,POS,Travel,UK,6.0,0.4709868917646129,0.5202165164522499,0,7
4777,69,538.1150875339652,ATM,Electronics,DE,19.0,0.11294067318030405,0.2512282479650725,0,7
4016,918,31.762492280300194,POS,Grocery,FR,20.0,0.05892475984308237,0.14810945167222933,0,7
9619,46,50.9723710135646,QR,Grocery,US,10.0,0.32432950215280804,0.21617930158925877,1,7
358,271,9.912474541409184,QR,Electronics,US,21.0,0.07797623832502029,0.11800816444442913,0,7
2423,68,19.448087165776734,Online,Clothing,US,17.0,0.15705456302296092,0.13907693396752116,0,7
1504,419,314.64505481365705,Online,Grocery,TR,19.0,0.32176919888012095,0.07513003788659767,0,7
1890,627,94.00687986522503,ATM,Clothing,FR,19.0,0.3016716838356044,0.17461284742126673,0,7
293,898,307.18484876635824,QR,Travel,FR,10.0,0.4746597084905884,0.48831329214483715,0,7
2255,593,166.4489153341608,Online,Travel,TR,14.0,0.22071227404141602,0.2650482510712475,0,7
2866,676,161.34647711359722,ATM,Grocery,US,17.0,0.09314646650723475,0.3931956800592865,0,7
7235,241,294.7803288956428,Online,Travel,TR,18.0,0.21707803422901278,0.4594296666842198,0,7
9317,215,334.79240062135625,QR,Travel,US,17.0,0.08213753621292441,0.22725290624985284,0,7
6794,427,126.13840064825025,ATM,Travel,FR,21.0,0.2268313870756464,0.13097919540176148,0,7
7044,980,173.24459346246326,Online,Electronics,FR,13.0,0.24590050505618827,0.2590330516474745,0,7
8800,799,157.13853216071547,ATM,Electronics,DE,7.0,0.637899133166552,0.2213585361193381,0,7
404,731,902.9372971363892,POS,Food,US,22.0,0.5434702345921121,0.20089897285445224,0,7
8475,307,28.00554014715751,POS,Clothing,TR,23.0,0.1127879698545439,0.07778369775151601,0,7
8776,170,168.91187537861902,POS,Travel,DE,7.0,0.08601881601318581,0.12385591849865893,0,7
4753,590,10.624372958670644,POS,Food,US,15.0,0.1955941418095175,0.09671697721296,0,7
5297,111,193.92553444978628,POS,Clothing,FR,19.0,0.14114032249970598,0.4184225019374791,0,7
8530,511,447.52889334786386,ATM,Clothing,DE,22.0,0.34338502843124974,0.15549110047916814,0,7
215,864,50.22026158135191,ATM,Clothing,DE,19.0,0.245974336721478,0.24848235152660686,0,7
8179,454,30.060926788282316,Online,Travel,UK,2.0,0.33293470063856623,0.08514647608928783,0,7
9521,211,289.51122884912337,POS,Travel,FR,21.0,0.17208053519891892,0.08043130417798623,0,7
6278,42,67.63355063066089,Online,Travel,DE,16.0,0.08624039359167421,0.1349914398129577,0,7
2374,782,59.03585413943739,QR,Travel,FR,16.0,0.16316716201418588,0.17127945147375404,0,7
9294,715,104.2503132368044,QR,Electronics,FR,20.0,0.14172858935779142,0.12748218238804135,0,7
6606,413,151.71012679145804,QR,Electronics,US,21.0,0.3167459743516668,0.07513525980832236,0,7
9244,123,0.0,QR,Clothing,DE,23.0,0.21955632529583846,0.32479043435394367,1,7
5930,924,244.46098580342175,ATM,Food,US,10.0,0.4463343529851761,0.15986434919616407,0,7
5661,15,427.9011498984181,POS,Travel,UK,8.0,0.10505593895570621,0.36367794425120986,0,7
2370,402,5.720868501014839,ATM,Clothing,FR,14.0,0.09460504737206171,0.25274447716695436,0,7
7110,614,75.44328485029719,ATM,Clothing,FR,10.0,0.4071228407042663,0.3008497126788394,0,7
620,722,122.17493188284395,POS,Food,UK,18.0,0.22703063710005164,0.25449366073019564,0,7
6066,547,52.89942647149762,QR,Clothing,US,8.0,0.12137234222613784,0.11375770838954946,0,7
6604,749,160.71913132740568,Online,Food,DE,10.0,0.10087658855914883,0.07840162759458354,0,7
5602,319,40.806207748400396,QR,Clothing,US,8.0,0.10184077083841102,0.09141131980659353,0,7
7636,812,34.90070984535464,POS,Travel,DE,20.0,0.28081323674110975,0.22479145518918914,0,7
5457,212,187.19603420164006,QR,Travel,FR,23.0,0.17635816042182786,0.30636050714367496,0,7
4965,227,91.272897959833,QR,Grocery,UK,22.0,0.08742160308176264,0.30488735604429673,0,7
2660,535,180.37439138258986,POS,Food,FR,22.0,0.31380015338619943,0.18151589050600458,0,7
2042,914,35.12387947466442,ATM,Food,UK,10.0,0.3251918822279224,0.25535652385487384,0,7
9837,692,228.96130792022956,POS,Travel,TR,1.0,0.152110940808022,0.2323928159905087,0,7
4494,460,80.22207368434833,Online,Food,UK,9.0,0.14607406079882887,0.11071219248278978,0,7
7373,367,45.89594171588756,Online,Clothing,DE,22.0,0.23473761468402757,0.2751416342046533,0,7
5578,268,26.32234815588657,Online,Travel,FR,22.0,0.10395258158400336,0.0961952868245595,0,7
3461,935,17.560268784751948,Online,Clothing,DE,18.0,0.09529802989779047,0.202958025277166,0,7
9206,668,54.34502800064768,QR,Travel,UK,23.0,0.38199374340952574,0.22302602953358386,0,7
5394,899,13.022523589828054,POS,Clothing,FR,8.0,0.18955638282718537,0.3254559417558047,0,7
4685,750,88.32944660445526,POS,Electronics,DE,10.0,0.07670371789208477,0.10467053595864481,0,7
3453,463,163.48499456477342,POS,Grocery,FR,15.0,0.16219192400298738,0.15029180113214222,0,7
1597,322,685.727853037147,QR,Food,UK,11.0,0.26757619524583653,0.1296581933520422,0,7
6509,520,173.14837878824648,ATM,Travel,US,20.0,0.13681617459156767,0.4136551599902417,0,7
1420,826,67.864755439694,ATM,Travel,US,8.0,0.08150027305074732,0.11008196433243805,0,7
443,100,177.90558870781973,Online,Grocery,US,10.0,0.24518564296733536,0.15439486640956057,0,7
6310,190,197.15122032589068,QR,Travel,UK,11.0,0.20584737105372056,0.11283950897400016,0,7
7434,354,281.5119394403216,Online,Grocery,DE,12.0,0.220093569860899,0.18273218849541134,0,7
9225,134,9.338999470774146,QR,Food,UK,21.0,0.20175726999662125,0.08876893407237119,0,7
3226,343,20.08339103495335,QR,Grocery,US,10.0,0.111644950936864,0.15365447132462468,0,7
2728,591,19.85628245401129,Online,Electronics,TR,14.0,0.08907484863490067,0.5953702037559259,0,7
380,866,55.642110656443954,QR,Travel,UK,23.0,0.06822031237148887,0.07288554336929665,0,7
2267,518,193.95286833954478,QR,Grocery,TR,20.0,0.12584406325032338,0.22763003795804104,0,7
4258,316,85.26173968975363,Online,Grocery,US,16.0,0.171713113643698,0.21410185553888883,0,7
476,375,86.33936303455852,Online,Grocery,FR,15.0,0.10868883036461166,0.11928146014957111,0,7
9524,328,254.32974004720728,POS,Clothing,DE,16.0,0.15797875908824727,0.19124358943333286,0,7
8198,714,276.940684781485,POS,Travel,TR,17.0,0.18353857401320595,0.24827270040244082,1,7
1866,692,100.77848266682777,POS,Travel,FR,20.0,0.16812009501961803,0.19425662258996113,0,7
5144,794,112.2922423507094,Online,Travel,DE,8.0,0.10713509185502954,0.06724529642593494,0,7
1588,510,112.38751984279313,Online,Food,FR,8.0,0.05785720594335965,0.11235272399192317,0,7
3990,629,436.72923286673966,POS,Travel,US,15.0,0.3202377886348497,0.12625010259727018,1,7
9038,616,96.92714338687878,ATM,Food,UK,8.0,0.19092030964849166,0.1185357684290359,0,7
4695,378,145.0850642548845,ATM,Clothing,US,23.0,0.33526395832006134,0.24805844639782373,0,7
4700,99,149.37219599150365,QR,Travel,DE,12.0,0.265071634502537,0.22164143385679466,0,7
777,753,227.21425497898133,ATM,Electronics,DE,11.0,0.18338414877048048,0.24695382956038497,0,7
4784,451,39.48564496205622,QR,Food,DE,4.0,0.22808124175323688,0.184707797586644,0,7
4792,715,361.32812714715965,Online,Travel,DE,12.0,0.5717732663860717,0.6330234583030565,0,7
5374,321,43.988945188964124,POS,Food,FR,18.0,0.06593777108230141,0.10530437948894089,0,7
928,213,148.35641135840376,POS,Electronics,UK,7.0,0.2791946432994133,0.22995755275969143,0,7
7836,860,34.13851506184044,Online,Food,US,20.0,0.28414006729954255,0.3672808714588279,0,7
1327,734,324.07270527576435,ATM,Electronics,US,3.0,0.4648473274654014,0.2900444074421007,0,7
1699,921,259.8977254206909,QR,Grocery,TR,10.0,0.12440498789283372,0.11286782682967733,0,7
9447,320,22.494377764078674,POS,Electronics,UK,19.0,0.3253784023002034,0.13184541339886652,0,7
483,470,2.4040392890164046,POS,Electronics,UK,13.0,0.16676349271416788,0.18909749270464027,0,7
7937,255,18.307683055132518,ATM,Travel,TR,21.0,0.1994745830526843,0.24795040902631418,0,7
5965,401,849.4647670603734,QR,Electronics,UK,13.0,0.1249972102826696,0.07803863932189659,0,7
1222,564,26.143980085400816,Online,Grocery,TR,16.0,0.13945311807641153,0.6905490317821199,0,7
9431,968,61.97704310991104,ATM,Grocery,TR,6.0,0.08208049350195587,0.09438429033882878,0,7
9041,656,46.43371326528945,Online,Electronics,US,21.0,0.07275160440970097,0.11500324389210992,0,7
5632,100,129.57261116962664,POS,Grocery,DE,14.0,0.09389270926524054,0.08418847608533819,0,7
2671,551,28.608910695438713,Online,Electronics,FR,21.0,0.613232077437192,0.2799125402418156,0,7
1063,288,411.8692823314926,ATM,Clothing,UK,16.0,0.3249931252474954,0.126806326859999,0,7
259,862,128.56544060843123,Online,Grocery,UK,21.0,0.17349557744066768,0.10459358019337435,0,7
8837,978,1.9373911008192781,ATM,Electronics,DE,13.0,0.12523575623872785,0.0987575653383918,0,7
2488,617,50.00632513510487,Online,Food,UK,15.0,0.4522592458334366,0.2945586866919742,0,7
375,200,36.175392880957496,POS,Clothing,TR,14.0,0.09465941469800074,0.15428513038585745,0,7
9149,183,203.54428942626407,ATM,Clothing,UK,4.0,0.17956353143802917,0.08379035094512306,0,7
2930,203,27.271835195016198,POS,Food,DE,12.0,0.06178175436761302,0.1560630186685682,0,7
2243,905,1.0231942853728493,Online,Travel,US,21.0,0.12803671577389233,0.10240742354018781,0,7
9124,67,6.907265291587128,Online,Travel,DE,22.0,0.06653585746975577,0.17753653070023917,0,7
1947,863,1828.0019758396184,ATM,Clothing,US,18.0,0.7566241247092413,0.7884065873185223,1,7
8631,132,252.8664418984703,QR,Food,DE,18.0,0.19954120486736523,0.3882500234044287,0,7
7888,95,231.22731141828197,QR,Clothing,DE,11.0,0.177176617298587,0.12738215273662526,0,7
4444,411,166.0537950509957,POS,Grocery,TR,21.0,0.08081098090724298,0.05882500127027834,0,7
4572,643,130.44281149161162,POS,Electronics,FR,21.0,0.6300166291133837,0.11422990578083464,0,7
4419,857,27.1033236837754,POS,Clothing,UK,16.0,0.37676341497828264,0.2492638524008779,0,7
9368,830,36.05118304117748,ATM,Travel,TR,14.0,0.14978671017118209,0.3603269539483081,0,7
7634,59,399.5706773854865,ATM,Clothing,TR,4.0,0.4326741784756074,0.3090812612592672,0,7
3975,836,189.52902567624085,POS,Food,FR,20.0,0.17850376898430825,0.12377866918480696,0,7
2724,884,268.6786697610465,QR,Grocery,US,2.0,0.2236319268822717,0.1440164778333568,0,7
1377,180,291.8892278949618,QR,Electronics,FR,3.0,0.24486961205424446,0.39779419344302086,0,7
8239,569,89.84745709233319,QR,Travel,US,20.0,0.2940296421705363,0.3425185537990767,0,7
6988,541,262.3626110263216,POS,Travel,TR,22.0,0.3956705037423193,0.14427782831591865,0,7
5766,652,13.273647590223733,QR,Travel,TR,8.0,0.28633534916077386,0.1504159912022954,0,7
2135,574,11.740242795782734,Online,Food,TR,15.0,0.11602379353854894,0.18880823013770653,0,7
618,223,49.72152471814512,Online,Clothing,FR,21.0,0.1704386397771918,0.21664560557903942,0,7
5802,72,182.87346439846237,QR,Travel,US,17.0,0.12287464842792573,0.09272118594891646,0,7
9726,192,454.4406606332469,Online,Travel,UK,13.0,0.40285507259943426,0.26038780275050655,0,7
4098,270,107.05895620694656,QR,Electronics,TR,7.0,0.07472073632684162,0.23217994248239662,0,7
390,508,323.8937528432981,Online,Grocery,US,11.0,0.6670503939236638,0.14053165023336334,0,7
1542,409,208.14838997109726,ATM,Travel,TR,20.0,0.22302466510338473,0.09463323352660385,0,7
9073,378,437.12338077339183,Online,Electronics,US,6.0,0.24983548456221408,0.10633064348566772,0,7
2909,809,12.967747771784182,Online,Grocery,FR,7.0,0.14911525061630038,0.09798420798068672,0,7
8959,356,13.441842713919167,POS,Clothing,UK,21.0,0.06080176905819889,0.22884772311395174,0,7
7079,213,569.7172469350472,Online,Clothing,UK,12.0,0.2137463075670446,0.2012233412561549,0,7
7918,210,55.831698279227474,POS,Clothing,DE,16.0,0.25290119143066714,0.0667806763324355,0,7
6042,414,885.6588223546607,ATM,Food,TR,19.0,0.19680284845140447,0.44922328589777577,0,7
8937,932,846.0512016448007,ATM,Travel,FR,1.0,0.9785492051638136,0.5408791932937491,1,7
6760,649,33.09183230265724,Online,Electronics,UK,4.0,0.18143534122081867,0.08980313867002773,0,7
4837,52,115.06882758354796,QR,Food,DE,4.0,0.3911969381510551,0.5345481920277757,0,7
3198,87,459.9986488633471,POS,Electronics,FR,12.0,0.38982405074075677,0.24400446539385268,0,7
7705,544,48.432633275432735,POS,Travel,UK,16.0,0.24907214801544156,0.32741540754885634,0,7
7558,805,67.62582487066626,POS,Clothing,DE,6.0,0.19846637236423287,0.3343371324034077,0,7
8155,665,66.93757668208822,QR,Clothing,DE,13.0,0.22226570217423183,0.1403644786755184,1,7
1272,407,652.0211890978514,Online,Grocery,US,21.0,0.4691904521347423,0.4520764576946728,1,7
1962,212,19.576883715430117,POS,Food,UK,14.0,0.3799614147351513,0.304394143063666,0,7
6392,802,168.55373967982416,QR,Grocery,DE,14.0,0.3214362788180323,0.3937520938038758,0,7
9512,970,79.29723874696914,ATM,Clothing,DE,15.0,0.1807503964044257,0.1307409353743908,0,7
1278,855,62.21883668138977,POS,Clothing,TR,10.0,0.19945149128397324,0.3349024347160393,0,7
9457,849,602.1382299090341,POS,Electronics,DE,19.0,0.30321002726096985,0.19987800813300927,0,7
6630,303,395.3259078652604,POS,Food,TR,20.0,0.19470537800587018,0.1024731001972391,0,7
2037,751,17.03175363581955,ATM,Travel,US,19.0,0.17685772040713887,0.26120186465796014,0,7
9578,22,99.7832973280766,POS,Grocery,TR,23.0,0.19230421665509562,0.09898751773312403,0,7
9227,488,100.5880846065844,QR,Electronics,DE,15.0,0.19747947915324188,0.2136430105148434,0,7
3632,497,11.310777885399302,QR,Travel,FR,13.0,0.07199902632286477,0.18114919769055393,0,7
8258,577,505.99646651695167,QR,Grocery,FR,15.0,0.23493044626131887,0.11272267606950895,0,7
2173,824,540.4774708934416,Online,Electronics,DE,21.0,0.23340611322964022,0.3908890744764962,0,7
2770,701,32.47900666586337,ATM,Clothing,US,6.0,0.1847964809187988,0.35968216804732706,0,7
6948,385,3.1639188865337085,ATM,Grocery,UK,22.0,0.2594599025460159,0.25132000726460163,0,7
1207,98,221.0313079723798,POS,Electronics,DE,11.0,0.0720159731984144,0.24858096947900035,0,7
3705,217,208.94401635645403,POS,Food,TR,9.0,0.39850998657973236,0.5063276691427534,0,7
87,525,41.31318614803123,ATM,Clothing,FR,15.0,0.1002928130637913,0.1229726182949413,0,7
4335,240,63.19651929931903,POS,Food,US,18.0,0.2718440762777475,0.29897316245747213,1,7
1366,290,130.49006650835543,Online,Food,TR,15.0,0.25597613727848595,0.3453879477952661,0,7
4310,505,54.98701991979476,QR,Clothing,DE,20.0,0.2619809964075765,0.2030308437274312,0,7
7147,104,283.64168992544336,ATM,Food,DE,6.0,0.5495334425747553,0.27168785445992943,0,7
9496,47,205.88030808353886,QR,Travel,US,20.0,0.41045419655425525,0.3356330452686997,0,7
363,75,217.2119506166515,QR,Electronics,DE,7.0,0.17613848873901616,0.17298613675034039,0,7
8741,309,63.540046309365806,ATM,Clothing,FR,1.0,0.2448838889644915,0.09206080327327576,0,7
1740,739,360.6872141172286,ATM,Electronics,UK,17.0,0.18862351040635056,0.14411174821969144,0,7
3421,447,129.6845924207881,ATM,Travel,FR,7.0,0.3727384834175138,0.5719121736901007,0,7
9755,839,57.103968637216916,POS,Grocery,US,20.0,0.09163557043294354,0.1445627816720393,0,7
3617,537,91.5352741517104,Online,Grocery,FR,22.0,0.11398351789847677,0.19845148644340205,0,7
792,679,8.836511844647353,QR,Grocery,FR,15.0,0.17878142378166872,0.08496190456223972,0,7
6593,961,114.96683864900342,ATM,Clothing,DE,19.0,0.5593579528299166,0.5034601038430329,1,7
1707,531,8.98635976944277,QR,Grocery,US,17.0,0.09518189367342839,0.27539270149009054,0,7
3584,281,127.93659415088887,Online,Clothing,DE,15.0,0.18432391240605306,0.44849293704151877,0,7
7051,867,170.03220952439955,ATM,Food,TR,10.0,0.17725978652468619,0.2858274832289086,0,7
247,23,479.46589509817585,POS,Grocery,TR,15.0,0.16252065026291787,0.2892194379590555,0,7
9003,720,100.02671586491424,QR,Travel,US,16.0,0.1379723181024342,0.09930342004762266,0,7
5449,669,166.92148970519673,ATM,Electronics,FR,15.0,0.10197293567520546,0.2375778005749388,0,7
292,524,132.31443638769028,Online,Grocery,TR,11.0,0.18703029711976077,0.08874125623004925,0,7
3538,44,76.28912055826956,POS,Grocery,DE,11.0,0.4272602544708081,0.22979254949144975,0,7
2740,801,111.9467136858103,QR,Grocery,FR,21.0,0.18908857246812105,0.12772776596858343,0,7
1305,136,78.71939295272867,Online,Travel,UK,15.0,0.10629499300985976,0.08443759741695363,0,7
5977,931,341.95217212788145,ATM,Travel,FR,16.0,0.4531925617180447,0.3972834407802327,0,7
2609,617,266.9413933956277,ATM,Grocery,UK,12.0,0.27447054317995717,0.12065245781760559,0,7
4843,616,69.56445416594346,QR,Electronics,TR,6.0,0.13948757983407062,0.45522982293177444,0,7
2672,140,302.17965113321037,QR,Clothing,DE,18.0,0.40042017268535185,0.2683451296127564,0,7
1958,769,159.22786038276297,ATM,Electronics,TR,12.0,0.1666912496433357,0.18160139151567298,0,7
9182,661,58.754119462586054,Online,Travel,UK,21.0,0.39316543327568315,0.24816003408383325,0,7
4624,300,81.6238899285764,POS,Clothing,DE,13.0,0.32690367457936026,0.3400191969938783,0,7
9731,57,553.2641357776808,POS,Grocery,UK,17.0,0.23294550405718423,0.22113940404379312,0,7
4915,850,9.36985491576108,ATM,Clothing,TR,21.0,0.345076123701051,0.19680296600993338,0,7
728,859,17.231526322186294,POS,Food,US,19.0,0.09321038635816742,0.139368637245623,0,7
5625,212,70.85640530856699,ATM,Clothing,FR,23.0,0.2902290295447539,0.23681372627315073,0,7
72,870,41.72535132250302,Online,Grocery,FR,22.0,0.06448827460191595,0.2600586032124522,0,7
5737,778,44.09177786956307,Online,Clothing,FR,14.0,0.3306742993992033,0.06604287883268037,0,7
6437,296,90.99803807882444,QR,Food,UK,17.0,0.17130500782555644,0.14207374173258203,0,7
8186,145,51.56978002669054,Online,Grocery,US,22.0,0.10215301433415133,0.12131425058245554,0,7
3901,839,57.58972008633015,POS,Food,UK,13.0,0.24992165004006522,0.08632693141126313,0,7
1153,731,25.817378891440608,ATM,Electronics,FR,9.0,0.15490248720042377,0.12847414917754618,0,7
6145,121,278.46041756022584,ATM,Electronics,FR,22.0,0.48611709726832886,0.15621271169791856,0,7
3601,513,115.2450184240253,POS,Grocery,TR,16.0,0.17483268555902812,0.12999076843420548,1,7
3642,777,482.6096317352601,POS,Food,DE,4.0,0.5234963710298788,0.1465078593284884,0,7
6963,59,52.35061492442146,POS,Electronics,UK,20.0,0.5330497791005527,1.0,0,7
8199,769,126.34475384242532,Online,Clothing,TR,11.0,0.17448972034408572,0.2416030627861019,0,7
3721,749,13.71308306901803,ATM,Travel,UK,21.0,0.08325671435437867,0.07559080268100125,0,7
4746,957,355.39075369900337,ATM,Electronics,DE,2.0,0.27197154693586406,0.18193314399289215,0,7
6328,193,281.4554277789188,POS,Food,NG,23.0,0.2401678283363444,0.31414466552781795,0,7
5141,617,76.06733218210356,QR,Food,DE,12.0,0.20889925843614626,0.1606477300558437,0,7
4914,550,476.24606312738064,Online,Clothing,TR,8.0,0.06281772681561631,0.09544726108993992,0,7
4839,975,195.22684295916017,POS,Food,FR,23.0,0.16412779707174338,0.08473823511272466,0,7
4159,984,250.86420202800332,POS,Electronics,FR,10.0,0.21826227758330524,0.3561507590386067,0,7
8179,325,560.4380378821379,Online,Clothing,FR,3.0,0.19298593141347456,0.16137108354712182,0,7
3633,765,9.511477761724263,ATM,Electronics,FR,15.0,0.24572653422530222,0.21901898083710225,0,7
6441,799,165.82824447748092,POS,Travel,DE,16.0,0.33002603284578164,0.23654730693421472,0,7
394,110,38.77067745820007,QR,Clothing,FR,14.0,0.06989339923276999,0.16402479239656265,0,7
8430,610,57.02071489696859,ATM,Grocery,UK,22.0,0.1185002250834649,0.38393898685558225,0,7
2095,11,374.0268911316325,POS,Clothing,TR,11.0,0.1875798970355242,0.10255557514961704,0,7
172,382,409.682818044113,POS,Clothing,UK,23.0,0.10739555109047888,0.10960538811769338,0,7
4354,194,342.73189093615457,POS,Travel,DE,20.0,0.2960094416540281,0.20933719501309087,0,7
9324,554,496.48267219342574,POS,Travel,DE,19.0,0.22891087801871615,0.42612841151117464,0,7
5158,83,126.12548704972573,QR,Grocery,TR,13.0,0.08721636693692746,0.5707221135916887,0,7
6481,832,466.52209951050753,POS,Grocery,US,23.0,0.5043341620025178,0.19747083603029464,0,7
9404,835,105.9443172388627,QR,Electronics,TR,17.0,0.18481424671754837,0.35954677913045596,0,7
7806,437,0.585627501103472,Online,Travel,UK,16.0,0.3731510424574469,0.18026205257855263,0,7
2571,120,16.534137991305787,POS,Travel,US,2.0,0.10623906605699299,0.06481812681406476,0,7
1236,138,147.1304891259537,POS,Electronics,UK,14.0,0.18195399461409092,0.1397798712871532,0,7
8879,273,31.823501612491782,POS,Grocery,DE,17.0,0.1614885412603333,0.4136546476619736,0,7
5962,336,343.50090757329417,ATM,Electronics,US,7.0,0.5493760329008083,0.5348600200666603,0,7
1797,500,149.15886871979245,ATM,Grocery,FR,4.0,0.7766146651948043,0.6926319607078761,1,7
5594,830,122.16493371855441,Online,Food,US,21.0,0.6166848134421368,0.3006495145774343,0,7
5371,907,65.25321820076297,QR,Travel,FR,5.0,0.12339395772698877,0.1140162227432967,0,7
8835,886,225.2171769616386,POS,Clothing,US,1.0,0.5564344078818761,0.30654519977265404,0,7
1620,287,129.26437272085462,QR,Clothing,US,16.0,0.3567474968874062,0.15082660870246395,0,7
8048,762,96.37964466311001,ATM,Food,TR,17.0,0.07916048045905287,0.09959831417009837,0,7
9041,133,21.368145037128492,Online,Electronics,DE,23.0,0.06441025027760286,0.15639247035441178,0,7
2708,614,131.39130482997965,ATM,Clothing,DE,14.0,0.24499423221908434,0.47937764738505706,0,7
5298,616,307.36751391032107,ATM,Clothing,UK,17.0,0.35688647169377136,0.6877681178027418,0,7
2572,937,435.96739859464714,QR,Clothing,DE,22.0,0.15044224306785559,0.12379701388708919,0,7
9261,905,5.4431396736394975,POS,Clothing,US,22.0,0.08482694537280303,0.176286100271158,0,7
6634,251,21.401158390450703,QR,Grocery,FR,15.0,0.1524370600072877,0.2203241784511082,0,7
256,82,75.72259990459801,ATM,Clothing,FR,23.0,0.14585331517043498,0.06894206835305353,0,7
2649,541,68.71250458931738,Online,Clothing,US,11.0,0.12798195712265997,0.11068976246420933,0,7
7113,711,62.42464717744946,QR,Electronics,TR,20.0,0.066711114572328,0.22483770175921558,0,7
2630,289,201.99990861495334,ATM,Clothing,FR,19.0,0.05998299972852853,0.06273603154538437,0,7
4281,237,30.531150607359425,ATM,Grocery,TR,19.0,0.06265778697131216,0.2709690130809391,0,7
9033,968,189.06549871003028,Online,Electronics,UK,6.0,0.18508456588504082,0.2946953339421542,0,7
1114,105,167.6657140026426,ATM,Clothing,UK,22.0,0.44657770021993937,0.15783571347816466,0,7
2992,55,178.79445283807175,ATM,Electronics,US,5.0,0.1500054229166415,0.10109122458952322,0,7
26,649,305.48336263926734,Online,Grocery,UK,11.0,0.329933608017783,0.2571448011907752,0,7
4425,136,348.66205599699117,POS,Travel,FR,20.0,0.12094671051769716,0.3962450443586021,0,7
9659,206,290.66344686531266,POS,Travel,TR,9.0,0.34528135500143575,0.53787970257667,1,7
6145,236,3.0322577234330947,ATM,Clothing,TR,22.0,0.08228267151752658,0.16277285531119612,0,7
9212,498,26.940521583471643,QR,Travel,UK,13.0,0.4019769086913094,0.5026838927067677,0,7
9167,61,27.272181296887513,ATM,Food,DE,18.0,0.2651274515089713,0.20353868374709036,0,7
7486,196,22.184591300401408,Online,Clothing,DE,15.0,0.41797789713249817,0.14444957014528892,0,7
5575,339,132.12745610874148,POS,Food,TR,20.0,0.7838503952562474,0.15335702719225502,0,7
8379,75,198.7579727331937,ATM,Electronics,US,22.0,0.09336478258874586,0.22518179325874524,0,7
8084,390,54.91383589467184,ATM,Travel,US,23.0,0.10858886169881216,0.48369049369009365,0,7
5921,193,199.12718364591777,Online,Food,UK,21.0,0.2635878421201786,0.15399454510136693,0,7
3029,37,29.552620445530057,Online,Food,FR,12.0,0.6439691140925615,0.5039301929838047,0,7
2484,672,28.31123209260775,QR,Electronics,UK,9.0,0.2106296302722106,0.1370814323070788,0,7
8613,59,33.48060413681755,QR,Clothing,UK,14.0,0.1000408226616957,0.08144021671321783,0,7
4025,695,233.47848479767055,QR,Electronics,UK,11.0,0.23291245011546652,0.06862908582991867,0,7
5061,458,511.87626827057125,QR,Travel,FR,10.0,0.23783608810716486,0.5944355488690519,0,7
5243,597,169.34174185767435,POS,Grocery,TR,3.0,0.4334527484250064,0.15853657084889677,0,7
4503,983,423.49952743896637,ATM,Electronics,DE,9.0,0.11804759260247716,0.3904472167369283,0,7
3451,718,271.2717099447514,QR,Travel,FR,21.0,0.23039520357972032,0.3684057304040358,0,7
9466,756,633.4110550672302,Online,Travel,FR,16.0,0.2480473785688303,0.11508693551411875,0,7
7352,21,68.08490815533911,QR,Grocery,UK,21.0,0.12551525962292612,0.35730752815808925,0,7
3786,451,27.380995130971513,Online,Grocery,US,5.0,0.22938205572959086,0.09527872761410874,0,7
5707,755,30.493215753788363,ATM,Electronics,DE,17.0,0.7229203014744411,0.1809937109777858,0,7
830,202,98.1585911272374,QR,Clothing,TR,11.0,0.9205702194615836,0.1814026569637623,0,7
2889,118,895.7215246199642,Online,Grocery,US,5.0,0.365166048839425,0.4790001178463437,0,7
8040,824,584.2048805734847,Online,Grocery,DE,12.0,0.33565938966165715,0.09479351458217145,0,7
3189,192,9.373251891584468,POS,Grocery,FR,11.0,0.14696456057567286,0.08245450515260411,0,7
8539,297,28.32828443371097,Online,Grocery,TR,22.0,0.30798402833401634,0.1452686805992923,0,7
5150,479,66.2495270519254,ATM,Electronics,TR,16.0,0.4751558466413684,0.1366209976284293,0,7
3541,7,26.868244806550457,POS,Grocery,FR,22.0,0.26431123434212506,0.19662878693858296,0,7
6008,104,0.5364373398139302,ATM,Food,DE,21.0,0.14093179475198092,0.09085816778484995,0,7
7339,716,555.5551663219431,Online,Grocery,FR,8.0,0.185982598894001,0.7746014332407963,0,7
3547,578,1020.9233954116527,POS,Food,US,7.0,0.8370584546584492,0.2643368593475147,1,7
9200,992,14.008986669195872,Online,Food,US,10.0,0.2757787053266178,0.1375670228709894,0,7
1348,941,107.64005439036345,POS,Clothing,US,11.0,0.15528801684919855,0.15472264531461866,0,7
7209,143,224.42852582092397,POS,Food,UK,6.0,0.4224041803822707,0.2687703829656413,0,7
3055,24,255.49436521837225,Online,Food,TR,2.0,0.13032945525481593,0.09685326761531853,0,7
38,915,8.67078397204456,ATM,Travel,US,22.0,0.0675738194320492,0.30613530263970545,0,7
105,337,73.09662773747209,POS,Grocery,DE,17.0,0.35383282117766873,0.23436540555140178,0,7
7646,681,137.9664254959048,POS,Grocery,TR,7.0,0.6468870462810024,0.1479660118713934,0,7
8474,137,314.97069464175433,POS,Clothing,TR,9.0,0.2416706640190036,0.2773831413447776,0,7
8472,203,66.58933199421749,Online,Grocery,TR,20.0,0.21059076139009647,0.32393676131837335,0,7
2080,237,190.42968431426544,Online,Food,US,16.0,0.11731219309817663,0.17936906728404256,0,7
8547,5,397.36932126976996,QR,Travel,UK,7.0,0.1761904825221327,0.3721053347707968,0,7
2103,330,720.7281702357296,POS,Travel,TR,23.0,0.0622179375771269,0.21182169780780974,0,7
5741,569,348.46736583508925,QR,Grocery,TR,11.0,0.38416052922686644,0.18057044117915771,0,7
6711,442,127.02440169892876,POS,Food,US,22.0,0.52519674393854,0.07291681931908976,0,7
4720,789,15.369340670111477,QR,Electronics,DE,14.0,0.5597003461586909,0.4449329812982068,0,7
996,181,75.51602382356756,QR,Electronics,FR,1.0,0.11476384373590331,0.06934734234822562,0,7
9254,157,154.8526680541812,QR,Grocery,UK,23.0,0.16649247873807155,0.11972911024475279,1,7
7328,124,14.707131309772898,Online,Electronics,TR,16.0,0.06900953024260023,0.3042229597126694,0,7
8312,725,405.6919240319456,QR,Grocery,DE,12.0,0.17003741008492845,0.08694246860664223,0,7
3378,982,0.0,ATM,Clothing,FR,17.0,0.07874208834138793,0.10340017096916457,0,7
810,235,52.8297216819443,Online,Food,US,12.0,0.09728129057346407,0.17803416025641883,1,7
5440,493,308.8948490256755,POS,Travel,UK,3.0,0.14635246133004784,0.269723389167265,0,7
9787,842,180.45296307759682,POS,Clothing,TR,6.0,0.22241845285539436,0.14008634992314845,0,7
9975,402,173.25785199561645,ATM,Electronics,FR,21.0,0.35452587458252904,0.348098849291633,0,7
3922,142,81.25609709197036,QR,Electronics,TR,2.0,0.14090553335997344,0.14876462762810383,0,7
6127,209,104.73477790322016,QR,Grocery,FR,8.0,0.09074349323391705,0.22722436529992474,0,7
3227,191,170.6384217698568,ATM,Food,US,20.0,0.1637899455962406,0.21812895609992028,0,7
8828,798,109.24489633610887,ATM,Travel,TR,19.0,0.36994969769506575,0.2666470725736291,0,7
9763,810,162.12785501465754,QR,Grocery,US,12.0,0.09782341366473761,0.38330582649262956,1,7
9663,267,8.29554904114115,POS,Electronics,US,14.0,0.062225587043392906,0.1081397395014847,0,7
4929,370,106.2436540191884,Online,Grocery,TR,5.0,0.2948068772050862,0.171529389805699,0,7
9170,226,6.953894509344508,ATM,Electronics,DE,23.0,0.058743355014177115,0.13192308707973124,0,7
9764,428,716.8121055580582,QR,Grocery,TR,13.0,0.14954824602810196,0.1730618938142936,0,7
1585,301,12.72435005654063,POS,Travel,US,7.0,0.13839941142379072,0.1088649219576972,0,7
8596,538,156.61378409756233,ATM,Electronics,TR,16.0,0.3773563962164652,0.1319913601683043,1,7
6028,742,393.449629145637,Online,Electronics,TR,8.0,0.12112651958817833,0.07526825295395949,0,7
2822,239,2.5021950128609,POS,Grocery,TR,13.0,0.09603165088971442,0.23136367369174754,0,7
200,813,56.92149083852645,POS,Travel,DE,10.0,0.16331216954355068,0.22892392054850408,0,7
218,68,340.571584689356,Online,Food,DE,20.0,0.15160886993565967,0.14855530632809827,0,7
5214,460,171.40409552474546,Online,Electronics,US,4.0,0.3647145385055818,0.24121314198311578,0,7
7611,677,127.81566050895498,Online,Food,US,8.0,0.20099593765468307,0.19606878504680353,0,7
1910,564,293.36604056197325,POS,Electronics,TR,16.0,0.22050613880116512,0.14110375469604353,0,7
6098,490,26.221556642866364,Online,Grocery,UK,9.0,0.16744440751077422,0.06916839903478357,0,7
2856,40,85.21298412968744,Online,Grocery,US,21.0,0.17625441097967828,0.06491274966850387,0,7
8509,449,130.21786999359028,POS,Grocery,UK,6.0,0.5905491948051689,0.1376558215218191,0,7
7088,258,20.31319589266443,POS,Electronics,UK,13.0,0.20583413194511613,0.256003141003475,0,7
2504,436,23.817198526859794,POS,Electronics,UK,9.0,0.45877598240986606,0.4224672022575537,1,7
3107,747,30.756571585178225,POS,Grocery,DE,19.0,0.2407720376975734,0.411305739646331,0,7
2170,566,373.79507656915973,POS,Food,FR,19.0,0.23315517373218372,0.0822728627463857,0,7
1740,451,539.3429516151683,Online,Grocery,TR,21.0,0.47591223243591135,0.5329593148015543,0,7
4658,913,1.4339841925727015,Online,Travel,FR,18.0,0.3022638966919706,0.09574022944114884,0,7
2765,71,55.49779272149645,POS,Food,US,14.0,0.05809323748839115,0.22014738888559854,0,7
9128,552,151.62228131245382,POS,Electronics,UK,17.0,0.1953426296696057,0.14452909363470884,0,7
5888,58,23.915301824015483,QR,Electronics,TR,22.0,0.30755835175238716,0.15980897831256358,0,7
8106,267,85.68361555498987,QR,Clothing,US,8.0,0.10149825255287212,0.07244804798647579,0,7
861,269,25.145084673447137,ATM,Grocery,TR,21.0,0.1462019223947837,0.11804386181095977,0,7
8123,962,176.98969166843023,ATM,Electronics,DE,19.0,0.15086085668563382,0.3588571425067066,0,7
1378,612,88.78585691452903,ATM,Clothing,UK,20.0,0.2719481095692478,0.16181106091569394,0,7
6525,827,40.42782834668322,POS,Grocery,DE,22.0,0.10812528931397718,0.1533679942076449,0,7
6655,380,275.5958272792214,POS,Food,FR,16.0,0.08315464510322577,0.07272527630884786,0,7
2698,553,252.47660841579847,ATM,Travel,US,21.0,0.16917050122787564,0.21041523418493654,0,7
2039,170,387.6967494942765,Online,Electronics,UK,16.0,0.06173022360815425,0.05656762425774939,0,7
5184,612,1.452807937419784,POS,Travel,FR,23.0,0.5244818604580841,0.16551307882512034,0,7
5745,608,294.0555665222944,Online,Food,DE,20.0,0.11228548957945245,0.14448542389026192,0,7
7602,200,103.40346895579472,ATM,Electronics,FR,16.0,0.094133327480047,0.05820601877863136,0,7
9110,659,133.56844832662696,Online,Food,TR,20.0,0.06884948956102817,0.09958707950249146,0,7
4996,753,495.8554176174794,POS,Travel,TR,18.0,0.5424333556703301,0.1951355722463467,0,7
3712,561,2.8151617025842626,QR,Travel,US,22.0,0.09990752523947594,0.10153416885715798,0,7
9651,53,33.070471373876956,ATM,Food,FR,20.0,0.08746472636233019,0.26686379868890986,0,7
7159,553,117.36926320172557,ATM,Travel,US,13.0,0.1610926401300013,0.17803322212672346,0,7
7422,334,133.25267371238166,POS,Clothing,TR,21.0,0.10517480261935316,0.1914260261120514,0,7
1496,363,55.55100585108163,Online,Electronics,UK,15.0,0.07294222009219999,0.06107161259567948,0,7
2833,816,24.368222245213204,ATM,Clothing,DE,22.0,0.06515423100639972,0.0757259290278465,0,7
7248,882,4.7564271878895035,ATM,Electronics,US,21.0,0.12602577049964472,0.15772948039088863,0,7
3453,59,434.2123200104901,ATM,Clothing,TR,4.0,0.13535836252762795,0.37144719928121467,0,7
2972,522,66.5977728939697,Online,Grocery,TR,14.0,0.11840565586008042,0.1737433776137322,0,7
6103,757,9.155925517330996,Online,Food,US,21.0,0.24061845285369293,0.2286636627617218,0,7
5355,232,181.06615497091286,ATM,Electronics,UK,22.0,0.16548648462290977,0.13126400472978114,0,7
9645,917,44.03070827663705,ATM,Food,DE,16.0,0.2472277773546401,0.1708182568913615,0,7
769,786,50.54575838820693,ATM,Electronics,UK,20.0,0.4437331164500025,0.45368616882869456,0,7
7939,573,749.1600481833084,ATM,Grocery,UK,17.0,0.43333668537104825,0.2378818763796316,0,7
5369,133,349.03854382329035,ATM,Grocery,TR,4.0,0.4740338075892378,0.24654247948193536,0,7
2425,147,26.96128898981908,Online,Food,FR,17.0,0.5371287741349748,0.3371142627245951,1,7
7370,865,80.73927203686996,QR,Travel,US,3.0,0.2390389029231829,0.10687249699944262,0,7
680,912,72.93625457378394,Online,Food,DE,10.0,0.09927744057992613,0.09224700551064546,0,7
7172,438,75.76638900085071,ATM,Grocery,US,13.0,0.15611879126925512,0.19608355731872165,0,7
3083,769,100.26931741289073,POS,Grocery,TR,20.0,0.07534782411303742,0.11833568955463722,0,7
585,663,195.77443046343947,QR,Travel,TR,22.0,0.12766057416431126,0.25787786734838297,0,7
5125,270,48.85801987575407,POS,Electronics,TR,5.0,0.23158705018133582,0.40481549341707745,0,7
1249,719,14.022312045118706,POS,Travel,FR,13.0,0.09281803745591316,0.12287668549236425,0,7
8299,843,360.9044434992984,Online,Food,UK,21.0,0.12161091690954016,0.3470004344774976,0,7
3215,81,35.591824823897745,ATM,Food,FR,15.0,0.06622456533866694,0.17336031097539725,0,7
9814,596,112.25734738855142,POS,Food,US,13.0,0.1688309266938378,0.10138222253994691,0,7
3842,642,2.9127448044435917,QR,Food,DE,16.0,0.12436175964141274,0.324893022221574,0,7
7678,899,175.50560917364936,QR,Travel,UK,22.0,0.33648403387549897,0.4059674750430568,1,7
4123,550,75.46580560334736,QR,Electronics,DE,22.0,0.240717817475441,0.10138898182169946,0,7
5337,52,74.45271302859686,ATM,Clothing,US,8.0,0.12159803331916477,0.31391579175093853,0,7
9439,11,139.80084794827096,QR,Grocery,FR,21.0,0.09874737816463042,0.33576258589202784,0,7
667,669,77.23056906521263,Online,Clothing,US,4.0,0.44369505961110406,0.245894095673038,0,7
8420,246,180.35213259045946,POS,Food,FR,15.0,0.21640284609124022,0.3778752676074326,0,7
1839,903,227.1187975683833,ATM,Grocery,DE,13.0,0.38150692083325777,0.6908977375357779,0,7
6605,206,74.5690954596971,ATM,Clothing,TR,22.0,0.21894887291211634,0.36514687169700866,0,7
663,939,504.89301565934585,POS,Clothing,DE,23.0,0.1710108763032023,0.07330824347817766,0,7
6651,715,99.97560308496588,POS,Grocery,US,21.0,0.09669609590626875,0.12001733778580437,0,7
1958,135,43.934546382252876,Online,Travel,DE,4.0,0.12481039433424489,0.0947625032186771,0,7
6183,87,747.6959042990555,POS,Clothing,US,15.0,0.1799482076633655,0.25349445095030765,0,7
3685,421,0.0,Online,Clothing,UK,20.0,0.07933253757893477,0.1051325251685978,0,7
1131,97,630.1244084258277,ATM,Electronics,FR,23.0,0.17500905837338165,0.20551731565769502,0,7
2930,808,58.56932442927526,ATM,Grocery,FR,4.0,0.36178466359209077,0.5644351267810448,0,7
5145,498,172.55932126645246,QR,Electronics,US,22.0,0.2953354122963847,0.09169662871844649,0,7
8824,5,14.278351603059185,ATM,Clothing,UK,14.0,0.15461095296898197,0.38438309804689375,0,7
7530,661,106.90788545195403,Online,Travel,FR,4.0,0.4192431155818934,0.3434976285973208,1,7
9861,913,164.3299076892371,POS,Grocery,UK,13.0,0.6673185798997003,0.8837903160166879,0,7
4738,507,144.70843793114744,ATM,Clothing,FR,7.0,0.3713412801862598,0.541992002975235,0,7
8782,440,90.0712533569019,QR,Grocery,UK,15.0,0.147650272176738,0.11454953800650788,0,7
4309,915,56.11235723560672,ATM,Food,TR,11.0,0.22198945106401788,0.07288139088397229,0,7
5780,272,3.0507748113130964,QR,Grocery,TR,19.0,0.1898219219812919,0.3245582320820527,0,7
4617,395,200.95383521184525,ATM,Travel,US,22.0,0.22563413136681887,0.16938358938113807,0,7
9813,861,182.9684980653579,ATM,Grocery,US,12.0,0.08216044205794752,0.19328765009094084,0,7
4759,247,125.15552367684018,ATM,Travel,DE,13.0,0.35324095220027296,0.6165966846629765,0,7
403,141,37.76951992268491,ATM,Clothing,UK,22.0,0.38745449103859325,0.44245604411276623,0,7
1986,335,49.3641160170442,QR,Travel,DE,2.0,0.14870900517451885,0.06636253658128963,0,7
448,558,104.62491146082094,ATM,Clothing,US,23.0,0.0762084531085106,0.08682486813828579,0,7
3408,946,400.1187984125447,Online,Electronics,DE,12.0,0.2441341450745529,0.35006423922649005,0,7
4150,24,107.74642848177957,QR,Travel,FR,10.0,0.1542405132340713,0.31209664667169745,0,7
8888,35,445.0463604872985,ATM,Grocery,DE,14.0,0.08629922370018311,0.09844449176088835,0,7
7843,279,9.647747042446053,QR,Clothing,FR,7.0,0.06372964163468334,0.07084555269865576,0,7
9570,29,139.89560698575997,ATM,Grocery,US,17.0,0.07150272190520891,0.10142096908953177,0,7
9087,239,0.0,POS,Travel,FR,19.0,0.0897812657164336,0.07098513594703637,0,7
2050,790,166.91450711278299,POS,Travel,US,22.0,0.1741916294319739,0.19751740810231058,0,7
6863,75,72.6915566408371,ATM,Grocery,FR,14.0,0.12904980611698294,0.08319013263468421,0,7
2525,365,411.223878261516,POS,Food,DE,19.0,0.1177756019279663,0.2454127519623959,0,7
9981,807,108.67320229915268,QR,Travel,TR,6.0,0.0745361557206049,0.33699990300564153,0,7
204,412,382.0321830413119,QR,Grocery,UK,20.0,0.2767603807388301,0.33841766285009645,0,7
9162,34,100.6276625230855,POS,Clothing,FR,23.0,0.14171616337097118,0.1161877580970064,0,7
6712,262,18.888978589918743,POS,Clothing,DE,16.0,0.3821198115229024,0.3883218702075708,0,7
3967,836,56.551630159850944,POS,Grocery,FR,21.0,0.21388571351126429,0.41710227118286985,0,7
1331,124,243.46462286770526,QR,Electronics,TR,11.0,0.446492597101723,0.3244336790794999,0,7
8835,101,630.5819315131046,ATM,Food,FR,21.0,0.10113670637535802,0.29376860614366385,0,7
4368,44,0.0,ATM,Grocery,US,5.0,0.2242768539725144,0.18762916543370423,0,7
6628,72,65.73646614674617,ATM,Food,TR,20.0,0.4910777340726401,0.47576056407634715,1,7
261,780,55.938132565193364,Online,Clothing,DE,23.0,0.14032958003349152,0.0618607801573519,0,7
7501,385,25.911345927210416,ATM,Travel,DE,17.0,0.10842478056032395,0.099660408800917,0,7
5508,345,33.68912768556437,ATM,Electronics,TR,5.0,0.18600099506145323,0.2488952270558695,0,7
3814,297,14.54071860863575,Online,Clothing,TR,21.0,0.1464189298616191,0.2010820456604476,0,7
8963,429,570.9985201752063,Online,Food,DE,23.0,0.31283995410717214,0.41640218048420286,1,7
6656,663,271.7647631426149,QR,Clothing,UK,16.0,0.12247912189010657,0.17903591971140065,0,7
8298,855,437.9636694408282,POS,Electronics,US,23.0,0.2677104757273964,0.05973610443892283,0,7
212,70,602.9815110241326,POS,Electronics,FR,13.0,0.11987340870928602,0.10188688576035507,0,7
2900,53,68.97466622401102,Online,Food,DE,21.0,0.8321830198413647,0.4376302356936508,0,7
290,467,558.4545591352561,POS,Food,US,9.0,0.23574857718732023,0.47644453978848933,0,7
5135,725,297.9550357691227,ATM,Clothing,US,19.0,0.41331671300120076,0.2208847816094336,0,7
7084,457,565.9742553868055,ATM,Electronics,TR,22.0,0.25190557496469357,0.2352282609278479,0,7
3039,686,47.63977539360742,POS,Clothing,FR,14.0,0.10791540472615116,0.1794440941910484,0,7
6469,547,342.0806832951275,QR,Clothing,FR,18.0,0.16714968787022166,0.06964029497492087,0,7
4104,264,0.0,ATM,Food,UK,18.0,0.1380502435547214,0.0583935270522813,0,7
327,70,179.89587022631068,ATM,Travel,FR,8.0,0.34428224809385477,0.1050828477842361,1,7
5919,641,213.5317643842529,Online,Grocery,FR,7.0,0.24650999530190157,0.13392011312980018,0,7
9241,813,111.50068935221721,POS,Travel,FR,13.0,0.19583475195407984,0.29671005320245253,0,7
6518,375,988.4348688255672,ATM,Travel,FR,15.0,0.3791517218225356,0.46128143330245963,0,7
6905,168,1048.9352286455578,Online,Food,US,3.0,0.3235090626600391,0.4833695431235103,0,7
1454,515,33.868773830305734,ATM,Food,TR,14.0,0.10623663117154583,0.08354033772306807,0,7
3004,854,161.4686242566256,Online,Food,TR,15.0,0.17517012455126554,0.38164349336366676,0,7
5282,686,12.411891864228325,Online,Grocery,US,16.0,0.0639015391751726,0.10973961244870323,0,7
5960,280,30.62954436182563,ATM,Clothing,TR,22.0,0.13567798253078636,0.7284171487419835,0,7
6936,266,283.07558164527177,Online,Food,UK,11.0,0.14294907691512648,0.10461778604603725,0,7
2361,795,67.93363541598352,POS,Food,TR,14.0,0.06116100079322403,0.15706543085731814,0,7
1211,281,76.97917446210168,Online,Grocery,TR,22.0,0.29297784931732124,0.08903581223690904,0,7
1316,370,377.75458059729635,ATM,Clothing,DE,17.0,0.15143431240100225,0.09496711028592178,0,7
8093,773,49.00490970473191,POS,Grocery,US,22.0,0.101292078331092,0.11555382114233956,0,7
8246,707,227.1893109018765,ATM,Clothing,UK,15.0,0.156053816145618,0.5716613540822769,0,7
4047,742,627.0085526178675,ATM,Travel,DE,2.0,0.3066113454184373,0.36658664627211407,0,7
54,82,224.1536151521748,ATM,Travel,TR,19.0,0.1713563046516275,0.13980301020410235,0,7
2884,125,97.86741023686419,ATM,Food,TR,18.0,0.2643348302867437,0.233859314845287,1,7
4199,577,43.56510525097557,QR,Grocery,FR,22.0,0.10267600085557488,0.13532607171391164,0,7
2135,81,12.854051004609405,QR,Travel,DE,13.0,0.10114121680027162,0.13123731991718984,0,7
7620,702,0.9847464925143434,QR,Food,UK,22.0,0.21384336410485913,0.1200394512657349,0,7
789,2,222.7948866902653,POS,Grocery,US,11.0,0.5933073022604779,0.42072484182621933,0,7
4833,187,2.296766872646633,Online,Grocery,UK,17.0,0.11647330792195015,0.1474033305547615,0,7
635,167,239.69619821157477,POS,Clothing,US,16.0,0.1673857773729199,0.2190539777806313,1,7
4447,196,12.096389641713603,Online,Travel,UK,22.0,0.09918517156662723,0.5626506562032079,0,7
7049,678,262.5856780765131,QR,Electronics,FR,3.0,0.3213725721031087,0.2846762078116276,0,7
7894,877,7.225359627602309,ATM,Travel,TR,16.0,0.08600747851953351,0.11997008104455562,0,7
6871,281,63.752599485842296,Online,Electronics,FR,9.0,0.14061329606544254,0.20214160881537213,1,7
9946,991,17.352477542922458,POS,Electronics,TR,13.0,0.1611308450611166,0.13153145685110804,0,7
8883,810,101.17448183802816,Online,Food,US,8.0,0.0993541041190139,0.24823667409809924,0,7
7121,752,504.1362374561833,POS,Travel,US,18.0,0.15488412959346448,0.4350983726803153,0,7
612,818,203.78024346699058,Online,Food,TR,11.0,0.09773407318979446,0.4846316397295474,0,7
4960,557,120.40283736287991,ATM,Electronics,FR,21.0,0.5366957029421189,0.5190845525919836,0,7
1586,826,147.00032522233863,Online,Electronics,DE,16.0,0.3747764711333318,0.4954167510443385,0,7
7408,552,208.84671823712864,Online,Clothing,TR,9.0,0.16830797014528626,0.18158165356303033,0,7
8810,980,143.01423887217817,Online,Travel,US,17.0,0.08527070950681745,0.1698833823228529,0,7
5527,204,8.285118530926507,POS,Travel,TR,2.0,0.15991585352980647,0.09943715277954013,0,7
8494,860,9.99544714100151,POS,Food,TR,18.0,0.27222939555700737,0.27746762506883965,0,7
4951,83,24.163191011558233,ATM,Clothing,FR,21.0,0.1536100467366246,0.28482610064135705,0,7
5506,257,26.727392191270003,Online,Clothing,US,13.0,0.13106063270005075,0.36744261556043545,0,7
5575,526,200.1778885471386,QR,Travel,FR,15.0,0.22707913373250974,0.14288666575301037,0,7
1278,336,14.444238569111294,POS,Food,US,7.0,0.11966176247982019,0.10230506915544127,0,7
7062,247,30.021595259184252,QR,Clothing,TR,3.0,0.23607253393197308,0.2631554614109538,0,7
5933,915,8.378327957661877,POS,Grocery,US,14.0,0.10574459363905463,0.0978195812409679,0,7
3719,673,0.14863521315012562,Online,Grocery,DE,10.0,0.11098872350181252,0.09026517793236576,0,7
2307,371,331.57434550900905,Online,Travel,DE,21.0,0.25898668785849466,0.5386062681781146,0,7
6966,680,53.850940362994194,Online,Grocery,US,16.0,0.25786809507045244,0.1521218009959101,0,7
631,963,62.0689497286427,ATM,Food,UK,18.0,0.5099118588261754,0.25417419001240193,0,7
3705,395,357.45864730816487,ATM,Grocery,FR,17.0,0.13554136883306533,0.11051411713384615,0,7
3984,288,223.7047098315846,ATM,Travel,US,6.0,0.16802356994651624,0.31380893340513494,0,7
4769,65,18.716254040007925,POS,Electronics,UK,21.0,0.21118054286528562,0.1388828693972995,0,7
1591,991,90.83097555966441,ATM,Travel,TR,12.0,0.2008157233960526,0.32435966195193583,0,7
9476,893,10.663771989339104,ATM,Electronics,US,22.0,0.33983359887762693,0.13861652668467955,0,7
9267,734,26.23424836278929,POS,Travel,DE,17.0,0.2504652275404972,0.1255510686008222,0,7
6804,37,145.77253583336085,POS,Clothing,US,23.0,0.09770825471120057,0.3055598658612375,0,7
4697,17,79.22168652716923,Online,Travel,TR,21.0,0.34462189649896613,0.267746952429631,0,7
7278,616,308.71680996276876,ATM,Grocery,FR,11.0,0.14727483763024013,0.9207907004093504,0,7
844,529,12.311271889335291,POS,Electronics,US,18.0,0.05871700507268455,0.05489783768612042,0,7
9288,514,332.23133614001654,POS,Clothing,FR,23.0,0.3752055808348326,0.10581954283185367,0,7
3923,651,121.90273662173827,POS,Food,US,16.0,0.17093860040404293,0.16655811399474058,0,7
283,822,49.132137670449445,POS,Travel,UK,14.0,0.08350717628280523,0.09224050011765633,0,7
2529,916,94.60615062332221,QR,Grocery,US,22.0,0.06309704111588317,0.11988881543983733,0,7
5446,415,290.16586462521906,Online,Grocery,UK,22.0,0.16233272413131222,0.2629018207132243,0,7
1814,576,242.6659522686907,QR,Food,DE,12.0,0.22176063644522498,0.2798142019341612,0,7
7453,100,61.21513730154209,Online,Electronics,NG,14.0,0.30731248131761846,0.5143329846713375,0,7
7402,537,12.247233995301382,POS,Electronics,UK,16.0,0.1481213347418986,0.26908269894664993,0,7
2608,558,101.08496512219158,QR,Travel,UK,8.0,0.1274957030223156,0.20574077873365856,0,7
7185,760,38.37314334188078,Online,Food,US,10.0,0.07114570844834303,0.10799585482220246,0,7
757,719,253.29630944163657,ATM,Food,UK,16.0,0.19492075266943676,0.13938185901151132,0,7
1908,418,1.0438974280724047,POS,Grocery,UK,5.0,0.05876237296306104,0.06608798202304665,0,7
4471,91,13.752909951827991,ATM,Electronics,TR,3.0,0.056969602457438186,0.4031307518031133,1,7
4126,414,1011.0546637281495,Online,Electronics,DE,18.0,0.25033799304495014,0.25655025513207014,0,7
7449,323,46.06031470990244,QR,Travel,TR,16.0,0.07004382321314699,0.07522245808218388,0,7
9099,797,411.96160578871314,ATM,Clothing,US,22.0,0.18729505327838336,0.12618643730900284,0,7
6152,180,7.399940937250445,POS,Food,FR,22.0,0.3227560247269903,0.08469356940257641,0,7
9274,910,15.962112303546178,ATM,Grocery,DE,20.0,0.11894227766498247,0.14696047620163166,0,7
554,924,58.851998782907394,QR,Travel,DE,15.0,0.22488333021048001,0.29364658229899376,0,7
4073,30,15.131952164475596,ATM,Clothing,DE,19.0,0.13241559730789837,0.1884630394505427,0,7
7772,129,14.778713610743473,ATM,Food,US,21.0,0.18455495502457595,0.08982416848437923,0,7
2970,421,44.945888934716535,ATM,Travel,TR,6.0,0.10241490295567593,0.14967799077462735,0,7
5965,50,159.65138201480374,ATM,Food,US,1.0,0.3144747415415299,0.24328689527502856,0,7
239,116,2.8909913860527414,ATM,Grocery,US,11.0,0.2702686135918688,0.14289338093548987,0,7
8989,537,38.220922762032394,Online,Grocery,US,7.0,0.3583395649867127,0.14000770127293183,0,7
7404,979,20.220608903390772,POS,Clothing,FR,8.0,0.4436739237784676,0.25378640148804754,0,7
3258,11,32.7081299857735,ATM,Travel,US,14.0,0.18845184419645628,0.3182582484176137,0,7
5625,535,69.06679414670582,Online,Grocery,US,7.0,0.18525322023117397,0.22088080716364447,0,7
1962,38,317.57780548387746,POS,Travel,FR,20.0,0.12144016318344855,0.365744269117076,0,7
7860,236,183.2138039885198,POS,Travel,TR,15.0,0.2018353615733165,0.33612599474691257,0,7
1443,403,116.4481606948752,POS,Clothing,FR,12.0,0.6953777003085266,0.6326050782046307,0,7
5037,660,136.94253347054445,POS,Food,FR,22.0,0.1373120896009483,0.3441393899035245,0,7
7808,588,94.54293200691714,Online,Electronics,TR,16.0,0.09994998736785168,0.06748492673565715,0,7
2828,837,21.731565494480662,QR,Travel,UK,19.0,0.08691955625813874,0.16749053398030522,0,7
5050,892,13.83821757403171,POS,Travel,US,17.0,0.183113829007772,0.1484136087229893,0,7
9299,203,62.717376950923835,Online,Electronics,FR,9.0,0.2660691223606497,0.5289937222241877,0,7
7891,162,15.383949785069628,ATM,Grocery,US,19.0,0.17970531935655995,0.1984338454556549,0,7
6085,313,3.472553391118253,Online,Grocery,DE,18.0,0.08659271055752082,0.1425125839755703,0,7
8975,276,7.8060979446332315,Online,Electronics,DE,18.0,0.13050089946518442,0.3182286630775743,0,7
8884,554,10.259217886212717,QR,Electronics,US,19.0,0.13321173018422394,0.07551070971719342,0,7
8084,532,452.0412972824909,POS,Grocery,DE,20.0,0.07054538586185366,0.3878357870543643,0,7
71,465,21.963520048154358,Online,Travel,US,9.0,0.19554963845442255,0.06897289412122172,0,7
9203,559,7.467907477659434,Online,Food,UK,15.0,0.24461696906636748,0.24718266888616658,0,7
7450,898,203.3452655619276,Online,Grocery,TR,17.0,0.20487495990268131,0.16755365069382533,0,7
7218,441,92.39230008017638,POS,Electronics,FR,17.0,0.13253538205533372,0.2098886683083907,0,7
6479,987,203.88372566915865,QR,Grocery,US,9.0,0.08815066741891356,0.10800919801326087,0,7
7074,117,29.61903607343607,Online,Clothing,US,18.0,0.09994116119984314,0.2262082886676218,0,7
5248,95,97.41808518224504,QR,Travel,TR,16.0,0.4284130884681139,0.3333125021319022,0,7
8298,986,183.4961511158801,QR,Clothing,US,11.0,0.49202958292686955,0.395660928155216,0,7
6762,226,91.59823542038303,Online,Travel,TR,9.0,0.3649196689718319,0.41271217369955276,0,7
972,574,36.105855945600865,POS,Food,TR,6.0,0.3247447382678644,0.9272876463093612,1,7
829,400,394.27448789980974,ATM,Grocery,DE,12.0,0.09676872136242214,0.3199900606571009,0,7
2733,874,3.474039202713516,QR,Grocery,US,18.0,0.13941628388663171,0.21301240454056314,0,7
7254,690,26.98142131149725,Online,Electronics,FR,21.0,0.15772409730834877,0.1343010830252512,0,7
4361,367,11.62710250385602,ATM,Food,TR,20.0,0.07315988496895395,0.08836248080168525,0,7
3749,766,87.3777972484551,Online,Clothing,UK,20.0,0.6238996979356605,0.3115343321972847,1,7
1439,856,139.8027019961598,QR,Travel,DE,11.0,0.5368802687765876,0.535529499243329,0,7
8096,149,8.946268947422743,QR,Electronics,US,16.0,0.0866223980866446,0.1252237790980141,0,7
8710,589,3.1113385012060846,QR,Electronics,UK,14.0,0.10560344620526474,0.07024075164193355,0,7
536,665,78.99569595380518,QR,Food,US,17.0,0.06906703265556552,0.2955217718829171,0,7
3992,835,59.309601410678354,Online,Clothing,US,21.0,0.09213294184816484,0.31540886236096866,0,7
2594,782,0.0,ATM,Grocery,FR,12.0,0.09666273814222318,0.1273668561434087,0,7
1718,498,127.60993883710222,ATM,Travel,DE,11.0,0.12990756072590207,0.13565361918842533,0,7
637,111,135.2127724225562,ATM,Food,DE,5.0,0.30969735502428053,0.36507372361925855,0,7
8224,474,336.42840759545356,POS,Electronics,DE,23.0,0.41069151472329735,0.1353795118184208,0,7
6921,880,467.36669770128987,ATM,Clothing,US,13.0,0.18666147715316617,0.2424441803378407,0,7
6805,172,40.86784591801762,ATM,Food,TR,21.0,0.1827670492073434,0.10114330716953071,0,7
9850,305,79.49606154891102,QR,Clothing,US,21.0,0.35344668374480637,0.2237798883585294,0,7
3940,687,287.28893090308236,POS,Travel,US,20.0,0.3163409990652547,0.2702759874898382,0,7
7533,530,63.573941816663165,POS,Grocery,TR,13.0,0.3277984505463336,0.16243958492259092,0,7
6811,977,0.0,ATM,Electronics,UK,23.0,0.14155242006962485,0.36894461746324503,0,7
3309,37,313.488215671317,POS,Travel,FR,19.0,0.25270756882428375,0.3711114089974406,1,7
233,588,18.267096328422216,POS,Electronics,US,15.0,0.6139109785134329,0.1520243679717571,0,7
6474,111,188.26078740205958,Online,Grocery,FR,6.0,0.1261963683269835,0.2342863517298165,0,7
1059,752,423.4354736520568,Online,Travel,UK,12.0,0.7331678711662634,0.4785385069451177,1,7
1555,135,344.96502295066017,Online,Grocery,US,16.0,0.23601069499879931,0.06022648577369763,0,7
4045,230,61.70345982741614,Online,Food,DE,13.0,0.10873994730595889,0.2660502489978931,0,7
8907,951,13.340326346334264,POS,Travel,DE,8.0,0.08740680530133005,0.06414844591108843,0,7
3742,568,101.94124682937424,QR,Clothing,UK,15.0,0.155325259435883,0.15932307111404656,0,7
2746,877,56.49935608569842,QR,Clothing,US,23.0,0.09705554145210332,0.15245882370200695,0,7
7558,865,27.69147610767115,QR,Grocery,UK,18.0,0.33737808644746115,0.13703104979264996,0,7
8078,823,1.9379330923743312,Online,Travel,UK,18.0,0.17892063366703406,0.060027565121310265,0,7
3616,12,36.51362376273598,Online,Food,US,17.0,0.13909093580261497,0.4874383522506434,0,7
8157,955,25.4078068920554,POS,Electronics,FR,20.0,0.13862901107816944,0.1443839203242606,0,7
3341,282,276.99666562541296,POS,Grocery,FR,17.0,0.1784407124499679,0.18297495687508522,0,7
1217,120,49.76298925197901,POS,Electronics,DE,10.0,0.08428967901337302,0.07213102732945997,0,7
4496,971,0.0,QR,Electronics,TR,13.0,0.06326415690078155,0.1222153996499683,0,7
1827,7,74.57363540827042,ATM,Electronics,US,17.0,0.4120906986084519,0.2118347797010781,0,7
9995,59,52.64405315684433,ATM,Travel,US,3.0,0.16929366418520075,0.3426352031746424,0,7
5796,954,200.64371228123915,POS,Clothing,UK,10.0,0.15420464593929345,0.20015297887146996,0,7
4117,247,11.11012599983604,QR,Electronics,FR,13.0,0.14072271034210537,0.09929077805948647,0,7
9860,351,338.62081245139996,ATM,Travel,TR,19.0,0.23277073100205103,0.35646048860576496,0,7
8118,578,27.400536473839857,QR,Travel,US,17.0,0.189591601219479,0.4001398212767813,0,7
2495,451,38.46111447997713,ATM,Clothing,UK,17.0,0.08854802816585622,0.06414949661056152,0,7
9888,950,721.1285277816793,QR,Travel,DE,19.0,0.2470658941388221,0.27705627720601633,0,7
3678,206,0.0,QR,Food,US,19.0,0.09200471169592903,0.18721134963735955,0,7
7033,300,463.0248390991903,POS,Clothing,DE,8.0,0.08570150893257508,0.3305928277597556,0,7
5672,149,15.341644956296767,Online,Clothing,US,14.0,0.28103640382828743,0.23964936333475712,0,7
8916,157,5.392510950464821,POS,Food,DE,21.0,0.07575856942996642,0.10086035014614728,0,7
3782,74,225.0483834077084,ATM,Food,US,17.0,0.2907016878377144,0.11576432723157742,0,7
1584,101,92.52924646257897,Online,Travel,DE,14.0,0.13252671154467274,0.10191896820200849,0,7
6763,529,61.228186795803246,Online,Grocery,FR,10.0,0.2768455806744911,0.5018833085021109,0,7
7090,320,84.59693409475285,QR,Food,FR,11.0,0.06358655285651722,0.08351624324023123,0,7
3936,102,550.8547787401741,Online,Electronics,TR,8.0,0.06605114375951385,0.113120310203291,0,7
9299,30,444.1901291737214,Online,Grocery,FR,13.0,0.2625632184648031,0.3627672865940295,0,7
9770,268,8.644191432555667,Online,Electronics,US,11.0,0.05986373534160165,0.08870978538552723,0,7
7794,925,330.84991327244927,QR,Clothing,DE,22.0,0.3392574705717218,0.5701973321089364,0,7
4379,485,158.8233833693325,POS,Electronics,NG,20.0,0.21032699363083066,0.2974190137829496,0,7
7120,180,21.293164211437567,ATM,Clothing,UK,23.0,0.0654608169365372,0.058661557239211744,0,7
7892,588,97.46185568689603,QR,Food,DE,8.0,0.15647313006547905,0.1486777126931244,0,7
7776,909,2.5815485876933995,Online,Travel,DE,9.0,0.19063744826467705,0.13201087139147674,0,7
2968,587,83.68839361058302,QR,Grocery,DE,23.0,0.16726261410410387,0.10154988476206737,0,7
5471,809,195.8196610256695,ATM,Clothing,UK,14.0,0.17277373499784776,0.07671867894703384,0,7
9033,623,76.5867294725552,Online,Electronics,US,10.0,0.29350974909038025,0.38491197950006784,0,7
9219,848,273.0612194765829,ATM,Clothing,FR,21.0,0.09443548193156825,0.06603346754524385,0,7
769,753,0.0,Online,Travel,FR,21.0,0.20865813740016542,0.47387753400473803,0,7
4528,48,81.8887291194782,POS,Clothing,DE,16.0,0.6889815029501734,0.27485210020196743,0,7
5711,396,134.1969747335012,QR,Grocery,US,21.0,0.46350120570329056,0.2807565394579226,0,7
2144,694,485.58423121271187,ATM,Travel,DE,23.0,0.2535245959804133,0.2201418409882192,0,7
5082,501,191.77642142769525,Online,Food,TR,10.0,0.8284763513655763,0.10076576712589777,0,7
85,440,722.421279879373,QR,Grocery,TR,20.0,0.43621992284349076,0.30081937457740815,0,7
758,834,0.2736682214596957,ATM,Grocery,UK,11.0,0.09262191011120785,0.49242254716195916,0,7
4012,587,35.88580718811348,Online,Food,DE,17.0,0.23237174218474796,0.2549674550648691,0,7
4636,652,74.65969320083633,ATM,Grocery,US,22.0,0.1197343751944153,0.23626650764388038,0,7
9241,111,128.79450513502866,POS,Electronics,US,6.0,0.15416705658851756,0.21585445790423724,0,7
3995,74,96.73627975074383,POS,Grocery,NG,13.0,0.43229394936640003,0.3201167016817819,0,7
1919,710,204.2341908525561,POS,Travel,UK,14.0,0.08108992419685473,0.11676917594081432,0,7
7956,143,119.49782193999792,Online,Electronics,TR,19.0,0.28793507316654987,0.396606340374282,0,7
2559,418,277.55195909497945,QR,Grocery,DE,21.0,0.2571804559572792,0.5349043157314123,0,7
5823,968,215.4726133240547,ATM,Electronics,US,21.0,0.2624963767650259,0.09350767700283377,0,7
8938,864,458.7490047069779,QR,Electronics,TR,19.0,0.32651341629603675,0.14042528484864936,0,7
4332,236,131.0285929535299,QR,Electronics,UK,18.0,0.3725289364577177,0.33670500256062813,0,7
956,179,240.96348476969905,POS,Food,US,21.0,0.20151777453328557,0.11115503480708178,0,7
571,780,86.14643038940606,Online,Travel,UK,7.0,0.33796482068859734,0.192745146123444,0,7
9145,752,17.93790502240869,POS,Travel,DE,16.0,0.13525153056753353,0.14109402472286342,0,7
9844,103,123.2320022940129,ATM,Electronics,FR,21.0,0.3651176804032503,0.3350472188546784,0,7
3998,558,51.52375812342643,QR,Travel,US,16.0,0.17966290839915505,0.10371796094736277,0,7
9310,361,19.719714705301133,POS,Food,DE,13.0,0.23021743001168463,0.34973473703116353,1,7
708,102,14.050609390381478,Online,Food,FR,5.0,0.15202929702789364,0.2060325629542898,0,7
3578,582,14.762421915392736,POS,Travel,UK,19.0,0.08713805671493696,0.2115288411107594,0,7
7231,4,327.6063062437211,QR,Grocery,US,6.0,0.14474778120237417,0.06813588500376044,0,7
5790,729,4.532884626340085,QR,Food,UK,19.0,0.06353495763377406,0.07286905174938371,0,7
686,779,26.435002871758027,ATM,Grocery,DE,11.0,0.1590021028569048,0.38277813233600866,0,7
9586,743,349.6351125318754,QR,Electronics,UK,17.0,0.14496986607750795,0.4494493979317254,0,7
7777,43,31.990970197574416,QR,Electronics,UK,7.0,0.25985244612250163,0.2215989917145038,0,7
725,99,315.8079507580367,POS,Clothing,UK,8.0,0.2674567823156956,0.5505459170170391,0,7
8632,578,6.223862607619861,Online,Travel,DE,13.0,0.07076934033757687,0.07760537868148468,0,7
3257,511,6.913930706685423,QR,Clothing,UK,14.0,0.1711158657268264,0.10940912565778957,0,7
9097,675,0.0,Online,Food,UK,22.0,0.23430450662583427,0.07619641041622473,0,7
3824,433,729.8674888456986,QR,Food,FR,11.0,0.22151052737423607,0.5466519005960072,0,7
577,988,250.1070775299087,ATM,Electronics,TR,7.0,0.24905184970271674,0.15207963196167285,0,7
6399,433,7.456014149633729,POS,Travel,UK,13.0,0.1159502924114745,0.06564858555004817,0,7
1476,306,2.492838745071234,Online,Grocery,DE,21.0,0.061793055117667924,0.14325557399978386,0,7
247,560,0.0,POS,Travel,DE,10.0,0.12455081138814568,0.1251209063003952,0,7
3037,603,44.52330476399879,Online,Electronics,US,14.0,0.1262551032809866,0.17204674894265065,0,7
5620,565,11.99384714698753,Online,Food,DE,15.0,0.3507708939714702,0.25869317698738115,0,7
976,443,712.9849104843314,POS,Clothing,FR,7.0,0.2517810010305946,0.27944894337699777,0,7
6701,946,135.5653987262069,QR,Clothing,TR,6.0,0.06257236862309025,0.2867321228669668,0,7
7616,618,13.323716031192873,QR,Food,DE,22.0,0.08296500111190754,0.2066685440165639,0,7
3509,234,147.89840551012182,QR,Travel,DE,23.0,0.315217693725106,0.8161315134786011,0,7
2774,575,193.29640013236065,POS,Travel,US,13.0,0.14324293793183296,0.1488453004226189,0,7
34,650,38.34680231489829,Online,Clothing,UK,14.0,0.5690079320341366,0.16522568949677177,0,7
8296,775,38.997862509385214,Online,Clothing,TR,19.0,0.13570900622373805,0.11825813503817442,0,7
9182,319,939.4924947727465,POS,Food,DE,11.0,0.7313198153936719,1.0,0,7
8814,804,11.412739511968175,QR,Food,FR,20.0,0.06909329767621529,0.2971837594926648,0,7
3357,823,98.13163163841983,QR,Clothing,US,19.0,0.32164289073868724,0.10010314750714011,0,7
7752,52,192.18537998748613,Online,Travel,FR,22.0,0.25313956161909645,0.08802078724890877,1,7
240,529,125.45109254631035,POS,Food,TR,16.0,0.4275167276847276,0.16269392473046396,0,7
8104,979,120.1119362298735,POS,Electronics,FR,16.0,0.3980567146823667,0.39613782254491536,0,7
532,508,351.72083548929436,POS,Clothing,TR,11.0,0.1407371085383499,0.14423993160445542,0,7
3415,533,170.66641088165863,ATM,Electronics,DE,15.0,0.26860827435757506,0.30052506247763394,0,7
3943,868,98.15955463305694,ATM,Electronics,DE,17.0,0.12015076530211855,0.08719155589272494,0,7
272,738,117.78440525943297,ATM,Electronics,UK,12.0,0.20432864804642697,0.07987526550703455,0,7
6531,667,91.7017274660338,ATM,Food,DE,20.0,0.3073094202725544,0.19829683271603515,0,7
7155,753,564.7756058945542,Online,Electronics,UK,9.0,0.5190257829002677,0.3107377523856863,0,7
7617,142,0.0,QR,Food,US,9.0,0.11835657605319194,0.1491572907427347,0,7
9787,916,65.75874798100894,ATM,Electronics,TR,15.0,0.1697491629430729,0.1210987234281038,0,7
9986,656,527.053027234979,QR,Clothing,FR,21.0,0.46759829856257246,0.12027060095799155,0,7
3810,12,87.23575918497768,POS,Travel,DE,9.0,0.21702341068481268,0.25558645289901477,0,7
2344,196,320.65916703934687,Online,Electronics,FR,2.0,0.30355106141162846,0.20941603441118467,0,7
2272,826,15.700912112146773,POS,Travel,TR,3.0,0.16082391881077726,0.3137546037198001,0,7
3670,690,132.28727082666325,POS,Grocery,US,21.0,0.23668860236254768,0.09057298242917178,0,7
5016,652,591.4512175177648,POS,Clothing,UK,19.0,0.3101746939985607,0.3533924340721367,0,7
302,418,354.39898362502635,POS,Electronics,DE,12.0,0.2425704590203598,0.5004709922489616,0,7
7994,380,222.47165800813596,POS,Food,FR,10.0,0.10083622818073046,0.06733339067206276,0,7
7972,454,29.658179103091985,Online,Travel,FR,8.0,0.31299535551880286,0.18571177120696708,0,7
9477,786,65.87592330889886,Online,Food,TR,22.0,0.1428144635772467,0.3818878634707526,0,7
9659,89,38.24472330078257,POS,Electronics,TR,16.0,0.08234310185562183,0.2189283357268329,0,7
1582,794,127.22307955752248,POS,Electronics,FR,19.0,0.33234513474026495,0.2475220576641149,1,7
1652,286,0.0,QR,Food,US,11.0,0.09705707871706087,0.12990718725672623,0,7
7617,420,26.935242098349214,Online,Travel,TR,17.0,0.14979428387889065,0.08604966031708189,0,7
4692,698,129.0760680594701,Online,Travel,DE,19.0,0.32383592176175335,0.3856897195167535,0,7
2393,936,51.07798919765585,QR,Clothing,TR,16.0,0.15671659228300272,0.17255873136034278,0,7
2108,297,611.7250889450007,ATM,Travel,FR,6.0,0.22660124039225427,0.1589739469279036,0,7
6200,514,164.01929442069556,POS,Grocery,US,21.0,0.15944344154646256,0.07456037568336953,0,7
2682,375,43.904394938870034,ATM,Food,TR,23.0,0.05914066495895506,0.13404084188440363,0,7
1589,249,128.02016066117443,Online,Electronics,FR,20.0,0.8634066841144125,0.13750234660315008,0,7
7462,146,13.575600094018041,POS,Electronics,UK,3.0,0.178962173521402,0.09454552918437181,0,7
5737,136,256.89244899906936,Online,Grocery,US,10.0,0.17849819960152574,0.5587868955963268,0,7
4321,383,2.8217295447847563,ATM,Electronics,UK,7.0,0.3121943287376163,0.47399014495741343,1,7
5029,136,0.0,ATM,Food,US,8.0,0.2646244797090984,0.08512204232883619,0,7
1414,239,245.89974585218275,QR,Travel,FR,17.0,0.6340241881920821,0.36327637137276325,0,7
664,605,31.27811411969193,ATM,Clothing,UK,8.0,0.3568537794615144,0.3469542996834564,0,7
2948,645,193.87306064566064,POS,Grocery,FR,12.0,0.16175272250922484,0.1862237740161063,0,7
7597,55,77.40661780810042,ATM,Clothing,US,21.0,0.11171675874921719,0.170486751184921,0,7
8095,105,373.46408681687285,Online,Food,FR,17.0,0.23230864459612444,0.3053952760425743,0,7
8387,215,158.39071431410537,QR,Grocery,TR,12.0,0.35083749114644686,0.2577192000960129,0,7
5858,933,47.45337635367855,ATM,Clothing,UK,16.0,0.2630234631860617,0.1885808856299768,0,7
1851,561,13.199660575267007,Online,Food,FR,19.0,0.4363536610478501,0.118445237029771,0,7
8965,119,90.44279513737044,POS,Grocery,UK,19.0,0.28519087521419884,0.16417809122239807,0,7
371,221,81.55796128248446,QR,Clothing,UK,11.0,0.5430965621052474,0.1409024813671566,0,7
1136,663,12.180236019898029,POS,Travel,US,9.0,0.24613094575956146,0.10586778595772606,0,7
8094,424,75.08029684204847,QR,Food,US,3.0,0.34294042036194805,0.389440570603229,0,7
3240,658,107.60733659230034,Online,Food,UK,21.0,0.059188307451547274,0.12680721927411986,0,7
7701,422,310.6045453701952,Online,Clothing,DE,17.0,0.39042002248876134,0.14372894202002012,0,7
3649,907,210.70805377562615,POS,Food,US,6.0,0.33210276279131495,0.772299801585373,0,7
9316,366,169.8781673071454,Online,Electronics,FR,7.0,0.26835386747943607,0.39671415399926746,0,7
9643,577,93.68589946313806,ATM,Food,US,19.0,0.4798175104789582,0.39671823028465486,1,7
3677,358,82.3514740507989,QR,Clothing,UK,21.0,0.10876523984903647,0.15032205945112412,0,7
1037,399,36.87486905449845,POS,Clothing,DE,15.0,0.07717212674817275,0.10531522610970775,0,7
4275,265,171.34378713870635,Online,Travel,DE,11.0,0.25617725228070853,0.3000666434289087,0,7
4479,149,25.795585933891942,QR,Food,US,15.0,0.08750588274884973,0.19025888228153265,0,7
9114,228,184.72542198986488,POS,Electronics,TR,20.0,0.1334240704150135,0.6887210957294237,0,7
4451,293,130.3119124090085,QR,Clothing,UK,10.0,0.5107733530293159,0.20123353264392732,0,7
2146,542,19.17864184809668,POS,Food,US,20.0,0.14198431622099375,0.1453058676617833,0,7
8411,720,18.291491438073738,POS,Food,TR,22.0,0.1673237595846267,0.1857190780364323,0,7
9279,150,381.4549681817583,POS,Electronics,FR,20.0,0.27988147794723445,0.16212351248261214,0,7
7743,620,241.10873423074202,POS,Clothing,TR,17.0,0.5337560785453928,0.4312105496384804,0,7
4578,201,0.0,Online,Travel,UK,22.0,0.1742514909245575,0.08358285861195575,0,7
8241,528,5.07723336255146,POS,Clothing,US,9.0,0.29596343957612625,0.17682675885224355,0,7
5332,88,136.7377669302694,Online,Food,TR,14.0,0.1538595899867859,0.3224535749043515,1,7
9486,903,8.723978440655308,ATM,Travel,US,21.0,0.37413620414865456,0.14381987093896276,0,7
8133,57,6.86103013208328,QR,Clothing,TR,17.0,0.2680417686847586,0.38217063029365084,0,7
2284,293,41.12739506247205,ATM,Grocery,TR,5.0,0.13695768143465004,0.1299094027952931,0,7
822,692,226.58197197806408,Online,Food,FR,9.0,0.31909727496200047,0.22385722729603763,0,7
8881,352,354.7583369497617,Online,Food,DE,23.0,0.2714419822929856,0.27833959585493606,0,7
8436,508,89.48327151114935,POS,Food,DE,16.0,0.0991449577141906,0.22053044748351022,0,7
1358,375,165.20243108652295,Online,Grocery,FR,22.0,0.26937566517408373,0.18664139228897553,0,7
1488,999,18.55308511098042,Online,Electronics,NG,11.0,0.46328441065270676,0.2547035904855918,0,7
1107,819,293.5905034021254,QR,Travel,US,18.0,0.22034268938591475,0.10584209960531166,0,7
1507,93,519.7441666403107,QR,Food,UK,14.0,0.14126566350156294,0.2014470799820029,0,7
2367,748,31.36202050406542,ATM,Clothing,UK,2.0,0.3662733363469311,0.28028320401471,0,7
812,48,116.50793535098691,ATM,Food,US,16.0,0.09948481136984902,0.40108507128679827,0,7
8424,921,12.085515379476476,POS,Travel,UK,11.0,0.09428523559651286,0.08843432856070557,0,7
7194,199,8.26276476070161,ATM,Grocery,UK,20.0,0.14449208736679242,0.09350495796661612,0,7
4040,897,13.027698730801085,ATM,Food,UK,12.0,0.28088410824131405,0.21272322495124565,0,7
6679,687,169.54153546435762,ATM,Food,US,12.0,0.22860260650142353,0.14877179537821775,0,7
3047,411,136.98793294293455,ATM,Electronics,FR,16.0,0.41764492492037597,0.44000124946387636,0,7
1246,450,47.726553007338524,ATM,Travel,FR,14.0,0.9184176072316971,0.0742018580164974,0,7
1413,515,15.42534317802817,ATM,Clothing,US,12.0,0.06056481182060357,0.06585111059544628,0,7
2913,463,205.57439887264877,QR,Clothing,US,18.0,0.25281621433316154,0.24343980488843153,0,7
9234,577,44.89147949973155,QR,Clothing,UK,18.0,0.16224761202679763,0.549938605769807,0,7
7857,490,33.2887993022086,ATM,Clothing,DE,6.0,0.1576284475055452,0.12898806061779303,0,7
3462,238,65.61929329087656,QR,Electronics,US,15.0,0.23294077493101717,0.4026720758996506,0,7
2798,434,68.45145458337367,POS,Electronics,TR,23.0,0.07693092125630072,0.06796240629368933,0,7
8814,90,8.511761570188439,Online,Travel,FR,12.0,0.1917473208869955,0.39726914850324735,0,7
2854,32,25.35701666998904,QR,Food,US,19.0,0.5358745035335518,0.2928023436149935,0,7
972,214,158.95946393554027,POS,Food,UK,20.0,0.24722650814403613,0.5660973750753693,0,7
6591,343,43.50000386552177,Online,Electronics,FR,15.0,0.2327676691648378,0.10708389356397548,0,7
4504,673,123.90157278892379,ATM,Food,TR,10.0,0.47289811993709513,0.2783357567708478,0,7
4265,73,137.16774964929223,ATM,Grocery,DE,18.0,0.44433835759325874,0.39071773961752587,0,7
7974,300,23.936808722616462,POS,Grocery,TR,6.0,0.2606802419344386,0.20779667434637858,0,7
5532,460,111.77298432366942,QR,Electronics,UK,19.0,0.17159609744897608,0.08562941669240456,0,7
7042,257,571.9243720209034,Online,Grocery,TR,22.0,0.17946505875212132,0.18252939324584422,0,7
1483,941,235.97776084126681,QR,Electronics,UK,16.0,0.17270669534709154,0.22812408282798402,0,7
1926,730,336.79305109552286,POS,Food,TR,22.0,0.12233464522449541,0.149161960040799,0,7
435,773,522.8875723689837,Online,Electronics,US,11.0,0.10724292402495028,0.4960614641683773,0,7
7643,822,85.64114769127774,POS,Clothing,TR,4.0,0.10976964782866529,0.08970820042708333,0,7
6703,728,90.3266540123547,QR,Electronics,TR,14.0,0.14588627625894263,0.13667133944003468,0,7
941,466,54.389936275332985,QR,Electronics,UK,10.0,0.0576399862312758,0.2987685013723169,0,7
4979,164,291.1964507694792,QR,Grocery,TR,12.0,0.10511207108170827,0.4193296044358253,0,7
3039,551,214.5291127833968,Online,Electronics,DE,11.0,0.19901789776560025,0.269060343055991,0,7
4222,576,84.40996552331768,QR,Grocery,DE,7.0,0.2422164868192437,0.22534895445181674,0,7
1301,246,0.0,POS,Grocery,US,16.0,0.35124638337555564,0.18285870288375955,0,7
9580,87,52.76325122644311,ATM,Travel,DE,20.0,0.14447880983103736,0.5645752100381934,0,7
3756,819,498.2038995538693,QR,Grocery,UK,10.0,0.4244914028787308,0.1845904213147136,0,7
2796,749,25.061166845731865,ATM,Electronics,TR,22.0,0.15900395414252877,0.2222617950438196,0,7
6803,104,283.47907502753776,POS,Grocery,FR,18.0,0.15390964583654568,0.14941023030825357,0,7
1894,949,1.0499706226834347,Online,Clothing,US,21.0,0.084810389355128,0.0842692728420402,0,7
7126,378,192.97440338927439,QR,Food,FR,7.0,0.24320277431899673,0.28082196854906816,0,7
3068,152,289.4659264438921,ATM,Clothing,FR,11.0,0.13193819315773248,0.238432253722397,0,7
7752,256,78.68137187897501,QR,Electronics,FR,9.0,0.14270356194965528,0.16552626828486083,0,7
8760,925,350.73138045045425,QR,Travel,DE,21.0,0.3287314877826812,0.07590248316545505,0,7
6783,67,69.29414400706892,POS,Travel,TR,22.0,0.06370801387217005,0.21489116782026021,0,7
2593,868,80.33004309077977,ATM,Clothing,NG,9.0,0.35123762303097106,0.14375629052616123,0,7
8456,991,625.7892622235422,ATM,Electronics,FR,22.0,0.1773676659921178,0.07085866952998872,0,7
9399,415,20.359854767989948,ATM,Clothing,DE,16.0,0.4204654857462824,0.3038527725193002,0,7
7023,545,247.65835818558057,QR,Clothing,FR,21.0,0.21317905840493118,1.0,0,7
7068,883,34.14444042787282,Online,Food,DE,22.0,0.09388485927117207,0.08328057180817762,0,7
6278,95,38.73168761916955,ATM,Travel,FR,10.0,0.20162171810933527,0.16189676726400387,0,7
441,831,47.32834865293637,POS,Grocery,FR,20.0,0.3939054398479586,0.2320611896054617,0,7
1188,49,40.161852113558844,POS,Clothing,TR,16.0,0.17399983705793495,0.46112332437748826,0,7
6926,761,94.57274237529433,QR,Electronics,DE,10.0,0.20572767010045875,0.23454436664048461,0,7
4663,265,209.09125599164142,ATM,Grocery,DE,8.0,0.1553217696788498,0.14579890016664357,0,7
3245,864,22.350862538760087,ATM,Food,TR,11.0,0.09692963933664174,0.09774945053316134,0,7
2338,528,269.558857485976,POS,Grocery,US,16.0,0.15402470622413333,0.20572348535014007,0,7
5564,947,99.64375561687447,Online,Grocery,FR,21.0,0.6658393027474651,0.4908129474886086,1,7
3633,210,160.55847029157485,POS,Travel,UK,21.0,0.4624791243353349,0.2536897784678993,0,7
9298,980,43.02046084954165,ATM,Grocery,UK,23.0,0.1978089220023743,0.18809213489566873,0,7
6549,594,474.77357026370714,POS,Food,TR,2.0,0.32742004940469854,0.6139560598027606,0,7
568,71,347.16512304761716,POS,Electronics,FR,18.0,0.25002090286420964,0.36761763334591313,0,7
5081,540,77.79774767046987,POS,Grocery,US,3.0,0.08868100428197698,0.1682421988532022,0,7
6717,514,240.47430715994884,POS,Food,UK,17.0,0.34130914320440536,0.30072075703812684,0,7
3053,780,300.5456513402919,ATM,Clothing,NG,18.0,0.21404837635094479,0.44243001129154624,0,7
5195,996,5.379140639710488,ATM,Grocery,TR,17.0,0.13622251891227918,0.12491968086540879,0,7
9417,374,15.18755688070797,ATM,Travel,FR,20.0,0.21999548044521394,0.46810979937083097,0,7
5381,882,737.3348247182498,Online,Travel,TR,16.0,0.3991765766724679,0.4652609586395756,0,7
5813,234,333.8585335880326,POS,Grocery,UK,5.0,0.24492069749513176,0.10187049940778972,0,7
9105,423,247.52830457210115,Online,Grocery,TR,19.0,0.2000499240257313,0.09924250849187857,0,7
9589,35,327.70610178355577,POS,Electronics,US,7.0,0.5711397215390429,0.10923437595347879,1,7
5806,325,488.41552725742514,Online,Clothing,FR,18.0,0.3472413041847994,0.4209611951039638,0,7
4288,693,521.8621464429025,Online,Grocery,TR,19.0,0.5173506286445332,0.2590319068406153,0,7
1325,420,73.97636700772527,Online,Food,FR,5.0,0.3996801708027543,0.12127060029439685,0,7
7082,691,326.85185528046145,QR,Food,TR,7.0,0.39684844098603633,0.6261048055801943,0,7
1501,84,8.813379474483956,Online,Electronics,FR,22.0,0.15075764089133392,0.2791993871559964,0,7
7784,655,119.27474170474346,POS,Travel,FR,20.0,0.11625654096461677,0.2173922443016334,0,7
8777,461,37.3286371443539,Online,Grocery,UK,18.0,0.6635614506768913,0.392915279326269,0,7
1439,854,291.32938632930814,POS,Grocery,TR,14.0,0.10075883790065832,0.1368847096525786,0,7
9702,300,7.762104008646547,POS,Food,TR,21.0,0.45534927700963634,0.3273505320847394,1,7
1049,783,98.59100050408824,ATM,Food,TR,21.0,0.19055413604394816,0.08553843256463946,0,7
172,716,376.7349771163273,ATM,Food,TR,19.0,0.7903293762789779,0.28692004659249415,0,7
1521,129,123.80558867787269,QR,Travel,UK,22.0,0.12617454146444712,0.1165423256427966,0,7
2403,333,752.1426739311537,QR,Food,US,11.0,0.39123396723961623,0.2242394790218505,0,7
8318,769,1.9797687129721062,ATM,Clothing,TR,8.0,0.1280126189514445,0.2276385209904707,0,7
7011,16,94.59668263443393,QR,Food,DE,15.0,0.09413148847298525,0.18612782700324976,0,7
7356,188,69.85680739842358,POS,Electronics,TR,19.0,0.09114678024187273,0.29793126967472355,0,7
7673,170,65.51118998656112,Online,Grocery,FR,8.0,0.4181506406989336,0.14698160199276253,0,7
1311,466,392.0778292812613,ATM,Travel,FR,6.0,0.2793983161327445,0.25385259379762665,0,7
695,391,2.594675816085939,POS,Travel,FR,21.0,0.23600276651046848,0.07166141018150408,0,7
3132,802,48.225288624240115,Online,Clothing,UK,5.0,0.2995331842581999,0.16921210623162086,0,7
5164,626,443.07560895565524,Online,Clothing,TR,21.0,0.14445671244582428,0.384534045953871,0,7
4863,161,16.17748958684569,ATM,Electronics,TR,17.0,0.09979230308739952,0.30345147476580314,0,7
9754,269,111.98663245594625,POS,Clothing,UK,15.0,0.15689292457205967,0.21182249164524905,0,7
1467,897,9.368676488254286,Online,Clothing,US,19.0,0.0842893212111743,0.06944881101063458,0,7
457,993,11.017367386810335,POS,Clothing,UK,6.0,0.26295785776916514,0.10737504960640852,0,7
1040,873,1450.644560914103,ATM,Grocery,UK,15.0,0.43757649968974116,0.2741268734769331,0,7
7430,491,73.30066858436653,ATM,Travel,UK,16.0,0.3204720679252337,0.31438422366842234,0,7
9846,230,38.286076282529095,ATM,Food,US,22.0,0.4448919398748656,0.2118776381152162,0,7
4068,766,25.861651744914326,POS,Clothing,DE,17.0,0.32501368353516813,0.06131140829120741,0,7
3919,695,7.861814889671898,QR,Travel,US,20.0,0.22689365181044646,0.07792146627366628,0,7
2615,539,84.00773127184493,Online,Travel,UK,19.0,0.08859120900675349,0.14271404537899401,0,7
8700,386,0.0,QR,Travel,US,7.0,0.26834570423118315,0.206672221910386,0,7
2062,170,610.5048945318903,QR,Grocery,NG,18.0,0.5891363444535891,0.2616832680606414,0,7
8278,531,290.0163435572612,Online,Clothing,TR,21.0,0.15912893131016675,0.3314969605882421,0,7
7332,512,169.6503703745871,Online,Clothing,DE,6.0,0.3307761218671773,0.581733482540495,1,7
702,24,30.0609780888412,Online,Food,TR,20.0,0.07140360290424651,0.16258131311589713,0,7
1801,202,21.72478897333986,ATM,Travel,FR,19.0,0.3410819909641809,0.19296565213259145,0,7
1474,910,139.6982335001771,QR,Electronics,US,17.0,0.1394628660233333,0.11347630821529377,0,7
4329,846,369.38350320093514,Online,Electronics,TR,22.0,0.11966203110185003,0.14610017597285366,0,7
7299,687,3.356818307490839,ATM,Food,NG,21.0,0.0726668532392417,0.07450462650929619,0,7
301,555,11.862023797190428,Online,Food,US,12.0,0.09652496072677103,0.05946282374637155,0,7
2155,289,110.81033656654131,Online,Travel,DE,23.0,0.33276875821282004,0.28919613237355624,0,7
9701,426,111.34738848636873,Online,Food,UK,6.0,0.3229575733460028,0.1256078069517727,0,7
8804,133,11.122514207456298,POS,Clothing,DE,20.0,0.18711428787410606,0.4414765803373556,0,7
7220,63,22.59965314293956,POS,Grocery,TR,21.0,0.09043693001217881,0.07723218066487407,0,7
4199,126,35.01522244189897,POS,Grocery,FR,4.0,0.7403450259658647,0.23817232348533396,0,7
3680,726,518.0292331928235,QR,Grocery,US,21.0,0.2147208719330299,0.0932914707495704,0,7
5780,64,401.76002986624763,QR,Food,UK,3.0,0.1952337131476537,0.18540217162376543,0,7
7232,132,295.75927323284213,Online,Travel,DE,15.0,0.22831404934959887,0.2163564333016903,0,7
1988,749,161.47188692021186,POS,Grocery,UK,21.0,0.08983576014898209,0.06505977238034745,0,7
1983,912,151.94446208028583,Online,Clothing,US,15.0,0.22455803495298013,0.15087178764133186,0,7
8971,863,63.10530849514804,POS,Travel,TR,22.0,0.17403288765090522,0.15197683652251046,0,7
9240,366,58.576936136490254,ATM,Electronics,TR,20.0,0.15060933117881745,0.3317959879726436,0,7
9552,632,521.0565968893779,POS,Grocery,TR,21.0,0.7518723131639039,0.2406569876824798,0,7
1314,499,57.72018218532381,Online,Electronics,TR,21.0,0.3176785388492174,0.4657109825392885,0,7
6840,490,39.98529805753879,QR,Travel,US,10.0,0.15676400410124078,0.3431149956962035,0,7
2261,12,5.532046522583547,QR,Electronics,US,15.0,0.17514273816410586,0.07387536847690523,0,7
5162,698,158.18494345410673,QR,Electronics,UK,7.0,0.08358534225601676,0.23330488033292035,0,7
3620,472,30.520879711542026,POS,Food,US,22.0,0.11745545255752471,0.06431867489427644,0,7
1444,220,75.02278518582784,Online,Clothing,FR,22.0,0.4351479463989305,0.1419693492687522,0,7
3684,899,29.578514854445395,ATM,Grocery,UK,19.0,0.10401034470706721,0.12772535490846523,0,7
4201,285,44.59889463567648,Online,Electronics,UK,20.0,0.1755755088845059,0.16066473094916833,0,7
6292,564,61.74538540945542,POS,Travel,US,12.0,0.1345279882905964,0.058947309543732875,0,7
4203,636,17.663490593247698,QR,Food,US,19.0,0.1044745892357675,0.11784955347772179,0,7
7531,125,19.506633686308767,QR,Grocery,FR,22.0,0.07018595287674619,0.14517916464432956,0,7
6087,448,38.172908594121616,Online,Electronics,UK,11.0,0.27570135468774054,0.13322648030938394,0,7
1906,648,77.69361443352237,POS,Food,TR,9.0,0.11863031244892173,0.08648665590728839,0,7
114,627,52.4158875095366,ATM,Electronics,US,22.0,0.0850519615622382,0.06949261130067584,0,7
7920,524,27.15411990277354,QR,Grocery,TR,16.0,0.1247919290220171,0.08842125590633662,0,7
6077,174,69.68273079712704,Online,Travel,TR,20.0,0.19844204773041918,0.15004387777571726,0,7
9522,478,314.34679610052825,ATM,Clothing,US,8.0,0.2685958582652817,0.325434795896007,0,7
2161,260,41.92056211716063,QR,Travel,TR,23.0,0.14754953229777365,0.1503616891388566,0,7
9485,349,16.10474240463659,POS,Grocery,TR,15.0,0.07741343482776365,0.05757304679024214,0,7
6904,325,7.37246735645646,POS,Clothing,FR,16.0,0.10117026917435562,0.15469080683955796,0,7
4267,574,20.988796161461995,QR,Clothing,DE,21.0,0.11051337846400482,0.0854389090372578,0,7
6593,946,19.29608299444654,POS,Clothing,TR,12.0,0.0642805412656276,0.12273008110578709,0,7
1098,200,48.326897013015795,ATM,Grocery,FR,11.0,0.06275817231522514,0.1507480817876198,0,7
285,965,142.4772406853345,POS,Food,TR,7.0,0.15400972137069593,0.22128522614603924,0,7
6457,360,12.444676995165295,POS,Electronics,FR,23.0,0.08316913360923191,0.10773957140814622,0,7
1424,705,66.26902305790853,Online,Electronics,FR,8.0,0.3113850202946803,0.27550440732401305,0,7
4734,316,11.22647524688946,QR,Travel,UK,9.0,0.06620894670018768,0.21146431509588914,0,7
2045,938,24.3451631769395,ATM,Travel,US,6.0,0.1201264037778338,0.1390443556454528,0,7
3523,768,125.49856598576183,Online,Travel,FR,23.0,0.1469079928062172,0.24059150103740326,0,7
7650,312,3.387713842226613,ATM,Clothing,TR,19.0,0.2604751615420627,0.06867281511190572,0,7
6941,762,53.809530500600125,Online,Electronics,FR,23.0,0.33485731055913354,0.44146628448676717,0,7
1971,803,11.038168583826925,POS,Food,FR,15.0,0.3428818460477753,0.3787334046276326,0,7
3163,476,350.2851977708736,Online,Food,DE,19.0,0.2055878477043921,0.09201522582033081,0,7
110,990,53.87295589842453,Online,Food,UK,23.0,0.2058919763614126,0.11198602869208281,0,7
1240,536,202.33339636882752,QR,Grocery,DE,2.0,0.5636769984567715,0.3274977388131547,0,7
9270,103,87.42420657947468,Online,Electronics,DE,14.0,0.5446995730309769,0.37640307158812103,0,7
3210,446,19.159580348441104,ATM,Clothing,FR,12.0,0.15907025563699262,0.3771133204973438,0,7
1595,444,182.50390416573208,QR,Grocery,UK,22.0,0.16731207486978644,0.12160397113738158,0,7
8490,413,225.65565071809652,ATM,Travel,FR,12.0,0.3597118297483927,0.09118722680863821,0,7
1723,364,19.548229768428435,QR,Clothing,FR,20.0,0.12924943734448027,0.3130636447635918,0,7
7439,451,196.18936083076827,POS,Electronics,UK,19.0,0.37266963627142163,0.4354313981625699,0,7
1135,582,26.098314605555597,Online,Food,DE,21.0,0.14096467984481637,0.09727849613222067,0,7
2783,203,319.7886565704981,POS,Food,NG,8.0,0.32154379726324106,0.26325001726762326,0,7
6513,359,42.69187448597438,Online,Clothing,US,13.0,0.4093036218820214,0.07499207125769566,0,7
8562,152,67.63526995147805,Online,Grocery,TR,11.0,0.12695310320649264,0.08858714771329314,0,7
7513,739,460.60752367397646,Online,Food,FR,19.0,0.4291759549775618,0.13048190548024857,0,7
4290,897,157.07817106064132,Online,Clothing,DE,3.0,0.5193870858906005,0.13742096850179275,0,7
4961,994,185.83358991418817,POS,Food,UK,12.0,0.11607497593298104,0.17918557036349217,0,7
684,118,191.10239788017452,Online,Clothing,TR,19.0,0.2298292643562064,0.08803551256604174,0,7
6066,672,96.70468568844274,Online,Travel,FR,17.0,0.17389381233871312,0.1569115966079884,0,7
3808,627,18.55221943925426,ATM,Electronics,TR,20.0,0.16081994871840188,0.1884328361012634,0,7
3229,357,29.4002186698735,QR,Travel,FR,17.0,0.47735126725750593,0.19079583662402058,0,7
90,320,156.48072463983615,QR,Grocery,NG,10.0,0.12124926602803737,0.6216828783940593,0,7
5913,183,37.55107694425692,POS,Clothing,US,22.0,0.4298736558356721,0.11132755369653749,0,7
7221,110,390.87084748323247,ATM,Electronics,TR,12.0,0.2346734137435266,0.14756387963430873,0,7
5113,45,197.22326728880176,QR,Clothing,DE,13.0,0.2679308696134967,0.2897645412798988,0,7
1750,449,75.45463028572284,POS,Travel,UK,13.0,0.05923816140031804,0.10137514918162766,0,7
1293,82,4.849140679444515,QR,Grocery,FR,20.0,0.2286929847844606,0.1470250515436139,0,7
4179,111,179.8082541040301,ATM,Clothing,TR,13.0,0.12302727851443723,0.06509379875897697,0,7
577,583,102.15955042978543,POS,Food,FR,22.0,0.11372946479354455,0.2081733153218867,0,7
3335,550,231.7696527782975,ATM,Grocery,US,19.0,0.24248095668009692,0.27517552552571317,0,7
2696,629,737.1264467426711,QR,Food,TR,3.0,0.6855097858391251,0.8116589801809929,0,7
4720,828,573.7728333221562,ATM,Food,UK,10.0,0.20777640909898365,0.3052544177283139,0,7
2987,633,606.0693278189378,Online,Travel,UK,12.0,0.8128056202271402,0.4664262755888934,0,7
1133,543,22.52539481894365,QR,Grocery,UK,22.0,0.09546506095742474,0.25688834499991464,0,7
1606,266,15.152119806186825,POS,Food,TR,14.0,0.48898872466360443,0.33737625584404757,0,7
4082,652,113.14499878355595,QR,Travel,US,19.0,0.4121118803031865,0.2100576277909651,0,7
5144,150,281.24621675325017,ATM,Grocery,US,22.0,0.14994783118594582,0.16969844703942688,0,7
8342,94,10.80803787835153,QR,Food,TR,22.0,0.09686072006813537,0.07070621252604495,0,7
1363,291,108.7814688201321,POS,Grocery,TR,14.0,0.1160238638192077,0.16306700233674049,0,7
9055,982,83.27686701044384,ATM,Electronics,UK,11.0,0.11184745080476134,0.316982856503602,0,7
2604,407,38.55591122146182,POS,Clothing,DE,7.0,0.12785109905971165,0.09267900934328722,0,7
9110,989,239.6423401841597,POS,Grocery,FR,20.0,0.14759873631235854,0.17458811563146573,0,7
1286,610,48.44656657714457,Online,Travel,TR,14.0,0.23259291307583926,0.24517314645362084,0,7
453,938,269.96059470996636,QR,Electronics,UK,20.0,0.07289898996379468,0.22208758459282213,0,7
867,359,59.87429709702994,QR,Grocery,FR,21.0,0.07486582144689377,0.3324262278876079,0,7
4152,782,152.17818817682726,POS,Clothing,FR,17.0,0.0743083056941288,0.35505773193614265,0,7
2052,332,15.980152051229929,Online,Grocery,FR,15.0,0.3325299729545633,0.07446638184072343,0,7
5539,24,43.35777440600871,Online,Grocery,FR,22.0,0.0869813715690427,0.2296809009340761,0,7
4197,395,13.081354197967404,Online,Food,TR,19.0,0.15764541773755417,0.1093958828128555,0,7
6878,87,56.29028077777139,POS,Travel,DE,21.0,0.4539033904991621,0.1754568162903238,0,7
643,648,61.77229694887186,QR,Travel,FR,12.0,0.20040939733598734,0.18266276924074348,0,7
3033,652,172.41890378566308,QR,Clothing,US,15.0,0.1708092190262578,0.13096036042806247,0,7
2945,402,0.0,POS,Electronics,FR,4.0,0.2716927091143865,0.06886177790536961,0,7
3693,486,322.38063650117874,QR,Grocery,FR,18.0,0.14237468456203015,0.08731874435829856,0,7
7663,596,382.43910430926627,POS,Grocery,TR,19.0,0.15569767397875775,0.16126620879049092,0,7
200,470,367.27030482692095,ATM,Grocery,TR,3.0,0.0817384667366719,0.38162368983794986,0,7
8353,76,136.32396263151762,ATM,Food,UK,21.0,0.08832533834695369,0.2216689305120294,0,7
4794,858,54.933342158732636,Online,Grocery,UK,22.0,0.16472343000296613,0.30259667654697225,0,7
2124,605,106.91218343655206,Online,Clothing,US,23.0,0.19933163092171244,0.33947132850440204,0,7
9811,973,229.48526850546466,ATM,Food,UK,21.0,0.30577355896359354,0.21708569770550873,0,7
1539,912,75.26583732160356,QR,Food,DE,23.0,0.11006225519961751,0.205134565971772,0,7
3491,263,212.49174906734456,Online,Travel,FR,7.0,0.10916161998643577,0.11533452855919357,0,7
8587,479,136.6333210033647,Online,Clothing,US,20.0,0.2378705697648464,0.5923798550357882,0,7
7602,692,363.30072869496985,QR,Food,DE,2.0,0.1690993418140172,0.31267530847338915,0,7
3431,964,97.91623045485632,Online,Electronics,FR,8.0,0.3205226785591467,0.5288675182878797,0,7
1010,969,102.6230197638979,QR,Food,FR,13.0,0.10156487618025643,0.1096937767697306,0,7
7420,261,1141.1097427776933,Online,Electronics,US,12.0,0.2523340906754016,0.10927950216231536,0,7
8013,36,11.011996142794345,ATM,Electronics,DE,5.0,0.22788080218456497,0.14334096789757794,0,7
5649,850,16.24026774043046,QR,Food,US,17.0,0.16485249147530087,0.16507338795942306,0,7
3805,252,102.4070249173519,QR,Travel,TR,20.0,0.2679667915067727,0.33342686582165604,0,7
833,91,15.793670938263487,POS,Food,UK,22.0,0.162572746146602,0.19860043395253896,0,7
7473,793,11.893201459241215,POS,Grocery,TR,10.0,0.1864508042178589,0.4302330102090283,0,7
8339,789,185.0259921030644,QR,Electronics,UK,17.0,0.40833953026621916,0.2796436215071308,0,7
4623,649,486.23340223566703,ATM,Clothing,US,17.0,0.4896159685946559,0.25958427068165757,0,7
4216,206,470.8563491797907,POS,Clothing,TR,14.0,0.8028917791780797,0.6413518481559873,0,7
1860,696,0.0,POS,Travel,FR,23.0,0.20432450301561428,0.0923273630516382,0,7
5114,710,140.62288959409918,POS,Food,FR,8.0,0.297148262471468,0.6036652061776002,0,7
1577,229,90.27023290772506,QR,Grocery,FR,18.0,0.08094205889171817,0.07853671866254504,0,7
305,595,469.7942733573721,Online,Food,TR,21.0,0.265480388926227,0.1668688811081109,0,7
1606,217,104.58665262417706,POS,Travel,FR,4.0,0.12084191121812382,0.5449249321775197,1,7
9543,316,401.3813694565212,ATM,Travel,FR,19.0,0.25352964254365506,0.5691866649436653,0,7
5622,181,12.209411332992698,POS,Clothing,UK,22.0,0.15163688052532592,0.07403327154926509,0,7
490,617,80.0599075587088,POS,Grocery,DE,5.0,0.30066150631806865,0.29089671631216485,0,7
9615,114,132.6352930757622,QR,Electronics,UK,22.0,0.36895114601172696,0.1814534245399556,0,7
705,560,276.37655269166964,QR,Grocery,TR,20.0,0.272482642242347,0.23523334230713103,0,7
6970,184,150.4386809483977,Online,Grocery,DE,15.0,0.30050564154815257,0.47582986498201046,0,7
3070,528,82.63652036187194,ATM,Food,TR,19.0,0.06028577963347718,0.09247634810728717,0,7
1420,357,268.8816816593241,ATM,Grocery,UK,9.0,0.12311075353750864,0.17467779114336063,0,7
4880,284,417.5208381799483,QR,Clothing,TR,13.0,0.6880586327688657,0.24434416804606202,0,7
852,215,106.71120499581784,ATM,Clothing,UK,11.0,0.23151084083722903,0.11951928803029069,0,7
3747,609,303.24006740083155,Online,Grocery,TR,8.0,0.1498872684648153,0.4024677030785986,0,7
3913,997,64.25151368467796,ATM,Food,US,11.0,0.40099151116488846,0.25074600699437083,0,7
8670,567,124.7909898963781,QR,Grocery,TR,17.0,0.2711708777804347,0.26232628746579595,0,7
2426,51,44.29638234588676,QR,Electronics,US,21.0,0.10025421310325913,0.1703505277202486,0,7
6908,778,62.72759474585577,Online,Clothing,FR,8.0,0.3475462419734515,0.4103610229449489,0,7
5888,305,29.104615441445514,POS,Clothing,UK,20.0,0.4182206789426245,0.218198375532939,0,7
8589,573,282.5516927785547,POS,Grocery,UK,23.0,0.12841195006446507,0.17324480633245054,0,7
3069,866,173.3957600480431,ATM,Grocery,FR,21.0,0.18295597383430298,0.18186025245474763,0,7
3920,369,765.8591538278012,POS,Travel,DE,23.0,0.7480743134393059,0.7724788406614548,0,7
587,375,398.4303645815407,ATM,Food,UK,13.0,0.12839295359153113,0.07651018150622181,0,7
656,623,613.458592789714,Online,Clothing,TR,18.0,0.19081656095732338,0.12260352851346475,0,7
8155,873,114.18438858496923,QR,Travel,UK,23.0,0.48793061544637384,0.32066216566643374,0,7
2208,520,81.54733383132394,ATM,Grocery,UK,18.0,0.09514900558897543,0.23165050571982354,0,7
8861,19,99.87664611177796,POS,Grocery,FR,12.0,0.10498124901138844,0.27039688444746723,0,7
1390,964,45.97685960558468,Online,Food,TR,22.0,0.17864532438213784,0.275061464804213,0,7
1799,381,3.3468221504960978,ATM,Grocery,DE,18.0,0.07242163064060729,0.2830035956575043,0,7
7837,132,75.92633142585065,ATM,Electronics,TR,13.0,0.41340530134014175,0.5027794139393625,0,7
7324,186,0.0,POS,Grocery,UK,22.0,0.38504179212539813,0.3136042372646477,0,7
2459,679,264.46572172569273,ATM,Travel,FR,22.0,0.08780116431335877,0.12315777447359036,0,7
6354,625,17.69443956256803,ATM,Electronics,TR,22.0,0.237125763846308,0.3430334511563512,0,7
9929,796,8.32710554308979,Online,Grocery,TR,11.0,0.06651382765947647,0.10348077047481359,0,7
6854,699,507.1544702548445,POS,Grocery,DE,16.0,0.48248459249460013,0.5399440296122556,1,7
3904,412,367.8989866796187,POS,Food,FR,21.0,0.22985317523948556,0.09430340912484603,0,7
678,488,183.27512180763742,QR,Food,US,16.0,0.37072741521299796,0.11558313846250903,0,7
3813,97,988.542633375584,QR,Electronics,DE,19.0,0.5693506099509738,0.34182460213687915,0,7
2098,199,697.3133766652203,QR,Food,FR,18.0,0.6173029438613478,0.38043528951097433,1,7
9674,359,35.83383463986616,ATM,Grocery,FR,3.0,0.2001972976811708,0.33677064035914067,0,7
2216,601,23.585355714204134,QR,Electronics,UK,21.0,0.19104312959575667,0.09919993870133142,0,7
6346,703,443.7607746953666,POS,Electronics,UK,21.0,0.12197928314633269,0.20309426935855673,0,7
7341,456,111.61904031390016,POS,Travel,DE,21.0,0.30855132202732594,0.6508145074486955,0,7
8056,788,425.47560758524463,Online,Travel,TR,16.0,0.4057195560541313,0.28308182867384124,0,7
1007,934,92.29532019490905,ATM,Travel,UK,12.0,0.17811662912720314,0.21465967480055825,0,7
4933,513,487.4433487548618,Online,Clothing,DE,8.0,0.3196408446408125,0.23703594171633127,0,7
6623,656,1038.2108326831647,QR,Grocery,TR,20.0,0.673316680129404,0.22962093130792233,0,7
1310,307,87.93731939364933,QR,Travel,UK,17.0,0.48069845021527724,0.3508148244579693,0,7
1083,663,237.7417305530366,Online,Grocery,US,12.0,0.22529078073261088,0.2604296509801744,0,7
3011,499,252.08408357477907,QR,Travel,DE,4.0,0.16484399868528754,0.32480702592972766,0,7
7522,770,148.962135908848,QR,Food,UK,14.0,0.14414426555798965,0.16107711356478183,0,7
841,386,100.84154449474907,POS,Clothing,US,18.0,0.24113730721647533,0.33377373317715514,0,7
1767,755,128.60789411512772,Online,Electronics,US,3.0,0.44171251422900515,0.1316466111484209,0,7
4019,520,0.0,POS,Electronics,UK,4.0,0.327037294807505,0.2015168069087333,0,7
9549,270,17.091316522650576,Online,Electronics,UK,22.0,0.18826176293442948,0.14605464666577628,0,7
9114,59,14.993754982784981,ATM,Travel,US,23.0,0.25334915132656166,0.31442330181846345,0,7
5709,349,26.88453681473973,POS,Food,TR,6.0,0.06160420526554944,0.08370120044606694,0,7
7117,309,257.15103391625746,ATM,Grocery,US,13.0,0.20178501490825956,0.2789398125942238,0,7
7639,757,132.31786281097547,QR,Grocery,US,14.0,0.49130715266139113,0.2596266332247632,0,7
9588,278,0.0,ATM,Grocery,FR,20.0,0.13752487593772222,0.06088143110376462,0,7
1205,758,311.79222908123336,ATM,Electronics,DE,13.0,0.3579810008562152,0.44009221433071527,0,7
7712,110,129.38471411749128,QR,Clothing,FR,19.0,0.09536259118118845,0.09563844164025631,0,7
553,92,277.6319296750987,ATM,Clothing,US,19.0,0.37176992867144143,0.188711985518087,0,7
7691,252,599.3179424059048,Online,Electronics,DE,10.0,0.5050089371288994,0.1512623155075572,0,7
1045,208,0.0,QR,Grocery,UK,21.0,0.21404586065452325,0.07129508696856433,0,7
6614,406,22.9924570168753,ATM,Grocery,US,4.0,0.09372278140509294,0.09784946300785202,0,7
6599,547,516.7386074289097,POS,Electronics,FR,10.0,0.1324006242399714,0.27598170713981895,0,7
6980,414,11.021997434457033,Online,Grocery,UK,20.0,0.0797823662247622,0.0921623262598292,0,7
2392,733,65.36246227255769,QR,Food,DE,20.0,0.45362721710458875,0.26067569938415425,0,7
5831,462,247.29864863929518,QR,Electronics,FR,16.0,0.2854783642150204,0.30086712904008533,0,7
2623,117,140.9763559182946,POS,Grocery,DE,7.0,0.2163961162206278,0.22683806330642345,0,7
879,102,337.3095136342982,Online,Electronics,TR,9.0,0.16886681525759595,0.2984445471833183,0,7
8721,28,81.26655082520253,Online,Grocery,DE,22.0,0.20126421938994252,0.29758702150663235,0,7
9453,515,56.24812847198916,QR,Travel,FR,4.0,0.25237693062369515,0.13828896296125226,0,7
9544,137,199.23544002943615,POS,Food,US,11.0,0.33772560884738706,0.14225915485460072,1,7
2371,214,309.09468802417763,ATM,Travel,FR,16.0,0.5164907831384816,0.28520627884125804,0,7
2361,827,20.62657370556959,POS,Grocery,FR,21.0,0.13576062560310803,0.17881559099230337,0,7
2791,873,18.40386981876246,POS,Food,US,8.0,0.27083306986903166,0.12697198831181222,0,7
7077,624,496.5906510732516,QR,Electronics,TR,19.0,0.08426110736609739,0.1556386182541503,0,7
1604,244,106.32719105211976,QR,Food,US,19.0,0.37155190047088904,0.12625014981423271,0,7
4848,216,149.9004518942449,POS,Food,US,15.0,0.14841082371504655,0.21916934787134565,0,7
7830,170,535.5353526616246,ATM,Food,US,17.0,0.12145523870018364,0.12284695737693532,0,7
7051,852,19.647075044602307,Online,Food,DE,16.0,0.10315043734228915,0.15212537647019658,0,7
9438,860,499.5791189494251,QR,Clothing,FR,21.0,0.14909443399270364,0.2563885387784326,0,7
9601,982,164.43364756829618,Online,Electronics,NG,23.0,0.1722381196818757,0.19431168082476225,1,7
2576,456,120.46247545834389,Online,Food,US,21.0,0.3698520482230872,0.15466137682071723,0,7
784,539,316.1579406777164,POS,Clothing,US,19.0,0.22623672390951285,0.21458673632943995,0,7
8701,108,28.63385188601933,POS,Travel,US,14.0,0.3866622277969074,0.2562565074870711,0,7
7858,559,58.049202804296684,Online,Electronics,US,15.0,0.20637142220719323,0.09175528187093945,0,7
752,279,46.60973585288891,QR,Food,TR,20.0,0.14813431052547782,0.22426048556560743,0,7
9743,746,35.6290258617963,POS,Food,TR,16.0,0.2726355551572286,0.14862763595386164,0,7
2506,753,131.03740384831974,POS,Clothing,DE,5.0,0.18704984088436097,0.536494006798179,0,7
9109,532,65.13171473319301,ATM,Grocery,FR,10.0,0.22161652623832745,0.18705089304822284,0,7
8368,686,0.0,ATM,Food,DE,23.0,0.058551337482879204,0.08065809855096111,0,7
6981,862,17.45039461025566,POS,Food,DE,21.0,0.1156302318638974,0.10645420300177953,0,7
5143,660,117.85787542006665,ATM,Travel,DE,16.0,0.30984900571961693,0.07423169749057512,0,7
3633,261,340.9828718419038,POS,Food,FR,16.0,0.6236488644019127,0.42559090202700744,1,7
8411,668,247.63186694601376,POS,Electronics,US,12.0,0.22023318902218528,0.3490270228634749,0,7
617,211,553.2607352068819,QR,Clothing,FR,6.0,0.6085491263118619,0.36789853105684034,0,7
5217,290,96.23629219812295,POS,Food,FR,16.0,0.33437660082851045,0.1132659932055281,0,7
3599,270,240.49569322556277,ATM,Clothing,TR,17.0,0.21669668420885096,0.14804663887613528,0,7
6377,19,174.54855134731204,QR,Food,FR,21.0,0.06343558004234558,0.1267887840000284,0,7
5771,111,2.607866751117651,Online,Travel,UK,14.0,0.39141792171173034,0.18639026298031933,0,7
141,264,56.61475608121424,QR,Food,DE,15.0,0.1653751626733201,0.21479793200095565,0,7
134,675,91.27624979918696,POS,Clothing,FR,22.0,0.7133084189140707,0.33826877729129506,1,7
6902,748,102.80584660096731,Online,Electronics,TR,6.0,0.3078390963446409,0.26118364875965644,0,7
1162,167,199.35968633526963,Online,Electronics,UK,6.0,0.3531395045730505,0.22999562935399598,0,7
8998,196,66.44212691780587,Online,Travel,TR,12.0,0.19453110778746394,0.15994353185847746,0,7
9717,80,5.491802992117206,Online,Grocery,DE,16.0,0.20470040341294993,0.20051591502700927,0,7
1515,848,261.6217330760308,ATM,Grocery,TR,19.0,0.34568978206326556,0.21640950569834266,0,7
6501,802,302.9912614579053,QR,Electronics,UK,15.0,0.24107858150495376,0.30709436966544046,0,7
5302,661,329.75030741606554,POS,Clothing,UK,13.0,0.40017582207201235,0.4254423774293666,0,7
4311,165,763.7137373666117,QR,Electronics,UK,17.0,0.24811937693937597,0.3264750519966125,1,7
584,714,633.9264739727661,Online,Grocery,US,6.0,0.49206043230617413,0.18308729936845677,0,7
1618,364,478.34469696656816,POS,Electronics,FR,18.0,0.12293693176790302,0.1618043479376451,0,7
2460,832,436.73254555442173,Online,Clothing,DE,19.0,0.06807558852110329,0.4086968145345649,0,7
6264,271,171.43618326429035,ATM,Travel,US,21.0,0.42735719122782556,0.6910687876243469,1,7
294,111,52.829166865048954,QR,Clothing,TR,2.0,0.13043104628821903,0.09758657619195976,0,7
3106,150,665.8780050014285,POS,Electronics,TR,17.0,0.23800775304903093,0.9182826746854834,0,7
9430,928,12.50721581218254,POS,Grocery,UK,20.0,0.31899274671234984,0.8689990744557332,0,7
1033,723,89.55830483650844,Online,Grocery,TR,3.0,0.25687424846175555,0.14134389577539047,0,7
8802,988,338.247885876797,Online,Clothing,UK,20.0,0.2793659131982374,0.24901631516801867,0,7
7186,55,158.4245541751839,ATM,Clothing,FR,23.0,0.2066725579384526,0.10819929715582707,0,7
4677,272,17.22027573199446,POS,Food,DE,14.0,0.6185934440610198,0.12946159313155098,0,7
5590,514,311.41407840866736,QR,Clothing,UK,18.0,0.17011469573342014,0.08895408217749456,0,7
8594,981,0.0,Online,Grocery,DE,12.0,0.10479194305249456,0.0787869947280121,0,7
9617,121,503.71534095867906,QR,Clothing,US,9.0,0.15486938367938555,0.7769343920123485,0,7
6008,996,713.1297265492284,ATM,Electronics,UK,11.0,0.1125098431221811,0.3941115689929183,0,7
6658,316,46.55329892013077,QR,Grocery,UK,12.0,0.09835074948707895,0.06357995854666255,0,7
1043,883,16.216144194815392,ATM,Clothing,TR,20.0,0.23920550476804817,0.2458767047491286,0,7
6016,470,304.56223683831314,POS,Travel,FR,21.0,0.31763233304456207,0.26726716077805823,0,7
816,890,803.878824588887,ATM,Grocery,US,23.0,0.3204697999732755,0.19241870883387904,0,7
7351,146,47.60892491895808,QR,Food,TR,16.0,0.1557119962208685,0.06720790526133634,0,7
3377,801,688.5366955885262,ATM,Food,UK,20.0,0.1353765587881562,0.3493543560803219,0,7
8009,524,44.663154618969,QR,Food,TR,10.0,0.20181092224181846,0.13555466600295352,0,7
7809,533,511.7152943657794,POS,Electronics,US,21.0,0.2907172435201719,0.22127648126697108,0,7
8291,966,17.67711434433622,ATM,Travel,DE,22.0,0.1661876281100158,0.1718145576925022,0,7
8995,346,37.90518664082906,POS,Clothing,US,23.0,0.0694145462966552,0.06546483892538152,0,7
7622,148,13.425010505750722,ATM,Grocery,DE,12.0,0.1581793611184127,0.17469200921334044,0,7
1924,841,129.5149339210948,QR,Clothing,UK,17.0,0.14075783429152827,0.2880432544427566,0,7
2630,885,785.7058813059881,Online,Electronics,UK,19.0,0.2285637903473075,0.23897097071742684,0,7
3322,521,62.3292593087584,ATM,Food,UK,14.0,0.17802348437467005,0.3676756962412356,0,7
6913,287,161.95930779192489,ATM,Clothing,DE,19.0,0.40487931408011735,0.16304862885115323,0,7
9150,851,34.36733893898671,ATM,Travel,UK,10.0,0.14119415532524532,0.23861179159044088,0,7
6245,700,8.78922905936381,ATM,Food,US,5.0,0.0709128691712807,0.08467129433749354,0,7
8454,709,109.88290822279859,ATM,Food,US,16.0,0.20911971685376035,0.23262217027377985,0,7
7830,203,193.6797226462938,ATM,Electronics,DE,23.0,0.1913850977718484,0.20551195284888688,0,7
2456,662,148.48029243441604,Online,Food,US,5.0,0.09522029862200458,0.14111436423022827,0,7
1062,299,122.81013464433838,ATM,Grocery,DE,11.0,0.2659053323308931,0.4106585872722759,0,7
9791,482,338.4439234576173,Online,Grocery,TR,17.0,0.18196277771610725,0.22534536764025656,1,7
8459,498,470.0472050806673,Online,Grocery,FR,15.0,0.2745124542882102,0.6231357706897821,0,7
7626,365,604.9272540372862,QR,Grocery,DE,14.0,0.2829825689209643,0.24703771108666744,0,7
8160,326,249.65247724007466,Online,Electronics,US,22.0,0.2506551841407437,0.22292037911059862,0,7
998,322,14.989328918152335,ATM,Grocery,UK,10.0,0.21207010134225407,0.09038157343489109,0,7
5606,674,396.7829506948672,POS,Food,TR,11.0,0.5948325341208145,1.0,0,7
9190,392,77.03699122656846,QR,Electronics,US,18.0,0.31302972426646025,0.3449581144565561,0,7
5276,896,10.966098114693812,QR,Clothing,TR,22.0,0.3321818643307223,0.14338597412876466,1,7
7014,648,96.34579858253709,Online,Electronics,UK,22.0,0.19494182259940793,0.37799415285356797,0,7
6455,235,123.3939497590695,Online,Grocery,UK,20.0,0.09020373196637242,0.37751963546761513,0,7
3148,190,34.15908764902157,QR,Clothing,FR,18.0,0.42093282950919253,0.39243687203157274,0,7
3687,587,397.97999917454615,POS,Travel,FR,19.0,0.45324977279046397,0.41455859563316344,0,7
5021,467,7.397967179220656,ATM,Clothing,FR,8.0,0.07881643237177147,0.17940729170054867,0,7
9530,724,73.68484053784988,ATM,Electronics,DE,10.0,0.06345758526931072,0.10063828824405302,0,7
7641,26,77.1233840463193,QR,Clothing,DE,22.0,0.16678042720483394,0.18974448561414395,0,7
7206,446,6.489441796660211,ATM,Travel,US,23.0,0.11455231929387118,0.08418170884091038,0,7
7505,834,111.898281976656,QR,Food,UK,19.0,0.49659493983180614,0.12414880363629102,0,7
8201,257,128.89321161828966,ATM,Clothing,FR,10.0,0.3731581025909515,0.1870618189218606,0,7
5796,209,316.99236668094267,ATM,Food,TR,22.0,0.10981590391317984,0.6430181677379473,0,7
2991,506,118.87723616052538,ATM,Clothing,FR,16.0,0.22552778164580048,0.12443786570782135,0,7
1972,713,114.11491748847281,POS,Electronics,TR,17.0,0.15319699764273415,0.22017959567953327,0,7
7609,319,48.542476692276615,Online,Food,DE,5.0,0.13387264367950694,0.2289686935925089,0,7
4448,983,17.103465012401173,Online,Food,TR,22.0,0.07600968419832756,0.12420928353960736,0,7
5757,854,83.03316495549292,Online,Travel,DE,14.0,0.25323258555485617,0.10532710722340738,0,7
165,312,52.28908917866261,POS,Travel,FR,22.0,0.3875692948589151,0.15818101231507262,0,7
8645,619,546.9560290233422,POS,Food,US,7.0,0.3674088347650311,0.4318428942126971,1,7
6339,598,14.694454653290695,QR,Grocery,DE,17.0,0.1217909007680901,0.3853847006138252,0,7
7266,650,66.5567989497992,POS,Clothing,FR,16.0,0.13524685112142476,0.10945307065494805,0,7
2399,48,23.873299744062212,QR,Electronics,TR,21.0,0.12048873542179252,0.12002123355582195,0,7
2879,775,19.305885658129757,QR,Electronics,US,16.0,0.5572272454917541,0.1300476227602539,0,7
3207,227,78.27021006458179,Online,Food,US,14.0,0.10983134186510912,0.06084003193002727,0,7
6635,621,17.899685420106966,ATM,Food,FR,4.0,0.06301419035000203,0.13355840310713774,0,7
6267,921,46.08529672887474,POS,Travel,DE,20.0,0.06640394941052999,0.07853953562518977,0,7
8445,642,406.3103835193313,QR,Food,FR,11.0,0.3222966294361073,0.5711532284798592,0,7
9703,1,37.25740276706305,QR,Food,US,6.0,0.06147402102068291,0.11172198571567034,0,7
8521,431,136.45184579737725,QR,Electronics,FR,12.0,0.30475394018265256,0.28021995057965243,0,7
4903,116,83.71643917906574,Online,Clothing,US,5.0,0.21611119020039624,0.06742642101843897,0,7
6715,18,106.35908540032753,POS,Travel,DE,10.0,0.5787728579139898,0.4540293469727559,1,7
7516,998,137.0203344132959,Online,Clothing,DE,19.0,0.44218687707436644,0.23548840717425504,0,7
3338,845,162.5579419839927,QR,Grocery,UK,22.0,0.09170755495061189,0.10535373574404991,0,7
3671,74,195.9099511016399,Online,Food,UK,20.0,0.40541252124179933,0.46822005680721057,0,7
9985,24,128.84681431988267,POS,Grocery,TR,23.0,0.24961417618550963,0.3459626200863997,0,7
7642,752,176.5267098864432,POS,Food,FR,6.0,0.08619096323573919,0.10481601081313913,0,7
2560,894,104.1468481015684,ATM,Clothing,FR,23.0,0.07855696138197014,0.11816779554064005,0,7
7619,103,152.86916523609378,QR,Food,US,13.0,0.07652188498255809,0.0778926861782584,0,7
6182,642,29.779191296193023,ATM,Clothing,DE,15.0,0.08046988759691777,0.10202830812591919,0,7
7375,701,123.9673293589532,Online,Travel,US,11.0,0.5272976415085876,0.07376884414011707,0,7
1314,850,58.014314727898466,QR,Travel,TR,17.0,0.47681901028402623,0.23752628593797054,0,7
993,108,69.1721999686832,Online,Clothing,TR,21.0,0.3761585010316112,0.2792666779806125,0,7
4655,149,104.91668362663827,QR,Travel,UK,21.0,0.6900104674952071,0.7780352435485204,0,7
694,167,232.302848265319,ATM,Food,FR,18.0,0.09224673273510836,0.12472772556310537,0,7
6257,545,54.719052236137586,POS,Travel,DE,23.0,0.320744118608925,0.12899092860757227,0,7
9145,414,267.5673042676587,Online,Food,FR,23.0,0.15337249020639043,0.08401717108539386,0,7
6686,51,360.6911702996591,QR,Grocery,UK,5.0,0.13226396003684296,0.34052667395053254,0,7
1616,832,4.271719245210381,ATM,Food,DE,21.0,0.21220775237257508,0.2973167751744238,0,7
2959,721,46.15911370901014,Online,Travel,US,22.0,0.2723394791731595,0.5933725879699557,0,7
1938,684,8.848267270340774,POS,Clothing,DE,17.0,0.18707140242089854,0.23850401012490893,0,7
2151,208,248.11752764337643,ATM,Travel,DE,22.0,0.08927574855090924,0.216839488174963,0,7
4265,81,190.57660598774805,Online,Clothing,FR,22.0,0.2617742083353551,0.20523359173972655,0,7
6516,885,158.85295584506335,ATM,Clothing,UK,17.0,0.286325879780424,0.13506073615678355,0,7
991,885,579.5571516661586,POS,Grocery,DE,15.0,0.2177056826832353,0.20218749211308182,0,7
422,532,157.63963570964108,Online,Food,TR,18.0,0.2125738035029555,0.26846813144021026,0,7
2696,409,122.31232501095327,Online,Grocery,DE,12.0,0.3949395719713563,0.4302899545906915,0,7
3322,192,55.87556619445296,Online,Clothing,UK,22.0,0.25463471842292845,0.18052163660172404,0,7
1172,764,609.0939166270999,POS,Food,FR,20.0,0.6737380541459247,0.45422379250147776,1,7
2313,511,0.0,POS,Food,TR,16.0,0.16237390441953556,0.1913660504244578,0,7
1849,147,202.55973654800334,QR,Clothing,UK,5.0,0.17685802207627657,0.19942947463555993,1,7
1533,6,15.922107722333717,ATM,Clothing,TR,18.0,0.11463538127916578,0.05978357119438773,0,7
8148,493,205.3073452278437,POS,Travel,TR,11.0,0.20571712592162805,0.2609514712897051,0,7
7570,762,3.6650624950785624,QR,Travel,UK,10.0,0.13994931502657193,0.10306527173968957,0,7
9907,289,132.0336466319925,POS,Food,FR,7.0,0.22064545290498166,0.20449943086643066,0,7
9972,83,434.15044962544056,ATM,Grocery,DE,15.0,0.6094840917405469,0.31171464720617176,1,7
4890,48,754.9896028534401,POS,Electronics,US,9.0,0.17663138268557416,0.09989039664563588,0,7
7134,551,511.3687626555647,QR,Electronics,US,13.0,0.427721010016668,0.515640629448618,0,7
2131,897,93.91329671402212,Online,Electronics,FR,12.0,0.29115447621552054,0.2591158212004213,0,7
4394,897,138.88878018832125,POS,Grocery,TR,16.0,0.09772249775911246,0.20408024260737717,0,7
7573,132,251.4647080871684,ATM,Clothing,DE,17.0,0.30759909100015653,0.1778938676244793,0,7
4314,509,290.5042933251383,ATM,Food,TR,23.0,0.16606766610820112,0.20955885992208023,0,7
8328,662,139.7634281625834,Online,Electronics,US,20.0,0.18994668379328936,0.30320497109326855,0,7
3299,104,427.52834256464956,POS,Food,US,3.0,0.3232003720035317,0.49650252261780403,0,7
5403,651,160.2270197228701,POS,Travel,FR,17.0,0.1419279421274534,0.11023064188435598,0,7
6133,199,149.86300371461456,POS,Food,US,22.0,0.25019267400513867,0.10984850837179819,0,7
1713,604,339.0194634382546,ATM,Grocery,DE,12.0,0.40893687294185066,0.17793100559770414,0,7
4356,939,303.4264380092864,QR,Food,FR,12.0,0.09369207161277746,0.19078083131232004,0,7
8097,340,180.37967698680782,Online,Clothing,TR,20.0,0.5187528252343473,0.5612834014935939,0,7
7718,291,13.504659914985137,POS,Food,DE,17.0,0.30562042184527644,0.11645210308851899,0,7
186,627,329.2513713113879,ATM,Electronics,DE,17.0,0.20678797834942528,0.07406714620889879,0,7
3909,371,78.53106887330212,QR,Travel,DE,17.0,0.19895691448995032,0.21225557767214032,0,7
1591,547,9.307985820390865,Online,Grocery,FR,5.0,0.20298459097653837,0.24181506792163732,0,7
2786,916,37.634415249057355,POS,Food,TR,17.0,0.3355383801772405,0.10384030110220957,0,7
9544,540,76.37404517100357,POS,Travel,FR,20.0,0.17302457054887854,0.12620304084957804,0,7
3004,972,284.5791497357262,QR,Food,UK,17.0,0.3849118077113892,0.5712938919867401,0,7
4094,845,22.139440415036137,ATM,Travel,US,19.0,0.11268581664718057,0.09277591202641372,0,7
2750,874,65.07247839273435,Online,Travel,US,4.0,0.26871122916835816,0.5329682369382021,0,7
9829,414,251.76511051564884,QR,Electronics,TR,12.0,0.13716003195133358,0.42885673907716776,0,7
4016,298,103.16933099157265,Online,Food,TR,21.0,0.46105567142446724,0.2852235823320389,0,7
3142,11,284.1276593279347,ATM,Electronics,US,7.0,0.3475688328466286,0.10964045732921866,0,7
4825,792,23.75676474824639,POS,Clothing,US,8.0,0.06897074605223255,0.11323310478549353,0,7
2700,107,99.72688904249185,ATM,Grocery,FR,10.0,0.08742736634861323,0.08690201249317359,0,7
4904,561,213.60971660306146,POS,Grocery,FR,18.0,0.11241863834302698,0.17008137254210978,0,7
3500,239,102.32797507364444,QR,Food,FR,9.0,0.31135207282679234,0.2636032968380142,0,7
3259,286,45.94055036231409,QR,Grocery,US,22.0,0.3143631936798543,0.10189965444064486,0,7
3430,834,83.1265736088582,POS,Electronics,DE,7.0,0.2071179950808313,0.19549071933930567,0,7
8478,636,5.478146718659577,POS,Travel,DE,21.0,0.08526711031706884,0.18830796342226486,0,7
8003,743,134.14159616925016,POS,Travel,DE,10.0,0.3589703379281315,0.19623677281203658,0,7
3178,172,193.57479606204612,POS,Travel,FR,8.0,0.1497871207995821,0.16343561578201743,0,7
6035,120,14.877854085258328,POS,Electronics,US,20.0,0.06399829561350644,0.12375780613993281,0,7
6867,430,139.83040465645917,Online,Food,TR,19.0,0.134866040490368,0.09564013833328983,0,7
5160,129,41.589784979673226,ATM,Food,US,13.0,0.1882318583643951,0.40748002859701804,0,7
9889,358,698.5632816462892,POS,Grocery,UK,20.0,0.7670151479997155,0.1611583273946481,0,7
9708,920,226.7706062264044,ATM,Clothing,UK,5.0,0.27423651054008114,0.18477217083831834,0,7
891,563,411.044324775722,QR,Travel,UK,19.0,0.28377200786692036,0.2631984072444917,0,7
2353,798,250.47077491700875,QR,Food,TR,2.0,0.2739880471602387,0.22094504498644493,0,7
6798,936,4.555586408289274,ATM,Travel,TR,18.0,0.11401565692131665,0.26714346963803504,0,7
4068,220,445.92462396827585,QR,Clothing,DE,8.0,0.3802971400197949,0.48096672531096324,1,7
495,166,448.8258004366685,Online,Grocery,NG,22.0,0.2637781927717694,0.11395754946913493,0,7
9586,68,85.42200566028689,Online,Travel,UK,13.0,0.09915877279117716,0.37601272195318114,0,7
7648,516,24.42144878229077,QR,Electronics,US,20.0,0.6761061082164114,0.45056052524215556,0,7
2513,621,539.8101716258598,Online,Clothing,US,16.0,0.27947509815410926,0.3839873126996281,0,7
79,170,159.17301379293758,ATM,Grocery,UK,11.0,0.08616476338441545,0.17939065214395927,0,7
6769,211,84.42168969028364,Online,Travel,DE,20.0,0.40623836802404467,0.45357634849663947,1,7
5026,568,305.75920447658757,QR,Travel,UK,19.0,0.5079077754945032,0.47907631114046156,0,7
2634,249,152.25141090097145,QR,Grocery,FR,13.0,0.0787665362974193,0.168873631692083,0,7
7261,526,32.36741645637829,POS,Electronics,FR,22.0,0.222506225701742,0.27155916008270037,0,7
863,169,1.4408597791346245,QR,Electronics,FR,7.0,0.2817889895261947,0.07691735971856208,0,7
6569,495,410.9627768254084,POS,Grocery,FR,19.0,0.10087258788078857,0.1982465160123268,0,7
6432,686,23.174176984066456,ATM,Food,TR,19.0,0.21657794220709256,0.10036888805872017,0,7
2407,107,28.288666544299613,Online,Electronics,US,22.0,0.25868689549632257,0.12767802884055518,0,7
9088,743,150.01376523210934,POS,Travel,TR,9.0,0.3239682686596024,0.6996262629320149,0,7
6420,911,2.4454128187667195,QR,Electronics,FR,11.0,0.11230930277308979,0.1086781591233254,0,7
9847,730,141.67591468433676,QR,Grocery,DE,23.0,0.40738278092491353,0.25676524961682184,0,7
2139,946,652.5475704201041,QR,Food,UK,15.0,0.21308855373690413,0.15686044371519373,0,7
5713,103,93.170977990142,QR,Clothing,UK,21.0,0.10631930279058421,0.07116269604202535,0,7
8077,838,0.0,POS,Travel,FR,13.0,0.1386065444141628,0.07198158884128397,0,7
6662,645,91.4097774186653,ATM,Clothing,UK,12.0,0.23066581781878479,0.19411094046017038,0,7
3623,763,366.7081116991883,Online,Travel,DE,18.0,0.1397937445476225,0.2890566465521781,0,7
6324,948,7.971567454026134,ATM,Food,UK,22.0,0.5023139288694795,0.2860286781711458,0,7
3251,620,482.0982973167541,QR,Grocery,DE,9.0,0.1070792235044438,0.2464469545191933,0,7
1756,988,0.11983602032251417,POS,Food,TR,19.0,0.08089070420929625,0.07976420004194708,0,7
9472,823,289.14097129394924,QR,Grocery,FR,19.0,0.22369774511918494,0.24159082107885033,0,7
251,657,174.79745020600265,POS,Grocery,DE,19.0,0.1087335452840599,0.17849335115967477,0,7
6347,451,662.7441714159845,QR,Travel,DE,19.0,0.13279301855922038,0.3123283076982521,0,7
8669,344,585.9633934763785,Online,Clothing,UK,2.0,0.15619216777132613,0.30795277648908925,0,7
9589,842,1.766468526003881,POS,Travel,US,13.0,0.30062261851370536,0.4215075633946159,0,7
186,337,236.08667235738153,ATM,Grocery,FR,23.0,0.2145208928038823,0.3765754196259054,0,7
3210,668,0.0,Online,Grocery,TR,15.0,0.17655190438321822,0.10770589718013719,0,7
8909,550,85.76087605194921,QR,Electronics,FR,16.0,0.3325465345847594,0.07497302894540321,0,7
9559,991,87.82899771293579,POS,Food,FR,9.0,0.06758825236279511,0.15613268847890058,0,7
2052,816,190.09064769228775,QR,Clothing,TR,14.0,0.4578450451250693,0.22312120626625753,0,7
9920,181,116.36825701167959,QR,Food,TR,6.0,0.22700551815001813,0.08180005105354589,0,7
4713,313,24.22558167402786,QR,Travel,FR,12.0,0.1786687150308034,0.14328839044667974,0,7
163,982,108.78315613448095,Online,Food,DE,9.0,0.3725894709841243,0.3598399802099246,0,7
5738,860,388.30255245599545,POS,Clothing,DE,12.0,0.22515701411545563,0.33740043176664036,0,7
8646,78,48.8661894373451,Online,Grocery,US,17.0,0.21443655300420167,0.24021659779245635,0,7
115,977,17.327245984471826,Online,Electronics,UK,22.0,0.2269124542286412,0.2843244573367046,0,7
5365,310,297.62884649124413,Online,Food,TR,9.0,0.561316302856557,0.1858514177156878,0,7
6094,186,7.861365175597928,QR,Grocery,DE,23.0,0.1344901023311415,0.06893822224683996,0,7
6600,870,744.5915783878567,QR,Electronics,US,15.0,0.31710482306113624,0.24966077124124167,0,7
7915,192,24.905704128078007,QR,Clothing,US,17.0,0.11382721708360297,0.17517768426359004,0,7
581,486,132.9189755429374,POS,Grocery,US,21.0,0.21466218360940492,0.1105054109007409,0,7
4963,138,567.4967994900339,QR,Grocery,FR,14.0,0.21050904179975352,0.2436534394844151,1,7
4614,113,229.4539157369883,POS,Food,UK,17.0,0.17225952201799707,0.10705039652996642,0,7
1671,680,141.3570930796888,QR,Electronics,FR,16.0,0.18027737826082602,0.19860099980748655,0,7
9250,774,16.119217779099888,POS,Travel,DE,22.0,0.07797050608415426,0.16922597592534996,0,7
1594,788,33.48675751506271,ATM,Travel,DE,18.0,0.10359217640279705,0.19808498538512032,0,7
622,412,3.0412641823341566,Online,Food,US,23.0,0.45300556429380695,0.5086112764716876,0,7
6707,552,22.207493141733522,ATM,Clothing,FR,6.0,0.15034199897696168,0.15257654068617899,0,7
5801,135,13.966817078252149,POS,Electronics,UK,21.0,0.11145965231475746,0.21033376918185437,0,7
9612,371,24.70621026858801,POS,Food,US,10.0,0.3176273146587055,0.14989015418703158,0,7
9475,247,122.54733718759749,POS,Electronics,TR,20.0,0.30497757735099984,0.4637475194737051,0,7
7852,393,25.914910018894993,POS,Travel,FR,22.0,0.30749775168962235,0.14949895791312692,0,7
5183,869,175.96026350708954,ATM,Food,FR,22.0,0.21484990535643297,0.130449660384305,0,7
4706,249,416.6538577382957,Online,Clothing,DE,16.0,0.3621536814999848,0.249118623809059,0,7
6036,852,530.0850669480316,ATM,Grocery,US,13.0,0.5938244766793996,0.3639421491250948,0,7
8859,949,59.195551961804064,QR,Clothing,UK,11.0,0.2509856152397681,0.06513164129091041,0,7
3657,515,806.627728670445,QR,Grocery,US,15.0,0.12861970902192932,0.28632080733883336,0,7
2323,550,35.84917655991285,POS,Travel,US,17.0,0.08072312414795024,0.19769039180166864,0,7
5031,902,155.59681583005667,ATM,Food,DE,16.0,0.27286807263376694,0.46017460126421617,1,7
929,13,40.59312195280189,Online,Electronics,FR,23.0,0.10612708745890533,0.15887816001102542,0,7
7251,924,51.4403690398387,ATM,Electronics,US,11.0,0.21850181325904922,0.3490294318754839,0,7
2560,858,487.9774573462759,Online,Clothing,UK,22.0,0.809312425764412,0.14642979495123898,0,7
1115,289,19.99468892734021,ATM,Grocery,UK,22.0,0.23691939991885302,0.23172282815307377,0,7
8597,808,651.5852421155915,Online,Grocery,FR,17.0,0.6020982242976085,0.5949153567010274,0,7
7678,465,110.84097006050673,QR,Food,TR,13.0,0.2111140545149562,0.17396128858021054,0,7
5113,744,7.820231351600652,Online,Travel,TR,22.0,0.19073886323960237,0.2754323267138929,0,7
9093,363,359.58061341461797,POS,Travel,US,11.0,0.42608403242411447,0.5335099049096995,0,7
3693,444,263.9886826141326,Online,Travel,TR,13.0,0.21843892088850658,0.16916258489586145,0,7
7461,218,0.0,POS,Clothing,TR,7.0,0.14955708078587238,0.06261907072430355,0,7
6746,323,65.18062019059658,ATM,Food,US,9.0,0.21419304833430367,0.2664374897076721,0,7
4019,516,427.9148835347404,ATM,Food,FR,18.0,0.244535755410816,0.13423251604573358,1,7
5190,710,42.63882047297945,POS,Food,DE,22.0,0.0942534106887887,0.2716890293000838,0,7
4625,191,40.80008660357444,ATM,Travel,US,4.0,0.20265138073980055,0.4384284878167487,0,7
7047,745,661.8864067973093,ATM,Travel,DE,14.0,0.41920418637547474,0.28436911429076495,0,7
7047,629,24.091376677026016,QR,Travel,FR,15.0,0.15686034020947173,0.10977394419137813,0,7
9027,117,717.7947179935312,QR,Clothing,TR,21.0,0.26566287161391156,0.14722288710854065,0,7
6379,923,179.6972504914117,POS,Electronics,UK,18.0,0.1965688943716801,0.2695037798151036,0,7
9923,743,328.16773422651926,Online,Food,US,18.0,0.20583029134085012,0.25009257295916776,0,7
1887,834,38.283579044641165,Online,Food,UK,20.0,0.2951276364638121,0.32166449277172166,0,7
9544,880,45.59394697950265,POS,Food,US,10.0,0.4447271280836348,0.41378124019924095,0,7
7606,854,69.95911216939503,ATM,Electronics,US,5.0,0.12339933783831808,0.15442152958924785,0,7
1900,871,52.92920191378328,ATM,Electronics,UK,21.0,0.1464685779089126,0.25878961900999214,0,7
5311,338,127.99206493261357,Online,Travel,DE,16.0,0.2768577858552308,0.2769206230923274,0,7
1246,948,47.64225830620008,QR,Travel,TR,4.0,0.15609896708484794,0.13207386005895455,0,7
5940,401,105.74076438209545,QR,Grocery,US,13.0,0.136269687377442,0.620836384600739,0,7
1927,350,370.4801709423967,ATM,Grocery,FR,20.0,0.21357553230542514,0.35673128502477186,0,7
1368,197,155.30111616161565,Online,Travel,UK,7.0,0.15247733364331828,0.12406679693365195,0,7
6016,702,53.89425085344101,ATM,Grocery,UK,16.0,0.09437946072385889,0.262353168390995,0,7
4015,284,84.96761887056854,ATM,Grocery,US,16.0,0.279626086811355,0.08368490607460016,0,7
8500,516,128.18584338942566,QR,Grocery,FR,23.0,0.12416371471954006,0.09739987170066956,0,7
1517,284,7.868866704288771,ATM,Grocery,FR,19.0,0.10325159414701236,0.1851545607724626,0,7
9981,164,855.8447870358199,Online,Electronics,US,14.0,0.23896529249952625,0.1908202115423109,0,7
7470,155,510.0196744663861,POS,Grocery,UK,21.0,0.14546068026855366,0.628776607758776,0,7
300,430,27.58751965158042,POS,Food,FR,15.0,0.22046999774349788,0.1006818372298898,0,7
4586,940,0.0,POS,Food,FR,10.0,0.08150600088059774,0.10561715422223591,0,7
9120,56,344.7840726034482,POS,Electronics,DE,17.0,0.29552847115223163,0.47094881247398823,0,7
7035,234,262.0685183956998,QR,Food,US,15.0,0.3581159872091173,0.4051214765940879,1,7
574,548,141.97027688865023,QR,Food,DE,20.0,0.06819352005767046,0.13024035052698935,0,7
3054,38,175.6668657343293,POS,Electronics,TR,17.0,0.1521961631361712,0.1697403763517102,0,7
741,692,549.2574730155419,QR,Food,DE,8.0,0.46056441761029376,1.0,1,7
4957,865,482.88532946238104,QR,Clothing,US,23.0,0.31690103484828536,0.30542946833711665,0,7
8622,445,634.4169900806643,QR,Grocery,TR,20.0,0.09258357934029271,0.25577601684229606,0,7
4298,258,6.629440366451341,ATM,Grocery,UK,12.0,0.2513134529355423,0.18980201240829875,0,7
9113,373,139.51699793719192,POS,Grocery,DE,21.0,0.19737934949193056,0.1453968886558528,0,7
3596,728,22.892001407188125,POS,Grocery,DE,16.0,0.21391059693557765,0.0966473093985412,0,7
3475,205,81.24124299075073,POS,Clothing,TR,20.0,0.08600509272725704,0.10076214973077194,0,7
4578,246,74.29470147907703,QR,Food,TR,18.0,0.0946103419426176,0.07984881611648222,0,7
9795,420,407.20634098095456,ATM,Electronics,US,10.0,0.2806353075387505,0.23339988015246887,0,7
3426,591,236.40050444971394,QR,Clothing,DE,20.0,0.1479164663133086,0.9502112132277731,0,7
1731,600,51.01028889647848,Online,Electronics,TR,20.0,0.19791098927647677,0.15943256088028518,0,7
238,698,474.25924399431824,POS,Food,US,11.0,0.2069894220440671,0.2743796491329235,0,7
9890,677,57.827839856843816,Online,Grocery,DE,9.0,0.43034052761014663,0.255029886888566,0,7
7948,365,74.2027897460902,POS,Food,US,18.0,0.5263770237554828,0.2658855169787055,1,7
2417,122,88.5951059557088,QR,Travel,UK,16.0,0.45372028593142183,0.4649209577536347,0,7
3035,901,469.737334352121,POS,Food,US,20.0,0.4188385099281259,0.24973512439825168,0,7
7199,186,53.078696829989426,QR,Clothing,DE,17.0,0.23919949729722162,0.42170805623606367,0,7
7994,626,344.1634147714059,ATM,Grocery,DE,8.0,0.0800529893828357,0.2572235514086071,0,7
5206,333,57.47047141166184,Online,Food,NG,20.0,0.42982226204122637,0.20647869842369257,0,7
161,479,16.275128049404117,QR,Grocery,DE,12.0,0.24505613120057781,0.17261011146882224,0,7
6597,465,41.29881019684957,POS,Clothing,UK,21.0,0.36015372345410124,0.2126439012342679,0,7
681,130,185.54792035444459,POS,Clothing,FR,14.0,0.16180614170900653,0.24406682225263338,0,7
3545,988,62.028908412454044,QR,Grocery,US,19.0,0.19308359485768942,0.1144441118296983,0,7
9889,291,49.09588527970611,QR,Electronics,US,20.0,0.19241052318181984,0.1606557934843963,0,7
9087,845,40.44076272873555,ATM,Grocery,UK,6.0,0.2990141093232799,0.2931138129080832,0,7
7968,340,21.484966574274036,POS,Electronics,TR,8.0,0.240202248675164,0.11144434972581274,0,7
8972,58,26.658120906562395,Online,Clothing,TR,4.0,0.2774549541748843,0.3263141879060436,0,7
4133,733,27.60126860976952,QR,Electronics,US,11.0,0.29005995177241184,0.10337953317508211,0,7
385,773,145.80263812018035,POS,Clothing,DE,13.0,0.06415196997569009,0.2883544201008395,0,7
9154,724,2.5675565090175465,Online,Clothing,US,21.0,0.125416828697125,0.11013355364717402,0,7
2160,170,94.35383842750481,POS,Food,FR,14.0,0.21682369853595063,0.3586307768675258,0,7
4925,486,40.7764940166535,Online,Travel,US,8.0,0.19421953608291406,0.3215990791377005,0,7
6238,863,17.16417500442804,POS,Travel,FR,22.0,0.10589882067422224,0.1433728564325819,0,7
9232,448,14.867565727526976,ATM,Grocery,DE,22.0,0.12014650409042057,0.2826888992046645,0,7
4792,43,12.276398526287068,POS,Grocery,US,23.0,0.22062560696043643,0.23346566488552792,0,7
6089,569,20.512061218102307,QR,Grocery,DE,22.0,0.3067789935069746,0.11128773340449233,0,7
3638,456,36.16178231045143,Online,Food,TR,16.0,0.1324842326036582,0.20184393435220147,1,7
9607,6,905.6571819005362,QR,Travel,UK,15.0,0.7074145298971468,0.4260509815354434,0,7
1386,830,193.6391931272428,POS,Grocery,FR,14.0,0.06917077202076807,0.08417543986167664,0,7
4140,630,193.49177744660506,QR,Electronics,US,15.0,0.20226164594600474,0.3858182465043014,0,7
937,705,214.85638939560343,POS,Electronics,DE,9.0,0.269677462163207,0.21503294849383964,0,7
1422,379,44.25291760472037,ATM,Travel,FR,23.0,0.07613794761181106,0.4257862921695826,0,7
9461,727,52.293323436343485,QR,Electronics,TR,11.0,0.11309508172919039,0.15662823528072387,0,7
3596,662,162.36006283375136,Online,Travel,TR,21.0,0.16525812885057814,0.28141562865076913,0,7
750,271,103.7839294427178,ATM,Clothing,FR,15.0,0.3750676036737926,0.19419974862230163,0,7
7499,860,15.282458603260357,Online,Clothing,TR,12.0,0.06395617244038217,0.1297587884285835,0,7
7355,937,76.78060209523929,ATM,Grocery,TR,20.0,0.1577847681725313,0.2185289517969587,0,7
7878,204,26.125229415838415,POS,Electronics,US,23.0,0.10492989710403303,0.1724957145701545,0,7
2112,246,153.45062254515366,POS,Food,US,19.0,0.13627908533543426,0.270867095113513,0,7
4204,719,21.066749337214404,ATM,Food,UK,11.0,0.05849702941701847,0.08120012538937199,0,7
3238,611,128.12274757871108,Online,Travel,DE,13.0,0.2876691625618803,0.3266988916929672,0,7
9453,507,284.25304247300807,QR,Food,FR,12.0,0.21095937639138004,0.20622180211766689,0,7
7629,228,88.5045801800856,POS,Clothing,UK,21.0,0.09108799656145515,0.06445949293979462,0,7
8557,566,233.8973080175347,QR,Travel,UK,8.0,0.382241599195572,0.8369930489810301,0,7
2677,819,35.21106014116497,Online,Electronics,US,12.0,0.17722865699218887,0.23046603079262049,0,7
2045,480,90.0112944569429,POS,Food,US,5.0,0.674383066628631,0.09269072440737981,0,7
8370,697,123.9426919217858,POS,Grocery,DE,12.0,0.20007402773433952,0.41974935296336013,0,7
3886,814,104.75546384586504,QR,Electronics,US,9.0,0.20424515716585903,0.3081747378664279,0,7
7579,163,84.25755260755498,ATM,Food,UK,4.0,0.3273247974137084,0.21387450526081164,0,7
362,747,2.1331778975701545,ATM,Grocery,US,23.0,0.06845309076731589,0.12209454253333499,0,7
1263,790,45.81718143752355,POS,Clothing,US,15.0,0.3310872916426005,0.14080336785949207,0,7
9572,919,33.38615388166587,ATM,Clothing,FR,11.0,0.07243496514805756,0.05818381160009081,0,7
6944,871,36.75899793517209,POS,Travel,DE,7.0,0.15811716702317408,0.11591828897893988,0,7
8200,885,288.6997864623633,ATM,Electronics,DE,22.0,0.25532080800780543,0.8226557695437416,0,7
5198,524,348.47702812982146,ATM,Electronics,UK,19.0,0.27502735133029954,0.42406423151128747,0,7
6421,848,3.8751865098143012,POS,Grocery,FR,20.0,0.21064070630464587,0.1794155994817191,0,7
8773,245,5.812395463765818,QR,Grocery,US,10.0,0.16001810208643394,0.4488723646293906,0,7
7951,731,31.463166133366347,POS,Clothing,DE,18.0,0.1095293077665776,0.080064889794036,0,7
1411,972,111.20061116440063,ATM,Food,TR,23.0,0.2052101822228445,0.3406086848446701,0,7
3837,974,156.77295418003936,QR,Electronics,FR,22.0,0.5495754810017794,0.6994427795616434,0,7
2093,665,100.93698955673138,POS,Electronics,DE,9.0,0.1422764626735069,0.10459979496272265,0,7
2606,261,359.2456663865737,QR,Travel,UK,22.0,0.3054269063159747,0.3929791912072924,1,7
4471,20,125.12923721008401,POS,Clothing,DE,18.0,0.3921118643556045,0.3963014227755705,0,7
6033,682,282.90131838927533,ATM,Travel,TR,16.0,0.17540265172369024,0.29767376905027426,0,7
6215,651,74.64020557205718,QR,Electronics,UK,8.0,0.29769719962661323,0.09277227128203197,0,7
4974,846,39.8520455123219,Online,Grocery,FR,23.0,0.07285324254445691,0.21039514858804245,0,7
9518,996,116.17217059159432,QR,Grocery,FR,19.0,0.2791715299544807,0.12913400435744218,0,7
6847,456,15.650120849580425,Online,Grocery,DE,8.0,0.1231334915099978,0.3881553812573226,0,7
5211,167,93.67682775425098,Online,Travel,US,17.0,0.21553241925147976,0.2818059204708116,0,7
2734,862,17.750468173925565,POS,Food,DE,21.0,0.08121671477282698,0.29985987819725857,0,7
7712,222,43.99233145019299,POS,Grocery,TR,18.0,0.08179862798614586,0.20141790423654057,0,7
7559,495,0.0,POS,Grocery,UK,17.0,0.06384519434965541,0.1633259927815447,0,7
5137,223,4.16341984493307,Online,Grocery,UK,17.0,0.0840161480304372,0.12164948534318865,0,7
1247,569,44.7408867062494,Online,Travel,UK,15.0,0.10358747686241881,0.50415309368591,0,7
1788,124,7.159641081229805,ATM,Travel,FR,17.0,0.08281464239679266,0.1811371291862825,0,7
203,54,13.1586375855522,Online,Clothing,FR,9.0,0.2554407979911146,0.3714505151126817,0,7
8914,848,103.86951128380086,ATM,Food,US,20.0,0.07406302958575817,0.07396470350883108,0,7
7600,921,14.234246369449457,POS,Food,US,21.0,0.08847487400529741,0.09530955759709323,0,7
4742,25,124.17587368871874,QR,Food,TR,10.0,0.19713273976949278,0.08453310649090967,0,7
4159,211,67.81099191001366,Online,Food,FR,4.0,0.11895898831475435,0.06155141939282814,0,7
4747,728,72.22009991531857,ATM,Electronics,FR,17.0,0.12903066690070847,0.21076078540667892,0,7
1580,986,138.8396189527444,POS,Electronics,TR,5.0,0.5119666594334102,0.284504526820167,0,7
6812,448,484.40389562833013,ATM,Food,UK,13.0,0.348321651902805,0.43362974169533974,0,7
2982,363,85.09238771343675,Online,Grocery,UK,14.0,0.1790410503692084,0.17318395435597186,0,7
432,480,222.09525289605304,QR,Electronics,TR,13.0,0.257511957017538,0.15018531806238863,0,7
1841,612,130.92548871444112,Online,Electronics,US,5.0,0.10988511877624094,0.27089157996944885,0,7
9044,540,335.9750451882462,Online,Food,UK,16.0,0.1769375015591142,0.3343673623593258,0,7
4150,877,102.4467222271793,ATM,Electronics,UK,20.0,0.31784108911793557,0.09459805045939519,0,7
6997,44,54.99968623675613,POS,Food,FR,22.0,0.12196649078856359,0.16689883338264982,0,7
8818,884,92.72231453621626,QR,Clothing,FR,12.0,0.2776512613766932,0.21927728822411702,0,7
4675,869,70.02623089576858,POS,Grocery,TR,7.0,0.3181875111129258,0.26116152851245905,0,7
4548,662,138.76580214945864,Online,Food,DE,19.0,0.09135825478897133,0.07611928545361474,0,7
2186,146,0.0,POS,Clothing,US,16.0,0.2167001899820392,0.18023563221767608,0,7
3667,44,353.18025321570497,Online,Travel,DE,22.0,0.12261661541950221,0.6456187730398935,0,7
2923,788,236.84017606355334,POS,Grocery,DE,22.0,0.3495153193224146,0.12604021887977782,0,7
1017,215,1.1687652971927798,POS,Travel,US,21.0,0.28245463767815415,0.1262752275376837,0,7
6319,997,41.34612869426598,POS,Grocery,NG,11.0,0.3273677080494372,0.4819149917970512,0,7
9204,277,34.355982713160714,POS,Grocery,UK,23.0,0.7135464932729003,0.3263351736458601,1,7
8715,861,8.535625805626207,POS,Travel,US,19.0,0.187272734837692,0.13007560989656725,0,7
4655,153,124.49908652258026,POS,Electronics,DE,18.0,0.490934720327989,0.2235623802247337,0,7
281,906,47.98735346708963,ATM,Food,US,19.0,0.3947843252607873,0.3195237744330246,0,7
8889,472,6.87123630945298,POS,Clothing,FR,20.0,0.2197140057145901,0.09758163237359277,0,7
746,190,3.8251049912072568,QR,Travel,FR,22.0,0.11661235844270351,0.13147409247601463,0,7
6899,527,55.057932786231824,POS,Grocery,TR,5.0,0.1783177540027514,0.23493579930975841,0,7
4052,465,5.095214780622769,ATM,Electronics,FR,22.0,0.15080431268890065,0.4515940732791906,0,7
7751,808,6.210532969870223,POS,Clothing,FR,8.0,0.06839231547872703,0.1259790179803726,0,7
3065,419,36.37106951341699,POS,Grocery,TR,15.0,0.19810375335794694,0.0894588278218007,0,7
8146,982,139.8432056070203,ATM,Travel,DE,22.0,0.1017072513353901,0.1766239294968623,0,7
1580,103,2.3346452196641567,QR,Clothing,TR,20.0,0.18790840442002174,0.1378577616621607,0,7
7875,203,85.98681399145943,ATM,Food,UK,16.0,0.2154778747433518,0.09694984123887959,0,7
2176,2,89.80536039269029,QR,Grocery,TR,12.0,0.12233723960590376,0.21297780506300287,0,7
2552,652,27.906525285683507,QR,Grocery,FR,9.0,0.3864366309796291,0.12459820755678432,0,7
7747,497,50.631807813228875,QR,Clothing,UK,14.0,0.2192913062119458,0.3028988095855882,0,7
8678,734,12.394319418854852,QR,Grocery,TR,18.0,0.08634013366590634,0.07824188365896452,0,7
620,232,24.63032626861436,QR,Food,DE,23.0,0.36261554562436493,0.15130448375260866,0,7
7842,952,133.0725537920002,ATM,Travel,DE,18.0,0.4189641158994728,0.2302147105676156,0,7
1120,692,162.54434757827707,Online,Food,UK,23.0,0.6213184360426085,0.8017427253559212,1,7
6484,750,27.08018290440751,Online,Electronics,US,21.0,0.11069990321458031,0.05994112733803899,0,7
7335,945,19.63418530016003,Online,Travel,DE,15.0,0.09254383496826471,0.15629290520668082,0,7
25,998,135.31902757594753,QR,Food,US,21.0,0.23937268935564987,0.3446040727688733,0,7
390,527,383.24796195785393,POS,Food,TR,19.0,0.48284547044031995,0.24093167114304537,0,7
3738,869,82.73478498954273,POS,Food,US,13.0,0.0629677285504735,0.09156846270246442,0,7
590,170,874.7444121972502,QR,Clothing,DE,8.0,0.24098610427089004,0.3129988655214792,0,7
1869,0,17.173065479425652,POS,Clothing,DE,21.0,0.14194749983172816,0.08456778654300495,0,7
1543,60,60.10620791276529,Online,Electronics,TR,7.0,0.16810073593660677,0.3116927098451833,0,7
1349,703,93.49646853938154,Online,Travel,UK,12.0,0.12534100645307023,0.42153390555953957,0,7
1855,236,811.8035004085763,Online,Electronics,UK,21.0,0.08499899891839986,0.19163251047533422,0,7
6128,697,23.604642154088356,QR,Clothing,TR,11.0,0.3141083987503469,0.09333576326548208,0,7
5396,702,82.97255961228144,QR,Food,UK,14.0,0.15856526673368498,0.20635605370964977,0,7
555,187,214.59358822213633,ATM,Clothing,US,21.0,0.13432157082758675,0.6909546262735535,0,7
898,114,7.915434878828224,POS,Electronics,TR,9.0,0.09383244963488802,0.1564409721141556,0,7
9239,779,223.85978649171616,QR,Travel,UK,22.0,0.2764783034623653,0.0981914618485126,0,7
6751,892,62.02880818711037,Online,Food,FR,16.0,0.19617450175973267,0.14486267492595262,0,7
5633,65,43.258069484872216,QR,Clothing,TR,22.0,0.14511483619140914,0.2786170154899824,0,7
8840,489,74.23832015333879,QR,Travel,DE,14.0,0.16686121925020475,0.15481684882118152,0,7
3150,857,11.072291488658964,QR,Food,TR,11.0,0.1816248266336482,0.17885655737226966,0,7
5862,377,313.64011297127684,POS,Grocery,FR,12.0,0.1784527634350046,0.3015025943664792,0,7
8108,23,81.62091978236043,Online,Grocery,FR,2.0,0.3232451713312425,0.13570936191289465,0,7
66,530,263.3871447745338,ATM,Clothing,UK,4.0,0.18300132813184833,0.31597909202425806,0,7
4866,887,168.71190772505855,ATM,Travel,UK,11.0,0.18165268422035838,0.20543197709817296,0,7
7693,347,261.0549148811206,ATM,Travel,TR,22.0,0.14690894406004595,0.06699617299366642,0,7
4686,12,133.11822459354926,POS,Food,TR,16.0,0.2012906872143715,0.2031591288261956,0,7
9860,751,229.71742558075843,QR,Grocery,FR,15.0,0.4739337370904085,0.21702987376142607,0,7
1830,697,10.898873111812385,ATM,Clothing,TR,12.0,0.23219347521818368,0.20477529786016935,0,7
4077,327,29.63712331639963,ATM,Travel,FR,23.0,0.06803874465634428,0.0891431691298904,0,7
9407,536,624.3111512342513,QR,Food,US,16.0,0.3683622457219706,0.20579064190592955,1,7
3761,30,43.029470297084764,POS,Grocery,UK,13.0,0.18996454442934613,0.27639887004774827,0,7
3178,64,325.1318789461201,ATM,Food,TR,23.0,0.5020282707743513,0.09524967528061513,0,7
4493,334,55.31890435399627,ATM,Travel,TR,15.0,0.18743898888040755,0.24304541113631378,0,7
70,987,42.71175968302935,ATM,Travel,DE,17.0,0.27515468976334817,0.575775587295011,0,7
6422,503,34.63074094733306,QR,Clothing,TR,11.0,0.5781422790259898,1.0,0,7
2136,729,413.655439097057,POS,Travel,FR,9.0,0.3132412898101936,0.18537581735342012,0,7
5154,684,147.78579167358538,ATM,Food,DE,12.0,0.153456001255512,0.2238016496179474,0,7
6225,783,148.5168824029155,ATM,Travel,TR,8.0,0.34127512619154765,0.25952092025635093,0,7
3737,500,119.50965172911418,Online,Food,DE,20.0,0.10843817681260207,0.0672985385351883,0,7
8366,923,31.503636648011476,Online,Travel,US,6.0,0.21301004744893384,0.3186109604554257,0,7
1939,741,51.043774037362915,QR,Food,DE,4.0,0.3299315939235701,0.2904646744394111,0,7
5155,734,46.75358511466805,QR,Food,FR,14.0,0.18920337223099776,0.16084987846959706,0,7
8960,196,205.08152876818926,POS,Grocery,TR,20.0,0.1715866661969209,0.1196877846717341,0,7
9750,601,53.51311716764471,QR,Grocery,US,13.0,0.18641640103810805,0.31915291694767,0,7
9006,315,38.17275564281162,POS,Grocery,US,9.0,0.07217819053381298,0.06595260220571551,0,7
6534,363,145.57449746589558,Online,Travel,US,17.0,0.2695555678600241,0.25374700424666224,0,7
6753,652,58.59067866369324,QR,Travel,DE,18.0,0.0905782642015473,0.12666872290663278,0,7
9948,824,320.5980477459828,Online,Travel,DE,13.0,0.10671554599481901,0.1311518610752419,0,7
4084,272,35.72039473947609,ATM,Food,UK,11.0,0.17435365581687257,0.08712945466114663,0,7
4851,294,193.699008466859,QR,Grocery,TR,13.0,0.2403666582724429,0.5521306755146741,0,7
145,831,237.58738307498385,POS,Clothing,UK,11.0,0.48418815820484695,0.33596827695109854,0,7
4179,713,167.2693548791097,QR,Food,DE,10.0,0.10838457129597545,0.09648632056132558,0,7
3826,523,31.497591507561605,Online,Clothing,TR,9.0,0.17752641418802562,0.09597457305325008,0,7
6426,652,91.6220290866926,ATM,Clothing,TR,16.0,0.2394244944146288,0.29090309224734734,0,7
5910,425,135.18695070002698,POS,Grocery,TR,21.0,0.31487833920446273,0.23415001709286337,0,7
675,802,243.5880653144905,POS,Grocery,UK,18.0,0.3873732574077732,0.2600585611000845,0,7
3642,992,251.01325969001428,POS,Travel,DE,19.0,0.3137355733670294,0.07616852496685876,0,7
3085,495,165.7002750961761,Online,Electronics,US,7.0,0.14550652982322107,0.20413690148768662,0,7
9675,89,182.96829963605418,POS,Grocery,US,20.0,0.11434904841870805,0.521926439106695,0,7
1256,140,9.482868656009849,POS,Clothing,UK,21.0,0.23427896417778205,0.17837786883335716,0,7
280,812,274.48412038658716,Online,Travel,UK,20.0,0.12020971868495213,0.09850401711165967,0,7
6083,655,120.15310088042257,POS,Grocery,DE,10.0,0.1544317584460273,0.16595909150270693,0,7
9807,616,896.2857945848883,Online,Electronics,UK,16.0,0.5612442030922515,0.2480027736931702,0,7
7702,595,44.30766074583011,Online,Clothing,UK,10.0,0.156320890349142,0.2487287228869873,0,7
8141,114,458.6738454626665,Online,Electronics,UK,20.0,0.09806769238727883,0.13925987862138473,0,7
5263,324,280.4957544755997,QR,Food,DE,17.0,0.48811967377094334,0.22980840811469747,0,7
2407,243,128.01607631836848,POS,Grocery,FR,10.0,0.35380970925300304,0.15187254934147584,0,7
291,837,429.8803307439151,Online,Grocery,DE,20.0,0.18197579466296582,0.4077307637897569,0,7
3166,990,200.80293014525589,ATM,Food,UK,22.0,0.12019938935253816,0.09354846135056974,0,7
4567,452,178.40338594589338,POS,Food,FR,16.0,0.49901127915236276,0.24858771740394991,0,7
4605,348,218.77987765348232,Online,Food,UK,21.0,0.20738658700707346,0.3412930648896602,1,7
7490,393,345.48854190607733,ATM,Clothing,DE,22.0,0.1706750909516359,0.25667443043570165,0,7
6331,518,90.35965584841955,QR,Electronics,DE,11.0,0.23587742001197912,0.12292923486978159,0,7
2428,180,1065.1491330300757,ATM,Food,US,22.0,0.1615817306887347,0.11865469296063055,1,7
3038,277,62.92399364143183,QR,Travel,UK,22.0,0.08083410627397762,0.3988126581717566,0,7
1884,517,65.53839252020984,POS,Food,DE,20.0,0.23320598429346462,0.301880736876729,0,7
9707,236,39.76163456175138,POS,Travel,DE,17.0,0.4624181167077177,0.4251546149902609,0,7
5562,455,6.208603765491333,QR,Travel,US,23.0,0.16425492307569933,0.057494952599644815,0,7
3213,205,157.82290196404696,ATM,Food,US,23.0,0.1871754286874355,0.1315099333763129,0,7
9673,47,3.2531701063501175,ATM,Travel,TR,23.0,0.1110213549664486,0.19684334819054494,0,7
5914,857,324.55273605448957,QR,Electronics,US,9.0,0.11230042101457194,0.11863648510658234,0,7
9499,892,151.28573578535705,ATM,Food,DE,22.0,0.07096925045015205,0.19257495034090602,0,7
3336,236,326.66358333941105,QR,Grocery,UK,18.0,0.278806405972371,0.09181507855487323,0,7
7401,413,376.25214255938226,QR,Clothing,FR,22.0,0.43203480158641727,0.23748819317598188,1,7
5427,406,40.528685410010766,Online,Electronics,FR,10.0,0.12671742296615973,0.07761133257032687,0,7
3087,382,71.27483956514799,QR,Food,US,16.0,0.12938027719234108,0.20155612112377633,0,7
4635,834,125.80906895803867,POS,Food,DE,12.0,0.165585922582545,0.41520661865106484,0,7
4908,912,7.607801328817919,QR,Food,DE,15.0,0.07179164139331148,0.1411477929295998,0,7
1676,229,396.4773085926542,QR,Clothing,DE,13.0,0.2974918695125714,0.3294020185912695,0,7
8910,62,104.58342455389622,ATM,Clothing,DE,18.0,0.06471901815103888,0.10746395459963369,0,7
2371,308,14.405949577812585,QR,Travel,DE,21.0,0.10293984028524604,0.19362743887395367,0,7
2468,556,414.17128293700483,QR,Grocery,UK,16.0,0.2688938941085165,0.08622798138752198,1,7
2436,939,232.05047424144328,POS,Electronics,US,18.0,0.3476388882371503,0.2629057312089746,0,7
1860,282,45.72665408497681,QR,Grocery,UK,15.0,0.3923221967507045,0.3245480515134722,0,7
6012,250,881.6384539815343,QR,Travel,FR,12.0,0.08913771348567397,0.16931709140140572,0,7
3586,707,92.74616556611929,ATM,Grocery,FR,15.0,0.18855213878406463,0.5511062534686315,0,7
4396,979,685.9394821385753,POS,Food,UK,3.0,0.2238901384232146,0.7187534078202075,0,7
7815,694,327.1947741614013,POS,Travel,DE,23.0,0.1423223627754733,0.16338980557081886,0,7
9513,862,231.86373629628196,Online,Travel,UK,16.0,0.30106775122767254,0.19883173346130315,0,7
9482,423,146.441450201747,QR,Grocery,US,0.0,0.20698567047657931,0.39723841872982485,0,7
4563,520,83.11282652656567,POS,Clothing,US,13.0,0.33634101039847375,0.16387638124564172,0,7
8880,210,913.0863601478371,POS,Grocery,US,20.0,0.09431188948091805,0.3652924885590122,0,7
3575,832,247.9484091352959,POS,Grocery,FR,12.0,0.1947499235498994,0.2059523771806629,1,7
1337,991,63.1866781568918,POS,Clothing,TR,22.0,0.07234663106081428,0.07861720541976258,0,7
7277,755,16.38995670053693,QR,Clothing,US,15.0,0.21140199294558826,0.06644034423777778,0,7
1740,582,56.01482755284001,POS,Electronics,US,15.0,0.19132794152502483,0.3288762171796244,1,7
7519,834,32.77270658030393,QR,Clothing,US,13.0,0.08852704723265209,0.15720379860576264,0,7
7612,404,157.14953789730853,POS,Grocery,DE,21.0,0.10212022976914867,0.11924554640433387,1,7
4179,987,431.5202730196214,POS,Electronics,DE,8.0,0.44270006138402945,0.2088451938723645,0,7
2923,818,217.19413523632483,ATM,Travel,TR,11.0,0.08136383250839106,0.13731054730936013,0,7
9963,690,183.4445626511271,Online,Clothing,UK,14.0,0.454089309607326,0.25251596382710717,0,7
5427,33,238.180125341396,POS,Travel,TR,14.0,0.40779502410006696,0.3006208340790495,1,7
4021,169,190.9900204785526,QR,Clothing,FR,16.0,0.17113570803196065,0.16721437676758874,0,7
9118,268,120.73288518402646,ATM,Electronics,DE,18.0,0.11962321776374552,0.1026396350064741,0,7
3238,68,154.87438747510956,ATM,Food,DE,8.0,0.13447136820371702,0.19132314251911678,0,7
3559,259,136.46047970528315,ATM,Grocery,DE,20.0,0.15984999342672704,0.06959796130367453,0,7
9007,438,41.86979955750379,Online,Electronics,FR,23.0,0.13876213284128763,0.11340544137552998,0,7
8385,257,9.5353628047785,POS,Electronics,UK,12.0,0.08901098539296386,0.07752888604073369,0,7
5602,443,501.56488074040897,ATM,Food,DE,9.0,0.12299899259065772,0.17736555207451563,0,7
2136,958,757.8473327859006,Online,Grocery,TR,9.0,0.14141736139473415,0.46762806324815076,0,7
8400,833,9.90788067500633,QR,Electronics,FR,22.0,0.1366863569714805,0.08864432703424968,0,7
8484,421,135.62471599530338,POS,Travel,TR,15.0,0.11802701165407659,0.18084592357235796,0,7
7553,433,16.279315053402286,POS,Travel,FR,13.0,0.18121979360844853,0.1405526092818956,0,7
8017,647,1082.5161023131964,QR,Clothing,DE,22.0,0.2684536795863992,0.0956860598348582,0,7
1770,330,169.13756365433403,QR,Clothing,TR,14.0,0.1517798462210525,0.37756401630196207,1,7
6631,222,185.12479318772205,POS,Electronics,UK,20.0,0.48261483988185616,0.281189869997452,0,7
2527,78,193.58073771332448,QR,Clothing,DE,6.0,0.5597566692062013,0.258915002134863,0,7
6466,618,243.97235568950524,ATM,Food,FR,21.0,0.22598174499997506,0.10304053376352593,0,7
592,191,373.78293125247006,ATM,Electronics,DE,11.0,0.38768668868284795,0.3077457031386692,0,7
1765,466,26.252067910085163,POS,Electronics,US,5.0,0.14683107061687475,0.14153579799766985,0,7
4455,31,340.734043132031,ATM,Grocery,TR,21.0,0.17662136114963514,0.10494884695794895,0,7
6314,730,35.02912654160943,ATM,Electronics,FR,16.0,0.2930848025878528,0.23745978975839518,0,7
755,280,15.14723461735526,POS,Grocery,UK,20.0,0.21656534654371878,0.1561433749229944,0,7
8217,194,889.4558364369608,POS,Electronics,FR,6.0,0.11454923541625615,0.3481839712548586,1,7
8462,237,0.0,ATM,Electronics,FR,8.0,0.5261151265726015,0.08212843867867407,0,7
8369,600,68.22170821178489,Online,Electronics,FR,15.0,0.1913131792140482,0.2100527544629441,0,7
2371,715,34.08011982311888,QR,Clothing,US,19.0,0.15094801987319195,0.09326801572570007,0,7
8262,113,39.52052074432255,QR,Electronics,TR,7.0,0.702880306666755,0.2945402508366041,0,7
5143,699,74.81866038501126,QR,Food,TR,6.0,0.17058811095994236,0.46582494800543806,0,7
5426,401,117.82622141073418,Online,Clothing,US,19.0,0.06116145112060415,0.10979528960831966,0,7
5434,250,19.55676592110194,POS,Electronics,DE,7.0,0.15724733359754878,0.27244721226876706,0,7
9571,85,186.5437705987286,Online,Clothing,DE,13.0,0.14993405175526256,0.33820689284464855,0,7
4230,206,61.95753562600105,QR,Travel,TR,18.0,0.12825002551573664,0.08099200570532826,0,7
325,924,250.19538950264382,QR,Clothing,FR,5.0,0.20041012669485372,0.19806638020074277,0,7
7329,296,73.33294736877963,QR,Grocery,TR,17.0,0.655118971491818,0.07205404975191207,0,7
3866,141,475.80429923739223,ATM,Food,UK,13.0,0.6707024316154273,0.35653854869308665,0,7
5308,636,195.72236001354722,ATM,Electronics,UK,5.0,0.21225930453079841,0.14287852863528347,0,7
9405,564,2.9339010097037628,POS,Electronics,DE,20.0,0.0632926869972467,0.2029709918415502,0,7
7552,287,16.475458790407252,QR,Travel,DE,13.0,0.4549820082547292,0.06974296659872098,0,7
1731,788,136.39359557107034,Online,Food,UK,18.0,0.22153187090643114,0.10913841719914952,0,7
1500,651,129.92349531875607,ATM,Travel,UK,18.0,0.622968578819759,0.2592719812727886,0,7
3437,701,17.043969417380197,POS,Clothing,TR,17.0,0.20194756702446995,0.11765734349944793,0,7
1251,289,228.09840329459064,Online,Grocery,DE,22.0,0.18932825621711152,0.35368484501841907,0,7
1757,188,755.3271351341002,QR,Travel,TR,17.0,0.4205584687443999,0.9784769796132113,0,7
8238,290,342.089055334141,QR,Travel,US,8.0,0.2877045261455084,0.28384694005431,0,7
2145,173,0.9201941505269935,ATM,Travel,DE,22.0,0.09972611701733912,0.11795309581811078,0,7
117,564,18.591682382523445,ATM,Grocery,FR,21.0,0.362118842253499,0.07489091604655793,0,7
7254,530,570.3677870635671,ATM,Electronics,UK,21.0,0.4534494822507866,0.11539645253257896,0,7
6001,881,586.8085477581833,POS,Travel,US,20.0,0.43083262088114216,0.5343496172744603,0,7
7022,848,39.39454643773396,ATM,Clothing,US,19.0,0.15543567303580688,0.3653842603472656,0,7
1251,278,8.201308677257021,QR,Clothing,DE,19.0,0.11786567928977856,0.10954722120474254,0,7
5667,611,37.64606120171575,ATM,Grocery,US,22.0,0.10092566039476522,0.06669242733125402,0,7
3919,769,9.54575386414579,POS,Clothing,TR,23.0,0.14167554276901417,0.19072092776374588,0,7
3852,72,105.74354010665317,QR,Electronics,TR,19.0,0.33793930626796437,0.22514471660016394,0,7
5950,144,65.32406555836305,QR,Grocery,TR,9.0,0.22826295403096936,0.3132128958136527,0,7
9373,686,39.21077962259719,POS,Food,TR,21.0,0.22686732240333174,0.2917572701895285,0,7
5764,578,420.94273405630395,ATM,Grocery,UK,12.0,0.41466471545736816,0.26287746193879596,0,7
928,107,0.0,ATM,Travel,UK,11.0,0.18765100788465344,0.1790354133557327,0,7
3243,247,664.7628747740135,ATM,Food,US,19.0,0.8238923237108462,0.37672711362062855,0,7
9721,867,63.499244582706375,POS,Food,TR,23.0,0.13506147251249706,0.21477493180362334,0,7
4156,445,86.08436647890629,ATM,Clothing,FR,19.0,0.3316441992464766,0.08051009139171345,0,7
5198,992,42.145131727023,Online,Travel,TR,11.0,0.16490230545822662,0.08865864069949586,0,7
2518,5,306.2110693696112,QR,Travel,UK,10.0,0.1081109794296159,0.14284641431599138,0,7
4942,796,251.2128113351799,POS,Grocery,US,5.0,0.3734740378666667,0.2974215579152532,0,7
890,506,95.36622004044146,Online,Clothing,US,11.0,0.17807335335781146,0.14683883287483623,0,7
1578,735,81.26881195387371,POS,Travel,UK,11.0,0.07573570759801569,0.5428785640164462,0,7
2111,789,101.38038685759635,ATM,Electronics,US,13.0,0.6295350533089439,0.46588508448031607,0,7
8754,392,168.12738615517623,QR,Food,UK,22.0,0.19016150747003377,0.15192965914375955,0,7
512,635,16.08020849429413,Online,Travel,DE,14.0,0.2563430293761489,0.4430153106014258,0,7
5650,44,128.12410274066966,POS,Grocery,US,17.0,0.2603444306323126,0.11675614619512265,0,7
9220,900,196.12892726877197,Online,Clothing,FR,3.0,0.32007616279858747,0.47424071279893865,0,7
8572,599,0.535124257651705,QR,Food,DE,17.0,0.07038421203125464,0.16037882930220526,0,7
6159,971,365.20482795002624,POS,Travel,UK,22.0,0.47673579102064495,0.13354056467273084,0,7
6583,788,74.76972583670636,Online,Grocery,US,15.0,0.0882830556435856,0.10182982784342173,0,7
3731,112,15.944234873181074,POS,Clothing,UK,23.0,0.14044044076881715,0.08459144974165377,0,7
4665,214,203.70878393528096,ATM,Travel,TR,22.0,0.486262049025336,0.23568594790416328,1,7
5749,853,162.48484309498835,ATM,Clothing,US,12.0,0.06986189808707083,0.08526598148270131,0,7
5398,793,61.50787386695091,POS,Clothing,FR,11.0,0.21203399133151785,0.12066792270159504,0,7
7499,665,0.15803023924230164,ATM,Clothing,US,6.0,0.08372505548711531,0.20478418631861783,0,7
1724,490,176.9031620572894,ATM,Grocery,FR,18.0,0.15533372272057488,0.3344130694853256,0,7
2967,902,18.21523157909438,ATM,Food,UK,20.0,0.19318880412708048,0.4295105451841379,0,7
9223,849,125.00087009116785,POS,Food,TR,17.0,0.1962861323146095,0.09211264436029162,0,7
9670,674,42.60008496362967,QR,Travel,US,23.0,1.0,0.17725320482724888,0,7
7941,289,143.4900980816299,ATM,Grocery,US,10.0,0.1491141156594401,0.1159577408041367,0,7
5442,661,687.558524429033,QR,Grocery,FR,15.0,0.3165956064219051,0.19647616292044795,1,7
733,872,73.74621832034006,Online,Electronics,UK,3.0,0.2780069761201213,0.38879117042667455,0,7
2983,233,385.7765488199062,POS,Electronics,FR,13.0,0.3632242963296936,0.34038325347805887,0,7
716,460,56.18825884542518,POS,Food,DE,20.0,0.20612562460777845,0.1740634948880776,0,7
6678,715,349.81115645693717,ATM,Travel,US,18.0,0.2703655789547237,0.09163724487900539,0,7
527,591,143.50923461263383,ATM,Food,DE,19.0,0.2611496940427206,0.3586401620279479,0,7
926,670,378.51840773768305,ATM,Electronics,FR,23.0,0.15580894764246242,0.14462092974594418,0,7
7958,597,0.0,POS,Food,UK,14.0,0.0774157688941045,0.16781087637757525,0,7
4024,620,572.1972492607715,POS,Grocery,DE,14.0,0.4120034813044503,0.21628585149491858,0,7
2249,323,286.781287110433,QR,Food,DE,20.0,0.24792294845387242,0.18733079058248614,0,7
8586,781,164.3144415964266,QR,Clothing,DE,7.0,0.34859796087208783,0.4395714321523062,0,7
654,146,54.58001464977474,POS,Clothing,UK,4.0,0.17123178280085052,0.26207489387733157,0,7
1239,56,276.71453359059416,QR,Food,DE,15.0,0.2905525215295222,0.2848900506037445,0,7
7416,473,484.224422764279,POS,Electronics,DE,14.0,0.17674479596793133,0.24305626022765564,0,7
7685,451,198.42091456215925,Online,Food,DE,2.0,1.0,0.35202224773294954,0,7
3044,613,30.818662878146473,Online,Grocery,FR,15.0,0.25168934366523915,0.35515431172088774,0,7
2123,454,146.56920972719587,QR,Clothing,DE,15.0,0.1582595917909059,0.0677523849398641,0,7
6031,531,5.712344144063204,ATM,Food,UK,13.0,0.09911807270588999,0.27336504224462477,0,7
3410,427,110.02533234615822,ATM,Food,TR,16.0,0.3016817478538672,0.22764034272099995,0,7
6344,361,46.73504515455525,Online,Electronics,TR,20.0,0.10461037416256141,0.26324465613552417,0,7
3120,510,208.1272534172344,Online,Clothing,UK,20.0,0.15745497571754014,0.08616539706931729,1,7
8336,301,122.91661028744257,QR,Grocery,UK,22.0,0.2075186065222337,0.10075315254389838,0,7
3816,901,82.60886997078367,QR,Grocery,TR,23.0,0.28928203806801855,0.4724293337132879,0,7
6457,141,51.576497070310786,ATM,Electronics,FR,20.0,0.2687949163774827,0.17801064341785436,0,7
5406,759,0.0,POS,Clothing,US,7.0,0.13363714383451625,0.46375481764158727,0,7
7094,181,495.3653672796737,QR,Electronics,FR,14.0,0.4394512204462763,0.4642381722620383,0,7
1641,990,4.986479665736568,Online,Electronics,TR,16.0,0.16272552697398945,0.4001514856281985,0,7
7489,653,83.28142114126479,ATM,Grocery,NG,5.0,0.13127817113674015,0.19280466329015497,0,7
9457,119,62.41207226809612,POS,Clothing,UK,14.0,0.2501849191428831,0.33471261622916415,0,7
3427,180,564.6854693625222,ATM,Food,UK,23.0,0.20746742783482897,0.4236140914288986,0,7
1336,610,39.630610417986524,ATM,Food,TR,17.0,0.21558104131227449,0.1920809022798787,0,7
9921,815,139.99888106170204,Online,Food,US,23.0,0.23839408388118832,0.11182704610439811,0,7
6456,698,366.5339253919676,ATM,Food,TR,8.0,0.2872035557108153,0.42818947604599117,1,7
8375,575,92.20308421443424,Online,Clothing,DE,11.0,0.15625396959750532,0.21734133601170633,0,7
4624,11,83.81869593223001,POS,Grocery,DE,4.0,0.2625956653316731,0.20517970117375695,0,7
3515,105,5.288743030240559,ATM,Grocery,US,22.0,0.43584466975247005,0.22868666015165692,0,7
2949,69,107.90195805139949,POS,Electronics,TR,19.0,0.17153889236996597,0.15638798780741547,1,7
8430,195,276.29092622800044,Online,Food,US,20.0,0.32954966962797555,0.11518787322474264,0,7
6618,378,93.45692859776089,POS,Travel,DE,21.0,0.2623586068885333,0.771459681402015,0,7
9689,715,94.00217751738884,POS,Travel,US,15.0,0.14671262873670876,0.05955805533921132,0,7
9762,185,19.863890752543817,POS,Food,UK,17.0,0.17330799174002892,0.2007942364298853,0,7
4588,270,537.356411414282,Online,Clothing,US,22.0,0.20695923626620424,0.28416259646689784,0,7
2356,833,12.518041136449444,POS,Electronics,US,16.0,0.18198271668859856,0.08485993633851008,0,7
9936,347,10.194856646615538,POS,Electronics,DE,12.0,0.1946618919957549,0.09653339838717012,1,7
9029,851,89.9041528691204,QR,Travel,UK,9.0,0.23017057750372846,0.284463582208196,1,7
3765,309,0.0,QR,Food,TR,22.0,0.1125142959846804,0.0945706780443761,0,7
2592,740,418.2497677400751,POS,Travel,TR,9.0,0.09652529578711164,0.2662015038044426,0,7
5912,259,138.2368353011957,QR,Travel,TR,13.0,0.8750995930580319,0.0852034408866395,0,7
3656,12,107.64018579599625,QR,Grocery,TR,3.0,0.1537088618611096,0.1486956991737046,0,7
6227,885,177.24788816991264,Online,Food,TR,22.0,0.20182301635410604,0.22796194651799745,0,7
9213,667,30.745704476720164,ATM,Electronics,UK,10.0,0.39236695601658333,0.27885280152757475,0,7
3280,596,19.08743769327914,POS,Clothing,DE,14.0,0.08363685037863158,0.177113357377634,0,7
5187,657,1.2719762704690236,Online,Food,DE,18.0,0.17111763624325854,0.25136545190594994,0,7
3745,791,948.6709173949077,ATM,Food,FR,17.0,0.24209164330366154,0.20763774993132472,0,7
1570,838,101.3294529732274,POS,Grocery,UK,22.0,0.09095670315106844,0.1844529711083084,0,7
3566,904,93.14335913441491,Online,Food,DE,14.0,0.29273482796809386,0.08251189631551785,0,7
8975,162,6.764765247469677,Online,Travel,DE,21.0,0.3366921383999742,0.1092662851928206,0,7
8715,264,585.9973891654042,QR,Grocery,FR,21.0,0.3360459393764747,0.26371536576527765,1,7
3180,545,60.17188231014498,POS,Clothing,DE,20.0,0.16597744694709943,0.17490970951904644,1,7
6181,467,78.91100232900104,Online,Food,US,21.0,0.11012694711811921,0.22351482353830066,0,7
3292,920,88.09390635829153,Online,Travel,FR,21.0,0.05864431900217183,0.1631382328499994,0,7
7691,233,477.42168331804993,Online,Electronics,FR,18.0,0.6528017617445361,0.30672942647429047,0,7
5750,730,12.255114890763812,POS,Food,UK,20.0,0.26158093635864305,0.14945868676279203,0,7
2294,692,117.81956611064084,Online,Clothing,US,17.0,0.2081415668204097,0.07639127176054586,0,7
4259,312,414.0434572393502,Online,Grocery,FR,17.0,0.23216885696562456,0.13889169047133432,0,7
9455,731,28.780232118756242,Online,Grocery,NG,14.0,0.2751619919045692,0.22940640114237099,0,7
1977,907,6.974672210594205,ATM,Food,FR,7.0,0.09311592916566508,0.21277382906615647,0,7
6589,207,37.22088343474282,Online,Grocery,DE,17.0,0.3921585373490474,0.1925397357053608,0,7
6454,198,182.20922125324054,POS,Food,TR,17.0,0.10067779518087974,0.08314800240348538,0,7
3273,71,133.18828185795527,Online,Travel,FR,11.0,0.26741790218750294,0.12643790910110522,0,7
7713,451,287.99641218947346,ATM,Clothing,UK,3.0,0.5956002674808767,0.4749350917120001,0,7
4619,339,76.9166220773224,Online,Grocery,US,18.0,0.16882305923781843,0.3932899093501364,0,7
7046,899,229.62483845395496,POS,Clothing,DE,16.0,0.4190429824005612,0.5067299047259733,1,7
1,462,169.09015214846727,QR,Food,DE,1.0,0.2899528634979188,0.1881021800965908,0,7
7672,166,189.70586564794027,ATM,Clothing,FR,21.0,0.27231720294026546,0.4481367228402859,0,7
3963,728,18.221846480446654,POS,Electronics,FR,17.0,0.06312091264243891,0.14578290544806627,0,7
8473,337,95.96515474366507,Online,Grocery,DE,14.0,0.06641864328203509,0.14957030531880453,0,7
5725,710,653.9028208346439,ATM,Travel,DE,19.0,0.63496046489795,0.5813643550782653,0,7
9376,566,397.897563312279,QR,Travel,TR,21.0,0.4167585232425751,0.45291779267450843,1,7
6718,808,358.4907864360904,POS,Clothing,UK,17.0,0.15340340563955301,0.0642966641470847,0,7
9332,575,22.306446617576583,QR,Travel,UK,23.0,0.28923206990461325,0.3057013621292797,0,7
3509,791,816.5857285238957,POS,Electronics,US,14.0,0.5350112170133425,0.38977928652405924,0,7
8137,499,13.416332246328661,Online,Food,US,22.0,0.08462066255882998,0.08716106628165667,0,7
7237,222,40.883658762645766,POS,Electronics,TR,7.0,0.2676818005223324,0.14073713045873276,0,7
8679,809,71.77100747989469,Online,Clothing,FR,2.0,0.13545059497346787,0.13074552861161878,0,7
276,593,201.66471269463355,ATM,Travel,UK,17.0,0.12292723058976701,0.09615763061221941,0,7
8994,873,12.18936389289234,POS,Travel,US,11.0,0.12279902773688639,0.11247435232570197,0,7
2016,70,8.671747888033996,Online,Food,TR,23.0,0.15122753402317451,0.15538709077683902,0,7
5995,766,115.77919758639396,ATM,Electronics,DE,9.0,0.8231072983064518,0.22016126646294898,0,7
8927,144,573.4292382401336,Online,Food,DE,19.0,0.10803984074698572,0.13731350760928007,0,7
4118,506,180.88666401955703,Online,Electronics,TR,14.0,0.16846852572512075,0.18398379807897564,0,7
4504,212,184.35544789665343,ATM,Electronics,UK,9.0,0.3362313748973662,0.2380211471733618,1,7
8117,463,109.81640930234857,QR,Electronics,TR,22.0,0.19047758564635095,0.10945334641653698,0,7
4042,583,104.24509437548197,Online,Electronics,US,19.0,0.1703792595080842,0.0704861451540249,0,7
5898,238,4.46843953707338,Online,Travel,DE,16.0,0.17354357089132322,0.09766872946192537,0,7
5188,782,92.89593178026362,ATM,Travel,DE,14.0,0.21521178203276153,0.12792335030438118,0,7
8850,701,763.6605956788541,Online,Grocery,US,4.0,0.08918867376087289,0.2127838021433181,0,7
3423,487,0.0,POS,Travel,DE,18.0,0.06194849962227248,0.09848273605593583,0,7
7773,130,191.21690458972017,ATM,Electronics,UK,8.0,0.20486482165779313,0.2415688668844407,0,7
1663,412,267.87438588158085,QR,Grocery,UK,20.0,0.24645235556447284,0.14139027769027157,0,7
241,164,155.68666127964215,Online,Grocery,DE,20.0,0.2909028303399726,0.1465554601199426,0,7
2746,207,43.468501081179575,POS,Food,US,20.0,0.09717629026484106,0.07374717747506893,0,7
4757,231,223.73088770869268,POS,Travel,US,10.0,0.15319003222968844,0.05969105946413566,0,7
1387,691,26.69647069194167,POS,Food,US,21.0,0.27444920906433634,0.31604088765253807,0,7
2918,24,352.9520081241489,POS,Food,US,15.0,0.1375474023538943,0.13489803259292601,0,7
49,932,89.50774027184285,Online,Food,FR,17.0,0.10508364199647602,0.2645068845429157,0,7
964,978,239.46992873511275,QR,Travel,US,6.0,0.13423107643935644,0.1990412935281807,0,7
8391,867,799.3058113888776,QR,Food,DE,17.0,0.09891664966684412,0.8085755549820829,0,7
4178,942,1.3704169875053134,POS,Clothing,TR,20.0,0.24089820268409007,0.10078493545012633,0,7
2696,297,166.72999369911687,Online,Clothing,US,8.0,0.3269567130087389,0.2995132772054138,0,7
7715,396,280.4228567344499,QR,Grocery,UK,13.0,0.0888949832651661,0.4894276864278608,0,7
3860,595,126.1696086303077,POS,Food,UK,18.0,0.3457301401005817,0.06940351114986958,0,7
7404,437,91.90974746740446,QR,Electronics,US,23.0,0.0609793980584851,0.05911300865714275,0,7
7846,975,796.5262952893316,ATM,Travel,US,14.0,0.2953244968544291,0.11756085662496135,0,7
4676,867,248.78412268222507,Online,Electronics,FR,13.0,0.5249778683687607,0.13339366695178695,0,7
3269,854,43.361551362185,Online,Grocery,TR,5.0,0.12420688317449571,0.41634004487214593,0,7
943,870,94.38492001964791,Online,Clothing,TR,16.0,0.5406085005831406,0.36673972773434715,0,7
4163,221,14.901391698923815,Online,Food,US,22.0,0.062342762308456486,0.11083548527278204,0,7
9202,754,19.400299130557492,ATM,Travel,FR,22.0,0.1907466024859223,0.10578480148856423,0,7
677,210,102.49694928920981,Online,Grocery,US,13.0,0.16872089489526257,0.09825277185976761,0,7
513,208,38.54163886208649,POS,Electronics,US,17.0,0.12636631968360823,0.19009981065009401,0,7
7746,750,214.691072812214,Online,Food,UK,17.0,0.8052510613370288,0.2575041255845541,0,7
1092,0,0.0,ATM,Food,DE,20.0,0.15910855033063576,0.1381217443840286,0,7
8856,819,98.84719634056403,Online,Travel,FR,21.0,0.27334374052883076,0.2610716960153516,0,7
8645,292,455.40360791373496,ATM,Food,UK,20.0,0.17291393673570427,0.11793197325883073,0,7
9801,213,563.6748255391498,POS,Clothing,DE,15.0,0.2692298885227106,0.13942012771178453,0,7
8085,527,809.9331774247908,Online,Food,UK,16.0,0.4550687859743539,0.7017503809478934,0,7
5583,547,34.71078942558312,Online,Electronics,FR,23.0,0.18821990143338632,0.08610509937251479,0,7
9743,160,360.1792444398814,Online,Grocery,UK,17.0,0.2678290761857735,0.191349653175694,0,7
9253,706,339.01271792604655,ATM,Clothing,FR,17.0,0.10500130265239614,0.17845395283046994,1,7
504,913,740.5322102318547,POS,Electronics,US,13.0,0.2246126540282749,0.1674131782149556,0,7
3914,817,38.09329371840492,QR,Travel,UK,21.0,0.14479342056887393,0.22691931483872524,0,7
7193,134,408.73122820519376,Online,Travel,UK,22.0,0.23371889955180386,0.28270204263115895,0,7
1745,99,13.265553601800564,POS,Food,TR,13.0,0.14021116653368773,0.09735456770996088,0,7
8745,340,53.93087479399102,ATM,Grocery,FR,13.0,0.4192531088857028,0.3002041259764626,0,7
8924,501,24.964631942005404,QR,Food,FR,20.0,0.19025842082491906,0.09916027772565122,0,7
8152,844,281.8305209714708,POS,Food,TR,9.0,0.07978436244050097,0.19864851074410755,0,7
2918,651,374.66231568111704,POS,Food,TR,19.0,0.09135062099571406,0.14387355920181016,0,7
2729,819,8.802453592478251,QR,Grocery,US,15.0,0.20492471454414385,0.06429645804658518,0,7
6474,210,54.55664493723306,QR,Travel,DE,17.0,0.0734332632145279,0.2005840403374411,0,7
7937,926,39.585231169391804,ATM,Grocery,FR,5.0,0.23974002373616002,0.1205795571600283,0,7
9105,284,12.072472223793994,POS,Grocery,UK,22.0,0.09195268065438941,0.08567425129275226,0,7
7473,494,77.75632370499159,QR,Travel,TR,19.0,0.3973669318152354,0.3349477717827748,0,7
8240,112,82.21927109274564,Online,Food,US,12.0,0.22782232947833386,0.2883161775013948,0,7
5643,705,51.83559854562877,ATM,Clothing,TR,11.0,0.25011180265838423,0.0947580188082009,0,7
4703,719,139.06404556530416,QR,Grocery,DE,12.0,0.30666205894186305,0.22458377525232304,0,7
8798,216,263.84580069916035,QR,Clothing,US,23.0,0.12254151392497738,0.11371222532926056,0,7
8478,508,40.98816855885393,Online,Grocery,FR,20.0,0.23019559277367235,0.13775666786011953,0,7
415,584,7.288317190043512,QR,Food,FR,4.0,0.16470965430226087,0.11875049308053909,0,7
5046,937,8.084939773872396,POS,Electronics,US,8.0,0.17470268377187165,0.5550732585422276,0,7
5171,698,255.19898987779183,ATM,Food,US,21.0,0.20499530423023654,0.24094647961864366,0,7
9037,621,2.9034606949593087,QR,Clothing,DE,7.0,0.18661411510997644,0.09820381496397357,0,7
9620,531,374.8282178423758,POS,Grocery,US,18.0,0.5283862295700302,0.10838844281738155,0,7
9139,157,30.66058470909321,ATM,Clothing,FR,7.0,0.0822572383966256,0.1398607780940016,0,7
5577,2,17.88068864907043,QR,Electronics,TR,18.0,0.13741295518153812,0.40171078029330654,0,7
5681,479,105.60348664583674,POS,Grocery,US,22.0,0.19475580492256522,0.4224721055436116,0,7
5325,908,89.6564691881699,QR,Clothing,DE,13.0,0.24291519911927112,0.17418171416268752,0,7
6240,16,73.93994650190777,POS,Clothing,US,13.0,0.09486184024451236,0.08004325137955375,0,7
2953,886,119.12162141535846,ATM,Food,UK,14.0,0.4581894648112705,0.536177597971705,0,7
5960,677,252.8042280449833,POS,Travel,UK,17.0,0.18266768888896207,0.12148518033667116,0,7
1281,452,56.85596820816826,POS,Food,US,5.0,0.3151849393666973,0.17123441394366426,0,7
1206,671,23.971100957282545,QR,Food,DE,22.0,0.40730114935116774,0.291793995624992,0,7
7143,76,79.45759012982532,Online,Food,TR,9.0,0.40334065848443557,0.46786917378669063,0,7
8952,501,207.31880276461698,ATM,Grocery,DE,13.0,0.3128348355517008,0.38465317172925834,0,7
9429,641,244.5934425267608,Online,Clothing,TR,23.0,0.4949173049340329,0.179234784106561,0,7
7719,743,58.78752842505011,Online,Electronics,DE,21.0,0.25550747910452876,1.0,0,7
5901,938,376.9462264890939,ATM,Food,US,15.0,0.6691221976590807,0.401905351996884,1,7
4637,432,277.64242686232893,QR,Grocery,DE,18.0,0.2317399576218538,0.18771976566707116,0,7
2420,583,13.888014746920527,Online,Clothing,DE,23.0,0.23156343268535062,0.314555583750575,0,7
4449,701,80.00579835930378,Online,Travel,FR,1.0,0.5632763147497247,0.09989921602704943,0,7
3506,65,303.0632926645779,Online,Food,UK,17.0,0.3429866151399487,0.0787108391443279,0,7
1152,637,0.0,Online,Food,TR,21.0,0.10747879832646456,0.11975594012368439,0,7
9373,206,104.21492163582637,QR,Clothing,TR,16.0,0.2451984406845779,0.26861933643678787,0,7
4651,99,380.69776487035483,Online,Food,TR,11.0,0.16051392853455984,0.29247965069326476,0,7
56,174,6.102394558513014,QR,Electronics,US,15.0,0.09174164001973423,0.07766864915087451,0,7
2877,90,27.385646718609006,ATM,Grocery,UK,18.0,0.22927231525303549,0.12406849774703216,0,7
8275,958,183.12548161325276,POS,Food,TR,22.0,0.3147058145591053,0.5760639255683885,0,7
9929,608,13.899990275481342,QR,Grocery,TR,21.0,0.0573885301859306,0.07107302779491705,0,7
321,190,153.84542890705853,QR,Clothing,US,9.0,0.12094467105720036,0.19071103991598803,1,7
6380,870,15.895617336861767,POS,Grocery,US,8.0,0.21250443106303424,0.19941342604686413,0,7
8008,146,175.8555955896922,POS,Grocery,TR,21.0,0.3668989526567659,0.22253367736974244,0,7
9192,457,557.1659736343536,QR,Travel,UK,15.0,0.38143040385569676,0.4827588504267666,0,7
5252,616,3.993047048849699,ATM,Travel,DE,22.0,0.0956926721483673,0.26188711629874645,0,7
5696,47,389.9928504249164,POS,Food,TR,17.0,0.3045631109608208,0.2734050571896422,0,7
1900,566,46.524058685088264,ATM,Clothing,DE,15.0,0.34484900245009836,0.4539898651661746,0,7
6576,906,46.22939009016738,ATM,Grocery,TR,19.0,0.37516349667298526,0.3014922728770088,0,7
1170,441,87.58161168125157,Online,Grocery,UK,7.0,0.31978512544996485,0.26280114010912253,0,7
5047,230,24.331172604743802,ATM,Food,TR,5.0,0.08731118463061285,0.18973160972123462,0,7
5956,424,5.01935271976335,QR,Electronics,FR,6.0,0.09133495754309694,0.10722172233913524,0,7
2528,808,14.56914176576422,POS,Clothing,DE,16.0,0.3375540219340213,0.4936728491208269,0,7
9387,184,144.36298860377815,QR,Grocery,US,6.0,0.11455503178266949,0.10217547258062787,0,7
5052,959,86.7813696070571,Online,Food,UK,17.0,0.13678564396976609,0.182599837510972,0,7
3036,663,90.43118213157517,QR,Food,DE,12.0,0.3568005401239298,0.19875496857083713,0,7
2135,188,187.16815956527296,QR,Clothing,UK,23.0,0.43066864312516967,0.21921605723575494,0,7
9804,446,314.02665168459373,POS,Travel,DE,10.0,0.24795789753412983,0.31097333147464495,0,7
559,731,31.967433558455006,POS,Food,TR,13.0,0.08621305626680353,0.06863202021008527,0,7
6347,258,1282.8890692155903,QR,Food,UK,14.0,0.4148214797628379,0.32808298959498083,0,7
2867,697,29.026035832040446,Online,Travel,FR,21.0,0.19254922296671653,0.1920114192063358,0,7
158,155,319.97476457541035,ATM,Electronics,FR,22.0,0.18673766127837113,0.6519007595437611,0,7
6457,935,314.2755780735552,QR,Electronics,DE,18.0,0.15378776894297944,0.789492970011308,0,7
8280,696,50.38221354880417,POS,Food,UK,11.0,0.43476402174826423,0.2832177325548353,0,7
370,78,10.63127508013436,QR,Electronics,UK,22.0,0.2245697718618635,0.08502358755586642,0,7
5404,594,209.70805607925098,QR,Food,US,4.0,0.19993823857332366,0.6239102981230514,0,7
8595,537,711.4175979362946,Online,Electronics,TR,6.0,0.1957588452185145,0.493666801295105,0,7
5401,562,168.66381582028885,QR,Grocery,FR,9.0,0.08998979982147393,0.25602434782116423,0,7
9729,110,171.54848487420503,Online,Grocery,TR,18.0,0.18177132505330762,0.44152565244633557,0,7
5407,751,10.994301092223086,QR,Clothing,UK,10.0,0.11290349561189976,0.07239446520345763,0,7
977,882,20.12005036271087,Online,Clothing,TR,22.0,0.10699521468852996,0.25867964520851555,0,7
9592,254,612.0569923406739,POS,Travel,DE,12.0,0.5841001204986404,0.22170464346080002,0,7
3210,623,24.634491791918478,POS,Electronics,UK,20.0,0.22229062002668565,0.09187570588150898,0,7
9709,126,7.666329302278371,ATM,Travel,TR,5.0,0.06670490553621089,0.06498313928719784,0,7
6923,905,305.28277404614556,ATM,Travel,DE,4.0,0.2856220739808644,0.12647083644652507,0,7
3885,951,50.58537818885262,QR,Grocery,DE,14.0,0.13269409251936123,0.18817440693165188,0,7
4840,87,171.75255638626902,POS,Food,US,11.0,0.38162752691158847,0.23932513594827898,0,7
9170,898,69.2333516832325,POS,Electronics,DE,21.0,0.356344219370045,0.09732038899036977,0,7
2637,443,21.274251640737113,POS,Grocery,DE,2.0,0.08717477667633945,0.7447725751373162,0,7
7234,45,22.95087233005099,Online,Clothing,FR,20.0,0.32606430401671715,0.12899054116272263,0,7
2440,165,0.23216429670074845,ATM,Clothing,UK,14.0,0.40443637929000686,0.08892795277922128,0,7
6605,87,110.79054369901968,QR,Clothing,DE,22.0,0.09649570904674588,0.16305628285336676,0,7
9514,368,55.736356219508245,QR,Grocery,TR,5.0,0.2562850084684401,0.249498481252162,0,7
5165,15,538.1654775801885,POS,Clothing,DE,17.0,0.23288683708381622,1.0,0,7
2364,575,16.158026966612557,Online,Food,US,17.0,0.196545829502391,0.06768399615818096,0,7
1081,645,115.32972282366823,ATM,Food,US,6.0,0.06538189285640678,0.065294653136278,0,7
7260,780,6.321915029149826,Online,Clothing,TR,20.0,0.12517606071870807,0.13195351975682484,0,7
6993,921,139.96108532146624,POS,Clothing,FR,18.0,0.34432397356283767,0.20347548823305422,0,7
4938,676,415.7489023538489,ATM,Grocery,TR,13.0,0.32714641932713184,0.1905251182973311,0,7
1076,597,240.27747999429658,ATM,Food,UK,19.0,0.1284333078541976,0.17278648704092486,0,7
9670,153,79.91308612250091,Online,Food,FR,17.0,0.12088856900670192,0.2166537617568844,0,7
4408,213,83.04013905321571,QR,Electronics,US,9.0,0.1303504386060425,0.09849730581742164,0,7
7905,15,89.65342052000226,QR,Food,DE,18.0,0.1286662845250775,0.41768435286213235,0,7
553,998,21.905631100275883,POS,Clothing,US,13.0,0.39618309274083974,0.3671447260480988,0,7
8520,207,0.0,Online,Food,DE,11.0,0.08748769083311468,0.09902001389376375,0,7
3757,310,190.2049882627771,QR,Grocery,FR,19.0,0.17774119370656113,0.3540465111386527,0,7
5480,936,103.60347398083536,POS,Travel,US,22.0,0.25972562631403107,0.11852324600545193,0,7
3917,890,508.482569772819,POS,Clothing,US,1.0,0.33386460835710974,0.28030954806038777,0,7
6233,837,560.9559946408648,POS,Food,TR,21.0,0.3713415287804693,0.26296665541403413,0,7
6485,123,100.03726862867516,POS,Clothing,UK,22.0,0.4550431989003774,0.29036081450414136,0,7
3884,277,24.897003386211065,ATM,Food,TR,5.0,0.09440481892650096,0.4159800326574316,0,7
9312,739,208.88114275067866,POS,Food,TR,22.0,0.3676510632526336,0.3923247699646753,0,7
6199,680,66.93480200939102,ATM,Travel,UK,15.0,0.1478801828386021,0.07998705101620711,0,7
4497,650,30.945378043703286,POS,Travel,DE,19.0,0.11821630016484606,0.11283368187977874,0,7
7390,391,233.3699852560327,POS,Travel,DE,12.0,0.1600770073539959,0.1933565739194231,0,7
7191,298,228.43147228502946,Online,Travel,TR,22.0,0.17117355872318016,0.14819667660818253,0,7
5808,21,244.30796783748892,Online,Electronics,US,21.0,0.2644916314786578,0.1754311901749646,0,7
2582,461,253.26499624986488,ATM,Grocery,FR,9.0,0.9293910130936218,0.2811424588651365,0,7
5665,481,361.3771202309295,ATM,Clothing,US,14.0,0.13092544975306375,0.13496973283111086,0,7
8833,282,25.464293909197668,ATM,Clothing,UK,16.0,0.06619307259050305,0.06898537150571603,0,7
2285,423,7.144659868351008,QR,Clothing,DE,19.0,0.23350211758670858,0.08733331484320189,0,7
2658,955,12.434932338992999,ATM,Electronics,US,22.0,0.08333003292969274,0.1522332903945505,0,7
2345,861,193.18453410386562,POS,Electronics,FR,8.0,0.21442145061605036,0.4260959482518783,0,7
6588,838,200.80231342736417,Online,Grocery,US,12.0,0.1439490636265048,0.1337994279770324,0,7
49,408,125.52267359138709,QR,Electronics,US,2.0,0.16235083280170237,0.24124794245027553,0,7
6513,273,10.08692019594708,QR,Electronics,FR,20.0,0.06176378665509111,0.2028746073968829,0,7
2911,701,3.093716996450465,Online,Travel,US,9.0,0.24796966356847303,0.2148508859097804,0,7
2598,490,8.586098635632572,ATM,Food,FR,12.0,0.2671416236045623,0.07227431376530966,0,7
6361,503,94.5987414055223,ATM,Electronics,FR,23.0,0.18090946277900172,0.11400038193848239,0,7
776,675,109.90247030742366,POS,Clothing,UK,6.0,0.3153331745643067,0.35297964427946105,0,7
1442,426,85.97743000120902,ATM,Travel,NG,3.0,0.4160349545205057,0.24552253123193657,0,7
6625,749,429.9831588305055,ATM,Food,TR,17.0,0.14002815873231678,0.5915812682558108,0,7
264,959,8.986953366361178,POS,Clothing,TR,16.0,0.056973620516801576,0.16249986036807523,0,7
6046,891,36.24549769215232,QR,Electronics,FR,6.0,0.18790495668014928,0.4481695575076032,0,7
4297,701,104.32237071001934,POS,Electronics,FR,17.0,0.07742402202041465,0.19205912551140197,0,7
1474,973,4.866018242517683,POS,Travel,TR,10.0,0.10543100530732977,0.09546836170724482,0,7
9517,725,251.55619210157283,QR,Electronics,TR,16.0,0.24043034380481748,0.0701423238574577,0,7
253,320,160.84857531251285,Online,Clothing,DE,13.0,0.5683008865076725,0.5053094041059244,0,7
9037,39,890.60281681871,ATM,Food,UK,13.0,0.3131924929720984,0.26229958933348985,1,7
373,849,107.12891277597322,ATM,Electronics,US,21.0,0.3994635112369366,0.17973620858185924,1,7
6149,171,58.47241521797032,POS,Travel,FR,8.0,0.08979113441129832,0.08045885299684331,0,7
2923,692,285.4872811508185,POS,Electronics,TR,20.0,0.14257300965404188,0.21892866611277936,0,7
5984,68,57.1992263263591,POS,Grocery,DE,22.0,0.11898924607191852,0.10644917158698396,0,7
277,92,115.22494070112802,QR,Grocery,US,19.0,0.13086428346803916,0.22252956817357936,0,7
676,771,21.291694111040584,ATM,Electronics,TR,21.0,0.12339419949381655,0.16664951149470583,0,7
7360,974,1088.0244530671273,Online,Clothing,UK,13.0,0.5303425363696669,0.40052030960598156,0,7
4376,989,796.8658751723582,POS,Grocery,UK,12.0,0.25484040009757897,0.11459287996931966,0,7
9574,47,5.3588160374181095,ATM,Food,TR,13.0,0.1717619603833515,0.2184371643639352,0,7
3115,892,510.0974210419525,Online,Travel,FR,14.0,0.5435903724223585,0.11289214482629437,0,7
9592,690,751.1607177057183,Online,Electronics,DE,4.0,0.2260866140420288,0.5108825628012245,1,7
2030,246,77.43941659151442,POS,Travel,TR,7.0,0.4521788595793938,0.20429800544746138,0,7
1714,162,53.44069850814063,ATM,Clothing,TR,19.0,0.241099206281965,0.10392346571372058,0,7
5216,533,185.42058145297273,POS,Grocery,UK,22.0,0.6541507681446677,0.2632492992564973,0,7
7751,333,126.77792476803282,POS,Grocery,US,23.0,0.20744674568552263,0.12352570853960727,0,7
3262,426,18.041656882605206,POS,Food,DE,15.0,0.1689407576769843,0.07800732968921299,0,7
2630,533,173.95722935397814,ATM,Travel,US,11.0,0.2264116866789546,0.11805189482908142,0,7
6255,68,57.99684691600699,POS,Food,DE,14.0,0.23717519313703544,0.1245450253172632,0,7
3807,164,33.9359538407416,QR,Food,DE,23.0,0.06370802122929338,0.14943415463589424,0,7
7379,562,50.74676274693513,Online,Electronics,FR,14.0,0.061445228905086954,0.057098161635341815,0,7
4692,173,256.18655401311753,ATM,Electronics,TR,10.0,0.15195336998914674,0.16036405334285236,1,7
4111,803,114.21798648310767,POS,Travel,DE,12.0,0.07576614408489196,0.11420977998000327,0,7
7155,762,242.04041353139868,POS,Food,UK,11.0,0.08411887031816447,0.1661180382587752,0,7
178,908,0.0,Online,Electronics,TR,12.0,0.05776292455170978,0.09606169472789203,0,7
8832,773,0.0,Online,Food,TR,2.0,0.060785775131790454,0.08973112393840765,0,7
8535,659,67.0071341692347,POS,Grocery,UK,23.0,0.09114361549798339,0.2555862394086584,0,7
231,445,294.7547104775724,POS,Electronics,US,20.0,0.41016990705653106,0.2407397687313944,0,7
8920,40,9.80081491946025,ATM,Clothing,US,22.0,0.28604291296158996,0.1336128372411063,0,7
6798,697,285.49744868607,POS,Grocery,TR,19.0,0.18274485346260025,0.17293357931002684,0,7
586,308,49.98054138509012,POS,Food,DE,19.0,0.09754799512808979,0.29262223000445875,0,7
8583,284,6.617095781152188,POS,Clothing,DE,17.0,0.08506652320753051,0.058604399237042346,0,7
5580,106,297.71787945150345,QR,Travel,FR,3.0,0.27854952396547855,0.24302706945057245,0,7
3584,569,38.51848032496272,POS,Food,TR,19.0,0.3229852989088892,0.540325530992914,0,7
8819,831,107.0594143656199,Online,Electronics,UK,11.0,0.47301380983806063,0.22867610534585747,0,7
3671,835,49.16441411231807,Online,Travel,US,3.0,0.18708326577017806,0.36098016626565277,1,7
901,323,0.0,Online,Clothing,UK,7.0,0.212435289082517,0.30795476242715425,0,7
6491,64,1057.0501281821043,ATM,Food,NG,3.0,0.633282230256739,0.38423981988356626,1,7
1339,816,222.69188041454396,ATM,Travel,US,11.0,0.12140922027001061,0.27286351218227134,0,7
6034,385,443.07358336518246,ATM,Food,US,16.0,0.23736910180330678,0.08052014349261596,0,7
2060,497,912.6501460932304,Online,Clothing,US,12.0,0.21422215688047405,0.08335792538094139,0,7
8481,738,77.85326618397578,POS,Travel,DE,12.0,0.1905922771466655,0.8885320788440552,0,7
7455,725,417.4192954314555,ATM,Electronics,US,23.0,0.33890161240744693,0.4076205408315336,0,7
3779,500,229.697914068785,Online,Food,UK,20.0,0.125328795241217,0.16494536917345304,0,7
9157,196,279.9526066083153,QR,Grocery,TR,11.0,0.16583067298986903,0.21081840447291872,0,7
3257,164,61.78683886005531,ATM,Electronics,DE,17.0,0.24298898325206647,0.17257480470100867,0,7
1634,656,80.37535320990175,POS,Clothing,UK,9.0,0.22668275607877797,0.08557113013653266,0,7
9342,554,334.9368740046405,ATM,Travel,DE,7.0,0.3080766844307625,0.23104785194708058,0,7
3757,391,130.24702524742537,QR,Clothing,DE,20.0,0.2698491446247352,0.10351912700566068,0,7
9866,85,179.86720071629975,Online,Travel,UK,17.0,0.3081764559576244,0.3799741907866613,0,7
5589,832,746.5097346759131,Online,Travel,DE,16.0,0.5351206974554006,0.37405623516347847,0,7
3516,852,2.2913818647501083,Online,Food,US,8.0,0.21425779600903835,0.23324757550786404,0,7
6035,680,69.33332830730103,ATM,Electronics,FR,18.0,0.08779560935951272,0.1798293533142363,0,7
4684,821,289.7495831056956,Online,Grocery,DE,8.0,0.29019692598286745,0.30222262832184643,0,7
7047,839,126.12628076449153,POS,Electronics,FR,20.0,0.3076647779849075,0.19490754369764135,0,7
3300,481,333.9532264729962,QR,Clothing,FR,8.0,0.2387558317712743,0.23213613202285338,0,7
9812,420,61.9589941010159,Online,Food,US,21.0,0.07036745621682897,0.13944902917315927,0,7
3519,272,250.26443657419063,ATM,Travel,FR,15.0,0.3228401905129119,0.31513061766546535,0,7
7899,843,101.42724540558967,Online,Clothing,UK,21.0,0.15715482927126972,0.15884903658766744,0,7
349,712,9.357591342779905,Online,Electronics,UK,14.0,0.4539578908640678,0.145884978789212,0,7
5234,660,140.41774362976105,ATM,Electronics,UK,18.0,0.41530982372927505,0.40383649937710125,0,7
7082,842,2.8162030567986625,QR,Food,TR,18.0,0.21138740828873756,0.35476676745006613,0,7
5684,111,338.27954324305745,ATM,Clothing,TR,21.0,0.26127894011647185,0.34065343177926843,0,7
8037,622,194.62123973782153,POS,Travel,US,23.0,0.29915674878108106,0.11055991744252831,0,7
7863,676,0.0,POS,Clothing,FR,19.0,0.1312201817514028,0.34081584704341783,0,7
8531,69,320.0017144609024,QR,Grocery,TR,20.0,0.1571049767265231,0.12081287809260527,0,7
1698,233,88.15324331051279,Online,Travel,DE,20.0,0.1274331169368896,0.13872660405555215,0,7
4352,693,62.06275284758377,ATM,Food,TR,16.0,0.4176240866529751,0.2619812393396169,0,7
8303,161,17.255545724923785,POS,Travel,TR,23.0,0.08762517507531789,0.1507333735741479,0,7
1679,383,117.74424779535707,POS,Travel,US,13.0,0.5321549906759239,0.10989437052230108,0,7
9862,793,130.27919479003415,POS,Food,DE,18.0,0.22728319335066183,0.31079197988717827,0,7
7965,972,100.40548539562748,Online,Food,FR,7.0,0.29115991550930276,0.21674445457166924,0,7
6524,417,138.9077599792962,POS,Clothing,TR,19.0,0.39213847932610274,0.40263160492711014,0,7
8931,690,1102.604801658859,Online,Food,TR,6.0,0.22324212497967627,0.12251095168662966,0,7
6638,188,322.17298552764424,Online,Clothing,UK,17.0,0.20098787458006584,0.09367515326799283,0,7
3141,472,244.14804372949555,ATM,Clothing,FR,12.0,0.3141338232369757,0.48249318870302177,0,7
6845,53,35.8929315830828,POS,Electronics,DE,9.0,0.1538615329682692,0.12469975651197901,0,7
7768,624,271.5530077508698,POS,Grocery,FR,23.0,0.11545017967268098,0.21224639675100315,0,7
1719,293,22.81316806389807,Online,Food,TR,7.0,0.09607844905547383,0.16998537323353566,0,7
8993,246,593.1431307029417,POS,Travel,UK,11.0,0.6180457008081252,0.13163563176564091,0,7
2574,693,108.84850492946649,QR,Electronics,DE,20.0,0.34137281488596777,0.16046069843896432,0,7
5825,114,20.274873083894924,Online,Clothing,US,20.0,0.14869094403099276,0.3190024986171076,0,7
6228,420,905.0642145133222,ATM,Grocery,TR,10.0,0.6610062461144489,0.7002187681333483,0,7
7110,447,96.97071221993399,ATM,Grocery,DE,22.0,0.2145269859536439,0.2819360582933988,0,7
5579,400,27.974146685730503,POS,Travel,FR,15.0,0.4174408111855555,0.23153946841387466,0,7
2408,543,746.1398519812656,Online,Electronics,TR,11.0,0.24157484366740647,0.16601726491904967,0,7
3040,587,134.62171940561933,Online,Food,US,16.0,0.11148678379987297,0.246558978131515,0,7
3278,502,185.72409501242944,Online,Travel,UK,10.0,0.1227945089367795,0.08703107285452572,0,7
4476,246,81.49990545547915,Online,Clothing,US,11.0,0.12986960604599035,0.13758389587836883,0,7
7940,554,139.63460063527572,ATM,Electronics,US,6.0,0.17463010171258708,0.09318133489428768,0,7
9438,600,87.80325807057152,QR,Clothing,TR,13.0,0.24328463113724247,0.14557108661762888,0,7
9980,717,482.01659074944575,ATM,Food,US,7.0,0.11036984260411789,0.2885205381155709,0,7
3808,322,55.45324496437351,Online,Clothing,FR,7.0,0.19074779967953148,0.09467244144741196,0,7
6622,219,123.6101325329111,POS,Travel,DE,4.0,0.36080662367992056,0.1758999188394681,0,7
2668,78,14.198491875633522,QR,Travel,US,15.0,0.10405221473991028,0.07288520592035674,0,7
71,129,111.21683618015514,Online,Clothing,US,15.0,0.4642698833398622,0.6802881848474785,1,7
4496,170,204.08456830651636,Online,Electronics,US,18.0,0.13621364054152535,0.40979856132407877,0,7
1075,771,142.92274778819896,QR,Electronics,US,18.0,0.05722448730295876,0.29166506342560106,0,7
1894,206,439.9365023014556,POS,Electronics,FR,13.0,0.33008564883432195,0.16095861787418744,0,7
2618,388,27.929066431930757,Online,Food,US,16.0,0.07590996631442126,0.06414206981251647,0,7
3270,716,0.0,ATM,Clothing,US,13.0,0.08201415407119104,0.06006645417360383,0,7
9355,171,14.02673287380383,POS,Food,US,20.0,0.10839824274684548,0.10195273619341577,0,7
8776,121,116.75594929988453,POS,Grocery,UK,23.0,0.1368273534156796,0.16313877183340536,0,7
848,245,307.24794352999004,POS,Electronics,UK,8.0,0.14930752823388233,0.11224901035920079,0,7
6581,291,10.526410392897358,ATM,Electronics,TR,10.0,0.19230646569327034,0.12031883977641701,0,7
6304,672,179.54733247609403,ATM,Grocery,DE,20.0,0.14029750039531533,0.14119619155189242,0,7
8835,354,107.08380438871427,POS,Clothing,TR,5.0,0.30901594498464213,0.4728454711934403,0,7
6547,788,0.0,Online,Grocery,TR,19.0,0.09216717690047704,0.17721656675945213,0,7
8882,736,29.482774496049785,POS,Clothing,UK,22.0,0.20958516551377315,0.2291876807038818,0,7
1364,920,494.5106566282019,Online,Travel,US,10.0,0.08744385970516828,0.20921815237225844,0,7
3353,14,291.28768550509943,Online,Grocery,US,20.0,0.10115119648061924,0.14525377473819043,0,7
4645,350,93.16108738367036,QR,Food,TR,8.0,0.31314414786049566,0.4951528294518067,1,7
1571,289,411.13129615691804,QR,Food,UK,22.0,0.15843702850981564,0.3772462596543936,0,7
6913,733,71.04020815884988,ATM,Food,DE,22.0,0.26226113973645254,0.17115247403345205,0,7
6559,161,39.48606680353405,Online,Travel,US,15.0,0.12582203678145207,0.10660736489593392,0,7
4768,420,154.5296364305893,POS,Electronics,TR,16.0,0.1471757159006595,0.23812070634354748,0,7
716,782,143.76483729735403,ATM,Clothing,UK,21.0,0.1623613989981858,0.17254016852769616,0,7
5599,624,125.00059918866731,Online,Electronics,DE,6.0,0.14756035410912877,0.23619508321361837,0,7
1073,84,287.3560749124136,POS,Clothing,FR,21.0,0.18843440861206925,0.36000807996722317,0,7
591,384,56.65529223831577,QR,Travel,NG,8.0,0.09343262254050558,0.11757364851940388,0,7
2449,874,35.987938861083855,POS,Electronics,UK,12.0,0.15700809711223346,0.2298072739392955,0,7
733,556,236.5754291002432,Online,Travel,TR,19.0,0.08689970619279938,0.11092312992213024,0,7
589,87,255.07592669725696,Online,Food,DE,22.0,0.1789006930477592,0.22168558509015046,0,7
3819,68,263.596681656748,ATM,Travel,DE,20.0,0.25160837206054903,0.1757235824947679,0,7
7596,487,616.7133733008216,ATM,Food,DE,11.0,0.3299725092701383,0.24856729128715604,0,7
559,306,0.0,Online,Grocery,UK,12.0,0.30103454547370717,0.17188821279427746,1,7
2431,654,676.4420793529808,ATM,Grocery,UK,17.0,0.11785085441027382,0.15549509283382296,0,7
8409,314,44.75466192323909,POS,Travel,TR,22.0,0.10414514302641495,0.1701068677813304,0,7
9152,497,90.51602279254595,Online,Grocery,FR,20.0,0.10061667192547216,0.05863917390441487,0,7
121,860,135.6019583029812,QR,Food,DE,4.0,0.2234986037451688,0.15175504666493672,0,7
9295,795,56.42343409414438,ATM,Clothing,US,21.0,0.05785276757710135,0.10825899763230462,0,7
5065,221,314.4717677411749,Online,Food,UK,8.0,0.3056090734803905,0.3327763784427494,1,7
3944,539,229.0055279162112,QR,Food,US,17.0,0.20672192694325603,0.19512574250034148,0,7
902,771,70.02741470487958,POS,Food,FR,11.0,0.42755033728727243,0.17592085801983848,0,7
5837,957,262.14613104788566,Online,Clothing,TR,13.0,0.16493184646900794,0.11519863134896641,0,7
726,9,246.52502676280503,ATM,Electronics,TR,23.0,0.11157027659618171,0.2260532175820287,1,7
7713,522,6.917776398168643,POS,Clothing,TR,15.0,0.25068607142272475,0.15347951719682912,0,7
1087,361,58.63635563743893,POS,Food,UK,23.0,0.4247128513531868,0.254869456687182,0,7
7809,631,7.957929787889411,POS,Electronics,US,12.0,0.2890269347134743,0.15996216337796335,1,7
5152,711,843.7388620743657,ATM,Clothing,FR,12.0,0.19728529863719196,0.34075337397139976,0,7
6032,336,12.020099577140938,POS,Electronics,UK,16.0,0.24461525751088187,0.07866719434200872,0,7
9233,762,27.701816043594587,POS,Electronics,TR,20.0,0.32776630379521426,0.11909234146498007,0,7
3384,102,222.99596464975897,ATM,Travel,UK,21.0,0.23930392461937028,0.18513675302650046,0,7
8508,697,249.56715256458588,Online,Travel,TR,18.0,0.11233982316251923,0.3022156124984343,1,7
8275,129,17.67485388182645,ATM,Food,UK,13.0,0.3607224698690182,0.16533618531866517,0,7
6632,274,0.8008561670275687,ATM,Grocery,US,19.0,0.2104705199983379,0.0859179259885635,0,7
163,252,0.0,ATM,Electronics,UK,22.0,0.27904414304551056,0.19000559112882978,0,7
8861,573,4.449770931322877,Online,Food,UK,9.0,0.07635481389837526,0.14878356243270907,0,7
5246,961,162.77167689877183,QR,Grocery,DE,18.0,0.14429788400307242,0.1926649613730341,0,7
1089,442,5.597173202760853,POS,Electronics,US,15.0,0.19383998459635643,0.2561939168726887,0,7
7059,386,9.056605616898018,Online,Food,FR,13.0,0.06616619773190612,0.08783002528985108,0,7
7149,325,15.769716799681287,QR,Clothing,FR,21.0,0.18661479272877546,0.06583651860059153,0,7
8509,945,0.939324444370687,POS,Grocery,DE,19.0,0.23489784101420708,0.37133139169942064,0,7
3098,65,434.4333189173626,Online,Grocery,US,18.0,0.2348482012386082,0.28864887970454456,0,7
7960,231,54.28038544135525,ATM,Travel,FR,9.0,0.8939791964770564,0.41067576103692544,0,7
4778,673,612.7220307266253,QR,Travel,TR,21.0,0.27915321186216213,0.13960646473294216,0,7
2484,131,78.34036855953092,Online,Clothing,UK,9.0,0.1688911614945217,0.4247377853209514,0,7
3183,334,193.5218690914393,QR,Travel,US,14.0,0.23214030883413955,0.41058855039636666,0,7
2828,862,167.95655451638862,POS,Food,US,21.0,0.26477897612717893,0.9766694082999342,0,7
7994,550,321.5115930840264,POS,Electronics,TR,13.0,0.35811352129826746,0.1456688442895158,1,7
2076,74,40.906017156729305,POS,Grocery,DE,2.0,0.4841791267849479,0.37388578450953486,0,7
595,637,0.0,POS,Clothing,UK,10.0,0.4111918957231298,0.5791790737307534,0,7
9704,922,254.6646735662389,ATM,Clothing,TR,19.0,0.15644761563978518,0.06455962408551975,0,7
8830,317,470.4738070726962,Online,Food,FR,23.0,0.17363215802851933,0.21067637428096225,0,7
4642,762,355.6450984536733,POS,Grocery,TR,16.0,0.4573557045498685,0.23712454666495522,0,7
2844,937,61.554436715802396,ATM,Clothing,US,12.0,0.3202268944283183,0.35712387343788193,0,7
5659,686,39.91912443552021,POS,Travel,FR,21.0,0.38752552952413366,0.3354184371767507,0,7
7966,118,306.1110314663704,POS,Grocery,UK,5.0,0.4017117317132202,0.3189797621855427,0,7
3214,478,141.42449884712403,QR,Travel,UK,8.0,0.1224421544467513,0.4840520773959857,0,7
3621,373,28.004923658204227,QR,Food,UK,16.0,0.15830068432109867,0.15560879047643675,0,7
57,856,436.28600530495214,ATM,Electronics,FR,4.0,0.30483966526624723,0.40938183089783103,0,7
4177,65,24.73662032924923,ATM,Food,FR,18.0,0.24862284500404053,0.10568325317815785,0,7
155,666,520.7024941642078,Online,Electronics,FR,19.0,0.436136243273581,0.6462383653511935,0,7
2733,451,0.49399141449276573,Online,Food,FR,15.0,0.2178009767824235,0.12319191789221635,0,7
1418,585,517.5372143809886,ATM,Food,US,4.0,0.33099328944995376,0.24790983007081707,0,7
6918,921,452.90743276383967,Online,Grocery,US,6.0,0.44835738611221004,0.3119785714312529,0,7
2581,279,186.63123468565334,QR,Travel,US,11.0,0.12225591713687618,0.44439836664480314,0,7
7935,559,101.54714198661677,POS,Travel,TR,9.0,0.24675139307216348,0.1949402319244489,0,7
2568,574,191.07716323989843,ATM,Clothing,FR,14.0,0.46297938946634604,0.42826320845653026,0,7
4234,390,39.479004485111744,ATM,Grocery,TR,17.0,0.2098914383436482,0.07877595283028258,0,7
6644,825,35.89959754089066,Online,Clothing,DE,20.0,0.174252091786566,0.21425748611137402,0,7
1493,729,508.2023429474264,POS,Grocery,DE,17.0,0.5550368665318458,0.4150873153678632,0,7
6023,330,206.15624007926252,ATM,Clothing,TR,7.0,0.30807485926496686,0.6986087258650567,0,7
8798,508,166.3186149066115,Online,Electronics,TR,21.0,0.11682575018385816,0.08657791977595829,0,7
477,383,89.29672564403694,QR,Clothing,UK,19.0,0.13763034092322224,0.18405196668476104,0,7
5242,55,103.16266704200093,QR,Food,TR,16.0,0.06135966518896054,0.07864419590085081,0,7
1605,978,427.2323987636965,Online,Travel,UK,15.0,0.30943252756753037,0.3737271011042369,0,7
4401,400,61.978890787274395,ATM,Travel,UK,20.0,0.10775632659952694,0.07357318196810782,0,7
7407,928,9.524333531932667,Online,Electronics,US,19.0,0.15081631838919268,0.09421113286087668,0,7
891,63,125.29621657634729,ATM,Travel,FR,20.0,0.2600384751803671,0.2767355185060543,0,7
2711,835,0.0,ATM,Travel,US,22.0,0.06783362727862795,0.0896006871465685,0,7
6518,845,169.17944659820947,ATM,Clothing,TR,20.0,0.465581598848771,0.18941741101636306,0,7
1788,909,208.71895558568974,QR,Grocery,DE,17.0,0.11827051454586182,0.17390330409790072,0,7
7418,976,146.53236677293853,Online,Grocery,DE,22.0,0.2693755162165297,0.35886586755192584,0,7
8303,282,146.49975466522605,QR,Food,UK,9.0,0.09852484716494742,0.12463206406678748,0,7
6619,686,282.1653930720141,QR,Travel,UK,10.0,0.7729115343521832,0.455913981599587,0,7
6431,471,42.38362010842772,Online,Electronics,US,1.0,0.1716863343817527,0.1289596095036149,0,7
3239,972,181.97459933132336,Online,Food,UK,18.0,0.6595873671945217,0.5820288632710415,0,7
65,220,93.5334735120484,Online,Clothing,US,9.0,0.917748805361029,0.680683684283928,1,7
8732,14,90.75153967374001,ATM,Travel,UK,20.0,0.10021801429989104,0.4155302711501057,0,7
8989,151,23.74744969364938,Online,Grocery,DE,7.0,0.30605685928886855,0.18038226490679046,0,7
867,892,119.04085468769303,QR,Travel,DE,9.0,0.2938760619576491,0.15285820146535742,0,7
9612,664,116.46331511793971,QR,Grocery,FR,17.0,0.29641980519121114,0.2942369218630043,0,7
8050,827,246.36618603257278,ATM,Food,FR,13.0,0.22329454359739884,0.14818749140071028,0,7
9023,821,124.63792623778791,POS,Clothing,US,12.0,0.10355847533523235,0.1297102905542105,0,7
3981,790,240.70787831797523,Online,Clothing,TR,6.0,0.2773570031247911,0.38531532352410036,0,7
6341,522,6.682052610198692,QR,Electronics,UK,20.0,0.5410521525191611,0.3655097848164926,0,7
2238,132,0.4969445419485252,Online,Travel,TR,14.0,0.18726891528958484,0.06487918126790446,0,7
7199,21,121.8784353508224,Online,Food,US,2.0,0.10105347724031341,0.24790410173054292,0,7
4877,382,3.9588944582469954,POS,Travel,TR,8.0,0.2675503274375652,0.137871966814413,0,7
2457,259,55.23689206740362,POS,Electronics,US,8.0,0.19952771873320696,0.15806620676329283,0,7
981,183,193.5833976800149,POS,Clothing,DE,14.0,0.24132391182710955,0.17941052771327298,0,7
1887,475,69.592740597579,POS,Food,TR,6.0,0.1783445763110405,0.17614200825885298,0,7
900,290,68.95650935667808,QR,Travel,DE,23.0,0.1260517793266357,0.20587137376211423,0,7
9214,490,12.44061376873627,ATM,Clothing,DE,2.0,0.4894787265481917,0.1462678820701611,0,7
7314,131,38.56102202189291,QR,Clothing,US,21.0,0.11794003488334939,0.07151663084238169,0,7
3213,324,29.215736735356497,QR,Clothing,US,19.0,0.08184137243705744,0.09913923793658765,0,7
7300,537,54.02167626269535,Online,Travel,FR,21.0,0.2597787444492721,0.23330285081584,0,7
1253,286,100.97059232194574,ATM,Grocery,US,18.0,0.2376242233435885,0.3914491480409748,0,7
2700,765,52.12704934328687,Online,Grocery,TR,19.0,0.14497421579340364,0.19577056545175686,0,7
8530,923,26.810251872410266,Online,Electronics,US,18.0,0.10049972206613904,0.08312827483749125,0,7
5593,493,727.5118355552833,Online,Electronics,DE,22.0,0.2842035734314723,0.32174044712331873,0,7
6679,678,27.572618993013446,QR,Clothing,TR,20.0,0.23859650502017074,0.14116727140884094,0,7
6531,610,6.173988937261662,Online,Grocery,US,11.0,0.2546774728383442,0.09665434482410853,0,7
6870,347,109.37344662183102,QR,Food,TR,16.0,0.14750718031095128,0.09465265976399165,0,7
5803,904,599.3603545402152,QR,Food,FR,18.0,0.2808513061770069,0.37826065041645485,0,7
5956,57,80.06208507608358,POS,Clothing,UK,16.0,0.12967394403215765,0.11491824831873065,0,7
8435,311,89.85137775950143,QR,Travel,US,17.0,0.08976662761040534,0.34727633840056193,0,7
7298,112,14.832303818215347,ATM,Travel,US,4.0,0.1503922930539746,0.3304463816116622,0,7
6046,270,12.721652583628533,ATM,Electronics,TR,15.0,0.11011488253817657,0.14602346161406038,0,7
6960,446,37.37687066411052,Online,Travel,UK,4.0,0.07254640850116871,0.06855545292411505,0,7
3654,591,1005.2957467469272,QR,Travel,UK,7.0,0.3068731098885165,0.5108463138036757,0,7
6107,725,102.13061391328694,QR,Food,UK,5.0,0.1754560720441725,0.08839602143410061,0,7
4234,655,46.72074770083608,POS,Clothing,DE,15.0,0.2798272190472745,0.3948559009568627,0,7
4188,18,248.55959632565572,ATM,Clothing,FR,16.0,0.17404719968104093,0.18925337652252988,0,7
3345,290,8.636089318634795,Online,Clothing,TR,16.0,0.2733492160578463,0.16731300839787366,0,7
8662,92,128.08074983994723,ATM,Food,US,10.0,0.2952540997526998,0.22918810248703986,0,7
1170,697,19.55064734816313,POS,Grocery,FR,4.0,0.28914144593215424,0.15358736938852607,0,7
561,287,9.650946184593618,POS,Travel,UK,8.0,0.14005825858588436,0.09138685925505585,0,7
288,813,381.06708178912527,Online,Electronics,US,12.0,0.17440097660389303,0.16220646678990133,0,7
5169,713,15.313470966951087,ATM,Travel,UK,13.0,0.189410370909678,0.21539716693568572,0,7
1812,801,176.47258931662432,QR,Travel,TR,3.0,0.49277364658309597,0.3905458783394585,0,7
1929,923,2126.8585504198586,ATM,Clothing,TR,8.0,0.4508450764996448,0.4745621972780325,0,7
4028,618,10.401856687519311,POS,Grocery,TR,21.0,0.16556159541591847,0.08881733957389919,0,7
800,662,97.82432793296547,Online,Food,DE,23.0,0.10285138332152705,0.16539223196532551,0,7
6417,923,233.3989266436485,QR,Travel,TR,7.0,0.1546508935428979,0.21099411267558696,0,7
4427,401,261.91609309231103,POS,Electronics,DE,13.0,0.08565812444434294,0.3347873051491757,0,7
9861,875,76.31959435555095,POS,Food,TR,9.0,0.1291318610224133,0.2778479542342374,0,7
4013,789,10.042074320880243,Online,Electronics,DE,16.0,0.35077219986865493,0.11082732046343055,0,7
9640,197,39.93455432714277,Online,Electronics,FR,20.0,0.2952559468556103,0.06857973615157195,0,7
441,32,114.72471237133871,QR,Clothing,TR,8.0,0.14802972613810111,0.1332396591297428,0,7
5224,261,854.8604219313823,POS,Clothing,FR,22.0,0.328620707770447,0.1310339727244573,0,7
1036,92,70.00930775780459,ATM,Clothing,US,15.0,0.49694347137956263,0.31140669062874277,0,7
4003,200,11.304097303189293,POS,Electronics,DE,7.0,0.18771456904470274,0.2554234763131186,0,7
3490,867,135.62576716001533,QR,Electronics,TR,13.0,0.1798852790889295,0.1857014252775823,0,7
2309,239,70.95361523480162,QR,Travel,FR,5.0,0.3526000425600663,0.18147227744098013,0,7
2268,757,18.54884847236631,QR,Grocery,TR,20.0,0.15646480284473488,0.17775115028128857,0,7
2324,219,331.94523495959703,ATM,Clothing,TR,11.0,0.18464953877046247,0.10328235336224993,0,7
3428,68,68.76017603553738,Online,Clothing,FR,9.0,0.5029065312842059,0.18967591157062783,0,7
5524,495,118.82337449586227,POS,Grocery,FR,22.0,0.27378851616982974,0.2754087362779298,0,7
4869,843,64.5372439157139,POS,Grocery,US,23.0,0.10118069627916296,0.09235211945297833,0,7
282,988,40.31301161984549,Online,Food,US,8.0,0.24999474867491422,0.31923417129637943,1,7
9833,655,0.0,QR,Food,DE,23.0,0.05448094385952343,0.18772185880880865,0,7
8574,681,71.58035244377844,POS,Clothing,US,8.0,0.11953485545306959,0.12098199054925153,0,7
8349,548,21.038583490059292,QR,Grocery,TR,10.0,0.12274799618357399,0.0810891152284268,0,7
3997,722,16.068395378458206,Online,Grocery,DE,3.0,0.06331147492278211,0.06469536450420262,0,7
868,935,38.57433019056515,POS,Travel,FR,22.0,0.08975140318554241,0.2544099285869473,0,7
1931,286,366.55433227250614,ATM,Travel,DE,14.0,0.14139087928522168,0.489100999423623,0,7
4262,246,240.53808317520517,ATM,Travel,US,20.0,0.37744866215468076,0.9519162620399937,0,7
9347,337,74.84639023526518,POS,Travel,US,21.0,0.2909091806472183,0.1759392750813576,0,7
523,693,86.58030440008208,QR,Travel,FR,5.0,0.41776636593479577,0.2869940778442372,1,7
8890,771,3.202902195715203,QR,Travel,TR,6.0,0.07580042388066072,0.18876274949432315,0,7
4177,445,169.12297663430854,POS,Travel,US,17.0,0.16365267538464537,0.12110508013163931,0,7
6945,492,274.9446940349677,QR,Clothing,TR,9.0,0.28612301067654344,0.11935046675847749,1,7
2750,601,304.193489076756,QR,Clothing,FR,21.0,0.22672253448462362,0.2838313292915763,0,7
6331,377,9.872233178826592,Online,Travel,DE,20.0,0.059548376738663304,0.12328184813457412,0,7
9641,419,71.14345041553563,Online,Travel,UK,22.0,0.28348730574597114,0.07130475641171533,0,7
5066,889,337.16309891220624,POS,Electronics,DE,22.0,0.20280971958108762,0.2194817587462694,0,7
8968,187,20.849951964087587,Online,Clothing,TR,19.0,0.09325651488155146,0.14588112293717875,0,7
7725,465,393.57180839363946,ATM,Grocery,TR,18.0,0.22541150059425014,0.3989892249664055,0,7
7200,880,227.29481570891056,POS,Food,FR,1.0,0.07204692323865201,0.09244935225593652,0,7
1889,697,150.5628478420883,POS,Grocery,TR,16.0,0.2305594660417311,0.2291559334016982,0,7
4816,598,104.57055425963175,POS,Electronics,FR,13.0,0.15112008319228604,0.3248334163226264,0,7
3417,886,77.38659347197515,QR,Clothing,TR,20.0,0.42093059006645894,0.997011885315413,0,7
3803,813,418.7349268991706,ATM,Food,UK,18.0,0.4612968542036849,0.23923970961855082,0,7
8301,698,38.91665096265653,ATM,Travel,FR,16.0,0.0852375283780571,0.1458612063205123,0,7
5478,498,78.28038144041166,ATM,Food,UK,15.0,0.11257053330922462,0.05774979387296415,0,7
4748,789,130.2912231744119,ATM,Food,US,18.0,0.11960510353472605,0.2955482738207426,0,7
1530,573,545.3084757656618,POS,Grocery,UK,10.0,0.4342022139556494,0.2643472911933794,0,7
1707,782,40.15963763440478,POS,Travel,FR,14.0,0.16758777892456334,0.11224867192891666,0,7
1777,575,136.1701421023929,QR,Travel,US,7.0,0.20369891932446163,0.0812775253600932,0,7
4801,410,180.6392496905797,POS,Food,FR,11.0,0.18651411621548256,0.11687890419988245,0,7
6839,463,6.0019490790808145,POS,Food,UK,13.0,0.273855718932883,0.20115696785546267,0,7
9053,78,103.35333704945165,ATM,Electronics,TR,19.0,0.25704770545371236,0.12992203606460032,0,7
9763,445,294.59061055666933,Online,Food,DE,19.0,0.1533797652318342,0.07491300709102273,0,7
3661,83,53.900549748764135,Online,Clothing,FR,23.0,0.12367136026794501,0.07025655024533649,0,7
1201,458,84.32611103015145,Online,Travel,DE,14.0,0.07428533078968735,0.07400404725001915,0,7
9398,103,271.27760298376364,ATM,Grocery,UK,19.0,0.40134304917296676,0.41168712993633977,0,7
6295,476,0.0,POS,Grocery,US,19.0,0.17910074524031228,0.16451010159927532,0,7
4184,619,493.9407682240608,POS,Clothing,US,6.0,0.20045613541804252,0.34952757284181707,0,7
4378,404,670.2560665897545,QR,Food,FR,9.0,0.6304809156793255,0.3428526909506194,0,7
4652,843,111.43700833261094,POS,Electronics,TR,4.0,0.06772326386322168,0.17349437679202273,0,7
4064,904,64.05325191720837,ATM,Grocery,FR,19.0,0.0691140592948746,0.12768786231433463,0,7
5872,450,332.8599868970466,ATM,Food,DE,12.0,0.4917215821982648,0.3282841946115415,1,7
9310,992,17.426883827758548,POS,Clothing,US,22.0,0.3179972276347897,0.12275776215256909,0,7
9847,275,4.48483403269749,Online,Electronics,FR,17.0,0.11634071222071135,0.10820117792872017,0,7
8092,651,907.3405577041527,Online,Food,TR,16.0,0.19114831699286106,0.46846230228016683,0,7
6266,282,35.906071326904765,POS,Food,TR,15.0,0.11296738216760854,0.3038083764984116,0,7
1977,207,135.02214683463995,Online,Clothing,DE,20.0,0.08996259321834338,0.17735146167909344,0,7
6387,717,21.45173000851226,QR,Clothing,UK,18.0,0.06944761769340775,0.1532000715581421,0,7
8678,755,121.41120440750707,QR,Grocery,UK,21.0,0.4211242273102933,0.42686098067793965,0,7
1783,881,8.085682603433813,QR,Grocery,DE,18.0,0.07418667589898804,0.061990917212878624,0,7
3578,314,279.195304247353,ATM,Clothing,DE,21.0,0.2219029357329909,0.41048364610478005,0,7
4429,933,124.41403253227604,ATM,Food,FR,12.0,0.10131440858622959,0.10671750785143955,0,7
5472,692,598.2806194743928,Online,Grocery,UK,9.0,0.20714451880971702,0.4130668124663307,0,7
6559,279,95.79556332630925,Online,Grocery,FR,17.0,0.1723452789341307,0.14701350083548914,0,7
5773,670,27.43744559760151,QR,Travel,US,22.0,0.11309738293859026,0.2405619338573964,0,7
8278,621,171.74922656972467,ATM,Electronics,UK,8.0,0.09090332681201783,0.33927316613874026,0,7
2735,69,171.8851776837331,QR,Food,FR,5.0,0.7119653448426241,0.28021492753370225,0,7
1042,168,157.50413317171498,QR,Electronics,TR,9.0,0.21927868549182616,0.24657428096351408,0,7
8128,246,71.3378216322352,Online,Travel,US,21.0,0.4553696019613882,0.2891504550685507,0,7
1115,389,81.4465498284564,QR,Grocery,US,19.0,0.3734730826052509,0.08161981757568779,0,7
6674,354,2.252687093871327,ATM,Electronics,FR,17.0,0.1344850403015319,0.33675741839093226,0,7
8994,549,360.7169358765133,POS,Electronics,FR,8.0,0.1875767351096899,0.12517178509138865,0,7
893,972,527.0512017321306,POS,Grocery,US,13.0,0.3200869557721192,0.38850291090945493,0,7
9857,710,0.0,QR,Food,US,22.0,0.1253229099510651,0.06699879608073146,0,7
5752,391,299.4155886105929,POS,Travel,US,17.0,0.5236531421185281,0.43259848971743226,0,7
7622,231,18.928590890223976,ATM,Travel,DE,15.0,0.1657059784901359,0.05691178150185934,0,7
9955,836,125.42074263881672,Online,Electronics,FR,19.0,0.1432238499227667,0.0641246972272616,0,7
7524,421,191.7543805805099,Online,Clothing,US,18.0,0.22947735840466868,0.4522130313756325,0,7
5329,374,106.52238044359974,ATM,Food,DE,4.0,0.17147400739706195,0.2813140577705795,0,7
1916,809,42.26707076646385,Online,Grocery,TR,18.0,0.42775748894660526,0.30054340774329596,0,7
5781,645,104.01586625252538,QR,Clothing,TR,21.0,0.6295464563626901,0.14635519650715928,0,7
1202,339,45.72227612741256,Online,Electronics,US,14.0,0.16662376864621864,0.08387117871230088,0,7
3143,914,20.73502902222769,Online,Clothing,US,15.0,0.24598896141992993,0.08254767525728658,0,7
3529,410,458.4042207536463,ATM,Travel,DE,11.0,0.2249455543583739,0.2702673496186602,0,7
1182,214,430.96658704530745,ATM,Grocery,TR,10.0,0.16673280444171457,0.28992992704640913,0,7
3917,755,170.4473035111113,POS,Electronics,FR,2.0,0.20968804937568353,0.4619609035599334,0,7
1646,493,56.72004555693781,Online,Electronics,TR,14.0,0.09940075897237496,0.15062977902812785,0,7
9401,382,179.24524777763457,POS,Travel,FR,20.0,0.261276713768126,0.13699183500710221,0,7
2116,256,372.7126815327333,POS,Travel,US,22.0,0.10598496978050098,0.2492515652660631,0,7
9759,116,16.8764030080209,Online,Clothing,US,4.0,0.17307316218847282,0.13511678266800647,0,7
8000,888,249.17993997633994,ATM,Grocery,UK,6.0,0.06890587911561503,0.151574345350175,0,7
8711,365,311.70566263858774,ATM,Clothing,TR,17.0,0.15305601171532277,0.18113671735398798,0,7
5526,295,28.981100123645177,ATM,Grocery,DE,10.0,0.09957576149829409,0.2660192863543912,0,7
7728,950,176.14373826249735,Online,Electronics,DE,22.0,0.5010782746978889,0.11156869008135002,0,7
247,528,167.2083584440477,POS,Clothing,FR,15.0,0.2713030659843579,0.08753411091498489,0,7
4713,79,152.58547162244375,ATM,Travel,UK,15.0,0.07886516918388978,0.08685067231383994,0,7
7322,556,144.14861714984238,QR,Food,US,22.0,0.1276021693031028,0.2561500545870957,0,7
9570,378,75.31957794412178,POS,Travel,FR,22.0,0.2159378559474899,0.07588717403356388,0,7
1900,265,50.40726743198864,QR,Clothing,US,21.0,0.22789045154469906,0.11252208123620872,0,7
721,170,73.77193702388116,ATM,Clothing,UK,22.0,0.17531425482431895,0.1919431022048677,0,7
1632,752,71.24201479365259,POS,Electronics,US,21.0,0.0902599877011595,0.07215985968122976,0,7
527,576,217.31598598499752,QR,Clothing,UK,10.0,0.785680410583292,0.29173881140258656,0,7
1549,946,51.12282869785682,POS,Clothing,FR,22.0,0.3178095657966922,0.19419274388248695,0,7
7855,917,195.87998194036956,QR,Grocery,DE,14.0,0.4876215603092683,0.15531909107304348,0,7
1861,989,263.72445939683405,POS,Grocery,FR,8.0,0.18523217254484925,0.3172989164762619,0,7
556,973,349.6641418561106,POS,Electronics,US,11.0,0.09199288773684414,0.22671897248166895,0,7
3066,842,335.0682485289382,POS,Grocery,US,18.0,0.2594661522559111,0.3688977309832695,0,7
9475,356,92.32764715844051,ATM,Travel,FR,22.0,0.10715516292199477,0.3073177224339192,0,7
8555,292,72.0678203588509,Online,Electronics,TR,5.0,0.1643603785078444,0.2224708854726969,0,7
9996,725,14.806590551978273,POS,Electronics,NG,18.0,0.1362412540616364,0.10405849064842948,0,7
4876,913,149.72934871168343,Online,Grocery,US,7.0,0.31346250808650966,0.26943883742839075,0,7
3168,102,380.6215942246521,ATM,Grocery,TR,20.0,0.26156571995817357,0.4619326339804694,0,7
1020,446,0.0,QR,Electronics,US,21.0,0.09191788685105937,0.10261450932988504,0,7
8313,431,288.8824233797638,QR,Travel,US,23.0,0.18254446138263597,0.1376131448615162,0,7
8975,833,814.7397131987676,ATM,Food,TR,16.0,0.10444462695769946,0.62170065103095,0,7
8307,688,9.857344490607233,Online,Grocery,TR,14.0,0.23096019580671323,0.15350356227350453,0,7
5204,956,65.04091952513777,POS,Electronics,FR,18.0,0.2587401022908811,0.08633401424653167,0,7
5801,937,64.90807130092621,Online,Clothing,FR,15.0,0.08734125212960611,0.18990959062227153,0,7
4348,492,11.22305678948858,Online,Electronics,FR,23.0,0.09142980126647557,0.22186640799028848,0,7
5882,78,178.67570077470003,ATM,Grocery,FR,17.0,0.39621771520536664,0.1153771576080783,0,7
6233,270,56.83851643968452,ATM,Food,FR,12.0,0.1503664859273352,0.1274170050556504,0,7
612,766,208.63985060709345,QR,Clothing,UK,14.0,0.5421743932028507,0.35477392548879366,0,7
7672,608,12.600654956300275,POS,Grocery,TR,23.0,0.07835950447848376,0.24822431783332966,0,7
8644,461,370.21920801368697,QR,Electronics,FR,17.0,0.1520213126916068,0.27446226258620254,1,7
5281,678,174.14535935232556,ATM,Grocery,US,20.0,0.07600137804833125,0.1685598774222269,0,7
356,636,8.16346089391785,ATM,Electronics,US,6.0,0.14504861586749082,0.11096244458435135,0,7
1206,633,197.83139544839756,Online,Electronics,TR,8.0,0.2897480821678476,0.5469580840153407,0,7
7006,742,418.8612212584284,QR,Travel,US,6.0,0.12728612301748887,0.26165000268329847,0,7
2584,581,15.698709728004372,ATM,Clothing,FR,17.0,0.0663962601401217,0.1262704048868621,0,7
5719,925,61.6060108668065,POS,Travel,US,17.0,0.10774899814523238,0.13880061608921906,0,7
2802,865,37.15708677583899,POS,Travel,DE,16.0,0.06587968403452821,0.1880519271199479,0,7
7123,9,268.99953738482213,QR,Clothing,UK,13.0,0.18501388892255208,0.43454101739636486,0,7
9395,167,123.31504514327912,POS,Electronics,US,21.0,0.07638615381592409,0.14723635366613907,0,7
1001,736,2.118785431266061,QR,Electronics,UK,22.0,0.12029208294038204,0.07707979237800278,0,7
8599,186,2.8613682290488134,Online,Food,TR,12.0,0.1301422850694022,0.15527950938361487,0,7
7435,779,143.46231879187928,ATM,Grocery,UK,9.0,0.3490315972507847,0.0974273853381813,0,7
8272,700,35.771125240026215,Online,Clothing,TR,19.0,0.173367708825946,0.17874110323884673,0,7
5654,68,302.31304676378977,QR,Grocery,DE,21.0,0.5435928175440986,0.4007408199175028,1,7
4794,583,13.946997586567313,Online,Grocery,UK,10.0,0.10903565700719367,0.1455576771587728,0,7
3527,57,279.07411305019855,QR,Clothing,TR,12.0,0.1280077737646791,0.23991755481054514,1,7
1039,993,53.55363243561314,QR,Clothing,DE,15.0,0.28528992331988706,0.2450257852981348,1,7
3740,382,4.612525828120497,POS,Grocery,TR,13.0,0.1409978800063412,0.2267599041124926,0,7
1139,278,39.45134586721147,ATM,Travel,UK,22.0,0.15088909464367303,0.061389609603694606,0,7
8436,520,85.74525846640687,Online,Travel,FR,22.0,0.10952021162412293,0.0921851577046751,0,7
8008,392,160.827677130065,Online,Electronics,FR,19.0,0.4957189348616215,0.46080367299740527,0,7
5747,950,84.99138513159897,POS,Clothing,US,16.0,0.08194809896677628,0.05744389772232521,1,7
5514,253,65.98070085901341,Online,Electronics,UK,16.0,0.2674267727225764,0.15357078841128144,0,7
8534,402,6.641947266632791,QR,Food,US,13.0,0.23839629447804717,0.17933949563614043,0,7
6853,616,61.7358277778465,QR,Grocery,DE,9.0,0.30943960706915263,0.3180800425312575,0,7
3445,200,34.53326199688214,QR,Travel,FR,16.0,0.18898922681798708,0.08295674091324315,0,7
4116,921,502.6651204545471,ATM,Grocery,US,7.0,0.43234887897455043,0.22207358510582775,0,7
2398,558,1031.2778687947282,ATM,Travel,FR,16.0,0.18195693291170167,0.31771652887990787,0,7
4981,230,87.9401371426336,Online,Clothing,DE,13.0,0.16304800360220859,0.4204664550523768,0,7
3046,702,201.3933919575264,POS,Food,DE,21.0,0.09905385926153606,0.09845518971239123,0,7
741,733,0.0,POS,Grocery,UK,14.0,0.07265566953060587,0.06614548996005218,0,7
320,724,81.85113039962744,QR,Clothing,TR,23.0,0.4606011376650344,0.4309672669504615,0,7
8242,15,6.6650589271085705,QR,Clothing,FR,22.0,0.09548506227029208,0.29243879639814657,0,7
7576,204,36.32991220093956,ATM,Electronics,DE,14.0,0.3193307062844057,0.2443010299122145,0,7
3509,843,92.51490663839307,Online,Grocery,US,18.0,0.3933962268612344,0.13746825593483897,0,7
4069,515,717.3570015888705,QR,Clothing,UK,16.0,0.3790450081168808,0.41221099046533344,0,7
3351,348,50.13382493788217,POS,Grocery,US,14.0,0.13814114732091842,0.09381136399842381,0,7
1156,814,380.8181561510929,ATM,Clothing,DE,21.0,0.14966948648579587,0.11114315648392091,0,7
5673,612,200.28609507285137,POS,Electronics,DE,19.0,0.47547552697351575,0.20260193832606196,0,7
6506,107,34.34604429345338,Online,Grocery,US,15.0,0.46674323306049276,0.2772259360139211,0,7
998,302,4.61133713870081,POS,Grocery,UK,21.0,0.254704185997196,0.10074827710151846,0,7
3704,363,686.7105630099707,POS,Electronics,FR,22.0,0.12066491263545737,0.12656659046816118,0,7
4623,845,38.028308143128925,ATM,Clothing,DE,21.0,0.12510356133239084,0.10780935635502387,0,7
4461,542,16.905096676069753,POS,Clothing,FR,20.0,0.10695193522817742,0.11712060799962706,0,7
9744,415,31.94973807707872,POS,Food,UK,21.0,0.29981328379524447,0.10151686164727136,0,7
2243,540,261.78909408252747,ATM,Food,TR,15.0,0.08198631140272215,0.44050795912128393,0,7
1622,849,27.43047231060925,POS,Travel,UK,17.0,0.07435585604798885,0.16657234145787497,0,7
6819,267,8.877049541026548,Online,Clothing,UK,19.0,0.3848739634534995,0.19135751337154852,0,7
6139,181,99.37144515445121,POS,Clothing,DE,17.0,0.14462270921936848,0.44019806321689786,0,7
7619,993,8.126099065716009,QR,Electronics,FR,8.0,0.09237588548488526,0.42299787843405817,0,7
4354,557,79.56536205276474,QR,Grocery,DE,8.0,0.10128788990065535,0.11318292457605311,0,7
887,982,53.28123063614089,QR,Food,FR,8.0,0.12218566148040255,0.11821745143628976,0,7
3137,288,148.0990805453368,POS,Travel,US,15.0,0.4039077960133866,0.23628559611423433,0,7
8721,879,387.4285035964167,Online,Electronics,US,8.0,0.3219386253592783,0.08048407890640273,0,7
1787,236,49.64961675003903,QR,Electronics,DE,10.0,0.17386067698162244,0.33422253126919943,0,7
6940,647,513.2860091689602,POS,Electronics,TR,21.0,0.3128953452973303,0.8478656396776625,1,7
3975,731,431.3042404015265,QR,Clothing,TR,23.0,0.27088807958139605,0.1701432340056062,0,7
5544,689,772.7572649520273,Online,Electronics,DE,12.0,0.9268269249573479,0.6867890534066992,1,7
8050,673,105.02336453851856,POS,Grocery,UK,10.0,0.1701947002719854,0.07417209899189502,0,7
3552,208,17.47330550039877,Online,Travel,DE,18.0,0.11739772676132738,0.2280597918512306,0,7
3939,819,40.094635321395415,QR,Electronics,US,19.0,0.10955171282579274,0.3112803821985344,0,7
2503,111,662.3681831302247,POS,Food,US,19.0,0.1414001691912889,0.22279937604296746,0,7
5431,248,183.5674409350873,QR,Clothing,FR,22.0,0.2110022954266528,0.18448039109398934,0,7
5291,501,56.36485395490202,ATM,Grocery,UK,22.0,0.0709788265392252,0.15930678484506472,0,7
2354,551,9.14393328287413,ATM,Grocery,UK,15.0,0.07624612617262552,0.17245298414903912,0,7
4855,240,3.9633374776955312,ATM,Clothing,FR,13.0,0.05756942113939635,0.06950169581185597,0,7
4893,798,13.647458528970178,POS,Electronics,UK,18.0,0.1344236753070807,0.0584150406009209,0,7
6785,176,74.61169245802378,Online,Travel,TR,15.0,0.4123026893479818,0.07285915600788204,0,7
6478,876,51.17738192473469,QR,Grocery,TR,19.0,0.3585983624788643,0.3642105053811733,0,7
6390,494,125.61603792369782,QR,Electronics,FR,12.0,0.0703953525339983,0.12307727437009065,0,7
9503,189,223.37687129191926,POS,Grocery,FR,15.0,0.13740957197507012,0.3701590163609644,0,7
1099,660,26.835569902589175,QR,Travel,FR,18.0,0.20249650148430295,0.8046746828123901,0,7
4670,863,9.957214171666436,ATM,Travel,FR,14.0,0.1597409650128721,0.059644196242504985,0,7
7348,195,193.00702007753213,Online,Travel,UK,12.0,0.08244513583137841,0.22882570787861184,0,7
8234,525,15.291668437343064,QR,Food,FR,20.0,0.1419310899292199,0.19232054305803636,0,7
4991,95,36.14632332059774,QR,Clothing,US,22.0,1.0,0.20347274434107393,0,7
8390,564,43.42019340895954,QR,Grocery,TR,12.0,0.08288638865228914,0.23121259899052016,0,7
260,496,10.407476224568322,Online,Clothing,DE,6.0,0.10074898643898914,0.2692970918545931,0,7
8652,569,128.90443215035964,POS,Food,US,20.0,0.223805626408247,0.11424608608534528,0,7
6640,660,84.59875434111004,ATM,Travel,TR,21.0,0.19117610629488624,0.2620896524009441,0,7
9636,438,55.908100685388945,QR,Travel,US,16.0,0.08812697977921263,0.3089550710813087,0,7
4883,494,79.70923014688549,QR,Electronics,US,8.0,0.08125667160917956,0.06865351894948002,0,7
9110,690,15.01461568605962,ATM,Clothing,UK,23.0,0.09281583721074901,0.11205516969524792,0,7
3477,458,173.5935017446023,POS,Clothing,DE,9.0,0.06358021992022155,0.07682341781214563,0,7
3575,207,6.638097031601742,QR,Electronics,US,13.0,0.08456513179055151,0.08952295013009264,0,7
5850,972,283.51815672318514,POS,Grocery,DE,22.0,0.26389234901604264,0.18454144546754853,0,7
1562,939,927.6634569580378,QR,Clothing,DE,20.0,0.3539746780196702,0.4787088899816345,0,7
5358,2,27.185354464751367,ATM,Grocery,UK,16.0,0.09575175817482841,0.2376340223436975,0,7
5234,940,62.61422564361306,QR,Electronics,UK,11.0,0.2150324192401672,0.12335204061232571,0,7
9603,825,208.81286709875792,Online,Travel,FR,17.0,0.35462782969320467,0.5069284157649004,0,7
6492,489,149.84713382000498,POS,Food,US,16.0,0.2238911744031089,0.08484441143988554,0,7
2984,896,100.59765515085259,Online,Electronics,DE,23.0,0.2551998385567308,0.5450548762848051,0,7
9702,667,39.71564645561188,POS,Travel,FR,21.0,0.26289043937233947,0.26378168977160565,0,7
1509,630,68.3759469883528,POS,Electronics,UK,10.0,0.1429697311202754,0.1638907814210075,0,7
1548,605,164.3782875278937,ATM,Food,US,14.0,0.11263757279423711,0.17840110860521613,0,7
4852,377,184.22350800564033,ATM,Electronics,FR,12.0,0.23374427452952948,0.060597894084407085,0,7
9907,860,2.472811936471722,Online,Travel,UK,16.0,0.21433900931828337,0.296655128953339,0,7
2531,353,364.91306719872193,QR,Food,FR,11.0,0.406477242079173,0.2630012576712015,0,7
1982,205,123.18814024460914,POS,Clothing,FR,11.0,0.45554638578475093,0.687880787357877,0,7
8741,365,150.2035520013053,QR,Grocery,NG,23.0,0.1854726867180751,0.4087740544978291,0,7
1181,232,0.0,POS,Grocery,UK,15.0,0.1682756148647756,0.09434644679147797,0,7
5118,147,232.07797458012192,ATM,Travel,US,15.0,0.4718846675579789,0.234260653272955,0,7
1678,446,107.41447014795506,ATM,Food,TR,9.0,0.0926215169255668,0.2382458930449809,0,7
2199,526,97.14582374615684,ATM,Clothing,US,21.0,0.25394495332037803,0.0906891327133342,0,7
2885,435,2.2898338364372597,POS,Grocery,TR,7.0,0.08464963699649042,0.17602277968807187,0,7
3064,194,18.937521764284327,POS,Travel,DE,1.0,0.3776632424099366,0.16603920337140202,0,7
6040,164,74.56039019165037,POS,Travel,DE,6.0,0.32124027243440006,0.08056423127670605,0,7
1153,686,102.51344678026392,POS,Electronics,UK,19.0,0.3515019435914087,0.15283359296577387,0,7
8703,189,207.57354425306588,QR,Electronics,FR,20.0,0.45351937486065397,0.7917076621841961,0,7
244,255,23.744841786785447,POS,Food,FR,18.0,0.28839762729483953,0.13045481612959614,0,7
5508,470,183.00986226480487,ATM,Clothing,FR,23.0,0.21905459300652164,0.14954838329034809,0,7
6339,887,367.3865815037321,POS,Clothing,TR,12.0,0.16094871829836907,0.06218954153796228,0,7
9087,160,241.62200858323774,POS,Grocery,US,8.0,0.5178233236560803,0.5025658600126418,1,7
6593,172,14.974833617677412,Online,Grocery,DE,18.0,0.22904122148199055,0.09411743967299452,0,7
5292,600,587.6375786249641,QR,Electronics,FR,16.0,0.3738018155949047,0.438609585086825,1,7
7247,611,84.65859457295798,Online,Travel,US,6.0,0.21758789733509104,0.6358263655618819,0,7
7771,784,60.13519851023495,ATM,Travel,TR,19.0,0.10969593026257211,0.14199304673153937,0,7
4257,725,108.69193797947014,Online,Food,DE,18.0,0.0881470213102497,0.08655608459823641,0,7
3961,592,44.25943926659232,POS,Grocery,TR,23.0,0.07595855254218654,0.22960144909329283,0,7
7895,381,76.70606190651566,QR,Grocery,TR,16.0,0.7956423496822814,0.40653387416594106,0,7
2767,741,14.781367095535126,ATM,Travel,UK,21.0,0.1967843606790352,0.4498736946594837,0,7
7564,452,177.60609108141588,POS,Food,TR,11.0,0.10627452696666095,0.09943609585813143,0,7
742,607,278.0346811064868,POS,Clothing,DE,8.0,0.6910383755769763,0.1434639870066707,0,7
1407,76,32.699252632104766,Online,Electronics,DE,21.0,0.09989837441196328,0.12336975070024157,0,7
552,564,101.01083802364016,POS,Clothing,FR,7.0,0.4097349620651735,0.1454757881103324,0,7
2146,848,25.84481609675839,QR,Travel,TR,20.0,0.08269927982693026,0.1440275714042606,0,7
1743,601,75.48784138843865,Online,Food,US,2.0,0.2336832021472974,0.2562918447608866,0,7
6143,106,313.0974731750758,ATM,Food,FR,22.0,0.29197261793649665,0.2226350167989991,0,7
5224,632,35.47394035372817,QR,Travel,US,18.0,0.21799663733102875,0.07741860209722642,0,7
6331,709,141.46173728046364,QR,Electronics,UK,17.0,0.18944839354882007,0.4612923668870612,0,7
9483,440,453.7193774974595,Online,Electronics,DE,23.0,0.32592361473813913,0.16430232591646432,0,7
4403,705,87.17287729696382,Online,Clothing,US,18.0,0.47139178709008195,0.3036031667231176,0,7
2937,421,322.7362401642561,POS,Clothing,US,16.0,0.12013393684500914,0.5233583563749739,0,7
9331,824,96.18191872002764,QR,Travel,UK,18.0,0.08823771979428109,0.26055491427175104,0,7
7128,453,537.4947785318402,ATM,Clothing,US,22.0,0.4628457031775536,0.7902608519612718,0,7
710,24,380.3167058561488,ATM,Food,DE,22.0,0.12298990893790757,0.195966120776352,0,7
2742,685,30.243652106645392,QR,Clothing,FR,21.0,0.12378174114228582,0.29659206654638215,0,7
6153,9,195.77913372313904,ATM,Clothing,UK,7.0,0.3898677526633634,0.13300028807467545,0,7
828,694,484.0401208018726,Online,Food,TR,19.0,0.4293896062397057,0.3245286550330438,0,7
9457,43,37.11822094511677,Online,Grocery,UK,17.0,0.08515324754830483,0.14669774415675046,0,7
5788,139,77.82537089699349,POS,Travel,US,19.0,0.17336775228198587,0.26897316114449066,0,7
1583,529,31.20416619132535,POS,Clothing,US,4.0,0.09204049099323122,0.323486427474453,0,7
8823,943,83.43747496316554,POS,Electronics,TR,19.0,0.10574396442607922,0.235513041120527,0,7
3327,658,122.28028666397329,QR,Food,US,15.0,0.2859196395101752,0.18350892812181957,0,7
3137,68,21.031782741596093,POS,Electronics,FR,19.0,0.08825658525959709,0.33973417879498385,0,7
6803,362,15.426704277974455,POS,Grocery,US,18.0,0.17299477430238688,0.3433869530153334,0,7
3245,878,819.2275097845861,QR,Clothing,FR,15.0,0.08124863449242811,0.16348240046558749,0,7
7257,493,29.033357613431917,POS,Grocery,DE,21.0,0.1414700415496895,0.21037934232431943,0,7
8335,537,50.85826826628704,POS,Travel,FR,23.0,0.43869294056932023,0.09077372888066304,0,7
7238,801,5.132745630977058,POS,Electronics,FR,23.0,0.22761858817400366,0.19337426013117207,0,7
22,167,72.53346258795271,Online,Food,UK,21.0,0.4571771243025831,0.08578097812464638,0,7
1312,414,14.134312808556626,Online,Grocery,TR,8.0,0.10019571983717816,0.12919971829768737,0,7
1019,499,71.70762371061048,QR,Clothing,US,5.0,0.41569157246578053,0.16535734780655684,0,7
4009,280,43.48099507571325,ATM,Travel,UK,19.0,0.07410266261007861,0.06995403351164195,0,7
78,228,446.3361983148848,Online,Clothing,US,1.0,0.06694016594045593,0.24862439544186327,0,7
8684,23,25.300813121162914,ATM,Travel,DE,22.0,0.13016315965311934,0.17694582901375133,0,7
2687,623,171.98591985767666,ATM,Grocery,DE,21.0,0.34925620119658585,0.6747647320601543,0,7
9138,994,33.740203624205115,Online,Travel,FR,11.0,0.06737001993132088,0.14563231689331924,0,7
190,699,563.0021415393118,POS,Grocery,US,16.0,1.0,0.7104668740430881,0,7
5342,566,126.29479066893026,Online,Electronics,UK,14.0,0.47460092097694184,0.5205162660547019,0,7
161,578,139.9811353213647,Online,Food,DE,19.0,0.26188722747814425,0.22899336275449791,0,7
6866,133,101.82211575695743,Online,Clothing,DE,4.0,0.37632701493762005,0.2324687553132529,0,7
5442,508,28.346176390689692,POS,Food,DE,22.0,0.37750351932945847,0.6909081912654117,0,7
6384,92,16.900292572442385,ATM,Electronics,TR,15.0,0.06703038997230129,0.1220961991911681,0,7
1838,440,5.766887639555356,ATM,Travel,UK,21.0,0.19555998497826327,0.07100917815175387,0,7
5923,857,210.32559666888633,ATM,Food,TR,8.0,0.22366290233604288,0.10534580773714672,0,7
8594,622,135.10442131676885,Online,Clothing,UK,11.0,0.12824586643980984,0.2588915163955845,0,7
5193,383,32.66726116550241,Online,Travel,DE,11.0,0.128685324083752,0.06202169433602405,0,7
3650,753,211.53505927101978,POS,Travel,TR,23.0,0.15059416444157006,0.10862255279247099,0,7
4390,697,96.11065609659295,QR,Food,US,14.0,0.3179837766786537,0.32667677058451344,0,7
5180,106,18.55506384782172,QR,Electronics,UK,2.0,0.2859818526616209,0.2459995975336495,0,7
5709,573,246.02188160783982,ATM,Travel,DE,10.0,0.06629069690972836,0.15158668173493683,0,7
948,536,578.8495547248751,QR,Grocery,TR,13.0,0.1475166370098993,0.1583807036929208,0,7
1401,894,11.535889370055623,POS,Food,US,15.0,0.09581440168941262,0.08152048331265928,0,7
6402,798,159.4832325560317,QR,Electronics,UK,8.0,0.08189575315281794,0.09920916651780397,1,7
6030,776,170.78998982913575,ATM,Clothing,US,14.0,0.3717014461874991,0.16608691914316304,0,7
32,744,323.94039306688614,POS,Food,UK,19.0,0.4722893307016649,0.21699876437753585,0,7
8312,594,31.877934784410193,POS,Travel,TR,23.0,0.06847591067065295,0.0676934106207432,0,7
4231,454,8.709654665602049,POS,Clothing,DE,17.0,0.31851445413252943,0.4029237630141277,0,7
2178,924,515.5563362613746,ATM,Food,FR,4.0,0.3881702311133738,0.15847768499248976,0,7
2407,508,10.21189376539241,Online,Grocery,US,7.0,0.26412030913004864,0.25747900128111517,0,7
9368,576,9.501021451551054,POS,Electronics,FR,13.0,0.14168523160773544,0.4527489676968571,0,7
7166,435,222.29674456905053,ATM,Electronics,UK,22.0,0.33596302611247286,0.19270899579364603,0,7
7415,808,72.91893899501312,POS,Travel,FR,13.0,0.09808238417975872,0.06855859241009804,0,7
340,547,14.75814338251346,POS,Food,TR,17.0,0.1277420088905522,0.1324785958396944,0,7
9732,87,155.39976545940777,QR,Food,UK,10.0,0.16011504579524097,0.4055919213998757,0,7
2436,595,97.94410731375963,POS,Clothing,US,19.0,0.10768453492638791,0.1383951076695402,0,7
3655,479,4.484854389282559,Online,Clothing,FR,14.0,0.37378209708839083,0.18828689623993,0,7
6433,784,46.16271554885377,POS,Electronics,FR,23.0,0.19747648279072927,0.2796100904237929,0,7
4129,505,357.23177660740845,ATM,Food,UK,13.0,0.39239777539022686,0.475045906296255,0,7
9659,622,39.628580113976284,ATM,Clothing,DE,4.0,0.17049250039526803,0.5667503371329317,0,7
9053,568,21.477879421917873,POS,Travel,TR,11.0,0.20649739077594348,0.32352006315647125,1,7
7333,10,145.33465292542846,ATM,Clothing,TR,15.0,0.09634853399347515,0.22972670795470052,0,7
8773,781,66.6513912409822,ATM,Travel,FR,22.0,0.3421609999446036,0.17844646469467274,1,7
4451,942,108.13054876028224,QR,Grocery,US,13.0,0.21824348132170543,0.10274165101003811,0,7
7371,341,39.3509263763251,Online,Electronics,DE,6.0,0.15179917620324432,0.08764500588054486,0,7
9508,759,0.0,Online,Travel,US,12.0,0.10711119922844375,0.19309306013341132,0,7
670,216,75.88861991123628,ATM,Grocery,DE,21.0,0.19332649810279018,0.11771253867728025,0,7
7064,458,8.931293377535564,Online,Clothing,TR,23.0,0.0986165710813045,0.2448392739231767,0,7
9052,314,839.4531284136309,POS,Travel,TR,15.0,0.4785968959047103,0.5739054109965742,0,7
8143,537,45.88495503795275,POS,Clothing,DE,13.0,0.08399522082119583,0.2745897638595982,0,7
32,397,236.35505118629607,QR,Food,DE,20.0,0.14340518998372284,0.23169335462597557,0,7
9887,716,476.0185713416439,Online,Grocery,UK,5.0,0.10111877599602534,0.6137364252348929,0,7
5135,323,183.64218069128745,POS,Travel,TR,22.0,0.16170089237118976,0.3383374099755935,0,7
6209,758,261.21864720600837,POS,Grocery,US,7.0,0.14903750751987746,0.1576800018076193,0,7
5077,569,109.44828245489028,POS,Travel,FR,11.0,0.25747016177222,0.1252746343664226,0,7
8002,206,263.7204237242932,Online,Food,NG,19.0,0.1867575435389735,0.1393150422505207,0,7
5321,38,229.48333940174328,POS,Food,UK,20.0,0.1334479861474914,0.12161910147239888,0,7
698,867,219.90891643694906,ATM,Travel,US,6.0,0.8611585743388354,0.4773085411875686,0,7
1000,500,0.0,Online,Electronics,DE,23.0,0.1837943819492196,0.14190716257539093,0,7
3161,811,72.53129436209993,QR,Travel,US,10.0,0.0808506136125797,0.07359438259177806,0,7
6658,497,183.75739937857418,Online,Food,FR,12.0,0.12095247126750364,0.35989582959885946,0,7
1931,153,321.77895224482324,Online,Clothing,TR,21.0,0.13324724512328803,0.1915559676671007,0,7
5121,421,378.7261193289451,Online,Grocery,US,8.0,0.5413044783591804,0.41931755546713306,0,7
559,533,15.716989296429386,QR,Grocery,US,16.0,0.06032222044543557,0.07304510162759045,0,7
1012,167,5.141114392871543,QR,Food,TR,23.0,0.16571027326393545,0.07450283578875852,0,7
3294,244,241.64574097589278,Online,Food,UK,3.0,0.3813997904963178,0.20158043838284082,0,7
2874,27,791.1211525150022,POS,Grocery,TR,4.0,0.292903167564295,0.09176746617753505,0,7
9995,316,602.9058400389347,ATM,Clothing,TR,8.0,0.1207126118736454,0.12193007506033554,0,7
2974,787,105.32025301430548,ATM,Clothing,UK,7.0,0.2228095880617692,0.31849208351889335,0,7
9102,459,485.991399097476,Online,Grocery,US,20.0,0.07666773773681104,0.07459446175810247,0,7
4151,312,4.322265933860324,POS,Clothing,US,21.0,0.12098340877758927,0.44010969130396216,0,7
2373,698,372.9111077663311,POS,Food,TR,5.0,0.07971393759449875,0.08469441845766748,0,7
4750,74,18.213578404451606,POS,Travel,US,19.0,0.07203257438619862,0.48174235255115444,0,7
1062,374,5.908551669140731,Online,Food,UK,17.0,0.1851559550209274,0.24757990442359792,0,7
6756,115,7.047835772166569,QR,Grocery,US,10.0,0.14276848962598462,0.21205047691462703,0,7
7578,476,215.94358270426895,Online,Electronics,UK,14.0,0.1886863514915209,0.2944239381476024,0,7
2283,9,41.6157681243289,Online,Electronics,TR,22.0,0.2986960354684582,0.15114819763394377,0,7
4711,229,21.981431719339746,QR,Food,FR,8.0,0.294431888442778,0.1231202284008316,0,7
9426,365,3.162311767738297,POS,Grocery,US,11.0,0.06955941033544177,0.10462377653283303,0,7
1325,661,164.0179608964844,QR,Clothing,US,19.0,0.11791697389997591,0.36223505085010993,0,7
2555,648,11.599283001905043,Online,Clothing,TR,16.0,0.15289107332114873,0.10129410701115896,0,7
8484,272,11.529521317930643,Online,Clothing,TR,11.0,0.5214317667590461,0.3043098271059419,0,7
1130,526,146.9619923174265,Online,Electronics,US,19.0,0.17355246574505878,0.2207090304200792,0,7
7431,909,315.30253623894794,QR,Food,TR,9.0,0.17286365905522985,0.1901666430620842,0,7
888,950,52.932542485187284,Online,Grocery,US,23.0,0.25107691936468945,0.2504074629936329,0,7
201,936,111.55995883590175,POS,Electronics,DE,12.0,0.2754907972683638,0.07938719351513124,0,7
5565,122,378.31555934054256,QR,Travel,FR,12.0,0.36761080979057215,0.06120543687551583,0,7
9399,161,16.534169497604456,ATM,Food,US,16.0,0.5096282972722547,0.23711864878372146,0,7
6982,473,72.52290365436295,Online,Clothing,FR,19.0,0.4248491406461948,0.13134397293589792,0,7
3247,680,215.39094514812496,ATM,Clothing,UK,22.0,0.8051439715614997,0.1972495660309493,0,7
4106,324,132.05247538113053,QR,Travel,UK,6.0,0.4229750092357681,0.2850672249370066,0,7
9952,519,0.5147957358026167,QR,Grocery,US,18.0,0.1664374103284487,0.06366300184419292,0,7
2568,656,1.4050582351894811,ATM,Electronics,US,21.0,0.16014925375391076,0.2043625791451551,0,7
1179,586,767.234221166704,QR,Clothing,UK,6.0,0.16205089036658027,0.10101951595941469,0,7
5390,917,636.8033712935911,ATM,Travel,TR,15.0,0.1926128721267405,0.15193616471444868,0,7
5565,368,133.75878667874196,POS,Grocery,US,23.0,0.554913967251086,0.18852917734940075,0,7
3178,230,282.82602341459466,POS,Grocery,FR,22.0,0.1755672060483037,0.11381695742852685,0,7
4307,324,266.6080014236943,POS,Grocery,FR,18.0,0.4586842799572332,0.3017879883951657,0,7
3314,924,175.5392320921692,Online,Travel,UK,12.0,0.3657300870712126,0.19976401675885047,0,7
8842,314,145.29249400678202,QR,Electronics,UK,15.0,0.30573022675642525,0.13904019091617908,0,7
9029,827,23.381142507678693,Online,Travel,UK,16.0,0.11802976845015173,0.34935045004471954,0,7
3169,414,295.0234674354766,QR,Electronics,TR,12.0,0.3860168753846349,0.179364513826321,0,7
2263,70,230.08671628310594,ATM,Grocery,DE,13.0,0.18652424662049208,0.3121243421077491,0,7
7169,485,1.0522063107746806,QR,Food,FR,22.0,0.2749219098216217,0.42986463407261755,0,7
6847,810,119.47610856192564,POS,Travel,US,18.0,0.22791356789009135,0.19749153616557374,0,7
9132,366,32.14868880607236,POS,Grocery,DE,18.0,0.1135008689629741,0.1410917563034758,0,7
5431,43,41.618441219979374,POS,Grocery,DE,14.0,0.14311199620474274,0.09998317273092971,0,7
7304,836,5.447394916236486,QR,Travel,US,21.0,0.09166910703757399,0.12246368133659881,0,7
7517,7,9.274964769636263,QR,Grocery,TR,19.0,0.1323573080675788,0.35477071056155673,0,7
199,919,31.915452153399933,QR,Electronics,US,17.0,0.1493598478545192,0.4835819831147799,0,7
4392,106,4.82634013792058,POS,Grocery,TR,22.0,0.30085753915539853,0.06504190398705073,0,7
9493,955,76.84884876093656,ATM,Electronics,TR,18.0,0.06817770787413041,0.2768843277051898,0,7
7595,402,103.97930034262517,QR,Clothing,US,5.0,0.13624715870474788,0.24815635666755972,0,7
785,444,240.82354621128445,Online,Grocery,UK,23.0,0.1584144584164709,0.16267998547847162,0,7
7430,991,1302.9961805101411,ATM,Food,UK,11.0,0.32193517885555706,0.43156686868408434,0,7
8027,364,160.8130616255838,QR,Grocery,DE,13.0,0.5096764952543127,0.19643292013923244,0,7
2738,140,56.579573237525636,Online,Grocery,DE,16.0,0.08890687074263331,0.3818431835111013,0,7
5275,600,806.126122186326,Online,Travel,TR,12.0,0.17768123603414643,0.2094550924070807,0,7
3371,289,57.40050230843875,Online,Electronics,TR,8.0,0.06459982198897533,0.33374969579386415,0,7
9874,829,203.04488390264927,QR,Food,US,22.0,0.15973537049287134,0.11540997452072892,0,7
150,539,338.70940648753367,ATM,Electronics,TR,16.0,0.13987178567567393,0.059539762435441734,0,7
2241,704,36.75960030760581,ATM,Clothing,UK,9.0,0.15874573818676052,0.5030317601087338,0,7
1549,729,151.68332456356993,ATM,Grocery,UK,11.0,0.08838430926825479,0.06597894206471144,0,7
1294,559,44.58209755477093,ATM,Grocery,UK,20.0,0.11021884155921796,0.11568429648140516,0,7
2984,853,9.899737619011162,POS,Grocery,FR,18.0,0.16363260035691501,0.14452457424688112,0,7
5749,800,67.0361351043239,ATM,Food,UK,6.0,0.3715583328571278,0.4054506200165732,0,7
1964,875,116.8649393182935,QR,Electronics,UK,22.0,0.13846931514931915,0.09769349862011564,0,7
8898,138,16.97045320751357,ATM,Electronics,UK,10.0,0.31458595769007497,0.4246144516940412,0,7
9908,753,14.85977067613112,QR,Travel,TR,15.0,0.4727616869818946,0.23410329167501998,0,7
4665,56,266.97246365561,ATM,Clothing,FR,16.0,0.23101060681134988,0.11841084297394872,0,7
9044,982,104.12461169315215,ATM,Grocery,UK,16.0,0.23095385453977105,0.37515774073799063,0,7
6879,533,120.51188106540611,ATM,Travel,DE,21.0,0.315584123970127,0.12460602629802589,0,7
4720,483,116.48922678046146,Online,Travel,DE,20.0,0.12475385674414166,0.23456634972112012,0,7
706,748,236.5421095841349,QR,Food,FR,22.0,0.19293342802017932,0.08395454238354258,0,7
4705,20,96.77985274078189,ATM,Clothing,DE,21.0,0.18332254968855746,0.454939340906801,0,7
6484,838,23.453095043280513,QR,Electronics,FR,18.0,0.25500366508263256,0.06961549982389723,0,7
1318,329,79.32541602792915,Online,Travel,FR,18.0,0.15025921580389476,0.46584571181708057,0,7
8061,124,176.35298767078385,ATM,Travel,FR,15.0,0.7109301967432499,0.2521991350258439,0,7
5501,345,42.90377362693924,Online,Electronics,DE,16.0,0.213999181025605,0.5250423447948599,0,7
8631,942,379.4202567150993,QR,Food,US,17.0,0.3495350883888824,0.40923655253414937,0,7
548,138,101.94358013323787,POS,Food,UK,13.0,0.698160256652254,0.9318049565817631,0,7
3793,367,63.51826856681142,POS,Travel,US,21.0,0.25607461681307314,0.0761366889037775,0,7
7000,303,0.0,POS,Electronics,TR,23.0,0.14059497006711583,0.11882327976256045,0,7
6421,560,39.5890253277303,ATM,Travel,UK,12.0,0.45906425633825476,0.9165496894959395,0,7
2453,496,624.5934998991373,QR,Grocery,US,7.0,0.20844498141660098,0.14809926238870302,0,7
2049,970,19.914717913817512,Online,Grocery,FR,21.0,0.06889544380861065,0.11790918833646727,0,7
1848,748,175.66090071001838,POS,Travel,US,22.0,0.12571090504111135,0.13041725094985473,0,7
8551,654,72.70289879645146,POS,Grocery,FR,21.0,0.23237600600711322,0.26896032785606805,0,7
5647,65,52.67519872348912,POS,Travel,UK,16.0,0.14714488392185987,0.21207146408588512,0,7
3798,990,333.2170649728244,POS,Clothing,DE,17.0,0.2136294858303264,0.16335440423298703,0,7
9860,216,156.12603237017333,QR,Travel,UK,21.0,0.1307023556278512,0.16408300517874325,0,7
7223,411,55.24573569341258,Online,Travel,DE,23.0,0.16153891545655968,0.31883418710222394,0,7
8882,105,59.90177699844672,POS,Clothing,UK,15.0,0.2951893645305782,0.2888324621864332,0,7
800,397,177.12978109943995,QR,Electronics,US,19.0,0.1972439725281031,0.13269734725741616,0,7
2265,607,496.2737299648986,Online,Food,TR,11.0,0.28343018319496766,0.3058640524974988,0,7
4,158,220.85504088824374,POS,Electronics,UK,18.0,0.29882414826953974,0.5883527347774148,0,7
9142,909,0.0,QR,Clothing,US,19.0,0.20017631160887253,0.07623394031906112,0,7
2741,508,334.163657247578,Online,Travel,UK,18.0,0.44201563278176126,0.22308514287721035,1,7
7856,897,0.0,POS,Electronics,UK,5.0,0.07953248176218922,0.10858040065707229,0,7
7434,750,512.1529830248132,QR,Food,FR,17.0,0.3421401657324395,0.1525438891198057,0,7
1636,270,73.79173112891694,Online,Clothing,TR,3.0,0.1627787294526583,0.11160935251101356,0,7
8695,379,200.69360537289978,POS,Clothing,UK,5.0,0.33048181882748934,0.2149570881113141,0,7
310,810,341.8769894341768,Online,Travel,FR,18.0,0.30607986738780557,0.19693124037798576,0,7
5773,556,15.619316423468435,POS,Travel,UK,15.0,0.5167442780182319,0.24076611020637967,0,7
1445,102,9.0142271632299,Online,Electronics,DE,13.0,0.09565165505531109,0.20822981914147332,0,7
5409,753,49.03151342251457,ATM,Travel,TR,17.0,0.17756173183919352,0.08321289367487704,0,7
260,399,438.1466674746477,POS,Electronics,US,4.0,0.06079692468661471,0.13547128287058186,0,7
6116,840,5.6062674324318165,QR,Travel,UK,21.0,0.12346577767491518,0.08455490189280174,0,7
8055,918,79.81976436535157,Online,Travel,US,19.0,0.0657201335331258,0.11238295305490487,0,7
5519,854,65.6211813064556,ATM,Food,FR,14.0,0.14505791116241018,0.09840365459211402,0,7
8412,490,32.650339475552855,Online,Electronics,US,23.0,0.2638504312222989,0.16179380874101632,0,7
2136,589,113.86288365495375,ATM,Grocery,US,11.0,0.07952083161794603,0.34027359686909503,0,7
6004,758,202.2676808339819,ATM,Clothing,DE,19.0,0.10169977831258126,0.2404395591375921,0,7
8115,716,214.1530545427866,ATM,Electronics,DE,16.0,0.1617829087816573,0.11845799083795894,0,7
4040,938,233.34911638862238,ATM,Food,UK,13.0,0.14179831396976536,0.2928356916666137,0,7
6213,688,20.72734567592765,Online,Travel,FR,18.0,0.290384004359206,0.1562165077482404,0,7
9532,944,84.90255226139826,QR,Food,US,15.0,0.16402793032121415,0.2839209429115528,0,7
3575,536,81.14093204632317,POS,Travel,DE,21.0,0.1797559019210021,0.12823787320716457,0,7
6482,83,10.787905636903455,QR,Food,TR,20.0,0.4352896218145742,0.22777970119012092,0,7
2074,737,572.0582066815595,ATM,Grocery,UK,20.0,0.27276353593632086,0.06720925619421766,0,7
7800,834,253.8808374355617,QR,Electronics,FR,18.0,0.2880484781153974,0.696032912515765,0,7
8135,464,631.6128079578054,QR,Travel,US,17.0,0.17593619241159664,0.21114198134305634,0,7
954,828,176.26242707151943,Online,Travel,US,17.0,0.3243511709149997,0.3443782819054604,0,7
5942,226,6.450219950435597,ATM,Clothing,UK,21.0,0.22072579172438547,0.13835892770562574,0,7
8982,316,314.32672582935805,QR,Travel,US,5.0,0.3204043161264041,0.18943434884075155,0,7
6186,473,331.97195030933574,QR,Grocery,US,13.0,0.19110067576905793,0.2978713231553933,0,7
7211,919,36.74011395672683,QR,Food,DE,19.0,0.15266304193162342,0.14607797781654602,0,7
7591,491,55.34611798881761,POS,Electronics,NG,22.0,0.09677740025595372,0.23521421693735844,0,7
2590,832,204.03711806630375,ATM,Clothing,TR,14.0,0.08907611024304199,0.4283820618759407,0,7
3285,691,111.74658613828815,ATM,Clothing,US,12.0,0.12574536627772576,0.33133394148634415,0,7
1077,478,946.805152548278,QR,Electronics,FR,17.0,0.2955699914958078,0.20383121346520952,1,7
5148,479,409.9946615155666,ATM,Food,US,7.0,0.3060902304192031,0.7419194743611017,0,7
3743,650,477.5098363259167,QR,Food,TR,10.0,0.10888446559894999,0.25557615402702977,0,7
4726,56,8.122510742014384,ATM,Food,FR,16.0,0.20036175488528163,0.14788022998788758,0,7
2346,809,105.01767560174687,Online,Electronics,TR,23.0,0.21470397793089366,0.30387278556314573,0,7
755,638,114.25918277868296,QR,Food,TR,22.0,0.06802083311007266,0.1007947522518228,0,7
8636,923,53.62204125245961,ATM,Electronics,US,18.0,0.18256624525174836,0.16770264653382827,0,7
6831,758,117.16488098738674,Online,Travel,UK,7.0,0.07646031297479441,0.1872106323284727,0,7
1901,272,331.43682176508764,ATM,Travel,TR,19.0,0.1055997024912113,0.2728371324947678,0,7
528,358,66.47093310762975,Online,Clothing,TR,14.0,0.3036969837959021,0.08402040153451007,0,7
2604,818,278.64248278828865,POS,Clothing,TR,7.0,0.1764131562111504,0.4266244501265145,0,7
660,136,63.94558438050002,ATM,Clothing,TR,5.0,0.20137668508223522,0.15289932982681312,0,7
3729,108,22.242604497689044,QR,Grocery,US,19.0,0.3212480182567584,0.22936733540104623,0,7
7810,649,407.0096470865682,ATM,Grocery,DE,19.0,0.6952908336274958,0.8113545496329715,0,7
2301,806,20.383310818295858,Online,Food,TR,22.0,0.07715543021617094,0.07788192674671238,0,7
4100,189,91.28041290480087,ATM,Electronics,US,2.0,0.3957520434168488,0.14710297289168356,0,7
5152,28,13.270046482247574,POS,Travel,FR,12.0,0.3208847084795615,0.20010764684345328,0,7
847,442,177.36790646935032,ATM,Food,FR,11.0,0.08174263999083152,0.25599484422827645,0,7
7772,801,6.290995521497867,QR,Clothing,UK,2.0,0.4221225098590876,0.20404503124281947,0,7
7119,312,81.16021327809618,Online,Clothing,DE,15.0,0.14371125501501608,0.19415136906716643,0,7
4649,761,35.33376730859149,Online,Electronics,FR,23.0,0.08875975733621906,0.24335034680406012,0,7
8644,278,274.0592057768967,POS,Travel,US,20.0,0.9317862977615965,0.35383925297495594,0,7
817,951,308.1607761101853,Online,Grocery,UK,10.0,0.2521288826247005,0.2559711789672703,0,7
8875,4,78.91813805985477,QR,Food,FR,3.0,0.18414628224181573,0.09831891057249813,0,7
5182,690,47.17442887682404,Online,Electronics,US,8.0,0.20814623629673223,0.1283829355793875,0,7
7104,816,23.068858685255254,Online,Travel,TR,11.0,0.08910570963275839,0.1975253669164613,0,7
220,610,136.82125253437238,Online,Travel,US,21.0,0.49994373928549835,0.42969237256671394,0,7
128,283,48.44178568397556,QR,Electronics,TR,12.0,0.07512635707731927,0.10128016634138666,0,7
5934,383,85.28523360036874,Online,Grocery,FR,18.0,0.1129791899233422,0.07981601238618122,0,7
7222,780,141.4883739232318,ATM,Food,DE,13.0,0.40853823724957683,0.5546281335148522,0,7
9994,259,57.16954274206942,POS,Electronics,TR,7.0,0.13822773105259664,0.32700218211300636,0,7
7298,345,0.0,POS,Travel,UK,13.0,0.06577539957314933,0.16720863822214366,0,7
9264,190,305.5580145515849,QR,Electronics,FR,1.0,0.08571330489305785,0.1689841667046784,0,7
7874,686,140.96943246065328,ATM,Grocery,UK,15.0,0.1556770526418873,0.1753217379758274,0,7
6026,635,949.6946038839241,Online,Food,DE,8.0,0.20111843642396884,0.4383474152440211,0,7
3688,949,69.16073845594947,ATM,Travel,FR,19.0,0.15632426060670024,0.3245960906937989,0,7
3640,553,195.7645660445726,QR,Food,US,14.0,0.10406705748148093,0.3115094074003468,0,7
8428,219,6.664806312713374,Online,Travel,US,16.0,0.2699988036472569,0.2641422286967828,0,7
620,72,369.0931998906737,QR,Clothing,TR,21.0,0.24350200100539732,0.49858675726527835,0,7
6288,633,149.71516423942717,QR,Travel,UK,14.0,0.20928056513722518,0.21889958653188,0,7
8343,694,209.06173754453124,ATM,Electronics,TR,14.0,0.2707431702988196,0.3093277226677105,1,7
1336,41,54.07129588816504,ATM,Travel,TR,4.0,0.3802532394536288,0.2570439111601047,0,7
896,890,115.59581933571447,ATM,Electronics,TR,22.0,0.13769651851750608,0.19990900911625076,0,7
6976,609,18.580446969720327,QR,Food,UK,12.0,0.26612897708351824,0.15779102650096774,0,7
4921,333,115.7540312548965,Online,Grocery,US,8.0,0.15498370091520575,0.15519790977580644,0,7
2723,359,366.5618722489782,Online,Electronics,FR,6.0,0.270385286420541,0.3912516267184689,0,7
9374,202,72.24700225307225,POS,Travel,US,11.0,0.12731080198900735,0.10195057388435697,0,7
7542,254,72.44729883865512,Online,Food,TR,16.0,0.07840646257786103,0.15788578127135608,0,7
4014,443,98.44383423632111,ATM,Grocery,TR,10.0,0.06645191875595287,0.09301227446337393,0,7
6158,649,117.54172249798555,ATM,Travel,TR,17.0,0.62878681441205,0.42659253690642784,0,7
4592,117,265.9714278208449,POS,Electronics,DE,3.0,0.26366691851301005,0.42071844646223744,0,7
3253,490,687.4065658589632,QR,Travel,UK,23.0,0.3852347712870178,0.35218819136859486,0,7
3251,246,390.02470512958587,Online,Food,DE,23.0,0.35605209039526475,0.24956726613363642,0,7
2739,860,166.60716751422774,Online,Clothing,FR,21.0,0.3216179424722706,0.6536076298905383,0,7
5856,745,149.31185359613076,POS,Grocery,UK,19.0,0.3710682644435677,0.1910303122438569,0,7
2111,760,33.37451641968903,ATM,Clothing,DE,18.0,0.123039777803888,0.2569636182365032,0,7
7627,277,462.8926874916893,Online,Grocery,US,10.0,0.6153444798381532,0.3155881470369428,1,7
1912,914,62.77903462847897,POS,Clothing,FR,20.0,0.2983500909933264,0.22588646484506178,0,7
6362,438,140.3106572672995,ATM,Food,UK,7.0,0.4943088906221374,0.3271257305590512,0,7
5129,799,155.49646123985426,POS,Food,US,1.0,0.26319304805594296,0.3700310895187984,0,7
1115,616,323.56478694787387,POS,Travel,TR,5.0,0.6441772300612054,0.5028979647268769,0,7
329,780,269.69868346441154,QR,Clothing,UK,6.0,0.17595898974701193,0.33913802359087564,0,7
6155,213,7.32224086139121,QR,Food,UK,20.0,0.06817337205422941,0.2257317164197908,0,7
6015,976,57.924213905615,ATM,Travel,TR,21.0,0.1532823325883535,0.2987662954769801,0,7
3543,887,266.7000092727868,POS,Travel,TR,21.0,0.11699977082048241,0.10311556947725106,0,7
8946,403,91.56432039587816,ATM,Electronics,UK,15.0,0.15032551451496215,0.48720364276056216,0,7
525,42,50.125951029678845,Online,Grocery,NG,18.0,0.057515104193806905,0.054353043975232065,0,7
6049,784,54.64330152926138,ATM,Electronics,TR,17.0,0.10838372291140944,0.2492423051924604,0,7
6186,97,136.36623419877355,ATM,Food,US,6.0,0.2779481202841507,0.09182344723863015,0,7
4657,202,7.435934058089323,ATM,Clothing,UK,16.0,0.0659555185264513,0.14044379220511233,0,7
7506,431,204.13758056757794,POS,Clothing,DE,19.0,0.4328233138116921,0.3259825482738792,0,7
730,924,54.7801152492208,Online,Travel,UK,18.0,0.10800271555625388,0.16624807815658565,0,7
1733,762,507.91364905485403,Online,Electronics,UK,22.0,0.17415691244084316,0.13138243538219724,0,7
7627,261,276.7864418733144,QR,Clothing,TR,19.0,0.1306512248519764,0.35881114071720754,0,7
4394,67,332.2146898298034,POS,Food,DE,8.0,0.46745883467163096,0.35043161713863613,0,7
1424,14,78.55179737739651,ATM,Grocery,UK,6.0,0.1310052103528472,0.10512239482155093,0,7
7069,425,87.04896213699082,Online,Clothing,US,21.0,0.07934754857073757,0.0926563275135508,0,7
2444,888,107.45759269839654,POS,Electronics,TR,4.0,0.08018426294744947,0.3055149126031196,0,7
4601,588,229.04078924421253,POS,Food,DE,12.0,0.24533135510241702,0.16980502704621125,0,7
9067,795,20.57764639295092,ATM,Travel,DE,12.0,0.4563051474927526,0.20034009034756256,0,7
8664,911,13.180759065588994,ATM,Grocery,TR,22.0,0.38581396269031576,0.25056876611555395,0,7
7003,688,57.140514820158586,QR,Clothing,DE,10.0,0.07338834762806677,0.058465734167781835,0,7
9834,970,100.26397927872979,ATM,Food,TR,8.0,0.1663193009727858,0.12432895507410083,0,7
8770,148,79.78252364122655,ATM,Food,FR,21.0,0.08321639307303433,0.14080452614455682,0,7
5631,648,1071.4772740815515,Online,Clothing,UK,18.0,0.5543370775532397,0.7419230434035744,0,7
9082,491,37.2792026536025,POS,Travel,DE,15.0,0.19063828790273568,0.13033106706038805,0,7
1926,731,319.64941813415874,QR,Electronics,UK,12.0,0.10685041457970618,0.4915574352435423,0,7
4745,827,10.186023841815626,Online,Clothing,FR,20.0,0.1073820719722878,0.15068563092657583,0,7
8269,86,166.85111568764987,ATM,Food,DE,14.0,0.7837238806927775,0.45886918468622273,0,7
5930,222,228.77916953665326,QR,Food,DE,14.0,0.24699848752310974,0.6205639651070114,0,7
5834,797,26.547402579936698,ATM,Electronics,DE,10.0,0.10876188205355045,0.14945128363501126,0,7
5097,134,11.375087792606521,ATM,Electronics,TR,16.0,0.16572584482869226,0.734550336203491,0,7
2656,537,122.78541626812525,ATM,Travel,DE,17.0,0.33162327369792716,0.33740712324246996,0,7
9462,966,1095.1880511621107,QR,Travel,US,17.0,0.4009309008157589,0.3178550584830046,0,7
4991,121,38.78774184787467,ATM,Electronics,UK,16.0,0.11639470144525754,0.08052647126196542,0,7
7252,663,63.24205358416161,ATM,Food,US,15.0,0.26905228348714205,0.12158566760427147,0,7
3753,550,153.2273138802484,QR,Travel,FR,15.0,0.08493912754111847,0.08623856812933908,0,7
7436,84,32.96538268582268,ATM,Electronics,UK,14.0,0.23923645293639664,0.09119398406521198,0,7
623,411,108.10664545513356,POS,Grocery,DE,18.0,0.4176640415900574,0.37066205374238953,0,7
2013,81,4.911393177228733,ATM,Travel,US,8.0,0.06782362813504737,0.06384578059745033,0,7
7210,361,27.962124610707317,Online,Travel,FR,12.0,0.1777354098994747,0.37536058935570954,0,7
2507,433,207.6865789776267,ATM,Grocery,TR,15.0,0.3095038639624027,0.19195075063994835,0,7
6516,889,8.670761045403689,ATM,Electronics,TR,12.0,0.1519998731950192,0.1571979883752167,0,7
8219,164,165.3408265400417,POS,Electronics,US,16.0,0.3706990635694455,0.2645319308931141,0,7
7770,501,76.0036045036527,QR,Electronics,DE,18.0,0.48936588388028646,0.18838296086737383,0,7
1786,550,145.49000657638086,QR,Travel,UK,12.0,0.5135341644725425,0.4589811717967557,0,7
4725,705,67.97672959790363,Online,Clothing,TR,4.0,0.5048050825638265,0.22103117178846193,0,7
5594,798,0.967711768288547,QR,Electronics,UK,11.0,0.16297071996389886,0.15987887345919108,0,7
9226,525,1197.4206974063034,POS,Clothing,TR,13.0,0.11060633828294977,0.12402709001135902,0,7
9648,89,64.78151319321455,POS,Travel,FR,21.0,0.336880607957609,0.14055592954771368,0,7
7689,919,88.0711518436667,POS,Travel,FR,23.0,0.13152221808884376,0.1498837555752384,0,7
1227,945,84.20414422168813,QR,Travel,US,14.0,0.09509836417183429,0.08433654541493911,0,7
7897,642,15.609506454572152,ATM,Travel,DE,18.0,0.0641978177908572,0.1998059616132451,0,7
4873,248,8.722565566986894,QR,Food,US,2.0,0.18471481814222113,0.19279748290698462,0,7
7219,424,1261.784037179604,QR,Grocery,TR,16.0,0.5722134012284957,0.16722054547125123,0,7
8885,981,152.2372820543762,QR,Clothing,FR,11.0,0.14348120661675615,0.14974848966329224,0,7
5674,855,52.44214172041033,Online,Grocery,US,15.0,0.1317714280731624,0.09280913171745421,0,7
6953,13,115.24998917380964,Online,Clothing,FR,23.0,0.2607140940298946,0.2475970388467773,0,7
4037,520,84.1798021769768,Online,Clothing,US,21.0,0.12315561702989367,0.37388695928127746,0,7
6228,803,169.39140030072124,Online,Food,UK,21.0,0.14600719922235939,0.2421970996446513,0,7
5818,964,471.1131978262978,QR,Food,US,19.0,0.5102666754658277,0.16246636955411664,0,7
8945,186,337.58671650399384,Online,Clothing,TR,5.0,0.10696703796770302,0.27225495091678076,0,7
7523,991,71.12149450821977,POS,Grocery,TR,17.0,0.11511741147733263,0.0821235549049092,0,7
5926,767,27.221634292246836,Online,Grocery,US,11.0,0.24777227957276732,0.09067375336232464,0,7
2492,413,40.967714463675485,POS,Electronics,UK,11.0,0.09408773524832403,0.1596154529502637,0,7
3985,127,208.3033386052062,ATM,Food,FR,18.0,0.22811757542691014,0.5707627621066029,0,7
7030,784,143.4400695366388,POS,Clothing,TR,20.0,0.14512994050217198,0.15767966857706572,0,7
6692,467,221.97442326518524,Online,Travel,FR,18.0,0.130887997216456,0.35206622875948124,0,7
8427,686,0.8734595423295834,ATM,Electronics,DE,10.0,0.23268208327885959,0.09738401968342589,0,7
5832,332,188.672469922482,ATM,Grocery,TR,16.0,0.13904654072229503,0.17177800334414361,0,7
4586,686,346.99696242556564,ATM,Travel,UK,15.0,0.301131479215671,0.44246443420285814,0,7
946,648,9.45436810304316,ATM,Clothing,FR,14.0,0.07950406698816267,0.07394214024650586,0,7
6960,269,3.6739827661071867,ATM,Clothing,FR,16.0,0.13014808227813174,0.22532628129708696,0,7
558,748,50.58657251007231,Online,Food,US,0.0,0.25120249539313294,0.09441151195608918,0,7
4927,992,154.45128761959518,Online,Travel,US,18.0,0.16966166189521123,0.20336709938234088,0,7
3302,683,21.594387766538972,Online,Clothing,FR,10.0,0.18463782364313386,0.15553014800757337,0,7
3954,182,374.90753656289735,ATM,Electronics,NG,12.0,0.16780270025456748,0.1658164626913603,0,7
6065,42,10.730218213072442,ATM,Food,US,21.0,0.10202493903501864,0.08217667839440551,0,7
856,288,543.9825371928972,Online,Food,UK,11.0,0.12032010014277039,0.21556993180195827,0,7
5904,755,58.91316844434901,ATM,Electronics,US,18.0,0.2000088406348761,0.16925094312005562,0,7
8048,133,446.4135877470928,ATM,Food,FR,10.0,0.2974658050102808,0.29401476501137136,0,7
8551,521,1002.717987957823,ATM,Travel,US,18.0,0.29433914176548426,0.3305506717655588,0,7
775,210,36.862618589197325,POS,Grocery,US,16.0,0.3850697936983205,0.1796682635834566,0,7
8677,514,14.954404228291851,POS,Electronics,US,20.0,0.24752528807243468,0.12786659925366695,0,7
4888,800,34.16675235210578,QR,Grocery,DE,18.0,0.10686772593113397,0.10673432327982602,0,7
3626,977,182.80360553098643,POS,Clothing,TR,16.0,0.15638694072559883,0.0934920329319578,0,7
3986,452,155.4792934910776,ATM,Grocery,TR,7.0,0.1364515928657353,0.24148134681855912,0,7
2735,743,178.10423142816796,POS,Food,UK,17.0,0.42351069820737997,0.20793239846170172,0,7
6728,47,99.61877981708523,ATM,Clothing,UK,13.0,0.35707521240989326,0.19170722074258667,0,7
7596,557,24.787493515990285,ATM,Travel,US,20.0,0.30597530073323065,0.23482975665491795,0,7
5,769,63.37295821632124,ATM,Clothing,DE,22.0,0.26179966799612886,0.25599587639400717,0,7
8332,19,504.0203230426166,ATM,Travel,FR,20.0,0.2620911345737419,0.3378590570522863,0,7
390,568,133.1211416940536,Online,Electronics,US,19.0,0.12575005494634717,0.16582108798369197,0,7
3942,227,152.27025582374176,Online,Clothing,TR,11.0,0.20944156717163975,0.21573558636889117,0,7
4949,334,97.37265255602972,POS,Grocery,FR,11.0,0.3679569563931763,0.2719030870207091,0,7
4626,375,29.055758318081185,POS,Food,FR,22.0,0.11317488394417671,0.2556777419495606,0,7
2283,206,25.082531499542263,ATM,Electronics,US,20.0,0.10289290828929828,0.09065074982515514,0,7
5663,135,891.2957784271161,Online,Travel,UK,14.0,0.30176439658326026,0.2891213489812992,0,7
8981,180,344.7906372380744,ATM,Clothing,FR,6.0,0.1866672145243981,0.37852486875038915,0,7
9491,368,135.14697918626047,Online,Clothing,FR,14.0,0.06612484732882025,0.11833305616070487,0,7
694,270,52.08106055981021,POS,Grocery,TR,9.0,0.14994089351643997,0.0998984671089283,0,7
267,892,0.0,POS,Clothing,UK,15.0,0.20215683336664414,0.0553933435868909,0,7
9271,132,0.0,POS,Travel,TR,15.0,0.12403520129505168,0.308089874780737,0,7
8483,395,150.27687167289326,ATM,Travel,FR,12.0,0.24025601922316753,0.0784305256280017,0,7
8093,528,914.6788284704865,Online,Grocery,UK,13.0,0.4379535433147885,0.2066591771405515,1,7
3890,725,3.9279334228757476,Online,Clothing,FR,22.0,0.08293270991097407,0.201829965649554,0,7
130,180,4.510483301394723,QR,Electronics,US,23.0,0.08566377157462432,0.05523338195138989,0,7
3628,568,114.56170177041245,POS,Travel,UK,16.0,0.19170604736279473,0.28066041083267423,0,7
795,255,70.82782820687132,QR,Grocery,UK,11.0,0.28344927830757904,0.2140140309613034,0,7
4676,439,294.197916883577,QR,Clothing,TR,11.0,0.2464892352032264,0.3444374115406862,0,7
5516,81,180.5993809402795,ATM,Travel,DE,22.0,0.17295913501149526,0.17618803086658122,0,7
5769,925,20.480922737500684,Online,Travel,US,22.0,0.0709202486167556,0.07113107030510811,0,7
6895,585,26.974191031079783,POS,Electronics,UK,7.0,0.4877992048339029,0.1309961501769682,0,7
1900,541,39.02062963610038,POS,Travel,UK,11.0,0.1403023946496333,0.26748073365563224,0,7
1353,404,0.0,QR,Food,US,23.0,0.13992245372449405,0.19186905981240762,0,7
7993,477,21.746022277725775,Online,Clothing,FR,20.0,0.37347825147100555,0.2871179021147038,0,7
7025,330,31.655295502467517,POS,Electronics,DE,16.0,0.3274387391425165,0.17620500466293781,0,7
2060,789,101.93021225813105,Online,Travel,FR,18.0,0.21234518409636938,0.2740424299734372,0,7
6627,263,97.0526889982093,Online,Grocery,FR,8.0,0.1668782902800327,0.16073083784368564,0,7
5111,140,202.55654558961547,QR,Clothing,UK,22.0,0.2925768148858947,0.2913321838214345,0,7
1509,477,219.95950372171322,POS,Grocery,DE,14.0,0.3089262702376017,0.3278574597900499,0,7
2065,601,35.043880282427494,QR,Travel,US,21.0,0.26721346499820287,0.1936056575752878,1,7
7011,460,213.69861786188497,ATM,Travel,TR,19.0,0.5865459973362942,0.9032312758140552,0,7
7423,751,0.0,ATM,Clothing,TR,13.0,0.1517732504452307,0.07262243903048816,0,7
5866,229,189.74192443888612,ATM,Travel,US,20.0,0.497098685865173,0.23912907268814965,0,7
8252,687,161.27394000720713,Online,Clothing,US,17.0,0.14067220887931792,0.11010428971742786,0,7
6609,807,538.739648446752,POS,Electronics,FR,21.0,0.20578446719144014,0.4628881689323503,0,7
4660,173,99.48617343717872,POS,Travel,DE,10.0,0.10487672140894352,0.20117908378662736,0,7
9659,659,342.51406801080293,POS,Food,DE,11.0,0.5288607842239887,0.36275840944724813,0,7
7486,835,109.46595172838995,Online,Clothing,FR,17.0,0.1311741900507823,0.09411345979094637,0,7
1931,499,32.64903768595642,Online,Clothing,DE,19.0,0.4992621190151382,0.103470076442548,0,7
5377,860,88.29719259644325,ATM,Clothing,TR,16.0,0.1776808099795926,0.09962539413493471,0,7
8546,164,197.00819741088995,Online,Electronics,TR,4.0,0.260367705510411,0.10675598731813142,0,7
9212,680,408.53854424005954,Online,Grocery,DE,13.0,0.25295210079733627,0.06567551889807005,0,7
4985,441,16.06013442334457,QR,Electronics,TR,19.0,0.4425730057104848,0.23101425990209157,0,7
1479,607,111.48645068510216,QR,Travel,US,22.0,0.166006813728669,0.1681912051382803,0,7
2639,217,0.0,Online,Food,US,13.0,0.10039132985968306,0.30429391013562246,0,7
8390,363,564.128409953739,QR,Travel,US,20.0,0.337054458650318,0.08838980857968767,0,7
9697,802,360.64205380678084,POS,Electronics,DE,17.0,0.32481291376557364,0.16474700960791677,0,7
5948,995,104.29259635449718,POS,Clothing,DE,9.0,0.1676731630564685,0.3127377194865697,0,7
5575,617,151.80371344082906,QR,Grocery,UK,15.0,0.16382270571376809,0.10278953211572106,0,7
4891,972,125.2715379892659,QR,Travel,TR,21.0,0.32039239011376364,0.2690636150048774,0,7
2153,601,386.9838710716674,QR,Electronics,DE,15.0,0.24961662928024744,0.08442141604712144,0,7
9821,437,118.74175654373826,Online,Food,US,11.0,0.08275168086022983,0.21560123799198583,1,7
9726,242,84.79810668870124,QR,Food,TR,19.0,0.17134949789422665,0.12907504335772407,0,7
1223,112,268.3956788234789,POS,Grocery,UK,8.0,0.09358649363365978,0.21667570796302082,0,7
1642,128,85.90623339611884,Online,Electronics,FR,16.0,0.11066988086982053,0.1119815795983479,0,7
4980,334,73.8988607316294,Online,Electronics,FR,22.0,0.203379809209658,0.13985094086829264,0,7
2426,251,182.74122758321957,Online,Grocery,DE,22.0,0.17749081591676197,0.5169948544837564,0,7
6388,731,473.0702552968713,ATM,Electronics,US,20.0,0.19278427231494435,0.09190295803419862,0,7
748,533,717.2950427215353,POS,Grocery,FR,5.0,0.21704287154480773,0.0781133551088707,0,7
8385,510,69.94837995546399,POS,Grocery,DE,18.0,0.32088978056088746,0.16068861515605715,0,7
293,17,52.787882535080016,Online,Travel,US,6.0,0.21897948352707228,0.3796867854051891,0,7
3425,775,454.2020926503109,POS,Electronics,FR,14.0,0.2354157929971855,0.1955057648814822,0,7
4903,928,243.23286460511443,ATM,Clothing,US,11.0,0.07570957004300496,0.10268115905355588,0,7
7026,101,14.732057979211511,Online,Electronics,US,20.0,0.08435794424972434,0.16154746434588946,0,7
2923,811,66.28736535519582,POS,Clothing,TR,17.0,0.15081362501065496,0.11193320645157087,0,7
132,805,31.69366824473242,QR,Grocery,UK,15.0,0.19940180225458062,0.20520627305603628,1,7
803,322,33.86590698471197,QR,Travel,DE,15.0,0.11754381091686307,0.06739548997433252,0,7
7966,155,10.989098746462727,QR,Electronics,DE,16.0,0.15299920091344013,0.5688575815801149,0,7
3609,886,10.942422308416848,Online,Electronics,TR,11.0,0.09677513929168932,0.09180846619270906,0,7
7233,484,57.20037398205254,POS,Grocery,UK,10.0,0.5457975924113794,0.4592883940157951,0,7
8417,871,0.0,Online,Food,US,13.0,0.1098616755607806,0.10585238046844314,0,7
1519,729,78.61940192462907,Online,Electronics,US,1.0,0.06278204741173979,0.09921205929668196,0,7
6981,286,24.67876904598354,POS,Food,FR,17.0,0.22603968046868564,0.4053726240495816,0,7
403,630,54.39288568438273,POS,Clothing,US,21.0,0.14691428669599677,0.11989518988095844,0,7
9699,102,744.4021074224854,POS,Food,DE,14.0,0.18790195471432844,1.0,0,7
5111,723,223.99097251009516,Online,Electronics,TR,16.0,0.2189971801654338,0.21612556295161173,0,7
9709,339,152.82577873313204,Online,Electronics,DE,14.0,0.22474177737,0.1409605396150722,0,7
5535,278,370.7247338097482,QR,Food,TR,5.0,0.14833089082686984,0.2827422886421028,0,7
1395,180,171.54007352448124,QR,Clothing,FR,8.0,0.29228578697777613,0.21603322214516862,0,7
2461,897,24.657279273911765,QR,Grocery,US,5.0,0.2913497258117191,0.10804636697713693,0,7
4315,633,439.4639923425062,QR,Travel,DE,6.0,0.6858378810522855,0.6223897387576153,0,7
4291,851,6.553749509585789,POS,Electronics,FR,22.0,0.09619288173241054,0.08096325815467142,0,7
5202,123,99.65066802360506,QR,Electronics,US,22.0,0.12472436172461401,0.07827974597637606,0,7
7869,386,21.030102217112482,ATM,Grocery,DE,18.0,0.12797767760931447,0.1243428556651983,0,7
5152,485,137.45009061693622,POS,Food,TR,19.0,0.1943015176090944,0.6403300620518201,0,7
8291,11,35.17653804259284,ATM,Electronics,TR,22.0,0.06272967376161455,0.0667234138693968,0,7
5575,379,6.811504878782497,ATM,Clothing,DE,23.0,0.16186889363091578,0.08546065586347001,0,7
6097,527,52.97758335513368,Online,Clothing,TR,19.0,0.3388568117520812,0.1314337006362705,0,7
4239,553,343.70032690930026,Online,Travel,TR,7.0,0.20402719975962513,0.45734462740172,0,7
3426,387,538.0276567448394,ATM,Food,FR,13.0,0.21167200357082022,0.31273961323511845,0,7
5136,458,305.2716123461765,POS,Electronics,DE,16.0,0.3709798001610595,0.26578432249550626,0,7
7702,851,104.31819791457714,Online,Clothing,DE,16.0,0.22399899380014737,0.11202656112170419,0,7
7170,67,114.93402275750894,Online,Grocery,DE,8.0,0.1698580229748735,0.1163842254838199,0,7
8039,522,87.09386620749547,ATM,Electronics,FR,22.0,0.10645100222572501,0.2470898933967825,0,7
5190,361,147.98366805100127,Online,Electronics,UK,1.0,0.16674932528794065,0.29394558214140665,0,7
7175,864,54.67669882210397,Online,Electronics,UK,7.0,0.06312407349311103,0.13305889224210354,0,7
748,384,255.28498966514496,ATM,Travel,DE,14.0,0.6385819923768616,0.5976482246452396,0,7
8465,174,183.8649297848404,ATM,Electronics,US,14.0,0.31458423051646933,0.28607858067697234,0,7
7480,869,95.70203238706591,POS,Food,US,23.0,0.17942182263393847,0.18380289569446645,0,7
3827,355,0.0,ATM,Clothing,DE,15.0,0.05882430314650801,0.1353726663248672,0,7
2176,760,66.80795024174027,ATM,Electronics,DE,23.0,0.25407212986673094,0.18237874074244823,0,7
9099,842,120.39404620747908,QR,Travel,TR,15.0,0.21065626076642424,0.13615422043911568,0,7
7123,896,545.8299634728196,QR,Food,TR,15.0,0.2471485165925733,1.0,0,7
2684,232,24.064295370589704,Online,Electronics,TR,10.0,0.06899181520630188,0.060951749854796115,0,7
8119,38,148.33892199340585,QR,Grocery,US,4.0,0.21524264184818412,0.2277560127222009,0,7
357,970,265.5172749307969,POS,Electronics,TR,21.0,0.26713575971157744,0.20915017364765515,0,7
8632,596,97.63264809495016,ATM,Travel,TR,12.0,0.3428806114117159,0.11679547595453332,0,7
499,908,16.528227314838873,Online,Electronics,US,19.0,0.13751422680691983,0.1972016274285586,0,7
5919,325,27.964775149726186,POS,Electronics,TR,8.0,0.1261236644652119,0.45282791659411403,0,7
1402,85,114.30158227908633,POS,Electronics,US,15.0,0.1534371401726389,0.09682781538567364,0,7
1399,791,143.91550021642846,ATM,Clothing,US,19.0,0.09493980822517699,0.4049423610521493,0,7
6680,524,226.698190587566,ATM,Electronics,DE,3.0,0.5027885112218743,0.3114775881618343,0,7
2237,907,15.808576907287751,QR,Electronics,TR,16.0,0.36256350480102983,0.39335284187245817,0,7
7613,971,388.51630824580184,ATM,Food,US,23.0,0.40872509969697424,0.6636560455313674,0,7
1460,624,106.53853049503351,Online,Electronics,UK,4.0,0.16625006992921953,0.14777436181185327,0,7
4763,308,54.08890701204152,Online,Electronics,US,6.0,0.23396889973152726,0.1347302375578728,1,7
7797,154,350.8422330583693,ATM,Electronics,TR,17.0,0.33284450280013733,0.2742724946415516,1,7
7184,421,45.27123256056275,Online,Travel,US,9.0,0.1497718518220909,0.2842375693960481,0,7
2201,198,272.69445625823295,QR,Electronics,TR,19.0,0.27183595760013973,0.15599995232117128,0,7
908,685,31.43225836411598,QR,Travel,TR,21.0,0.2157875147081476,0.06693973331677167,0,7
5926,383,365.33941008131654,Online,Electronics,DE,15.0,0.652826946521098,0.175415374245621,0,7
6314,590,954.4802929906832,Online,Grocery,FR,12.0,0.23710577875168734,0.539829488811081,0,7
2499,57,138.53981326881032,POS,Clothing,DE,18.0,0.5430230855991222,0.2312897834703788,0,7
8330,222,31.131077378933046,Online,Food,DE,22.0,0.08402162271854663,0.16430187247741584,0,7
7669,134,32.649046615485496,ATM,Electronics,UK,7.0,0.09581285771696141,0.115449235891864,0,7
8703,114,82.35630745562007,ATM,Travel,UK,6.0,0.3559117726502232,0.15592767475721148,0,7
6907,920,24.397341351237827,POS,Food,US,18.0,0.4665861536233622,0.36524791338773066,0,7
7919,515,171.47085600725939,QR,Grocery,TR,10.0,0.14500697074004015,0.12454022888191925,0,7
8033,22,178.3232999086424,POS,Food,US,22.0,0.322297771864733,0.15968821317388296,0,7
922,935,334.4984176672189,ATM,Travel,TR,21.0,0.14085549816231493,0.2028003341696126,0,7
7609,956,526.7868618443166,POS,Food,FR,17.0,0.0807431964940007,0.4242371864203311,0,7
3752,70,10.231271812107035,POS,Travel,US,2.0,0.3871629973049173,0.2008058006363403,0,7
5707,676,239.41149948332904,POS,Travel,TR,21.0,0.2166288024421953,0.2366279920388302,0,7
7768,544,132.45572167191463,POS,Clothing,FR,15.0,0.4467469507438033,0.2888108219347097,1,7
7982,367,59.97971038755699,QR,Food,US,22.0,0.17737697415325512,0.16386977553222404,0,7
7427,210,253.53785662913455,ATM,Travel,DE,20.0,0.2996266462472595,0.19043724044290722,0,7
3497,712,47.53433939011167,ATM,Electronics,TR,5.0,0.14579779713204474,0.24296899973246616,0,7
8260,606,43.02536159919908,ATM,Grocery,FR,13.0,0.23295863717749885,0.35649965550482676,0,7
7443,116,17.297700621757404,POS,Food,TR,20.0,0.25328478387822506,0.14090358829949273,0,7
9159,138,1242.6998003278165,POS,Grocery,FR,20.0,0.44494811205792756,0.49777623348941114,1,7
7566,788,306.04537441211215,ATM,Travel,US,20.0,0.3292816895804825,0.3223619342412769,0,7
2789,365,63.746402577054724,ATM,Travel,DE,5.0,0.07814228057143655,0.14971591707065413,0,7
9134,291,158.12004515526445,Online,Electronics,UK,16.0,0.1484385284811986,0.06271208038805673,0,7
5648,87,418.47342935644014,QR,Electronics,TR,23.0,0.34876390833137194,0.1884554324346972,0,7
1024,725,92.436449724821,Online,Travel,DE,8.0,0.4773822051223808,0.1252851949367636,0,7
599,572,77.51501376721134,Online,Travel,TR,16.0,0.06699829277090079,0.407363277618876,0,7
2880,57,24.00292598551626,Online,Food,US,4.0,0.5514408288151129,0.6231811390334099,0,7
7849,939,200.1818011573234,QR,Clothing,US,17.0,0.09693623382006238,0.15794262973901219,0,7
6058,302,110.02943883400322,Online,Clothing,DE,11.0,0.35407368848682913,0.13537753881160247,0,7
4479,703,58.342040574052554,POS,Clothing,US,16.0,0.3638420257680716,0.3063246373433183,0,7
2721,404,231.24283374276536,QR,Grocery,FR,22.0,0.26613668976489574,0.17828582908540844,0,7
2767,650,84.64024393019969,QR,Travel,US,16.0,0.2231873805165861,0.37860653349068246,0,7
5114,496,99.37735824429679,ATM,Clothing,UK,19.0,0.25885982110197864,0.17796751184773685,0,7
7480,111,2.0453076857583925,POS,Travel,FR,18.0,0.09169463406798578,0.06737952792282417,0,7
8504,539,346.1013661790459,QR,Food,DE,16.0,0.13330162228087758,0.21914720513257557,0,7
1273,495,221.50218713899892,QR,Clothing,TR,22.0,0.3788261660134964,0.17684553478587842,0,7
2492,628,168.36575347721612,Online,Electronics,TR,11.0,0.12941349595047041,0.08831156532307441,0,7
2871,325,303.7135218924958,ATM,Grocery,FR,18.0,0.4276081876392999,0.1181039512222464,0,7
3430,833,224.74704458115434,ATM,Clothing,FR,22.0,0.1464332722414347,0.20612143368700442,0,7
4418,623,340.5561684586115,QR,Clothing,DE,22.0,0.48689227357174325,0.5253937736254735,1,7
4868,933,67.24541558481874,Online,Food,US,16.0,0.07248524395388428,0.20537680512729944,0,7
2035,491,18.41941020980172,ATM,Grocery,FR,21.0,0.2042512226448948,0.19766461451532946,0,7
1619,734,243.37385794825192,Online,Clothing,NG,1.0,0.4621768560719346,0.27278885207186365,0,7
540,509,302.17923067956764,ATM,Travel,US,22.0,0.21708942479897336,0.2232799359946257,0,7
8465,612,11.764480882161973,ATM,Travel,FR,14.0,0.09282526693267909,0.08207163930521141,0,7
8080,908,83.07022262099927,ATM,Food,UK,15.0,0.19711168821738623,0.1858497386238849,0,7
6111,407,162.21316825140687,QR,Grocery,TR,14.0,0.18875749327059188,0.253245177675472,0,7
4273,266,27.735232133275534,QR,Grocery,UK,8.0,0.13443343936176433,0.2756195547584263,0,7
1525,642,174.2179071944097,POS,Electronics,UK,13.0,0.15684419483175552,0.12108338125499181,0,7
3856,146,227.6806815173238,Online,Travel,DE,12.0,0.07182655521048213,0.143317779308399,0,7
8099,717,135.2770447331852,QR,Food,TR,12.0,0.6809433807772852,0.1783290650623317,0,7
7810,597,86.54966986070295,QR,Food,FR,11.0,0.15214151294390016,0.14615420455264938,0,7
549,629,713.5921512439708,QR,Food,US,22.0,0.3616080277877841,0.11132107926612864,0,7
4561,891,113.03338446435991,Online,Electronics,DE,20.0,0.12978154273501538,0.2807226467619266,0,7
8613,298,340.8290490636982,ATM,Travel,TR,15.0,0.3863390360922194,0.19305371735842958,0,7
9713,210,0.0,ATM,Clothing,DE,3.0,0.1115715188674154,0.07736472483777784,0,7
2804,172,23.526497600960347,QR,Travel,FR,15.0,0.08560395316799602,0.33024622772406087,0,7
3951,891,338.1042712459058,POS,Grocery,UK,22.0,0.3308036719199876,0.24445958769784565,0,7
9629,382,1327.271719859188,POS,Grocery,DE,3.0,0.7370770377348824,0.713492716509937,0,7
8173,838,110.49222274798277,QR,Travel,US,17.0,0.17564628321277304,0.4363428531333118,0,7
2995,252,40.40564635485464,ATM,Travel,DE,19.0,0.0637416063857211,0.14088601758841057,0,7
2068,681,29.30224082133814,POS,Electronics,US,16.0,0.2107421941955659,0.19604837662022245,0,7
8546,0,19.628457018888753,Online,Travel,US,11.0,0.1398206511582053,0.2767252619689379,0,7
8641,677,83.23756417468586,QR,Travel,US,22.0,0.23268180047961834,0.4247682504021031,0,7
4099,897,580.9440921579042,Online,Electronics,UK,13.0,0.11248200579548821,0.5146869575470308,0,7
8384,199,172.6107738890827,POS,Travel,DE,20.0,0.19717728772643034,0.3793089523513395,0,7
806,844,1417.36028013504,ATM,Travel,UK,16.0,0.22911053032205086,0.8520817933776769,1,7
6779,124,102.19266424391866,POS,Clothing,FR,18.0,0.6852294546468947,0.1374152992126121,0,7
5767,752,162.7552924582686,POS,Clothing,UK,19.0,0.23316152914982252,0.4912007773094542,0,7
9349,933,97.61700092221828,ATM,Grocery,UK,4.0,0.12803001015406515,0.11748095002783887,0,7
8688,905,161.02464049758603,Online,Food,UK,21.0,0.19304427866269777,0.14616825675321604,0,7
5561,844,151.41779728187188,Online,Grocery,US,4.0,0.0788518879664109,0.13153616343312344,0,7
9225,898,23.153333479917734,ATM,Grocery,US,19.0,0.10961573172929279,0.1496163447865946,0,7
5978,68,25.827897328852373,ATM,Clothing,DE,22.0,0.3435859106137078,0.2936078399818145,0,7
5767,553,25.12327440960565,POS,Clothing,US,20.0,0.07348581290665682,0.10659251366813678,0,7
1153,829,5.454794940457024,QR,Travel,US,8.0,0.11152262496812773,0.06300835359275268,0,7
0,52,114.98274577206605,QR,Food,DE,5.0,0.16593757667379394,0.2599265673839306,0,7
8336,22,240.3633306289931,Online,Grocery,TR,12.0,0.38892919737115134,0.18708279785153412,0,7
140,163,292.61694218197505,POS,Travel,UK,18.0,0.45054928460116733,0.0902915787609251,0,7
5265,818,395.45080928866884,Online,Travel,DE,21.0,0.1880178180456924,0.09411343424123683,0,7
1149,283,158.4027096788449,POS,Grocery,UK,20.0,0.2790046630344571,0.12307116031932852,0,7
8193,972,69.35530296355148,QR,Food,UK,23.0,0.24591426760496982,0.09387357037565501,1,7
7197,994,33.60447254439262,Online,Food,FR,4.0,0.5733749796607904,0.18327291732322185,0,7
6680,782,416.5731960096875,POS,Food,US,11.0,0.2789977814692038,0.3419133155398993,0,7
1887,53,123.49591503191525,QR,Clothing,UK,19.0,0.12195357483524476,0.3579582926064025,0,7
2612,419,14.27794100627057,ATM,Clothing,US,23.0,0.08218937063623002,0.34781355918712475,0,7
5752,473,34.43484165460636,QR,Travel,FR,9.0,0.2620047323013928,0.12686624984604777,0,7
5033,654,9.05090611685796,QR,Grocery,FR,19.0,0.07384656647553824,0.09785381984052548,0,7
1984,827,129.40138081455277,Online,Travel,UK,21.0,0.3318727305214996,0.1622894629062137,0,7
7439,424,38.76103978232701,Online,Food,DE,5.0,0.11834635778988689,0.1410920191308415,0,7
8603,381,8.43410379296897,QR,Electronics,UK,14.0,0.06270765182778332,0.18587847838798852,0,7
7462,531,16.519906166401608,Online,Clothing,FR,3.0,0.494086640491499,0.24675564505757508,0,7
5745,26,332.0707638172578,QR,Food,US,17.0,0.15276032183222385,0.2592378275280836,0,7
384,335,7.819439685835941,POS,Grocery,FR,18.0,0.24060590612502436,0.342883577581239,0,7
9354,518,103.6089506524712,ATM,Travel,UK,21.0,0.08719599161289446,0.3682222851639726,0,7
5722,128,218.752329254502,Online,Electronics,US,14.0,0.3852367738709595,0.13700552805142055,0,7
9418,237,13.76296227560551,Online,Clothing,FR,21.0,0.3540548496562407,0.15163690640544875,0,7
5226,550,11.563355899851441,POS,Grocery,UK,19.0,0.09240346578373768,0.23392614244580978,0,7
1784,98,87.94586495551683,Online,Grocery,TR,15.0,0.36586948709121947,0.21172551746560134,0,7
8125,671,324.01727773151777,POS,Food,UK,22.0,0.5437640222906635,0.15059286472269615,0,7
2596,321,56.211766591198504,POS,Grocery,FR,23.0,0.2003184544140114,0.2805561031551396,0,7
4891,794,407.93784096067526,ATM,Travel,UK,11.0,0.3365595481938854,0.8708207161020933,0,7
746,818,41.04484899603694,POS,Food,UK,11.0,0.4072888497969058,0.17007335815161478,0,7
1235,769,229.8128048172893,ATM,Clothing,US,8.0,0.1372751915286095,0.17184199263025401,0,7
2079,526,432.1132071137234,QR,Food,TR,8.0,0.15054107254191448,0.10791685926021206,0,7
4098,7,151.25083880268025,Online,Travel,FR,21.0,0.47060374061412025,0.41415656013630797,0,7
4624,463,243.1692478977347,QR,Electronics,TR,16.0,0.08884831921329425,0.15329615496961965,0,7
2847,319,291.3053363779573,QR,Food,FR,14.0,0.2528715626477182,0.22145882979088657,0,7
574,608,5.7579377471344095,POS,Food,DE,18.0,0.28272769443987056,0.09880365850626645,0,7
8224,237,169.5442667818086,POS,Grocery,FR,22.0,0.5087779800829665,0.300220001148242,0,7
9519,607,80.77512105275213,ATM,Electronics,UK,16.0,0.23282071546806915,0.25779539465053225,0,7
1882,862,323.0631515866932,ATM,Electronics,UK,11.0,0.2392713675905216,0.4111172276881097,0,7
6688,715,9.00416473650349,POS,Electronics,UK,22.0,0.19974836956586745,0.18375190143450387,0,7
1885,560,6.22188838224683,ATM,Clothing,FR,19.0,0.08524967776056838,0.10090114338865831,0,7
2970,559,0.0,POS,Travel,FR,19.0,0.37031322864654215,0.15569621126069316,0,7
2665,623,353.9510481646981,QR,Food,FR,16.0,0.47050241615112337,0.09890351121637929,0,7
2779,158,192.78896946378694,QR,Food,DE,20.0,0.139311445924765,0.26188833791119454,0,7
2852,114,97.94789128585496,ATM,Food,FR,6.0,0.31099458181058837,0.11978794679151553,0,7
9023,465,123.79487273937016,POS,Clothing,US,19.0,0.6309226044996262,0.1904340786854587,0,7
5710,946,12.876551173470133,POS,Grocery,UK,22.0,0.13079441724099808,0.09225993523916415,0,7
6582,655,644.0924615393617,POS,Clothing,UK,18.0,0.12399409692836358,0.1265433572958163,0,7
103,591,124.65595022004938,ATM,Grocery,TR,9.0,0.2061914859676596,0.2806191126879412,0,7
5314,204,7.893148735864647,QR,Clothing,FR,18.0,0.18569207097379647,0.13119907330039332,0,7
5802,857,421.1686843129672,POS,Travel,US,7.0,0.10670661418670976,0.09108165963237662,0,7
7866,550,78.06726989853277,Online,Travel,TR,21.0,0.21587029614027262,0.4851302543194309,0,7
9249,172,12.070954313174276,POS,Electronics,UK,4.0,0.16223746584103466,0.12081924447256001,0,7
3687,753,31.366366159193625,QR,Grocery,US,17.0,0.10694633110062826,0.2348924817112849,0,7
4671,484,57.224611611516735,ATM,Clothing,TR,10.0,0.12477315482681145,0.10454083580790488,0,7
316,383,291.7719647590448,Online,Travel,UK,20.0,0.39954842179247185,0.5012675575347386,0,7
8255,961,65.10236505137722,ATM,Grocery,TR,17.0,0.21911639227504584,0.14283975912419158,0,7
440,8,49.22969341088041,Online,Clothing,TR,22.0,0.07303822719985746,0.14207688450698086,0,7
9924,719,27.331530236779653,Online,Food,TR,15.0,0.3982089586576735,0.07370456316902493,0,7
9576,721,118.8486216965313,ATM,Grocery,FR,3.0,0.19878115773193783,0.16701583360930283,0,7
5976,21,74.74826923027531,ATM,Electronics,TR,14.0,0.10981243931883691,0.1338512701731484,0,7
7908,871,107.73528387656867,QR,Grocery,US,12.0,0.3793358390686678,0.4104038825943066,0,7
2778,904,0.0,POS,Electronics,US,14.0,0.30990799081943265,0.09567100256963892,0,7
4485,525,57.20127817397708,ATM,Grocery,NG,20.0,0.12832008217077961,0.5960791060134547,0,7
4431,149,539.846075059904,Online,Food,TR,13.0,0.5055398417419327,0.38579678450567045,0,7
2794,613,263.7877657681432,ATM,Travel,UK,13.0,0.5266332246203734,0.15771058858471282,0,7
3409,386,391.1576996853341,ATM,Grocery,FR,14.0,0.5031349318259697,0.26811321316242326,0,7
2130,880,148.00609998037712,Online,Electronics,FR,10.0,0.09371266756317573,0.15105980749220363,0,7
1158,111,1.1692448107778375,POS,Grocery,TR,18.0,0.10618963755579729,0.05491385550624514,0,7
2585,418,61.571662151439554,Online,Grocery,DE,15.0,0.25578843458032025,0.18452910167315914,0,7
7776,532,0.0,POS,Clothing,FR,20.0,0.07670528759066597,0.10064367689284565,0,7
1182,415,92.56709841412798,POS,Grocery,TR,1.0,0.17474096034042802,0.1367580091173313,0,7
1929,897,34.29182604622527,Online,Grocery,FR,15.0,0.17817474350569407,0.21151293861705184,0,7
4549,702,106.98142361606548,ATM,Clothing,TR,16.0,0.4092994502982396,0.06204612203985842,0,7
1342,754,0.0,POS,Travel,UK,11.0,0.2527796198717774,0.08319614292835897,0,7
9876,19,256.98132521117674,QR,Electronics,TR,20.0,0.5732793026307981,0.20622792663705894,0,7
9501,449,49.39464646819671,ATM,Food,FR,23.0,0.05938713470448521,0.07690216830531646,0,7
1282,72,314.0702522503757,ATM,Grocery,DE,20.0,0.448304752581611,0.8321034877629679,0,7
3927,134,31.229594234978062,QR,Food,TR,12.0,0.2513505587977802,0.12697649082743093,0,7
9072,706,124.12011461026594,ATM,Grocery,FR,1.0,0.16432855730934223,0.2177518997512068,0,7
7684,977,141.4004797866866,QR,Clothing,TR,13.0,0.0949396865688662,0.08518061233963792,0,7
8862,80,386.78150348189456,ATM,Food,FR,18.0,0.15916910823626007,0.34849569867975316,0,7
2023,329,87.56322253475251,ATM,Clothing,FR,15.0,0.08901546939956262,0.1973962152978455,0,7
5664,665,45.54174156004429,Online,Food,TR,12.0,0.13320676071083137,0.17008066379337003,0,7
9019,110,25.207261956512987,QR,Travel,DE,10.0,0.07415761444525758,0.13746232515469836,0,7
5099,245,17.894530897183998,ATM,Food,TR,7.0,0.0622531555921733,0.08321230481087638,0,7
3215,775,218.0759800508353,Online,Electronics,UK,19.0,0.15869220069494722,0.22903323945634102,0,7
3013,293,135.36365155061011,Online,Clothing,FR,21.0,0.2545948955049063,0.2038986127580437,0,7
5670,448,331.6049366162785,Online,Electronics,DE,6.0,0.34849245758069214,0.43987436041973726,0,7
4979,239,16.897070082037487,QR,Grocery,US,9.0,0.1628000837869339,0.09215582663489942,0,7
7440,633,473.6503465857035,QR,Travel,DE,12.0,0.2457655255976631,0.386634471072147,0,7
8681,273,0.0,Online,Grocery,UK,13.0,0.20740179089924135,0.2723303318301058,0,7
5029,126,60.6934413542759,QR,Grocery,TR,3.0,0.11550242697296517,0.42559415552561874,0,7
9585,102,251.11072277027117,POS,Food,TR,22.0,0.08796801095027093,0.22915154090563383,0,7
7646,842,4.380661760156004,POS,Clothing,TR,6.0,0.09286875588743546,0.3360278229433644,0,7
5478,506,12.25492425716589,ATM,Clothing,DE,11.0,0.21093465946465986,0.49256287805172927,0,7
9151,216,2.1141012859194035,Online,Electronics,FR,18.0,0.2880070303621194,0.1697017175363945,0,7
9037,892,440.3382719139474,ATM,Food,FR,13.0,0.12207310602125201,0.09823944811647037,0,7
9347,350,27.549392304661023,Online,Travel,US,21.0,0.18006622061437905,0.07588065207001438,0,7
6098,688,390.24275037742206,POS,Food,FR,14.0,0.30073860471915803,0.23709958023639705,0,7
2114,690,61.54992057219849,POS,Grocery,TR,17.0,0.09916380852555987,0.14064866709037593,0,7
1605,146,40.85363391903252,POS,Grocery,DE,6.0,0.22970169223616158,0.13282452209489884,0,7
9464,363,182.83288179348816,QR,Clothing,US,21.0,0.12346121894055528,0.3525150434541563,0,7
1035,265,83.11638922679298,QR,Electronics,DE,17.0,0.12748488240973355,0.14469881060580148,0,7
6087,92,0.0,QR,Grocery,US,21.0,0.14419889448594894,0.06651881461765746,0,7
3099,929,165.71836152679776,ATM,Travel,UK,22.0,0.5261226912496103,0.4827335932346216,0,7
7668,878,114.52161445244586,Online,Grocery,UK,11.0,0.1842527199667663,0.5642436424538345,0,7
733,456,104.65319541322951,POS,Clothing,FR,20.0,0.24869617363837815,0.41551020895949514,0,7
336,834,142.44772400521498,ATM,Grocery,US,22.0,0.2270260130754432,0.0981965927078158,0,7
4802,266,36.419266307361504,QR,Clothing,US,15.0,0.29603601991833645,0.5015570458727335,0,7
4900,308,289.10098493802235,Online,Electronics,US,7.0,0.14128351729955813,0.22131172553829984,0,7
4826,362,168.1710027391946,QR,Grocery,FR,9.0,0.19685360117640505,0.18683604397855733,0,7
1921,629,236.34920486298645,Online,Travel,UK,21.0,0.4796462131004714,0.46301691102299525,0,7
9582,912,70.51210082892761,QR,Food,UK,17.0,0.3834202617114259,0.12243005666433286,0,7
5724,928,29.24576283045505,POS,Food,TR,22.0,0.1413862831644541,0.07037826531874093,0,7
4785,421,18.815230442804683,Online,Food,US,18.0,0.2700664831504241,0.0825720161389829,0,7
4725,167,210.3830386847318,ATM,Food,UK,20.0,0.14568623751335968,0.2752417847101578,0,7
9518,663,155.6543204727721,POS,Clothing,FR,22.0,0.3190931748452964,0.3765469816600193,0,7
4446,377,0.0,QR,Travel,UK,16.0,0.0762797697487407,0.05842234229059479,0,7
9242,310,38.43377719523669,POS,Grocery,TR,21.0,0.40036155863801387,0.23769481747096274,0,7
6321,721,24.886645522351213,QR,Clothing,TR,16.0,0.17214247733951485,0.1255413977270382,0,7
7824,682,10.297100857780542,ATM,Food,DE,9.0,0.18221591831242429,0.3545435728137188,0,7
815,924,213.85690730155383,ATM,Clothing,DE,17.0,0.2698481985544543,0.3277727191687227,0,7
3623,612,83.76944615932295,Online,Grocery,TR,7.0,0.30037721972837433,0.0954355372275146,0,7
1106,924,49.392542990751934,Online,Electronics,TR,22.0,0.09188707275277744,0.3618802598795539,0,7
5501,638,73.9386045093002,POS,Food,FR,23.0,0.11800246202944281,0.23408751970409417,0,7
2657,65,517.0664746589432,POS,Electronics,DE,13.0,0.12516581139106872,0.3222908966316203,1,7
2543,74,1.5589360838316866,POS,Electronics,FR,12.0,0.5146508409861026,0.37588675150002415,0,7
1288,41,52.732314652037665,QR,Travel,DE,21.0,0.09427031025027538,0.29147288923971054,0,7
8743,893,3.0017010810221145,POS,Clothing,FR,12.0,0.10166785946465225,0.13714164745205512,0,7
1464,880,44.67062375341794,ATM,Food,US,18.0,0.2094918071377574,0.24740926033946958,0,7
8825,540,15.101032550412764,POS,Travel,DE,16.0,0.10361203617898285,0.13735792439546102,0,7
1634,347,121.97382626136127,QR,Clothing,US,5.0,0.19577237947430032,0.09731352230538712,0,7
3269,564,11.856781098407176,POS,Travel,FR,20.0,0.15620318401416755,0.14660084366823112,0,7
9232,708,80.12540192319746,POS,Travel,UK,2.0,0.1457943695671192,0.08438309368542161,0,7
7188,896,179.1607399737757,QR,Food,FR,18.0,0.44301709814459567,0.17500568426467372,0,7
779,757,213.1539315005714,QR,Travel,US,9.0,0.23312267835157352,0.17915379454596514,0,7
7643,295,203.51611861301714,POS,Food,DE,15.0,0.12397703513197805,0.22737386233847756,0,7
5719,393,61.624550287963814,POS,Clothing,FR,19.0,0.06393546699388453,0.10149199690770105,0,7
5201,539,79.48863000449599,POS,Clothing,US,6.0,0.19073487971603253,0.21860762319780924,0,7
3621,692,491.3082271960245,QR,Clothing,FR,12.0,0.7280841510661281,0.5684460910445299,0,7
2022,713,120.35088376762957,POS,Travel,UK,22.0,0.23416611135084767,0.49919817887804385,0,7
9528,732,86.91273943842657,QR,Clothing,FR,22.0,0.1184270395355096,0.24966608567709198,0,7
3604,415,77.8725285456579,POS,Electronics,UK,11.0,0.07495150614482962,0.18842741178469152,0,7
5595,783,770.045293456133,Online,Grocery,DE,14.0,0.31987211577751,0.2838579890226464,0,7
402,463,138.07076171711282,Online,Food,US,14.0,0.07680891253276285,0.08989275273037298,0,7
6022,523,155.84603061709038,Online,Clothing,UK,11.0,0.12583092545388475,0.2617056639372819,0,7
3532,108,111.77817259349808,Online,Grocery,UK,13.0,0.33107844340297565,0.2420174560686325,0,7
5914,49,91.18014948441414,Online,Travel,TR,12.0,0.17527134078776208,0.5218726246167824,0,7
3496,732,137.48037677487517,Online,Clothing,TR,22.0,0.2402134511019542,0.4681207550005408,1,7
896,645,5.219157795654975,QR,Travel,FR,23.0,0.05478056885109578,0.058991422662081794,0,7
9060,446,363.8809373984903,QR,Grocery,FR,9.0,0.8344468178308381,0.34230251102290765,1,7
2078,834,3.5588947188288325,Online,Food,US,18.0,0.2192409026770645,0.2688071890776275,0,7
6775,312,266.36816524588903,POS,Food,US,22.0,0.14353370301118573,0.09995386992370613,0,7
5379,606,118.8356407626684,Online,Electronics,FR,21.0,0.15446943536985872,0.38129650808782883,0,7
6935,618,19.92487920911147,Online,Travel,UK,20.0,0.07645438276487418,0.28922580567656064,0,7
8947,601,293.28370084973693,ATM,Electronics,DE,7.0,0.1693873978415487,0.13678283164558602,0,7
3691,799,257.7408839716334,Online,Clothing,DE,19.0,0.17459476311535113,0.09287278839601407,0,7
6374,268,45.53210362526798,Online,Grocery,FR,9.0,0.07198538657226869,0.15115126865611742,0,7
2307,116,322.20129784962137,ATM,Travel,UK,13.0,0.17737034531605728,0.23837365928328,0,7
301,827,536.3387842433403,Online,Clothing,DE,3.0,0.1986693881252729,1.0,0,7
7438,473,46.61777091442035,ATM,Grocery,UK,19.0,0.40340618824731456,0.44275089057311184,0,7
4375,252,31.410037739405908,QR,Electronics,FR,22.0,0.12966170153747106,0.13132249462030138,0,7
2457,225,104.58348392342565,Online,Electronics,FR,15.0,0.21005090303002338,0.6677156557145736,0,7
5128,737,386.81466115280654,POS,Clothing,DE,23.0,0.1605325381380119,0.06981600614354914,0,7
8875,553,46.85294623157895,Online,Food,DE,4.0,0.31956500826032586,0.12821539262620488,0,7
9357,809,161.02858545950485,QR,Travel,DE,16.0,0.37981300000460966,0.19183260880460706,0,7
1174,684,9.404380882392486,QR,Clothing,US,6.0,0.25408629831386026,0.12538678393558705,0,7
9441,808,178.64022902511942,POS,Electronics,US,14.0,0.13486523928460598,0.08796192566229896,0,7
6267,911,365.346082640447,POS,Grocery,UK,7.0,0.45456360789892836,0.09029802502634127,0,7
1799,695,602.9267993203233,QR,Grocery,FR,7.0,0.43750767035500754,0.2347654031323374,0,7
1521,729,43.44691324449343,Online,Electronics,TR,22.0,0.24715263788011851,0.47253434108651216,0,7
8446,534,21.877497351721495,Online,Travel,DE,21.0,0.1203080779780725,0.16945180372189275,0,7
5968,230,20.763694736418085,Online,Travel,TR,11.0,0.24733410440243597,0.43137950768603184,0,7
9708,446,21.076434527003965,QR,Grocery,TR,19.0,0.1469886683728928,0.4939209546658908,0,7
3722,634,81.76141701958012,QR,Food,UK,9.0,0.12249886592973908,0.6126127587410758,0,7
78,830,307.95588967726815,QR,Electronics,UK,10.0,0.4039995385882579,0.18522188092698033,1,7
8084,562,0.0,POS,Travel,DE,21.0,0.12389239646496919,0.09393542085852133,0,7
2062,377,520.1001173698791,QR,Electronics,US,9.0,0.5605711874553712,0.330434667851357,0,7
9068,335,295.9679845384394,ATM,Food,US,15.0,0.481567466910748,0.4224494882732139,0,7
9851,316,36.79991749128324,POS,Grocery,FR,12.0,0.18026184842071263,0.0773609532487897,0,7
8757,181,169.5185335548388,QR,Travel,US,19.0,0.13109160289433971,0.18310987057008735,0,7
6820,582,198.11868732115283,Online,Food,FR,11.0,0.160973412036705,0.3538395424459605,0,7
2886,485,95.12076051877388,Online,Clothing,UK,21.0,0.11625292637659149,0.2148655087141753,0,7
4787,479,9.426213999989441,POS,Food,TR,17.0,0.12186857694473856,0.07363612285948651,0,7
6160,316,11.95480284081441,ATM,Grocery,DE,5.0,0.14153998241429447,0.26541548202546267,0,7
4014,953,10.936553377301884,QR,Clothing,FR,20.0,0.06724035988597922,0.06952581445953919,0,7
2402,116,162.95660784336096,ATM,Grocery,FR,7.0,0.16222798310141784,0.07102108246374852,0,7
3383,0,53.44409305113161,Online,Electronics,US,16.0,0.26062333848349895,0.1969429533767516,0,7
3354,146,171.4027331039944,POS,Travel,DE,12.0,0.1180183262805346,0.06898746566316566,1,7
9869,62,14.423490090178326,Online,Electronics,FR,15.0,0.11234275824145251,0.17485985296529222,1,7
9198,746,254.8112600059062,ATM,Food,US,4.0,1.0,0.5850367499725183,0,7
7631,86,580.0936433058805,ATM,Electronics,FR,15.0,0.18822243072692252,0.5498306963946252,0,7
3495,841,725.6099650264264,ATM,Food,FR,18.0,0.4054922904618751,0.4463561624362298,1,7
968,111,16.876244315969856,ATM,Food,TR,17.0,0.17688835138812628,0.16817197369354836,0,7
2670,336,470.3609156611963,QR,Food,FR,22.0,0.3426413706315975,0.1365210386594078,0,7
2130,445,357.59083171828456,QR,Food,UK,12.0,0.391549630847251,0.35998407558845347,0,7
9305,661,54.9837636927777,Online,Food,UK,13.0,0.18613291876594398,0.28077447948484463,0,7
3227,551,143.37235187641855,Online,Travel,UK,14.0,0.19233386477615355,0.42891554423279893,0,7
5183,487,101.15219968312873,POS,Electronics,UK,7.0,0.11999837080968792,0.14266583787865875,0,7
8834,191,185.82255245222467,POS,Food,TR,22.0,0.2956764245753286,0.22227582041788962,0,7
4924,400,45.19145329468759,ATM,Travel,TR,15.0,0.10428962478543984,0.2256011685186716,0,7
3175,360,205.86212443543744,Online,Food,TR,21.0,0.22755983969218777,0.13236695300205964,0,7
9837,179,19.98866642667766,QR,Electronics,NG,23.0,0.8632007215874528,0.14849515688280757,0,7
7158,4,61.209235616084285,Online,Travel,US,21.0,0.10857213112876744,0.22205995627986055,0,7
7454,8,96.99092731103289,POS,Clothing,DE,12.0,0.09534103219982422,0.22125607076155007,0,7
3492,65,49.02849782669823,POS,Grocery,DE,13.0,0.25099120489651283,0.09083581905344451,0,7
5058,596,9.623455408805206,ATM,Clothing,US,21.0,0.1287465561298884,0.1409563371068126,0,7
3301,686,72.45757201620373,Online,Food,US,5.0,0.13609979483260848,0.1155952942026128,0,7
3951,745,64.3400261054053,POS,Clothing,DE,16.0,0.43677141293171473,0.27477265743999213,0,7
56,632,25.752084479034956,POS,Electronics,FR,23.0,0.3667384915775949,0.3962486841642257,0,7
9492,495,383.8502091780691,Online,Clothing,FR,20.0,0.6718100430045757,0.35589750980730744,0,7
2818,798,100.31534782307709,QR,Clothing,DE,14.0,0.09551775127053819,0.204002343783433,0,7
4339,990,513.5177132999821,QR,Grocery,UK,14.0,0.2210536933877643,0.11580744149704432,0,7
6493,131,169.16731751184275,Online,Travel,US,20.0,0.1760380556182818,0.4656398299688511,0,7
1599,6,74.15604117620958,QR,Grocery,US,7.0,0.20171789959515957,0.24421402659754057,0,7
3477,728,179.1457957981544,Online,Electronics,US,21.0,0.06427624803656971,0.25990581427491993,0,7
6993,332,44.24635425648783,POS,Clothing,DE,22.0,0.19190447309362377,0.07669303315567144,0,7
6165,784,13.285161978475024,POS,Food,FR,17.0,0.3408778003566864,0.21842872100798222,0,7
4626,53,40.01884888703272,POS,Food,UK,22.0,0.1002667214927051,0.2554679135262778,0,7
8242,73,613.2227356412374,Online,Travel,UK,15.0,0.15895114174325486,0.23293663711450374,0,7
8392,242,17.858902661589617,ATM,Travel,FR,20.0,0.09484998359508867,0.07387587345398162,0,7
5652,831,7.773971286415376,POS,Travel,FR,7.0,0.13420095212326724,0.09364155964472706,0,7
2886,912,40.78017956967027,QR,Food,FR,10.0,0.3488889245694038,0.166008505544425,0,7
390,792,388.0247492464626,QR,Food,DE,18.0,0.38767089786518005,0.1661354860652671,0,7
7675,898,93.59054266902841,Online,Clothing,TR,13.0,0.10056165604940841,0.12149299280103042,0,7
747,897,395.0740917567191,ATM,Grocery,US,5.0,0.2714874620030261,0.07673378006276634,0,7
6792,359,10.766603844659887,POS,Electronics,US,22.0,0.11848313561045479,0.14130312623847358,0,7
9526,725,278.01988041550175,QR,Electronics,US,22.0,0.2717722081462916,0.250907181264903,0,7
9280,478,107.65773852631223,Online,Grocery,UK,23.0,0.3466560478897458,0.13372161444178662,0,7
2542,700,29.240717381515125,Online,Grocery,FR,15.0,0.1286274235740521,0.16271396998805343,0,7
4926,524,539.5049094715461,ATM,Clothing,UK,19.0,0.26212872627054995,0.1445885489975416,0,7
9360,632,36.87290737032443,POS,Food,DE,15.0,0.13296809446351232,0.15605791990727785,0,7
6782,139,229.32285479047036,Online,Travel,FR,23.0,0.4743283340223534,0.31628972183142656,0,7
3217,810,283.86779592432157,Online,Clothing,DE,19.0,0.1033011413239237,0.08127105271027184,0,7
1548,889,49.075685424154905,POS,Electronics,US,13.0,0.2034063626396508,0.06417050918990125,0,7
8299,410,70.71632045688243,QR,Grocery,US,10.0,0.15993186882852548,0.38521046979272083,0,7
9747,83,137.51657418342847,POS,Clothing,UK,15.0,0.32141245093803655,0.14620603802954169,0,7
1609,185,16.349228940336072,QR,Grocery,DE,2.0,0.37472927420261803,0.08811426845219628,0,7
537,868,404.3475981982023,POS,Food,US,21.0,0.23775095993003934,0.059994616145556436,0,7
5153,725,62.74459299881309,QR,Electronics,DE,22.0,0.23977771718436391,0.3557291359932707,0,7
7143,473,205.15648845584582,POS,Clothing,UK,19.0,0.17833047955151782,0.335027585302428,0,7
3883,743,5.650413319153905,Online,Grocery,US,16.0,0.2563017549624527,0.29974917558064446,0,7
8581,201,49.49070502512208,ATM,Clothing,US,8.0,0.6157971299267455,0.11655397618460406,0,7
2446,987,45.224313874128505,POS,Electronics,US,11.0,0.22647114030622478,0.18719420278839735,0,7
6005,812,191.60302769484719,ATM,Electronics,DE,18.0,0.3317273569571785,0.6675321127777063,0,7
9082,605,28.58368698166654,POS,Grocery,FR,5.0,0.18030699426908756,0.18403562022739062,0,7
6197,697,668.7984578812591,Online,Food,TR,19.0,0.3452701610868941,0.1557383136030659,0,7
6312,805,56.6526905214135,QR,Clothing,TR,20.0,0.316723919935521,0.13499334328473922,0,7
1651,670,37.834695990779245,Online,Grocery,US,6.0,0.14628923239441985,0.3806659902455725,0,7
7517,332,153.05709667734072,POS,Food,US,7.0,0.3270775536158117,0.1410660888449187,0,7
1131,678,17.91277480284259,QR,Food,DE,21.0,0.13421544150569503,0.11768726374187027,0,7
9663,257,381.7805558215074,Online,Travel,DE,21.0,0.23167756287208519,0.5359734480978192,0,7
9369,719,18.55342246190342,ATM,Clothing,UK,5.0,0.08501344763211251,0.21306520619513097,0,7
9626,916,492.6915078005291,QR,Clothing,TR,22.0,0.20438611224319583,0.2556030519569542,0,7
326,371,136.1445583372314,QR,Food,US,14.0,0.1557206692824856,0.36575347380672724,0,7
7699,506,156.06528687046085,Online,Electronics,US,12.0,0.23462482917511748,0.2941327805209973,0,7
8096,252,57.75170584688805,Online,Electronics,FR,20.0,0.2330829096808013,0.0979181083211354,0,7
9207,998,110.46332841292889,Online,Grocery,US,16.0,0.07564529203691464,0.08687968533570475,0,7
6337,424,488.38413569190357,Online,Electronics,TR,15.0,0.19181424819013967,0.3939854950560413,0,7
6160,608,82.55548638232331,QR,Food,UK,23.0,0.5089921922026271,0.12726226081485864,0,7
7431,755,142.8243275251141,QR,Clothing,FR,22.0,0.15057234109264933,0.14003964213086767,0,7
2660,566,629.1500908822347,POS,Electronics,TR,16.0,0.1856231376464711,0.09092345823501308,0,7
8767,804,136.60861269532992,ATM,Food,FR,17.0,0.10274227208046205,0.11219111808749511,0,7
5755,644,115.87673755131924,QR,Food,US,7.0,0.23829411309128742,0.13518764100048197,0,7
6359,630,203.35032655822033,Online,Grocery,FR,12.0,0.36528927359419017,0.382644526634352,0,7
9636,624,104.96936743458669,QR,Travel,DE,12.0,0.135805100470119,0.10959821974609597,0,7
4390,126,33.83347922103641,QR,Grocery,TR,21.0,0.18193207384729038,0.2772145162949666,0,7
4917,719,38.462273573295384,POS,Grocery,DE,9.0,0.1601549256066865,0.15573310936386087,0,7
7306,834,21.988748867795923,POS,Travel,UK,21.0,0.09840801434933544,0.11795322556946806,0,7
8687,110,205.01677402146254,ATM,Travel,UK,10.0,0.33182306395454914,0.6971664316117148,0,7
5783,603,15.270746950783732,QR,Food,DE,15.0,0.06118274892062618,0.1674411351658762,0,7
8671,133,496.3458929194511,Online,Grocery,DE,16.0,0.09069169332804364,0.18393483218291856,0,7
2095,273,44.463514474735575,Online,Electronics,US,16.0,0.42758896396657403,0.123560825947994,0,7
5435,596,247.6409097557957,POS,Food,UK,14.0,0.46158350766034895,0.09690997826906873,1,7
6833,425,24.299718656050494,POS,Food,DE,14.0,0.1426053049315568,0.06741091357036663,0,7
194,396,571.0457576814748,ATM,Electronics,FR,22.0,0.20194455497486183,0.08763925960097965,0,7
549,47,89.91485784152077,QR,Electronics,FR,17.0,0.1589682020808648,0.14164530072399042,0,7
8100,809,73.58296478979378,POS,Travel,DE,18.0,0.4381860026052382,0.2841604137454538,1,7
2421,78,147.24093067025822,ATM,Clothing,NG,16.0,0.21838745594718137,0.17475089381217337,0,7
2828,146,131.60671886588372,QR,Clothing,DE,13.0,0.4791901720826263,0.10316556339758085,0,7
325,247,218.15947128590906,ATM,Travel,US,14.0,0.3859884824518257,0.4802098837766504,0,7
8529,886,31.920767048867464,POS,Travel,UK,8.0,0.29582760703405747,0.29311364310162835,0,7
8592,946,11.352257724923449,POS,Travel,FR,19.0,0.06260499283981144,0.08736734006366292,0,7
3201,262,68.07609641245249,QR,Clothing,UK,10.0,0.07724212019018245,0.2355479764812427,0,7
4568,443,41.882135054369854,Online,Clothing,DE,14.0,0.12922866512460168,0.09046334024509671,0,7
9248,596,130.5621035329736,QR,Travel,DE,1.0,0.08192364150670345,0.20647846670208736,0,7
8431,1,316.83188126759563,ATM,Electronics,UK,13.0,0.39422161631702635,0.1762181180337257,0,7
3854,229,11.330007023882441,QR,Food,DE,8.0,0.08184383013232356,0.16315693565072006,0,7
2139,667,0.8060756207483513,POS,Clothing,US,9.0,0.12505557331931477,0.06884153478914062,0,7
6321,70,58.7540881351169,Online,Travel,TR,7.0,0.13101863771729827,0.18570758730923065,0,7
599,563,44.74184709301511,POS,Clothing,DE,21.0,0.2892706683919279,0.07170904207599618,0,7
2830,309,57.109587522130994,POS,Food,FR,20.0,0.27802719866974035,0.13993938648572218,0,7
916,462,33.7863156639504,ATM,Electronics,NG,12.0,0.19285896387190923,0.07389732108589853,0,7
5418,292,107.92167204049183,ATM,Food,TR,17.0,0.07464772013972551,0.06852380474181248,0,7
6253,970,12.865584316073583,ATM,Grocery,FR,11.0,0.12756441559986775,0.0837456113835312,0,7
4866,491,52.51779169769881,ATM,Grocery,US,12.0,0.31628404130906557,0.23645329529168083,0,7
2817,775,152.34936212971505,ATM,Travel,FR,23.0,0.8549115234463588,0.7041850499132093,0,7
4437,45,324.37969448415646,Online,Food,TR,17.0,0.45837934637199845,0.19251898323518118,0,7
8784,598,94.66956847157493,QR,Electronics,FR,22.0,0.12478490154337227,0.29930472086364324,0,7
8856,942,121.42522235878408,ATM,Clothing,DE,22.0,0.2664052788419176,0.2510442435542728,0,7
7148,326,297.0444275218858,ATM,Food,DE,6.0,0.3291252298051286,0.2213325967247716,0,7
8032,845,14.4232992483237,POS,Grocery,TR,10.0,0.39565829099640915,0.1406285247672452,0,7
6134,637,348.643915181441,QR,Travel,DE,4.0,0.20010232530671201,0.3868346971558564,0,7
2001,677,95.2388218959993,POS,Food,US,21.0,0.34505840239278074,0.1627117165913053,0,7
8553,551,260.4311020384346,POS,Clothing,TR,16.0,0.25951818321355496,0.5358800627049843,0,7
652,527,154.84523119137705,ATM,Food,US,15.0,0.31890696161278953,0.3854490680842855,0,7
7155,886,690.9048840844833,Online,Clothing,FR,23.0,0.22271105805085978,0.4895354743219325,0,7
6442,943,228.91276650808217,ATM,Grocery,DE,21.0,0.21834341753092598,0.11651406717037388,0,7
87,899,33.89223713088282,ATM,Grocery,FR,20.0,0.11613348518588912,0.32574656967198057,0,7
7326,191,87.78764915288264,Online,Clothing,FR,20.0,0.13276707186043601,0.09586637168195004,0,7
1262,652,0.22471896481463127,ATM,Clothing,DE,11.0,0.2929085021735256,0.16621306711233647,0,7
471,159,318.41922119582927,POS,Travel,UK,5.0,0.5403875608637492,0.21250320381242743,0,7
5448,972,85.84740358229477,POS,Travel,UK,19.0,0.7216628101221643,0.3356445084199097,0,7
9025,286,102.40171271850254,Online,Clothing,DE,19.0,0.2531996108806895,0.17496794973955357,0,7
9521,614,69.62288714187228,QR,Grocery,DE,10.0,0.08687415194424208,0.08908447515476747,0,7
4659,15,109.74354787919735,POS,Food,DE,22.0,0.19963332321653612,0.09908729811990163,0,7
6372,659,365.7526733474998,Online,Grocery,FR,4.0,0.3644599122440401,0.1162156163680666,1,7
6826,832,1.0343535405444926,Online,Travel,FR,6.0,0.14066616493335987,0.0774475206576786,0,7
7229,982,63.974422191993234,Online,Food,TR,6.0,0.07273102416180913,0.17493053803994119,0,7
8061,117,124.2745856023603,QR,Food,TR,11.0,0.23298670072342362,0.16201842308305847,0,7
2869,380,520.5973173392274,Online,Travel,UK,8.0,0.0649720751062701,0.2507326175807766,0,7
2842,274,147.71099622873427,QR,Travel,FR,14.0,0.25918951318528544,0.35653366473085446,0,7
2320,566,0.26360841948969527,ATM,Food,TR,19.0,0.12903263029301226,0.3170087451861102,0,7
3130,962,213.25234406709862,QR,Clothing,UK,15.0,0.18279318732925304,0.6113434115649293,0,7
5283,305,13.974624454173654,QR,Grocery,UK,15.0,0.0990027770613281,0.1820137703556382,0,7
6631,486,99.35610317086713,Online,Food,FR,9.0,0.08355488166319096,0.08981125821939226,0,7
859,452,66.18061843725016,QR,Travel,UK,20.0,0.17827717065351337,0.21710261423208338,0,7
7651,699,147.14490185038898,ATM,Travel,FR,6.0,0.15469353372298608,0.09935923935972725,0,7
9654,900,17.76890964516395,ATM,Food,DE,18.0,0.17565739606145636,0.06330270985682965,0,7
2269,648,196.9134988520702,QR,Food,UK,8.0,0.5018950712477653,0.11500650749286753,0,7
1678,897,13.898788557753733,ATM,Grocery,US,8.0,0.06983266119845827,0.12188607912837071,0,7
765,386,357.354456344667,Online,Clothing,DE,13.0,0.4269612750553723,0.1689022652206269,0,7
8345,12,478.8753281564042,ATM,Food,US,20.0,0.11598835139179944,0.14764463294656088,0,7
690,276,117.3318790522391,QR,Food,UK,22.0,0.48770064867433255,0.4173839928566555,0,7
8952,119,15.901789202520114,Online,Clothing,TR,20.0,0.10651181598239375,0.2583342646527144,0,7
3571,648,115.06036940474674,Online,Grocery,US,18.0,0.17622342155614412,0.08239297415138823,0,7
9812,927,230.939851100069,POS,Clothing,US,20.0,0.07816904459768084,0.3117772259099231,0,7
6174,398,419.8469130112998,QR,Travel,UK,20.0,0.21096006591778013,0.24068954384009866,0,7
7275,263,6.101832978974786,POS,Grocery,DE,23.0,0.10494504759938802,0.0723327717602895,0,7
842,184,116.87322668507188,POS,Electronics,US,8.0,0.18162131041197174,0.20700613813998303,0,7
9086,582,12.911170194288644,ATM,Travel,US,21.0,0.17501451657673917,0.24901993810436202,0,7
7869,526,9.959628474460992,ATM,Electronics,US,7.0,0.15472454325227014,0.2597354631863186,0,7
2341,391,0.0,POS,Travel,TR,17.0,0.27213028608698986,0.12395466424177531,0,7
3282,564,118.94201042185908,Online,Clothing,UK,16.0,0.47015324456543706,0.2819412498780204,0,7
2150,92,5.422742697791154,ATM,Clothing,UK,22.0,0.10864523670929788,0.06138333993481272,0,7
3347,533,698.305825989262,ATM,Travel,TR,21.0,0.07870432280095754,0.2977570749178813,0,7
3752,782,63.4452082648649,Online,Travel,US,15.0,0.2911936199294255,0.16807532260086133,0,7
2974,140,0.0,Online,Travel,UK,15.0,0.07735329735363652,0.2532548165802673,0,7
5646,361,18.422344446792906,POS,Electronics,DE,13.0,0.224703569328822,0.4913479921612466,0,7
5410,601,273.2034615108736,POS,Grocery,TR,22.0,0.27032850424564886,0.5251483921996692,0,7
548,582,64.53627454030926,ATM,Travel,FR,15.0,0.10908868332881122,0.08043402552459278,0,7
9555,970,11.194632819852227,ATM,Clothing,FR,19.0,0.34848117717019755,0.09894002814384083,0,7
6082,850,302.09742810223725,QR,Clothing,US,17.0,0.32978923454612735,0.17258401110665422,0,7
5562,102,4.754006049958184,ATM,Travel,UK,23.0,0.25415822944333266,0.39237652720502847,0,7
2148,727,19.8992185201149,ATM,Grocery,DE,12.0,0.17270537070515957,0.2537762661353982,0,7
5955,807,69.44263160262709,QR,Travel,TR,17.0,0.14301809451079556,0.1531978936560236,0,7
2895,684,119.19107953137186,POS,Electronics,TR,13.0,0.20927372146085615,0.4622509477464327,0,7
8044,609,60.94808921743647,QR,Grocery,US,18.0,0.08011758390689123,0.1939150114322987,0,7
5517,373,105.4967280186894,ATM,Clothing,US,10.0,0.1768060528235686,0.14550092577946508,0,7
697,175,87.91768340154665,Online,Food,TR,14.0,0.2892071473471825,0.2022151733679822,0,7
9715,101,35.33515788901201,POS,Electronics,UK,16.0,0.17117987650150607,0.33505235724019006,0,7
2605,251,80.97552494127797,ATM,Grocery,DE,2.0,0.08475445709903251,0.19637187270528444,0,7
3290,855,79.9261454587645,QR,Grocery,US,11.0,0.27821054871169804,0.19920304796361016,0,7
601,962,204.91176929980858,Online,Clothing,UK,8.0,0.32843716925234245,0.45162958378738843,0,7
6637,200,107.37422672217753,ATM,Electronics,UK,19.0,0.28732311604375466,0.3585447070919501,0,7
9848,805,4.208962576861799,POS,Food,DE,14.0,0.279050408347877,0.1484272412544641,0,7
7388,251,142.54778288520876,POS,Grocery,DE,15.0,0.2279661914169131,0.22645352315107137,0,7
1096,610,156.3916572450408,ATM,Clothing,UK,22.0,0.08139899520923846,0.10869244785601846,1,7
5822,652,294.402647976396,POS,Clothing,TR,13.0,0.23280267280374894,0.5135967554373753,0,7
3392,355,9.59596615217669,ATM,Electronics,TR,22.0,0.14978039716021715,0.09979487748267646,0,7
3275,117,30.431483242868854,POS,Clothing,US,13.0,0.08092669302385092,0.11816156006822871,0,7
1127,707,12.549504563132666,QR,Travel,FR,22.0,0.24787841321838144,0.1280766356187525,0,7
9424,236,555.3583536186744,Online,Clothing,DE,17.0,0.33470599858058797,0.25782085332977916,0,7
7575,884,93.56823693013389,ATM,Grocery,FR,17.0,0.12327268838955731,0.13503641402042887,0,7
9974,669,167.47570593071754,Online,Clothing,DE,21.0,0.06322418879619893,0.18066789547012163,0,7
7640,782,419.0743234228686,POS,Food,US,18.0,0.1483325165192826,0.35933318217412347,0,7
6962,497,146.40746426524493,QR,Travel,US,11.0,0.23483520058636298,0.0930581582268094,1,7
5862,156,195.4890168102991,ATM,Food,TR,14.0,0.33694666981427984,0.1428680834967598,0,7
366,689,52.40754002187712,POS,Electronics,FR,22.0,0.11570069239993497,0.08137120200790056,0,7
3357,236,206.97203463854893,Online,Travel,UK,13.0,0.23409681411257763,0.17040030186481891,0,7
1920,945,46.35145097912247,POS,Grocery,US,5.0,0.443260377786885,0.4737498935492233,0,7
1446,888,118.63641578952125,POS,Grocery,DE,16.0,0.6482228254184553,0.20882325521758802,0,7
2214,865,95.71807526779702,POS,Grocery,US,20.0,0.41334115482202455,0.15913662648711274,0,7
7932,985,75.06878958023225,QR,Food,TR,15.0,0.07189912966859735,0.07852860248915196,0,7
3080,413,40.799434770565654,ATM,Food,DE,11.0,0.11535886971361015,0.15471426240532735,0,7
1375,823,124.60111309648347,QR,Electronics,FR,15.0,0.5368485163290311,0.28672096054574,0,7
8561,960,34.37678372316358,Online,Travel,UK,10.0,0.08584159600424708,0.2229409166887803,0,7
4631,236,766.3121614439676,QR,Clothing,TR,15.0,0.7723750214449001,0.2706900999842068,0,7
5556,116,106.76075795121454,QR,Grocery,TR,17.0,0.1587126885738754,0.1673807310518113,0,7
7226,924,283.2255275278715,POS,Electronics,US,3.0,0.5078447963390008,0.49461994595727055,0,7
6057,72,166.66473540733685,Online,Travel,FR,16.0,0.08453822824739965,0.19731269752638278,0,7
9736,877,58.48065180829306,ATM,Grocery,US,23.0,0.08877759410849378,0.20215911301975786,0,7
2067,627,145.55383664423874,QR,Electronics,TR,17.0,0.0996004048523974,0.3649873206858316,0,7
2357,11,246.92023933487792,Online,Electronics,FR,14.0,0.17306464903599464,0.17159974500104908,0,7
6978,604,7.565237303986706,Online,Food,US,21.0,0.3795741345447828,0.08649072799699334,0,7
1054,470,9.246234089069853,Online,Grocery,US,10.0,0.07711497851077419,0.11116835123755,0,7
4811,405,8.027254946350967,QR,Grocery,DE,20.0,0.17936375403824148,0.22345623857007096,0,7
5007,94,23.465506200480664,ATM,Food,TR,7.0,0.23596973646315889,0.33245818716897096,0,7
964,174,351.05131544304766,ATM,Food,DE,13.0,0.06486171329154806,0.22247746757966783,0,7
5416,970,96.44199658724615,QR,Clothing,US,8.0,0.17641526818278153,0.33273588575111734,0,7
3828,57,514.7415273472488,ATM,Grocery,DE,9.0,0.3221182243801565,0.2579869263627173,0,7
1522,154,30.112767162173775,ATM,Food,DE,23.0,0.059019200386678926,0.09997108638875948,0,7
2950,147,60.90418588904282,QR,Travel,UK,12.0,0.4056365503985276,0.5177785455095996,0,7
2151,210,82.59883446115974,ATM,Travel,TR,15.0,0.23496560671812283,0.320463486760838,0,7
6758,729,232.72051560146159,Online,Electronics,UK,5.0,0.3278521831243565,0.13091570204639916,1,7
5717,199,235.19641436632935,POS,Travel,UK,19.0,0.45795946438044166,0.4961886077618135,0,7
6315,912,504.9432872741975,QR,Electronics,FR,11.0,0.2413277577221397,0.172551467725632,0,7
2841,554,165.27823448079494,Online,Electronics,FR,11.0,0.20459089937240726,0.13235684909023743,0,7
820,228,296.9026359561483,POS,Electronics,TR,20.0,0.22647558979558488,0.15239119540586354,0,7
8549,996,32.748957116924714,QR,Grocery,TR,13.0,0.48514616309982067,0.395235487138666,0,7
8714,572,3.5987540058659095,Online,Food,UK,20.0,0.12896307156624331,0.19196121042217462,0,7
4722,879,78.46937018598028,POS,Food,UK,16.0,0.28892466455722776,0.08941166846155357,0,7
1743,72,153.6452794826103,QR,Grocery,TR,3.0,0.07142597393543723,0.36404307962038607,0,7
6644,108,1.2651269093203261,POS,Grocery,UK,19.0,0.13942704725310995,0.06598673280002872,0,7
7785,282,75.30080282903253,Online,Travel,UK,12.0,0.057818572740446376,0.07274436852525902,0,7
4745,60,214.31950464666966,QR,Grocery,TR,7.0,0.19241362612204882,0.19381986463896073,0,7
9539,794,47.21421872068899,Online,Clothing,US,19.0,0.36841755347221844,0.1444345746594577,0,7
7197,687,208.45077559325424,ATM,Grocery,FR,7.0,0.1470425699500726,0.6425779627859355,0,7
7813,108,28.339996109668963,POS,Electronics,US,17.0,0.27608590822565615,0.07663804418775036,0,7
8823,929,337.67397073994107,Online,Clothing,UK,22.0,0.3609830519674228,0.13323877907299608,0,7
6854,117,48.2976768658232,QR,Food,FR,10.0,0.23616618710309775,0.14207026263799483,0,7
1197,835,89.415232290119,ATM,Travel,UK,17.0,0.16328084083876548,0.13319463326159922,0,7
3811,672,87.58015657649014,Online,Grocery,DE,4.0,0.10703220160182009,0.1911326979618032,0,7
8802,888,3.7668008360059284,Online,Electronics,UK,17.0,0.11654183990467004,0.093508694324628,0,7
7758,309,48.64452753821719,ATM,Travel,TR,8.0,0.23351691693216908,0.21790366500116384,0,7
4338,822,107.07135262523994,Online,Food,US,17.0,0.2224190154562094,0.15084611706422343,0,7
4786,70,125.77004580810505,Online,Electronics,FR,10.0,0.18135265373728754,0.6981524722411985,0,7
8854,282,10.315522366616442,ATM,Travel,NG,15.0,0.48201151096775874,0.10971346637489326,0,7
585,333,305.0974366463647,ATM,Clothing,TR,20.0,0.2552755977809163,0.22037765177930413,0,7
5000,201,50.53908621238625,QR,Travel,UK,18.0,0.1667449018708565,0.17279946021661347,0,7
3220,757,5.628247853494027,ATM,Travel,FR,17.0,0.13009239568836017,0.3164570427552675,0,7
7757,620,227.163642072145,QR,Clothing,US,20.0,0.4891964158970352,0.24908338778822103,0,7
4188,731,114.2489343670645,Online,Electronics,DE,15.0,0.42125432782626304,0.31505792297625257,0,7
9434,263,324.8871237577243,Online,Grocery,FR,23.0,0.1478490895147725,0.09182210835720359,0,7
3601,967,55.29970759497658,Online,Electronics,UK,21.0,0.29944402763431605,0.1245649344139127,0,7
9394,862,282.5679089029831,POS,Travel,US,21.0,0.23526984994088454,0.2990287705696952,0,7
1024,509,175.54267793027213,ATM,Grocery,DE,9.0,0.10732812202499642,0.11127563725111295,0,7
167,662,894.601297702072,ATM,Clothing,UK,10.0,0.5473090248813702,0.30667291991853135,0,7
1687,699,329.1428914493454,QR,Grocery,US,16.0,0.11516251621213461,0.5034975763072324,0,7
9634,45,3.582092556389423,QR,Grocery,UK,4.0,0.10977670686664284,0.1430698964011285,0,7
5262,295,45.770120014820364,Online,Grocery,UK,14.0,0.0665132849406,0.06750565650856692,0,7
447,858,11.122684728209588,POS,Travel,UK,23.0,0.12516614712645843,0.081258896842165,0,7
8379,597,238.0989155862834,Online,Travel,US,10.0,0.1449086094018739,0.07395793931495985,1,7
5686,585,445.9454865822054,Online,Grocery,UK,19.0,0.4758470349715954,0.5333529901897375,0,7
986,154,451.8173918611688,POS,Electronics,TR,14.0,0.16687581570883914,0.1775989295646859,0,7
1382,2,325.65345243358115,Online,Clothing,US,21.0,0.25876967229410197,0.6070539107700961,0,7
1128,39,18.066881586527064,ATM,Travel,US,19.0,0.06943885317761361,0.1369566652214858,0,7
3783,228,8.15300603952114,ATM,Travel,UK,20.0,0.14271732685191282,0.19143504706128134,0,7
6685,860,24.167471075341474,QR,Electronics,US,21.0,0.20406968787369828,0.17702703910834697,1,7
3323,252,4.512757370248579,POS,Grocery,TR,16.0,0.08262463641558394,0.057184851176642286,0,7
46,747,945.8693128767884,ATM,Grocery,FR,20.0,0.3659919328826007,0.7700350985976758,0,7
349,875,177.2081281811411,ATM,Electronics,DE,8.0,0.39737007667581775,0.3830317709729419,0,7
2449,361,21.040682428052804,ATM,Grocery,NG,18.0,0.24760199736203226,0.2122984699563062,1,7
8358,528,622.2816049851775,POS,Travel,FR,4.0,0.4800773650487731,0.37356787343052317,0,7
4619,292,41.81012124495656,Online,Clothing,DE,8.0,0.09386094360539113,0.1331295934190976,0,7
665,205,228.49817723491694,QR,Electronics,TR,18.0,0.11639549119469005,0.32693649106869643,0,7
7485,108,222.9105437297689,POS,Electronics,DE,21.0,0.11512562189743318,0.1202725912825041,0,7
9043,508,813.3263745582997,POS,Food,DE,21.0,0.3079435378855308,0.302631759053058,0,7
5115,515,20.24451742372923,Online,Electronics,FR,12.0,0.09067822965946867,0.0976987184792198,0,7
1119,6,304.5264923900013,POS,Food,TR,13.0,0.36836594126201017,0.4853388887025638,0,7
6904,144,259.1627495803376,ATM,Travel,DE,15.0,0.2892701908964426,0.1942785862021265,0,7
6397,732,192.13570638297747,QR,Electronics,FR,20.0,0.36910391234635676,0.26022065744562384,0,7
6291,563,62.94244356739553,POS,Food,FR,16.0,0.2070630386849336,0.5054229457426096,0,7
8427,722,14.90596979642468,QR,Food,UK,3.0,0.13153249969816314,0.14438790079793798,0,7
7491,642,126.80242454638918,Online,Travel,US,20.0,0.18606772975132133,0.16227591771599403,0,7
8320,580,18.847068966190093,POS,Travel,TR,18.0,0.13893368061647737,0.2823134574198015,0,7
6810,617,21.095327124134876,ATM,Grocery,TR,14.0,0.24815968402853167,0.12697766629913138,0,7
4498,420,44.94754914294226,Online,Grocery,DE,18.0,0.22881973409079265,0.14644506915644784,0,7
7571,929,130.79757300354115,QR,Travel,TR,23.0,0.1201539052944119,0.11852590921925785,0,7
1887,525,505.612095275533,QR,Food,UK,15.0,0.06884154045206634,0.08486824288939968,0,7
5163,509,291.5174234342259,POS,Food,DE,17.0,0.13226310388563664,0.15142351256160963,0,7
1649,275,128.81503522272698,Online,Travel,US,19.0,0.1626988733132217,0.4160950541604238,0,7
9559,491,66.87335891344954,POS,Clothing,TR,9.0,0.27164582862933295,0.1321986826559812,0,7
8511,169,243.16017631390608,POS,Food,NG,19.0,0.6269578758457083,0.29173881594736334,0,7
3802,293,48.76541313694771,POS,Clothing,TR,21.0,0.2163215661915678,0.1629134544729787,0,7
1943,312,667.4160887265316,ATM,Clothing,FR,20.0,0.23819706663570794,0.4306327405121403,0,7
6054,463,15.600814586780775,Online,Travel,FR,22.0,0.4381057350584708,0.2727306261955871,1,7
4798,191,797.9355001122055,POS,Food,DE,9.0,1.0,0.42811357483674495,0,7
9214,642,414.45155335168596,POS,Electronics,UK,18.0,0.50953245090218,0.06865964581871407,0,7
6991,473,136.4404381065706,Online,Travel,UK,15.0,0.20390423785851147,0.20625897200307058,0,7
5922,233,173.18725321515572,Online,Electronics,US,21.0,0.126391617431092,0.3890120259210387,0,7
4955,753,132.53852448327694,QR,Clothing,US,9.0,0.5117362180456778,0.3658886425259681,0,7
9444,650,41.5468143516745,Online,Grocery,US,10.0,0.3146090126192895,0.11647263095641261,0,7
6222,240,24.042438137617104,POS,Travel,TR,20.0,0.2797844143778134,0.2179434496235773,0,7
2088,396,173.33190537482398,ATM,Electronics,US,10.0,0.4140011635917577,0.19812260738938134,0,7
1279,554,97.65836399951687,QR,Travel,DE,10.0,0.46584281248113896,0.18746573625240903,0,7
2923,742,12.048207979723731,QR,Travel,TR,4.0,0.09069571321241567,0.2344578681436177,0,7
7729,63,101.8700538022467,Online,Food,DE,11.0,0.3369163992799989,0.363237480878316,0,7
1712,548,18.948970528227182,Online,Electronics,FR,15.0,0.20961468705488479,0.15364509899453144,0,7
6312,92,67.2374618565085,Online,Electronics,DE,8.0,0.3780203217101212,0.19217170979657033,0,7
9308,946,140.6453215005413,Online,Food,DE,8.0,0.3134072979533016,0.7543214469990119,0,7
8579,697,51.21030458827048,POS,Grocery,US,16.0,0.41819928135852297,0.1058690000525862,0,7
9491,567,19.312377798577998,QR,Electronics,DE,20.0,0.4353402076454972,0.30186720096497544,0,7
4665,43,194.95779115590784,POS,Food,UK,7.0,0.19921806675569237,0.35665012537923335,0,7
9084,580,114.6283326088256,QR,Grocery,FR,16.0,0.15553916060611778,0.4373135687532656,0,7
545,188,550.0279279850757,ATM,Electronics,US,11.0,0.06594561224317134,0.18005846016738675,0,7
3739,720,40.18919643892601,Online,Travel,FR,17.0,0.123157482539308,0.3449027236007083,0,7
4317,566,327.48044737592875,QR,Travel,DE,13.0,0.18768882818011795,0.09568052426985554,1,7
6884,973,126.14740459791548,ATM,Travel,DE,22.0,0.19334825787485935,0.22510973946905677,0,7
2730,904,407.715835947562,QR,Travel,DE,18.0,0.10730976506978776,0.13972504331419272,0,7
4753,891,84.31569030872629,QR,Grocery,DE,20.0,0.2849654739414513,0.28971990615710463,0,7
988,567,189.92068739003184,QR,Electronics,UK,16.0,0.08333818494048287,0.5373844490279871,0,7
1118,113,451.22180591904225,POS,Travel,DE,4.0,0.09068598433104341,0.49441287154854463,0,7
8302,527,0.0,Online,Food,UK,17.0,0.4393493503888998,0.12600290175705076,0,7
8406,113,254.0518138060827,QR,Food,US,15.0,0.10919711457263684,0.1366904753057456,0,7
3607,621,91.05403567169027,Online,Food,US,2.0,0.18145686759022503,0.7221434151872692,0,7
4661,774,210.60867932552628,ATM,Grocery,US,21.0,0.14919810025025504,0.20584370320428352,0,7
7303,208,492.0905771446083,QR,Electronics,DE,21.0,1.0,0.1714026047035229,0,7
9458,117,292.64989379839636,ATM,Electronics,UK,7.0,0.6641908269264463,0.0928109451624688,0,7
9097,387,28.971853003521773,QR,Travel,UK,20.0,0.15142091693660387,0.11095716541437547,0,7
7514,810,61.57121752484916,POS,Clothing,FR,11.0,0.32281227731451684,0.43756469182729696,0,7
958,207,40.838691655758026,QR,Grocery,FR,16.0,0.4504553014151853,0.2881465303160528,0,7
1815,690,132.01111134496455,QR,Clothing,TR,4.0,0.21788708163464285,0.29395141981816425,0,7
9965,898,163.0891823623197,QR,Electronics,UK,21.0,0.09471612131535212,0.18417443776596595,0,7
9534,599,7.996666529791111,POS,Grocery,DE,15.0,0.133260718284225,0.15935966488159414,0,7
28,387,152.55153734354147,Online,Travel,FR,19.0,0.1785480303236904,0.1899184030472365,0,7
3341,758,55.72269564104777,QR,Travel,DE,16.0,0.08102021848605422,0.2331994759320109,0,7
4060,681,46.23471022630516,QR,Travel,TR,12.0,0.16963936460388085,0.07621709136911535,0,7
3171,255,36.60938681124626,ATM,Grocery,TR,9.0,0.16852663600491424,0.0849752529615853,0,7
6377,307,0.0,QR,Grocery,TR,15.0,0.07952888017252911,0.06780179059335487,0,7
328,34,0.0,Online,Electronics,FR,3.0,0.21141148517069072,0.26143744056475826,0,7
4736,786,139.8685456700352,POS,Electronics,UK,7.0,0.1617209113504284,0.29368048296659144,0,7
6442,427,301.40853690049255,POS,Food,US,19.0,0.12056304944300916,0.09725816471936449,0,7
4996,873,49.03874909768692,Online,Grocery,FR,17.0,0.2587754997687752,0.13802806367352488,0,7
9042,452,146.78870207977545,QR,Grocery,FR,11.0,0.17437583984711325,0.21156066017182457,0,7
3209,681,110.29683616504529,QR,Electronics,UK,15.0,0.1585858171703402,0.41374945849204336,0,7
6489,479,62.70873449103035,QR,Electronics,US,12.0,0.1927788994842681,0.19127619758033076,0,7
2656,554,139.31278466904905,QR,Electronics,UK,12.0,0.5993336117888167,0.4595165100187911,1,7
8476,581,47.48526489504601,POS,Clothing,FR,22.0,0.09159324140186768,0.05816834293035514,0,7
5615,451,2.057628052667127,ATM,Food,DE,22.0,0.38588882530464186,0.7419037944780781,1,7
8276,507,864.0359016667213,ATM,Food,TR,6.0,0.13040566828913688,0.42897064545535474,0,7
4001,37,169.30684393707068,ATM,Grocery,US,16.0,0.19504778724463984,0.2645827681154273,0,7
5413,537,165.19657357772317,ATM,Electronics,US,14.0,0.555847425349423,0.24933330653867158,0,7
5940,33,170.77047423773428,QR,Electronics,DE,12.0,0.6432098911614064,0.142707901593335,0,7
4327,983,396.20517779832744,Online,Grocery,TR,13.0,0.37004100912434873,0.4527043442085172,0,7
3371,605,57.12547170088434,Online,Food,FR,23.0,0.21447140969442613,0.5234245362453523,0,7
5839,711,19.17218433300601,QR,Electronics,FR,8.0,0.2621063337937077,0.08402739572916626,0,7
3458,438,0.0,ATM,Grocery,UK,5.0,0.548833805435088,0.348621243692077,0,7
6146,946,0.0,POS,Grocery,US,12.0,0.20863061071227185,0.19660973017842975,0,7
1918,258,97.26152834671915,POS,Travel,FR,22.0,0.10588058871660702,0.30388196440377163,0,7
2392,535,75.48031504207493,Online,Travel,US,14.0,0.5652487001842753,0.23270606238980018,0,7
4289,374,6.123714951148661,ATM,Travel,TR,7.0,0.4079144697036555,0.32348466888733124,0,7
6945,904,12.860726223754991,POS,Grocery,FR,11.0,0.40114629255075207,0.42167416880659686,0,7
5730,544,573.0796637146447,Online,Grocery,FR,13.0,0.18005884010787032,0.4910649335012105,0,7
7858,640,151.6987604542827,Online,Grocery,DE,21.0,0.31660285243561015,0.22476052689515297,0,7
3972,48,94.69076345114644,QR,Grocery,FR,23.0,0.15746901764722268,0.14182742111482755,0,7
7129,487,169.6874829844036,QR,Travel,FR,16.0,0.6699565341158144,0.15755893170524146,0,7
6653,663,323.41918107379877,ATM,Food,DE,21.0,0.22542430524522786,0.2860161844967941,0,7
527,870,34.490995250702895,ATM,Food,US,18.0,0.3777323664770975,0.08840706439712556,0,7
533,976,167.60050532141818,POS,Food,TR,6.0,0.27889978142439387,0.0782263167977882,0,7
9897,613,493.03481565355867,ATM,Travel,UK,20.0,0.39890928640189416,0.3357399005798507,0,7
8045,584,520.5477153455627,QR,Travel,DE,18.0,0.5683120757987603,0.17702515557273735,0,7
9239,909,158.49651818398695,POS,Clothing,DE,17.0,0.47971520224362824,0.4764346872039038,0,7
3959,703,132.51102242589224,QR,Electronics,DE,23.0,0.2675515541503182,0.22014704144468947,0,7
7433,197,570.3317890892904,POS,Food,US,21.0,0.17254658311730262,0.3048009561132764,0,7
9183,520,228.54249862657693,POS,Clothing,US,22.0,0.11919620743896106,0.08799187037981981,0,7
6531,893,386.89160430685,ATM,Clothing,FR,7.0,0.5182243925200187,0.24650513768944854,0,7
1987,148,313.9550615448924,QR,Electronics,UK,14.0,0.11068502681896085,0.08373911352075002,0,7
4637,869,104.59280498943916,POS,Food,US,16.0,0.1175730777475665,0.342308411235196,0,7
8861,790,159.58121239453922,QR,Food,TR,13.0,0.08240725262603939,0.0658092828696229,0,7
7083,996,468.1841047754432,Online,Food,UK,3.0,0.5559487580209626,0.46354660599233977,0,7
6828,158,77.74859519428709,ATM,Electronics,FR,17.0,0.3795201886161932,0.2453654507202808,0,7
461,742,29.518651020551324,Online,Travel,UK,19.0,0.07617549925341328,0.15122440406335502,0,7
2831,216,181.74727512716458,POS,Clothing,TR,10.0,0.14275094892287582,0.17797453771112748,0,7
1890,329,8.612122158285995,ATM,Grocery,US,15.0,0.070388530532915,0.1779990563668656,0,7
4560,353,83.03159551997801,ATM,Food,UK,16.0,0.34149526530172186,0.1049186809630675,0,7
4636,110,217.98594850262748,POS,Food,FR,9.0,0.1512666602137941,0.16987365536739046,0,7
8151,42,275.68687580115807,ATM,Grocery,FR,16.0,0.23233138130854786,0.30861217090523463,0,7
1726,614,283.72357997444595,Online,Grocery,FR,20.0,0.2693913508725053,0.3186960436301346,0,7
2124,686,33.58097574813117,ATM,Clothing,DE,21.0,0.1535685396716036,0.3493290392747584,0,7
4108,258,140.83228825377532,Online,Clothing,UK,20.0,0.10501197037595407,0.35598209466058606,0,7
9239,575,7.62059630196431,ATM,Travel,US,23.0,0.2031095743402523,0.3552533275245648,0,7
5577,962,136.88359082684067,ATM,Travel,UK,5.0,0.22734830568343795,0.2600297679914138,0,7
5438,991,209.40162159197646,ATM,Clothing,FR,17.0,0.3311148657968016,0.3433396415169923,0,7
1602,768,212.3787032670748,QR,Electronics,TR,22.0,0.3422924034889696,0.6639167514184416,0,7
7355,746,35.97456784609265,Online,Electronics,DE,14.0,0.3629117500945096,0.21087641936401258,0,7
7767,28,310.87314202590704,POS,Clothing,US,3.0,0.09263439068288118,0.0753256119579572,0,7
4786,752,80.98989538331128,QR,Travel,TR,21.0,0.3697376999545863,0.13140500955325868,0,7
2152,738,281.62321320698106,POS,Clothing,US,14.0,0.1293470926347881,0.17788385270359416,0,7
7478,631,486.0524899306557,POS,Electronics,UK,10.0,0.08648431716672082,0.10568037877084985,0,7
4790,201,476.1975140214877,POS,Electronics,FR,22.0,0.18209717506694156,0.17362749975551062,0,7
4277,395,0.0,QR,Grocery,FR,15.0,0.0593871977012633,0.06141906444134955,0,7
2444,328,454.95739642084555,ATM,Travel,US,7.0,0.11732948273908649,0.11853870403353388,0,7
5,701,14.656283940497524,POS,Travel,US,9.0,0.13270834577787843,0.27038893340148173,0,7
3829,418,12.950464039878376,QR,Food,DE,17.0,0.11921354775814558,0.10993396316750523,0,7
258,458,136.15822635303505,POS,Electronics,DE,18.0,0.25974206249046267,0.6010201342867867,0,7
8864,420,429.3342415163051,ATM,Clothing,TR,17.0,0.11933382677657847,0.15722546850879102,0,7
7941,421,201.74524167819845,ATM,Electronics,TR,4.0,0.2793897187694953,0.22464258033197929,0,7
1044,241,59.953930564110465,QR,Electronics,TR,21.0,0.08840022113537147,0.2389586781380445,0,7
4542,37,192.3763346140236,Online,Electronics,TR,20.0,0.37100375061171365,0.16639026358681455,0,7
7019,163,70.54619700617623,Online,Food,TR,8.0,0.07821593816150196,0.07279738252405868,0,7
9083,760,466.7566118470428,ATM,Travel,UK,11.0,0.3327118186816943,0.6150108957021719,0,7
8862,128,80.44158469408102,ATM,Electronics,FR,11.0,0.34990313572353127,0.13911373224828633,0,7
719,876,324.3636728362977,POS,Grocery,TR,18.0,0.1549212647418062,0.11183386147195207,0,7
7045,432,285.6009785836459,QR,Food,FR,19.0,0.23709474950155657,0.23560827593471656,0,7
4309,877,491.97556038200213,QR,Grocery,FR,15.0,0.1412084474020314,0.14869723328955348,0,7
54,546,146.63357941607433,Online,Food,FR,18.0,0.4778937463016544,0.3073376576030155,0,7
7836,516,478.28763522023127,QR,Grocery,TR,5.0,0.4437629732344826,0.25693080916877137,1,7
8703,814,7.83296122494276,Online,Electronics,UK,23.0,0.16002201668516158,0.18368059936001876,0,7
9549,19,464.56632792369084,POS,Travel,FR,13.0,0.18343401557145878,0.07373268416525738,0,7
8277,87,88.10252138442698,QR,Food,FR,17.0,0.3313351764025692,0.1678424191352304,0,7
834,24,25.606493862246793,ATM,Travel,US,12.0,0.0736588810305431,0.12931214294342475,0,7
4771,284,6.326054519900429,ATM,Food,UK,18.0,0.09450156046473215,0.23425946302682826,0,7
4673,170,161.54319036332356,QR,Electronics,US,8.0,0.3510671464892109,0.26366324257519524,0,7
9364,743,198.4185592525345,ATM,Clothing,FR,21.0,0.18003564627607888,0.14318852619962036,0,7
6892,904,168.96357625856444,POS,Grocery,TR,13.0,0.2440057206706136,0.6827999000553049,1,7
6519,540,177.28587258023404,Online,Clothing,US,9.0,0.08769993119835295,0.2113480196706565,0,7
7467,556,114.45397558525818,QR,Grocery,TR,15.0,0.1210968034162811,0.24388165789931066,0,7
5056,190,252.54293235917453,QR,Clothing,FR,16.0,0.1135354316178915,0.14150150740641257,0,7
431,59,397.5529148034329,ATM,Grocery,FR,15.0,0.2262131247400971,0.6341702662401333,0,7
7374,199,8.25511273771378,Online,Grocery,US,20.0,0.06349319866979725,0.1906862697001919,0,7
2086,608,254.9930989476992,ATM,Travel,FR,20.0,0.27724650727076117,0.20963101299206377,0,7
3978,344,504.4171401449424,Online,Clothing,DE,13.0,0.18948437486106814,0.4546784352279345,0,7
6974,876,0.0,ATM,Electronics,TR,16.0,0.07379730187385604,0.2088653144376413,1,7
8427,312,76.77245741796447,Online,Electronics,FR,17.0,0.09863027238386912,0.12760003179591758,0,7
7570,699,23.4182254134909,POS,Electronics,FR,10.0,0.13999008620386355,0.33887301908022627,0,7
8355,105,77.05429309631853,POS,Clothing,DE,20.0,0.06551447994083509,0.10254182406900472,0,7
1573,903,18.850038155724295,QR,Food,TR,11.0,0.1483550832024445,0.07644480406023088,0,7
6329,361,209.69780410133362,ATM,Grocery,TR,10.0,0.16942052494017018,0.12591708326549267,0,7
5388,123,43.32802159207705,QR,Grocery,UK,21.0,0.14679002272511815,0.1067899770238476,0,7
5089,779,155.53895381598176,POS,Travel,TR,16.0,0.24392264798700278,0.17633747664580157,0,7
8597,475,87.29964740173978,ATM,Electronics,FR,12.0,0.43058950511229277,0.37968186117893327,0,7
5853,962,93.73933433862034,QR,Travel,FR,19.0,0.2437217058482674,0.4240815172952437,0,7
1737,86,233.63726744470995,Online,Travel,US,17.0,0.3694617132236492,0.5085201773181822,1,7
1181,218,9.057582009448897,POS,Electronics,UK,23.0,0.22984249081049488,0.07037947070395342,0,7
8928,228,290.69536772414614,QR,Food,FR,9.0,0.2949315165474032,0.42744195492916337,0,7
6397,440,431.62974707445863,QR,Electronics,DE,19.0,0.31444954798199665,0.12386442304235701,0,7
6536,273,431.227928712595,ATM,Travel,UK,23.0,0.4373031897873948,0.9710766529704883,0,7
4249,103,14.819335586523238,POS,Clothing,UK,9.0,0.06716746295543288,0.07475655598829972,0,7
732,48,477.13330118819374,QR,Electronics,FR,22.0,0.1377260832930729,0.3251458673502873,0,7
9251,855,166.5210553786566,Online,Grocery,DE,11.0,0.33707081527856764,0.5078512484403188,0,7
9784,355,71.05434997844873,QR,Travel,TR,17.0,0.27744234674690293,0.13656826393561144,0,7
7149,588,64.99890559658496,QR,Electronics,DE,8.0,0.4357281300938325,0.2670685109344621,0,7
9831,503,437.11170025283,QR,Travel,UK,19.0,0.16760768467069342,0.13871734055756563,0,7
8976,389,0.07975374366679588,QR,Clothing,DE,23.0,0.11776595104559434,0.07607231909233486,0,7
6779,774,97.75960403960538,Online,Grocery,TR,12.0,0.08952478750266196,0.19067421803426848,0,7
4725,744,53.61051655022719,Online,Grocery,US,20.0,0.14292848467913305,0.13929278794776256,0,7
2705,556,56.90721697239644,Online,Clothing,UK,19.0,0.2649577319968294,0.07705469231498602,0,7
1154,450,6.655119513250207,ATM,Electronics,TR,23.0,0.07419218621549831,0.16641836138433286,0,7
7572,529,128.67558041168672,QR,Travel,TR,14.0,0.27354025962121753,0.24196311145384522,0,7
6867,236,34.39114143062271,POS,Food,US,7.0,0.29770351934360717,0.5466556890362605,0,7
9625,82,75.11710985219067,QR,Electronics,UK,15.0,0.18906368812323773,0.08216276903400413,0,7
6715,146,44.1268287461215,ATM,Travel,FR,7.0,0.27234920026722337,0.20296064908605316,0,7
7232,774,59.67105786339998,ATM,Grocery,DE,13.0,0.1423462533620209,0.13852768660757026,0,7
5795,786,360.24640716911364,Online,Grocery,US,19.0,0.20454280555391063,0.24186904689916974,0,7
1568,907,9.497791102316334,POS,Electronics,TR,18.0,0.12582810858530108,0.06230823816371211,0,7
1426,370,265.01731855696585,Online,Food,TR,16.0,0.23957558141142624,0.32296952820658376,0,7
9008,988,257.3166101206276,POS,Food,TR,22.0,0.3587601990532945,0.1444737079271061,0,7
8861,807,554.5455799748499,QR,Clothing,US,18.0,0.14885949649256905,0.1387434748940666,0,7
4166,557,155.18296662941356,POS,Travel,UK,1.0,0.27865209125641677,0.17374954097046894,0,7
3017,904,221.00300465806686,ATM,Electronics,UK,20.0,0.17822244520847952,0.6491088487462253,0,7
3436,860,225.11806638659644,ATM,Travel,TR,21.0,0.06980807559578266,0.27378364751822404,0,7
151,22,2.894835680236159,Online,Clothing,TR,16.0,0.09097929684615835,0.08358843264917828,0,7
4615,488,36.27685811831433,POS,Food,FR,4.0,0.0862557042046076,0.1166917738571702,0,7
6493,74,7.30791593444654,QR,Travel,TR,23.0,0.09965175688011413,0.10444134686985401,0,7
3814,14,872.8144412903158,Online,Food,US,16.0,0.28086807573682193,0.41143648775221264,1,7
3507,56,2.0988213874798407,POS,Grocery,US,8.0,0.19851465993752726,0.15095114423023948,0,7
7270,160,198.18649377263193,Online,Food,US,19.0,0.2762183063191646,0.19850219331739682,0,7
4400,536,114.26870854858744,Online,Electronics,DE,23.0,0.29606499706685846,0.0661942590933764,0,7
9995,965,38.31331156454399,Online,Electronics,TR,21.0,0.3584418300992795,0.1483804605345245,0,7
9429,174,75.33133573213507,Online,Electronics,FR,17.0,0.2314786638292117,0.11439867783075454,0,7
2503,758,258.41578014758574,Online,Travel,US,16.0,0.22741148590895693,0.07626559402308829,0,7
8155,213,385.94649206884156,ATM,Clothing,DE,9.0,0.1832462698241435,0.4644814238504387,0,7
7803,538,7.502180730824575,Online,Clothing,US,11.0,0.10534748994497686,0.29918857167590646,0,7
9615,180,137.98382749301445,POS,Clothing,TR,20.0,0.14921463289577608,0.4847381050837771,0,7
9466,775,148.0474818027359,POS,Travel,DE,21.0,0.7758829882333207,0.30779331491225836,0,7
4388,557,72.59007374736571,Online,Food,UK,18.0,0.11471953765085409,0.08701989758106196,0,7
5264,628,6.822317901135026,Online,Travel,US,21.0,0.12405315715609316,0.1583345735378687,0,7
5142,427,79.91500419733225,Online,Clothing,DE,22.0,0.11658710884676768,0.24043012971357003,0,7
4709,498,21.094311208159503,QR,Grocery,FR,7.0,0.3336048493452733,0.09716177835043122,0,7
8300,333,88.53701803817468,ATM,Travel,DE,22.0,0.11904873965150842,0.3147883376817195,0,7
4435,959,403.0919384869564,Online,Electronics,FR,22.0,0.4468888688365701,0.2265206860658545,0,7
7774,19,59.374203038185485,QR,Food,TR,19.0,0.4014109967093308,0.2594789618333739,0,7
4230,92,30.031407288820162,ATM,Clothing,UK,18.0,0.10558965282372944,0.1266431387298653,0,7
9812,529,155.58834937028692,Online,Electronics,FR,12.0,0.16290298025307698,0.2873537955992163,1,7
2477,825,5.3156014221227625,Online,Food,FR,15.0,0.262743541086219,0.16695610436873878,0,7
2270,281,642.8673884958753,ATM,Travel,DE,18.0,0.157704459078179,0.5576395427295872,0,7
1142,165,48.93194596543783,ATM,Food,DE,8.0,0.8857766842059815,0.4157728347238997,0,7
1379,179,18.638425924284277,Online,Electronics,DE,22.0,0.19598363193508672,0.11238803376812079,0,7
2819,566,42.80304760872044,Online,Electronics,DE,18.0,0.48659403525729883,0.08408903647265335,0,7
7255,420,193.89347411567448,POS,Food,FR,21.0,0.14040709643896432,0.8837292618284239,0,7
7458,568,134.55579817267835,POS,Clothing,US,17.0,0.8623604916400605,0.5042680483761814,0,7
2343,258,264.96275044964636,ATM,Food,DE,21.0,0.9143711259966227,0.750464179097879,0,7
9583,129,41.713819524114754,ATM,Electronics,FR,13.0,0.12484328060919798,0.09101716254983827,0,7
8417,533,20.39875499912453,Online,Grocery,US,8.0,0.10015426388998477,0.15024470658365452,0,7
5933,943,56.538773879188575,Online,Food,US,9.0,0.0962052305434699,0.10314663210876218,0,7
6203,555,0.0,POS,Food,US,17.0,0.38921096980202075,0.2688573429250611,0,7
4521,503,6.65173066403984,ATM,Clothing,DE,18.0,0.11133029870451126,0.07750492841171841,0,7
2960,230,29.557004406911382,ATM,Grocery,US,17.0,0.12427030666404962,0.1477518580317022,0,7
8388,856,171.82041582246575,Online,Clothing,DE,10.0,0.40471256519364124,0.13562489375315376,1,7
8693,245,222.47671809634562,ATM,Travel,DE,6.0,0.22084900440793043,0.09359792863611549,0,7
8985,156,174.52000831671893,Online,Clothing,TR,15.0,0.4962246076624556,0.4378727993466257,0,7
5856,698,221.4696306756995,QR,Food,UK,10.0,0.2350005956619446,0.12306277692655915,0,7
2144,425,72.6850712209492,Online,Grocery,TR,16.0,0.13000406181183177,0.3440750181795941,1,7
2137,604,44.169942864146485,POS,Travel,TR,17.0,0.12300204189789905,0.34486146829801195,0,7
7389,707,326.46528853080946,POS,Grocery,FR,15.0,0.4884200707605168,0.2823524327693504,1,7
8020,602,63.247151031994576,QR,Travel,UK,13.0,0.08269323717441827,0.2242965609193784,0,7
3336,298,57.00657558744347,POS,Travel,DE,7.0,0.10744893878021308,0.41786622167712,0,7
8012,690,225.52141258192324,QR,Electronics,FR,20.0,0.31206418978249434,0.4596451741215815,0,7
7169,428,9.90961139775121,ATM,Grocery,FR,20.0,0.6702108709863845,0.2844212661372601,1,7
9112,708,12.075635308896475,POS,Food,FR,17.0,0.13329805900759192,0.1915794306638864,0,7
2488,673,733.7377004122957,ATM,Travel,US,19.0,0.30475629996525044,0.37802961764791854,0,7
4651,864,1.4383141818057048,QR,Grocery,DE,16.0,0.08167035005512419,0.19834346764012412,0,7
6500,197,29.35720179818921,POS,Clothing,DE,9.0,0.23927586277668028,0.503344133953688,0,7
4043,282,36.873766800318776,ATM,Electronics,TR,9.0,0.1217661729758478,0.4451696978778587,0,7
820,383,618.4009001025213,ATM,Clothing,DE,10.0,0.15073290667534034,0.19769917189470632,0,7
5692,922,272.5654250928631,POS,Travel,UK,13.0,0.44105413648817354,0.21879966436946788,1,7
3097,262,117.17225529113273,ATM,Grocery,FR,20.0,0.08762325970495313,0.3795716460072676,0,7
2058,361,248.66979311871197,ATM,Clothing,FR,23.0,0.09866919893644938,0.2515670364524983,0,7
2164,632,14.950517484362727,Online,Grocery,FR,23.0,0.09580384584983537,0.17090265732872892,0,7
2723,64,258.44052979241405,Online,Electronics,TR,8.0,0.2245060637467877,0.2879231866228523,0,7
4231,537,180.39528274111584,POS,Electronics,TR,4.0,0.19020956243328085,0.21117777633775695,0,7
733,211,9.643296982023,ATM,Grocery,DE,8.0,0.13519099830407844,0.18801083879956063,0,7
8717,788,276.041508430289,QR,Electronics,FR,6.0,0.2519778085073674,0.11898752148660804,0,7
5443,854,0.38550536292852833,POS,Grocery,UK,7.0,0.09557668332733207,0.1070702474016759,0,7
5019,182,303.85621977593996,QR,Travel,DE,8.0,0.23120668296756974,0.2062500150937263,0,7
5393,449,49.16576598991203,Online,Clothing,US,16.0,0.152187462345645,0.1634810931171285,0,7
8523,163,418.70949165807906,POS,Travel,US,19.0,0.14504435168597318,0.30290509231190876,0,7
7572,629,592.5685304840898,Online,Clothing,US,18.0,0.3144392946538803,0.6482414859557496,1,7
7143,208,6.890895580703864,ATM,Food,US,16.0,0.1998105849540208,0.23211123336828027,0,7
2413,183,30.262852442995385,Online,Clothing,DE,7.0,0.09214096066028601,0.3016820451615493,0,7
6597,812,1.4082324183050088,Online,Travel,US,21.0,0.13483438018541538,0.10042366663110847,0,7
1241,354,345.15110888291815,Online,Food,FR,8.0,0.1622352934574021,0.3655452424087292,0,7
6620,358,47.7766927898022,Online,Clothing,US,20.0,0.3906860120239525,0.3062542561701108,0,7
270,633,29.08159752363465,Online,Clothing,DE,9.0,0.0671064701964211,0.0946035084072977,0,7
472,655,340.43494100323494,POS,Travel,DE,21.0,0.2819464417297212,0.24110442295384152,0,7
4800,497,352.1565219231977,ATM,Travel,DE,11.0,0.8040491058748729,0.12058173343521705,0,7
2884,58,349.6208034371471,POS,Travel,FR,9.0,0.15756408284474324,0.09487874870741783,0,7
6154,796,24.37776720811936,Online,Food,DE,17.0,0.13554558665807065,0.16453648380360847,0,7
4726,551,144.36236163412306,QR,Food,US,7.0,0.7643981063010009,0.272628108287848,0,7
381,121,861.2206409587372,POS,Grocery,UK,8.0,0.18256669064106318,0.17128260892437872,0,7
480,973,89.77025882613161,POS,Clothing,US,13.0,0.17048749437925442,0.10521499742998401,0,7
1491,599,128.22780887607524,ATM,Travel,FR,11.0,0.2715528217696596,0.3179170078603098,0,7
242,767,95.19847988938967,QR,Grocery,UK,5.0,0.2505236816953447,0.3172289420760636,0,7
8268,273,25.268333511963668,ATM,Food,UK,18.0,0.0662885237516466,0.2961659309528917,0,7
3891,356,34.570828698712226,POS,Food,TR,22.0,0.09889798972807354,0.08962980896347009,1,7
6320,444,303.88338531277446,ATM,Electronics,DE,20.0,0.18526379885765393,0.26171734008275926,0,7
7648,9,552.1205493055896,Online,Travel,DE,17.0,0.494268267867136,0.13049759775478886,0,7
3181,947,98.58770635319732,QR,Travel,FR,17.0,0.21039100253992585,0.16111390041666668,0,7
7979,6,131.70838208114944,ATM,Travel,UK,19.0,0.26979415977044885,0.37355022591349213,0,7
8251,160,5.171634842451404,ATM,Clothing,DE,17.0,0.10559269410597903,0.06844314143135083,0,7
9829,352,372.171727706839,Online,Electronics,US,13.0,0.13989229641764558,0.20611252123498344,0,7
2974,867,60.60479400966924,POS,Travel,FR,22.0,0.1205518193059682,0.06606739973285025,0,7
4998,676,207.2842225589371,QR,Grocery,TR,11.0,0.245146244580077,0.24315653454614405,0,7
841,254,52.116655362192105,ATM,Travel,DE,17.0,0.10833854618775765,0.15414722366213982,0,7
3525,534,9.545687201183425,ATM,Electronics,DE,12.0,0.10195326227528292,0.09289646377386435,0,7
452,304,35.0164012722985,Online,Food,UK,23.0,0.09228573260212794,0.13577706506543305,0,7
9736,584,134.14112607308937,QR,Travel,UK,21.0,0.3931675706881265,0.3048627588117169,0,7
3914,751,725.4330041269028,POS,Clothing,DE,17.0,1.0,0.40201293896555507,0,7
6613,85,155.98866874032765,Online,Clothing,US,22.0,0.23774911142211796,0.3684064965424821,0,7
7947,765,471.4763929716939,Online,Grocery,US,19.0,0.08029317435546056,0.20630275585984797,0,7
5480,662,32.56565451986246,POS,Electronics,FR,21.0,0.1885925936751138,0.22569994083913328,0,7
530,597,796.3218346560305,ATM,Travel,FR,4.0,0.2024152857605646,0.17984086630663929,0,7
3698,966,492.56443467429796,Online,Food,UK,21.0,0.7391508207801303,0.30038084237688056,1,7
300,565,116.47079496367833,Online,Travel,DE,11.0,0.100936564302177,0.27862876147307236,0,7
6429,310,118.22684734674485,QR,Clothing,DE,18.0,0.49617436810750404,0.2802326917506558,0,7
6406,829,654.2951608722568,Online,Electronics,US,8.0,0.7163956648536552,0.61044960240709,0,7
6818,863,74.97427427673163,ATM,Electronics,UK,2.0,0.09045763832393983,0.059279321362722515,0,7
3705,129,646.4217889891482,POS,Clothing,DE,20.0,0.1917520005500237,0.5233452745681314,0,7
4954,790,89.81654770211955,Online,Clothing,US,17.0,0.08303704164486307,0.10524027894293414,0,7
7021,979,12.580851464003096,POS,Travel,UK,20.0,0.058343048914057435,0.19840816071264797,0,7
3857,570,328.45301757328633,POS,Clothing,US,22.0,0.2658582416952265,0.2445238236963858,0,7
2919,666,62.86055191547064,POS,Travel,TR,11.0,0.2691809256656421,0.44893926832059583,0,7
3082,366,30.77844651069737,ATM,Grocery,DE,14.0,0.2626260256327841,0.10742896079640774,0,7
168,788,4.915601342777192,POS,Grocery,FR,18.0,0.09774880942761993,0.0792239666438191,0,7
8508,198,200.47108333038722,Online,Electronics,US,22.0,0.33067000816783176,0.2120281203248609,0,7
9069,129,16.820282423984075,POS,Clothing,UK,12.0,0.10617694099321894,0.07272079829921774,0,7
8638,618,36.04908573909703,POS,Food,DE,21.0,0.4711380228876331,0.12972563534998988,0,7
2682,627,9.254880968622484,QR,Travel,US,17.0,0.1431654682655355,0.12587449334193768,0,7
8822,115,0.0,ATM,Food,TR,11.0,0.19282218004813062,0.11654888330087826,0,7
373,296,268.5155082910297,POS,Food,UK,7.0,0.22486313566079313,0.2384463412988979,0,7
9462,960,107.57707422337153,Online,Travel,FR,21.0,0.3091052313555996,0.13166645395304796,0,7
4920,627,391.7027812447702,ATM,Grocery,TR,13.0,0.39154069455816615,0.3207386167055303,0,7
6872,982,90.76961099928296,QR,Clothing,UK,23.0,0.157465577160988,0.12973592125186784,0,7
7589,391,82.84421865884003,QR,Food,US,23.0,0.393727127725235,0.7380158450121598,0,7
5491,269,382.9626373768789,ATM,Clothing,FR,8.0,0.29535025164205203,0.5466906817470257,0,7
9577,221,120.47695810447703,ATM,Clothing,FR,22.0,0.24476104416637057,0.10430845823307663,0,7
2907,323,102.41155550944504,Online,Electronics,TR,17.0,0.05692010375039357,0.13273399735190974,0,7
6510,649,74.15087164780233,QR,Grocery,TR,13.0,0.3355545157067325,0.5203389618473422,0,7
2011,810,32.79636292140765,Online,Electronics,US,23.0,0.2435497745484394,0.13649015714401086,0,7
7266,937,185.94943065025132,ATM,Food,DE,9.0,0.16507787677589442,0.22018724481222898,0,7
7324,205,25.66815416340031,QR,Electronics,FR,22.0,0.06555388786588848,0.08006913071525129,0,7
2403,302,429.7784863681218,QR,Grocery,UK,8.0,0.14651709093041196,0.5348372893606301,0,7
3632,363,52.87239122982902,QR,Food,TR,19.0,0.10885829921028924,0.09892880290521887,0,7
6977,145,154.26884473011458,ATM,Electronics,US,1.0,0.15550776278854722,0.1423630650013391,0,7
9333,186,101.13536061692378,QR,Clothing,US,14.0,0.2220079864212735,0.16783056940021757,0,7
5204,690,51.67543939043442,POS,Travel,UK,12.0,0.36821414860306106,0.21788599266674713,0,7
2361,350,14.318542030432933,QR,Electronics,DE,13.0,0.2063166533732101,0.11718777395694677,0,7
3326,460,359.32704834045035,POS,Food,US,11.0,0.15228997245836695,0.10453275750296628,0,7
9922,46,74.68337890048053,Online,Food,DE,2.0,0.2613509887580639,0.15876448344576977,0,7
2381,618,46.793925509976,Online,Grocery,TR,19.0,0.17774120468752644,0.15166661388041192,0,7
9516,350,18.304795098180154,ATM,Grocery,US,23.0,0.16814155217976148,0.26169300096500187,0,7
6689,285,38.439745749963194,POS,Electronics,UK,10.0,0.26923767630095496,0.29269682775159,0,7
3852,382,101.38187200958527,POS,Grocery,FR,17.0,0.15517685913748724,0.2202024642803027,0,7
355,560,385.5849925961635,QR,Electronics,UK,9.0,0.3000920430644802,0.2267687553276576,0,7
3455,652,160.5448810238706,Online,Grocery,FR,19.0,0.2751234001760222,0.3848574465397399,0,7
6000,920,11.762531162636815,POS,Electronics,US,21.0,0.1549062040145291,0.4538014616563193,0,7
1682,485,274.539851437244,Online,Travel,UK,20.0,0.13241285206123005,0.629161412083366,0,7
5694,518,23.13128133823404,QR,Electronics,FR,7.0,0.11237935009353509,0.14753291907610347,0,7
3465,431,131.6423787733493,Online,Food,TR,6.0,0.1888226764188463,0.2370873992131906,0,7
8143,546,2.8813712176836033,QR,Food,US,9.0,0.1169543802002086,0.393733838072149,0,7
92,378,97.44432156278016,Online,Clothing,DE,16.0,0.08401939626425617,0.1646947693894194,0,7
1727,967,19.313879788609725,Online,Travel,UK,23.0,0.3858960602549626,0.08736328316071376,0,7
5380,874,132.06846807589235,Online,Travel,US,19.0,0.22869109862484555,0.19267718760811028,0,7
5542,504,33.06820365612484,QR,Electronics,TR,4.0,0.19961558309652777,0.18983723239778055,0,7
1766,475,8.332879185057196,ATM,Electronics,TR,19.0,0.05769846544124825,0.07803410665322041,0,7
6485,100,297.947973437909,ATM,Travel,US,23.0,0.24934636620507605,0.11518311479702076,0,7
229,490,47.55763483738221,Online,Food,TR,20.0,0.31927857736544407,0.18260534175892212,0,7
900,420,13.763669471615529,ATM,Electronics,TR,23.0,0.17143447694852684,0.18389934847792738,0,7
9250,873,765.0037666137106,POS,Food,FR,20.0,0.1582769977380405,0.18805996519168117,0,7
4664,825,93.87163510570619,QR,Clothing,TR,9.0,0.11223511443644994,0.08446757314108047,0,7
6417,128,41.02097712813929,QR,Clothing,US,22.0,0.15408987141290087,0.3570107853201102,0,7
2025,662,134.62491929155763,ATM,Travel,US,5.0,0.33358747254268006,0.18914374581225052,0,7
8369,557,339.34022366657877,Online,Clothing,FR,22.0,0.44909278994318735,1.0,0,7
9315,420,75.52545698372614,QR,Electronics,FR,23.0,0.06114046226094376,0.10596970069029421,0,7
5306,567,101.93945660290893,Online,Food,FR,10.0,0.10198968298158374,0.325346863542054,0,7
5115,337,244.0226746456033,Online,Grocery,FR,22.0,0.34988137831856275,0.1803429944346055,0,7
6942,884,0.0,QR,Electronics,FR,19.0,0.22553785888081346,0.07746319168686264,0,7
8350,309,380.8287194624205,ATM,Travel,TR,16.0,0.1644132160950141,0.37288690612741954,0,7
8455,64,41.399252090435596,POS,Travel,TR,4.0,0.06299976628433036,0.06399605710113807,0,7
7786,739,50.30271224338654,Online,Food,FR,14.0,0.07914954744356026,0.14192691939254298,0,7
5504,729,186.8349888882747,QR,Grocery,FR,10.0,0.1353622972528245,0.3297528679900879,0,7
7441,441,153.20741297271437,Online,Clothing,US,8.0,0.11547412242840802,0.20087819586783465,0,7
6866,749,34.750817496538836,QR,Food,UK,10.0,0.2842003196992682,0.4572570402057323,1,7
9180,914,0.0,QR,Grocery,TR,23.0,0.05952083090131041,0.06771862017354939,0,7
1632,564,280.8889153564213,QR,Electronics,US,22.0,0.09003893366119281,0.14339619682431884,0,7
2442,500,4.829976516610926,QR,Grocery,US,1.0,0.18205345857126867,0.1751756751205196,0,7
8605,160,64.9424151043622,Online,Grocery,US,14.0,0.06527678519694854,0.1810681935561977,0,7
3879,122,1196.2048110303251,QR,Grocery,TR,16.0,0.8539046161547729,0.4457820214959056,0,7
6497,408,246.06590866159894,Online,Clothing,US,13.0,0.10839740959274191,0.5776385292456119,0,7
1548,517,245.14855501361046,POS,Clothing,DE,8.0,0.6871787281559762,0.20953017040802568,0,7
239,74,146.34831338934586,ATM,Travel,UK,6.0,0.1797505164195621,0.4592701735547255,0,7
8744,976,75.65437556290533,QR,Clothing,UK,12.0,0.07397580962128007,0.21459719826350832,0,7
9362,232,171.17182263919915,QR,Travel,FR,20.0,0.21347171788879724,0.1503989035081651,0,7
1920,151,180.60715896752254,ATM,Grocery,US,10.0,0.10600831005614056,0.07855903150521032,0,7
5089,591,31.066534582305703,QR,Electronics,TR,2.0,0.3305078542086179,0.5140980271765596,0,7
4266,375,10.245562407293601,ATM,Food,FR,17.0,0.1220262625209691,0.12863329834483592,0,7
528,243,27.0515913332559,ATM,Clothing,DE,23.0,0.10211755295969349,0.23128103919755583,0,7
8905,24,152.23954494766625,QR,Clothing,UK,19.0,0.4480852589687166,0.40891731219774874,0,7
5244,361,1044.1603987362116,POS,Grocery,UK,4.0,0.1741569350809318,0.15997123609815195,0,7
815,768,928.77730145286,ATM,Travel,UK,20.0,0.27170572620336303,0.17099054022285154,0,7
9662,915,0.0,Online,Travel,US,23.0,0.15092827262622469,0.10038932591198102,1,7
8989,401,182.5226160116385,Online,Travel,TR,10.0,0.07936651709387729,0.15905184707841608,0,7
609,935,103.66475443407825,QR,Travel,TR,14.0,0.28494222043948186,0.2888924272950404,0,7
6501,916,1125.6448776050354,Online,Travel,DE,9.0,0.2079618650682627,0.1796241490950068,0,7
4838,55,8.68148578832855,QR,Travel,FR,20.0,0.08618734348423528,0.0767823567038599,0,7
8563,354,143.27157657797542,QR,Grocery,FR,16.0,0.2066469617914134,0.1334145200659488,0,7
886,335,7.539189976174714,ATM,Travel,TR,20.0,0.19848790629267146,0.5854200587504476,0,7
8080,880,38.34545518550391,ATM,Electronics,TR,13.0,0.1747780719344656,0.17104116906741118,0,7
6533,871,238.07929236431323,Online,Grocery,US,10.0,0.13156819593097996,0.09386636116714388,0,7
8538,166,408.520805649113,POS,Electronics,FR,20.0,0.21100667642035295,0.10216098657767844,0,7
1110,281,13.932324638486072,POS,Food,UK,19.0,0.22224376013347893,0.8359840024240623,1,7
426,716,4.879952306992246,Online,Travel,TR,18.0,0.1480099894373865,0.08735901697992396,0,7
7435,157,12.45308475219997,POS,Grocery,DE,16.0,0.1695742571803848,0.14241295010170038,0,7
3073,761,160.71733185787352,QR,Electronics,TR,12.0,0.07406011581116287,0.26369634124700364,0,7
7247,559,67.04953154317877,POS,Electronics,TR,20.0,0.10325713669839118,0.5854443170252268,0,7
251,793,63.72493762725204,ATM,Grocery,FR,9.0,0.169213084096886,0.41234732756060455,0,7
7667,282,45.470104313202526,Online,Travel,UK,20.0,0.23112699240363815,0.4849301322529853,0,7
5568,282,352.7766939414123,Online,Electronics,DE,21.0,0.17593671232285554,0.19220230235252012,0,7
3146,799,213.96853197690479,POS,Food,UK,18.0,0.4950328276599225,0.69343887699059,1,7
3484,312,126.04349459615176,Online,Clothing,UK,18.0,0.11107693334575434,0.12453868633430268,0,7
2415,395,148.59601456341852,Online,Clothing,TR,16.0,0.42772200925043685,0.15271926480136666,0,7
710,869,169.46596314518837,POS,Food,TR,1.0,0.24722458940590047,0.1872109781968171,0,7
8828,525,149.08653492875862,QR,Electronics,NG,8.0,0.8258867637628046,0.2635440653621877,0,7
2368,446,13.552382446239989,ATM,Grocery,UK,15.0,0.16494319351753514,0.05629602382139094,0,7
2876,12,368.79936977024363,POS,Clothing,TR,13.0,0.26432450487755027,0.4101080252347092,0,7
1075,27,428.1269945524598,ATM,Grocery,DE,10.0,0.1322034596141632,0.27819182245421287,0,7
415,11,410.1889856472657,ATM,Food,DE,3.0,0.5839837753436332,0.6114902367560734,0,7
7213,918,31.268023500105752,ATM,Travel,UK,20.0,0.26317904064171693,0.24740965351440514,0,7
8420,334,526.9495872984868,QR,Travel,TR,9.0,0.25265709412654747,0.18019885551889941,0,7
390,263,15.368456661101918,Online,Grocery,UK,19.0,0.11778248190523566,0.1804645039963477,0,7
9828,182,555.7327658214873,ATM,Travel,US,3.0,0.4028035951032529,0.11645184148160098,0,7
7040,87,4.773132402614242,QR,Food,FR,22.0,0.13978160604922987,0.15053666313994601,0,7
1888,781,44.40859732392212,ATM,Grocery,US,19.0,0.46974552678158243,0.39023850710120805,0,7
4538,71,10.277620018567209,QR,Travel,FR,23.0,0.13143565926848105,0.34552391294982604,0,7
427,272,7.705733753920879,ATM,Food,FR,21.0,0.5004028585191816,0.455880242182361,0,7
8138,425,108.01505466314791,Online,Clothing,DE,8.0,0.08918102827603515,0.1968303182628789,0,7
5560,462,0.0,ATM,Clothing,US,5.0,0.12746038988082276,0.11384558184504606,0,7
8006,593,75.40328154419582,Online,Grocery,UK,3.0,0.23721720378401112,0.5974395786177803,0,7
3123,396,171.31259447787141,ATM,Grocery,US,12.0,0.14124957600517185,0.26316675807320794,0,7
2578,818,994.2575967849929,POS,Travel,FR,16.0,0.36465281118121085,0.6287358844164772,0,7
8949,720,618.4949069041563,Online,Electronics,UK,22.0,0.2625931174316092,0.5448824904368134,1,7
1669,266,47.75662343216068,POS,Grocery,FR,9.0,0.10949378268164298,0.2249043630428621,0,7
3330,495,15.155942528245848,ATM,Food,TR,9.0,0.07796607477132558,0.16213282787180536,0,7
5325,334,342.49819987853164,ATM,Grocery,FR,5.0,0.25184163479236377,0.21367107140581906,0,7
1192,837,10.694311601392585,Online,Grocery,DE,10.0,0.145850759514851,0.39327698494813196,0,7
8041,949,43.326261375730425,Online,Travel,TR,13.0,0.10042453504779214,0.12136522806953177,0,7
5539,373,68.91592265098674,QR,Clothing,US,11.0,0.2536126326332082,0.2753664212840238,0,7
7405,236,53.88235237034991,Online,Clothing,TR,21.0,0.1313767652230277,0.28968691378075856,0,7
1800,440,269.2343103055029,ATM,Grocery,US,23.0,0.18290110981150187,0.11633941092873709,0,7
7961,373,229.78567341266637,Online,Clothing,US,11.0,0.14457426880981034,0.07443867485903978,0,7
7545,757,438.23966621034566,Online,Grocery,TR,23.0,0.19552283728288966,0.3401637637380922,0,7
2719,55,139.5030708795672,QR,Clothing,DE,16.0,0.29834624870194815,0.27789294423012023,0,7
6467,319,9.339678213796603,QR,Electronics,DE,10.0,0.35865236916392035,0.5571156815331473,0,7
464,811,279.7049062622551,POS,Travel,UK,10.0,0.30238836389154194,0.5969235998087533,0,7
8994,181,25.23320227477445,POS,Food,FR,21.0,0.17732273039453209,0.2620631920402411,1,7
9626,208,0.0,Online,Grocery,TR,15.0,0.11357739562409014,0.21735101982355642,0,7
8461,109,120.28701226833873,Online,Electronics,UK,21.0,0.1425148660665605,0.1956644795852984,0,7
6144,264,92.51239795739384,ATM,Electronics,US,17.0,0.25110504618227003,0.13398895186435134,0,7
784,294,0.0036510201581880786,ATM,Food,US,19.0,0.12117557954246033,0.13990146766221428,0,7
2515,797,392.932686684667,ATM,Food,UK,13.0,0.254475656112984,0.2426236177034018,0,7
5384,41,18.83226307507348,ATM,Food,US,17.0,0.10664503151469734,0.1609783894381986,0,7
3277,934,104.87165001303538,POS,Travel,TR,17.0,0.15528139212709582,0.2009227843896564,0,7
8536,791,32.11197612874256,Online,Grocery,FR,21.0,0.14174392904540856,0.3277922157645631,0,7
2164,646,152.56213256831896,Online,Grocery,FR,22.0,0.3226815480473746,0.14718469100458856,0,7
7521,408,716.8561332520949,POS,Clothing,TR,17.0,0.27630535654062194,0.3585003222156407,0,7
7251,984,255.1645847739744,Online,Electronics,FR,16.0,0.6624947634446348,0.2805558710229936,0,7
2029,31,42.05565317431376,POS,Clothing,TR,18.0,0.20627584751263095,0.13482126043341502,0,7
5647,760,31.18612372501162,POS,Clothing,DE,16.0,0.154626147311673,0.08249555037178716,0,7
5436,887,17.512249151082425,ATM,Grocery,TR,5.0,0.09567029672429014,0.35330295539792783,0,7
356,44,48.994428515546275,QR,Clothing,DE,7.0,0.18499780691372195,0.12703108769905974,0,7
5926,264,24.65108314271083,POS,Travel,FR,16.0,0.39402010331537773,0.20153324993702793,0,7
5339,482,191.2285606805957,QR,Travel,UK,15.0,0.08781063986468221,0.23327634043722253,0,7
1731,235,14.99334491811107,POS,Grocery,FR,22.0,0.0907906595329046,0.28823988067108375,0,7
8928,501,17.68100363040105,ATM,Grocery,US,21.0,0.1758659708453707,0.17309325181134477,0,7
4452,157,38.299716441195955,POS,Electronics,FR,19.0,0.12955242542230483,0.08203362299685434,0,7
9677,700,278.4264857102591,POS,Grocery,DE,9.0,0.2592692602817076,0.25786719442112604,0,7
4902,717,103.29207014375953,ATM,Grocery,DE,17.0,0.3394486086439748,0.20095440759938044,0,7
2595,969,17.668313728715255,ATM,Travel,FR,18.0,0.28243230525046925,0.08165037441736406,0,7
331,366,192.89581881891553,ATM,Food,DE,20.0,0.15439003357356676,0.16943797498982757,0,7
8393,208,40.47944537032285,QR,Clothing,DE,20.0,0.28191418356064735,0.27601081229425717,0,7
4807,972,798.4969361523152,ATM,Clothing,DE,17.0,0.5243242689762251,0.47370120931873333,0,7
7159,514,432.6706496301506,QR,Electronics,UK,14.0,1.0,0.5895361572305831,0,7
5517,658,0.0,POS,Grocery,US,19.0,0.131872829791982,0.12819882012194078,0,7
1609,610,30.702244450722553,QR,Travel,UK,22.0,0.09087746613209738,0.19367045019221718,0,7
8763,628,18.249412421397235,QR,Travel,UK,20.0,0.09817130642865352,0.1816783950895944,0,7
8352,815,106.05885530331331,POS,Food,TR,14.0,0.0722354536873949,0.5091742103956064,1,7
673,556,1027.2064200894797,Online,Travel,UK,7.0,0.4524572637155819,0.5688665305950102,0,7
3060,208,45.47979585478711,POS,Clothing,TR,16.0,0.17400156245949405,0.33182240520205464,0,7
5710,97,232.3106886967302,ATM,Food,DE,11.0,0.26408727036330937,0.5336442487477381,0,7
45,302,251.68956830397067,Online,Grocery,FR,10.0,0.08927033166154286,0.15831835226203061,0,7
3892,811,0.0,Online,Clothing,US,13.0,0.2569910301003678,0.06173527138695794,0,7
1099,692,346.3907027763605,Online,Clothing,UK,20.0,0.10046525291085684,0.3092265589906995,0,7
2219,856,205.29164362988217,Online,Food,FR,16.0,0.2305574363655667,0.1850328562641319,0,7
6799,914,282.36028873291247,QR,Clothing,UK,8.0,0.22751910241078868,0.11238515066806479,0,7
2349,934,217.7159673951846,Online,Grocery,DE,9.0,0.19131765686394597,0.2683559356544792,0,7
5741,278,31.584331364436082,Online,Clothing,FR,13.0,0.11619814624823574,0.12940725512316403,0,7
6268,760,333.9031309187494,POS,Electronics,US,18.0,0.07767204419831095,0.10820325961930245,0,7
4499,551,103.66812233065592,QR,Electronics,FR,18.0,0.07499385391401003,0.22711657535605131,0,7
4657,111,232.53437492970718,ATM,Electronics,FR,17.0,0.35853645477937535,0.3009712160297913,0,7
430,845,7.07787569227684,POS,Food,DE,16.0,0.12378427611125518,0.18581941123152543,0,7
829,654,13.76962748735289,ATM,Electronics,TR,7.0,0.6229973620848,0.15615536954239012,0,7
306,19,53.325783336486325,ATM,Food,TR,21.0,0.3292945479334435,0.25412555915016977,0,7
3751,469,7.847981850485295,POS,Clothing,TR,13.0,0.1018802664913167,0.07836429543810561,0,7
775,890,6.201290850499241,ATM,Clothing,TR,21.0,0.1805176196917245,0.2968687460536501,0,7
5312,310,1.3760731234972101,QR,Clothing,FR,20.0,0.2876432963693363,0.22134286167818498,0,7
3405,440,112.12597707681029,POS,Food,UK,19.0,0.11586344315001429,0.14363354493713895,0,7
8850,98,203.9423618341293,QR,Food,FR,18.0,0.20255009916463793,0.14185558429886708,0,7
8634,148,14.047495848504049,Online,Travel,UK,18.0,0.2702713538259631,0.06617514710365927,0,7
4723,617,122.96313081285012,Online,Travel,TR,16.0,0.5138149070522067,0.2634503787690698,0,7
7959,887,22.074234510060066,QR,Electronics,TR,21.0,0.25671289806110775,0.20763520566570853,0,7
3712,503,850.7915024323003,Online,Electronics,UK,22.0,1.0,0.4318581358392161,1,7
9106,446,109.31557073916585,Online,Electronics,US,8.0,0.1956023241978111,0.24927123006986546,0,7
3685,802,163.8201682931624,QR,Travel,FR,23.0,0.282938753437991,0.22244216825285512,0,7
3500,186,479.08392730698426,POS,Electronics,UK,21.0,0.19584580849534355,0.3654716505881554,0,7
9404,65,525.419513285014,Online,Travel,TR,21.0,0.21111698440176718,0.3161127290228746,0,7
6683,524,509.3783529288834,QR,Electronics,UK,12.0,0.11192983168567416,0.09997227562254404,0,7
4265,412,0.0,ATM,Clothing,FR,9.0,0.4315890079096435,0.14879654098586,0,7
2661,644,128.93485225776197,POS,Food,UK,11.0,0.2863275480321594,0.11790516046508126,0,7
3193,466,33.08972233384186,POS,Clothing,FR,13.0,0.21566974182727172,0.0931142457166603,0,7
3301,673,196.6017106853008,ATM,Food,DE,20.0,0.15367111946349243,0.21129733401457623,0,7
3930,275,53.86077225917468,QR,Grocery,UK,17.0,0.1432897846721727,0.19928349693425623,0,7
1249,422,470.3947978062147,POS,Electronics,TR,7.0,0.3925729873507078,0.4150201243070595,0,7
998,274,123.80800708672564,ATM,Electronics,DE,13.0,0.19802620547042563,0.4987132914916728,0,7
2185,460,157.85713660637578,Online,Travel,UK,5.0,0.07509748066234842,0.10615484501266576,0,7
9421,969,152.41527443570453,POS,Grocery,TR,7.0,0.22802071118447648,0.12494744845161088,0,7
1365,161,289.22990567046287,Online,Grocery,DE,16.0,0.16154347869190677,0.1603903940251158,0,7
7187,348,66.07786058689653,Online,Grocery,DE,8.0,0.19328197849685574,0.6985277469337114,0,7
2099,713,93.58778936237773,ATM,Clothing,TR,19.0,0.09013746976119205,0.1835452059718515,0,7
7485,101,115.42589892545756,POS,Grocery,TR,11.0,0.2089322321929459,0.31691925134862886,0,7
781,356,23.37872670452873,QR,Travel,FR,20.0,0.11235330809375485,0.08796358359287107,1,7
1058,513,192.39736748621212,ATM,Food,TR,8.0,0.27910315717845,0.4507490386080925,1,7
2200,192,117.98773723760503,POS,Clothing,US,16.0,0.07976432302949699,0.195527875574096,0,7
700,874,203.59131008795407,POS,Grocery,FR,2.0,0.142921636748026,0.12473562688929674,0,7
6001,93,65.55620938112045,QR,Electronics,DE,14.0,0.31729950153788905,0.0749785134063187,0,7
6765,772,1181.4275959366787,POS,Grocery,US,11.0,0.21357319278705592,0.09470474886364773,0,7
3806,611,207.0224107951389,ATM,Clothing,UK,4.0,0.12585567823543764,0.29396688740186805,0,7
8530,222,41.78063983168506,Online,Grocery,DE,20.0,0.2224510218393503,0.2671674489060979,0,7
9518,245,13.808453308900383,POS,Electronics,FR,8.0,0.17110761483228384,0.14372537644735814,0,7
946,910,563.2752144038692,ATM,Grocery,DE,14.0,0.14177514216879086,0.36375929054515993,0,7
895,677,441.082162127626,QR,Clothing,US,12.0,0.38934543004544264,0.4614137146068744,0,7
9630,751,53.35110069222683,Online,Electronics,TR,21.0,0.07495361437964924,0.12381979183879177,0,7
2543,165,420.9981243291175,Online,Food,UK,0.0,0.20777192103230427,0.28593817608719924,0,7
4934,71,716.0577352062245,ATM,Travel,US,20.0,0.11567409598166278,0.12237265228841594,0,7
8292,412,285.4974548822907,QR,Clothing,TR,12.0,0.3099579849108891,0.6422480825618139,1,7
7561,367,15.422915794517312,Online,Clothing,FR,22.0,0.0864218941879805,0.30740889466891697,0,7
1049,957,238.69843846504878,Online,Grocery,DE,20.0,0.14719542734864413,0.4550668825651199,0,7
1896,442,77.96615559735265,ATM,Travel,DE,19.0,0.3083846472046665,0.3498563766460685,0,7
7819,253,65.6360146676669,POS,Travel,UK,21.0,0.13881947318592505,0.10823005241513436,0,7
8680,458,673.1189360979977,QR,Clothing,DE,12.0,0.26605965617783217,0.4450538053591861,0,7
433,134,19.355189579547016,POS,Electronics,DE,6.0,0.14862243351569787,0.10737310533740758,0,7
718,41,73.42516688697565,POS,Electronics,TR,14.0,0.33737068321325236,0.3389705950820132,0,7
1184,426,236.90761267243624,Online,Travel,US,19.0,0.11488535984175188,0.6021076673363646,0,7
6374,941,190.35866156057773,POS,Grocery,TR,12.0,0.2663262966956884,0.25467816968815327,0,7
1193,298,299.7404518973595,POS,Travel,FR,3.0,0.197383944864422,0.16825155841324865,0,7
456,802,180.19865134569557,ATM,Electronics,UK,4.0,0.3917084161910846,0.45294195837223056,0,7
5676,162,50.23313722832557,POS,Travel,TR,20.0,0.31041316318616086,0.10635787338781662,0,7
2776,322,82.17339084934062,QR,Travel,FR,9.0,0.22645309198137115,0.11863777556163808,0,7
8173,765,121.36444932686283,ATM,Travel,FR,13.0,0.27438236879128264,0.2816853873260093,1,7
4071,527,329.63516180399154,POS,Electronics,FR,22.0,0.21947671743091818,0.3200523052660073,0,7
3654,138,20.57960061683398,POS,Clothing,US,20.0,0.19391135275187077,0.09126033583797341,0,7
3910,844,58.7980130210601,POS,Travel,US,13.0,0.13071943243195344,0.15959849765575046,0,7
96,301,330.0401180515849,POS,Grocery,US,14.0,0.23721676135292769,0.2632339783249456,0,7
2118,137,131.85433953851754,ATM,Food,TR,18.0,0.10642657319296708,0.1577853815273646,0,7
8280,678,241.42465981268572,Online,Travel,FR,20.0,0.48035546462762113,0.17026535630510237,0,7
6723,679,119.22574727939937,ATM,Grocery,FR,22.0,0.36151816325837727,0.16840524549613664,0,7
7736,481,114.26090671725333,QR,Electronics,TR,6.0,0.3733719228714022,0.220683569565887,0,7
4388,399,280.2966495883536,QR,Grocery,UK,3.0,0.23942954587936516,0.431855884519114,0,7
8701,454,52.06975540576375,Online,Travel,DE,18.0,0.29910558690586597,0.3608376183071537,0,7
4080,48,192.21139349907884,ATM,Clothing,DE,11.0,0.31375874840942014,0.1500701026421903,0,7
4055,883,408.207134677832,POS,Grocery,US,20.0,0.28041518490890516,0.28898562011631174,0,7
8482,287,80.81462169066904,ATM,Grocery,DE,20.0,0.10241469410714478,0.31652654764161375,1,7
6526,223,453.4629069607196,Online,Electronics,UK,14.0,0.22207440509944265,0.46335704198120886,0,7
9333,47,675.9194342863814,ATM,Electronics,FR,19.0,0.1836360416469361,0.12122708055199881,0,7
5450,951,649.4123418344099,QR,Food,US,17.0,0.4359954701961402,0.25807325275027015,0,7
889,270,53.9980672338955,Online,Travel,TR,20.0,0.058779056112558264,0.10972679494122109,0,7
7327,294,23.129204537860844,QR,Electronics,FR,14.0,0.199801491860445,0.28482815916180665,0,7
1617,31,44.60865643767803,Online,Clothing,TR,21.0,0.127915074332037,0.1281776073094066,0,7
4137,481,269.97968963140113,POS,Clothing,UK,20.0,0.4112208147539458,0.2834505125206015,0,7
5854,753,164.11889263891598,Online,Clothing,US,4.0,0.3903441186017654,0.30112233236235064,0,7
208,845,2.5909314195458952,ATM,Electronics,DE,17.0,0.10404504923560588,0.10207802847001371,0,7
3604,703,16.612264568587236,POS,Grocery,FR,22.0,0.10767949979779012,0.24239529887918812,0,7
8484,409,61.62838860854139,POS,Clothing,UK,3.0,0.10299329381845373,0.09086361502389047,0,7
3047,677,66.79297902986522,QR,Electronics,US,5.0,0.1867470074763785,0.1928109937530164,1,7
3350,243,0.0,Online,Electronics,US,20.0,0.21521315571650348,0.07978451299126854,0,7
651,221,39.265483327129594,QR,Electronics,DE,14.0,0.17852654546798097,0.09019466595445033,0,7
2403,14,23.758725064717805,POS,Clothing,DE,22.0,0.29569952268548316,0.2791843936571726,1,7
7243,26,188.92124888043617,POS,Food,US,15.0,0.18693580355398315,0.2709069869085664,0,7
5358,610,55.18622546158111,POS,Electronics,US,17.0,0.12337482742836718,0.2449273976927237,0,7
9683,113,391.6791169393889,QR,Travel,UK,21.0,0.30438915770816416,0.516541902075962,0,7
3987,871,41.9299044962851,POS,Electronics,FR,22.0,0.07708771921924552,0.11709398142423894,0,7
3911,275,2.2287112240283022,QR,Food,TR,23.0,0.10848560967939819,0.10793846112061639,0,7
9597,430,177.1624588129188,ATM,Electronics,DE,15.0,0.5187299420753189,0.19678930342979817,0,7
6020,103,37.99785730802852,POS,Clothing,US,21.0,0.15178806199192627,0.23563902520626373,0,7
6382,378,32.71808652393941,ATM,Electronics,US,12.0,0.15532136478567676,0.07564010076739378,0,7
1154,315,288.12258780396877,QR,Electronics,US,20.0,0.22546812817833983,0.30252026323200004,0,7
9447,248,21.33903926141993,QR,Travel,FR,22.0,0.11342574125584123,0.10253036733233328,0,7
9849,281,0.8713792500952504,Online,Electronics,FR,22.0,0.07345062044716684,0.15488529801106554,0,7
6964,491,286.93701591354585,POS,Food,TR,17.0,0.20733860994681064,0.24709109594204787,0,7
8323,852,18.68065070129134,Online,Travel,FR,19.0,0.19999959394653188,0.5198872278831526,0,7
1571,484,147.97642940745448,POS,Food,TR,22.0,0.42846387210424175,0.18941964054182228,0,7
4618,277,245.96288776741338,POS,Food,US,15.0,0.4340640052829021,0.2682603849911548,0,7
9436,371,234.7461657186474,Online,Travel,TR,20.0,0.20189466581082313,0.14900265120635453,0,7
8155,181,385.7890549903382,QR,Electronics,DE,16.0,0.1296027054887388,0.08047270155144427,0,7
3815,205,226.7234208694703,QR,Clothing,DE,6.0,0.13056851434315864,0.29317342441972777,0,7
6659,330,23.288631150516732,POS,Electronics,DE,6.0,0.40895417207788376,0.2630785977094975,0,7
8872,626,65.05256457438826,POS,Travel,TR,22.0,0.07600375325742637,0.40655353184916865,0,7
2219,532,434.9290140620209,Online,Food,DE,5.0,0.11942140889016431,0.14353481124111095,0,7
3441,262,265.70505555018275,QR,Grocery,US,20.0,0.35137196555300054,0.21353997173389028,0,7
7670,84,100.00294342279406,POS,Food,US,23.0,0.2052208838178348,0.8005894422582156,0,7
3466,54,716.7980638496044,ATM,Food,DE,21.0,0.46837592866474775,1.0,0,7
8505,835,12.70452178676053,Online,Grocery,US,21.0,0.21888483040901544,0.08501476626768163,0,7
9852,110,380.2007426196857,ATM,Travel,DE,23.0,0.39261361897989094,0.24574948733080934,0,7
4393,855,52.40889060492452,QR,Electronics,UK,17.0,0.12326234721272827,0.11208176813476181,0,7
9139,684,39.0666000028662,Online,Grocery,FR,19.0,0.09327195003504897,0.20826371407544808,0,7
5916,649,372.5801779229646,ATM,Food,NG,22.0,0.42543834776345135,0.24638880232648522,0,7
8356,71,84.44514870736928,ATM,Electronics,UK,23.0,0.18072865100564867,0.29475126971242094,0,7
9811,806,634.6336407019577,Online,Grocery,DE,5.0,0.4618375229491845,0.07488253848481441,0,7
7593,108,291.86569521396575,QR,Food,FR,12.0,0.14554484865474004,0.14478511959320362,0,7
8548,922,33.61691385889628,QR,Clothing,US,22.0,0.239316943515168,0.10413682078057393,0,7
9509,372,33.86395852444126,QR,Travel,UK,6.0,0.06947980151646947,0.22554189571323563,0,7
4329,699,477.82677222783934,POS,Clothing,DE,22.0,0.32038539077976447,0.27001526668503417,0,7
8910,270,327.5954044665328,QR,Grocery,FR,21.0,0.35692946893099325,0.33320054075867067,0,7
1709,479,177.00191472759195,ATM,Travel,UK,12.0,0.28883477839528576,0.25309029150722256,0,7
2886,886,214.41984034025515,POS,Clothing,TR,23.0,0.09942937154498194,0.08162785986974874,0,7
8101,620,47.81604980615829,QR,Travel,US,10.0,0.13483007655966064,0.3219256951956755,0,7
1998,355,442.69985058506893,ATM,Travel,US,11.0,0.3955302013923449,0.5395507468810075,1,7
6044,231,262.62762595880463,ATM,Clothing,FR,21.0,0.3691929897685039,0.3460109029813742,0,7
7322,103,0.29134519452321994,Online,Electronics,US,9.0,0.16033102729046042,0.246656134066968,0,7
4746,234,126.3460015314632,QR,Clothing,FR,20.0,0.47950300818731184,0.16567434352826457,0,7
6084,408,83.74580123857449,ATM,Clothing,TR,19.0,0.1681721806311433,0.27887963591170933,0,7
7700,711,9.723506086105438,ATM,Grocery,FR,10.0,0.05873864428466304,0.07190607176882985,0,7
9204,426,3.4945976675228207,POS,Clothing,FR,18.0,0.13765075564663326,0.08734882167733057,0,7
545,308,298.6156792997736,POS,Grocery,UK,21.0,0.7652530046738681,0.4251855939600692,1,7
6994,155,357.1953937360475,Online,Electronics,TR,14.0,0.1786157615492974,0.0686296296880154,0,7
9009,619,43.298084185672145,Online,Food,UK,5.0,0.11336175191750847,0.1418251863394979,0,7
4211,784,164.71823631719866,ATM,Grocery,DE,19.0,0.33246408891122153,0.20187191536677362,0,7
3810,875,18.470751416561953,POS,Grocery,UK,21.0,0.10923169113111136,0.17834712465061442,0,7
5875,386,9.816736675357644,ATM,Travel,FR,17.0,0.10231713486296476,0.22610215216579138,0,7
3902,234,155.9883076318558,Online,Food,DE,20.0,0.5187034987256449,0.32070239120688027,0,7
3256,193,295.53381864822177,Online,Grocery,DE,14.0,0.13472193537883811,0.4664797342950793,0,7
2023,794,218.78225889805583,Online,Clothing,DE,11.0,0.2555347020894202,0.22521650800651258,0,7
3934,823,126.36001444893084,Online,Food,TR,12.0,0.40053355219348047,0.8411137761564059,0,7
4560,53,486.61248186673544,ATM,Food,DE,16.0,0.10125947021820259,0.10823405413311846,0,7
5863,161,40.47600700379946,Online,Food,FR,23.0,0.19603616778529515,0.243875015704727,0,7
6525,567,24.16278231095135,QR,Clothing,DE,4.0,0.3853292420604343,0.40862802343867094,0,7
5714,479,789.6924235540843,ATM,Grocery,UK,14.0,0.46915728201978907,0.5885022645723601,1,7
6181,437,9.353870595803542,ATM,Travel,FR,17.0,0.08531269947639777,0.12611189710826548,0,7
9400,657,152.86573942803727,ATM,Grocery,DE,18.0,0.20344499542843056,0.4112432315439922,0,7
7553,666,0.0,Online,Grocery,UK,23.0,0.06388756364776722,0.08526693559988378,0,7
7132,296,42.50063004677569,ATM,Travel,US,13.0,0.12716671694395165,0.13662665270912192,0,7
8593,113,178.2670004798685,ATM,Clothing,US,3.0,0.2525382844716821,0.12132317738272716,0,7
1919,721,28.706252218900115,POS,Grocery,FR,10.0,0.15977447755300186,0.19641040431473422,0,7
8642,523,240.3886161966456,POS,Electronics,FR,9.0,0.12717772807236455,0.32404491165770677,0,7
5950,929,25.172296168263095,QR,Grocery,DE,6.0,0.18958223490836962,0.07408128213675565,0,7
3157,400,1.4375531459388071,QR,Grocery,TR,8.0,0.09778457561383741,0.36966700258835755,0,7
8704,4,117.19719310068207,POS,Clothing,TR,11.0,0.23113990817478997,0.27110280430705536,0,7
4990,288,267.3497755384076,POS,Travel,DE,14.0,0.6693096189573968,0.32231230560317675,0,7
4003,228,19.03518013011908,ATM,Travel,TR,21.0,0.12328884876994953,0.08417946691695122,0,7
7450,656,8.092270588108,QR,Food,FR,22.0,0.10615505294692597,0.1265279896553492,0,7
8011,788,189.4719219387635,Online,Clothing,TR,14.0,0.2787034639171195,0.20861740943945692,0,7
7114,308,4.555542358331358,Online,Clothing,DE,11.0,0.05962711119676421,0.19815011470041533,0,7
4754,377,133.84658141501308,ATM,Food,UK,10.0,0.16952341084055889,0.3449110198731244,0,7
8179,799,50.89658504006451,Online,Food,FR,11.0,0.06445240172852623,0.11590149743290167,0,7
8523,782,88.31009482038857,ATM,Food,US,18.0,0.34229563210993136,0.27428270840995694,0,7
8534,865,187.32432447710798,Online,Travel,UK,14.0,0.23319411068285115,0.5752010051941218,0,7
1552,256,252.43442421359558,POS,Electronics,TR,11.0,0.23461374400716897,0.3842654928479259,0,7
6387,200,128.87990705954783,Online,Clothing,TR,13.0,0.0604225861540148,0.11417960506636023,0,7
7467,603,99.41022827434608,Online,Clothing,FR,16.0,0.0847836545162522,0.12206068147520173,0,7
5412,70,17.172851298670807,POS,Clothing,UK,6.0,0.07115467704307324,0.28258436239794626,0,7
5249,617,159.21377457858566,ATM,Food,FR,20.0,0.4115125726481357,0.13762389876183917,0,7
9376,513,10.328123923398477,QR,Food,FR,21.0,0.1907147413153848,0.11104860594842535,0,7
1253,6,482.7747030049952,ATM,Travel,US,19.0,0.07352277497699614,0.09322442302525785,0,7
2036,355,99.57362686384982,Online,Travel,US,23.0,0.17089410755838513,0.3643699040511399,0,7
4440,962,35.72064994890562,Online,Clothing,FR,20.0,0.13681854508121633,0.07532576605599384,0,7
9677,158,18.587278062279136,QR,Travel,DE,14.0,0.607014658369064,0.22396855133687532,0,7
9270,33,40.26027961087821,Online,Grocery,DE,21.0,0.3333235461637344,0.10717633177895447,0,7
7737,515,0.0,Online,Food,UK,22.0,0.1250691951687801,0.12732994848432067,0,7
3211,928,592.0376010679701,ATM,Food,TR,13.0,0.1725856135519006,0.09039936771805177,0,7
5246,124,271.44660121111326,ATM,Travel,US,21.0,0.26888364193965947,0.14828506910323852,0,7
497,257,42.93677901737955,Online,Grocery,DE,16.0,0.10477369407772055,0.07452724850796595,0,7
6276,854,330.75493073551684,POS,Grocery,FR,15.0,0.26570474778248915,0.2576254562629753,0,7
6204,329,59.931665064061626,QR,Clothing,FR,6.0,0.2514758067625669,0.5554867679317917,0,7
1574,959,164.9692213903749,QR,Food,US,18.0,0.31356336275982977,0.07848945068099307,0,7
4283,725,138.02230921527192,POS,Food,DE,17.0,0.28019085274444544,0.11678472314182281,0,7
3653,686,439.6590813760547,POS,Clothing,US,1.0,0.1120849801605057,0.4363718072930747,0,7
1952,807,15.617481651960336,QR,Grocery,UK,18.0,0.08216120037880811,0.08187488450879735,0,7
1375,67,34.77243883406081,POS,Electronics,UK,12.0,0.15357813427430717,0.08406625537214042,0,7
7645,605,112.3546805349776,QR,Grocery,FR,17.0,0.7272062884333403,0.7761059104068423,0,7
2349,61,70.55051864329887,Online,Grocery,DE,9.0,0.12942049260258864,0.5520041645487325,1,7
9856,229,24.55792861403379,Online,Clothing,US,12.0,0.11566834984979271,0.1255795271676938,0,7
8182,214,113.99831448096091,Online,Electronics,FR,8.0,0.08658503330042303,0.1801311003687959,0,7
7803,83,291.03249189735754,ATM,Grocery,FR,22.0,0.10267318616305912,0.2590100434790478,0,7
4706,976,141.03775460294938,POS,Grocery,TR,10.0,0.11266019937300542,0.12098374077819066,0,7
7905,741,255.49844646617314,Online,Travel,DE,17.0,0.32455203523607007,0.14284368381091803,0,7
1091,293,126.47510733658119,Online,Grocery,DE,18.0,0.2955787968742096,0.13108232665973757,0,7
5840,887,796.225740883451,Online,Food,FR,21.0,0.21676560353761687,0.37930112583981257,0,7
5754,749,249.51783445511575,POS,Clothing,DE,21.0,0.6471249660221189,0.26628253311298994,1,7
5565,214,484.36954064561417,POS,Clothing,TR,18.0,0.08651128213410021,0.3905275557198968,0,7
6457,367,0.0,Online,Clothing,TR,19.0,0.12270298551884365,0.11442745708578046,0,7
5264,15,10.083227326954669,ATM,Grocery,TR,20.0,0.2366180185860294,0.1430394819627445,0,7
8020,588,0.0,POS,Grocery,TR,13.0,0.19019854986726317,0.15691203476468968,0,7
5474,110,5.594222708377837,ATM,Grocery,US,18.0,0.1526954863337259,0.09888415053025865,0,7
9338,67,63.94690324032631,POS,Food,DE,13.0,0.14679849436865083,0.096020175694694,0,7
1977,734,170.24258243698372,POS,Electronics,UK,15.0,0.3642386004297271,0.33524628534831735,0,7
5292,850,87.70161843088749,ATM,Grocery,US,17.0,0.40585648611201763,0.30567959251393717,0,7
2333,984,8.448314103794514,QR,Grocery,FR,5.0,0.1442515703006919,0.3856025026088189,0,7
758,850,391.354096396951,Online,Electronics,DE,8.0,0.20758051402004707,0.40040759119147756,0,7
4735,659,387.81329726739995,QR,Travel,FR,22.0,0.15573423337726222,0.24142666123568604,0,7
2663,326,66.69443642172062,ATM,Food,TR,6.0,0.19498823505888985,0.1132096709500588,0,7
6718,572,304.9805475605355,QR,Electronics,UK,8.0,0.1456809742543782,0.09476057338537322,0,7
651,376,51.05222047631113,POS,Grocery,FR,1.0,0.11327333578796497,0.11530388123364184,0,7
6338,431,70.19678408548724,POS,Travel,TR,18.0,0.07271709406876325,0.14569173189229695,0,7
3420,261,61.44990575056579,ATM,Electronics,DE,21.0,0.2730369999873584,0.259700914657148,0,7
7258,919,326.50080037869526,ATM,Travel,DE,16.0,0.07263681751233615,0.10749840316808176,0,7
5068,576,55.26603197633827,ATM,Clothing,FR,19.0,0.3302579543002272,0.18363147762322093,0,7
679,581,222.49670513228372,ATM,Grocery,TR,18.0,0.1294483027345511,0.5391702639916862,0,7
5015,692,78.89262386126873,Online,Electronics,TR,21.0,0.0686019914450056,0.339518417971914,0,7
467,649,56.97043034764684,POS,Clothing,US,10.0,0.3455285169634789,0.5473609807535811,0,7
8025,891,14.354242416006844,QR,Electronics,DE,3.0,0.15947507540059916,0.27156439589630377,0,7
7402,291,388.2634087287833,QR,Clothing,DE,1.0,0.5536062738141059,0.502058183361747,0,7
7117,857,17.184748304556702,POS,Food,FR,21.0,0.15341474819587425,0.10176761439476137,0,7
8908,567,1.5724879775902445,QR,Grocery,UK,10.0,0.08398939420986774,0.16302081821421477,0,7
6805,782,86.6889930014771,ATM,Clothing,DE,23.0,0.8960380003397,0.16744057153509062,0,7
31,455,6.0776042905619105,ATM,Electronics,FR,18.0,0.464518461634657,0.21825673916022986,0,7
2708,619,276.46030059969047,POS,Travel,US,18.0,0.39724409387052007,0.1240197583271942,0,7
7859,260,21.695682619266034,ATM,Food,FR,9.0,0.21027728140871832,0.4102487595801467,0,7
788,578,9.828128796889633,QR,Electronics,US,23.0,0.3143643879407577,0.09171938150710929,0,7
8807,842,146.17662332970218,POS,Food,UK,7.0,0.17042719758483768,0.144211664346393,0,7
89,75,43.13701155597922,ATM,Travel,FR,16.0,0.24131906310458062,0.156544317929957,0,7
7257,527,250.03396447994876,ATM,Grocery,UK,22.0,0.8234662344899164,0.4724506304751939,0,7
8305,167,253.11938479933255,Online,Travel,TR,21.0,0.15929778352213889,0.07069040449536074,0,7
8458,641,75.4696891124063,ATM,Grocery,TR,17.0,0.2679501512971447,0.2038335000454051,0,7
3424,628,240.21917408348165,Online,Clothing,UK,19.0,0.274743161101496,0.2008619982258273,0,7
9171,826,488.948862085943,POS,Clothing,DE,14.0,0.15756886995231525,0.2352115411578269,0,7
9992,238,227.21612715476076,POS,Grocery,US,22.0,0.08466908887363896,0.2377492491548278,0,7
3195,992,80.54886846507826,ATM,Food,TR,15.0,0.327671454073628,0.540536257772718,0,7
480,6,14.959768211273012,QR,Grocery,DE,6.0,0.27995870759564645,0.08572335517846447,0,7
6420,638,64.40532408725562,Online,Clothing,TR,20.0,0.2796257340403274,0.21204755545383613,0,7
6332,693,45.575942966743966,POS,Travel,FR,21.0,0.20260798670013067,0.268590205075575,0,7
305,50,17.02358107077851,Online,Electronics,US,15.0,0.13630424298261293,0.4994452824849231,0,7
1027,647,441.77531081395006,Online,Travel,US,21.0,0.11031970788618467,0.530016180079257,0,7
5709,379,50.25549418458762,QR,Travel,FR,12.0,0.2344551227990141,0.37047147032012795,0,7
2527,939,24.380287138225658,QR,Clothing,FR,18.0,0.10789792282025468,0.25317811372392696,0,7
1892,287,63.34610870551456,ATM,Food,FR,9.0,0.17750120132242045,0.2493118044101451,0,7
9760,830,23.02606691929371,ATM,Food,DE,7.0,0.47159667130311633,0.31624199613761816,0,7
9259,108,137.4049536728853,QR,Travel,US,12.0,0.8877836878340557,0.14428277318330254,0,7
3225,843,606.5239643955888,Online,Food,TR,2.0,0.6659177581018538,0.8034731251376522,1,7
7334,208,0.0,ATM,Food,US,22.0,0.1436690599914221,0.23513002201533395,0,7
4430,296,29.08395276346996,QR,Grocery,TR,15.0,0.23393716133386488,0.2313985124936076,0,7
550,387,259.7995393686718,Online,Travel,FR,12.0,0.11459445328862888,0.1593009265354799,0,7
7966,987,158.48000919730947,Online,Travel,DE,5.0,0.3666135420650946,0.27926865499042564,0,7
4931,83,289.6146668940944,ATM,Food,TR,12.0,0.15557182417604273,0.20604951430514545,0,7
6720,339,161.5726725054738,POS,Food,US,18.0,0.2975104156761321,0.2253143038997599,0,7
4090,192,31.330989026004428,ATM,Travel,UK,12.0,0.1501245352599574,0.42501659534016223,0,7
7192,238,129.7637865908625,POS,Travel,US,15.0,0.25658275741174613,0.18314293540269927,0,7
3399,889,215.81732824232162,Online,Travel,FR,21.0,0.1827903956238578,0.08491033203243423,0,7
6432,907,97.71993138402951,Online,Clothing,US,16.0,0.22444587810887986,0.5366125212830953,0,7
5747,834,353.8129074263626,Online,Food,FR,1.0,0.09997183781067649,0.16593449289413625,0,7
4607,63,54.20485992058785,POS,Travel,US,16.0,0.11540031382110674,0.11586101561864351,0,7
1818,414,218.3147560110801,ATM,Electronics,FR,16.0,0.31187977280944096,0.18876110174308158,0,7
6996,85,59.790665284931066,ATM,Clothing,TR,22.0,0.1687161418577452,0.6086470162718955,0,7
6255,849,142.68214828724638,Online,Food,UK,10.0,0.4486737143495416,0.3005320390133128,0,7
8602,109,286.557431079503,QR,Electronics,TR,23.0,0.16228467860018117,0.5995453640973536,0,7
3930,798,345.2869252558289,QR,Food,US,20.0,0.15395828726466596,0.11875933747351476,0,7
1265,28,507.68070406742845,Online,Travel,DE,22.0,0.2470688142477988,0.0858635296654236,0,7
1277,675,191.23829362354505,Online,Travel,FR,4.0,0.24688339517544863,0.13686504848346115,1,7
6802,568,20.01641844320856,QR,Electronics,TR,20.0,0.2255697503799529,0.09980020921536978,0,7
6468,801,4.602230173429739,ATM,Clothing,DE,11.0,0.09199922491605037,0.43562756520148516,0,7
6444,668,40.91400064711577,POS,Grocery,FR,15.0,0.21940514388228133,0.4030420905367367,0,7
4099,562,717.6066013287524,POS,Clothing,UK,7.0,0.23377022134647843,0.6661946895838072,0,7
8559,435,293.91874004559673,ATM,Electronics,UK,14.0,0.22479464186584291,0.08101901453616742,0,7
4483,585,50.35767911568689,ATM,Electronics,TR,19.0,0.12478069318786837,0.09767562099254744,0,7
5801,407,765.5111239488419,Online,Travel,DE,10.0,0.5940781636411501,0.7064282819651139,0,7
9132,474,14.891446796653323,Online,Grocery,UK,8.0,0.35992834592519685,0.13892725201597228,0,7
7866,11,4.646816188100668,ATM,Travel,DE,5.0,0.16103876294316657,0.10531993922401178,0,7
1156,489,42.75592673325077,POS,Clothing,US,20.0,0.15268959671423313,0.13317266587571416,0,7
2931,384,9.02796117830563,QR,Travel,FR,18.0,0.11348448557642135,0.19005811713233986,0,7
2406,435,15.65484789638475,QR,Travel,DE,23.0,0.09227409954884387,0.21130506577887265,0,7
8982,694,347.1454922289821,Online,Food,DE,19.0,0.3320532890227037,0.500466932301745,0,7
2953,435,292.9492153831074,QR,Travel,DE,8.0,0.27354213782865355,0.1694478327803222,0,7
7329,51,75.97479940249946,Online,Food,UK,15.0,0.44504566583664523,0.5313179849742569,0,7
6150,919,86.81578754034312,QR,Clothing,US,6.0,0.10541312895699442,0.27212624042831723,0,7
3528,213,42.84954967910874,POS,Grocery,UK,23.0,0.2511730696621907,0.18602600672529163,0,7
7581,749,51.48959831288433,QR,Electronics,US,5.0,0.11520553959311217,0.16077961270200478,0,7
3323,609,427.02155462362134,QR,Grocery,DE,7.0,0.07447504843667528,0.19826448686725368,0,7
6271,355,470.04917261024775,POS,Food,US,19.0,0.22431396810178336,0.7420645391171696,0,7
6218,532,10.295029565797376,ATM,Food,US,18.0,0.17965879206570926,0.3893010000311091,0,7
9012,433,12.83000878378609,QR,Travel,US,18.0,0.10976711511686969,0.1204110550717275,0,7
6813,158,8.919113978972456,ATM,Food,DE,7.0,0.34044499794623995,0.20458037430622616,0,7
9290,410,12.784819618017476,ATM,Travel,FR,16.0,0.2532578104016702,0.30077488223517374,0,7
2757,906,119.75319977340416,Online,Food,DE,12.0,0.21552585877274677,0.09094532207003515,0,7
8774,834,203.05921029932938,QR,Clothing,UK,16.0,0.09180448112624873,0.3895416439226459,0,7
8833,914,0.0,Online,Electronics,DE,22.0,0.24066839406387347,0.6091408326087087,0,7
2734,598,1307.42561208602,QR,Travel,UK,11.0,0.23660249927862725,0.24596163108117208,0,7
8980,46,0.05345657673783255,ATM,Grocery,FR,10.0,0.06329457513629104,0.08319904620343496,0,7
7299,679,294.21310480759166,QR,Grocery,DE,18.0,0.16665406422325096,0.26394163814436716,0,7
1718,888,13.205616363388685,Online,Clothing,UK,21.0,0.11383884214513895,0.17926657858533618,0,7
7826,835,133.23283390702338,Online,Grocery,UK,7.0,0.1283492388564869,0.23839546095063308,0,7
7596,180,6.521302511343394,ATM,Electronics,US,18.0,0.17785802467118006,0.2534996952400053,1,7
4873,119,523.6541445247038,QR,Electronics,FR,20.0,0.6189942213450615,0.3293693198655374,0,7
6753,337,0.0,POS,Grocery,US,16.0,0.3564031198875247,0.4150862962126848,0,7
1938,247,408.24068267462707,Online,Electronics,FR,13.0,0.11279965723351107,0.1807766666252857,0,7
4080,662,223.66571456862016,QR,Grocery,US,16.0,0.39486109008468867,0.15872780183461446,0,7
3493,632,11.550721474787164,QR,Food,FR,23.0,0.2058277707142883,0.24350288331433956,0,7
7254,46,14.354794121045813,ATM,Food,UK,22.0,0.2783222838062447,0.2667172875811824,0,7
3923,152,78.19940079645279,POS,Travel,DE,21.0,0.12807477918887092,0.1692295641270095,0,7
3522,19,69.96720840613129,Online,Grocery,TR,13.0,0.1645930369668865,0.06093924674096964,0,7
4855,537,20.381054168891932,Online,Food,UK,20.0,0.09338508973102909,0.12745903809230535,0,7
3189,777,106.35672771454597,QR,Travel,FR,13.0,0.12881647447588468,0.16159553987607503,0,7
3311,742,20.789364748202157,QR,Grocery,US,21.0,0.29062642043557896,0.10104440192376507,0,7
9151,579,196.19592840852908,POS,Electronics,US,14.0,0.4526971322238705,0.26889626739526684,0,7
4381,942,9.223328737731453,Online,Electronics,UK,19.0,0.0713869120711783,0.06530161325638198,0,7
6833,870,26.11170153055573,Online,Clothing,US,10.0,0.10713434778488189,0.07182950870433723,0,7
6673,43,226.48045947663994,QR,Food,DE,22.0,0.1730922809473768,0.3028382351388709,1,7
130,978,164.20346814326504,POS,Clothing,FR,20.0,0.16563137360662855,0.22209490637603582,0,7
1967,733,28.240861215246056,POS,Food,DE,20.0,0.09286300843573488,0.08521364547251348,0,7
5395,201,120.16540518491827,ATM,Clothing,UK,23.0,0.21363739015253136,0.21591678894559446,0,7
4460,94,419.11812548101074,QR,Food,DE,17.0,0.19175047516655253,0.21286429221351674,0,7
7033,840,154.80139312379052,POS,Travel,TR,13.0,0.14358084120696296,0.08503049674767074,0,7
3578,927,260.84664267596565,ATM,Electronics,US,13.0,0.1397361981929082,0.26321941569122576,0,7
2010,12,128.6772800794084,ATM,Grocery,UK,10.0,0.35053640759737814,0.16984138368450513,0,7
693,0,464.89192436883866,QR,Food,DE,23.0,0.23302396939165612,0.13465763605889058,0,7
5765,321,296.7156033028192,ATM,Grocery,US,21.0,0.48842686096786436,0.10059275555051987,0,7
2732,914,25.126729221276644,Online,Electronics,FR,22.0,0.17308715218967086,0.2827556870942875,0,7
9412,10,55.492668420024955,Online,Travel,US,6.0,0.19466140748078117,0.12704487758561966,0,7
1853,25,21.49396071557763,ATM,Electronics,US,12.0,0.13516933228062256,0.1343298940573369,0,7
8688,937,6.870479577171816,POS,Food,FR,19.0,0.46389824916613615,0.18586184375359766,0,7
7773,484,74.04773415102206,ATM,Travel,UK,2.0,0.1912300659977944,0.39585662055008153,0,7
6722,597,56.486236425467226,Online,Clothing,FR,21.0,0.268060111733965,0.20745876095908614,0,7
7672,64,83.14528177664177,ATM,Electronics,TR,7.0,0.3806174472296073,0.2114555495638124,0,7
5991,308,234.68909991515415,POS,Travel,FR,7.0,0.07838914905377464,0.161166660785606,1,7
9533,98,147.56508423193762,POS,Clothing,US,6.0,0.23329916293552797,0.29688211841376744,0,7
2487,208,18.866461150143188,QR,Food,UK,22.0,0.47096873588587307,0.07189625013427763,0,7
8224,103,28.309580884495436,QR,Clothing,DE,10.0,0.20728364103698638,0.24684649029276065,0,7
2570,508,69.68859287021463,POS,Clothing,FR,21.0,0.11696332899224036,0.29795816282034243,0,7
7691,943,13.842934169373253,POS,Food,TR,11.0,0.2781399113446244,0.21701623778724388,0,7
6527,677,4.2746368761420594,QR,Electronics,DE,17.0,0.07351040537644725,0.18803785543622675,0,7
1563,853,240.94255467350857,QR,Travel,DE,4.0,0.16147815583315744,0.2594886496160163,0,7
3188,944,121.23601761318105,QR,Electronics,DE,10.0,0.39239079892840306,0.0865177185341647,0,7
605,280,92.86134125554204,QR,Food,UK,6.0,0.22354464927699055,0.0702320261569771,0,7
2885,106,76.44575552261601,POS,Electronics,DE,17.0,0.33504614813303146,0.21808153652332335,0,7
7226,535,978.5595370228124,POS,Travel,DE,1.0,0.129807070529793,0.29635752857675,1,7
7912,543,220.10334755072628,Online,Food,UK,18.0,0.23825419217532923,0.32965385795535607,0,7
1717,436,0.0,POS,Electronics,US,23.0,0.1347040776066029,0.12434858472889215,0,7
1065,306,0.0,ATM,Food,UK,16.0,0.39681594459680436,0.14410327759709401,1,7
2178,970,90.87801634127342,ATM,Travel,TR,7.0,0.17511140617714308,0.13690690770605468,0,7
4605,962,85.13297993638257,ATM,Food,UK,10.0,0.6649137802286779,0.33458731292844585,0,7
1480,310,50.071816162716665,ATM,Food,DE,14.0,0.2679727408264031,0.31551431881517344,0,7
8809,326,131.09569632652722,ATM,Travel,NG,13.0,0.1861083888804782,0.13814569824242323,0,7
1762,284,301.68277555320276,Online,Travel,UK,20.0,0.1431829788933156,0.23043312474803027,0,7
1774,187,508.30083798346976,Online,Travel,UK,19.0,0.5701923331363364,0.40898393982335934,1,7
1743,576,24.397554937365094,POS,Grocery,TR,21.0,0.10684165278003183,0.07019407115773423,0,7
6091,206,629.3676908997189,QR,Clothing,TR,19.0,0.3862879791057461,0.4340536357000252,1,7
5842,26,898.6632330286545,QR,Clothing,FR,13.0,0.3264028592361176,0.32140722467985067,0,7
2606,480,84.57249137979754,POS,Travel,FR,10.0,0.16544273063799847,0.18528648326089509,0,7
6055,137,810.402600867222,ATM,Grocery,UK,20.0,0.6354460778932882,0.19379205272562397,0,7
8849,491,124.14015354886357,QR,Travel,TR,9.0,0.3526763006293352,0.528638496674138,0,7
3297,504,297.0465097336954,Online,Food,TR,20.0,0.20815622289094918,0.45022050768925337,0,7
9554,398,52.68733095274178,POS,Clothing,TR,16.0,0.12797818443707534,0.1354721319175004,0,7
2031,198,176.00068869817122,Online,Clothing,TR,23.0,0.172464300363183,0.7136949416983639,0,7
7213,246,80.59714798529079,QR,Travel,UK,12.0,0.06742969765035613,0.16283926513908978,0,7
3006,485,92.52557149127468,POS,Food,UK,21.0,0.08224126716379908,0.07626931919594078,0,7
3486,735,25.778001933442642,ATM,Food,FR,18.0,0.11828055671813609,0.10049869013845827,0,7
3858,855,109.73054922472201,POS,Food,DE,17.0,0.07833540813214242,0.16812138583170805,0,7
5317,601,138.76687144894552,POS,Grocery,UK,21.0,0.10747074591536426,0.10433255630307263,0,7
3270,490,466.9287349468609,ATM,Clothing,DE,22.0,0.1235757998284403,0.3199387839393897,0,7
5702,71,464.8273041068075,ATM,Electronics,US,16.0,0.12744754716857226,0.5421398769252653,0,7
3800,693,23.577002937449837,QR,Electronics,UK,21.0,0.19702425505654386,0.06624908603318648,0,7
9778,328,83.17090321233616,QR,Electronics,DE,23.0,0.3301744274823647,0.2526349244345408,0,7
9692,447,174.062769913323,POS,Clothing,UK,3.0,0.4367118436949441,0.15237738189768618,0,7
1972,765,542.4775695224473,POS,Grocery,UK,7.0,0.13094752138134297,0.2944619443373587,0,7
1252,547,181.38367975763907,ATM,Electronics,TR,23.0,0.16196240292610223,0.17494936027274438,0,7
3789,570,231.87355701720378,ATM,Electronics,US,21.0,0.26875107067723114,0.20979087841230265,0,7
4996,867,602.6582536981958,POS,Grocery,US,22.0,0.6776848602854308,0.15267966669766286,0,7
7054,10,11.365119954058052,QR,Food,DE,20.0,0.18836457665563108,0.49159113406242166,0,7
7208,918,0.0,POS,Food,FR,19.0,0.255219710562414,0.1143872644023789,0,7
2829,306,67.18002610418336,Online,Clothing,US,19.0,0.4501157188389159,0.37737035838279914,0,7
1543,365,21.331766375946486,Online,Grocery,DE,15.0,0.17098453666946622,0.2735714499819061,0,7
128,237,126.36460451943309,POS,Clothing,UK,22.0,0.06346618880324173,0.19097196674800035,0,7
9956,426,0.0,Online,Electronics,US,15.0,0.12758565699383695,0.1987128397431521,0,7
8064,371,741.0230892440493,Online,Food,US,10.0,0.29523434209969174,0.06568764050835557,0,7
1026,247,737.5399207937028,ATM,Travel,DE,14.0,0.328644129329251,0.43612772446415604,0,7
3890,265,362.85808683127516,ATM,Food,UK,4.0,0.09692308769722963,0.3551151035204076,0,7
1763,743,42.433898661834334,QR,Clothing,TR,9.0,0.11114636331825903,0.16719688386917694,0,7
3973,278,15.475982932559416,POS,Electronics,UK,5.0,0.43168745342627657,0.249035789758853,0,7
8512,342,19.642401407361817,QR,Electronics,FR,20.0,0.4022880544080271,0.34343851059024855,0,7
4881,53,86.15108144635235,POS,Food,FR,16.0,0.44199691630752624,0.10752720840786519,0,7
8885,37,23.08918770677081,ATM,Travel,TR,19.0,0.2111188544514558,0.13727378956718117,0,7
1856,284,114.03161053232056,Online,Electronics,FR,9.0,0.08562943271341285,0.271422221596855,0,7
424,899,7.873381918298599,ATM,Grocery,TR,23.0,0.08828570579141526,0.2122940125548888,0,7
950,186,237.32129793829085,POS,Travel,DE,23.0,0.21375907342293773,0.22965209096362782,0,7
1668,854,16.800344629485,POS,Clothing,TR,19.0,0.22496334187999614,0.16831094821699305,0,7
6141,454,180.17330950443596,ATM,Clothing,FR,16.0,0.15644225277807358,0.3467337414113871,0,7
4317,727,324.7143767116752,Online,Clothing,US,14.0,0.19430085456229598,0.27112569804030046,0,7
1258,25,171.1525263510965,POS,Food,TR,22.0,0.3443973255745103,0.20195110774838457,0,7
4091,205,477.34750645760084,ATM,Food,US,16.0,0.14684841578690805,0.13971730694508175,0,7
5714,100,122.15011291041188,QR,Clothing,DE,1.0,0.08645925183054803,0.11280784586760746,0,7
312,981,422.45346825190006,ATM,Food,UK,15.0,0.25763326465977204,0.3706491938406667,0,7
4212,379,30.9087786308499,ATM,Travel,UK,16.0,0.23324781260775598,0.19704937137342513,0,7
6707,157,134.30800462508546,POS,Grocery,TR,21.0,0.12926693699848543,0.09741343317410037,0,7
8983,306,172.27316396056545,QR,Clothing,FR,12.0,0.46262911279044444,0.1368471266467612,0,7
255,916,53.52826574530246,QR,Clothing,US,15.0,0.35351196611809177,0.13110500041951384,0,7
9811,749,47.30730837034141,ATM,Electronics,FR,20.0,0.29136687348898577,0.23261580805903362,0,7
1757,500,368.08534710945145,ATM,Electronics,US,21.0,0.4106230257082273,0.25295328299132014,0,7
1207,109,160.7577338238666,POS,Grocery,TR,18.0,0.20289853688753076,0.18385707577529664,0,7
3661,7,227.40402964621356,POS,Travel,US,22.0,0.09686873376164346,0.19212827959201198,0,7
3831,690,302.9928374343323,QR,Grocery,FR,19.0,0.477461266507657,0.3332990392435167,0,7
8472,207,101.86970782361509,POS,Electronics,UK,21.0,0.24065595199862636,0.18754828014553784,0,7
5102,755,99.63977533548737,Online,Travel,US,21.0,0.06558623186150245,0.08122281879618119,1,7
5917,479,138.13006580057584,Online,Food,US,21.0,0.6874297020000656,0.09958520690652005,0,7
7484,235,1.8980877292174156,QR,Grocery,TR,13.0,0.11240010513592502,0.06698990159850614,0,7
6922,277,510.7298787194864,QR,Electronics,TR,14.0,0.21478606069212905,0.22401839335733356,0,7
9029,320,226.12788435815077,ATM,Grocery,DE,3.0,0.3787533086429727,0.07783239033982833,0,7
9758,347,160.13274169543575,QR,Clothing,DE,14.0,0.3376999218835519,0.23666749325353503,0,7
688,751,163.02896482512224,POS,Food,UK,21.0,0.45924398564882224,0.2210003742762046,1,7
9110,539,171.20800337599306,QR,Electronics,FR,11.0,0.17627153951984728,0.10420535821644851,0,7
438,624,0.0,QR,Food,FR,19.0,0.12447737981664614,0.05726276807763147,0,7
4529,386,326.0887717942731,POS,Electronics,FR,15.0,0.3890834316286762,0.15854222068728083,0,7
9485,501,103.75373861129768,QR,Clothing,TR,13.0,0.15575844313066176,0.22247708332181254,0,7
7717,838,1601.1722519648167,Online,Food,UK,0.0,0.3445028628966103,0.7201424863632285,0,7
2785,719,178.84962128218092,QR,Grocery,US,12.0,0.1980579132227902,0.14228815721957272,0,7
4231,663,59.503360843746904,POS,Electronics,NG,17.0,0.22820736704241593,0.10874739797846264,0,7
9062,353,4.519910765508288,QR,Grocery,TR,9.0,0.41652420304203525,0.29144428034364633,0,7
6440,282,19.366210843772564,ATM,Electronics,UK,17.0,0.07359958916551343,0.06614403248654123,0,7
2456,729,523.451288656935,QR,Travel,FR,19.0,0.4490499981304068,0.30863550576289434,0,7
9384,441,40.208159177078855,POS,Clothing,UK,14.0,0.2833755110831597,0.10772768445133826,0,7
4511,78,0.0,Online,Food,US,22.0,0.1353909409483789,0.0841739078290206,0,7
8946,730,260.6968449617052,Online,Grocery,TR,20.0,0.18371942510513584,0.24086451434176315,0,7
506,187,423.25459923290197,Online,Electronics,DE,12.0,0.1610128910583249,0.6536823175039495,0,7
5951,569,175.83295956205794,ATM,Travel,UK,9.0,0.507882445599818,0.7301857026116211,0,7
8794,519,24.674720479367835,Online,Clothing,UK,21.0,0.20975264320825326,0.7258957942671018,1,7
9885,635,228.38332070457136,QR,Clothing,US,14.0,0.13455285652971016,0.12639573977374788,0,7
2215,144,195.65340104113878,QR,Clothing,US,19.0,0.26641127421181054,0.24212835017419249,0,7
9261,41,15.84500366267735,Online,Grocery,US,20.0,0.06127793592248353,0.08733472811144308,0,7
5635,724,50.34397210990244,Online,Grocery,DE,16.0,0.20973820134630689,0.6062758610118703,0,7
3145,374,49.86786280667706,POS,Clothing,FR,17.0,0.06339074749913602,0.2136898740803106,0,7
2680,295,15.827537807934982,Online,Travel,DE,22.0,0.0972886098322048,0.29472331197541807,0,7
2968,438,161.1441194594633,ATM,Food,FR,16.0,0.2568452453047848,0.17387994707832316,0,7
8392,638,210.64235742763046,POS,Clothing,TR,4.0,0.19639003354107806,0.1602784499982023,0,7
728,335,3.452548299496291,Online,Grocery,DE,23.0,0.07987286865676833,0.1295716234439158,0,7
7249,97,514.7597575417864,QR,Grocery,DE,19.0,0.24680961077124372,0.2074376428842472,0,7
147,802,311.28258512876874,ATM,Clothing,FR,13.0,0.29426113263222337,0.2837447056314202,0,7
5004,454,788.7699489865521,POS,Clothing,FR,21.0,0.20811082533212194,0.17800478441595508,0,7
6838,762,669.3776910976379,Online,Clothing,FR,19.0,0.2890313250895938,0.37417366530029117,0,7
3914,272,123.31365603124618,ATM,Food,FR,11.0,0.15596455226991268,0.07660920985193362,0,7
4421,131,483.8250848092845,ATM,Electronics,FR,23.0,0.2683615029796018,0.20826642047199148,0,7
2378,884,43.101439355810314,Online,Clothing,FR,16.0,0.08047993936220739,0.32884808834117923,0,7
8415,510,108.26701150766851,POS,Clothing,UK,5.0,0.14434069306331795,0.10746577670086241,0,7
6946,335,149.61912235270012,ATM,Clothing,UK,21.0,0.16349921550212063,0.1571820712681692,0,7
6184,90,90.22620490375003,QR,Food,FR,14.0,0.35389875338581955,0.4569517225733459,0,7
5420,775,240.9350945262892,ATM,Food,TR,6.0,0.1870825173087003,0.12870534994845306,0,7
7472,323,181.91796139857354,Online,Grocery,DE,14.0,0.18695939010085597,0.3634289458405008,0,7
407,107,22.452042435636386,Online,Electronics,FR,22.0,0.1252340554602457,0.06829077192234505,0,7
8493,502,8.172556658620259,ATM,Grocery,US,11.0,0.13187830099937597,0.16244608605539435,0,7
5494,331,225.8899550594064,ATM,Food,UK,20.0,0.20381345221573766,0.12324792403781756,0,7
4925,589,171.93546052951143,POS,Travel,US,15.0,0.4306066179411274,0.1912291466104314,0,7
88,643,388.72468515275887,Online,Clothing,UK,15.0,0.09863498916799324,0.455737286256549,0,7
7319,199,379.81159426857556,QR,Travel,US,18.0,0.5074440721987401,0.18803053648819007,0,7
2191,692,439.95991901126666,POS,Grocery,DE,2.0,0.1889125105314484,0.4646108200269605,0,7
1629,245,338.19339312498215,Online,Food,US,23.0,0.20527308645266135,0.21533232262131993,0,7
6700,746,123.8604144383993,QR,Clothing,UK,12.0,0.12510400440359906,0.1771548630108885,0,7
847,284,10.530208889710147,POS,Electronics,DE,19.0,0.10588375077426987,0.22883785458160613,0,7
2106,573,348.35824820310154,QR,Electronics,UK,17.0,0.13452404152405378,0.40379327851812097,0,7
4001,987,64.4917476756838,ATM,Clothing,UK,22.0,0.10020863590832176,0.16627814891029744,0,7
2991,216,24.46404831998786,POS,Clothing,TR,19.0,0.3090344592633187,0.06545593867209915,0,7
3041,1,153.90549877536293,ATM,Clothing,DE,23.0,0.2825410664791871,0.3106514522601595,0,7
3561,826,168.39523725263376,Online,Grocery,FR,22.0,0.2589531184691187,0.1904678520254873,0,7
2974,629,66.73833957251455,Online,Food,TR,22.0,0.34707519876161497,0.16976413739658142,0,7
651,262,170.13577164121415,ATM,Clothing,UK,8.0,0.0951525402970657,0.14696367774716246,0,7
2819,317,104.80411629772213,POS,Clothing,US,6.0,0.2160401629465651,0.13118031518719053,0,7
9681,205,390.0406032032103,ATM,Travel,US,20.0,0.3133409602876036,0.46848863618785386,0,7
4931,174,21.17053584611324,POS,Electronics,UK,17.0,0.21052837414651043,0.06787403121973276,0,7
7489,975,47.29412142125851,ATM,Electronics,UK,11.0,0.24272561599029935,0.41891668617257205,0,7
1257,609,54.362277705871506,ATM,Electronics,US,20.0,0.4784774414237569,0.4177367180909096,0,7
1559,648,45.04149303384958,POS,Electronics,DE,4.0,0.11717629557665499,0.23791567926550625,0,7
9396,47,205.47129188824366,POS,Travel,FR,19.0,0.7178412813322065,0.6773558738601431,0,7
2487,409,50.397752724244455,Online,Food,FR,21.0,0.17576000439119538,0.29098695781831685,0,7
1373,702,259.95811953211313,QR,Travel,US,23.0,0.12585191201019216,0.40770050070569275,0,7
3724,382,333.2226717987424,ATM,Food,US,9.0,0.41574058892035054,0.30182851136710853,0,7
1514,749,94.42739072015443,POS,Grocery,DE,12.0,0.7724816072868373,0.25099788474277795,0,7
2284,331,25.260973152830886,Online,Grocery,TR,11.0,0.30609849414378043,0.6085536759733013,0,7
5385,65,47.21241627038291,POS,Electronics,DE,5.0,0.2013684823806342,0.1131731264487329,0,7
4297,953,186.0501064591915,ATM,Travel,TR,23.0,0.08040438682186188,0.19541709372800645,0,7
4391,378,282.86753403922825,POS,Travel,UK,6.0,0.29105039686896506,0.1985871322071666,0,7
6128,489,18.549542751328495,POS,Electronics,US,23.0,0.17799432133476545,0.08331405836603938,0,7
2730,174,225.162862232917,QR,Clothing,DE,17.0,0.5381352382139699,0.5312179575130194,0,7
2187,389,112.98863116925452,QR,Grocery,UK,10.0,0.0781679745109242,0.060938520173227005,0,7
9275,420,61.15352577846196,POS,Electronics,DE,21.0,0.10589959395196549,0.23283758085456482,0,7
1520,198,163.8890826118399,ATM,Travel,US,17.0,0.2466289241993217,0.11862426155529254,0,7
7602,633,25.14731640010143,POS,Grocery,DE,14.0,0.34952623109737435,0.11927379592037987,0,7
3501,119,330.0278982720071,Online,Electronics,US,16.0,0.4703969315420861,0.311958159442935,0,7
1751,419,313.91838598687764,ATM,Clothing,UK,5.0,0.3841446033514478,0.5437025472263832,0,7
9816,511,241.34069804926835,POS,Electronics,UK,19.0,0.09500157739468065,0.1036240936810002,0,7
9572,59,53.90797887087107,POS,Electronics,UK,19.0,0.07991157190141215,0.2068976923493352,0,7
2473,174,563.4303676934842,QR,Travel,TR,9.0,0.1805461373907678,0.06554133936918816,0,7
9703,771,100.79240891181422,QR,Clothing,FR,16.0,0.2602118001959165,0.31904277241026435,0,7
3790,515,323.07485363797224,ATM,Grocery,US,20.0,0.2791161875525715,0.08377341600227961,0,7
7754,931,291.2971015202268,Online,Travel,UK,17.0,0.5360728720714729,0.8074195297875445,0,7
2562,741,196.81161922805404,POS,Clothing,FR,14.0,0.17410951354346554,0.15539663573326853,1,7
5899,842,131.13115299496903,POS,Travel,TR,9.0,0.2157813203143328,0.15092501921291435,0,7
5314,11,12.063807095624826,Online,Travel,TR,18.0,0.14010420915510174,0.19088722036411981,0,7
7344,162,22.086958934510932,POS,Grocery,DE,22.0,0.6526776451777702,0.19913081118018156,0,7
3180,102,13.937605164365962,POS,Grocery,TR,11.0,0.47633899625247034,0.10685072689356687,0,7
188,641,307.6115440067737,POS,Travel,FR,6.0,0.14480975206527297,0.1341842721711065,0,7
4147,920,234.06392403966782,POS,Travel,TR,20.0,0.3371819611906543,0.3182609724465808,1,7
1808,885,35.282557947491526,ATM,Food,TR,18.0,0.1870421307365306,0.05559235955090087,0,7
4278,330,88.25162314521816,POS,Food,DE,21.0,0.11470505873295495,0.2619241074956197,0,7
9442,989,405.2885598170017,QR,Clothing,US,18.0,0.2808843540640994,0.3188163136685721,0,7
5663,82,84.48533586801844,POS,Clothing,UK,15.0,0.05948081044119942,0.16396582893619738,0,7
5903,711,104.32439177522242,POS,Travel,US,22.0,0.428015739285341,0.1904362949682648,0,7
9560,198,504.5241149445989,POS,Electronics,US,7.0,0.07034868582644584,0.43267829644951766,0,7
2977,72,63.17690956328474,ATM,Electronics,UK,18.0,0.1330336310553832,0.25672440201544433,0,7
2806,125,30.714039685767965,Online,Grocery,UK,13.0,0.18062771591183407,0.1021722816350191,0,7
1808,508,251.9813686459246,QR,Grocery,TR,6.0,0.29877946419963897,0.5250417162826176,0,7
6521,645,25.882834721259016,Online,Grocery,US,12.0,0.2437721815193398,0.13797739084590555,0,7
9984,610,13.812412019528836,POS,Clothing,US,5.0,0.08982339586404803,0.15839103211415015,0,7
1108,186,235.24482363363174,Online,Grocery,UK,22.0,0.12682774071578562,0.15682394971531222,0,7
3470,838,234.95381131130588,ATM,Grocery,TR,18.0,0.37591041244063367,0.14542971286350379,0,7
5807,657,207.69451978008158,POS,Electronics,FR,19.0,0.32356123198160763,0.22190215792532295,0,7
2198,587,19.93598013656723,ATM,Food,TR,23.0,0.12648868868595936,0.11132908094686553,0,7
4550,896,54.04474193958715,ATM,Travel,DE,6.0,0.27921747596969854,0.44014626662532685,0,7
3277,317,495.32859013802073,Online,Electronics,FR,20.0,0.22415955861154135,0.3085144109835403,0,7
6451,911,43.83825324280308,POS,Electronics,UK,22.0,0.13205421723932081,0.29824279034240175,1,7
8327,92,5.083514575645034,POS,Grocery,FR,7.0,0.09624610443515191,0.23570711358739765,0,7
7282,414,124.98980930642279,POS,Clothing,TR,5.0,0.12568557870967412,0.09098376271755562,0,7
8636,156,33.39954783498294,QR,Clothing,DE,5.0,0.38127196675284847,0.1441278026110584,0,7
6051,6,324.12666154198433,QR,Clothing,US,12.0,0.26405546185125706,0.35094149132865593,0,7
5735,823,11.626668093481976,ATM,Food,FR,23.0,0.13990733396445354,0.25891344698163427,0,7
1343,552,223.6776362125185,POS,Electronics,TR,12.0,0.44076103827625435,0.15862818843546903,0,7
5014,824,95.98259907732769,QR,Electronics,UK,20.0,0.34447359284481865,0.2093092043362015,1,7
4625,938,530.0412039501067,Online,Food,TR,18.0,0.13701557137984216,0.0806277773540893,0,7
1603,573,331.6821565640079,QR,Food,TR,19.0,0.32627540553735385,0.3281430722473472,0,7
5579,270,889.3371919423523,POS,Food,FR,13.0,0.21886238071639227,0.751242529533797,0,7
9036,701,326.73285846677885,QR,Clothing,UK,16.0,0.16010029276588642,0.406793173044117,0,7
7772,548,995.9126675630606,ATM,Grocery,FR,14.0,0.29315329532547674,0.24744687690513192,0,7
3876,26,144.77013025363092,POS,Clothing,FR,13.0,0.23228694637236122,0.46594719444940574,0,7
8023,221,6.715828441523145,QR,Food,US,13.0,0.15736155424002907,0.18841553004406597,0,7
2840,788,140.18524298433724,POS,Electronics,DE,21.0,0.5412177384651322,0.10355830411724795,0,7
980,317,200.18241518663135,ATM,Travel,UK,9.0,0.3740019476319678,0.5211734204147224,1,7
49,420,7.778666115906198,Online,Electronics,UK,8.0,0.1646486494858872,0.09499137732197918,0,7
1995,165,309.1165974553809,POS,Clothing,NG,19.0,0.4017182376817639,0.37298735133190586,0,7
4768,11,703.6941196107615,QR,Grocery,TR,20.0,0.9988067965156529,0.14139580272582591,0,7
3406,888,101.0069624880514,Online,Food,UK,21.0,0.08096854957432444,0.18795014798230564,0,7
4692,103,23.656132732983433,ATM,Travel,UK,13.0,0.15256803954032921,0.6443604374120513,0,7
1921,955,12.502049355329282,POS,Grocery,UK,22.0,0.07812753352026838,0.10412185758172716,0,7
7179,37,47.76284689515096,QR,Food,FR,19.0,0.10152329818430211,0.1411416336642749,0,7
6879,916,2.296202810283366,ATM,Food,TR,12.0,0.16072630979997016,0.17385155156584087,0,7
5256,955,117.29153638764086,ATM,Travel,TR,20.0,0.4677901954889196,0.059903402548477036,0,7
6016,510,85.87609308954399,ATM,Electronics,TR,7.0,0.07954042091724398,0.159926277763142,0,7
1865,163,715.6164990307188,QR,Electronics,US,13.0,0.42442611527463775,0.42970761049452627,1,7
6662,890,226.89027688637452,ATM,Grocery,FR,1.0,0.2797641585877874,0.6149728302205196,0,7
245,432,11.93359166779213,Online,Grocery,DE,17.0,0.43720615241782296,0.20736065437015286,0,7
8343,856,64.84352456905268,Online,Travel,TR,16.0,0.29035528362741553,0.10491720684500341,0,7
2223,841,503.8277437095531,POS,Clothing,US,22.0,0.37234603244219683,0.10134339070203108,0,7
7616,976,119.40675668701094,Online,Grocery,US,16.0,0.1654623474337064,0.23705937837933236,0,7
1577,116,133.8708570844504,Online,Food,UK,21.0,0.661917769285859,0.9055923493328321,1,7
3851,674,140.39520933086825,POS,Electronics,FR,2.0,0.3498315372211559,0.22524246842552212,0,7
7583,614,335.5197889367185,Online,Travel,DE,23.0,0.4403044133302911,0.19105183973736625,0,7
697,75,120.2045915901454,Online,Grocery,TR,15.0,0.35040080868766965,0.21074588282932688,0,7
3506,741,39.82092638123274,POS,Travel,TR,17.0,0.2269251551614104,0.3105433655112869,0,7
7280,190,50.64245821486372,QR,Food,US,19.0,0.19170087297732227,0.11053497586190639,1,7
5418,579,75.34371258385374,ATM,Clothing,TR,19.0,0.34849526440354567,0.11992837806782974,0,7
4257,358,354.9029144718853,POS,Food,TR,19.0,0.152481098711044,0.22448303312881737,0,7
1699,27,0.3791394349023065,QR,Clothing,FR,20.0,0.10247239360294572,0.08326632138264115,0,7
1610,456,77.3336295696861,Online,Clothing,DE,8.0,0.5286606562122721,0.788498315755437,0,7
2694,586,352.6916725495176,QR,Electronics,US,20.0,0.42925106572873767,0.26377011311021037,0,7
4325,437,150.61861438321696,POS,Food,TR,9.0,0.13824813414442605,0.13039386269880832,0,7
3757,661,54.64301300760027,ATM,Electronics,TR,13.0,0.7416715640026242,0.504926378423979,0,7
4470,224,14.385100223521288,POS,Travel,TR,18.0,0.13455612449948945,0.20872396317743613,0,7
2517,964,0.0,POS,Travel,FR,20.0,0.15748077729915994,0.11104641855967287,0,7
2926,182,65.10543860917568,QR,Travel,FR,6.0,0.1462174323692828,0.14417859423169413,0,7
2799,198,528.8191896467439,POS,Electronics,DE,21.0,0.4378527923813543,0.384852390007399,0,7
1865,273,8.921915576361961,ATM,Grocery,DE,15.0,0.23086622565981268,0.3734822398816583,0,7
2436,470,7.587414451055791,ATM,Grocery,US,15.0,0.3682260531702209,0.32318917081845366,0,7
1216,897,32.42102977445968,Online,Grocery,UK,18.0,0.2153472330998149,0.1236680878199441,0,7
2609,360,500.13050117377156,POS,Grocery,FR,23.0,0.5585485863513976,0.6371531023014401,0,7
3074,679,33.14799006822817,POS,Travel,FR,18.0,0.5736984286590177,0.30719940099164367,1,7
8672,288,193.70774229994723,Online,Food,FR,17.0,0.08892853517027371,0.10074365179120606,0,7
1119,514,313.2181458199345,Online,Travel,FR,21.0,0.35509099004512723,0.2858079274872721,0,7
6056,164,47.61553892920137,ATM,Travel,FR,23.0,0.059939616547813705,0.15852569597925242,0,7
3159,482,34.789862249820544,Online,Travel,US,21.0,0.30692800283148486,0.07959596308708894,0,7
8920,9,186.97011866751163,Online,Food,DE,22.0,0.5485959967603049,0.6387692797369589,0,7
4015,358,105.43077358195475,QR,Electronics,US,19.0,0.4703208513682304,0.17935900945255648,0,7
1154,952,21.877967358064822,QR,Electronics,TR,21.0,0.14817565728020318,0.10198966450259019,0,7
8272,283,521.5780515373602,ATM,Travel,TR,22.0,0.09665868635157532,0.2145472827415458,0,7
6270,578,109.99956369883812,QR,Electronics,FR,17.0,0.16354109457939914,0.055086675760747085,0,7
5805,425,66.38844722339728,Online,Food,US,21.0,0.11869809081884136,0.1940623275987426,0,7
3043,270,224.13642267896137,ATM,Travel,FR,8.0,0.22178485431320766,0.1446503679647967,0,7
9518,912,350.1053726156031,Online,Clothing,TR,9.0,0.8859738774585473,0.5902414555352599,0,7
776,274,71.2260854950547,QR,Electronics,US,8.0,0.10818309490364292,0.15260186252768182,0,7
7412,517,65.33054438383773,POS,Food,DE,21.0,0.11704826190639614,0.07595285485989528,0,7
2375,856,82.39849070296037,ATM,Clothing,TR,20.0,0.2931773862957475,0.3152039560684944,0,7
5191,402,488.37622308041676,POS,Clothing,UK,14.0,0.2859699080289382,0.5150925663264327,0,7
6268,781,144.82748730159182,QR,Electronics,UK,21.0,0.21485565724130481,0.3521092933824596,0,7
7955,731,284.93693643835064,ATM,Clothing,US,22.0,0.3070831869784301,0.28319979717455085,0,7
8506,483,70.68518856008725,ATM,Travel,UK,2.0,0.13593696296190677,0.37814703066701005,0,7
6161,558,81.33872158660448,ATM,Travel,FR,11.0,0.11500795163358979,0.29839071451140436,0,7
6415,645,209.49476858679242,POS,Grocery,DE,17.0,0.20874267004761513,0.2990845673851046,0,7
3599,991,140.63062158201234,POS,Food,FR,13.0,0.1134587707872764,0.634413122026117,0,7
7580,715,707.6528356202008,POS,Clothing,TR,8.0,0.3954702352684598,0.14522901513818254,0,7
8616,742,3.73067966355109,POS,Travel,DE,19.0,0.10618690556880092,0.1492462113918831,0,7
4845,21,143.04304303502187,POS,Travel,UK,13.0,0.19887571897470016,0.21696835414100135,0,7
5294,912,211.7015965246768,ATM,Electronics,TR,8.0,0.18495408393419038,0.4506001864285992,0,7
8149,317,15.778024927581384,QR,Food,UK,13.0,0.2230080821472888,0.32354075087909145,0,7
3817,928,101.90044458695344,ATM,Electronics,TR,18.0,0.08968460015406737,0.17159640530796286,0,7
7207,375,156.2796544294381,Online,Electronics,US,21.0,0.23899346620290748,0.42596468787261366,0,7
7786,309,186.23280939513288,QR,Clothing,DE,20.0,0.2667995767584719,0.11231152075438161,0,7
8917,388,122.25751391142516,Online,Travel,DE,6.0,0.43530035338403633,0.15787613710521284,0,7
991,632,692.2074303189869,ATM,Travel,UK,11.0,0.8377197394795758,0.5567166935030223,1,7
1483,801,127.32705302656933,POS,Electronics,DE,17.0,0.16419763222588404,0.09511138676099991,0,7
8195,686,454.88722812207016,ATM,Travel,US,15.0,0.1924284708451752,0.19598530785243803,0,7
9800,367,4.049605860400039,POS,Clothing,UK,20.0,0.11998216545957915,0.10684048997364173,0,7
1600,157,150.4560758908668,Online,Electronics,UK,13.0,0.11194875256422532,0.10798584196307612,0,7
5841,377,46.82558693674566,Online,Grocery,US,22.0,0.20829422754618193,0.178464314047222,0,7
1487,611,17.706960082902235,POS,Electronics,FR,21.0,0.37791638338704614,0.21680040130664563,0,7
4745,18,16.790069395087272,Online,Clothing,UK,8.0,0.20071254316586962,0.1824481794604783,0,7
2684,163,105.73946944344036,POS,Electronics,UK,15.0,0.29696949335843764,0.17024614949986133,0,7
7606,639,496.5577193164639,ATM,Travel,TR,21.0,0.45613459418695623,0.6971737332375988,0,7
6120,164,181.54930061620288,POS,Travel,UK,23.0,0.15540183472534913,0.5085322053605903,0,7
4518,61,90.31375143262531,ATM,Grocery,TR,15.0,0.31355696586617054,0.15392050024008494,0,7
7423,504,62.59653011970708,QR,Electronics,TR,18.0,0.1898541292911534,0.17766894506666647,0,7
2236,985,241.11455971394588,Online,Clothing,UK,19.0,0.1658476616199485,0.4615101759012039,0,7
2697,367,164.55392873276259,Online,Electronics,TR,13.0,0.21750609098788348,0.4285065442678709,0,7
8228,185,517.6422444342464,POS,Travel,FR,23.0,0.2338992622963091,1.0,0,7
3317,521,285.20657172830045,ATM,Travel,US,21.0,0.2601533859269316,0.07846476747156958,0,7
8994,951,35.05735960789669,ATM,Travel,UK,14.0,0.11876748618379347,0.06859912001101617,0,7
1077,512,30.714283585484896,QR,Clothing,DE,19.0,0.15871188009342643,0.1793604711182393,0,7
4681,718,56.64927166883925,POS,Grocery,DE,21.0,0.1051998657498332,0.1814624920436584,0,7
4099,888,23.581798498711745,ATM,Clothing,UK,19.0,0.40756324048058234,0.4482968118103017,0,7
1305,177,335.2476945974505,POS,Electronics,DE,19.0,0.5526727125417679,0.41310035435567305,0,7
6254,559,101.70780314058526,POS,Clothing,US,17.0,0.11328744800034417,0.3371555989790901,0,7
1562,47,0.0,ATM,Grocery,TR,15.0,0.2010097783480468,0.21012969489875732,0,7
8393,497,64.05010277656599,Online,Food,UK,20.0,0.25990505236920247,0.20363694813317268,1,7
5333,342,269.9962317785755,Online,Grocery,US,19.0,0.24432116609415477,0.4291804028807209,1,7
3590,48,6.367402831269374,ATM,Electronics,FR,16.0,0.17414542154246745,0.19995732954238243,0,7
5684,649,48.6907517916749,QR,Electronics,US,23.0,0.21016584067545244,0.13891601643918888,0,7
6191,479,305.4384823313005,QR,Travel,DE,17.0,0.14996570898994585,0.24630694359227653,0,7
2717,641,0.0,QR,Grocery,US,17.0,0.180196631740642,0.26500642563756427,0,7
1047,475,127.60770539679164,Online,Food,FR,19.0,0.30332227775513676,0.3103280463360448,0,7
377,854,76.79932819959399,POS,Clothing,UK,22.0,0.24637990903909085,0.5026293444945897,0,7
5997,13,739.0918996047681,QR,Electronics,US,21.0,0.4961110284366066,0.46103537709092124,0,7
3273,764,235.15833217504553,POS,Electronics,UK,22.0,0.13997714312757162,0.1799148589009424,0,7
5613,762,0.6823178288380505,Online,Electronics,US,19.0,0.30652953357266555,0.10709512256033854,0,7
1646,172,628.2650616783442,Online,Travel,US,10.0,0.09429720812929289,0.15236054241274632,0,7
8217,755,27.404908591486944,POS,Clothing,US,11.0,0.17499481309803414,0.0884002064629705,0,7
1145,459,142.855372325635,QR,Clothing,UK,23.0,0.5208110863279223,0.14841179904431004,0,7
7400,463,316.3754711414966,POS,Food,UK,17.0,0.09017784125385428,0.10400457968857554,0,7
9490,939,39.68628719087886,POS,Grocery,FR,20.0,0.22823109636848382,0.055711162863566394,0,7
3938,211,77.46000951710242,ATM,Travel,UK,5.0,0.38464366096813307,0.1944003636214186,0,7
2292,848,239.99105090827047,ATM,Travel,US,9.0,0.35094377795655674,0.24077343142121596,0,7
2700,112,47.43157362154187,QR,Food,FR,12.0,0.13274214449599156,0.2371347063966968,0,7
9144,168,205.5505028701247,Online,Grocery,FR,10.0,0.2415752666297717,0.09224634491528963,0,7
6008,432,0.0,Online,Clothing,TR,12.0,0.23000254410506454,0.7639048118327033,0,7
5539,508,27.5830002471513,Online,Electronics,TR,15.0,0.09172850325404436,0.2042813508510521,0,7
5116,307,6.452145240222877,Online,Travel,US,7.0,0.09934157550403347,0.07176323879940161,0,7
9290,815,247.3158578332681,QR,Clothing,US,8.0,0.5451303303055425,0.2411501138671318,0,7
6413,299,129.0473507166571,QR,Electronics,UK,10.0,0.2700811499777737,0.25549781515548764,0,7
6917,669,218.79583280613576,POS,Travel,DE,21.0,0.3624528664980613,0.15105462591932525,0,7
9329,541,163.74284396347662,Online,Food,FR,4.0,0.7801727740622683,0.7524021646860486,0,7
3629,354,19.45524399832998,ATM,Travel,DE,18.0,0.06128720432666466,0.08802280433596761,0,7
2156,449,62.502140592026535,Online,Food,FR,23.0,0.3916907449551081,0.15547917535674366,0,7
7640,897,44.3941176633343,QR,Electronics,FR,11.0,0.17633591823401756,0.24969836721488436,0,7
4158,927,350.4039365616999,ATM,Food,DE,17.0,0.0994375010053431,0.49800225997549796,0,7
1941,972,160.3997340998671,ATM,Food,US,14.0,0.31274046254931587,0.3204225092026546,0,7
8262,57,28.313611636175814,POS,Travel,DE,16.0,0.17152712153805738,0.10640897203298148,0,7
761,786,105.94562986513822,Online,Travel,UK,19.0,0.07549219722379966,0.09973983567731373,0,7
7679,75,97.37377451930445,Online,Grocery,US,2.0,0.10120075185963257,0.49127012402500875,0,7
3020,332,50.06917055627628,ATM,Electronics,FR,8.0,0.19266496948339712,0.07043535231279416,0,7
8627,204,0.0,ATM,Grocery,DE,21.0,0.30996027235128765,0.09887537801563417,0,7
8140,643,399.1220439906833,Online,Clothing,DE,18.0,0.13392272615686798,0.8313143245609735,0,7
7818,406,279.8018393391688,QR,Travel,UK,10.0,0.4641832175131494,0.26288580475459156,0,7
6971,581,91.43552864211973,QR,Grocery,US,19.0,0.09441679006536394,0.12303129050787284,0,7
8596,111,47.8298740910978,ATM,Clothing,US,10.0,0.11844413222086493,0.12657063782335234,0,7
6207,118,207.36272610936732,QR,Electronics,UK,22.0,0.0963229440280281,0.1002828787553181,0,7
4124,620,15.392228283295724,QR,Electronics,FR,10.0,0.09028648291930795,0.2676241021460349,0,7
9750,184,1119.4049377068222,ATM,Clothing,UK,17.0,0.30476039017822176,0.5659645441882769,0,7
1124,446,395.50323835865754,Online,Travel,TR,22.0,0.10882320508885561,0.09556966840939382,0,7
4877,996,11.78646556712285,POS,Food,DE,21.0,0.2989363183172589,0.21282683215844436,0,7
4576,319,166.95164817911623,POS,Grocery,TR,13.0,0.33077042079481606,0.1145543654888152,0,7
1328,689,112.84183792596164,QR,Electronics,TR,7.0,0.4015300801921826,0.21542322340422818,0,7
5394,366,356.4871204371962,QR,Clothing,TR,20.0,0.7947606508288757,0.6024934647676858,0,7
8232,372,31.152626287999198,POS,Electronics,TR,16.0,0.08295389211167978,0.08103541977803642,0,7
826,930,99.8735730178884,ATM,Electronics,FR,10.0,0.26957440207638617,0.22500376468817052,0,7
8570,865,1019.7756698562024,POS,Clothing,UK,2.0,0.3906306693422985,0.8858659609354933,0,7
2372,613,34.733120325231766,QR,Travel,FR,13.0,0.09967967171289024,0.06630533303816033,0,7
1084,729,97.5668323496543,Online,Grocery,DE,17.0,0.07550304372930106,0.10855369759232532,0,7
4626,722,45.923812218703816,Online,Clothing,FR,2.0,0.1502993343174401,0.13434335192981356,0,7
5642,263,388.341757800592,Online,Travel,FR,21.0,0.5653695974265673,0.4339568184631918,1,7
6489,253,173.2773760435897,QR,Electronics,FR,23.0,0.26583525600336344,0.21909863119881762,0,7
9543,434,181.65690815587135,POS,Grocery,US,10.0,0.08365359574307853,0.4761625736167007,0,7
6353,293,272.40471155588864,Online,Electronics,DE,10.0,0.1494120684860069,0.12707271737299633,0,7
4324,110,604.8220259311049,ATM,Grocery,FR,20.0,0.1708605564880458,0.22106800223368417,0,7
8955,248,155.36463970748778,ATM,Travel,DE,22.0,0.2319880957073916,0.12258605145303343,0,7
5426,753,12.281802405499237,Online,Travel,FR,22.0,0.10508527131996889,0.30776656355612897,0,7
7558,364,257.21780428414394,Online,Grocery,US,9.0,0.1828283608679613,0.3162249718463284,0,7
5749,999,30.84577985334966,POS,Electronics,UK,19.0,0.30383618048009364,0.18005542120691023,0,7
5555,637,110.70960738983835,ATM,Grocery,US,22.0,0.06905371226873938,0.10010461259000675,0,7
7820,636,0.0,Online,Electronics,TR,23.0,0.16785737731087885,0.24727852191784147,0,7
8666,27,25.0027071551128,Online,Travel,FR,19.0,0.47565736731701613,0.23427759198128964,0,7
7547,833,208.90704589682298,Online,Clothing,UK,13.0,0.3279218936073027,0.23236227876848295,0,7
2036,188,0.7527140679132494,Online,Clothing,TR,23.0,0.17855644931478706,0.06908923218992638,0,7
7550,966,625.9707847233825,Online,Food,UK,6.0,0.6176771204738803,0.3063996165185229,0,7
4453,615,98.28367054012732,QR,Travel,TR,21.0,0.41577678021207554,0.460229838109354,0,7
9635,927,16.950054178549905,Online,Travel,UK,21.0,0.21569614916211025,0.18723319804524702,0,7
1265,442,14.420234514892805,QR,Grocery,US,9.0,0.1355839214045546,0.6011369427134287,0,7
1701,181,7.217014690217531,QR,Electronics,US,21.0,0.17991952766931787,0.17548959559953187,0,7
7953,446,110.34421199607942,Online,Clothing,US,18.0,0.3739216945636287,0.12952931903445902,0,7
4493,489,236.4977328966833,QR,Travel,FR,18.0,0.7701268078124985,0.6025657503510893,0,7
6081,392,457.5330262492438,ATM,Grocery,FR,1.0,0.3111580303224266,0.3092037065145767,0,7
9331,734,2.5145338114486626,POS,Clothing,UK,21.0,0.0944787793028404,0.06775641510026793,0,7
6366,840,11.153850303060622,POS,Food,UK,5.0,0.12078548173803222,0.20986844931169107,0,7
8490,119,63.266547868399485,Online,Food,US,22.0,0.24906222966656594,0.4290195382641842,0,7
902,502,72.34871148988502,POS,Electronics,TR,21.0,0.34975843532812256,0.43956180923697535,0,7
5176,684,208.52136542619775,ATM,Grocery,UK,15.0,0.15149906666913204,0.2636978343064527,0,7
9879,695,119.60794336336144,Online,Clothing,US,13.0,0.1127017088008436,0.11964036514771578,0,7
6554,435,54.04398540374084,QR,Travel,UK,23.0,0.26470972637422874,0.09810481832575943,0,7
1812,678,240.7047179404387,ATM,Electronics,US,10.0,0.3360133303311155,0.6797172330471287,0,7
2964,687,27.53543875248971,QR,Electronics,FR,21.0,0.1124581733860916,0.056830244081545835,0,7
2471,904,31.668185432989766,QR,Electronics,DE,14.0,0.08258495545476484,0.10604454125476137,0,7
8621,215,264.5197527459577,Online,Electronics,FR,22.0,0.13747948801666318,0.35374727942383016,0,7
6336,75,41.014117479348336,QR,Grocery,DE,11.0,0.23734619768119478,0.08242118919508012,0,7
5028,942,31.440041171478136,POS,Clothing,TR,22.0,0.2398881852499177,0.26985359796150066,0,7
3729,719,35.22898491781189,ATM,Travel,DE,6.0,0.10872597241870408,0.15870121555222128,0,7
6252,400,313.3536264001872,QR,Grocery,US,17.0,0.4069631606510627,0.16087201708949614,0,7
3077,720,0.9344613160592403,POS,Food,FR,22.0,0.2803504648972239,0.13177991392534544,0,7
613,627,336.8213817213537,POS,Electronics,US,19.0,0.14073213413138233,0.24352932008963776,0,7
3419,489,21.79647850343684,ATM,Clothing,US,21.0,0.1634120242361756,0.07872473718198439,0,7
196,103,311.61013551521756,ATM,Electronics,TR,7.0,0.26461553018930195,0.1444755255129854,0,7
1834,90,12.014651373922419,ATM,Travel,TR,16.0,0.08830084481920662,0.10542742974941868,0,7
3387,539,196.9051246350728,ATM,Food,FR,21.0,0.15612285280257307,0.1185755821884141,0,7
1920,142,21.680584747361394,Online,Electronics,FR,18.0,0.578401170853711,0.16690899579152219,0,7
7911,82,39.37543421546123,POS,Grocery,TR,14.0,0.0645312093949914,0.20852062949459022,0,7
8567,907,5.381343634957959,ATM,Grocery,DE,12.0,0.17921540634136723,0.5630244482626315,0,7
8846,23,94.07259703132839,POS,Grocery,TR,22.0,0.06773323445873645,0.0856846018820745,0,7
1546,551,340.0863984909392,POS,Clothing,FR,22.0,0.0657316615609008,0.06908913907977768,0,7
6165,528,5.666550306223339,ATM,Grocery,DE,7.0,0.17130611457129455,0.20747447262124524,0,7
9150,922,85.69520217671102,QR,Grocery,DE,17.0,0.08878927400607639,0.24954953615713443,0,7
3046,541,364.01588909207834,Online,Grocery,DE,18.0,0.2889738154523616,0.6875024105143361,0,7
9066,847,28.802916827833158,ATM,Grocery,TR,14.0,0.07344037161122499,0.38623931767056224,0,7
8032,315,8.115979662099624,Online,Electronics,FR,16.0,0.11446949068158574,0.09729219629462929,0,7
7969,9,982.0497315010974,POS,Electronics,FR,21.0,0.15158118063465134,0.22488662731765224,0,7
4552,889,14.28362249794154,Online,Electronics,UK,13.0,0.16026681794427358,0.16673653022964674,1,7
3313,274,217.81813745761715,POS,Food,US,21.0,0.196765763564425,0.21419126238613934,0,7
8103,849,7.411100979541075,Online,Electronics,US,15.0,0.202433882843738,0.11069963857118921,0,7
8163,681,39.71840259627902,QR,Clothing,UK,3.0,0.19641494652341382,0.11037162838888884,0,7
8903,216,28.4449490749585,Online,Travel,TR,12.0,0.07099867788865324,0.12859449858042044,0,7
6332,721,227.633042575108,ATM,Travel,FR,20.0,0.31783440830903675,0.3499288010329321,0,7
4380,22,186.21303136882293,Online,Food,DE,22.0,0.2199728834852247,0.10561304138185021,0,7
8692,20,204.47795932773684,POS,Travel,TR,5.0,0.12249125577090039,0.0818172469051614,0,7
6746,107,103.08227836580315,Online,Food,TR,21.0,0.07507869870371264,0.15209633010981596,0,7
5519,660,300.86503498069527,ATM,Travel,UK,11.0,0.07093410707025573,0.08755232569833124,0,7
1635,438,239.5544096827852,Online,Food,DE,18.0,0.41396136174203,0.1617617306656659,0,7
7686,384,104.53156988971088,POS,Grocery,TR,19.0,0.060822125742048705,0.20451381133942675,0,7
5532,264,22.77739731167444,QR,Food,DE,20.0,0.30764154849571473,0.33603160055970527,0,7
8184,902,379.11912975619936,Online,Grocery,US,20.0,0.07973013036152464,0.25633611647804916,0,7
7249,309,72.28811069910222,Online,Electronics,TR,8.0,0.18797475050853896,0.5863823816355602,0,7
4664,656,320.7218516612643,QR,Food,DE,22.0,0.3531754191934199,0.4190422916783253,0,7
7533,0,177.43265443990774,QR,Electronics,UK,22.0,0.3735326570766454,0.3603700502096513,0,7
8350,877,18.81001018664442,QR,Clothing,UK,8.0,0.2374405472229888,0.3060073408893093,0,7
2758,64,55.978423400474625,Online,Clothing,TR,15.0,0.17913823805018952,0.48274817681989907,0,7
912,834,39.85204102996147,QR,Food,UK,1.0,0.18886093002206916,0.2773054215542875,0,7
3301,310,400.4525351895352,ATM,Food,FR,12.0,0.12469942611845639,0.16265705286547033,0,7
2963,488,2.445393537784335,Online,Travel,TR,21.0,0.1229519363312657,0.3451254188698933,0,7
4490,195,84.51946384781391,Online,Travel,UK,10.0,0.19354585705200894,0.1279402907205019,0,7
4842,530,18.527578242207063,Online,Grocery,UK,15.0,0.23310837111222676,0.2087460050989945,1,7
5224,616,277.08766671786543,POS,Food,UK,6.0,0.4615221628882078,0.3592013727865826,0,7
2197,738,12.589751416565717,POS,Travel,FR,3.0,0.14513872526986127,0.5086568059836324,0,7
7459,851,785.8708752457885,ATM,Grocery,UK,22.0,0.2493092467309182,0.23443631953527816,0,7
6204,341,87.70794162472174,POS,Clothing,TR,18.0,0.16672025121565764,0.19142611733854348,0,7
8093,201,174.29719102934615,ATM,Travel,US,5.0,0.3798666001018555,0.39101206077787987,0,7
2976,880,164.88458807948035,Online,Clothing,US,16.0,0.15487551162135207,0.1929135225439979,0,7
2698,769,78.9479746161681,ATM,Travel,DE,17.0,0.25996741938447965,0.17196832462450384,0,7
2163,188,429.43637790326983,Online,Electronics,TR,19.0,0.08196677925219711,0.07686806452263312,0,7
7450,928,64.00057519610955,ATM,Food,US,21.0,0.08874513132056322,0.19435041621972818,0,7
9386,811,158.53627322161526,ATM,Grocery,NG,21.0,0.15825003183436845,0.1769338596784156,0,7
8767,876,202.98630691039716,ATM,Grocery,FR,18.0,0.09553234803645533,0.19440250589749553,0,7
7442,819,143.96043257645115,POS,Clothing,FR,11.0,0.18261047415785875,0.22817300963342566,0,7
7627,200,129.31721840506788,Online,Travel,UK,16.0,0.3330271861455014,0.28295069641478415,0,7
1164,736,8.952802947867136,QR,Travel,DE,20.0,0.08594027849287035,0.2517321152203144,0,7
306,693,176.19623875667935,QR,Electronics,FR,12.0,0.08827465699920119,0.4510505361672249,0,7
7075,186,62.432859584147074,Online,Grocery,US,19.0,0.2644081280253588,0.1566112296719293,0,7
1766,332,91.42765354763542,POS,Electronics,UK,19.0,0.16147612480660023,0.07481257606302393,0,7
9539,5,58.14525023079341,ATM,Electronics,TR,12.0,0.1145511335062981,0.1450200660742626,0,7
5208,938,163.97773972121576,Online,Travel,FR,21.0,0.15303998700501345,0.4162725082841918,0,7
917,175,15.341869413564925,ATM,Clothing,UK,21.0,0.13463577461865434,0.20573567147268265,0,7
6875,539,0.7604656870369637,QR,Travel,TR,22.0,0.20696459227353378,0.10307279329823632,0,7
1190,232,13.876674245287465,POS,Food,TR,16.0,0.11209620130248842,0.5838611845023961,0,7
5168,432,63.61199855097414,POS,Grocery,FR,20.0,0.12048525320373807,0.062465103489752184,0,7
3025,990,81.78654446766367,QR,Clothing,TR,22.0,0.0980083618512848,0.08299302343571904,0,7
4726,105,232.12360647909935,QR,Food,FR,5.0,0.21280910770324554,0.494220793001908,0,7
1841,605,122.04449689189198,ATM,Food,US,22.0,0.12297626997779437,0.1577055693101121,0,7
5476,82,102.54639540868135,POS,Clothing,FR,22.0,0.12862064463365488,0.4205872702654519,0,7
8520,10,66.31862695887708,QR,Clothing,UK,19.0,0.21149940524167726,0.21704518260922578,0,7
8937,156,258.7468662636436,ATM,Food,US,19.0,0.18869854915073664,0.5475929203235228,0,7
6894,42,307.97056554061567,Online,Food,FR,13.0,0.8294886808024132,0.14507050564471524,0,7
596,524,190.64402967636238,Online,Electronics,DE,19.0,0.16961769131775148,0.8819763972185874,1,7
4745,170,817.1911093464059,ATM,Grocery,UK,12.0,0.3551291808115341,0.3381690584042161,0,7
5945,279,339.3798267491797,ATM,Food,TR,22.0,0.08843032025261043,0.1361011025002584,0,7
6131,908,171.89768598352018,Online,Clothing,US,20.0,0.13793849627315696,0.1119492222381257,0,7
326,707,24.21399443215045,POS,Food,FR,3.0,0.10452042969545511,0.21191323731696632,0,7
4782,92,80.55705157166246,ATM,Food,DE,15.0,0.075075473534713,0.09763027599983541,0,7
235,309,136.42250112554638,POS,Grocery,TR,5.0,0.10327128854634948,0.13295689839829453,0,7
2203,214,8.568053562041358,QR,Food,TR,18.0,0.17018446156431494,0.07229562664189167,0,7
7862,403,18.445171068665,POS,Grocery,DE,6.0,0.14734029331588794,0.11506860724215709,0,7
9934,916,803.1169431370565,ATM,Electronics,US,21.0,0.19512774256412918,0.2721724806546237,0,7
8481,871,140.25832630441005,Online,Electronics,US,10.0,0.32586690709641114,0.2978754356842269,0,7
3830,796,3.1045765000396086,QR,Food,FR,11.0,0.3285482821375542,0.18999614963610625,0,7
9089,514,52.913393931301755,ATM,Clothing,US,15.0,0.06682679832572701,0.36407838627191247,0,7
5298,207,403.90299495129403,POS,Grocery,UK,2.0,0.292643952042781,0.2041300558848168,0,7
2914,142,126.17948574069784,POS,Food,US,14.0,0.07319578776268448,0.4041808559623604,0,7
631,509,156.98300542130318,POS,Food,FR,23.0,0.08095109696881479,0.2391162984965471,0,7
8549,708,275.8609395054412,QR,Electronics,US,21.0,0.07038409872078517,0.4949563165511612,0,7
3532,671,394.2788450416696,POS,Food,TR,22.0,0.11473232309509182,0.6170566204461453,0,7
2446,283,323.66926193394,ATM,Grocery,US,12.0,0.1730521733967943,0.4526883660671683,1,7
2911,649,100.62450357378415,QR,Food,FR,18.0,0.34813682489710496,0.12223497009806805,0,7
7527,497,145.1902752857511,QR,Electronics,FR,19.0,0.24662752580243907,0.2146920474205083,0,7
98,73,31.528784410053134,QR,Clothing,TR,22.0,0.25474644416217473,0.10401179734182764,0,7
4087,412,71.41288055546275,POS,Food,US,15.0,0.19944979018150216,0.29526298709927484,0,7
8329,907,97.2588723926486,QR,Travel,TR,15.0,0.2964778853130119,0.08187554174313377,0,7
8267,33,633.9527949123902,Online,Clothing,US,4.0,0.567275346695025,0.18404766804288356,0,7
4386,833,0.5236529205158069,POS,Electronics,TR,12.0,0.07192334483751558,0.28214780290705826,0,7
5101,428,191.28608413019464,Online,Travel,TR,3.0,0.5723720100637931,0.1802154650465328,0,7
8465,60,635.9287928489575,Online,Electronics,TR,15.0,0.06708909801741024,0.24217702494429622,0,7
8589,730,164.7033274234446,QR,Food,US,10.0,0.08585726652863306,0.239183065366664,0,7
54,136,207.23299859518318,Online,Clothing,FR,8.0,0.5391158068525349,0.22909588759190064,0,7
5797,787,216.9925471181011,ATM,Travel,TR,6.0,0.2134160378450214,0.15071177684410164,0,7
9394,700,308.030094399153,POS,Food,TR,17.0,0.5380716623734974,0.38109228295047004,0,7
9079,340,38.876174387418686,QR,Travel,US,21.0,0.24728222187428978,0.12105239417960113,0,7
1009,127,175.08355684741193,Online,Food,US,10.0,0.5739926311081103,0.41081436433122304,0,7
4186,150,75.380553906922,QR,Travel,TR,18.0,0.10181049989763274,0.4180526838686694,0,7
5983,230,165.36509594395815,ATM,Food,TR,14.0,0.2712819059052699,0.9133755872820384,0,7
2877,404,362.6672849681299,Online,Travel,UK,17.0,0.15693786410116956,0.26864090418490777,0,7
4779,58,90.69300266862234,QR,Electronics,TR,23.0,0.10943281900876235,0.3064045577845839,0,7
9962,778,59.39963627957609,QR,Food,TR,18.0,0.2161299674415216,0.2743998407814303,0,7
142,222,145.91312187832432,POS,Electronics,UK,18.0,0.10248074070646589,0.11765826041139663,0,7
1311,158,38.11100541467224,Online,Travel,UK,10.0,0.40289809037355956,0.07842655188110931,0,7
795,847,213.2081779709558,ATM,Travel,US,21.0,0.32760490328405867,0.5007367015723898,0,7
8750,435,254.67319367186005,Online,Food,DE,23.0,0.12598128194793068,0.18004837747802876,0,7
9832,909,43.669650495343404,POS,Food,DE,18.0,0.10842468258874277,0.06638358017521362,0,7
8963,283,466.7087855052892,QR,Clothing,TR,10.0,0.15484869283385155,0.13938432856221417,0,7
9912,19,5.322753928758148,QR,Clothing,UK,10.0,0.3860989925685466,0.13729428901707602,0,7
5472,824,56.04918138980783,ATM,Clothing,DE,18.0,0.18727135883376636,0.18595165668770505,0,7
474,990,195.4830014112997,ATM,Electronics,UK,22.0,0.08551936359571825,0.20790016843776649,0,7
6938,91,256.4412932970311,POS,Grocery,TR,18.0,0.2195738484033943,0.36931873245230196,0,7
7331,605,189.99114184007124,ATM,Travel,TR,2.0,0.2868694165284763,0.15247465832648388,0,7
4533,222,318.752792299069,QR,Travel,DE,10.0,0.2176774020621745,0.15368699944621006,1,7
4550,279,6.972706351479398,QR,Electronics,DE,21.0,0.1266595097136374,0.11253474154328028,0,7
8829,365,20.31841751366104,QR,Electronics,FR,19.0,0.34362437477461166,0.47293731576156894,0,7
2170,644,392.36475440692493,POS,Grocery,FR,20.0,0.3006165336238403,0.08739024763244568,0,7
1849,273,18.496533219754397,ATM,Clothing,UK,21.0,0.12787827734389928,0.1811069134046202,0,7
2695,907,170.9372476057457,ATM,Electronics,US,15.0,0.1625363857684536,0.05816234277578865,0,7
6886,294,262.0288541972244,Online,Electronics,UK,21.0,0.21987276704557554,0.41584554234485893,0,7
7053,414,9.575104186874198,ATM,Food,DE,2.0,0.3966919309125039,0.31933844929638866,0,7
6442,203,606.2039997008557,ATM,Clothing,TR,20.0,0.24017671235180985,0.3979588052695067,0,7
5162,755,61.57064674226053,ATM,Grocery,FR,10.0,0.06658906298527104,0.15843608881322602,0,7
8087,325,12.168524227057231,POS,Food,TR,13.0,0.28424344722731404,0.3053288752224905,0,7
5185,687,18.10420715624875,Online,Travel,DE,21.0,0.20401664040236392,0.4172987846123641,0,7
8330,745,208.57503934163634,POS,Travel,US,8.0,0.3289566762912889,0.49683945439278243,0,7
7637,554,22.052519529511674,QR,Clothing,FR,22.0,0.06323131483291987,0.1139093866272318,0,7
7176,881,437.0646315146172,POS,Grocery,TR,11.0,0.11720006312889916,0.24198105245526305,0,7
1979,20,47.18342312046412,Online,Travel,UK,7.0,0.21256867613781888,0.23309349435617077,0,7
3695,573,337.26388288305765,Online,Grocery,US,18.0,0.4343146920353035,0.3639664056006766,0,7
1522,884,40.503504123578544,QR,Electronics,TR,7.0,0.10402042854664541,0.20042065637476214,0,7
986,557,146.37958536280115,ATM,Grocery,TR,21.0,0.3663274731783875,0.18741200992160606,0,7
9898,214,48.260923298459275,QR,Clothing,US,22.0,0.1381228937468051,0.18390821581511263,0,7
8529,329,40.801402729092736,QR,Electronics,UK,5.0,0.15219354477137628,0.2047648942765008,0,7
8820,309,13.511939495353406,POS,Travel,FR,23.0,0.22563827244005408,0.17295732693693994,1,7
2251,535,726.0855932992058,POS,Clothing,TR,14.0,0.45925666132550774,1.0,0,7
1628,234,46.72120946412953,Online,Clothing,TR,22.0,0.14133405884250852,0.21759282277972847,0,7
2365,185,348.01986777514367,QR,Grocery,FR,18.0,0.2660364274640667,0.21260863180281978,0,7
8909,156,89.8725555921874,ATM,Travel,TR,20.0,0.1482928491681123,0.1632400584276908,0,7
5039,44,0.0,Online,Food,UK,22.0,0.1901315287864766,0.1155364403424223,0,7
830,516,97.3548867480622,QR,Grocery,TR,19.0,0.177302986549417,0.058159458214675636,0,7
7507,527,8.547118758790289,POS,Food,TR,19.0,0.2248768587149729,0.2100340868786811,0,7
4126,912,259.98518074707005,POS,Grocery,US,3.0,0.09965932222628596,0.19425776401698286,0,7
4022,844,106.44912741413664,QR,Electronics,US,5.0,0.2616870892678374,0.28497901492548283,0,7
677,749,398.08385173374563,ATM,Travel,FR,22.0,0.230496338058689,0.282423090022956,0,7
7523,121,45.58786462984113,QR,Electronics,US,20.0,0.17573842167425943,0.2634258118714223,0,7
9762,395,117.08615754927155,ATM,Travel,TR,17.0,0.1281989477233553,0.10548691467251417,0,7
3299,911,57.03409918877475,Online,Grocery,UK,21.0,0.20619215111170391,0.32126910230762884,0,7
3468,387,86.82412429390718,QR,Clothing,FR,8.0,0.21368513584537543,0.2067030910352215,0,7
1865,738,61.8794706621109,ATM,Clothing,UK,22.0,0.3737824921191554,0.21448210347872865,0,7
5868,250,125.15688640981092,ATM,Travel,TR,16.0,0.2174882277838736,0.10589962196273693,0,7
7374,823,47.910776899161455,Online,Grocery,FR,18.0,0.2622690193756016,0.2456078261040846,0,7
5260,64,148.8859096797374,QR,Food,DE,13.0,0.10503575663941161,0.15480488679679466,0,7
4201,939,20.65458308394215,QR,Food,US,15.0,0.13539694996289808,0.1142721937707023,0,7
6587,621,434.4844602677509,POS,Travel,FR,20.0,0.5473865183517089,0.505844012145846,0,7
3916,886,503.5929744704042,Online,Grocery,TR,7.0,0.28820303335591346,0.07207782129872416,0,7
6853,578,242.75197679650555,ATM,Clothing,TR,17.0,0.20648018145810879,0.5559912688720897,0,7
8028,470,192.85992836424123,POS,Electronics,TR,22.0,0.13280065126125618,0.3066772478058939,0,7
1020,362,271.805029704179,POS,Travel,TR,16.0,0.28100589736525283,0.16027201023950619,0,7
6781,523,547.6277176053895,POS,Clothing,US,12.0,0.18650613427784393,0.2562879696290691,1,7
274,418,91.93877295692465,QR,Grocery,TR,21.0,0.2749005057937225,0.22175686081822354,0,7
524,648,35.376830376571746,QR,Grocery,US,19.0,0.1908412498304337,0.06681575557799257,0,7
2185,52,63.911986021577235,ATM,Food,FR,14.0,0.5178737577740187,0.18524103979082415,0,7
2818,949,166.34325874032388,QR,Travel,TR,18.0,0.11727138549397936,0.183728897380375,0,7
2382,78,363.471421032141,ATM,Grocery,TR,1.0,0.27927758408480663,0.16313172590106478,0,7
7575,962,131.71572169962462,QR,Food,UK,8.0,0.07811049587422583,0.0756447810405612,0,7
5139,560,23.51485309127584,Online,Grocery,UK,9.0,0.08279695365505113,0.12043329069594731,0,7
5986,43,589.2056383045385,ATM,Food,DE,2.0,0.17032698054774134,0.28010324409292225,0,7
2494,137,39.84621936129575,Online,Grocery,US,13.0,0.05745626176871745,0.2571870921403747,0,7
2283,15,105.95182067687084,ATM,Clothing,DE,16.0,0.2900986419081979,0.376318046874957,0,7
5614,667,52.31215445825393,ATM,Grocery,FR,18.0,0.11870640946773145,0.15332326505780774,0,7
9725,993,10.835701590100593,POS,Clothing,US,20.0,0.15593860816795607,0.07741212343948974,0,7
739,460,97.62633908118738,POS,Food,TR,20.0,0.2375075993621158,0.23361188036321445,0,7
8719,813,23.93030828618056,QR,Travel,TR,12.0,0.1606706213932685,0.40799025935082733,0,7
4766,393,373.4342134613173,Online,Clothing,UK,22.0,0.6441150875188131,0.4374298287998757,0,7
1728,932,15.024963317006161,QR,Food,US,23.0,0.44307162175706355,0.1344230674798632,0,7
3163,980,288.01787122456454,ATM,Electronics,UK,0.0,0.18317683630293452,0.10684911079766689,0,7
4975,648,13.676470908119045,POS,Grocery,DE,2.0,0.057809391407721414,0.07966438710260224,0,7
8934,721,43.64094330098315,POS,Travel,FR,17.0,0.2647555220564362,0.13283571376214484,0,7
6360,736,351.03214627696576,ATM,Clothing,US,13.0,0.45923565442802317,0.13123438650329092,0,7
1648,45,16.92570279532511,Online,Food,DE,22.0,0.16166735504799978,0.36347040390814245,0,7
8276,817,157.9454602379137,ATM,Grocery,FR,20.0,0.6001504635685164,0.2533871448089753,0,7
2015,814,10.116619280071932,Online,Electronics,DE,23.0,0.2481682657323909,0.12063254336645138,0,7
3706,334,9.484573805847582,ATM,Food,US,19.0,0.6642236061318179,0.15831825675054884,0,7
8227,777,31.66855439150236,POS,Electronics,DE,6.0,0.3872812055042403,0.09654387017936729,0,7
3558,720,286.812512538273,POS,Travel,DE,18.0,0.5091259509530497,0.4559319234365145,0,7
3520,236,677.1634531358814,Online,Grocery,US,14.0,0.30830887151365327,0.46164968470080536,0,7
1119,842,255.6498065334306,QR,Grocery,FR,15.0,0.3497233827891417,0.12845269958176275,0,7
8346,566,255.90386371037863,QR,Food,UK,8.0,0.12353737941456891,0.21548910630748033,0,7
1307,98,71.40861673856381,Online,Travel,DE,22.0,0.12639622976557616,0.33943092733117325,0,7
6990,337,310.18368094995117,Online,Food,TR,16.0,0.1973260469735773,0.1563121299247858,0,7
960,274,14.454255607934615,POS,Food,TR,22.0,0.08274801649110106,0.28065602231729286,0,7
3515,990,37.127002752355004,ATM,Food,FR,4.0,0.10331498661086852,0.18305277684794613,0,7
3113,11,182.53986104429953,QR,Grocery,US,19.0,0.07608468644786072,0.0961977576600303,0,7
7659,186,487.6037940767891,POS,Food,FR,14.0,0.3436882872013741,0.27646943329888307,0,7
7771,180,449.32291350890057,QR,Travel,UK,22.0,0.2918008157879934,0.7876491485492337,0,7
8230,824,27.767224263545703,Online,Grocery,UK,12.0,0.1438713818505776,0.29679741430092416,0,7
84,348,319.1949801289933,QR,Clothing,UK,14.0,0.5497954092956439,0.35462809599826073,0,7
5409,179,87.0992366405547,POS,Clothing,TR,15.0,0.1964439177735015,0.19818104481057658,0,7
960,964,38.72110311102459,QR,Clothing,US,7.0,0.33597123342740276,0.21496210555955655,0,7
6753,647,76.02414683820024,Online,Grocery,UK,8.0,0.21361293623687466,0.22811205129534562,0,7
1863,73,558.5602734235478,Online,Food,US,8.0,0.48009907419210257,0.5329735078649805,1,7
1870,497,129.934938077517,POS,Travel,FR,18.0,0.5666411929964195,0.45867326541531334,0,7
6800,702,335.49879658906656,QR,Grocery,US,6.0,0.2978035790731183,0.22555594046222027,0,7
2867,648,23.44399739951267,QR,Clothing,DE,7.0,0.6046600657599086,0.48449733121899274,0,7
2057,374,81.16865320013679,Online,Electronics,FR,15.0,0.19210109127891625,0.06787919182398397,0,7
6464,757,45.90981836931186,Online,Electronics,DE,9.0,0.2333926822601596,0.5744573760996208,0,7
4820,678,2.7160474582615897,Online,Travel,UK,13.0,0.07391538838697177,0.22561732211860183,0,7
2487,337,47.14430540493047,Online,Electronics,DE,14.0,0.25911864838679877,0.421969101827352,0,7
9311,68,72.96035953195988,POS,Grocery,DE,21.0,0.11231568780451448,0.20795561078721,0,7
4631,430,724.6769852763251,QR,Electronics,DE,14.0,0.20940332826745425,0.24770426667872458,0,7
5622,197,107.55839413985917,Online,Electronics,UK,20.0,0.077436561020195,0.24430853701725214,0,7
3811,859,469.3570108503505,QR,Electronics,FR,19.0,0.3692943840755781,0.21252386708603832,0,7
496,181,16.641901187968653,ATM,Clothing,US,3.0,0.17495725846585605,0.18055548889758766,0,7
824,913,0.0,QR,Electronics,TR,21.0,0.17593441789284414,0.11986673473384281,0,7
7959,893,317.9898710712711,Online,Electronics,UK,13.0,0.48072025208174624,0.5138433691859904,0,7
1347,217,125.40379679105163,ATM,Grocery,FR,14.0,0.17165360504594782,0.10952081118400811,0,7
4161,40,12.460589096397326,QR,Electronics,DE,20.0,0.0606431016291493,0.10090692780534125,0,7
8264,760,12.963840971010155,Online,Travel,FR,22.0,0.316571853111263,0.06486016401951146,0,7
8198,870,126.13483084657925,ATM,Food,UK,14.0,0.2156381999726958,0.07324684324465794,0,7
6279,438,88.91813019129248,Online,Grocery,DE,11.0,0.18927640024407644,0.15069104088212143,0,7
71,620,176.5665443260576,ATM,Clothing,FR,16.0,0.13195761972474865,0.13384761401576495,0,7
3207,7,152.45673929194817,ATM,Grocery,US,15.0,0.5806563067164556,0.22364314924358145,0,7
8822,651,0.0,POS,Food,TR,20.0,0.06249333457461551,0.07754504877215716,0,7
3337,890,59.81300094575544,QR,Travel,TR,21.0,0.0772317799042822,0.1631273911549298,0,7
1191,537,60.91810983960882,Online,Food,UK,17.0,0.22753567827662624,0.589011145832343,0,7
3772,590,38.13704998870478,POS,Food,TR,9.0,0.3409834054936466,0.27493304475328084,0,7
7725,257,358.75753250058136,POS,Clothing,FR,22.0,0.34292635399333526,0.3230397823558685,0,7
8150,991,0.0,POS,Travel,DE,7.0,0.2168205926660095,0.2106269103217028,0,7
4242,158,80.3703560951205,Online,Grocery,US,20.0,0.15226874148213373,0.17910802068649379,0,7
1481,965,117.89970396545174,QR,Grocery,DE,22.0,0.166860592731407,0.16470496033393692,0,7
3825,255,22.690190706277818,QR,Grocery,TR,8.0,0.30529180154600827,0.22243884143149525,0,7
6725,812,0.6328000638500129,QR,Travel,DE,11.0,0.27964620451117495,0.10005438573212479,0,7
4537,301,451.1116696748172,QR,Grocery,DE,17.0,0.41181122440084333,0.4175317652580356,1,7
2673,848,53.589202372965005,POS,Grocery,DE,22.0,0.3405003371394587,0.28482432237425775,0,7
9794,413,247.9870440206681,Online,Food,UK,9.0,0.1743607571829686,0.3294707356215545,0,7
4313,322,482.5590618316237,POS,Travel,TR,21.0,0.29416979249474967,0.22609727646593217,0,7
4877,687,98.78362405170907,Online,Travel,FR,1.0,0.32194631611414803,0.6526441406840453,1,7
6070,655,85.99910546728873,Online,Travel,DE,23.0,0.15745564246894195,0.11731524279018098,0,7
8841,58,102.02177120393442,ATM,Food,DE,16.0,0.5600401164789378,0.32065728984484876,0,7
8888,126,75.46256223411268,ATM,Grocery,US,19.0,0.33872933799950483,0.19405795240229184,0,7
1292,594,238.70106579359873,QR,Electronics,TR,15.0,0.15281508423924298,0.5212354162447297,0,7
1122,21,13.993626450537615,ATM,Food,US,22.0,0.05750954689317561,0.09947895971094954,0,7
9125,409,198.45939046400338,Online,Food,US,20.0,0.14145729197741452,0.22977271590093892,1,7
1617,865,32.42157574851521,Online,Clothing,US,18.0,0.2693207731164987,0.1132874983321869,0,7
9289,308,159.70140567591002,ATM,Grocery,DE,19.0,0.17809656761836118,0.30179434208842204,0,7
9068,745,1.2096192806231842,QR,Grocery,UK,14.0,0.5015797483389823,0.09269560017622715,0,7
3206,379,166.50988846876902,Online,Electronics,FR,17.0,0.06148699513584929,0.1044109844412553,0,7
6121,607,76.02651373780871,ATM,Travel,FR,22.0,0.06999074556156341,0.32838207845626954,0,7
7116,704,84.76925999187743,POS,Travel,FR,23.0,0.07625056423515138,0.15043275776242448,0,7
4801,336,769.4798267962688,Online,Electronics,DE,11.0,0.2657649314890797,0.27927518710380445,0,7
6831,34,3.105010666678192,POS,Food,TR,4.0,0.28697220540114465,0.12413752549708834,0,7
2774,445,48.74146300762126,Online,Clothing,US,22.0,0.07501055709352131,0.06920747318644391,0,7
7407,966,26.462228874935843,ATM,Clothing,FR,20.0,0.1319423246250105,0.19585506197688857,0,7
8411,108,4.128118625442227,POS,Electronics,TR,9.0,0.1744567751880164,0.08735347319670814,0,7
5635,799,39.24662977849725,QR,Clothing,UK,21.0,0.351213764788501,0.2922578703203892,0,7
4920,150,143.31797218847422,QR,Food,FR,21.0,0.22607007860381706,0.20854359682720472,0,7
8816,797,305.83830239302154,QR,Electronics,FR,21.0,0.12282869624965997,0.12967320744278069,0,7
4296,233,41.32009294556076,Online,Clothing,FR,22.0,0.198154434905698,0.17324586467633724,0,7
4131,414,57.00867177888006,Online,Clothing,DE,17.0,0.12164001950972252,0.11814814105550162,0,7
8062,855,61.137426217407835,POS,Food,FR,7.0,0.250660765341225,0.09854852557541299,0,7
3283,420,4.882676433070166,Online,Food,UK,13.0,0.13955720325474624,0.20593799832654647,0,7
6506,79,26.304558861653305,POS,Clothing,US,7.0,0.15174541313408654,0.4519827215710404,0,7
4339,881,6.432755546565024,ATM,Electronics,US,14.0,0.1027022703305796,0.3426157659624531,0,7
2272,272,162.70982048888612,POS,Electronics,FR,12.0,0.24743645001281184,0.11186717820417956,0,7
3920,700,206.04198055571092,POS,Electronics,US,12.0,0.11920431492453536,0.05900054177750633,0,7
7582,244,80.3338402267488,QR,Clothing,US,19.0,0.23362304920291443,0.17633617648699929,0,7
7991,324,2.0330713203861186,POS,Clothing,FR,10.0,0.14587952032246915,0.09149378709412913,0,7
1832,656,229.08766468782838,POS,Clothing,DE,17.0,0.14408018389739224,0.41346361138165866,0,7
5265,567,301.0430362820097,ATM,Grocery,DE,17.0,0.17068234275594482,0.12547811481431995,0,7
6810,597,380.1490169548309,ATM,Travel,US,20.0,0.2042499595272486,0.225994054471448,1,7
2377,353,123.78106984502591,POS,Food,US,17.0,0.6981039211844642,0.7218869521663378,0,7
9971,624,244.2178688322703,Online,Food,US,6.0,0.17267326395049531,0.22057327664933962,0,7
8157,306,122.40418956094037,ATM,Clothing,DE,16.0,0.18096311988806524,0.1513740677300674,0,7
4728,523,216.24712960672582,ATM,Clothing,US,17.0,0.35365957386196295,0.2089372595152719,0,7
2549,647,564.4782238829656,ATM,Clothing,DE,21.0,1.0,0.24317486791087212,1,7
8929,800,536.2764145897754,ATM,Travel,FR,22.0,0.44223460791973196,0.4308031464976322,0,7
2391,920,165.04693662822453,Online,Grocery,TR,0.0,0.333229958145205,0.162566350158701,1,7
887,387,368.6833435595724,POS,Food,DE,8.0,0.35806955226313103,0.30396489765398665,0,7
6165,663,207.84314846543035,POS,Food,DE,17.0,0.13540085624183015,0.3150902922125568,0,7
6495,986,292.3453158648576,Online,Food,TR,16.0,0.1275759778776195,0.08770504063121651,0,7
9568,540,39.500228678017784,ATM,Grocery,UK,19.0,0.17663929412958634,0.3209072251791194,0,7
1496,782,176.3588864506806,POS,Travel,TR,19.0,0.4549411177459955,0.17412880736694586,0,7
9156,477,32.69229313217289,QR,Food,DE,17.0,0.2046661680066818,0.30811940514163016,0,7
4796,918,171.99883241529133,POS,Grocery,US,19.0,0.18911134038212918,0.2280515836246947,0,7
8566,421,160.72666008674244,Online,Food,DE,7.0,0.10078930241579713,0.27643037557917766,0,7
1258,611,365.06319331457416,ATM,Grocery,DE,19.0,0.2580923037230067,0.35520149334664486,0,7
1474,217,64.86171466934863,Online,Electronics,DE,20.0,0.15629834582866198,0.14441944584726055,0,7
4830,925,170.13764146047373,Online,Travel,FR,17.0,0.535903698001078,0.33979591237259354,1,7
6610,62,95.48116508421653,POS,Electronics,DE,6.0,0.12365436153204101,0.07985616443734045,0,7
1144,432,297.0130825552441,POS,Electronics,TR,17.0,0.9832249626701965,0.4395557898050705,1,7
622,210,114.11974020310917,QR,Clothing,FR,20.0,0.1036349360035153,0.1657238089864769,0,7
8822,764,116.1674396581501,QR,Electronics,DE,6.0,0.0832588091753047,0.2180660876244262,0,7
9111,976,225.64614337642152,POS,Travel,UK,21.0,0.15718219668477013,0.07968768297219499,0,7
1589,421,33.96426704396995,ATM,Food,US,10.0,0.4917633219781342,0.33987298958527506,0,7
2535,602,358.630516175995,QR,Electronics,UK,22.0,0.23679101853202578,0.20613244462823607,0,7
9468,236,115.20535030788746,POS,Electronics,DE,8.0,0.17879694688181946,0.1309246950482107,0,7
2205,193,314.8450709766769,Online,Grocery,TR,10.0,0.11054928347523219,0.17862991349127358,0,7
7977,348,2.464118030045907,ATM,Clothing,DE,18.0,0.11399553154974013,0.07218676276980912,0,7
6883,914,57.39100150268851,ATM,Travel,DE,9.0,0.07689253067880282,0.2438157689972565,0,7
4019,924,53.70133424286458,ATM,Grocery,DE,23.0,0.17101993239774424,0.6027234341667732,0,7
4617,55,60.13335890614125,QR,Electronics,TR,17.0,0.1608915831215097,0.1594729083574329,0,7
3982,114,131.84873227276145,POS,Clothing,US,20.0,0.1131520307389399,0.22421268654127255,0,7
4512,92,486.7296338881159,POS,Electronics,FR,3.0,0.17360943494973297,0.08464244912741806,0,7
2979,264,65.26519383454195,QR,Travel,UK,8.0,0.23885111934438072,0.1901446282917571,0,7
4441,127,26.04871011103325,Online,Electronics,UK,22.0,0.2703085287305567,0.07751360883296549,0,7
6954,626,12.068375546398418,POS,Electronics,TR,22.0,0.14991770727585604,0.18859589626746748,0,7
8913,660,41.17695782583309,Online,Food,DE,19.0,0.12177314439924322,0.387914039310558,0,7
24,619,17.73423250287392,ATM,Food,DE,15.0,0.29653859176595,0.21270737672383927,0,7
1844,389,36.89723629988114,QR,Food,UK,16.0,0.3001868904332637,0.5152487188762483,0,7
894,145,266.21207757606567,QR,Grocery,US,6.0,0.21639456945651098,0.25564381457631685,0,7
8333,174,112.92506067381285,POS,Travel,TR,16.0,0.30462417008452836,0.19294195204355133,0,7
4890,864,207.5468922303939,POS,Grocery,FR,20.0,0.13808160277317807,0.18297994207700405,0,7
2951,864,170.1123434787636,QR,Travel,DE,17.0,0.2042209578742406,0.1840384227440723,0,7
926,692,47.951481341814485,Online,Electronics,FR,5.0,0.0817906785103944,0.23200107251160584,0,7
1257,37,180.76395008829383,QR,Electronics,US,23.0,0.08247051185663368,0.07551810556034146,0,7
8353,313,202.18664772386845,Online,Clothing,DE,19.0,0.46797769976667164,0.1090789842232994,0,7
6636,611,51.04850940936654,POS,Food,US,10.0,0.8834239307630473,0.3617978904430049,0,7
1265,332,59.73034718904541,QR,Travel,TR,22.0,0.2862616597395794,0.06636850620246314,0,7
601,339,11.928221248430699,Online,Travel,UK,18.0,0.1136396729515051,0.10091609074506633,0,7
6340,951,25.26682826432007,POS,Food,US,20.0,0.06659383821240943,0.11790442280726549,0,7
960,517,78.73404107987726,Online,Grocery,TR,13.0,0.13263688370618115,0.0658367336132265,0,7
5013,254,94.4770715567221,Online,Electronics,DE,14.0,0.13083565574248476,0.06732090572371825,0,7
2798,925,298.44958689659774,QR,Clothing,DE,19.0,0.19327686688497933,0.16308059127749677,0,7
1050,103,67.30044622233436,ATM,Food,TR,22.0,0.13115838142824604,0.23988075725931493,0,7
6797,249,6.405266642753196,Online,Grocery,US,21.0,0.07504745530043863,0.054235179449537874,0,7
6348,55,91.8152454072626,Online,Grocery,DE,15.0,0.376747364571345,0.31041084959366394,0,7
7299,581,76.84525715659134,POS,Clothing,DE,18.0,0.35829846410549115,0.11696691516076825,1,7
3471,849,167.06087916611253,Online,Electronics,UK,20.0,0.3008474482828648,0.18131998029572044,0,7
9858,876,53.4498141127423,POS,Clothing,DE,16.0,0.14078099961967427,0.1929927025302115,0,7
772,753,93.91225428524457,Online,Electronics,UK,18.0,0.17100785195272486,0.19395934598175257,0,7
5902,68,205.2507943535851,POS,Food,DE,20.0,0.8654406173150417,0.27497919320806885,1,7
5150,438,411.5250721901787,ATM,Clothing,FR,18.0,0.2673078201719121,0.4735347767354794,0,7
6529,64,7.52925713146813,Online,Clothing,TR,18.0,0.227263122900046,0.09033138645502434,0,7
2858,588,160.52699345619826,QR,Grocery,FR,19.0,0.5256346529637662,0.06551011613328475,0,7
6179,3,340.3530246911289,QR,Food,DE,3.0,0.39648177184411576,0.34114335095022547,0,7
510,133,8.471322235519688,ATM,Grocery,UK,12.0,0.11457525300382829,0.14037030095557523,0,7
8528,464,628.9794330330838,QR,Grocery,US,19.0,0.3258644249088649,0.16203480341316145,0,7
7957,194,24.913262079294096,QR,Food,FR,23.0,0.28326026925543607,0.2196606937795645,0,7
9043,27,68.86144124129447,Online,Grocery,UK,17.0,0.20678939643654445,0.26437582540699817,0,7
2080,308,514.5452722002188,POS,Food,DE,22.0,0.14743746149618298,0.37993254079746486,0,7
2210,971,87.89474001322777,Online,Travel,DE,17.0,0.24289148546646386,0.8106796943162319,0,7
5065,712,323.40740825030855,QR,Travel,UK,17.0,0.3234185469764377,0.42327796288196823,0,7
265,514,133.74040986505614,ATM,Clothing,TR,8.0,0.14474550508548453,0.18324277532534144,0,7
5377,752,0.0,POS,Grocery,FR,22.0,0.17135623104912928,0.13182216050839057,0,7
9341,892,32.4639632725683,QR,Clothing,UK,19.0,0.1730378279986005,0.3794061914645851,0,7
252,249,146.63713543446204,Online,Travel,TR,15.0,0.3320978858897487,0.27737677527290694,0,7
7058,414,7.144965904238634,ATM,Grocery,TR,11.0,0.19138345528911055,0.10613086966533208,0,7
1504,248,105.21952612511716,QR,Clothing,FR,19.0,0.3245195323921954,0.09773825747770515,1,7
6163,916,156.38389525628935,ATM,Clothing,TR,17.0,0.3615108783822105,0.13717823314664362,0,7
7542,675,38.470436647688835,QR,Travel,US,20.0,0.11064926244998269,0.2191980926461636,0,7
47,293,10.882473613721379,ATM,Food,US,22.0,0.0722623898110356,0.34756284410628807,0,7
6131,68,10.406056109911846,Online,Travel,FR,17.0,0.14543327544838847,0.17900347936890132,0,7
813,759,238.57475612889462,QR,Electronics,FR,6.0,0.4345988675992484,0.1851853254646902,1,7
6818,138,88.9369738027169,POS,Clothing,DE,19.0,0.0757170052575482,0.10654879765130576,0,7
1727,33,29.167644349660993,QR,Electronics,TR,3.0,0.4080138851918705,0.21039437524737314,0,7
6469,888,799.124842297702,Online,Grocery,UK,17.0,0.4905540231389768,0.5367112071177069,0,7
103,386,261.58970115923614,QR,Food,FR,2.0,0.17358242637274812,0.23774403526921636,0,7
9498,13,364.58026570318754,Online,Travel,TR,12.0,0.27699461057900004,0.4597993568500712,0,7
548,565,310.4894050164691,QR,Food,TR,18.0,0.45665379365858866,0.23197389009037245,0,7
8439,153,8.973083707261722,POS,Travel,US,9.0,0.16995091304065627,0.21245777155107715,0,7
1201,861,99.58716989726459,QR,Food,TR,14.0,0.31471342000328845,0.15346839681574154,0,7
2003,900,218.20910862127985,ATM,Grocery,TR,8.0,0.2899126053353476,0.35599664855811614,0,7
6236,680,85.49889647361054,Online,Clothing,UK,11.0,0.23047415312043237,0.12343366562217364,0,7
6394,475,380.41619989150803,ATM,Food,UK,13.0,0.13690854816972117,0.07046589933017333,0,7
9674,163,71.21520759729489,ATM,Electronics,FR,9.0,0.23998946296002607,0.18718829804565582,1,7
1935,77,606.064220419614,POS,Clothing,TR,20.0,0.2688954838084478,0.32248071540450024,0,7
5475,316,96.97362215535018,Online,Grocery,FR,4.0,0.07895881136227964,0.1459737434000737,0,7
3770,460,21.202543621882665,ATM,Electronics,US,23.0,0.08502468129959874,0.20495350343791252,0,7
7062,981,192.28867039374205,QR,Food,FR,17.0,0.10292048727563871,0.10087002879752188,0,7
543,143,106.55699056647224,QR,Clothing,US,22.0,0.26306809769281597,0.21300340245994687,0,7
2477,88,223.59320032374336,POS,Electronics,UK,15.0,0.0910813831804081,0.05960353577033883,0,7
8370,991,19.904926844295105,POS,Food,DE,5.0,0.14962926536607363,0.19604008923787403,0,7
4398,967,227.1094681538238,QR,Grocery,UK,5.0,0.11691805303088523,0.3318228149256425,0,7
2256,197,89.50879727091805,QR,Grocery,TR,13.0,0.09867132128591871,0.09221685239534791,0,7
7621,207,813.074066259304,Online,Grocery,TR,22.0,0.20858617983757483,0.10482545832053,0,7
1271,663,71.72995914931992,ATM,Travel,FR,16.0,0.07714966421364083,0.10980283307664995,0,7
5267,341,18.157053764740102,POS,Clothing,TR,14.0,0.07460777561459993,0.21289573346043555,0,7
8311,129,7.9265151711248185,ATM,Food,US,16.0,0.08294579082241199,0.09610259687640912,0,7
3980,341,68.89537551840664,QR,Travel,US,13.0,0.11648300602591853,0.12163775453872863,0,7
8303,697,141.69078005268162,ATM,Clothing,US,20.0,0.19556889004089859,0.3982592601325822,0,7
4598,488,308.0035987586045,Online,Electronics,FR,18.0,0.23586148959857442,0.28212309071096947,0,7
9343,837,302.8250529927933,ATM,Clothing,FR,18.0,0.06445482874714206,0.16834377835364836,0,7
1116,310,122.17524323961578,ATM,Food,DE,20.0,0.7531027670889658,0.24033937960211313,0,7
980,248,57.81499757715705,Online,Travel,US,18.0,0.10538263314543495,0.1757748453271102,0,7
6093,618,283.2613745700538,POS,Clothing,US,2.0,0.15301617141146917,0.2338009177388541,0,7
6673,611,19.480408017778704,ATM,Food,UK,11.0,0.08529495505420318,0.07632075689694173,0,7
6072,752,350.89266037605336,ATM,Grocery,TR,17.0,0.16043639817666377,0.1768491188875761,0,7
963,53,260.76762179929796,POS,Clothing,FR,9.0,0.253667352715662,0.5069531175638468,0,7
4663,750,91.05165228645802,POS,Electronics,TR,16.0,0.15337452402748236,0.13207669306192785,0,7
1826,143,109.1321280840236,QR,Travel,FR,19.0,0.24180784716742096,0.48156406730080553,0,7
8769,803,29.42081517264863,QR,Travel,DE,14.0,0.06608855178946015,0.11065099753302098,0,7
2003,811,93.68144570515993,QR,Electronics,FR,15.0,0.15941495968742622,0.3130230365069124,0,7
805,201,15.931705022692556,POS,Travel,DE,13.0,0.30222719888823485,0.36730334724616276,0,7
5673,972,173.35884892830498,ATM,Grocery,UK,23.0,0.35383279613993834,0.2381959206638365,0,7
5462,451,475.8577974563305,QR,Travel,US,22.0,0.28626532576461067,0.10919991104450526,0,7
7983,46,54.25969255954715,QR,Food,TR,14.0,0.21574276564727657,0.12167305253991367,0,7
5640,169,300.03908237677774,POS,Grocery,UK,10.0,0.15857281233377113,0.07301124422677518,0,7
4811,179,88.08359773321472,Online,Food,US,20.0,0.12791373984374368,0.12832765130030188,0,7
626,45,112.33266225635549,ATM,Food,DE,22.0,0.08656113160304592,0.5892605149551394,0,7
8130,900,30.61717289834383,ATM,Grocery,FR,22.0,0.5108302417790349,0.3571380272081528,0,7
4738,756,252.40364850356826,Online,Travel,TR,15.0,0.19034582613405676,0.10678508030575623,0,7
5108,219,30.10386969860467,POS,Food,US,14.0,0.10235252042863105,0.2766651817324647,0,7
2630,103,288.32126411387304,POS,Grocery,US,20.0,0.15329219462518034,0.06248990759065276,0,7
6236,15,5.888662765738355,Online,Travel,UK,19.0,0.10401353082616253,0.40036627935574226,0,7
1578,617,124.0004426144051,POS,Clothing,FR,15.0,0.391400311126369,0.14077091745905895,0,7
6264,67,136.92822107358398,Online,Food,US,18.0,0.8072986778929093,1.0,0,7
9896,600,630.1313329104242,ATM,Travel,UK,21.0,0.1261674999032055,0.22107108168145545,0,7
5301,408,169.26104434957597,Online,Food,FR,6.0,0.42222037948793323,0.5791481706845326,0,7
8161,320,63.261834115856935,ATM,Electronics,FR,17.0,0.18768593946982343,0.13730333908671022,0,7
1367,12,465.1681561860361,ATM,Clothing,DE,18.0,0.2813850405665748,0.26977913550696014,1,7
5679,859,0.0,Online,Food,TR,19.0,0.10510591821445164,0.16457341825975633,0,7
6072,638,142.15372962481487,POS,Grocery,UK,8.0,0.2240332992945006,0.19295516189307324,0,7
568,746,552.9657783368003,POS,Food,US,8.0,0.15252192099410797,0.22072271364803614,0,7
2354,539,114.61973338054388,Online,Food,UK,18.0,0.2620543337836209,0.1468086705056954,0,7
5428,99,58.9407373898268,QR,Electronics,TR,5.0,0.1571060680554187,0.19314059826020102,0,7
2753,488,194.53028491035013,Online,Travel,TR,18.0,0.09479457673301164,0.1680373216252099,0,7
451,252,239.32842560539896,Online,Travel,UK,14.0,0.06117733508624226,0.22072896231505074,0,7
9787,985,220.54420615444903,POS,Grocery,DE,2.0,0.2639713896362768,0.15308278810221287,1,7
3199,573,287.83128737635735,Online,Grocery,TR,11.0,0.21743170499742687,0.16208753786960733,0,7
5293,110,144.67330570621357,POS,Food,TR,15.0,0.10173105264333873,0.25773732357909546,0,7
1523,806,45.743772399437944,QR,Grocery,UK,7.0,0.1410276604465322,0.20740198436098745,0,7
1467,824,37.001134807824315,POS,Grocery,DE,16.0,0.324019218920375,0.4622461526346802,0,7
8430,496,71.28092016646355,Online,Grocery,US,15.0,0.12398909201165115,0.095839912031905,0,7
2798,138,336.85751577829905,POS,Electronics,US,8.0,0.1414152010057669,0.13763385294770814,0,7
5988,980,13.340741781913925,ATM,Grocery,FR,13.0,0.16027336940191583,0.26410175467902364,0,7
2789,320,212.97680267873562,ATM,Grocery,US,18.0,0.24847120213388235,0.3467487514228289,0,7
9964,257,159.60881187667377,Online,Travel,UK,20.0,0.2417091178551581,0.23398212516760927,0,7
9939,870,31.017699750663144,QR,Food,UK,20.0,0.15727916390260815,0.09893902724554199,0,7
4037,366,37.83190513335276,QR,Electronics,US,3.0,0.28402063883353534,0.10493275145401845,0,7
1645,753,63.03176955557113,QR,Grocery,US,11.0,0.284825708410139,0.21381764759805252,0,7
3799,944,179.6392091924336,QR,Grocery,TR,20.0,0.1848768265578542,0.40049677741783357,0,7
6719,825,202.72102880447494,POS,Clothing,FR,7.0,0.09997768975241048,0.08546172746323322,0,7
3454,210,78.3563513756187,QR,Travel,DE,11.0,0.10582608891311555,0.17114786313354236,0,7
6188,725,379.75389421547237,QR,Grocery,US,23.0,0.37174439942011206,0.3236752088199005,0,7
8513,393,136.8796315122879,POS,Electronics,DE,9.0,0.30915111922027855,0.2115292454747785,0,7
9788,698,156.84661048309889,QR,Food,FR,2.0,0.17352506259334635,0.22679167213947948,0,7
1508,422,28.289422941030498,POS,Clothing,FR,11.0,0.18444893056796563,0.20205304928474022,0,7
9843,117,0.0,Online,Grocery,FR,22.0,0.06321199332490303,0.07063848789868878,0,7
9300,381,242.35669227203155,QR,Clothing,UK,22.0,0.08793216010668956,0.34560820047284635,0,7
9488,756,4.077570321470214,POS,Travel,TR,16.0,0.10706450508691813,0.11034819088840178,0,7
7665,609,289.4298272644864,POS,Travel,US,7.0,0.19024988778642926,0.37377741752478344,0,7
6969,49,110.61208907583456,POS,Food,FR,11.0,0.11660883635980995,0.12562992064312617,0,7
7848,555,103.58844065498687,ATM,Clothing,US,20.0,0.3063360208970876,0.16427122636768082,0,7
1353,962,160.51517884755225,Online,Clothing,DE,20.0,0.2498224190543088,0.3380605884274025,0,7
2412,166,618.9273418596929,Online,Food,UK,12.0,0.6348642496336021,0.7714341297380362,0,7
741,237,397.2582539696466,Online,Travel,DE,1.0,0.3972703370101043,0.07817952815802809,0,7
7835,909,136.29664689763894,QR,Food,US,5.0,0.1416407402826133,0.0683541294218475,0,7
6945,113,978.1399944755102,ATM,Food,TR,8.0,0.219890642798756,0.6572553117056931,0,7
9285,796,77.78507561114874,Online,Electronics,US,5.0,0.15573941677307396,0.09663297775824123,0,7
8170,789,26.207525244754677,POS,Travel,TR,5.0,0.06304793217426605,0.14857017560751568,0,7
1401,146,940.6343688334036,POS,Travel,TR,19.0,0.2991320587542124,0.4827143646381481,0,7
1323,40,18.278727046461512,Online,Food,UK,10.0,0.3284932956804541,0.2914983453566537,0,7
3523,870,61.28422381676636,POS,Food,DE,17.0,0.28883279917781524,0.14967857841516446,0,7
2646,275,178.2789651228183,ATM,Clothing,UK,21.0,0.2893088697350847,0.10962458635389333,0,7
4879,404,142.45522494389886,ATM,Travel,TR,3.0,0.17455898056822416,0.08746381243159206,0,7
9468,128,592.7470404765054,Online,Grocery,US,15.0,0.2725646316891085,0.24907540785626286,0,7
5707,408,362.3084978647021,ATM,Clothing,US,20.0,0.29012393140245535,0.30374670235567225,0,7
7206,389,0.0,ATM,Travel,FR,23.0,0.1518737225435741,0.1389097226389182,0,7
2774,207,53.72808120584335,QR,Clothing,FR,18.0,0.543800652481318,0.43201946118860024,0,7
9392,782,191.22752848404113,Online,Food,DE,21.0,0.4884798714010216,0.24601994423022722,0,7
8213,721,53.09164403749445,ATM,Travel,DE,10.0,0.1764744115965454,0.08975434794408749,0,7
4757,356,823.5278882232608,QR,Grocery,UK,5.0,0.10959791606489044,0.1582990123830152,0,7
5861,745,84.6554969583682,ATM,Travel,TR,21.0,0.3300527883877201,0.4098944116030537,0,7
6557,199,234.85281069819197,Online,Travel,TR,17.0,0.7229751222754073,0.9538489963531841,0,7
2967,712,137.2454410572436,ATM,Food,UK,21.0,0.0952263307857901,0.31735814879465696,0,7
4662,919,449.017055817382,QR,Electronics,DE,21.0,0.25747277529973006,0.23076087800631392,0,7
1217,678,0.0,POS,Grocery,TR,19.0,0.16290189641411465,0.10936761941886271,0,7
7485,455,3.3808804855618764,Online,Electronics,FR,11.0,0.08848863510723723,0.22463477367740226,0,7
6754,724,4.8980601177900365,Online,Grocery,TR,21.0,0.08160184790203709,0.14359388552040275,0,7
5762,559,29.691249573809607,QR,Electronics,US,12.0,0.10269522582193104,0.1700741242320116,0,7
2829,595,98.03527606309457,QR,Clothing,FR,17.0,0.19124613808418714,0.10507912038172744,0,7
101,775,53.71791737830778,POS,Food,US,17.0,0.5036339198523296,0.32998886452080317,0,7
1867,163,70.29316398630263,QR,Travel,US,22.0,0.2099098755105451,0.18501346262612756,0,7
6552,607,441.808795357233,Online,Electronics,UK,9.0,0.2852679301340107,0.38870642359403285,0,7
4617,1,139.50785723605446,ATM,Clothing,TR,2.0,0.23240287031626655,0.1023992783023172,0,7
8481,864,63.08437359342051,QR,Travel,TR,18.0,0.1180402318985938,0.1309090217535787,0,7
3267,433,124.64069900903631,POS,Grocery,DE,15.0,0.11397568552542875,0.21646104275825356,0,7
6439,910,35.78133912321302,QR,Electronics,TR,16.0,0.26109605651045287,0.3931658294307184,0,7
7273,732,684.0312095994951,ATM,Grocery,FR,7.0,0.4557751978427346,0.7056167543400669,0,7
7168,507,69.05520826932043,ATM,Grocery,UK,20.0,0.27515837023506945,0.07116005898457256,0,7
5746,597,0.0,ATM,Clothing,FR,17.0,0.0681849166877789,0.11020221635537704,0,7
6684,165,199.02934385294483,Online,Travel,US,20.0,0.18485416520746928,0.08968695703749621,0,7
5339,938,15.83611853159644,ATM,Electronics,US,21.0,0.11051887254637507,0.05664485138740821,0,7
3578,430,36.6423742106087,Online,Grocery,US,17.0,0.09599316484891876,0.21297562187796526,0,7
6842,389,991.4787259599889,ATM,Travel,FR,10.0,0.08408720585285061,0.17658320994980983,0,7
8234,999,10.680405761871084,QR,Electronics,FR,17.0,0.08451427832691968,0.2915372573549756,0,7
4946,651,24.188875195138465,ATM,Grocery,FR,16.0,0.2541787751714104,0.14904879682894864,0,7
7958,351,288.0588219129747,ATM,Grocery,FR,16.0,0.20970128246579203,0.12208380833127903,0,7
6681,440,80.61149619991667,QR,Electronics,UK,20.0,0.11630293739703247,0.11130970248756003,0,7
5781,885,1.5983389744891712,QR,Food,US,11.0,0.10848972226199391,0.11556956759304526,0,7
4735,914,78.1244264347172,ATM,Clothing,UK,17.0,0.3838261869519236,0.5125169348909512,0,7
1727,657,13.348222746183573,ATM,Food,FR,21.0,0.11933266724721603,0.08074049954904497,0,7
4579,329,351.58205369258036,ATM,Food,TR,22.0,0.07649829249156802,0.09151362060393926,0,7
747,282,114.35048094003376,Online,Clothing,FR,16.0,0.3725377620685829,0.17922996867751093,0,7
9384,581,251.96766752494324,POS,Grocery,FR,13.0,0.32159231715995085,0.40615597033373585,0,7
3441,415,325.13747492630216,Online,Travel,FR,22.0,0.22746526981467702,0.22432611972746624,0,7
6655,519,287.27403439397773,Online,Clothing,DE,20.0,0.10607510128154483,0.2801751964734953,0,7
1448,819,146.5654015701097,ATM,Electronics,TR,20.0,0.20399698830893814,0.22082786542459326,0,7
4995,886,260.7063219755213,QR,Travel,UK,8.0,0.13862695259408914,0.12237807541242952,0,7
1160,815,65.52550518234943,Online,Electronics,TR,20.0,0.06263070360652588,0.07744825585738271,0,7
7181,585,13.285227275737812,QR,Travel,FR,11.0,0.22864960356728545,0.0984663884094398,0,7
4964,32,162.59720291731065,POS,Travel,DE,6.0,0.20692351168968265,0.11511696718636923,0,7
9686,458,450.6261543402479,POS,Food,US,16.0,0.6652963434702865,0.0986667522177132,0,7
8505,432,262.2075174854859,POS,Food,UK,7.0,0.10517117311895298,0.39679946366266156,0,7
4271,777,199.495708580315,Online,Food,UK,3.0,0.10445508557064911,0.3178349839143743,0,7
7046,323,208.37650070299713,Online,Clothing,TR,22.0,0.09918530841148024,0.5079351129449593,0,7
3815,470,205.79787411640257,Online,Clothing,US,11.0,0.4117870303534343,0.46805217884923955,0,7
2948,293,543.7422154562313,POS,Grocery,UK,21.0,0.1736531568396645,0.4222636321393749,0,7
6758,667,14.724276604022535,ATM,Electronics,TR,21.0,0.08335276165867818,0.07811618934746664,0,7
4909,823,550.648463039806,QR,Food,US,21.0,0.18643187928665164,0.46443193679579853,0,7
1180,265,200.44328560657843,ATM,Travel,US,15.0,0.1845526601371932,0.10855169818626392,0,7
2131,73,342.96886001145486,Online,Clothing,UK,7.0,0.21255497854119243,0.4669301125689197,0,7
4762,731,59.936352922162264,Online,Travel,FR,20.0,0.5029614809338543,0.2532934805885957,0,7
9610,58,197.5058272374958,Online,Clothing,DE,15.0,0.19679116420728315,0.13404907504345914,0,7
4224,813,234.8752779222865,QR,Clothing,FR,10.0,0.20773861127930418,1.0,0,7
9316,987,151.1042283980726,POS,Grocery,US,21.0,0.6952438522500642,0.31867788394223984,0,7
7633,201,17.113235052970644,ATM,Electronics,TR,21.0,0.22469817893517005,0.1075058765386443,0,7
1488,892,72.1332997518726,QR,Electronics,DE,8.0,0.087633753313834,0.22479010960618556,0,7
6838,913,495.59394459169755,POS,Travel,UK,13.0,0.10571305634486314,0.21885484003820907,0,7
1164,412,40.30686103689594,POS,Travel,UK,19.0,0.08009335275546015,0.24083446075743364,0,7
613,619,213.92838061024094,ATM,Grocery,UK,8.0,0.31470394977478827,0.4257148498465675,0,7
4414,824,47.87626740981738,QR,Grocery,TR,14.0,0.24873918369481152,0.10141108330065188,0,7
1212,606,25.465540622935585,Online,Grocery,TR,23.0,0.09535188656450247,0.07169059491311897,0,7
3680,53,85.96104930182608,Online,Grocery,US,6.0,0.13315484319411316,0.37694792916884945,0,7
1762,629,1366.4742074579503,QR,Clothing,TR,17.0,0.07945003198728359,0.3391722688823328,0,7
5579,529,4.290160074624536,ATM,Clothing,US,22.0,0.34759572648667864,0.37311977044667166,0,7
9800,134,289.9418711335519,POS,Grocery,US,23.0,0.4938454711090773,0.1767418049190866,0,7
6533,676,174.8078510992316,POS,Electronics,UK,22.0,0.18816509208660007,0.16936711040944752,0,7
1201,201,300.72848122957123,POS,Clothing,FR,23.0,0.21390919720231752,0.18973733745383858,0,7
2517,117,33.47538913758402,Online,Travel,DE,7.0,0.0673744562534642,0.2434352696027429,0,7
8482,585,8.626626395432282,POS,Grocery,US,4.0,0.09863566375146074,0.10371780634500058,0,7
2447,569,12.42976870051422,QR,Electronics,TR,16.0,0.25167666894607804,0.1263022684808684,0,7
1901,892,611.1417970683415,Online,Food,UK,7.0,0.5716628618515666,0.15003665509639136,0,7
7960,203,217.35005239478284,Online,Electronics,FR,13.0,0.27948140943058786,0.2827311133651204,0,7
5258,336,56.31628799296167,ATM,Travel,FR,9.0,0.2129044240983271,0.30372886850413977,0,7
4298,935,6.828169551138855,POS,Electronics,FR,9.0,0.09147088368212938,0.05844801637517456,0,7
7514,73,145.64459913413745,QR,Electronics,DE,21.0,0.18736257727431666,0.23267527617366154,0,7
8762,666,209.1682686809995,POS,Electronics,TR,15.0,0.21582290583910074,0.15143177637500388,0,7
3875,389,678.0897807144753,Online,Travel,UK,21.0,0.37065165968217617,0.23205319166551253,0,7
5364,767,270.0680124808232,Online,Grocery,DE,23.0,0.3351081229942956,0.23304850357890045,0,7
9854,190,680.6922973474309,QR,Grocery,US,22.0,0.15694022900264684,0.3442939333158074,0,7
5491,469,109.97831779426701,Online,Travel,UK,11.0,0.24308166589946406,0.12167265134949565,0,7
6466,933,333.0747784750654,QR,Grocery,UK,21.0,0.28415366670195824,0.4821869014535696,0,7
6117,329,159.11759460542686,POS,Clothing,FR,11.0,0.26883404420812596,0.24784247639022533,0,7
591,110,951.2744580053762,POS,Electronics,DE,12.0,0.3561655057082572,0.4022081381588353,0,7
7485,936,189.78175336798313,POS,Clothing,US,16.0,0.2433534207171465,0.19440176295243491,0,7
6281,901,4.355214847172917,ATM,Electronics,DE,11.0,0.26151452833917727,0.24184603873175864,0,7
8592,860,116.73965633176984,ATM,Food,UK,19.0,0.10915379106437267,0.14395378197880473,0,7
6477,912,575.7636848832346,QR,Clothing,US,22.0,0.19476457986933615,0.2789477514838753,0,7
8402,818,31.1980609480557,ATM,Travel,UK,12.0,0.1492007400437814,0.3173899985153912,0,7
3189,758,370.2933681167926,ATM,Electronics,FR,16.0,0.46795860530493344,0.1282975875352746,0,7
5453,656,362.6211001418406,POS,Food,DE,20.0,0.1856706537216937,0.0729118233085658,0,7
4151,736,38.11272078381358,POS,Clothing,FR,19.0,0.10256991759566664,0.21462644862477728,0,7
7649,545,63.5286060169432,QR,Food,US,14.0,0.18920972153968327,0.34867983913974065,0,7
2326,569,19.22802954558489,QR,Clothing,FR,23.0,0.21533035132094108,0.07521638026051458,0,7
6441,944,116.38113835896525,ATM,Clothing,US,17.0,0.19966839282894772,0.3283020256421858,0,7
4127,789,12.0275917398816,Online,Grocery,DE,22.0,0.2122248834940091,0.08890439893301783,0,7
8757,691,74.78570060759115,Online,Travel,US,17.0,0.2650810126382114,0.5848937437902152,0,7
5934,490,272.97938063065885,POS,Travel,TR,23.0,0.10731073247547049,0.08545137295511142,0,7
2021,588,27.00173618824543,QR,Grocery,FR,10.0,0.31058741198102535,0.2817579782719501,0,7
6921,234,11.921634823127855,QR,Clothing,FR,21.0,0.3774323309639359,0.24154547774150742,0,7
3349,537,606.1239083617514,POS,Grocery,UK,13.0,0.5388731748736117,0.30251029677981905,0,7
2823,91,628.0579416590493,QR,Clothing,UK,18.0,0.30608771114382843,0.29444349381325197,1,7
4989,838,4.443559971414411,POS,Food,DE,13.0,0.08050802472820529,0.1384192312318539,0,7
4721,533,350.19207368777637,POS,Electronics,US,22.0,0.4289392868128877,0.20390610963588876,0,7
874,61,135.92173423301153,POS,Electronics,DE,15.0,0.3080634507401565,0.1780973648195321,1,7
291,9,125.09307716234188,ATM,Travel,FR,14.0,0.18792615366039644,0.07607749179070789,0,7
8896,294,8.275277034527985,QR,Electronics,TR,4.0,0.23578601154206547,0.08316908276631081,0,7
2262,129,1569.6076370857454,POS,Electronics,US,22.0,0.5073050161346061,0.3782913110199855,1,7
7724,109,191.8000036852289,ATM,Electronics,TR,21.0,0.16973591754026718,0.07470575363865009,0,7
697,730,675.7987033410699,Online,Travel,UK,16.0,0.22788449058834653,0.23453272474237105,0,7
766,993,121.15939675069765,Online,Grocery,US,9.0,0.10888061088681966,0.09398977777225574,0,7
2515,174,0.0,ATM,Electronics,UK,21.0,0.06255763072913889,0.07330709985941568,0,7
9857,342,1.206180036455172,POS,Travel,TR,13.0,0.24534101634403271,0.18742932422992079,0,7
7160,904,69.25406815438907,QR,Food,US,23.0,0.10711160219349493,0.3385944742235922,0,7
602,755,93.43513733194553,ATM,Food,UK,18.0,0.22432497574237073,0.3685928616175348,0,7
6726,440,169.06657585697081,QR,Food,TR,20.0,0.1679706135383816,0.26944155541699166,0,7
8515,896,0.0,QR,Clothing,DE,19.0,0.0752864216936466,0.07019644314167492,0,7
5836,579,0.0,QR,Food,FR,11.0,0.1803078321175931,0.39300911891266077,0,7
563,87,0.0,QR,Travel,UK,16.0,0.11846339421439493,0.2907339531527831,0,7
8215,595,83.55545245575814,POS,Electronics,US,7.0,0.37335328808318047,0.644842601957059,0,7
5329,824,257.1132349937714,Online,Travel,UK,21.0,0.48477441717988873,0.21847022047079884,0,7
6386,333,48.67317815071028,QR,Grocery,US,5.0,0.11149604197031009,0.214872000315177,0,7
3365,18,75.48925239653758,QR,Electronics,UK,16.0,0.3094174211421879,0.16908397386277446,0,7
2886,401,94.97720972234178,Online,Grocery,US,21.0,0.28076677746566786,0.19751493397960862,0,7
2587,610,16.36950374798726,POS,Clothing,UK,19.0,0.48229677656440423,0.19889074275132834,0,7
7871,609,0.07864308324007574,ATM,Food,UK,13.0,0.09006776877680428,0.1261432952315902,0,7
7785,69,13.34493520896831,ATM,Electronics,US,8.0,0.21386227764800764,0.20852608231178016,1,7
9306,612,44.92723914518478,QR,Electronics,UK,20.0,0.39068306668311076,0.1608168334588626,0,7
1201,487,27.12128155117704,POS,Food,US,23.0,0.30607238742863374,0.1374722403096173,0,7
5455,212,429.30930524749004,QR,Grocery,DE,19.0,0.35513922491707,0.49607000856554123,0,7
8919,720,104.07428314928185,QR,Grocery,US,15.0,0.12722659938357198,0.1158473344083499,0,7
5781,138,32.07966620096068,ATM,Grocery,DE,20.0,0.34818923557822856,0.417464862410692,0,7
9921,558,377.05647645217067,POS,Grocery,TR,9.0,0.38111452722149686,0.2678392514225044,1,7
5287,826,161.59590733795352,POS,Clothing,TR,22.0,0.6570011388645688,0.07690847627667835,0,7
4415,904,16.830763180405114,POS,Travel,US,21.0,0.16331352583262218,0.1884400411190512,0,7
581,6,15.83675445220981,ATM,Food,TR,18.0,0.058102051448776046,0.18461613521443457,0,7
1285,605,180.53025213693454,ATM,Clothing,FR,3.0,0.3249790719238572,0.548636760297907,0,7
3305,546,82.13559123090982,ATM,Food,US,15.0,0.18796009130340707,0.07564986081840132,0,7
3176,696,290.7565749100378,Online,Clothing,US,22.0,0.17741792431202436,0.2659053807685422,0,7
6016,428,32.024439909295985,Online,Clothing,DE,19.0,0.15644276670436036,0.20637146176315052,0,7
3664,817,898.6677767852273,QR,Electronics,TR,18.0,0.1465529226614859,0.13602610380497013,0,7
8349,86,223.921173709062,ATM,Clothing,UK,17.0,0.40630203572981216,0.5296529307889783,0,7
7781,877,309.7900216076743,Online,Clothing,FR,21.0,0.31364488685320313,0.26771836196848015,0,7
3815,609,25.037167562304877,QR,Travel,US,14.0,0.3290152685002495,0.15525493486200279,0,7
7101,445,45.203053534076886,Online,Travel,UK,16.0,0.060511992392688146,0.10148810422124058,0,7
9997,411,171.20587341278,ATM,Grocery,FR,5.0,0.39098917143005363,0.19182669490940377,0,7
2975,874,0.0,Online,Electronics,FR,14.0,0.3037325646233962,0.07635172033606763,0,7
2764,884,0.0,POS,Travel,DE,15.0,0.23305577291721238,0.3828227938471327,0,7
3986,298,226.58803363524322,QR,Grocery,US,9.0,0.8396122068494969,0.38735556941674343,0,7
9131,291,24.504481039405746,QR,Food,UK,12.0,0.2914441196070468,0.12693702257797976,0,7
8781,819,27.909589594981554,Online,Grocery,DE,18.0,0.11759903879116884,0.12990841617285584,0,7
3220,267,52.485357578269316,Online,Electronics,FR,13.0,0.12125507664489107,0.14420527602502592,0,7
1586,93,149.3671039901344,Online,Clothing,TR,18.0,0.3306639890843131,0.12461055304499563,1,7
1995,277,173.29093294332193,ATM,Clothing,US,8.0,0.4164032321769954,0.3958066135940344,0,7
590,717,148.27240832910377,QR,Food,DE,8.0,0.11538099624712951,0.14127725652784567,0,7
21,782,100.81477327731874,POS,Clothing,DE,19.0,0.0805463242898122,0.1807211267934895,0,7
3723,962,312.3954396164221,ATM,Food,DE,21.0,0.13111646524508375,0.15681425585075626,0,7
6441,478,0.5871688980647338,ATM,Grocery,DE,15.0,0.36838599757834894,0.24270955584254303,0,7
3121,617,50.09297656633174,Online,Grocery,TR,20.0,0.32058999453692116,0.20029047359033375,0,7
5703,484,179.09617663198648,ATM,Clothing,US,22.0,0.12040693748597756,0.21551635763819,0,7
8823,637,96.91135086978511,Online,Electronics,TR,17.0,0.08618632150210548,0.332431402367482,0,7
1437,292,105.45698688790516,ATM,Food,US,12.0,0.13058337838009404,0.15885449614709052,0,7
7195,945,153.8929898575318,POS,Clothing,TR,5.0,0.10972489208948644,0.27742414891637346,0,7
5694,422,69.87834999717533,POS,Electronics,TR,13.0,0.06673805862651681,0.22854087370349008,0,7
2384,132,0.0,QR,Electronics,UK,21.0,0.33065548927785765,0.10750907695424075,0,7
1329,551,21.43537340228974,Online,Food,UK,18.0,0.12202578409952342,0.17095068246685718,0,7
2154,413,118.0152540413292,POS,Grocery,UK,18.0,0.08859166032076667,0.08858357707164619,0,7
4833,592,40.42739899005561,ATM,Clothing,FR,12.0,0.13179904451552615,0.07680748757911911,0,7
3268,843,15.440273573366428,ATM,Travel,FR,16.0,0.11768546750190798,0.12905383076436389,0,7
9417,891,425.4371444328116,ATM,Food,TR,12.0,0.2859180291041026,0.4130235296185434,0,7
5269,547,100.7295480532382,Online,Travel,TR,21.0,0.40946370550432615,0.2914915717215354,0,7
3482,972,122.94210237052262,QR,Travel,FR,14.0,0.3082604306372489,0.17037554015767256,0,7
6932,742,172.1859767379195,ATM,Travel,US,23.0,0.20775332706010108,0.15424701441618965,0,7
5497,272,157.89532130055997,Online,Clothing,UK,21.0,0.4174078265304446,0.22709540143960386,0,7
8138,266,127.39117091685917,QR,Travel,FR,14.0,0.38786455268298436,0.2518533195995662,1,7
8154,908,19.777869757315063,POS,Travel,FR,11.0,0.23492087556126218,0.1110600609156498,0,7
5061,956,139.187772431854,POS,Grocery,US,9.0,0.39555107586523247,0.5804953452056133,0,7
3808,747,87.27184334938615,ATM,Electronics,DE,19.0,0.3505569993371991,0.21597602131480365,0,7
5461,170,128.30886755127082,QR,Food,DE,16.0,0.6219174635079563,0.2623957030507973,0,7
7151,829,1.3341523872599477,Online,Grocery,FR,10.0,0.06074339508633441,0.14260252307130278,0,7
3556,225,15.11248828863739,ATM,Clothing,UK,10.0,0.48883414432544603,0.17956504060249318,0,7
9557,22,166.02276155719335,POS,Electronics,DE,9.0,0.34843004104025865,0.1502774656152542,0,7
1674,134,172.63416393824724,QR,Food,FR,4.0,0.16569347345644606,0.4329574010130662,0,7
2512,867,11.62114781055546,Online,Grocery,US,19.0,0.32800505260716906,0.3866605175017274,0,7
7947,780,78.1489079407797,ATM,Electronics,TR,17.0,0.27161774752684775,0.0967396870813956,0,7
7249,956,311.5119351691834,POS,Electronics,FR,16.0,0.1645949902417288,0.2502049927956174,0,7
3988,700,90.5075667991196,QR,Food,DE,12.0,0.12446936939573135,0.3001692223544221,0,7
2388,269,39.2091872695984,POS,Grocery,DE,18.0,0.10702395095171252,0.24870752182198969,0,7
9954,865,31.07301248538065,POS,Electronics,TR,18.0,0.17984385737888406,0.2868349509225947,0,7
9032,998,20.716962242579722,Online,Grocery,UK,15.0,0.1450863345442135,0.5642039500321591,0,7
5857,922,26.406554457907152,POS,Grocery,DE,1.0,0.11228383145952747,0.16628396125611616,0,7
1739,546,19.208640175512883,Online,Food,DE,7.0,0.3157096941111951,0.1928745281786462,0,7
3905,689,55.33749566463554,ATM,Travel,US,11.0,0.38936089463413176,0.38357240238523,0,7
3568,909,181.7617033019577,Online,Electronics,TR,11.0,0.5226723103721047,1.0,0,7
7387,541,207.9728360324855,Online,Electronics,FR,23.0,0.3194432811612834,0.06502958311248686,0,7
1589,790,56.32433926750265,QR,Travel,TR,8.0,0.3410799810612564,0.3694728565612211,0,7
5596,494,51.75276353056415,POS,Electronics,US,10.0,0.11854187190913162,0.3119091323565204,0,7
415,182,619.0711285134349,QR,Electronics,UK,21.0,0.2818762012293978,0.45085922435386006,0,7
3555,631,24.148276836708884,QR,Clothing,TR,11.0,0.08137279752582101,0.2777875907103275,0,7
9956,283,33.74461058589912,POS,Travel,UK,14.0,0.16274383969336936,0.1375610226054446,0,7
8866,843,72.3989865640818,Online,Food,DE,14.0,0.24056834606987887,0.16958302951623436,0,7
5186,650,276.5067711441043,Online,Electronics,DE,22.0,0.11142208182658503,0.15842896721836044,0,7
4304,12,13.873477593278299,POS,Electronics,US,23.0,0.46089159520807926,0.10122869768933498,0,7
7497,393,102.65935886396898,ATM,Grocery,US,16.0,0.1940051974854591,0.09308698718108013,0,7
5846,475,30.625520757391087,QR,Grocery,FR,19.0,0.16250026866297806,0.09678340182973927,0,7
310,882,79.81209278782886,Online,Grocery,TR,9.0,0.3828527931919796,0.30091693364552335,0,7
5822,511,40.007645972106666,QR,Food,US,12.0,0.2197894205355123,0.12676468248134176,0,7
312,192,31.976503571104157,Online,Food,US,19.0,0.0868180697868471,0.1151882636259004,0,7
4961,497,16.129752419744868,ATM,Grocery,DE,20.0,0.35018992009400307,0.19984833716547903,0,7
8044,290,86.80462033372372,QR,Grocery,TR,11.0,0.559418189960022,0.25348662527054544,0,7
5921,228,45.3599640730227,POS,Grocery,TR,22.0,0.10378773321441019,0.21332980751370897,0,7
5930,944,5.3058759111836125,ATM,Travel,UK,23.0,0.11424187720991355,0.19814361862007518,0,7
4511,409,581.1537728691034,QR,Travel,FR,20.0,0.4426080711342944,0.1574220076624402,0,7
9808,313,133.41080327411365,POS,Electronics,FR,7.0,0.6608495613921176,0.11653627924903531,0,7
2620,203,54.5620798378684,QR,Food,UK,23.0,0.4648922248378312,0.13405817892167488,0,7
4240,819,740.4918177965338,Online,Food,DE,11.0,0.2617362300639731,0.4837311274803671,1,7
6387,802,40.16801853422887,POS,Travel,DE,12.0,0.12333771491229492,0.22086063051291785,0,7
8994,593,235.96384626609415,QR,Food,DE,13.0,0.20713083017232176,0.06628381811065495,0,7
462,181,343.10268181037145,QR,Electronics,FR,23.0,0.6179177173058717,0.2784309624803044,1,7
3062,71,62.69143424339208,POS,Clothing,UK,17.0,0.1665835983859077,0.23870227603177402,0,7
4012,374,45.87298574812526,Online,Electronics,UK,23.0,0.2823077852518217,0.06538900826727763,0,7
8213,462,397.4074983024482,POS,Grocery,TR,10.0,0.6190964674924617,0.46144638366515506,1,7
4133,395,66.22513980193318,Online,Travel,TR,18.0,0.2302039884644771,0.10877394315947045,0,7
6799,693,272.14159624001235,QR,Food,DE,5.0,0.15094064189057643,0.27244427240559804,0,7
4318,738,29.89228125741745,QR,Clothing,FR,19.0,0.32892749961176415,0.21425649223203785,0,7
7087,848,41.28455852645244,POS,Food,UK,19.0,0.1789951587892987,0.12832633726785084,0,7
7446,519,309.99976588603465,ATM,Grocery,DE,16.0,0.24031617922251847,0.38212768817608406,0,7
7757,943,25.094480038255895,QR,Grocery,TR,18.0,0.058888021714494906,0.08708372798332606,0,7
2019,523,84.09477487787143,Online,Travel,TR,7.0,0.07185970204633711,0.23254186997499918,0,7
9578,681,16.35941907364742,Online,Electronics,FR,22.0,0.11977369814889036,0.35709297195799944,0,7
4487,21,254.14230767420463,QR,Grocery,DE,17.0,0.2622880801181866,0.2787852826707618,0,7
4640,734,335.03446358056686,Online,Food,FR,22.0,0.3528900209081704,0.7532141176700453,0,7
4833,656,8.472545645597815,ATM,Electronics,UK,19.0,0.29669263460214784,0.2076387736374086,1,7
9581,946,5.407714016744244,POS,Food,FR,19.0,0.27734803313603096,0.3567003055071342,0,7
8704,734,66.12764919477681,POS,Food,FR,10.0,0.375357867869738,0.12424950994926454,1,7
6415,440,115.91383146165758,QR,Food,UK,21.0,0.5137392650764736,0.4816108550309503,1,7
9785,187,123.27117287219366,Online,Clothing,US,10.0,0.21473742010592234,0.10672084651565553,0,7
3713,732,21.443096957914797,QR,Clothing,FR,18.0,0.23891970005662647,0.138206494576558,0,7
5769,81,177.93837713851008,QR,Travel,UK,14.0,0.46831693501910193,0.29643783475178664,0,7
4742,463,110.25284455196154,ATM,Travel,FR,18.0,0.6106418951911429,0.3492111457562218,0,7
6400,709,145.27844055828714,ATM,Food,US,3.0,0.2638727851102724,0.09837893445594317,0,7
9313,949,360.04319862811946,QR,Clothing,FR,17.0,0.24291025168644795,0.16927429383194423,0,7
2369,848,33.548537540300686,QR,Travel,US,17.0,0.1716539593898353,0.38120956502536635,0,7
238,529,176.66825372430966,POS,Travel,TR,5.0,0.3243332487417243,0.2206424367617696,0,7
3499,167,213.2156621889887,ATM,Food,UK,20.0,0.09243152738657787,0.13907370914288486,0,7
3922,432,241.63595648316414,POS,Food,FR,17.0,0.21937403525196927,0.4267608892422407,0,7
3113,59,44.98067991752224,QR,Grocery,TR,6.0,0.13566680530991482,0.14467774178674586,0,7
6126,595,3.2949191979826287,QR,Travel,TR,14.0,0.12764569009578677,0.18423063272045365,0,7
4673,331,12.005033190486468,POS,Clothing,UK,12.0,0.1555869378167227,0.1950691679145141,0,7
4896,672,294.06058851574494,ATM,Food,UK,21.0,0.1987721547904053,0.5990249552594148,0,7
2805,329,129.57526421836735,Online,Travel,DE,11.0,0.2750207303301062,0.1801249917726266,0,7
5590,544,292.5127494234093,QR,Food,FR,9.0,0.10635209468405363,0.2829210218041906,0,7
1920,589,5.354029152589609,QR,Grocery,TR,1.0,0.10701564349686388,0.26849016922369057,0,7
279,712,137.77277270856547,POS,Grocery,US,20.0,0.8318170466110228,0.69345166313745,1,7
9135,532,46.61999210834717,POS,Travel,DE,16.0,0.17138239898142865,0.28864346295459925,0,7
7805,959,135.51360027513087,Online,Clothing,UK,20.0,1.0,0.5530656008710442,0,7
7420,261,34.289226885715586,ATM,Food,US,23.0,0.27787981807772405,0.2637806028901098,0,7
3276,527,37.51750744477321,Online,Clothing,FR,16.0,0.16334676568272638,0.8815240660274004,0,7
8848,475,353.3817263580689,ATM,Food,UK,12.0,0.23188865043486379,0.2908207613490675,0,7
3856,335,177.24160713478278,ATM,Clothing,UK,23.0,0.07535140781574458,0.1744600814356611,0,7
2028,465,145.0337214973595,POS,Electronics,UK,22.0,0.3044637048071462,0.17146632577557708,0,7
7718,534,26.39674787878984,ATM,Clothing,US,22.0,0.14658739823051287,0.14071451340221516,0,7
36,573,21.788865028017884,ATM,Travel,FR,18.0,0.08296194639328766,0.14480964173323038,0,7
9671,666,114.95959801079164,POS,Grocery,US,13.0,0.2058044879947027,0.24802651793280864,0,7
5568,699,750.5173733116586,Online,Travel,FR,21.0,0.27838920052932986,0.5171612957359619,0,7
2646,33,21.249663582547655,ATM,Electronics,UK,22.0,0.21843691267017887,0.2409879376131856,0,7
8623,743,83.53527106806119,ATM,Food,US,22.0,0.14446448745474944,0.10954414481540281,0,7
2513,94,376.2301224930368,ATM,Food,FR,11.0,0.20483716930583068,0.3812418647570852,0,7
3189,689,139.66668746814645,QR,Travel,DE,4.0,0.27956259634751945,0.18612322673512072,0,7
8072,149,18.16201756606769,ATM,Food,DE,6.0,0.19218616285010048,0.20975142255653975,0,7
2610,498,91.25751547129573,POS,Food,UK,4.0,0.23760277099343963,0.11811479991450205,1,7
920,840,6.102199811263343,Online,Clothing,US,13.0,0.1284303199557675,0.1677270700953191,0,7
4297,514,641.6819823621757,POS,Clothing,US,12.0,0.20320423708046925,0.4476359467816469,0,7
2482,743,191.36567801623016,ATM,Travel,US,7.0,0.6940960051791611,0.2188627106687252,0,7
4549,233,236.18361436170153,Online,Electronics,DE,19.0,0.0738936697534174,0.29797337521111905,0,7
3379,136,96.99824551611304,ATM,Clothing,UK,10.0,0.36771416701103926,0.5641927811503321,0,7
1212,314,58.195034626953344,Online,Food,US,21.0,0.13161926542435065,0.4846196181109239,0,7
6356,441,3.1415248422888666,POS,Travel,TR,23.0,0.12471751542998111,0.40310998008034415,0,7
7459,693,116.26626356676408,Online,Electronics,UK,18.0,0.21507170972535936,0.6368418957507783,0,7
5009,87,365.0741428265796,QR,Food,DE,18.0,0.5713545983538426,0.31009811152922595,0,7
9268,986,42.761844811197825,QR,Food,TR,8.0,0.5522130871743668,0.3174401920001053,0,7
8825,686,13.681531033745728,ATM,Clothing,UK,9.0,0.30595623655913434,0.1110316956334427,0,7
4327,233,189.3878738468131,ATM,Electronics,US,22.0,0.15622680483722012,0.08834001548285907,1,7
9628,27,425.03548368247664,Online,Grocery,US,17.0,0.33127205301722884,0.22708624387303925,0,7
5656,595,216.51976459808316,Online,Grocery,UK,12.0,0.16209475520340472,0.3908548937300539,0,7
9447,698,47.341501381488584,QR,Electronics,FR,19.0,0.11204948866897338,0.16870592767665038,0,7
7719,153,432.80358430340107,POS,Electronics,TR,5.0,0.18879307490699368,0.7756326870303446,0,7
9488,734,316.0818008721451,Online,Clothing,DE,20.0,0.6341296838928258,0.10119131528235244,0,7
4649,536,6.354225649274741,Online,Travel,TR,17.0,0.2854908618229399,0.3541799641299507,0,7
4684,620,57.36191338171021,Online,Travel,US,21.0,0.12837596379640365,0.17496869680028238,0,7
8703,716,320.68202960569386,POS,Grocery,TR,16.0,0.20133504263523286,0.4060780516524783,1,7
2078,872,291.5336115911963,QR,Grocery,TR,1.0,0.254461387522519,0.20061871321492047,0,7
9246,528,45.4258667841684,ATM,Clothing,TR,13.0,0.16686982017264854,0.07058076601175212,0,7
5327,527,172.88250951850787,Online,Food,FR,7.0,0.16643831360121855,0.14145120771672373,0,7
5370,481,197.66508048797678,ATM,Travel,DE,21.0,0.17159512186480408,0.13406202446125964,0,7
3494,496,202.83646857410125,ATM,Clothing,US,16.0,0.4758645381709502,0.21891047709010947,0,7
4999,282,946.1316506254108,POS,Grocery,FR,18.0,0.5281304064261383,0.34269035347307786,0,7
7999,31,166.64953735223378,ATM,Grocery,TR,22.0,0.22864791881650381,0.22721174560563798,0,7
2671,317,9.384180648432649,ATM,Travel,US,19.0,0.11040340203023406,0.3245971438627124,0,7
1588,301,167.63427593769183,QR,Electronics,FR,20.0,0.11340462522319464,0.1220097863224815,0,7
748,991,70.16839391256121,ATM,Food,US,19.0,0.30059723830257845,0.1198377715665799,0,7
2821,117,22.160948034124203,ATM,Clothing,DE,18.0,0.07660848741365466,0.14114280336612564,0,7
9393,600,4.57759110944256,POS,Electronics,US,23.0,0.08480689838352445,0.07660362782755888,0,7
921,191,74.98402030090612,QR,Travel,TR,16.0,0.2866956690493211,0.13708877727932042,0,7
1183,409,184.6453086069974,ATM,Travel,DE,13.0,0.09115106548581592,0.15237380031913839,1,7
8123,48,190.5948485228808,POS,Travel,FR,18.0,0.48369450616604204,0.4962864485929397,0,7
9075,913,7.9133303239873465,ATM,Electronics,NG,8.0,0.14548676186830578,0.0972871274743643,0,7
9626,609,176.58145283106728,POS,Grocery,DE,14.0,0.11490619089642273,0.6579225802209766,0,7
8491,868,52.323342807425234,QR,Clothing,FR,15.0,0.19612838254084597,0.24231151100210518,1,7
3998,918,252.16651561381263,ATM,Electronics,US,16.0,0.1374693350331248,0.3107198995483743,0,7
7388,574,715.4655156507366,Online,Clothing,UK,9.0,0.16202002142249447,0.3151572225875355,0,7
4208,183,9.327429235286985,QR,Electronics,DE,16.0,0.09567005234236534,0.07499191545156125,0,7
1957,791,75.4247457044336,QR,Electronics,US,14.0,0.10448170451615471,0.11975145148326798,0,7
5095,374,153.5073428915527,QR,Food,FR,11.0,0.28099215334221855,0.11887462002660709,0,7
3486,719,685.3297889087036,ATM,Food,DE,11.0,0.266157074958302,0.4805437294806822,0,7
7938,677,260.1991815741827,QR,Travel,DE,11.0,0.2763274525728622,0.08567972002611357,0,7
9614,143,98.60682528248604,Online,Clothing,FR,9.0,0.22847738026226433,0.3243512297475017,0,7
8205,975,227.82857858500432,POS,Electronics,US,21.0,0.23965200173337226,0.08989336181759267,0,7
4424,526,20.599126715804534,ATM,Clothing,FR,11.0,0.2739594790835269,0.07947764547248358,0,7
8369,860,47.622530683956235,ATM,Food,US,16.0,0.07024437877729077,0.1744277581817422,1,7
862,713,67.67256756599463,Online,Food,DE,9.0,0.15417803313549905,0.2089213662004035,0,7
1379,480,0.0,POS,Food,UK,13.0,0.2788757402641211,0.20482303959546969,0,7
3096,446,32.029450043189534,POS,Clothing,FR,12.0,0.11451179449381209,0.292283104963462,0,7
1768,125,24.50190794910894,POS,Grocery,TR,18.0,0.4281205258845847,0.23861393537364245,0,7
3670,813,321.34327917430363,ATM,Travel,DE,5.0,0.2765483184489398,0.463415841352998,0,7
5888,204,345.3476676595823,POS,Clothing,FR,19.0,0.3945480361911823,0.17646970517586352,0,7
5357,233,154.8156708631174,QR,Electronics,US,14.0,0.10445389368733266,0.13976888305075758,0,7
3560,606,123.37055950394097,POS,Grocery,DE,17.0,0.21879416973761165,0.1683609157604052,0,7
1894,824,294.3638186983257,Online,Grocery,DE,20.0,0.14791999961232832,0.10300104670909986,0,7
9843,869,48.165101944343746,POS,Grocery,FR,10.0,0.10526180727652806,0.12312071183832002,0,7
3298,404,371.0909041582678,ATM,Food,DE,16.0,0.5032297147112685,0.28970200486883546,0,7
8272,722,239.50760743221088,QR,Electronics,TR,9.0,0.13562567960372052,0.3035737027771224,0,7
2248,282,36.984915750498814,POS,Grocery,US,13.0,0.08478818329533153,0.06402901190766166,0,7
1929,501,285.0781924956863,POS,Electronics,UK,22.0,0.17380153714919808,0.18466891555887938,0,7
2553,62,2.1119666479639716,ATM,Grocery,UK,6.0,0.13082471122390513,0.16902412933728012,0,7
4322,572,281.75210250154225,ATM,Grocery,DE,4.0,0.4864730931234881,0.22507155226788117,0,7
2031,946,77.08498326798943,POS,Electronics,US,12.0,0.26189771186313376,0.1969057925423454,0,7
3599,103,279.84181041081024,POS,Grocery,UK,8.0,0.12010415961633931,0.21161491886904055,0,7
733,592,52.0122176546037,ATM,Electronics,FR,21.0,0.14056969455861182,0.09908651561019124,1,7
6894,623,187.0998387941806,ATM,Food,UK,15.0,0.2444494520991312,0.16966125946099903,0,7
4806,827,0.0,QR,Grocery,TR,10.0,0.07180050129226803,0.06448210739024553,0,7
8591,955,50.485850503663784,QR,Food,FR,22.0,0.08892738265422476,0.19428041585996608,0,7
4111,792,220.027857223945,ATM,Travel,US,7.0,0.14138070236467581,0.23797611162458793,0,7
9834,459,5.012408858865668,Online,Food,TR,15.0,0.12304638578763026,0.14184987897909063,0,7
5693,635,427.42682318335955,Online,Travel,TR,22.0,0.18017871362895732,0.276844751943067,0,7
5319,354,43.50352996302301,QR,Grocery,UK,16.0,0.1256500233277756,0.12504954456325115,0,7
1785,567,0.0,QR,Travel,TR,4.0,0.06797852867461911,0.07035280238985425,0,7
6095,29,263.1532255146309,QR,Food,TR,21.0,0.28264506821212954,0.23684273030618033,1,7
7731,264,9.890482160089393,Online,Grocery,UK,8.0,0.08774079747451949,0.08743917106415626,0,7
757,294,410.029185104908,Online,Clothing,FR,22.0,0.11788914305313164,0.17354120173895207,0,7
413,87,148.60354237514304,Online,Grocery,TR,13.0,0.10891101856603723,0.18211031107320008,0,7
8134,383,86.69757886934333,ATM,Electronics,DE,13.0,0.5722668209988044,0.3628886210767137,0,7
3019,410,146.30216515439326,ATM,Grocery,US,23.0,0.48262792848841707,0.2676491332265564,0,7
5486,593,294.0765484511561,QR,Clothing,UK,16.0,0.22562196933539813,0.1145411466531649,0,7
3244,231,178.24190278003041,Online,Travel,FR,20.0,0.5977902260292676,0.4783759821998935,0,7
5576,698,108.78311590028656,QR,Clothing,UK,16.0,0.08999303869842346,0.2317523806259468,0,7
3015,919,79.34024931819148,Online,Food,TR,19.0,0.28225037303879896,0.1445585277293571,0,7
4655,46,339.83684825921233,Online,Electronics,UK,12.0,0.15069550684052643,0.42535755828391214,0,7
1494,182,25.615896224849024,POS,Clothing,US,23.0,0.17627933023700415,0.2124660667249255,0,7
8595,125,616.52136644169,ATM,Electronics,DE,14.0,0.33715444974954767,0.2938974310389428,0,7
7567,78,398.7551902090796,Online,Electronics,US,20.0,0.34512256570261424,0.20817237069872438,0,7
5731,499,68.0345639492916,QR,Clothing,FR,12.0,0.13160409397981285,0.18423869074384258,0,7
3247,790,14.821660878049595,Online,Food,TR,22.0,0.19936510196904222,0.20938578540803057,0,7
6980,310,29.133619365987403,Online,Grocery,TR,9.0,0.3391548567066545,0.2455285037347054,0,7
7853,844,2.492130222103513,Online,Grocery,FR,13.0,0.18262089550556276,0.06231823595119872,0,7
8085,23,32.85899216362915,ATM,Grocery,DE,20.0,0.1445905382044353,0.2839350978343022,0,7
8395,55,723.0149925883378,Online,Electronics,UK,7.0,0.4971705671950689,0.3284646997349406,0,7
8019,953,23.732030736544058,ATM,Clothing,UK,8.0,0.2205816064031296,0.12977172419612198,0,7
9710,423,1.50627701132491,ATM,Clothing,FR,22.0,0.0851261829122244,0.07928209959777045,0,7
4526,88,267.61429574290605,POS,Food,FR,19.0,0.1757617522235137,0.33506338304277855,0,7
9923,52,2.354036203674692,POS,Electronics,TR,7.0,0.13159473725056903,0.1137613861340301,0,7
4703,728,90.7175549156897,QR,Electronics,FR,12.0,0.23309196641203667,0.12056252272304371,0,7
1209,55,207.66524797004433,QR,Grocery,FR,5.0,0.1546874480819758,0.18060314639985986,0,7
1453,666,17.267223166834466,POS,Grocery,US,17.0,0.24067839962621373,0.1496096347081165,0,7
7946,71,53.072539157081565,POS,Food,DE,15.0,0.18232260984288065,0.08249266274657271,0,7
4904,565,103.74294252330075,Online,Grocery,DE,16.0,0.48612946923930933,0.3191964168623724,0,7
6169,565,52.262719515978795,ATM,Grocery,TR,23.0,0.16516901757623786,0.19577894141908309,0,7
8616,805,295.0286929610597,ATM,Clothing,TR,21.0,0.4539895998458713,0.11058939386301228,0,7
8584,830,20.38406778799672,POS,Food,TR,21.0,0.060669630129183014,0.13498159398494597,0,7
2237,336,21.539895251223797,POS,Electronics,US,23.0,0.2895880519081708,0.19109612223486472,0,7
5288,753,25.796129268710143,Online,Clothing,TR,19.0,0.4702506906372273,0.13232450628082998,0,7
7587,103,338.6961048542916,Online,Electronics,UK,10.0,0.34013513397263456,0.33418031131753756,0,7
2414,149,54.70950261406364,ATM,Grocery,US,13.0,0.09988346939578582,0.1256402259980598,1,7
5506,607,3.7692824791406956,Online,Food,TR,11.0,0.0932656036010826,0.10531883408840997,0,7
8117,421,208.77770898915563,ATM,Electronics,UK,14.0,0.11551146938530951,0.3485292643712354,0,7
9007,487,35.727259586561516,Online,Food,FR,15.0,0.3119779906671566,0.10163952534255635,0,7
3320,830,298.09546654109084,Online,Electronics,UK,9.0,0.22081304497549215,0.24795144689116735,0,7
5590,402,8.295920420109033,POS,Clothing,US,19.0,0.14287054666494328,0.08487707436741401,0,7
5032,238,516.8657027536567,ATM,Travel,US,3.0,0.14898891612839493,0.41595172313075657,0,7
4657,566,275.24701281879084,Online,Clothing,UK,15.0,0.6513790364233055,0.07907085497266005,0,7
2577,275,28.47733949363381,Online,Food,DE,21.0,0.061009895161734023,0.21378749955334947,0,7
9760,844,5.855389912361877,ATM,Electronics,FR,7.0,0.5513961652825277,0.22950549496371217,0,7
2314,989,344.93280822119885,ATM,Grocery,FR,18.0,0.06451676886315486,0.08803122459219895,0,7
8824,727,86.13218059820069,ATM,Electronics,US,12.0,0.1188650093191452,0.4024346404894081,0,7
901,796,13.114594196451327,ATM,Electronics,UK,15.0,0.4590150784147712,0.10151100038596608,0,7
2124,397,605.199173779262,QR,Travel,TR,9.0,0.21563635745339077,0.25832117538100663,0,7
3860,273,49.243896494533324,Online,Electronics,FR,11.0,0.13773150164285403,0.18243687350403878,0,7
4783,912,44.68590158294866,POS,Clothing,US,11.0,0.11741468427251314,0.06922296415865412,0,7
7523,332,0.9463894091392255,Online,Travel,UK,15.0,0.11123009710550025,0.3355096351260564,0,7
6178,789,34.47374402835034,POS,Food,TR,13.0,0.06485135980888213,0.07080188089631406,0,7
6827,328,243.38994456765673,QR,Food,FR,9.0,0.23180551353627074,0.3027494106291243,1,7
286,479,115.44447371485685,Online,Travel,TR,1.0,0.29305477780092354,0.46785454452008984,0,7
1153,910,57.88307963620794,Online,Travel,FR,6.0,0.16150355877382197,0.2147837978499591,0,7
4041,725,38.126784408419205,Online,Grocery,TR,22.0,0.125326233989124,0.17699059753767812,0,7
9932,992,133.55932456975557,QR,Electronics,DE,16.0,0.2058409662947857,0.3787570077152551,0,7
6105,676,3.0682827117987936,POS,Electronics,TR,21.0,0.10000830765877856,0.13519928297298583,0,7
793,795,21.4615419157262,QR,Travel,US,17.0,0.09278987236808965,0.11288993482126179,0,7
9918,529,1.4387550467708794,Online,Food,FR,9.0,0.10759252938543498,0.1194633580466733,0,7
7994,680,7.282745720494711,ATM,Clothing,TR,21.0,0.09779256924436139,0.43931877694496707,1,7
2756,31,56.25639277855584,POS,Travel,FR,17.0,0.19755990427073702,0.17233688129972533,0,7
2409,880,112.14561046227855,ATM,Electronics,UK,9.0,0.27719586082416237,0.17216652851277955,0,7
2056,174,28.743803368957284,ATM,Food,US,17.0,0.1375498087854014,0.09804230059058433,0,7
1016,216,237.1498050161628,QR,Grocery,TR,10.0,0.0721635638750956,0.0757811836840734,0,7
3339,93,9.205382364317376,ATM,Grocery,DE,16.0,0.07519062957237321,0.22670386417707816,0,7
5798,355,202.47060376073958,Online,Electronics,TR,22.0,0.14143401090368973,0.08730044727225432,0,7
7529,936,0.0,POS,Electronics,US,23.0,0.31884963514785825,0.0797956790447408,0,7
8400,206,64.39043175434131,QR,Clothing,DE,16.0,0.17417065577656568,0.12612684752162162,0,7
1037,594,21.768959327938173,POS,Electronics,FR,21.0,0.13218884117552068,0.15171895804495233,0,7
5826,339,449.4441852005461,POS,Grocery,US,16.0,0.22195862292351984,0.2187405156743786,0,7
9002,792,48.23906645746439,Online,Food,TR,8.0,0.2235078831633721,0.41854394283729657,0,7
4759,68,34.41858169898587,POS,Clothing,TR,21.0,0.19020693204991845,0.3645991693906808,0,7
5049,185,315.2135168825369,QR,Clothing,UK,22.0,0.17039011016487582,0.23784676983858366,0,7
6815,451,38.40409499936044,QR,Electronics,UK,12.0,0.16679887090533915,0.16938013844922356,0,7
239,914,0.09567393970211269,ATM,Clothing,DE,20.0,0.22015574263408494,0.1945523456045393,0,7
1837,640,160.04665865443198,QR,Food,DE,16.0,0.5582910533824894,0.22786490079973598,0,7
6593,722,9.728480943406598,QR,Clothing,US,13.0,0.1950490484621852,0.34612314916747267,0,7
352,944,55.98821202640939,POS,Clothing,TR,12.0,0.6368738221630009,0.5177899162793814,0,7
6572,980,269.9936514300471,Online,Food,DE,8.0,0.17707386649211043,0.41408525755479975,0,7
3596,659,367.50380467442216,QR,Clothing,FR,15.0,0.33623995499471876,0.11174934370511408,0,7
6781,138,35.36033607834663,ATM,Clothing,UK,19.0,0.07834294674013731,0.11996046754595,0,7
2657,68,0.0,ATM,Electronics,FR,20.0,0.1502860700327395,0.4335765765980417,0,7
3256,451,0.0,QR,Electronics,US,22.0,0.10259658620780698,0.05799402056308468,0,7
3755,216,499.3269611161053,QR,Clothing,FR,16.0,0.2744932428466323,0.32585737061600006,0,7
9716,715,109.16309795273398,ATM,Electronics,DE,22.0,0.08124563730179511,0.13213357814910548,0,7
2457,124,423.26261729223586,ATM,Clothing,DE,18.0,0.2373725896551105,0.5282185044465959,0,7
8883,222,39.41831482808528,Online,Food,FR,21.0,0.33188021855132194,0.2814379784394462,0,7
4705,621,20.383285689717596,QR,Electronics,FR,18.0,0.6572348559494042,0.5599186246365908,1,7
9980,24,147.46456307775543,Online,Travel,TR,17.0,0.4542977805386291,0.19560959195051097,0,7
2575,467,46.923175533473795,POS,Grocery,US,9.0,0.11429221476660667,0.31944803221461787,0,7
6985,390,166.6800696001351,Online,Grocery,DE,23.0,0.13077167130509054,0.23559615189446004,0,7
1169,157,100.08285143426873,POS,Grocery,DE,15.0,0.31316071233715564,0.5503113268471034,0,7
6599,970,137.0439631248572,QR,Grocery,FR,22.0,0.3575594120314872,0.2055266594486718,0,7
2901,713,18.047819654943037,QR,Grocery,FR,15.0,0.06539404269044166,0.16188690521258775,0,7
1054,257,1.4065971359076457,ATM,Clothing,UK,23.0,0.48475495104246136,0.25414563468535384,0,7
2472,121,408.31144943516176,Online,Electronics,US,19.0,0.4897422566629552,0.3038913924175573,0,7
9959,313,490.0899644177375,ATM,Clothing,US,23.0,0.12419515720892002,0.1744246124343644,0,7
461,749,341.1772798480008,QR,Food,US,22.0,0.14497290828217468,0.07989845449083259,0,7
5217,371,184.25016257232778,QR,Travel,DE,17.0,0.3183192864842483,0.20104750572784855,0,7
5043,998,31.64824890821687,ATM,Food,UK,2.0,0.12399959920996918,0.18316302727908368,0,7
6745,411,47.598675746488624,POS,Food,US,14.0,0.2003334486206671,0.06465928031517666,0,7
1450,347,78.83189231199518,QR,Clothing,UK,16.0,0.18081066076736305,0.10557229577654217,0,7
3660,789,112.21962693538053,Online,Electronics,FR,11.0,0.17420241462538438,0.10391455564779156,0,7
2627,887,399.9003269658195,POS,Travel,DE,6.0,0.6098171708182161,0.19604375634382729,0,7
1006,604,10.42607275034844,QR,Clothing,NG,13.0,0.304309881843712,0.1755573949914637,0,7
1291,692,69.36853095286918,ATM,Grocery,FR,10.0,0.1499655016156644,0.09283458444218193,0,7
6965,282,364.0003095979128,QR,Travel,DE,20.0,0.15361973209913035,0.11818210269985821,0,7
1749,605,24.182764401497305,ATM,Food,UK,7.0,0.17320130455603877,0.43122098218021765,0,7
1933,719,489.27684351570474,POS,Electronics,US,13.0,0.2694673359917027,0.6109699517070635,0,7
2724,75,98.17024502041521,ATM,Clothing,DE,15.0,0.6330417483720617,0.4037916239537703,0,7
8945,593,1037.8680337976707,POS,Food,DE,6.0,0.18058962374903495,0.07042408210363126,0,7
2946,656,0.0,POS,Grocery,DE,17.0,0.09504482186160124,0.1414979767566707,0,7
6170,782,107.74027213953966,ATM,Grocery,TR,23.0,0.2536579025331751,0.16054389501042096,0,7
7148,876,11.201441580198967,POS,Electronics,DE,18.0,0.17088203641467267,0.48775394081217066,0,7
6122,76,369.833721948388,ATM,Food,UK,16.0,0.3228210775833068,0.27000313507218254,0,7
593,269,95.01410080295756,ATM,Travel,US,19.0,0.10444088721758996,0.12487807149870114,0,7
7342,221,77.83366157950131,ATM,Electronics,UK,13.0,0.12165506232363833,0.0827659967473932,0,7
1236,64,122.04898218140023,POS,Food,FR,21.0,0.7820018471584405,0.6219485067469809,0,7
3868,466,216.5694541799359,POS,Travel,FR,18.0,0.06360245714190868,0.2395252697621949,0,7
8557,735,238.90484728264718,QR,Grocery,UK,14.0,0.4351092937988633,0.434628046309058,0,7
8360,675,17.942474752640205,ATM,Electronics,DE,20.0,0.09758440754408466,0.18314134017639433,0,7
7577,492,423.34599183042087,QR,Clothing,DE,18.0,0.15626054999014238,0.10502659924193966,0,7
9704,232,405.4886630997381,Online,Food,DE,19.0,0.36670786894613316,0.4476787712702056,0,7
1236,807,62.485080957036715,ATM,Clothing,DE,16.0,0.1644774336079395,0.20033766282140703,0,7
2119,509,93.33959449704729,QR,Electronics,US,10.0,0.17227523619256202,0.3751342259630862,0,7
2533,217,161.2090876110252,ATM,Grocery,TR,21.0,0.23193201272439073,0.34563151134279396,0,7
1387,85,66.94156577259471,POS,Electronics,UK,10.0,0.13396783171203802,0.10295824929667807,0,7
4754,734,411.95774143271393,QR,Food,TR,7.0,0.309225823328987,0.36149351975198185,0,7
2524,330,133.60958748073907,Online,Food,UK,10.0,0.08043089343833713,0.2837713069668811,0,7
9702,732,10.453437717774943,ATM,Clothing,FR,18.0,0.14045063294474897,0.16964913059750425,0,7
6297,535,445.0992546255547,ATM,Electronics,UK,16.0,0.2345824652920978,0.4431325261508821,0,7
5871,527,98.7996113546882,ATM,Travel,US,17.0,0.14498309611425517,0.15683195921822923,0,7
2188,362,11.357010406491655,ATM,Food,UK,18.0,0.11314201501210962,0.1927717473627595,0,7
9729,307,94.24996949999706,QR,Grocery,US,20.0,0.11425892237272356,0.356776539980804,0,7
8214,350,314.56417652531104,Online,Clothing,FR,16.0,0.2858612104949376,0.4046866210961989,0,7
4254,28,20.71171652257919,Online,Food,FR,16.0,0.3575389150304256,0.1652744271551436,0,7
4144,760,62.79703188560492,POS,Food,US,15.0,0.10395422116844873,0.06728900375959569,0,7
7387,702,59.92106668212898,POS,Electronics,FR,23.0,0.08116879964829021,0.09292208535955995,0,7
9648,129,291.9573900947558,ATM,Electronics,DE,14.0,0.31040964561441375,0.5262497351626494,0,7
3586,921,150.99327749658895,POS,Electronics,FR,13.0,0.31455579189686594,0.1421017994565087,0,7
8321,491,31.35531617313689,ATM,Food,US,21.0,0.33757277872359137,0.20374454163867045,0,7
5493,231,306.2070069432913,ATM,Electronics,TR,12.0,0.18288600435261673,0.23327943759433414,0,7
1251,600,86.52680175170264,ATM,Food,FR,22.0,0.6190482637106388,0.18737365360297054,0,7
735,888,8.719153756338995,POS,Clothing,US,14.0,0.22152348121747875,0.6396356639672232,1,7
8251,588,611.9530588816725,POS,Travel,US,9.0,0.10845096320465888,0.17123602516550382,0,7
997,589,341.65910361465063,Online,Grocery,US,18.0,0.39699338749506496,0.3610040887218765,0,7
6791,382,107.96734455984735,ATM,Food,UK,21.0,0.21192675820561863,0.14786711267120095,0,7
3457,826,18.359435867271326,POS,Food,DE,12.0,0.12149849730611434,0.13289517500742584,0,7
9486,765,509.97187048497625,POS,Clothing,DE,14.0,0.44139794680680705,0.6173491379153144,0,7
4349,103,8.383885054165287,QR,Food,FR,20.0,0.1214343561782028,0.12466337873635111,0,7
3770,567,12.935054435996697,QR,Clothing,UK,23.0,0.1028989247995978,0.10194689494111181,0,7
4494,646,81.51374578518198,QR,Food,US,13.0,0.09348959301147648,0.09582484641546998,0,7
6885,363,88.46594488030671,POS,Food,FR,13.0,0.1434025657023221,0.1501936815783298,0,7
8583,650,9.964690382365104,Online,Travel,TR,10.0,0.26930096171771967,0.11890404420089842,0,7
4114,886,203.2801142342664,ATM,Clothing,UK,16.0,0.30462349665719474,0.18903247836232556,0,7
9689,939,52.52296216520889,Online,Clothing,US,8.0,0.2809471045297735,0.4373515586550632,0,7
427,975,84.51646623940027,QR,Food,US,15.0,0.062061167616829886,0.15450614685706165,0,7
1936,51,309.62554467546016,QR,Food,TR,14.0,0.27722096620666986,0.45412101963370605,1,7
4415,363,121.69575658754725,POS,Food,DE,4.0,0.19166760719902776,0.2631132298443332,0,7
7040,69,35.231771442926146,Online,Food,UK,12.0,0.238507467740742,0.28760089110730935,1,7
9919,809,229.52965903881815,QR,Electronics,DE,19.0,0.1517722758408293,0.26451355323173253,0,7
604,283,267.70606219915294,QR,Travel,TR,23.0,0.2707576051247909,0.6203216141626396,0,7
6619,45,129.69378537774045,Online,Grocery,US,11.0,0.33807649407153273,0.20459657944303092,0,7
6622,496,53.46036160208683,QR,Electronics,UK,20.0,0.6720835869569094,0.13072759992584926,0,7
1361,611,54.24907261908181,ATM,Travel,DE,18.0,0.2302177559862562,0.09589602928375052,0,7
4397,809,55.8275563282693,POS,Food,FR,17.0,0.17077071527474796,0.20469960425251094,0,7
899,513,428.6673800180321,POS,Clothing,UK,11.0,0.4621699674014612,0.33745504845173885,0,7
4660,532,21.76855844010275,POS,Grocery,US,8.0,0.0867701305738576,0.10756938786820029,0,7
2382,757,93.04171561430107,POS,Travel,UK,13.0,0.22092080839699568,0.11531000468850819,0,7
2468,365,25.18727772576208,QR,Food,TR,4.0,0.34776686207615753,0.5082630001023726,0,7
5766,11,16.061862446375155,ATM,Electronics,TR,4.0,0.157516722813276,0.1215417520588248,0,7
6617,63,134.41450796981363,Online,Clothing,DE,18.0,0.12876404882580927,0.2637125848351078,1,7
3742,28,94.87813570301711,ATM,Food,DE,18.0,0.3190760332998308,0.2988404658941144,0,7
235,444,122.63355350586465,Online,Food,US,9.0,0.7639842398780108,0.12649888004510393,1,7
7967,266,128.7247921463166,Online,Electronics,FR,19.0,0.5117459825667886,0.28546830455061045,0,7
7145,769,56.782850979561324,POS,Electronics,US,20.0,0.12987969331163818,0.08312193993300776,0,7
1488,201,7.900173152365456,QR,Electronics,DE,4.0,0.13682858970754264,0.08950537538430373,0,7
6163,409,11.911313955258658,Online,Travel,UK,12.0,0.09199407113008648,0.05895261244497145,0,7
4874,410,272.9384474219923,QR,Clothing,FR,16.0,0.28737383926036175,0.46954503830845606,0,7
2985,962,263.81034054908093,ATM,Clothing,UK,17.0,0.42859790752849614,0.6031150203573824,0,7
9473,373,43.97189279697196,ATM,Travel,FR,17.0,0.24161709162301231,0.06116343710620888,0,7
3120,656,204.9144707861219,QR,Electronics,UK,21.0,0.2709043289160782,0.20844197744970058,0,7
8506,788,86.26313417406475,POS,Electronics,DE,21.0,0.2585221866558857,0.5671917086072263,0,7
3286,524,40.54183189524876,ATM,Clothing,UK,17.0,0.3762443659097221,0.3219557314971072,0,7
4880,646,113.6322010011968,QR,Clothing,UK,22.0,0.3652357492581321,0.25658339115789736,0,7
3979,693,160.6562303358706,QR,Food,UK,22.0,0.870720282010745,0.7238760156642503,1,7
1451,8,601.3949591083243,ATM,Grocery,US,3.0,0.09592360822293663,0.20053711033386132,0,7
4894,68,295.0749473365448,POS,Clothing,DE,21.0,0.13510011216674134,0.27115523489641885,0,7
1462,400,886.4871932127986,ATM,Food,UK,15.0,0.3330050589579886,0.2895845258134095,0,7
2911,402,23.43326202238485,POS,Clothing,UK,21.0,0.11224378637702903,0.13229901832223048,0,7
3766,980,18.230790521568323,POS,Grocery,FR,20.0,0.09821241108018383,0.18121010124910059,0,7
7582,158,15.095354948334041,QR,Food,UK,22.0,0.44763851602984617,0.23525206452272882,0,7
1456,16,1248.1600870211767,ATM,Travel,FR,22.0,0.48056240051624005,0.46183648531905774,0,7
4430,857,191.56569749749363,POS,Clothing,US,15.0,0.149718529287446,0.16839728543708293,0,7
5511,494,31.82646400825969,Online,Electronics,FR,20.0,0.47272779870760906,0.255296462606565,0,7
606,871,384.8806382310891,ATM,Travel,TR,17.0,0.18610018532443204,0.20852198499815824,0,7
6292,870,34.453084009218614,Online,Grocery,UK,5.0,0.13426000222589823,0.11565419798570964,0,7
2207,165,527.9133631601802,POS,Grocery,TR,2.0,0.30751751109006686,0.4985958323013463,0,7
790,999,313.96551175137404,Online,Grocery,UK,1.0,0.13805151245517902,0.12672607892120355,0,7
7530,605,231.5427908880347,ATM,Grocery,US,15.0,0.31517175027503636,0.39967431113926344,0,7
2262,260,20.168286992781976,POS,Electronics,DE,21.0,0.19236501932608385,0.21158356009022403,0,7
2742,420,23.219589630188565,Online,Grocery,US,6.0,0.6010261042411862,0.5833963641655836,0,7
2294,790,81.60038722345413,Online,Grocery,US,15.0,0.19078890826270617,0.27411970820755843,1,7
8497,737,121.54647589775348,QR,Electronics,UK,19.0,0.1667417938671272,0.13905382562357135,0,7
2829,779,128.992916709084,QR,Food,TR,3.0,0.18118569789440986,0.24705611598109686,0,7
1279,644,474.13660518558106,POS,Electronics,TR,12.0,0.0749267350367835,0.14445338299504473,0,7
5362,332,17.480195330392974,POS,Grocery,FR,15.0,0.21040682270540784,0.06055019368819053,1,7
7894,257,469.76779469963566,POS,Clothing,TR,20.0,0.6705840076139177,0.3643844332041118,0,7
9082,566,4.986834538621998,Online,Travel,US,16.0,0.40413039904399384,0.3037989712402392,0,7
464,246,246.817116098725,POS,Travel,FR,20.0,0.15683859750748025,0.06273423213168984,0,7
4658,674,443.16728846921615,ATM,Electronics,FR,11.0,0.6328639974721106,0.5263673417752661,0,7
3693,777,56.48804682856482,QR,Grocery,FR,20.0,0.7460704225663164,0.5217040802765902,1,7
6902,588,158.4219064529832,QR,Grocery,FR,16.0,0.30662915675221886,0.23936337446223016,0,7
166,484,63.24424082534111,Online,Electronics,US,18.0,0.10883335407860098,0.3125639782908052,0,7
4042,271,271.9959721409593,ATM,Travel,UK,23.0,0.27871916534536223,0.5428817467891172,0,7
5194,157,23.306055094050446,ATM,Electronics,NG,15.0,0.18985013484727142,0.11877613035997017,0,7
7471,196,55.24120758740834,QR,Food,UK,9.0,0.10308606188842959,0.11666265871515191,0,7
7415,573,160.07531234271667,ATM,Clothing,DE,20.0,0.18445572863272067,0.2658352062820487,0,7
7952,494,266.69041917771125,ATM,Electronics,UK,14.0,0.6146638605205716,0.23323050575903098,0,7
1354,475,386.76176476079223,POS,Grocery,US,20.0,0.24620379646721718,0.36191216622716615,0,7
9054,232,10.287537567999031,POS,Electronics,DE,16.0,0.12336543431337037,0.4727157880971247,0,7
320,274,14.322764738436929,QR,Grocery,FR,21.0,0.40485739694411527,0.41081595092683076,0,7
7439,534,78.91612158159334,Online,Grocery,DE,7.0,0.12065318456481033,0.17665048653426724,0,7
5839,528,88.31991860322863,QR,Electronics,TR,10.0,0.8448714765126943,0.24857445784508708,0,7
4900,28,21.804589924290916,QR,Grocery,US,8.0,0.06632742802947417,0.09769940698159252,0,7
3017,584,17.719406549033515,QR,Clothing,US,7.0,0.11886640225608731,0.23577306840343085,0,7
1472,232,39.458236338284436,POS,Food,UK,17.0,0.20372292539426481,0.395503128508774,0,7
6610,688,35.24500617397774,ATM,Clothing,TR,16.0,0.16943556990601197,0.3583811261483269,0,7
3577,739,237.78513065798427,POS,Grocery,UK,6.0,0.06534157754020904,0.2032905937695746,0,7
6139,771,597.0349913525116,ATM,Food,UK,17.0,0.13588218742944558,0.33340003488520525,0,7
1205,189,45.912530380410075,POS,Electronics,FR,7.0,0.41031739548327645,0.10398831934843566,0,7
6823,851,217.85538231617593,POS,Travel,US,21.0,0.1945298271797397,0.18280437627524437,0,7
5375,803,111.62561657700623,POS,Clothing,US,15.0,0.27360741723704857,0.19064055116961803,0,7
5241,530,131.00767950108428,QR,Travel,FR,15.0,0.31818778132599773,0.34625563368384527,1,7
6373,451,56.25259425040982,POS,Food,US,9.0,0.11420097105113425,0.15412053321597266,0,7
1653,50,225.0460088489022,QR,Grocery,DE,17.0,0.3331446711647676,0.6220066816900012,0,7
8767,157,54.27845779585474,Online,Clothing,DE,17.0,0.2016854665599811,0.25381355061503164,0,7
9109,341,66.64203078333034,QR,Electronics,US,14.0,0.23637821389236385,0.12373382636945598,0,7
7574,674,143.2942310375346,ATM,Clothing,TR,8.0,0.6677843852327444,0.10319426099156495,0,7
3098,187,499.56642713831496,POS,Clothing,DE,20.0,0.2242977195501623,0.20712721602807585,0,7
7693,912,61.93747901154195,QR,Grocery,UK,14.0,0.261737758141391,0.28224359229961987,0,7
9728,452,30.311908615135515,ATM,Grocery,US,13.0,0.1979703881682716,0.29462334057029516,0,7
68,367,21.32729342208861,QR,Grocery,FR,9.0,0.2745843575246172,0.40710859735658483,0,7
8533,880,185.06821457086554,POS,Travel,FR,17.0,0.3727399700053232,0.1430787138014057,0,7
2306,792,138.24603982291,Online,Food,DE,15.0,0.5316231814964395,0.2109048088447444,0,7
8336,735,929.9740549825326,ATM,Grocery,FR,20.0,0.15743045698094296,0.31950943406531,0,7
6285,555,14.14732325160641,ATM,Clothing,US,20.0,0.11860841130559677,0.13525362999001028,0,7
7035,681,204.47623199538296,POS,Food,NG,4.0,0.23689436899750033,0.18792715122900763,0,7
5548,380,512.1277973700286,ATM,Food,DE,17.0,0.12770791731203038,0.23932635805699384,0,7
2985,531,0.0,Online,Travel,US,16.0,0.07814180740964015,0.13773157880982015,0,7
5413,140,225.59429525055577,ATM,Electronics,US,13.0,0.22784674622080087,0.3594485730028062,0,7
4214,887,1337.2347735275443,QR,Food,TR,5.0,0.28543936804188014,0.22669350491437504,0,7
6079,298,224.74280979844508,Online,Clothing,FR,20.0,0.7498287292005351,0.11550166765856862,0,7
1255,863,188.06577339115918,POS,Grocery,FR,10.0,0.21526137217566949,0.18815538440265708,0,7
3154,979,20.325667725801118,Online,Electronics,US,20.0,0.13270435043637147,0.1669524395209181,0,7
5102,385,266.25258620785326,QR,Clothing,UK,14.0,0.7948496167941067,0.18014178560574295,0,7
4053,521,49.5772673656637,POS,Electronics,FR,17.0,0.2575499506919806,0.2463890948944758,0,7
8202,583,24.860382142631693,ATM,Travel,UK,17.0,0.13723528063249912,0.30221262074412697,0,7
823,426,104.76159745855111,Online,Travel,US,22.0,0.24067226337634143,0.22981403682836873,0,7
1157,192,30.14851266806613,Online,Clothing,FR,17.0,0.09244379876253975,0.213901048959031,0,7
4197,404,210.44644266710628,POS,Grocery,UK,20.0,0.29275717035773047,0.1987983836053803,0,7
1286,379,17.090466507698697,ATM,Electronics,DE,16.0,0.13671690917490284,0.09424569558534174,0,7
5439,218,28.238121919155404,POS,Grocery,US,10.0,0.4117504266876936,0.13291675680910245,0,7
1250,15,36.54291047360273,POS,Clothing,US,14.0,0.19137947615429096,0.162573208720362,0,7
1095,307,81.15518067876675,QR,Electronics,FR,19.0,0.22780350914911754,0.08975259501483696,0,7
9834,830,13.520900530684441,Online,Travel,US,20.0,0.6373730489248788,0.4997822147261858,0,7
7761,354,2.957496425821396,ATM,Electronics,FR,7.0,0.1479254917413233,0.07669380473371573,0,7
4092,546,75.2340213196619,QR,Food,UK,14.0,0.6200668706472698,0.1977539032491073,0,7
6486,602,355.32070079349586,Online,Food,DE,16.0,0.25452462264985404,0.10905523618746168,0,7
4869,674,12.154581418223165,Online,Food,US,22.0,0.06479354012967635,0.07283342751276022,0,7
5993,238,40.18548572680844,QR,Grocery,TR,22.0,0.0749509650986105,0.0999816113234783,0,7
4962,603,406.01883816820606,QR,Food,UK,21.0,0.15593776874061638,0.5357203431765555,0,7
7439,561,270.69148379966356,ATM,Clothing,FR,19.0,0.35432163553113444,0.8795122988196731,0,7
7316,90,19.429409941249332,POS,Electronics,FR,22.0,0.24687053081832822,0.06375176952036407,0,7
5718,425,120.20820044975858,POS,Grocery,FR,19.0,0.3169970090140924,0.09693764702440133,0,7
8921,583,49.66438295351184,QR,Food,US,11.0,0.12463789214098556,0.19645345484411897,0,7
9937,942,340.1181272467667,QR,Grocery,US,10.0,0.08246030778434628,0.2804711575136763,0,7
1234,187,1.762498096733652,QR,Clothing,TR,17.0,0.3521523177572777,0.14071557696110112,0,7
2705,193,37.170057644003805,POS,Grocery,TR,12.0,0.10610195757524019,0.15359647853647274,0,7
242,427,367.6453445857649,POS,Grocery,FR,15.0,0.09512043425782801,0.1186763207714831,0,7
8629,922,0.0,POS,Travel,TR,22.0,0.09766229851393679,0.06517246038199495,0,7
2372,198,434.7804443568896,QR,Electronics,US,8.0,0.13561156849343353,0.12413258967120863,0,7
9627,435,191.1816750459026,Online,Travel,UK,7.0,0.3339065155538428,0.10290623896783463,0,7
1524,252,273.8419234315597,POS,Clothing,UK,18.0,0.13304259999029774,0.09360308887575453,0,7
6495,882,162.6024876601721,Online,Grocery,TR,17.0,0.07160055928287942,0.07404256251255761,0,7
4746,0,103.94549298434625,Online,Grocery,TR,20.0,0.0675438191531262,0.06738756975134547,0,7
476,294,283.2187479057093,Online,Electronics,US,4.0,0.2944128930486779,0.08974087746239372,0,7
222,650,0.0,ATM,Electronics,DE,11.0,0.07647605313795995,0.09204558527349309,0,7
66,95,41.465924913874815,QR,Electronics,DE,1.0,0.13514705611912634,0.16174211231096083,0,7
5065,275,21.86652084032803,Online,Clothing,TR,12.0,0.06268166870683704,0.11004464718797344,0,7
8784,353,2.642588929828018,ATM,Clothing,US,14.0,0.1600609849708979,0.07006092201400332,0,7
8916,387,22.956985318442023,POS,Food,UK,13.0,0.4696126406513803,0.0893570331930365,0,7
4716,511,35.5406884646292,POS,Clothing,TR,23.0,0.1390548028938441,0.09793297255961489,0,7
5943,475,424.1976638666526,ATM,Travel,US,15.0,0.24713947205213965,0.12044317865381951,0,7
799,209,409.10278283381206,QR,Clothing,UK,6.0,0.28964765014601634,0.5273844401451181,0,7
1092,974,558.5258034923077,Online,Grocery,US,19.0,0.7782753785931897,0.4545721959722546,0,7
2651,72,299.85587582448045,Online,Grocery,FR,13.0,0.4224910221927585,0.3536018605727162,0,7
7998,165,313.0163489255368,Online,Electronics,US,22.0,0.07335261336458405,0.10915033270580837,0,7
4259,567,42.64705309398506,QR,Grocery,FR,10.0,0.23386451206244974,0.43242482349837014,0,7
5130,465,16.367955939494948,Online,Clothing,US,15.0,0.4761987285501836,0.5235847134455971,0,7
688,685,29.835457951748538,POS,Electronics,UK,21.0,0.2144759228981178,0.19093898094704131,0,7
7931,507,109.38564514984144,ATM,Food,TR,11.0,0.06290019456696791,0.06583133518856846,0,7
5931,430,22.189065710503563,ATM,Food,US,20.0,0.2126932183542087,0.09144233498215364,0,7
8415,832,399.90087377083995,ATM,Travel,DE,18.0,0.33552419978657066,0.08002667854930268,0,7
3658,283,152.55455301103714,Online,Food,TR,13.0,0.37583755446734385,0.34607322035653365,0,7
9920,134,30.263731904522565,ATM,Travel,FR,11.0,0.07276795055492843,0.07951513276501013,0,7
7779,573,57.69542038647036,ATM,Grocery,UK,17.0,0.3919877430949022,0.2929790270474731,0,7
8016,438,129.016539259054,POS,Clothing,TR,3.0,0.08470932200430734,0.26424655716735834,0,7
7152,252,120.46761241150662,ATM,Grocery,NG,17.0,0.14718136691619454,0.20996596344965351,0,7
3494,777,297.73123670772094,POS,Clothing,FR,9.0,0.1878905317913936,0.10548485236756708,0,7
3285,451,470.87330688835146,Online,Clothing,TR,13.0,0.3036261363140991,0.4328324357692709,0,7
5402,849,625.8942876779689,QR,Food,US,7.0,0.43241984145750056,0.10546716342040574,0,7
5435,95,116.48345526613353,Online,Clothing,DE,4.0,0.10572654849402832,0.4813669054466554,0,7
6953,258,100.569067189291,ATM,Clothing,US,14.0,0.2383357266907021,0.27882037495620654,0,7
9303,975,51.73275326547039,Online,Grocery,UK,19.0,0.15481658419919542,0.2795654252886574,0,7
1157,205,324.0938740085948,POS,Food,UK,23.0,0.19056772488171464,0.09425049535808105,0,7
3840,4,5.14563437795753,Online,Travel,UK,23.0,0.09239932127841158,0.2499270385023567,0,7
6117,73,248.609555729693,QR,Clothing,FR,21.0,0.3196831503988691,0.22672679073506802,0,7
3861,129,95.3410604686514,ATM,Travel,FR,9.0,0.393264173913474,0.0939839671163597,0,7
1239,113,751.2895963597348,Online,Grocery,DE,17.0,0.30485809523001967,0.4267258694660528,0,7
8551,85,5.00908617406756,Online,Food,FR,22.0,0.07544126882631351,0.15789236480621532,0,7
3162,212,22.09553922389127,Online,Travel,FR,17.0,0.3025839500093056,0.1368161859051968,0,7
5212,249,22.103552677855255,QR,Grocery,TR,23.0,0.39189008854267504,0.1851867977606706,1,7
5177,308,290.7930886744514,POS,Electronics,FR,17.0,0.2774812541924605,0.1237904126399021,0,7
9477,725,209.86112043165008,QR,Electronics,FR,9.0,0.2134639544253505,0.09930775438852896,0,7
1522,823,35.0413600525357,ATM,Travel,DE,8.0,0.6653141721573762,0.08477724821083293,0,7
1638,789,29.05740936391058,Online,Food,TR,19.0,0.16232382193782818,0.4240157525010272,0,7
8700,335,1405.5511237118815,POS,Travel,FR,4.0,0.45007478154723485,0.28552736406743023,0,7
7336,202,110.29458143008793,ATM,Grocery,US,21.0,0.2913707189439786,0.29254474576716083,0,7
8600,159,245.2728229482906,ATM,Clothing,US,18.0,0.26749849105094015,0.2866244742597396,0,7
7927,786,121.79542158719198,QR,Clothing,DE,12.0,0.25892429401685635,0.2133600630124074,0,7
1646,473,184.11372803277195,POS,Clothing,DE,17.0,0.0627642176296001,0.07122011915130566,0,7
9683,411,1346.466727492009,ATM,Food,TR,19.0,0.40039358654402973,0.24280592368495665,0,7
8922,718,152.15616897059985,ATM,Electronics,UK,18.0,0.224663721449928,0.2935217822862675,0,7
5456,186,6.013782184350079,Online,Clothing,UK,14.0,0.12485562527318388,0.30027498834945265,0,7
4303,25,209.68186651802324,Online,Grocery,DE,2.0,0.1914676439044609,0.16417283111510786,0,7
4861,6,488.8209223287871,ATM,Grocery,DE,14.0,0.22108284992127983,0.19950801551830682,0,7
6690,232,387.36190242306895,POS,Clothing,US,20.0,0.3616228230052001,0.18965980548199685,0,7
4052,821,175.81293898014724,POS,Clothing,UK,18.0,0.17711255305638401,0.24235523291499456,0,7
1337,524,186.59042388293304,ATM,Electronics,FR,10.0,0.2073670584009771,0.1301754994603233,0,7
6192,980,0.0,POS,Electronics,DE,19.0,0.2809110913176556,0.11121455553196156,0,7
9863,757,70.78697891061196,POS,Travel,FR,22.0,0.13300507288934404,0.142030260559885,0,7
9390,504,36.67168553442596,Online,Travel,FR,19.0,0.08716579198726561,0.11876392025263985,0,7
5433,431,425.6064955687667,QR,Travel,DE,18.0,0.2262162078629894,0.2112929223044842,0,7
5595,377,266.121225634086,POS,Food,TR,14.0,0.27635870033737747,0.13739591354238295,0,7
5715,29,270.1296788344149,QR,Electronics,UK,20.0,0.3069555348907967,0.22771309479530527,0,7
6882,122,37.64561836415892,ATM,Travel,UK,18.0,0.0874025534524776,0.0929338280598023,0,7
6832,26,142.13187568257436,QR,Electronics,FR,3.0,0.3047755448223338,0.09987049636303488,0,7
5261,692,291.80552226385305,ATM,Food,TR,21.0,0.13749128643545333,0.0944638708899981,0,7
772,954,367.87382992286985,ATM,Electronics,UK,19.0,0.08409657619369326,0.2589911195350044,0,7
4852,477,31.529697221645115,POS,Grocery,TR,20.0,0.0785927610922997,0.10564307218147413,0,7
6993,226,131.80598850462346,POS,Travel,DE,20.0,0.17527626701108143,0.18928557864227877,0,7
6170,609,32.741371371522874,POS,Grocery,US,23.0,0.06669522797194741,0.061133001860472574,0,7
6875,659,12.772907244586893,ATM,Food,FR,16.0,0.08593914379524639,0.171247286808685,0,7
4997,860,148.42040533189896,ATM,Clothing,UK,22.0,0.12849938227434438,0.2714777601559542,0,7
9985,768,178.80441363769881,Online,Electronics,FR,9.0,0.18712443326135803,0.22375206392587843,0,7
232,985,442.3986823491991,POS,Electronics,DE,9.0,0.07012298723499792,0.17165512914680836,0,7
2985,958,190.72201764224548,POS,Clothing,DE,8.0,0.3628836578407597,0.33583907461984275,0,7
4065,110,26.84609060580438,QR,Clothing,UK,20.0,0.08397554633913867,0.16782455913019156,0,7
2872,428,253.34686165546316,QR,Electronics,TR,18.0,0.06839832189316952,0.11146008898259359,0,7
7397,6,8.32487275212644,POS,Grocery,FR,14.0,0.07956007446527284,0.06696001834661869,0,7
752,961,27.496144832670563,Online,Food,TR,19.0,0.10904709663367877,0.10590867730324635,0,7
4505,5,76.75979319803335,POS,Food,US,16.0,0.07785927601601655,0.1111094259136951,0,7
7962,581,120.9572326694733,Online,Grocery,FR,8.0,0.39413375274274864,0.29736924180965096,0,7
2960,309,29.585525610765963,QR,Food,FR,3.0,0.23342440334219408,0.0726419829082389,0,7
9151,982,6.90259303444191,POS,Grocery,FR,17.0,0.07490630376639135,0.2040360402521939,0,7
3960,90,79.31254417777993,ATM,Food,DE,4.0,0.5118829349949522,0.3613664138163821,0,7
3659,331,267.3313486018395,ATM,Food,FR,15.0,0.145429525295732,0.09708233079933881,0,7
834,979,44.74491620132483,Online,Grocery,US,23.0,0.3437414167579552,0.1260774691962332,0,7
1237,211,163.79261117672004,Online,Travel,FR,7.0,0.08846118426829906,0.1567431564975612,0,7
7902,136,0.0,QR,Travel,UK,19.0,0.08424184860119369,0.12467715946999922,0,7
7052,573,107.9280172151646,POS,Food,UK,21.0,0.12265567677110775,0.17487306445103104,0,7
1515,519,23.184483109529978,QR,Grocery,DE,9.0,0.19719534799226468,0.17134306061607044,0,7
2433,220,22.510332656211535,POS,Food,FR,18.0,0.11162784078760257,0.10340445991662124,0,7
7139,249,39.640453819851345,ATM,Clothing,NG,13.0,0.30459440109416164,0.1961324180141263,0,7
5176,235,38.01073721035448,Online,Travel,US,11.0,0.34100533803882394,0.2882802763457612,0,7
9560,725,241.6431454110922,Online,Clothing,FR,5.0,0.5322259943099454,0.22963477279668515,1,7
4214,551,195.53012386834294,POS,Travel,DE,14.0,0.2912111811349968,0.18950647851728547,0,7
5429,427,167.99818045706442,ATM,Clothing,US,2.0,0.1985219395654502,0.10457316817908313,0,7
8236,278,128.23748889215491,POS,Food,US,16.0,0.31340234293403507,0.2111455124590639,0,7
7657,919,648.3644814469643,ATM,Food,NG,2.0,0.10457893540663205,0.168633068588809,0,7
4551,13,69.67160653984467,QR,Clothing,US,21.0,0.10436188011369449,0.3165047466602024,0,7
1511,372,2.932936045079984,ATM,Clothing,TR,12.0,0.16390399822431345,0.6039258359503762,0,7
1095,981,58.974802606127554,POS,Food,US,19.0,0.1356018792033864,0.1662841039599033,0,7
3748,406,108.64824128878534,QR,Electronics,DE,21.0,0.10796985761318383,0.21857595661798554,0,7
959,204,2.7079095845643426,Online,Travel,TR,22.0,0.06060451575674812,0.0574755126342242,0,7
9885,0,21.811817819401128,ATM,Grocery,TR,22.0,0.12260144230346198,0.15346544728251327,0,7
7756,105,4.483350470821589,QR,Electronics,TR,15.0,0.0831567691835482,0.08679774085880265,0,7
9493,490,285.6173856448256,POS,Grocery,DE,23.0,0.5107739871002972,0.3556997490014832,1,7
9019,854,7.653812024362428,Online,Grocery,UK,21.0,0.1496787070841074,0.13041676210798223,0,7
7157,330,588.4583743928051,QR,Food,TR,2.0,0.4754374239807222,0.27583553182182263,0,7
1099,196,335.1419939899093,ATM,Electronics,DE,22.0,0.3807481678731297,0.1632825781922306,0,7
3230,698,197.69366381657838,QR,Clothing,TR,16.0,0.0791266814264465,0.08391158340608798,0,7
1992,484,131.14285303339906,QR,Clothing,TR,5.0,0.45371616744978643,0.1895339278858698,0,7
4301,924,105.71058420551842,QR,Grocery,DE,7.0,0.542684146871577,0.39680712618467984,0,7
5943,184,481.76958937346717,POS,Travel,TR,12.0,0.27921464261198203,0.3204210905997282,0,7
5454,559,168.83616169416166,QR,Food,TR,23.0,0.2259176152803561,0.16131788452993567,0,7
5305,118,11.844587891423302,Online,Clothing,DE,23.0,0.45202501456209715,0.3919256525094432,0,7
7693,268,475.724071967089,ATM,Travel,FR,21.0,0.21976417266294473,0.3060335074201539,0,7
2952,256,541.8614202429568,Online,Clothing,FR,7.0,0.9993221380282972,0.3756385407041921,0,7
3230,539,1.4170556534637282,ATM,Food,FR,10.0,0.10378481345882301,0.14537916588934824,0,7
6796,8,40.371133412711686,Online,Electronics,TR,6.0,0.1593268148560422,0.18297727259312102,0,7
6903,355,302.4488190924055,QR,Food,FR,22.0,0.971642292075286,0.2792936160659273,1,7
6116,852,363.76769079819826,QR,Food,FR,15.0,0.6593529809602996,0.203944539166271,0,7
1937,133,834.1145497496034,Online,Travel,DE,20.0,0.2897681238154511,0.2153226510648163,0,7
3738,300,128.58836792495237,ATM,Clothing,TR,8.0,0.0607825095572221,0.3619493049886827,0,7
1856,173,193.49060206474215,ATM,Clothing,TR,14.0,0.4246394650233593,0.08685712400006794,0,7
1300,229,56.468111568329796,POS,Travel,DE,8.0,0.14563465214696214,0.06590770035515037,0,7
4249,330,84.34569713696044,Online,Grocery,UK,17.0,0.08849938865697493,0.07563841040439136,0,7
518,681,23.2162371578749,ATM,Grocery,TR,10.0,0.11561288238018848,0.2473166948344257,0,7
3831,355,286.96084965427957,Online,Electronics,FR,20.0,0.15554249319271748,0.07913944147903967,0,7
786,600,60.22989698835575,POS,Electronics,UK,12.0,0.3302042119912358,0.5108867966358791,0,7
9276,183,20.961419080973986,POS,Food,UK,17.0,0.16383297096132085,0.20543593022028364,0,7
4126,777,229.42330332130177,QR,Electronics,TR,12.0,0.12931755034154857,0.3159421304466788,0,7
9761,57,47.859804772265534,Online,Clothing,US,12.0,0.19596524581727312,0.2966700692068576,0,7
3955,579,156.43215559640203,QR,Electronics,US,22.0,0.4039135763181064,0.15798776962106043,1,7
3371,390,160.17405779830582,Online,Electronics,US,14.0,0.11172776856058839,0.18041739344153893,0,7
8049,909,95.08841062863877,QR,Clothing,DE,16.0,0.21468106982669205,0.3088973416002547,0,7
1627,899,152.005718261754,Online,Grocery,TR,16.0,0.9829329571436505,0.3431037364214792,0,7
7618,216,86.0216738796381,QR,Electronics,TR,11.0,0.1055604071818706,0.1975708360545116,0,7
8103,400,5.137974276456989,QR,Clothing,FR,10.0,0.20279509890827108,0.3193935561482982,0,7
905,805,111.53327969536524,Online,Clothing,DE,2.0,0.2904683959162657,0.7076315619515392,0,7
3057,916,13.48161607033361,QR,Electronics,UK,3.0,0.10897551854585408,0.13081884464934632,0,7
4662,46,142.4413019910598,POS,Clothing,TR,13.0,0.3839729750125229,0.1723609378523527,0,7
7681,158,0.0,ATM,Travel,US,22.0,0.36419756814861687,0.22575570184389385,0,7
3095,156,43.64532080760593,Online,Food,US,6.0,0.12076628989143923,0.07526859668182603,0,7
2737,609,25.979681896001143,ATM,Travel,UK,13.0,0.3378394022717259,0.33281896310739095,0,7
8,408,6.655256613754185,POS,Clothing,DE,23.0,0.2413810486509483,0.09946918808807259,0,7
9782,428,188.44865008459448,POS,Travel,FR,21.0,0.23636705674365338,0.21658830094034254,0,7
5255,863,61.43227261021468,ATM,Electronics,FR,7.0,0.08786351055080777,0.10701134497037681,1,7
520,42,6.316608303343552,Online,Grocery,US,15.0,0.30690121772637163,0.20701612966362745,0,7
4950,751,16.582043980338092,POS,Electronics,FR,14.0,0.26235888425639503,0.12293394454223501,0,7
3922,201,66.11062978675915,POS,Clothing,DE,4.0,0.18389557844625581,0.32836918364491646,0,7
5414,742,23.29777761743297,QR,Electronics,DE,11.0,0.15397129395402176,0.11565492591365059,0,7
890,203,11.705203128625715,QR,Travel,FR,17.0,0.10807257833442924,0.19249558501393635,0,7
7820,370,19.896183537729762,ATM,Grocery,TR,16.0,0.17053840558446118,0.07086780849180821,0,7
4658,744,57.963636391509056,QR,Grocery,UK,15.0,0.09991645892495524,0.5413325517517495,0,7
3467,103,34.69258792061176,ATM,Clothing,UK,13.0,0.18616677917897834,0.11491193113300141,1,7
8773,485,6.673451016780248,Online,Travel,TR,10.0,0.1917886925873479,0.19492229448394024,0,7
4245,149,63.641545335225466,QR,Food,UK,22.0,0.11285829920557383,0.14245816744706466,0,7
8553,727,181.904698525511,Online,Food,TR,17.0,0.20329019135373858,0.22658486367735792,0,7
6636,21,146.12789665314574,POS,Food,US,18.0,0.11252591780207238,0.08819751509166435,0,7
8248,452,239.9787269004596,Online,Electronics,NG,12.0,0.3273708002146779,0.3074364152209408,0,7
3849,644,25.452410185911116,QR,Food,DE,10.0,0.10150790451584354,0.18669641688987104,0,7
3588,3,32.97662558860945,Online,Clothing,UK,22.0,0.09352210706009914,0.2857237610066566,0,7
2899,625,64.74299336434763,QR,Grocery,UK,21.0,0.14829117608242273,0.10476473068137573,0,7
7757,526,516.8673393904863,ATM,Food,TR,22.0,0.07930804523197361,0.14775418938253645,0,7
2671,247,105.95120225363188,Online,Electronics,UK,14.0,0.1050693026915118,0.09395176823266738,0,7
1653,391,250.8711333756603,ATM,Electronics,TR,21.0,0.31744756595091106,0.6438042195201377,0,7
2499,839,0.2708723702960727,Online,Clothing,TR,15.0,0.0772053127594648,0.06225288969765888,0,7
7704,585,348.76871990409717,Online,Travel,DE,21.0,0.1543808575888836,0.07626239771874406,0,7
2156,300,25.233001184637633,ATM,Electronics,US,15.0,0.1406174580304979,0.15531884300862522,0,7
6566,31,3.166379079891822,Online,Travel,DE,22.0,0.1836297506005586,0.06289669522629024,0,7
8249,927,40.01472909376251,QR,Electronics,US,12.0,0.1289224156092938,0.16895896902911892,0,7
5901,333,309.39752822319485,POS,Clothing,DE,18.0,0.08745410499972162,0.14669051337445382,0,7
8309,479,9.727191736174309,Online,Electronics,FR,21.0,0.20069970533319748,0.21805100982088477,0,7
7232,543,345.70036915291587,QR,Clothing,UK,3.0,0.13263659283727042,0.20625631458087063,0,7
6178,893,41.826865174610724,QR,Electronics,US,17.0,0.24946347763097815,0.2052387169646477,0,7
424,819,65.2786908716777,Online,Food,DE,11.0,0.22736583705247682,0.35219813190629945,0,7
7538,564,158.48387974142122,Online,Food,DE,11.0,0.1564453779818138,0.18094872218405428,0,7
185,787,21.02400891963988,Online,Clothing,TR,19.0,0.22481590097133694,0.2568901711571192,0,7
8761,328,142.6505803539777,QR,Electronics,UK,9.0,0.17481551832968514,0.06369878864257464,0,7
3827,39,227.85483900587914,QR,Food,UK,20.0,0.16010139659035377,0.43626744065692147,0,7
6313,987,90.39771963294712,QR,Grocery,DE,10.0,0.1651004385399733,0.17257321821308214,0,7
5117,329,129.4487343328026,POS,Electronics,FR,23.0,0.0724224743741179,0.15573364009894505,0,7
5303,837,152.04630086873783,QR,Grocery,US,6.0,0.5179886629944179,0.2815922362749571,0,7
8418,280,450.5673740327843,ATM,Food,US,21.0,0.42957763055940335,0.2462279764410643,0,7
6451,768,53.292474486211084,POS,Grocery,FR,23.0,0.2304394419799906,0.4850761365170345,0,7
4652,843,120.96959544229156,Online,Food,US,10.0,0.4754923119753367,0.26434012770635246,0,7
8205,437,35.49718348667772,POS,Clothing,UK,8.0,0.05995099264135747,0.08896242242788244,0,7
1856,606,46.79010388812897,QR,Food,US,9.0,0.14109532799874433,0.10835308272094397,0,7
7989,394,46.67575420006337,POS,Travel,NG,21.0,0.13557541153928315,0.0834491593102788,0,7
475,143,66.83080686157447,QR,Clothing,UK,23.0,0.12589058374424816,0.18838463951163936,0,7
7380,612,0.0,ATM,Grocery,US,12.0,0.1176454383508303,0.1841984606305448,0,7
435,531,0.0,ATM,Electronics,FR,16.0,0.23516070460183794,0.2889517830125677,0,7
8894,685,39.4238211578402,POS,Electronics,FR,7.0,0.2677821309199156,0.1879881280034214,0,7
1344,53,125.30721478417294,POS,Food,DE,15.0,0.3315719933836324,0.19177415850557733,0,7
8239,336,146.90809437704647,Online,Travel,UK,16.0,0.2051699882706624,0.05975088038429436,0,7
2003,781,427.56747667117793,POS,Electronics,TR,22.0,0.14656429365505808,0.1798985731356053,0,7
8023,806,344.17294298975077,ATM,Electronics,DE,20.0,0.21521668820876189,0.12585433394191875,0,7
5862,411,877.3603017422577,ATM,Grocery,UK,22.0,0.31823291541666643,0.6824576021091108,0,7
1874,990,415.04049009340594,POS,Grocery,UK,13.0,0.18612912959313113,0.4423445658525167,0,7
8593,97,228.20932133370306,Online,Grocery,US,13.0,0.217183575465987,0.14198079362199273,0,7
7250,363,50.39925157324509,Online,Food,TR,9.0,0.13472653332043263,0.11474071239951164,0,7
1650,99,205.7748630302556,POS,Food,TR,17.0,0.22721186918304878,0.383844798480281,0,7
2103,93,22.375288419110586,QR,Travel,DE,8.0,0.5348833303876608,0.27843589778887,0,7
4389,565,55.542665829466564,Online,Clothing,DE,10.0,0.2771112463736908,0.24635275550353547,0,7
6301,824,336.015466774832,ATM,Food,TR,23.0,0.266560424665696,0.1927210674149758,0,7
9787,485,596.3207230355052,POS,Food,UK,20.0,0.3977439792058448,0.16306241136658403,0,7
2915,281,118.50423359370444,Online,Grocery,UK,18.0,0.2252764705542168,0.08187382192831912,0,7
2481,550,867.581258578744,Online,Clothing,UK,16.0,0.2571211987718763,0.8429557655771918,0,7
5528,330,308.8777406202987,POS,Grocery,UK,12.0,0.21231947344044858,0.2966125569266946,0,7
2607,344,302.493417818455,Online,Clothing,TR,7.0,0.16435832789651905,0.31792893176458376,0,7
4766,893,218.2116698370211,ATM,Grocery,TR,21.0,0.16246483051429197,0.14986771675619476,0,7
3237,619,6.166433942354416,POS,Food,DE,17.0,0.13852940884003592,0.15684793708837377,0,7
7567,616,198.2077935655555,POS,Electronics,US,22.0,0.07658520888957904,0.36818000876235346,0,7
3927,140,84.92574148378912,QR,Clothing,US,17.0,0.14151769960973132,0.1193727536931748,0,7
566,673,297.8660629153438,Online,Electronics,DE,7.0,0.15749168751262416,0.6023205332793711,1,7
5574,779,1.0046579846098913,POS,Clothing,US,21.0,0.5425942216829392,0.11199001498952539,0,7
9475,208,261.2666233372213,ATM,Travel,DE,22.0,0.17649569287917988,0.17172551502623767,0,7
1551,124,121.82665389027724,POS,Food,DE,23.0,0.09466018156305835,0.09082681913033913,0,7
3680,753,321.84798885851745,POS,Travel,US,12.0,0.16806173758468954,0.27918639517276705,0,7
6869,621,28.39938669084164,POS,Travel,FR,22.0,0.4493510689142761,1.0,0,7
7792,936,233.35990249383565,POS,Travel,TR,15.0,0.2579676599195507,0.1294240166451427,0,7
9047,722,118.97666509380349,POS,Travel,DE,6.0,0.15092329743136734,0.11330544731812525,0,7
4911,21,485.462994323313,POS,Travel,TR,19.0,0.2310733644399845,0.19994722345834184,0,7
9222,684,17.05160725373145,QR,Clothing,DE,22.0,0.09373388261297996,0.07541702294891198,0,7
4601,297,124.61805700334575,QR,Electronics,US,10.0,0.18996737894157784,0.22729257715597614,0,7
2898,706,52.11073684340686,Online,Grocery,DE,13.0,0.06762400554769026,0.27252515307274294,0,7
9864,564,257.24071250546024,ATM,Electronics,FR,22.0,0.27630183111386925,0.1452781259811227,0,7
9328,953,45.77816556946472,Online,Food,DE,8.0,0.08190658058009613,0.15039943855049406,0,7
8162,673,86.11943032590356,Online,Food,UK,3.0,0.1785073573062388,0.23815193922526096,1,7
8824,482,69.64084884509214,POS,Clothing,DE,18.0,0.168446549129748,0.191049138517733,0,7
6113,578,0.0,QR,Food,TR,10.0,0.06102927470160292,0.10625397599410277,0,7
285,609,55.43856396639539,QR,Clothing,UK,12.0,0.19475003737762253,0.4853694317313631,0,7
8960,200,118.29612573297742,Online,Travel,UK,7.0,0.12287681608167353,0.29744283322879184,0,7
9592,13,794.5106215400318,POS,Travel,TR,19.0,0.17947873720020985,0.26022060269766467,0,7
7805,782,591.347590505661,Online,Electronics,TR,11.0,0.38422278364259477,1.0,0,7
2187,914,32.9595039079422,QR,Clothing,US,10.0,0.0922617705217603,0.10769348028841594,0,7
7577,366,5.856461439138042,ATM,Clothing,US,21.0,0.09707070203530324,0.11835076411973025,0,7
4777,52,81.84027471882645,Online,Grocery,US,13.0,0.1524334701623278,0.28605150286744363,0,7
942,595,112.20238871698143,ATM,Travel,TR,10.0,0.07648237043644851,0.20379771742072075,0,7
6697,143,163.6231578314404,POS,Travel,US,13.0,0.10902681735121464,0.20232987789676077,0,7
1622,48,74.40522387399966,POS,Grocery,NG,12.0,0.12318736279670232,0.23760296357971583,0,7
9756,328,25.840438322444854,POS,Food,DE,23.0,0.08297925414577217,0.06835914741806264,0,7
4967,414,486.51016057507684,POS,Electronics,DE,13.0,0.150253218059352,0.6726802555932928,0,7
2243,686,73.74415710117125,Online,Electronics,US,13.0,0.47453209970144067,0.4473983379289561,0,7
2,379,1218.5210537079815,ATM,Clothing,US,13.0,0.4350597908676971,0.3232497217938681,0,7
4842,226,106.76245916704812,Online,Food,FR,22.0,0.06087327080872275,0.0813034264615875,0,7
371,676,14.97601686675934,Online,Grocery,US,11.0,0.13252551978671726,0.1437777567804652,0,7
8520,591,561.9592851638525,POS,Electronics,DE,12.0,0.29080654999356614,0.2944154372801416,0,7
3323,507,101.40607749227559,ATM,Electronics,TR,16.0,0.43132979821307726,0.48093064616941167,0,7
9233,802,105.47513507136101,QR,Clothing,US,18.0,0.06915843115223501,0.18857918360613313,0,7
9902,698,89.75769027289304,ATM,Electronics,UK,14.0,0.35373954062789237,0.2900808404079028,0,7
551,981,553.8656790648844,QR,Electronics,FR,21.0,0.17850684867374902,0.1943803943803407,0,7
9281,232,61.66215485635031,Online,Electronics,US,14.0,0.4058967434429789,0.11411821208291552,0,7
2828,320,193.45170920143136,POS,Electronics,TR,13.0,0.3156985832924514,0.1736238386581397,0,7
9066,637,397.7217222205544,QR,Electronics,DE,10.0,0.09304460594563937,0.2214208906174975,0,7
2131,776,0.0,QR,Food,DE,16.0,0.12025630020926642,0.17888148839280424,0,7
5554,951,106.1614646265367,QR,Food,TR,11.0,0.2536057224758606,0.3519499831449036,0,7
8737,637,129.72931708632495,Online,Food,UK,10.0,0.21146924369580694,0.23034095715798042,0,7
5488,510,89.8150200339883,ATM,Clothing,FR,17.0,0.18850077991368394,0.07800932731211879,0,7
4854,433,8.835821392903004,POS,Electronics,TR,18.0,0.18926814427148547,0.07575213151962829,0,7
6339,791,17.067440203003788,POS,Electronics,DE,18.0,0.09853936005748845,0.27947743063528796,1,7
6018,412,18.921228174274663,QR,Food,US,18.0,0.3651491693422718,0.3846942815494192,0,7
7423,536,153.1447308343386,QR,Clothing,US,18.0,0.32519790745244337,0.20266136426613418,0,7
4527,877,165.68948759944172,QR,Electronics,DE,7.0,0.2567170323930115,0.3326524089301389,0,7
8297,93,534.7736261312357,POS,Grocery,UK,6.0,0.30079716425520053,0.47024630863578865,1,7
3224,467,3.102914778760364,Online,Electronics,DE,3.0,0.2643505718282908,0.21639812635274358,0,7
6284,997,6.783822930247472,QR,Grocery,TR,21.0,0.6060754368986011,0.10184031925792038,0,7
287,258,133.59702452239304,Online,Grocery,FR,21.0,0.09628414803078661,0.12572503166572654,0,7
9879,204,151.5346697840031,ATM,Travel,DE,7.0,0.1285986251018526,0.3002471563944553,0,7
1905,724,113.39068258151778,ATM,Clothing,US,8.0,0.2469852858547251,0.06874874609516589,0,7
2495,317,552.9974031592714,Online,Food,US,20.0,0.11697199942333754,0.2357080593138803,0,7
8827,263,2.2467423495049488,QR,Electronics,UK,5.0,0.06298077844714495,0.20777922877093435,0,7
852,69,401.4910204249228,QR,Electronics,UK,21.0,0.15059364694394195,0.3203593779784064,0,7
9095,45,64.967938721048,ATM,Grocery,TR,17.0,0.09912973178714389,0.09335938354083953,0,7
5889,5,1.7126852508319228,ATM,Clothing,UK,11.0,0.10075952927096632,0.06024709911380583,0,7
3751,185,0.0,Online,Clothing,FR,5.0,0.14411856349727684,0.1030507130692091,0,7
5406,151,4.646982959022843,Online,Travel,US,19.0,0.09777997138909396,0.061729597331246014,0,7
2741,677,2.7525840338707788,ATM,Electronics,FR,20.0,0.12419579819382401,0.24856767070913027,0,7
4664,233,138.489723717909,Online,Grocery,US,4.0,0.11085766855858896,0.531827285696596,0,7
3271,989,58.03204897784656,POS,Electronics,UK,11.0,0.8146627468126871,0.6011675871098786,0,7
3508,116,0.0,ATM,Grocery,FR,22.0,0.08488942485281498,0.20439192138390855,0,7
1223,389,216.06897386949814,QR,Electronics,DE,10.0,0.32689150727746036,0.2786264795624188,0,7
494,538,17.90995089010748,POS,Food,UK,21.0,0.16706728659341114,0.15541040030902292,0,7
8399,11,221.52411287269925,ATM,Food,UK,17.0,0.28106641361989926,0.2748584857585833,0,7
8768,527,196.51339656053088,QR,Travel,UK,2.0,0.269399783376311,0.09570842913800708,0,7
2540,990,89.23847773824107,QR,Electronics,DE,6.0,0.1921422306437469,0.3168859102441407,0,7
9984,271,242.9803396766626,Online,Travel,US,4.0,0.10020311000223067,0.22090144972053827,0,7
6174,830,74.64687153162842,QR,Clothing,TR,20.0,0.19771466896041076,0.14204084069400538,0,7
3319,171,441.5927927711075,ATM,Travel,FR,21.0,0.15548659300776416,0.2412435407379191,0,7
4897,17,93.10034479594441,ATM,Electronics,UK,8.0,0.11781079053960465,0.1811331395928776,0,7
6204,540,300.9263149416166,ATM,Electronics,FR,23.0,0.5776584108619042,0.12241960806927343,0,7
8075,167,212.97175069473963,Online,Travel,TR,17.0,0.3301848338308704,0.1803656078176574,0,7
9354,51,414.4161086455832,POS,Clothing,TR,23.0,0.11704846998943874,0.10391028174232145,0,7
4816,912,147.1446720857419,ATM,Food,FR,23.0,0.3061469051113657,0.2450647053815747,0,7
1766,344,338.879004576318,QR,Travel,UK,3.0,0.5440458670078065,0.1988322414859066,0,7
4244,105,21.073884643079253,ATM,Electronics,US,23.0,0.20486956353137323,0.18031489091777386,0,7
2665,871,54.4320307910753,Online,Clothing,TR,16.0,0.3067483705510582,0.3136162809482408,0,7
4866,778,27.02932506238042,Online,Clothing,TR,20.0,0.2447480680750987,0.300890319250797,0,7
4568,358,51.46059868036478,Online,Grocery,TR,20.0,0.27568635009776354,0.19168124927462424,0,7
6506,532,336.89782502539794,POS,Grocery,UK,19.0,0.1939035425345251,0.2470234227905227,0,7
395,661,154.76613078705887,POS,Clothing,UK,22.0,0.4606690601130654,0.2444575081087011,0,7
2085,533,147.84376972911227,POS,Grocery,DE,21.0,0.15311934518740875,0.09300193510675459,0,7
6326,210,23.80065579376592,QR,Electronics,US,17.0,0.30610556886330553,0.3810813735617379,0,7
5157,773,29.138993828415824,POS,Grocery,UK,21.0,0.6141792044996772,0.0937778207405914,0,7
3399,970,86.99588696353298,POS,Grocery,FR,18.0,0.15408210218579727,0.34035504968459585,0,7
3171,905,30.88206804433869,QR,Clothing,DE,20.0,0.19916646689357148,0.42306575484898007,0,7
694,655,142.10781720256145,Online,Electronics,FR,5.0,0.2938016958888807,0.2253259584492995,0,7
8444,807,19.449954726700472,POS,Clothing,UK,21.0,0.20690768000296758,0.10040385093182044,0,7
4895,880,96.65537605385565,POS,Food,US,14.0,0.1736149364383287,0.17772365258534872,0,7
8075,205,101.36589534932907,QR,Travel,UK,11.0,0.09178221218205873,0.3705881640645447,0,7
7259,682,155.53064573846478,ATM,Clothing,UK,11.0,0.27415622632069936,0.2692595241243107,0,7
6760,900,1.4684159293637218,ATM,Grocery,UK,6.0,0.14560542379516825,0.1520316070995224,0,7
1515,414,155.8969390741963,POS,Food,FR,10.0,0.25991382576964395,0.1327032849860139,0,7
9525,837,204.41713105501233,ATM,Grocery,TR,5.0,0.10930706561028336,0.16410119085341263,0,7
3800,19,193.66913704525834,Online,Electronics,DE,13.0,0.07426386826491733,0.08291817069412145,0,7
6961,208,47.940774476528645,QR,Electronics,UK,13.0,0.06747923152294523,0.13081540273560013,0,7
2162,821,199.5511566579611,QR,Grocery,US,19.0,0.21900344242462702,0.22664829044895793,0,7
4216,423,43.71641774009627,ATM,Clothing,TR,16.0,0.3755753031726226,0.2525792004778878,0,7
9387,379,190.9003696728668,ATM,Electronics,TR,19.0,0.09237867718638737,0.1369623990730906,0,7
2228,607,52.57109788457153,POS,Clothing,UK,15.0,0.16565677842213808,0.44442590623707584,0,7
9851,588,531.8246115459685,QR,Travel,TR,22.0,0.30030359920212746,0.10864102910995659,1,7
8159,566,159.6653211662485,QR,Clothing,DE,13.0,0.2913233615583108,0.20374149164037392,0,7
6020,712,52.057845060594566,ATM,Electronics,US,1.0,0.16961442479485062,0.10005891761568712,0,7
9769,250,290.84021706285597,Online,Travel,FR,13.0,0.24182202483037246,0.6126066291583219,0,7
6542,663,160.84890175473063,Online,Food,UK,18.0,0.08740168442137766,0.1023692384203948,0,7
8437,920,415.7776320401799,ATM,Clothing,FR,17.0,0.20680480292512426,0.25861058501125184,0,7
7925,900,0.43951519890692237,Online,Electronics,DE,11.0,0.19492011313557,0.12284178414513262,0,7
4497,719,1.6140559553215348,ATM,Grocery,TR,16.0,0.09697743973130168,0.0948931247460349,0,7
6348,282,199.57163335624747,Online,Food,DE,8.0,0.3073333063661289,0.1865183644434898,0,7
8153,48,26.554294138561218,QR,Travel,US,7.0,0.1191068684991883,0.20515740690489506,0,7
7064,884,30.25506000699327,ATM,Food,TR,22.0,0.08499482733328198,0.06976331106240713,0,7
6754,874,175.42578372230548,Online,Travel,UK,8.0,0.7762632151517572,0.46959408716957757,0,7
3448,600,11.517195373360401,Online,Grocery,FR,22.0,0.2078108940041573,0.26011592151709917,0,7
2444,334,348.5909508691186,Online,Travel,UK,23.0,0.14832328334056344,0.2193629143071065,0,7
9861,789,565.5787673198347,ATM,Travel,TR,22.0,0.4087690094294232,0.4470799220613528,0,7
342,193,17.758139062468196,Online,Electronics,DE,21.0,0.0826331245183383,0.08472128734975803,0,7
8915,679,70.73097663821476,POS,Clothing,US,12.0,0.21580568323270527,0.13795939095697124,0,7
5467,833,37.40320356307085,ATM,Travel,UK,11.0,0.20641055079106382,0.3819995189225567,0,7
3812,603,98.78044076575304,POS,Clothing,TR,12.0,0.10068743253213644,0.18346610861391274,0,7
3715,180,200.8768346796684,POS,Electronics,TR,19.0,0.24855159319521145,0.2936490106985755,0,7
2855,956,4.8866411892359185,POS,Grocery,US,20.0,0.1274802861232456,0.10323014862311217,0,7
1463,131,51.5574019741794,POS,Travel,US,21.0,0.14506976295075485,0.21588898058383885,0,7
4893,922,117.24782398007268,ATM,Grocery,DE,10.0,0.1632420588717998,0.198645687868304,0,7
93,419,205.40666963516236,QR,Food,UK,13.0,0.40239312255134213,0.11069981378160001,0,7
6604,561,127.7788130669966,ATM,Travel,FR,23.0,0.06040173492341249,0.2142995745684394,0,7
6640,109,50.91011174732259,POS,Travel,UK,17.0,0.14126141829187894,0.11214036644703694,0,7
3537,446,96.81328249428208,QR,Clothing,UK,21.0,0.28603327119618294,0.4263889249484296,0,7
470,210,14.785595091142401,ATM,Travel,UK,15.0,0.08251670565132761,0.07837211708626964,0,7
5618,328,68.01178550142835,Online,Travel,FR,7.0,0.3025460397613461,0.14477831688945597,0,7
6950,677,115.97788843202093,QR,Travel,DE,7.0,0.4525149397146725,0.42211979273634614,0,7
1376,24,23.298110889798206,Online,Grocery,TR,20.0,0.3310084173005733,0.1365276158406717,0,7
1793,124,119.45230947616483,Online,Travel,FR,15.0,0.18222659923218212,0.12578153082219226,0,7
7058,306,3.097561188735055,QR,Travel,UK,5.0,0.0698687302877388,0.14623245365733278,0,7
7383,224,18.32908777133145,QR,Grocery,DE,8.0,0.25089220363089404,0.15545640387608273,0,7
786,675,6.75730739859058,ATM,Food,TR,19.0,0.20138567122497647,0.07975485801935309,0,7
6305,833,53.32370739670941,ATM,Food,US,2.0,0.09577939299494678,0.11486351881067239,0,7
7305,819,200.2680617404773,POS,Grocery,UK,18.0,0.19340714088915248,0.31797181936248053,0,7
5985,559,99.56823781114166,Online,Travel,TR,22.0,0.1648894247560149,0.5683999596448835,0,7
7381,848,0.0,ATM,Electronics,DE,20.0,0.6652109461575316,0.2877069836223106,0,7
1839,912,112.14460850100993,Online,Food,US,19.0,0.6330247974168443,0.5075905409337044,0,7
9953,432,0.1500708708204701,ATM,Clothing,TR,22.0,0.6288594180585773,0.2480400942281118,0,7
4563,956,29.2052239795201,POS,Travel,TR,15.0,0.10363061623165522,0.12607644150346228,1,7
548,438,0.0,Online,Grocery,US,18.0,0.21363328049654762,0.837363616068451,0,7
3906,648,17.983284885774083,Online,Travel,US,22.0,0.14206680093994922,0.1935452835647017,0,7
7459,679,262.91948421478315,ATM,Grocery,TR,22.0,0.3739448430336743,0.22279579201613245,1,7
5734,875,49.07510358588046,Online,Grocery,DE,11.0,0.2017559629175594,0.1264689475502646,0,7
9274,844,132.5801389287096,QR,Electronics,FR,17.0,0.14957724357682875,0.23424893653792364,0,7
8200,324,220.27707693151524,QR,Travel,FR,11.0,0.6035626457140334,0.3875488176944352,0,7
2401,19,254.02000703708595,QR,Travel,US,22.0,0.1942970052567023,0.31091211475275554,0,7
1053,531,405.5655225740989,ATM,Grocery,UK,4.0,0.8027634433824923,0.49622075229890283,0,7
668,229,14.144106235763434,Online,Clothing,FR,8.0,0.08232850565747338,0.15753304715309494,0,7
8065,131,193.5261859574602,ATM,Food,TR,10.0,0.325297858813834,0.7724001030150346,0,7
9176,554,238.0796003401513,POS,Grocery,FR,12.0,0.2508067614149993,0.403887755789297,0,7
1422,669,17.68127842813489,Online,Grocery,FR,19.0,0.09362313036517879,0.30759333597893085,0,7
1458,312,15.073434484472783,POS,Grocery,US,18.0,0.08638399415683799,0.11285171818150072,0,7
4151,155,376.04151045146,POS,Clothing,DE,11.0,0.1921574745519446,0.19502523183468187,0,7
3853,67,186.22367337788432,Online,Travel,US,6.0,0.062422579371197266,0.1530549096290492,0,7
900,567,84.07182402378949,QR,Food,TR,12.0,0.17693153253466132,0.07902964400459073,0,7
6533,729,75.37413457253564,QR,Electronics,FR,20.0,0.16555769082049826,0.11930114852096493,0,7
2135,94,151.29437048565384,POS,Travel,TR,8.0,0.1397419075392156,0.060983360609694476,1,7
3023,986,32.804887859408474,POS,Food,FR,15.0,0.34870688716134535,0.10687952887406144,0,7
1513,446,152.0718602768603,Online,Electronics,TR,4.0,0.31265727165467433,0.1687349222937138,0,7
8602,986,806.8847375506999,Online,Electronics,FR,20.0,0.4863980006725539,0.6102551655005604,0,7
1452,569,437.77073826280025,Online,Food,FR,23.0,0.1327589076276875,0.3216484257306988,0,7
719,693,706.7123669421524,QR,Clothing,US,3.0,0.16727736821397474,0.1409386789771488,0,7
5819,520,96.24282152265147,QR,Clothing,US,21.0,0.28420460327709013,0.15746217062101048,0,7
2152,798,27.23826959735508,ATM,Travel,FR,8.0,0.14198709707293303,0.09327408560760543,0,7
4885,820,40.78562280725957,Online,Electronics,TR,13.0,0.0885746577912147,0.10478906446059996,0,7
3207,840,5.748092080023674,Online,Electronics,US,21.0,0.058580638337417015,0.06435876405940287,0,7
2257,21,108.01532542844166,POS,Electronics,FR,18.0,0.07756226684305774,0.1085162769132561,0,7
1364,527,47.554989580773345,QR,Food,DE,20.0,0.13548595313398276,0.1803621116766257,0,7
7466,506,134.11203658105987,Online,Travel,UK,19.0,0.10608503167852423,0.11052642833210347,0,7
3470,918,230.45886256867342,Online,Food,TR,23.0,0.29780539027865305,0.19493883878664714,0,7
133,489,155.80566112862255,QR,Grocery,DE,19.0,0.16812133889121195,0.3511439588483277,0,7
9261,142,42.55933530993262,QR,Food,TR,23.0,0.09827263973497802,0.1738668088216088,0,7
163,970,21.019363181614594,POS,Electronics,UK,17.0,0.14254804618665395,0.08644669844103348,0,7
7257,752,44.438482216104966,Online,Grocery,TR,15.0,0.10464127111501334,0.13365937529248506,0,7
8596,57,25.55774081609728,POS,Food,FR,11.0,0.2720506085201055,0.22660855965778762,0,7
6233,160,204.3714752531973,Online,Electronics,DE,14.0,0.10322011980123547,0.461610265762653,0,7
5235,207,91.72984413537725,ATM,Clothing,US,22.0,0.2325553218048888,0.4430537524598089,0,7
4378,743,319.77908673164575,Online,Food,UK,22.0,0.7774941459222331,0.6822031479279017,0,7
3399,474,144.96938382387327,POS,Clothing,TR,8.0,0.13403930698085229,0.48648221101870304,0,7
3531,520,120.35745572625703,POS,Grocery,TR,23.0,0.5094920499777554,0.3337302158115243,0,7
9675,519,117.6225228229144,ATM,Grocery,US,5.0,0.09370756891827405,0.20124843625497577,0,7
7518,928,485.01358560028024,ATM,Travel,DE,21.0,0.1367021868033549,0.20010825053767287,0,7
4418,482,1.1441590275293805,Online,Food,US,22.0,0.06706477385284329,0.15420513769715,0,7
5906,858,67.66946023773527,QR,Electronics,US,19.0,0.11203124376033075,0.10807684248088878,0,7
4527,61,10.519228238897048,QR,Grocery,US,21.0,0.432544026152622,0.4709259615950376,0,7
1038,925,8.651567278947391,POS,Travel,US,9.0,0.1470456658417289,0.18464307556774154,0,7
6842,263,62.742595912523534,Online,Clothing,DE,20.0,0.09825694006548943,0.0804750118552962,0,7
6971,664,3.9443642281928284,ATM,Electronics,FR,19.0,0.17848630565449009,0.27981428935907837,0,7
4404,473,143.15255482309325,Online,Travel,DE,22.0,0.13120278262180168,0.3865983625855696,0,7
9291,478,818.967742140923,POS,Grocery,DE,11.0,0.4088320815540479,0.36633889625950017,0,7
5912,507,0.0,Online,Electronics,NG,16.0,0.2756898673091598,0.35009536682560405,0,7
2541,299,25.07650624732974,QR,Clothing,TR,23.0,0.1801864567974093,0.07431403945657453,0,7
9381,170,55.491726315911706,QR,Electronics,UK,9.0,0.07554428242503725,0.061467583534095524,0,7
8190,142,323.1700663422612,POS,Clothing,US,13.0,0.23552075069409814,0.151945694466279,1,7
2508,724,649.5127127951179,ATM,Clothing,DE,16.0,0.3671890556175141,0.15370280209874987,0,7
6572,451,44.788126233761815,QR,Clothing,UK,12.0,0.08792314269292568,0.2847439409078136,0,7
787,491,22.341097581457817,Online,Electronics,FR,16.0,0.11831179404692971,0.20505925148204093,0,7
6055,857,103.18362605847611,POS,Clothing,US,20.0,0.5676320231602887,0.10095186215963703,0,7
1381,989,17.47041026479682,ATM,Clothing,UK,16.0,0.2321141602963295,0.13361143714607,0,7
8422,495,33.277711406689164,POS,Electronics,DE,11.0,0.08363570926413968,0.17194229124873314,0,7
7485,139,31.54206553196112,Online,Grocery,FR,20.0,0.2149068744616459,0.11710638501946208,0,7
7907,219,103.86555082178744,Online,Clothing,FR,20.0,0.2209298619459157,0.3895876015091752,0,7
7437,849,87.53186065588204,ATM,Grocery,UK,23.0,0.33518552785836997,0.1600693133274534,0,7
9779,617,449.50413235343376,Online,Food,FR,19.0,0.7016891139765553,0.16761360155150926,0,7
5692,973,1268.7520785592394,POS,Travel,TR,11.0,0.6608486341231355,0.3038055041707335,1,7
834,976,63.99697666427842,QR,Clothing,FR,16.0,0.5093581937520498,0.24710619823480628,0,7
8533,355,155.19987199542913,QR,Grocery,DE,16.0,0.2136355675785353,0.30569961081184044,0,7
6940,484,100.5517477229259,ATM,Grocery,DE,17.0,0.22461617566876504,0.1616481941848636,0,7
7476,676,59.415514440018086,POS,Clothing,TR,10.0,0.2216521145159993,0.4012130549639448,0,7
5360,347,436.78152728880076,POS,Clothing,US,21.0,0.14525989944913476,0.14932387886646664,0,7
6264,69,523.8145834910065,Online,Clothing,US,19.0,0.2746262638326506,0.13619390315505092,0,7
9159,380,532.2471920045248,Online,Clothing,DE,12.0,0.5399929472593561,0.19183986995537336,0,7
4478,529,39.045933858229475,POS,Electronics,FR,21.0,0.3477509282821598,0.20496048114621523,0,7
3713,236,245.57456010124469,Online,Electronics,UK,6.0,0.1430783935977962,0.11719872422822322,0,7
92,215,9.315612218662478,POS,Grocery,FR,22.0,0.08541477482918901,0.19195566230156427,0,7
5086,478,520.5919300273687,Online,Electronics,US,18.0,0.06482790562169889,0.12488536233130867,0,7
2753,968,7.183455805779967,Online,Food,TR,20.0,0.28504638931434545,0.3453438126762363,0,7
7668,542,39.462759827657536,POS,Food,DE,21.0,0.25311119481030997,0.1669945128573209,0,7
2007,157,222.6278787745339,QR,Food,TR,16.0,0.09236030592090741,0.20481635676309026,0,7
8257,326,13.384794095507228,ATM,Food,TR,12.0,0.15788309190168964,0.07553917380665766,0,7
8637,395,40.08733376541662,QR,Clothing,TR,16.0,0.15299562230821123,0.3521763636025192,0,7
6286,483,176.71817156119354,POS,Grocery,TR,4.0,0.3007252125894494,0.10851619198831303,0,7
7955,966,29.94063310607667,ATM,Electronics,UK,18.0,0.09024359244303382,0.1297346777499897,0,7
8484,7,156.5862106313409,Online,Electronics,FR,21.0,0.10613671941589253,0.19775026655362746,0,7
6223,792,160.88333897139805,QR,Electronics,FR,3.0,0.35795168417303824,0.26522410977745176,0,7
8498,995,114.13893804353516,ATM,Clothing,TR,15.0,0.30178887145765104,0.17605736802208535,0,7
4944,651,113.30206760748499,POS,Clothing,UK,14.0,0.15758704285327133,0.22483147320245456,0,7
2737,249,612.2297137505625,QR,Travel,TR,19.0,0.3442912592083296,0.5973724506675041,0,7
422,650,49.370811363858195,POS,Electronics,UK,5.0,0.0817265102821307,0.22673364456619194,0,7
9416,532,238.5479786641873,QR,Food,DE,23.0,0.40468317286006805,0.42814608739645676,0,7
4074,977,38.421794438538406,Online,Electronics,TR,17.0,0.14503028210365715,0.08263968061432925,0,7
195,999,43.972415080617516,POS,Electronics,US,17.0,0.11753484216711967,0.08689883722047381,0,7
9750,524,519.4597193554879,ATM,Electronics,NG,22.0,0.22182189595007884,0.25773348953488806,0,7
9927,445,286.6756078993965,QR,Grocery,FR,22.0,0.11194200516246121,0.07382990740228385,0,7
3299,555,3.191474030092644,POS,Grocery,US,16.0,0.2635374809605254,0.09751818639758739,0,7
9403,915,42.69015023792204,QR,Clothing,US,20.0,0.43539702211050774,0.06312016080809292,0,7
5907,869,7.430415281299945,POS,Travel,DE,23.0,0.1398831888055264,0.24317772724214695,0,7
8293,67,328.13726434345847,QR,Grocery,US,17.0,0.12919529876771976,0.18639188187943348,0,7
3687,478,442.1813941962163,Online,Clothing,TR,22.0,0.15804028238710047,0.11769174938290015,0,7
7385,219,38.210221299315485,POS,Food,TR,6.0,0.12600362741661117,0.15280807466195484,0,7
6428,546,268.9324977879206,ATM,Clothing,DE,18.0,0.28745229657782323,0.19219852282348956,0,7
357,51,85.89449381589256,QR,Food,FR,22.0,0.2537623325176746,0.17964838669709926,0,7
1088,404,259.57905259174544,ATM,Food,FR,19.0,0.722954627804204,0.19893041761500543,1,7
6466,535,137.9760167589635,Online,Electronics,US,22.0,0.09620658425864681,0.20676068380166562,0,7
6623,413,37.63048890386362,ATM,Food,DE,23.0,0.21106457583027446,0.4324791436732228,0,7
7988,489,92.68962023418868,QR,Clothing,TR,3.0,0.39455292397379604,0.5166892561370808,0,7
7984,291,318.02219529088313,POS,Grocery,FR,14.0,0.06606729876090153,0.07375451653530063,0,7
786,121,144.18289426569825,POS,Travel,TR,12.0,0.10374906667939718,0.2568662630100302,0,7
1118,820,79.13605895853856,ATM,Electronics,FR,8.0,0.4738521567540458,0.2660853985259596,0,7
2681,873,882.7534392495387,POS,Electronics,FR,22.0,0.2870198144109031,0.254112415187009,0,7
3637,602,95.4743807638124,Online,Electronics,FR,16.0,0.17415851359712797,0.26075555539645434,0,7
2683,165,18.144327015630278,ATM,Electronics,DE,10.0,0.06803443430112978,0.2189446198983257,0,7
5879,520,158.07176785237635,ATM,Electronics,FR,8.0,0.17139523044812957,0.26818296624300114,0,7
3263,404,20.272946617744022,POS,Travel,US,5.0,0.4275279556621666,0.24898452620902484,0,7
5450,450,180.74236979558924,POS,Food,TR,17.0,0.26745314169341405,0.2878361345571242,0,7
1651,709,129.96326634248098,ATM,Food,DE,16.0,0.20408351736866048,0.1475252613278735,0,7
4929,646,38.40417191058994,ATM,Travel,FR,18.0,0.22960910078002458,0.1526542179756952,0,7
4320,171,837.3042054699016,ATM,Food,NG,21.0,0.17921677469490752,0.13259367289037124,0,7
5998,49,252.92730780915687,Online,Travel,TR,21.0,0.1806772677296526,0.3994776309443164,0,7
6670,322,314.1678565960924,QR,Travel,US,21.0,0.18311111953858125,0.23849232706203338,0,7
6605,822,383.5234850005872,POS,Travel,TR,6.0,0.11258714883904547,0.06331722540540065,0,7
3884,933,44.23335264902162,POS,Grocery,TR,20.0,0.12103459710355352,0.22592108971488803,0,7
1982,893,2.3718046949673814,POS,Clothing,TR,1.0,0.13235276909966004,0.09841626148241878,0,7
6137,446,132.29707601537305,QR,Electronics,UK,20.0,0.08475702345257528,0.3583724563036036,0,7
6994,729,0.0,QR,Clothing,TR,11.0,0.2710999590375281,0.13415728901505494,0,7
4635,399,43.847052595301925,QR,Grocery,DE,5.0,0.25369744785114023,0.25607973938663386,0,7
4254,19,229.97462000680852,QR,Travel,FR,17.0,0.3572929240981123,0.5771203819084992,0,7
4011,336,466.1524834144797,POS,Travel,UK,20.0,0.3666875129562576,0.43655655376374847,0,7
5007,685,23.962766053841243,Online,Grocery,TR,20.0,0.17066106666738107,0.20397027222472253,0,7
3973,462,125.76351837531604,ATM,Travel,TR,23.0,0.6251947398718056,0.33772914937957127,1,7
7695,301,437.2053897008564,QR,Clothing,TR,11.0,0.3026322409817177,0.3542679606829109,0,7
3011,663,171.06503982486012,POS,Food,US,19.0,0.13114310874440227,0.2502046505171116,0,7
2594,993,0.0,POS,Grocery,DE,13.0,0.14534767296104822,0.19528182683036774,0,7
3325,663,67.93043149685867,Online,Food,UK,12.0,0.21026782245085943,0.09198207346791112,0,7
9291,223,1297.8310283868054,Online,Electronics,US,13.0,0.2789687357747231,0.5081424247811408,0,7
360,593,858.8732174263396,ATM,Travel,FR,21.0,0.46765214100416513,0.22313158333823296,0,7
5524,560,437.8254572224153,QR,Electronics,TR,19.0,0.3496412596172167,0.4594024314181438,0,7
8534,29,83.51518035362662,ATM,Travel,US,18.0,0.17937432665522002,0.3377089462508751,0,7
19,0,496.4904481597115,QR,Food,US,17.0,0.23435044670134156,0.2676937237420074,0,7
270,868,362.0565143445291,POS,Food,FR,16.0,0.10100272331980883,0.1416391753131113,0,7
2424,539,3.507065906887415,ATM,Travel,FR,14.0,0.3141528107897978,0.12476265355317923,0,7
6803,315,70.26495111495008,Online,Grocery,DE,23.0,0.11576545375944919,0.6293768488826377,0,7
6769,149,629.0265229150643,ATM,Electronics,UK,20.0,0.10610454359529112,0.09920765195211731,0,7
3408,531,159.27514764949825,ATM,Travel,NG,23.0,0.2097105807360526,0.4453165052471699,0,7
9606,166,142.30565809179492,POS,Electronics,UK,18.0,0.14532530311474318,0.08107165295091219,0,7
8529,121,0.0,QR,Food,FR,12.0,0.23973735000855084,0.1957099542801367,0,7
6139,266,149.47492511497933,QR,Clothing,US,13.0,0.22104851633695669,0.07738864933919382,0,7
1469,304,17.05654583327933,QR,Grocery,DE,20.0,0.09270436606376534,0.0872263337773621,0,7
5717,215,94.2945200098923,QR,Clothing,NG,16.0,0.3701188594643578,0.120311334071809,0,7
3987,226,2.8372448802736328,QR,Electronics,TR,20.0,0.12385488687069962,0.38898564394795077,0,7
3813,936,72.97400125863324,QR,Food,FR,16.0,0.5992506204834827,0.2522208011149593,0,7
4508,131,308.6215741768857,Online,Food,TR,20.0,0.18430968892288052,0.22521414925177516,0,7
5382,292,21.949551462695776,ATM,Food,US,20.0,0.17349334725325938,0.0735753984463652,0,7
1010,19,475.13453538913404,QR,Electronics,US,15.0,0.41580685047843496,0.09152123161905334,0,7
8832,89,40.29607620487174,Online,Grocery,FR,22.0,0.06552517261569601,0.06252079207737084,0,7
3459,278,243.30092170747017,POS,Food,TR,17.0,0.473654790118863,0.24904784216475354,0,7
1150,383,2.336496408431959,Online,Clothing,FR,6.0,0.14569145938680433,0.09888686382917325,0,7
3829,223,0.0,POS,Clothing,FR,22.0,0.34093585176829766,0.08352193776800736,0,7
1623,299,141.13769792797487,Online,Travel,TR,15.0,0.10415104608650103,0.08424930057674222,0,7
9968,879,298.11892562889915,ATM,Clothing,FR,15.0,0.18483206259455057,0.5218282232991146,0,7
8622,527,155.84298933877344,ATM,Food,FR,12.0,0.1682314344667427,0.08284166404349144,0,7
251,680,27.057187498318257,ATM,Grocery,TR,12.0,0.18714847629018655,0.11806405400155921,0,7
4011,796,213.17334371638725,ATM,Electronics,FR,22.0,0.17059257389932633,0.15335967874831685,0,7
9121,880,31.23982410853498,QR,Food,DE,13.0,0.06836399071428347,0.07811539355954743,0,7
2934,21,39.420580970330924,ATM,Grocery,FR,12.0,0.16855030943331595,0.15107818085035768,0,7
505,738,13.496156865183247,QR,Electronics,FR,18.0,0.3682219418852212,0.08052703632004898,0,7
6226,715,7.35515034295609,Online,Grocery,US,18.0,0.2381838380512685,0.10951537620065795,0,7
236,463,0.0,Online,Clothing,US,16.0,0.06783829259094275,0.11706454815079212,0,7
6992,457,68.97737232523431,POS,Food,FR,12.0,0.21961034480664055,0.15681577218586112,0,7
5660,598,228.7125964139588,Online,Food,UK,16.0,0.2345685098934535,0.14674944695332076,0,7
4825,267,180.58502633046558,Online,Electronics,US,13.0,0.10121534174572602,0.14115788703219534,0,7
5084,613,52.58851901001393,POS,Food,FR,11.0,0.08488401183989211,0.13892862688947902,0,7
9072,265,56.918298273594516,ATM,Travel,US,15.0,0.08527492517759128,0.0949622240484716,0,7
2806,547,469.2995857259556,QR,Food,DE,11.0,0.32573307457559997,0.0945509083914288,0,7
6738,503,31.125885912515493,POS,Travel,DE,22.0,0.16277569648137508,0.14944421837293598,0,7
3651,362,151.5409348392219,ATM,Travel,FR,6.0,0.3366655602905241,0.2072009453485203,0,7
8340,825,0.7987898798508097,POS,Grocery,FR,8.0,0.16308417437115963,0.3272979075906967,0,7
3432,772,14.74420297459648,ATM,Food,TR,14.0,0.17730991532090085,0.06043261560358349,0,7
4500,852,6.480884819938728,QR,Food,NG,14.0,0.08876427044738043,0.10795426554026086,0,7
9222,296,110.49769813341226,ATM,Grocery,US,18.0,0.45739269411335626,0.42893363828868125,0,7
4725,301,12.198581322817859,POS,Grocery,FR,14.0,0.12456859341382087,0.11076968933924905,0,7
1498,457,25.44414761292148,ATM,Clothing,US,16.0,0.2599126357855306,0.27031983362151624,0,7
8956,241,1808.2383588083678,Online,Electronics,FR,20.0,0.650237595910012,0.5734639908435608,1,7
2548,64,7.80270696935796,POS,Electronics,TR,6.0,0.10553907951600743,0.09954536563415514,0,7
300,53,236.13147460809608,POS,Grocery,UK,6.0,0.23119248070931397,0.14592127486227213,0,7
1723,216,383.77052599141973,QR,Grocery,US,13.0,0.7590408657651918,0.6981743154437229,0,7
7484,962,36.99998033938473,ATM,Grocery,UK,22.0,0.17046481662723814,0.10210632441575596,0,7
5930,929,397.77202673581064,Online,Travel,DE,14.0,0.15718391999320247,0.09039261490973463,0,7
3570,810,161.81653923846943,Online,Clothing,US,14.0,0.21150281216412542,0.13134174889444544,0,7
583,94,166.762858750124,Online,Clothing,TR,11.0,0.7172487509351069,0.11758229254476685,0,7
6183,862,263.37349181173323,Online,Grocery,FR,21.0,0.1364507146632054,0.30360348866866055,0,7
4398,358,44.47063739083451,ATM,Grocery,UK,18.0,0.28214548087465885,0.1765712972211451,0,7
7905,915,88.20624754490834,ATM,Grocery,TR,12.0,0.2431501776676279,0.5021064084730267,0,7
4382,727,184.45082817777998,ATM,Clothing,TR,21.0,0.2937692406909575,0.2477825175006263,0,7
7321,190,15.099817074138215,QR,Grocery,US,16.0,0.24374245167178232,0.12420109866045516,0,7
9464,506,45.20649845911085,POS,Clothing,TR,21.0,0.27926475784445026,0.3468833936957468,0,7
3094,633,4.3520545636490295,Online,Clothing,TR,17.0,0.5155709892888463,0.3387805367283495,0,7
7901,245,93.71064897105911,ATM,Clothing,UK,23.0,0.10711583865677052,0.30084454165848923,0,7
1523,432,325.8260484824085,ATM,Food,US,20.0,0.09243924814583251,0.11434639014521426,0,7
9168,28,26.044479092648253,Online,Travel,TR,5.0,0.14683993384624808,0.1307685407911163,0,7
62,556,105.36738685666896,Online,Grocery,DE,15.0,0.3512164946217866,0.5496618014810364,1,7
5593,962,1065.7985841418276,ATM,Food,TR,19.0,0.2643994958436874,0.36711304896994823,0,7
8212,309,144.71762488628946,ATM,Electronics,UK,4.0,0.16890377579483074,0.38930521635969106,0,7
2970,588,35.26372195650481,POS,Travel,UK,16.0,0.0968347129769992,0.22850593987765183,0,7
8665,957,38.95928629292439,QR,Grocery,DE,7.0,0.28752563517137925,0.2030657084553641,0,7
9235,695,385.70505176387826,QR,Electronics,TR,17.0,0.2917284298181494,0.10168406526149737,0,7
7622,483,228.84520072841113,ATM,Travel,FR,19.0,0.7303490080766925,0.3975409817140817,0,7
7306,528,58.95105783307191,POS,Electronics,FR,22.0,0.27529078429224974,0.25876612618594924,0,7
7025,337,433.917671696385,POS,Clothing,UK,2.0,0.1655204539886885,0.3700438884886781,0,7
3843,228,43.70636644003083,POS,Travel,DE,14.0,0.1798290202032514,0.20583508783422116,0,7
2029,381,16.612294703867015,POS,Grocery,UK,12.0,0.08248729562803658,0.08987212356519768,0,7
3890,589,183.9909365244476,QR,Electronics,DE,16.0,0.27355562819483187,0.2894203991939879,0,7
9672,2,93.10408536919181,QR,Travel,TR,18.0,0.07338815964041519,0.17892055778829216,0,7
484,608,28.22215405311088,ATM,Grocery,US,11.0,0.1733904500971734,0.13144090296139777,0,7
4059,214,141.75178205577268,Online,Food,US,19.0,0.3630122673173357,0.3832746590092272,0,7
4973,372,18.56535422229252,Online,Electronics,DE,5.0,0.07511994148378434,0.14833407275062144,0,7
7793,565,263.97653323388505,QR,Grocery,DE,16.0,0.10127121403388165,0.1306654353496614,0,7
8299,414,37.94388702472651,ATM,Electronics,TR,14.0,0.8603120576069436,0.23368462219243902,0,7
1500,993,77.21037148436372,POS,Travel,US,7.0,0.11634253045698835,0.11993687815458559,0,7
543,937,227.69447664117595,QR,Travel,TR,10.0,0.7407102561130026,0.18034846861840859,0,7
4579,147,239.43478613690013,ATM,Grocery,US,22.0,0.5769138584411033,0.5623335445566148,0,7
9593,793,420.90943779743986,QR,Food,UK,3.0,0.1412990252646112,0.5556258170513318,0,7
8517,741,750.3888658812243,ATM,Food,DE,10.0,0.47805785039919424,0.1359502512958735,0,7
250,262,135.9515042716189,QR,Travel,NG,8.0,0.5208104479600262,0.2570713935420688,0,7
2625,675,72.76696644842022,ATM,Clothing,TR,12.0,0.20583249611199342,0.3498091993604966,0,7
5481,840,446.3313552881687,Online,Electronics,DE,8.0,0.43388172111916246,0.23518434816880268,0,7
555,567,16.026083310661758,QR,Electronics,DE,18.0,0.13771547210052176,0.3195513476077266,0,7
5932,234,150.97064345793268,QR,Electronics,DE,8.0,0.12341740844302815,0.345219797206199,0,7
9499,734,0.0,ATM,Clothing,US,17.0,0.06878195726666952,0.18867454106569365,0,7
5070,544,503.6387055355661,Online,Food,FR,22.0,0.29229749549425277,0.30708628900580626,0,7
2152,857,294.3428489719868,ATM,Grocery,DE,9.0,0.2446892416844119,0.24756831704581292,0,7
9532,417,77.05013018034084,Online,Travel,DE,5.0,0.3547063465254098,0.5391583549385359,0,7
1861,974,5.446426922524706,ATM,Grocery,TR,21.0,0.12861452100633117,0.06819274724086098,0,7
8568,201,170.46073419474715,POS,Grocery,DE,21.0,0.06296224391463637,0.16612394448877477,0,7
813,470,95.0737167046798,Online,Electronics,UK,16.0,0.189770775139919,0.24707826316434955,0,7
864,712,25.28832297913288,ATM,Electronics,DE,14.0,0.2744045479177807,0.6618090550045498,0,7
682,410,607.200051236125,POS,Electronics,FR,6.0,0.673805856927275,0.5220818077579009,0,7
4957,949,309.9568835666865,Online,Electronics,TR,14.0,0.3089443340654874,0.18267388140272278,0,7
5014,328,65.43540526481932,Online,Electronics,FR,13.0,0.334899504584139,0.21463355520323468,0,7
3874,678,70.6155737328971,POS,Food,DE,23.0,0.07942658759110462,0.1860801952308172,0,7
8838,217,267.3312508693829,Online,Grocery,FR,8.0,0.21540413152558469,0.435132625137227,0,7
92,845,456.20659544292783,ATM,Electronics,FR,8.0,0.3959850580610626,0.4880386905809041,0,7
4230,639,108.30927624449892,QR,Travel,FR,18.0,0.18599647305978084,0.10131413781595663,0,7
7991,191,157.62727305645598,ATM,Clothing,FR,13.0,0.2172687276370835,0.16944798719445955,0,7
3388,569,2.8576266372165504,Online,Food,TR,22.0,0.34607692701071346,0.2613909558525388,0,7
9684,819,62.21877517122767,QR,Grocery,US,11.0,0.1305456035191655,0.1667382585972608,0,7
3298,816,128.3199120522171,Online,Travel,TR,19.0,0.17841377427005306,0.09622820789087799,0,7
3437,187,25.75867039277027,QR,Travel,FR,23.0,0.0914318759595289,0.08184748819472767,0,7
5834,860,25.0229368794094,Online,Food,US,16.0,0.280226591423938,0.42131873768139866,1,7
4436,378,59.860984043463624,POS,Electronics,FR,2.0,0.08630798824603751,0.23051895125581015,0,7
209,268,152.98998558168364,ATM,Travel,UK,13.0,0.22365069563172696,0.287336298039382,0,7
1753,923,36.177221250340644,ATM,Travel,FR,7.0,0.10299615093539002,0.14000879999328597,0,7
2565,114,73.00877778760072,POS,Travel,US,20.0,0.19544769662667377,0.2653701899284764,1,7
3137,676,179.0489369857275,Online,Electronics,FR,3.0,0.38828220679586956,0.3373836827123861,0,7
8196,153,270.3322672093077,Online,Electronics,DE,20.0,0.37795249239346485,0.11293886621792648,0,7
721,108,54.31249807648055,Online,Food,DE,14.0,0.16573659206839486,0.09413184839896868,0,7
7367,515,50.72415634053806,QR,Clothing,DE,6.0,0.23188752329000412,0.2327676638997076,0,7
2701,368,53.32669019955952,QR,Clothing,TR,7.0,0.0626477322041837,0.1825836119175096,0,7
8669,877,151.09307698486455,ATM,Electronics,TR,5.0,0.5923038405743485,0.8124889853069557,1,7
9916,227,201.49210652563426,QR,Electronics,US,1.0,0.3948300118833027,0.5341885191821303,1,7
6720,910,106.77106560512182,QR,Travel,DE,22.0,0.11902575947003163,0.20071917472610862,0,7
3862,604,605.3758434370656,QR,Travel,DE,15.0,0.5323185238186541,0.22186858661478756,1,7
6731,343,968.8870419830106,POS,Travel,UK,4.0,0.37340568561247417,1.0,1,7
5904,476,35.188738802157275,Online,Clothing,FR,16.0,0.08671660551121005,0.13206928237113447,0,7
9473,546,56.844182605062635,QR,Food,DE,14.0,0.13941585769082537,0.22275826377593705,0,7
2201,771,227.57151598151938,ATM,Electronics,US,8.0,0.21821011281533018,0.12075069282072261,0,7
352,640,730.7234244186866,QR,Food,DE,3.0,0.26885502799600713,0.2953440049424719,0,7
2512,227,313.9734241064535,Online,Clothing,FR,8.0,0.14588220460854462,0.36692622520206575,0,7
5470,794,302.06185809596417,Online,Travel,FR,0.0,0.2679517620139381,0.16804128602957225,0,7
4011,572,233.5619321793411,Online,Travel,US,12.0,0.12228940228717078,0.3058757073943241,0,7
8482,263,1.1276272918481034,QR,Grocery,US,13.0,0.11602667845241754,0.15715741816885714,0,7
8630,257,380.5089441305639,ATM,Travel,TR,13.0,0.09587015507575668,0.30812201721534094,0,7
2105,80,153.68666164223194,QR,Travel,TR,10.0,0.33775375495362403,0.06125665933011993,0,7
7542,237,11.61929498842322,QR,Food,TR,11.0,0.22024866048038827,0.19982254439114722,0,7
9365,874,151.43323747163882,QR,Grocery,US,4.0,0.11157143628214644,0.18651905882585595,0,7
9557,538,69.4800087038643,ATM,Grocery,FR,18.0,0.227026329390347,0.15656373735124668,0,7
1485,531,82.04919205825486,Online,Travel,TR,5.0,0.19017366749994308,0.09706371894742766,0,7
5692,312,187.36570743138458,Online,Food,TR,16.0,0.07161357813191836,0.08279450298634435,0,7
6699,747,0.0,ATM,Electronics,TR,1.0,0.21299078635895363,0.37313175951803046,0,7
4242,128,74.22125418105064,QR,Grocery,US,8.0,0.39856503910097235,0.4969765162748554,0,7
6413,564,137.3033772725542,ATM,Food,FR,16.0,0.087658466292613,0.063596861698431,0,7
9059,246,53.562327003979036,Online,Clothing,DE,18.0,0.2762299463734174,0.34527069915164565,0,7
7481,517,90.83332053976218,Online,Clothing,US,21.0,0.15361738178940543,0.3072476769375446,0,7
7386,18,81.45751863419446,POS,Clothing,DE,6.0,0.20411619224676328,0.31961158195834816,0,7
2543,131,72.11930033651159,QR,Grocery,UK,22.0,0.1155236594643867,0.18272450044239347,0,7
3713,533,24.57046312014558,Online,Grocery,TR,9.0,0.12275062527688504,0.19471575461255322,0,7
3503,534,218.890061836891,ATM,Grocery,US,12.0,0.38427278660584235,0.1941158199793177,0,7
1750,81,103.78699507497257,Online,Electronics,US,20.0,0.26491485331750975,0.1489779670008954,0,7
7621,607,136.1001741172489,QR,Travel,FR,12.0,0.1694406637537892,0.20372292930377317,0,7
9338,874,41.28084165636644,POS,Food,FR,22.0,0.1273419588682591,0.16723652330208094,0,7
8049,824,36.85071296163578,Online,Clothing,TR,9.0,0.09055170536684626,0.3742471612914244,0,7
7136,230,27.443838088325244,POS,Travel,TR,21.0,0.12813151636229328,0.08515320729554447,0,7
6911,487,475.084032264422,POS,Grocery,FR,21.0,0.12865024994400903,0.3526989181013709,0,7
7655,518,358.10757869563116,POS,Grocery,FR,10.0,0.3157952118757397,0.12207553227302947,0,7
5899,699,129.68750307381265,POS,Travel,DE,14.0,0.0914784196223804,0.1786771279249439,0,7
9869,392,351.07466799276773,POS,Food,TR,10.0,0.31019514253748454,0.13943009239253173,0,7
7520,865,58.20175360004523,ATM,Grocery,US,18.0,0.13319021046893986,0.18745295655852884,0,7
5823,630,0.0,QR,Food,US,21.0,0.06119324265059006,0.10548995527631344,0,7
6764,966,253.8466082390175,POS,Travel,UK,18.0,0.33049009850903643,0.8962981001415647,0,7
1196,92,4.5776527128229105,ATM,Grocery,NG,15.0,0.5011487530152859,0.11612217673436745,0,7
999,259,128.7384998891344,Online,Travel,UK,8.0,0.2659994385605643,0.1521633239995086,0,7
2195,328,36.50232705244584,ATM,Travel,FR,6.0,0.13793540765750595,0.14106114179383566,0,7
1596,632,225.12176328299856,ATM,Travel,FR,18.0,0.27567874938860965,0.244035985146817,0,7
4745,244,370.1072301804703,ATM,Grocery,TR,17.0,0.2002635129478235,0.25551718458091377,0,7
7883,372,417.15077505638124,ATM,Clothing,UK,15.0,0.15605853102274592,0.13425601630440764,0,7
3081,788,286.47125813879364,POS,Grocery,TR,11.0,0.19960477812766694,0.3244482349624366,0,7
4202,735,131.56011370387893,QR,Grocery,UK,3.0,0.11914271289719888,0.08507254778031179,0,7
1630,445,414.0523685662685,Online,Food,FR,14.0,0.11814769236721005,0.36279992466247,0,7
2298,122,123.28470875929425,Online,Grocery,FR,13.0,0.18432059994222605,0.3823478838456469,1,7
373,460,58.93441760035845,POS,Clothing,US,14.0,0.15260074754065683,0.31714967997286536,0,7
7354,496,17.67602293176969,Online,Grocery,US,21.0,0.10380612907600506,0.15311515581408838,0,7
5931,483,69.22029937930742,ATM,Travel,UK,5.0,0.14717527438306618,0.18091906244856495,0,7
1110,255,50.003973506239724,POS,Grocery,TR,17.0,0.19018973229096264,0.07336015917714989,0,7
9259,924,12.9393387492274,QR,Clothing,DE,18.0,0.3793243480404609,0.07369772852600137,0,7
2162,326,146.82310198539975,QR,Clothing,US,7.0,0.24544292310106075,0.22132887815223778,0,7
2546,712,104.56427608837768,ATM,Food,DE,22.0,0.3833365356116373,0.2952808238243239,0,7
1214,43,63.89357210354162,Online,Grocery,FR,18.0,0.07494634897758971,0.07436706065200205,0,7
4949,342,371.89766831913295,Online,Electronics,TR,22.0,0.3905839380239978,0.30750892099078403,0,7
3717,456,439.36516245814056,POS,Electronics,US,19.0,0.3696076824781836,0.28464778383361183,0,7
8318,37,279.3711069270286,ATM,Electronics,UK,20.0,0.08103752301206761,0.1409664560396194,0,7
5681,514,72.8526401605039,QR,Electronics,DE,8.0,0.19908874566381793,0.3575113797445385,0,7
3636,692,113.44876726914492,POS,Food,UK,7.0,0.23162110049073795,0.4327958842070699,0,7
6216,438,370.6438791430101,Online,Electronics,UK,23.0,0.4857648840082169,0.2537027687041628,0,7
8994,40,266.4380402899328,POS,Travel,FR,23.0,0.13448718477892146,0.2601591840556412,0,7
7916,280,720.9437731541217,ATM,Travel,US,15.0,0.3480707230407051,0.5126157750629291,0,7
5617,288,4.520029687580718,POS,Travel,DE,15.0,0.21868273189020704,0.116713424823701,0,7
3305,9,564.7031601261311,ATM,Electronics,US,5.0,0.24093114851898217,0.44576506512986575,0,7
2078,78,420.38045535013276,ATM,Food,FR,13.0,0.6807817833429372,0.08613764550882982,0,7
3985,975,67.38374879797945,ATM,Travel,US,21.0,0.14706566936767285,0.3131054765394506,0,7
512,852,434.5890740654738,ATM,Electronics,UK,13.0,0.27732894411141695,0.7736669036311514,0,7
3643,679,161.30802424751357,QR,Electronics,UK,22.0,0.15592038036504907,0.14315939259834165,0,7
1738,392,271.9716229657526,ATM,Food,TR,21.0,0.07223756518050693,0.10411072912313618,0,7
281,732,20.965168201056226,QR,Clothing,US,14.0,0.34789657003781277,0.11388764119871703,0,7
9036,441,267.2756893558212,Online,Grocery,UK,2.0,0.42854514389587883,0.46451616815991825,0,7
4295,825,0.944366841150599,POS,Clothing,DE,22.0,0.10249534844335234,0.18127276438501763,0,7
4562,226,10.285417768629756,Online,Clothing,UK,14.0,0.1390797985554646,0.08072396004192849,0,7
1790,703,535.5285685010815,QR,Food,TR,5.0,0.09861565587014653,0.08355589529097762,0,7
1337,973,123.41481885664098,POS,Grocery,US,10.0,0.258188603248898,0.585389412227627,0,7
1213,427,176.51877423802034,Online,Grocery,NG,15.0,0.33175662844883713,0.1793859833355079,0,7
4213,137,323.6844903789727,QR,Travel,UK,13.0,0.45225931187734514,0.2651757144729193,0,7
5767,531,34.084144675374866,QR,Electronics,UK,11.0,0.3509693769897535,0.15872536987320507,0,7
5563,777,269.81866337853427,ATM,Electronics,TR,22.0,0.2517201940623515,0.18566124530679967,0,7
4552,938,4.915974512690097,Online,Grocery,UK,23.0,0.08203371029157439,0.10480638729850625,0,7
939,56,7.281724345108941,POS,Grocery,US,23.0,0.08123118082340117,0.26741038914005916,0,7
3353,883,140.46790399448406,Online,Electronics,DE,2.0,0.10784216971153959,0.06967847867329534,0,7
9372,439,170.58823437274742,QR,Clothing,FR,15.0,0.23966986699967907,0.18522194518782056,0,7
8602,350,6.330244745334369,Online,Electronics,US,18.0,0.2382316594318728,0.32923033446017747,0,7
5464,204,293.7321296070755,POS,Clothing,FR,22.0,0.13073239923295044,0.08089102972625266,0,7
1170,769,449.74737868343124,QR,Food,UK,20.0,0.5037576360311948,0.6033754033143401,0,7
588,256,36.11716052310631,Online,Grocery,FR,13.0,0.10035879923714319,0.1074778753574454,0,7
4986,111,236.62856965567624,POS,Grocery,TR,4.0,0.5412964460372426,0.2689495425051132,0,7
2451,378,11.720221746617938,Online,Travel,UK,23.0,0.1908407182779358,0.09025718229289001,0,7
4650,633,277.0612938384169,POS,Grocery,TR,18.0,0.4550855312837352,0.48001119962160754,0,7
1568,41,9.065583139160266,POS,Grocery,DE,6.0,0.3478225369084827,0.6237262893771489,0,7
6221,352,3.732005654277515,POS,Travel,TR,22.0,0.18041005840731486,0.5959597430696586,0,7
6064,609,26.060352469034903,QR,Grocery,US,22.0,0.20046306339707912,0.08781744088373783,0,7
7359,270,27.49481014225749,POS,Electronics,US,21.0,0.3778394206000447,0.12267260145594783,0,7
4396,629,121.08284905635271,POS,Electronics,UK,22.0,0.16277163952606502,0.16591582912853878,0,7
3398,412,314.11176645945466,ATM,Clothing,TR,13.0,0.3678432864876311,0.3507902181340737,0,7
1016,482,397.5482116578653,POS,Clothing,DE,2.0,0.297496071014393,0.6008458486133954,0,7
1587,127,159.9056311428909,QR,Clothing,TR,8.0,0.130218166109682,0.09571460452169156,0,7
4464,735,0.0,POS,Travel,DE,14.0,0.26380279721306266,0.12441406938178587,0,7
8229,54,25.121462709181753,POS,Travel,US,16.0,0.6757711949460683,0.4248942851167589,0,7
9559,576,297.808040646051,ATM,Grocery,FR,12.0,0.33203329523781794,0.2462614364813676,0,7
2945,703,94.86459217687356,ATM,Electronics,TR,14.0,0.08738242479770256,0.13434566588076605,0,7
4803,555,34.56416413582653,POS,Food,TR,15.0,0.29723876860813947,0.11879468995296874,0,7
3424,433,38.540972038561286,QR,Food,US,22.0,0.06394434942674485,0.05944264450717869,0,7
9043,559,59.96719296735805,POS,Grocery,FR,22.0,0.07293745265444845,0.21058762581215149,0,7
9958,512,698.4419999094124,ATM,Clothing,US,18.0,0.11581255708789698,0.13663711726450561,0,7
3444,179,54.44269008117442,POS,Food,FR,18.0,0.1309034466381157,0.12195739810966509,0,7
5271,215,8.94806646806677,ATM,Electronics,UK,22.0,0.08317452677912524,0.10263640985819929,0,7
5491,293,21.94824401687065,QR,Food,TR,19.0,0.2531306837726973,0.643420153998749,0,7
5430,95,404.61903893059986,QR,Grocery,FR,5.0,0.19226671221831695,0.40410817725279347,0,7
9550,345,207.08438497523576,QR,Clothing,US,16.0,0.635959920412022,0.24355441182714868,0,7
5791,999,23.049057590575494,POS,Clothing,US,11.0,0.20449141466027002,0.16594858717256858,0,7
8485,861,208.99185036153557,POS,Electronics,FR,19.0,0.08943562943897249,0.17292922085233012,0,7
7924,736,26.233575824798,Online,Electronics,FR,11.0,0.09598675769704465,0.21529028905389164,0,7
672,858,497.07383302168466,Online,Electronics,DE,11.0,0.7133763581583163,0.4037911993732264,0,7
8656,501,354.42069724602544,ATM,Clothing,UK,10.0,0.0622560247275886,0.32143273952136275,0,7
2168,776,242.43395606928576,POS,Travel,DE,10.0,0.4060658690531413,0.4804071780939454,0,7
4077,87,60.99346238429116,POS,Food,TR,11.0,0.1840308226065226,0.22363595337599262,0,7
1645,321,72.55470719285421,Online,Travel,US,21.0,0.24391273813427725,0.14320849289883295,0,7
3774,614,679.8081716472352,Online,Clothing,TR,16.0,0.13345930338712816,0.32509731167884404,0,7
7725,555,133.98126370040413,QR,Food,UK,13.0,0.25516438715859857,0.18062732477124094,0,7
4796,508,0.0,POS,Clothing,TR,22.0,0.23688329236624944,0.058941236193762285,0,7
5554,267,13.897989494643962,QR,Clothing,FR,19.0,0.05902838228206592,0.27107243202447145,0,7
750,698,769.1059177869804,Online,Food,FR,22.0,0.38401489728519894,0.45553435359154937,0,7
771,601,33.22422418469297,POS,Grocery,UK,13.0,0.06067429824522904,0.10534920254888233,0,7
9325,689,32.59026584472265,QR,Electronics,DE,8.0,0.17975365100483534,0.5045073775069607,0,7
5011,990,36.80378369657496,QR,Clothing,NG,9.0,0.16210784299051179,0.5718951847712805,0,7
4012,607,217.23371893723834,ATM,Grocery,DE,16.0,0.41210389223702093,0.19085652031877282,0,7
1926,842,415.1506548401744,POS,Food,US,23.0,0.48373951456778025,0.5823334128865176,0,7
8907,686,380.84778025066635,QR,Grocery,US,13.0,0.1270719127931087,0.2535280631784702,0,7
6561,355,348.5462720431521,ATM,Electronics,UK,20.0,0.09981100735237552,0.427661978113152,0,7
5638,194,24.376187209691352,ATM,Clothing,DE,17.0,0.5479429568468553,0.4205670885732292,0,7
4696,721,349.9222749897205,POS,Electronics,UK,4.0,0.43641041213604376,0.40808239831178345,0,7
9753,531,210.74420170274723,POS,Electronics,DE,2.0,0.22024726252514834,0.2930063752702077,0,7
4387,142,18.35592549462708,QR,Electronics,FR,23.0,0.16527300826877092,0.12183583369060699,0,7
2941,444,67.62922274751193,Online,Travel,TR,16.0,0.1526649353792042,0.2657832786025047,0,7
3760,610,220.51815034116723,POS,Travel,UK,13.0,0.34389238450099757,0.09711327809184125,0,7
5973,388,356.98263146494537,ATM,Clothing,DE,15.0,0.6369985653787611,0.2659459354411654,0,7
9996,555,39.909948603615916,POS,Food,TR,20.0,0.12553721791598596,0.1736185934502043,0,7
3129,386,166.20740620831035,POS,Clothing,UK,11.0,0.08391151211416284,0.3850797860448405,0,7
2528,212,70.41836178960213,ATM,Electronics,US,8.0,0.265471743938551,0.12679864117801148,0,7
9666,204,45.48450893575577,POS,Travel,TR,23.0,0.1040437632806451,0.1698625064705973,0,7
8571,821,56.8595178095054,ATM,Travel,FR,18.0,0.1277232250570926,0.16798708059174397,0,7
6797,916,37.026592968434585,ATM,Travel,TR,13.0,0.22205675253212634,0.12834464945353286,0,7
1005,236,175.38999807890568,QR,Food,TR,12.0,0.6376715247857482,0.4161921368943792,0,7
5350,799,211.38810547413817,QR,Grocery,FR,21.0,0.1723724522102354,0.3113349975465535,0,7
6104,55,11.829070688351145,QR,Food,FR,10.0,0.0787004214312777,0.06513723308218941,0,7
9284,336,90.30941347331076,QR,Electronics,UK,23.0,0.0930040092533728,0.0885437532829841,0,7
5425,933,5.5979486193770915,QR,Travel,FR,16.0,0.3191057527897824,0.3756397520656148,0,7
1922,152,150.69231713557946,Online,Grocery,US,14.0,0.3263807170365683,0.18341473023234736,0,7
1198,739,61.93348747961492,POS,Travel,FR,10.0,0.5631479386445597,0.4001773457438727,0,7
1277,945,28.824176646777058,POS,Grocery,FR,16.0,0.26968968271240945,0.10273055928934272,0,7
6556,848,160.3753331992335,QR,Travel,TR,18.0,0.2767337928236268,0.38856767192445285,1,7
2604,753,169.63419528074309,QR,Electronics,UK,20.0,0.24688643649716427,0.38422021915407817,0,7
7018,314,61.195983815635216,ATM,Clothing,US,10.0,0.13262837563172866,0.16582823008297282,0,7
1195,96,226.96003322223783,QR,Food,FR,16.0,0.32618938372211714,0.37331801817256993,0,7
64,34,120.36315267516467,QR,Clothing,TR,18.0,0.1080669941535917,0.3170373775690131,0,7
2060,370,378.2736218714216,Online,Food,UK,22.0,0.868348020555391,0.346787192844074,0,7
7604,389,34.7565013463967,QR,Food,UK,22.0,0.10148967286827362,0.07533250575113797,0,7
7527,57,26.061214629397238,POS,Grocery,TR,22.0,0.13106332191463302,0.19927600790479394,0,7
8462,397,761.6004152517727,ATM,Clothing,FR,22.0,0.14125622572060462,0.6865309727230582,1,7
505,209,97.06749431504751,QR,Travel,UK,21.0,0.16406442333003224,0.20197803049441893,0,7
4758,847,289.6799232768561,ATM,Grocery,UK,15.0,0.2336666263409424,0.13791716105323884,0,7
1799,514,65.05914047828247,POS,Clothing,DE,6.0,0.33618999696170065,0.28618964578888845,0,7
3498,283,153.18148892936264,QR,Food,UK,8.0,0.802328754179727,0.5991500462743775,1,7
5862,803,135.21782704042934,Online,Travel,US,22.0,0.45791970340224863,0.16668963161524047,0,7
7999,61,339.6535673095666,QR,Food,US,12.0,0.22151504517763765,0.4323427482638485,0,7
4049,680,24.18168553065707,ATM,Electronics,UK,11.0,0.07515871570455002,0.13537072299632305,0,7
5896,334,475.83054655785037,Online,Food,UK,21.0,0.21469069019977927,0.18130041256808532,0,7
5507,207,63.14349647528508,QR,Electronics,UK,12.0,0.6195586257093517,0.29234994047435586,0,7
9854,860,103.29539573777544,Online,Travel,FR,15.0,0.08340587756113062,0.3151020867070518,0,7
6807,749,325.30475568492994,ATM,Food,DE,20.0,0.09466494880137477,0.12078661368707147,0,7
6290,207,33.94778893235065,Online,Travel,FR,15.0,0.2840055097384525,0.43198210942409737,0,7
4831,599,99.29747827020898,ATM,Electronics,US,22.0,0.34702942823816163,0.2070739463837448,0,7
8499,693,46.38769158901789,POS,Clothing,DE,16.0,0.0944246576099355,0.49819441373419565,0,7
441,268,76.03844661860623,Online,Grocery,FR,15.0,0.08550345086077492,0.1937092175359748,0,7
7604,176,293.7493701512874,QR,Clothing,FR,21.0,0.11720988800791818,0.11209010791329288,0,7
3591,495,25.509475530853145,Online,Electronics,US,23.0,0.17849590962600662,0.24255442714810746,0,7
5366,385,95.66414978617928,POS,Grocery,TR,16.0,0.06593457742813946,0.09088515733159222,0,7
9409,699,30.943752153119448,ATM,Grocery,DE,12.0,0.05665061315622199,0.08215296527195039,0,7
9789,707,87.1687871700591,QR,Clothing,FR,9.0,0.08456166593019311,0.3313426513502233,0,7
4799,293,121.25135173841001,POS,Clothing,DE,17.0,0.06939764267004069,0.09720958837509827,0,7
6367,435,90.31125745988977,Online,Electronics,TR,21.0,0.16154884796501406,0.09277238954547312,0,7
1481,438,60.396164460167505,ATM,Travel,DE,21.0,0.13903658769215171,0.08064367847801246,0,7
3658,196,44.31772875832419,ATM,Food,FR,19.0,0.2174250770216491,0.15056888645564048,0,7
2330,614,0.0,Online,Food,FR,20.0,0.13985463942890808,0.14780144346458174,0,7
6951,539,428.63550612481254,Online,Grocery,DE,13.0,0.2508241776674853,0.28598884672376457,0,7
2940,899,321.7934836874283,ATM,Clothing,US,17.0,0.25684692623662314,0.14033359082324334,0,7
8164,652,25.228093080626387,POS,Food,DE,10.0,0.14612473274649806,0.08273412218137911,0,7
1198,183,575.7573008702076,ATM,Electronics,DE,4.0,0.22216591448365058,0.4218050139656536,0,7
5011,666,221.41350942581622,Online,Food,US,17.0,0.10236716880340332,0.13345457150312506,0,7
1880,162,153.78188152891585,QR,Electronics,FR,18.0,0.39868618108584236,0.3356047388147421,0,7
4975,998,27.37130718271006,POS,Travel,TR,5.0,0.3208009599277709,0.2608173266744337,0,7
7738,94,29.309736533743994,ATM,Food,TR,19.0,0.37493310195702606,0.14455094572058785,0,7
5239,441,195.31176180626608,Online,Food,DE,22.0,0.47539074403179454,0.4881406433797605,0,7
4246,834,0.0,QR,Grocery,UK,23.0,0.09930313840509905,0.11660968085728807,0,7
3561,633,92.75670207389116,POS,Food,DE,10.0,0.233330684090391,0.43451848373419766,0,7
7772,966,181.88541834683443,ATM,Food,DE,14.0,0.20306846378781404,0.39228705898100213,0,7
7036,727,396.5493727721882,QR,Grocery,US,20.0,0.2133778912092601,0.4240045051042723,0,7
6747,357,113.5735382206835,ATM,Electronics,DE,18.0,0.18408239193199444,0.3664347946370065,1,7
1963,762,140.49305436429466,QR,Electronics,FR,6.0,0.10978925363586683,0.13549664230142408,0,7
5524,30,17.944351206882633,Online,Grocery,DE,22.0,0.42891081412583953,0.14189591466275878,0,7
8978,194,249.96642141313455,POS,Clothing,US,6.0,0.24137956821813414,0.18146938777094457,0,7
8251,62,15.197758108599153,ATM,Food,FR,17.0,0.11700341775970668,0.14625141614557438,0,7
2073,175,31.32982088470693,Online,Clothing,TR,14.0,0.11631947738683476,0.15013690462618504,0,7
3165,540,329.46547878179325,ATM,Electronics,DE,15.0,0.09363755195447218,0.1825265440302933,0,7
1387,562,2.9779222397517975,Online,Electronics,TR,13.0,0.06836198591414949,0.08422961861209766,0,7
6217,0,49.63622455544766,Online,Electronics,UK,4.0,0.1353153982246797,0.3010328104989105,0,7
2487,132,161.58274774815516,ATM,Grocery,FR,21.0,0.054721287813949186,0.06924569443959691,0,7
8523,802,574.1527222213789,Online,Clothing,FR,18.0,0.1579921559587983,0.24652824296521825,0,7
780,614,510.00218900375967,ATM,Travel,US,7.0,0.22417630875657044,0.18223174465546949,0,7
8122,308,149.75045761985513,ATM,Clothing,US,22.0,0.07566251576077343,0.06661629810477755,0,7
3370,324,97.02531423127155,QR,Food,FR,23.0,0.3431403951273047,0.12658247111035825,0,7
449,900,25.217918541376505,ATM,Travel,US,23.0,0.1816566812847339,0.15418460763342157,0,7
9977,688,338.1160957524952,QR,Grocery,DE,21.0,0.251521095625859,0.1614698988429383,0,7
2140,295,127.05773546026602,QR,Travel,UK,23.0,0.24215041265609033,0.16223940431587114,0,7
2073,155,404.1149049272596,POS,Electronics,US,14.0,0.3156139457228401,0.18011032749226422,0,7
7107,547,35.889363462252675,ATM,Travel,UK,7.0,0.07599461473193232,0.1028595722776727,0,7
2636,939,61.48870797524857,ATM,Electronics,DE,2.0,0.06918895661848884,0.06310234550111568,0,7
1314,502,73.09460347940099,ATM,Grocery,UK,19.0,0.5409003450439744,0.23472177787785142,0,7
704,463,61.04311927262387,Online,Clothing,UK,19.0,0.14277081962912092,0.5338721693349063,0,7
8796,503,117.44114131438756,Online,Clothing,DE,22.0,0.4234761459651664,0.26220449653322964,0,7
4126,518,1.6590820218209805,ATM,Travel,DE,9.0,0.16684094515178646,0.1423522070588535,0,7
7471,313,129.55213473512669,POS,Grocery,DE,21.0,0.1813124528978462,0.3432046144892437,0,7
4153,803,34.86152271704825,Online,Electronics,TR,7.0,0.07479225446414614,0.3365322666920006,1,7
5245,360,31.367508829014973,QR,Travel,US,19.0,0.12771705757594615,0.06679642865838559,0,7
9272,757,426.615741963682,Online,Clothing,US,7.0,0.4095947856101422,0.23074312506422778,1,7
9650,536,3.4654990257749025,Online,Grocery,US,23.0,0.36181179448945683,0.10912721662472685,0,7
8019,172,268.77966380751553,QR,Travel,FR,13.0,0.5851587079664036,0.0819800147711357,1,7
1834,742,14.34513553206826,QR,Grocery,FR,15.0,0.6663950176858612,0.45996990028885687,0,7
2396,893,28.40843012274916,POS,Electronics,FR,21.0,0.17350931923880475,0.11735164967220271,0,7
5310,711,68.3305954247343,POS,Travel,FR,21.0,0.11899580673203006,0.36658753435511265,0,7
3002,546,7.996629859972358,POS,Food,FR,14.0,0.09049466319429668,0.30025387758253935,0,7
7843,926,72.75629030932181,Online,Electronics,UK,19.0,0.1242278830372859,0.1385822645051751,0,7
8567,383,6.087393640490256,QR,Electronics,FR,19.0,0.1251053564628364,0.0780634246893446,0,7
5079,903,21.302326651482318,Online,Grocery,US,14.0,0.1194371266074262,0.16479701164246296,0,7
8981,554,105.19979107683548,QR,Travel,US,23.0,0.0864128967261528,0.19675648765087916,0,7
3459,353,322.114010420087,ATM,Grocery,TR,15.0,0.12294780515572071,0.07696887497173861,0,7
6500,970,75.2647675671363,Online,Grocery,US,23.0,0.29536588821782517,0.1135057747654657,0,7
3594,138,196.75563797313296,POS,Food,TR,5.0,0.0883291674019556,0.16200414003307134,0,7
5436,430,28.170118854012394,ATM,Clothing,US,15.0,0.14374589669557988,0.17252603742310213,0,7
2614,367,58.449670581155544,Online,Grocery,TR,10.0,0.18027601162123236,0.182672933718015,0,7
7151,956,95.41747940246972,POS,Travel,DE,21.0,0.21002527376204855,0.1402127159915623,1,7
133,914,56.275917571173416,ATM,Food,FR,13.0,0.3239060377385209,0.4891459573616473,0,7
6176,758,76.02422414049613,ATM,Electronics,FR,13.0,0.14051837990194685,0.07307794684711345,0,7
4670,993,216.6547405929375,ATM,Travel,UK,9.0,0.14481679963218297,0.12114639801956043,0,7
5547,625,24.736962415568406,POS,Grocery,UK,7.0,0.15819155986338457,0.09623447735912191,0,7
4245,586,1006.9578636684347,Online,Electronics,UK,9.0,0.33383147549268144,0.8932501393732457,1,7
1979,499,0.0,Online,Grocery,TR,19.0,0.11337773147649423,0.31039845220548684,0,7
5948,739,1475.7861108777133,QR,Electronics,DE,19.0,0.3863788225105901,0.8736605627979998,0,7
1478,516,2.997013282963634,ATM,Grocery,UK,13.0,0.11678154861484596,0.11216108064715608,0,7
7081,88,305.58624198687465,ATM,Food,US,20.0,0.3029452715705946,0.24266112812550453,0,7
3142,953,1324.5344378770396,POS,Electronics,US,19.0,0.504327285304923,0.5271844614245395,0,7
4083,198,93.82680144645133,Online,Electronics,UK,16.0,0.2348918895942857,0.206026230466606,0,7
7552,140,595.1931103124518,QR,Electronics,FR,6.0,0.19367044794976815,0.11481120357878637,0,7
8582,286,297.989626061119,QR,Travel,TR,12.0,0.25480377024246886,0.3782617145949267,0,7
4074,508,17.75757909488327,Online,Clothing,UK,16.0,0.22207071818889978,0.12813267844642773,0,7
6036,857,0.0,Online,Travel,UK,10.0,0.3489276553706264,0.3478529218964973,1,7
7527,98,173.15642355352247,Online,Food,DE,18.0,0.3580800744958663,0.123797303876993,0,7
6898,417,319.5924315420952,QR,Travel,FR,17.0,0.16343136328727426,0.15940411549055886,0,7
8690,117,305.817130219974,QR,Food,FR,21.0,0.24989887392359547,0.24463267529734833,0,7
8829,172,145.16905104656007,ATM,Clothing,DE,16.0,0.17753585384908305,0.3875903937834585,0,7
2122,255,412.80841942280347,Online,Food,TR,17.0,0.4171413183890983,0.4787789439012517,0,7
9672,302,149.8946515857717,QR,Travel,DE,20.0,0.1347463027792978,0.15419665645588004,0,7
1692,519,19.183392444886504,Online,Grocery,UK,17.0,0.30019322624355915,0.13371455020802336,0,7
9907,902,103.51388884337032,Online,Food,DE,19.0,0.5601347862302513,0.1916076138314513,0,7
3415,570,15.224609608390605,Online,Clothing,FR,10.0,0.1125742851539012,0.1841113448530848,0,7
1833,355,208.96740578138534,QR,Clothing,TR,22.0,0.1860857779945283,0.06425509695964815,0,7
3155,715,174.92440461852084,POS,Food,FR,0.0,0.1376737892808843,0.06624001018325136,0,7
3018,334,69.25236182526811,POS,Clothing,DE,7.0,0.25248079793128125,0.3577699332620145,0,7
1274,568,34.91630235266357,QR,Travel,TR,16.0,0.16679959925640483,0.21036372639781623,0,7
3551,110,772.7081470691834,QR,Electronics,TR,17.0,0.34237846729560695,0.13333016515090923,0,7
6681,187,298.2290347422754,Online,Electronics,DE,11.0,0.27976098972913893,0.6257197452924828,0,7
4638,705,38.55277887651346,POS,Grocery,FR,22.0,0.10127220402224288,0.15830935655752953,0,7
2042,180,211.00308574450673,Online,Food,UK,14.0,0.1905954009096381,0.06318547056914614,0,7
967,445,12.833737851341388,ATM,Grocery,TR,20.0,0.21606575437553732,0.07827968598788536,0,7
5344,610,43.61751027922655,Online,Food,TR,22.0,0.22880963123704645,0.24319251555279447,0,7
7870,359,0.0,Online,Grocery,TR,4.0,0.11707241682145311,0.15368964354868178,1,7
1405,663,152.3844401275718,QR,Grocery,TR,22.0,0.7635243321755485,0.40311372828246317,0,7
4665,874,43.96264960376621,ATM,Grocery,FR,10.0,0.08399047293237386,0.08150051956413973,0,7
5658,158,759.6436139108664,POS,Clothing,TR,11.0,0.1431733130370492,0.2564159218825455,0,7
9227,915,19.181991052283287,QR,Travel,NG,9.0,0.2436795661969645,0.3388723138305259,0,7
7438,765,459.3742859620316,POS,Electronics,UK,9.0,0.17446367165011006,0.14105462331166688,0,7
5099,238,69.41816156523106,POS,Electronics,DE,11.0,0.12509747969264604,0.20132744426374685,0,7
1258,314,217.4088846520569,POS,Electronics,FR,11.0,0.3411952337484562,0.23035694313187732,0,7
7465,119,9.924689500403053,POS,Electronics,DE,17.0,0.3694686929681681,0.27636806177712847,0,7
8050,140,969.58117341383,QR,Grocery,FR,16.0,0.35468515111506577,0.5828631175795066,0,7
1757,922,118.29177473501217,QR,Food,TR,17.0,0.21862660697890635,0.4130315287352927,0,7
256,154,472.7688530119585,QR,Food,DE,22.0,0.17065428705147337,0.35926165726706316,0,7
1982,400,142.84400717796314,QR,Clothing,DE,13.0,0.11075114936169214,0.10794487994352123,0,7
5172,844,15.50521479917871,QR,Travel,FR,3.0,0.13084256823066812,0.07595372068903677,0,7
863,958,20.878614966348472,QR,Food,US,11.0,0.22714414626895812,0.09671797401244311,0,7
9436,456,0.0,QR,Grocery,FR,6.0,0.21342989472227583,0.43250609647659605,0,7
1282,654,145.4981670447942,Online,Travel,DE,9.0,0.1559543577130617,0.06838199418298645,0,7
6498,443,166.9681728392196,ATM,Food,DE,7.0,0.6129733817243956,0.22443350893340502,0,7
4616,171,75.5193834199212,QR,Food,UK,8.0,0.6156385389950009,0.08138761196869959,0,7
7515,928,233.88925414304808,Online,Travel,FR,19.0,0.10867828952834319,0.3693048078432743,0,7
8612,470,160.9524427111924,QR,Electronics,DE,10.0,0.1326647274255725,0.13789938176226263,0,7
6405,826,346.06972050406193,Online,Travel,UK,8.0,0.3042257386586008,0.17408687404274542,0,7
4931,914,131.6082698833495,QR,Clothing,US,4.0,0.16679986800381258,0.14682766697580005,0,7
5930,771,234.6160338449794,POS,Electronics,UK,22.0,0.287909993026529,0.3226629430616372,0,7
5277,321,63.85238359843923,QR,Grocery,FR,10.0,0.11701752376516844,0.06960366602034569,0,7
5905,700,0.0,Online,Food,US,21.0,0.6517159848609673,0.13637462935234718,0,7
9103,532,57.363486428730994,QR,Food,UK,12.0,0.0744452048701564,0.15368835321147084,0,7
5524,540,193.15125406330364,POS,Travel,TR,22.0,0.11070870187422811,0.1460026850979979,0,7
7233,945,270.5649508955267,QR,Travel,US,17.0,0.27447559762831597,0.28540985449544604,0,7
2951,177,48.93357323789313,QR,Food,DE,23.0,0.166329563488014,0.3512218036709748,0,7
696,647,22.55194768021085,Online,Clothing,US,22.0,0.10831314236013434,0.16415133245342112,0,7
1676,274,20.22423751791375,Online,Travel,DE,15.0,0.32260723763836807,0.4981755751120519,0,7
3302,601,179.72999695290653,Online,Electronics,TR,17.0,0.16024605645987194,0.350226050846268,1,7
1839,672,130.49598748517116,POS,Food,FR,22.0,0.18590620856794535,0.24703960226716085,0,7
4524,218,569.4796256869628,ATM,Grocery,TR,19.0,0.19229997015553105,0.15812795368167398,0,7
3502,380,109.37414427895516,QR,Clothing,US,21.0,0.07759663648620237,0.29859033476493024,0,7
8816,11,577.1842564795184,Online,Clothing,TR,17.0,0.5611701651592182,0.4001435679190136,0,7
8406,502,165.091452146176,QR,Electronics,US,15.0,0.38741899475115527,0.18098386303247474,0,7
9108,815,47.448586608069405,ATM,Grocery,UK,21.0,0.20902811333328689,0.28169329249478986,0,7
2121,567,268.1893668584981,POS,Clothing,UK,20.0,0.08664431603216305,0.0931328151288146,0,7
6890,63,7.040997227460196,QR,Clothing,US,21.0,0.1382164079588861,0.18946348551483227,0,7
2592,165,22.069568591395125,QR,Electronics,FR,21.0,0.13125833559711816,0.15284756594251503,0,7
8296,839,520.9023673335037,QR,Grocery,FR,23.0,0.4937145511807176,0.1616109370166752,0,7
5442,618,42.09003719341408,POS,Food,FR,6.0,0.3433913788623928,0.1954754250683154,1,7
7581,43,98.25945108962449,POS,Clothing,TR,14.0,0.30762573671080995,0.1043863014869463,0,7
5625,509,813.7727600935466,QR,Travel,FR,21.0,0.1514092607137894,0.28049904910318496,0,7
22,603,27.630078110997157,POS,Electronics,US,16.0,0.10631709505482279,0.3043031169377885,0,7
2885,651,203.7216419955644,QR,Clothing,UK,14.0,0.1283918636415944,0.15458628526512438,0,7
6906,522,67.40707490681554,Online,Grocery,DE,22.0,0.26540588906461066,0.5669816146288454,0,7
5667,832,4.131520397493646,Online,Travel,FR,10.0,0.42178196827641734,0.24159822962074948,0,7
7129,322,16.929772240481633,ATM,Food,US,12.0,0.06891308109809222,0.07308379189834141,0,7
6421,415,94.72948826068915,ATM,Electronics,UK,23.0,0.2866116951616588,0.17983432099758906,0,7
2617,15,80.36822807951381,POS,Electronics,UK,18.0,0.24014680552050005,0.3222341488273747,0,7
5652,549,26.96359185943309,ATM,Electronics,UK,12.0,0.12118616784720009,0.18920257604962454,0,7
2731,819,90.96170236384009,QR,Electronics,TR,20.0,0.07913333711644835,0.06566011888380414,0,7
6187,111,244.2296578785896,POS,Grocery,DE,14.0,0.24536706210818243,0.16692561959963143,1,7
1816,357,439.56805487808515,POS,Clothing,US,19.0,0.3138903664217165,1.0,0,7
8550,622,40.124053441322914,QR,Electronics,UK,15.0,0.08382476372673461,0.2372157438210317,0,7
4308,782,161.8423968487674,QR,Grocery,TR,17.0,0.2784925979370627,0.1138591498953338,0,7
8708,619,408.03306891337076,QR,Food,FR,22.0,0.07854107470439312,0.0572748422981543,0,7
8197,961,187.77461888509598,POS,Grocery,TR,22.0,0.31496214662216937,0.5950819907604572,0,7
1240,549,138.5011043053329,QR,Grocery,DE,21.0,0.9175128923243431,0.2861319290009652,1,7
1397,699,66.39632530150567,QR,Food,UK,5.0,0.10514878879974568,0.49242719863387363,0,7
3763,285,143.48350238747057,Online,Clothing,FR,11.0,0.23307196724093573,0.40352715958851165,1,7
6456,476,84.56551348604528,POS,Food,DE,14.0,0.1746113931795793,0.25314718075825027,0,7
1352,603,140.42791581137394,QR,Grocery,US,16.0,0.08652307285092929,0.15535538285589345,0,7
1031,601,75.31214501669146,POS,Travel,US,17.0,0.16386486692917002,0.16544175743693074,0,7
9629,717,1.0478610636419434,Online,Grocery,DE,23.0,0.15769577775586857,0.22097387598922166,0,7
3950,13,114.07102240482517,POS,Electronics,UK,22.0,0.1464210936137151,0.21160217541126514,0,7
3049,939,828.968115340396,POS,Electronics,FR,13.0,0.5713951650074384,0.5076618749405377,0,7
7408,668,396.32995992660426,Online,Food,DE,21.0,0.5354135212702142,0.29658089231936413,0,7
6177,869,308.41457110690953,Online,Food,TR,11.0,0.1954999695946341,0.11763421292769076,0,7
4845,183,124.8149173794786,ATM,Grocery,US,10.0,0.20270318973864,0.2177578948310245,0,7
1286,984,317.4766157924892,POS,Food,US,5.0,0.1456818291392637,0.38278195257373737,0,7
8388,937,1.0761137597635422,QR,Grocery,US,10.0,0.08701642020677958,0.0770267129397545,0,7
4955,662,619.5091836869917,ATM,Food,FR,5.0,0.2379562748094862,0.3579353659374546,0,7
3795,156,9.47333154420292,POS,Travel,US,4.0,0.1921748951813495,0.08980478136859069,0,7
7439,899,277.37894739861105,ATM,Travel,UK,6.0,0.1465519907560219,0.14817747389948824,0,7
8438,223,141.75768961139025,Online,Clothing,TR,17.0,0.20186071063563185,0.14113953284957814,0,7
8516,522,32.477013644826485,POS,Electronics,DE,20.0,0.4009983106639743,0.1121395147179477,0,7
9297,411,626.7272131690556,ATM,Grocery,UK,9.0,0.10938162448343157,0.6394468201014556,0,7
4272,72,875.4669440302622,Online,Travel,US,19.0,0.2383590058269563,0.20177922504219875,1,7
5563,924,34.313761842894664,QR,Clothing,DE,16.0,0.22318621785718554,0.3176579288539159,0,7
4981,658,78.09471330212507,Online,Clothing,TR,21.0,0.23674912317598415,0.15780549334205862,0,7
4203,294,40.013518417661246,ATM,Clothing,DE,14.0,0.4985763773941469,0.4392946153450488,0,7
1115,363,99.98207850883375,QR,Clothing,NG,23.0,0.2325602907433638,0.2780361850376997,0,7
6799,461,269.9538588532524,QR,Food,FR,11.0,0.21401242082131464,0.3686776289486613,0,7
7784,937,0.0,ATM,Food,DE,17.0,0.08749728617112955,0.2919993641149065,0,7
646,651,39.961243289237984,Online,Electronics,UK,14.0,0.6672855935510191,0.3432993943744677,0,7
7482,923,26.540198064943528,Online,Travel,UK,20.0,0.389650624952842,0.287609025862217,0,7
2084,893,10.968044460614822,QR,Electronics,FR,23.0,0.0702865156262063,0.06860965871060967,0,7
5676,943,136.55495388235633,QR,Clothing,FR,19.0,0.32817371222264835,0.4240818963553422,0,7
92,826,22.93306944146206,POS,Grocery,DE,9.0,0.06284683273236265,0.06806068755173279,0,7
2241,129,6.842110579682592,POS,Clothing,FR,8.0,0.08947640754182365,0.12372390338876382,0,7
9066,365,15.870609276835324,POS,Electronics,US,8.0,0.18179857122855736,0.11976945893225323,0,7
8040,302,222.18920646207584,POS,Travel,DE,4.0,0.2614730198752014,0.329630382964119,1,7
5609,56,301.831914495069,ATM,Grocery,TR,20.0,0.211303904860297,0.19312046999475746,0,7
1564,804,186.23201783682893,ATM,Food,US,2.0,0.7666646699396833,0.6271557326752689,0,7
1968,365,9.230399680287386,ATM,Grocery,DE,6.0,0.17327180799964256,0.12911723002349038,0,7
2052,474,11.013632695571342,POS,Electronics,DE,1.0,0.3063588609317762,0.09759809683893092,0,7
504,543,625.8127470899286,POS,Food,TR,4.0,0.2978163796165789,0.2744008070764962,0,7
6687,621,21.255417980720395,POS,Grocery,US,4.0,0.45804253192253613,0.20675186641494211,0,7
8904,819,80.21141429853084,POS,Food,UK,19.0,0.1323007031838455,0.2113403983962786,0,7
4512,179,8.135212683075817,POS,Clothing,FR,6.0,0.1404460763197537,0.08442557289863376,0,7
1500,119,84.37310088988093,ATM,Travel,DE,18.0,0.10610970548510032,0.3097504830244096,0,7
2198,5,63.97039000253441,ATM,Travel,DE,21.0,0.18914030803927923,0.12157041819343965,0,7
3719,991,53.52530398638356,QR,Grocery,UK,9.0,0.18715598723433524,0.279774388339093,0,7
2487,949,571.6322671099302,ATM,Grocery,FR,19.0,0.41378691788054267,0.47507542395860697,0,7
2246,588,260.4865634837366,Online,Electronics,UK,8.0,0.31550484948174945,0.2805694873760258,0,7
2200,413,189.43682990060253,Online,Travel,FR,5.0,0.201943763303955,0.34152025340965586,0,7
5903,887,285.5987537863058,QR,Clothing,UK,18.0,0.27846631909782654,0.2577109275882177,0,7
1776,87,161.41776440474743,QR,Clothing,US,23.0,0.4134299581421004,0.1953263568317272,0,7
9233,140,59.617062500854985,Online,Food,UK,18.0,0.060174311191232475,0.6000948618280274,0,7
9539,330,16.07707611050596,ATM,Food,US,19.0,0.09187858822680789,0.1372932443225221,0,7
1975,43,132.17976179227213,POS,Electronics,DE,13.0,0.38894887861427735,0.4470960003967081,0,7
4819,400,19.211295290998304,POS,Electronics,US,7.0,0.45409562126179515,0.17100218880151657,0,7
2174,795,56.93749664303586,POS,Clothing,TR,22.0,0.09433582537505489,0.17485787817495527,0,7
402,49,30.265629843130384,Online,Food,US,14.0,0.17764961030319856,0.12875390499413708,0,7
9003,539,367.3379170629901,Online,Travel,FR,17.0,0.24456657433771112,0.20497799488783675,0,7
286,985,137.4659936500883,Online,Travel,TR,13.0,0.5802486019469815,0.11856149750070616,0,7
1986,338,61.76900037003745,ATM,Grocery,DE,22.0,0.27371065759542024,0.09423013431381923,0,7
9689,928,23.09502257052557,Online,Electronics,UK,8.0,0.11504842449723508,0.26998078899690015,0,7
3694,543,48.737865400288214,QR,Travel,US,4.0,0.1353997073732568,0.34199986596949433,0,7
9533,109,38.6170490495879,POS,Food,DE,17.0,0.2542828258086164,0.15647624781758668,0,7
5778,210,104.68738561291711,POS,Grocery,DE,9.0,0.20739990869381175,0.17385813201572636,0,7
3855,336,277.0255121291584,ATM,Clothing,TR,11.0,0.2834342913309744,0.5324657647824604,0,7
3439,558,808.1196750329796,POS,Electronics,DE,12.0,0.27808279758316967,0.2198438926867703,0,7
2002,911,29.36835466425048,POS,Clothing,TR,9.0,0.07281648586696901,0.06189509817083454,0,7
4575,376,31.42951731175786,POS,Grocery,TR,13.0,0.10482670981942874,0.08552330349616157,0,7
141,131,1.0447689565991594,QR,Clothing,US,16.0,0.06444376927157335,0.11013398901543055,0,7
4807,62,65.37063415327087,Online,Clothing,TR,11.0,0.4316467310367534,0.4846441779001493,0,7
8099,644,29.67110628602658,ATM,Clothing,TR,16.0,0.1797100692761275,0.41969077276199135,0,7
5995,440,101.30335734692464,QR,Travel,TR,14.0,0.41676608019795236,0.07720352651670298,0,7
1749,0,88.89925732167924,POS,Grocery,US,11.0,0.09028267920598837,0.17251357616955532,0,7
9212,761,19.87017393060288,QR,Food,TR,10.0,0.07190768616760493,0.06022440907954715,0,7
3424,894,583.0847971177129,QR,Grocery,DE,14.0,0.2517323213026156,0.10950331312533862,0,7
9502,616,26.99026229794628,QR,Food,FR,21.0,0.4009368171447066,0.10304469275203762,0,7
1688,792,0.15022636803934009,POS,Grocery,US,9.0,0.1933561636123089,0.09069484384041425,0,7
2105,553,146.24032017081691,Online,Clothing,DE,23.0,0.4413191458351777,0.5694075174281429,0,7
7712,72,14.512121839310698,POS,Clothing,FR,18.0,0.17563457986759326,0.13453152980665287,0,7
517,517,121.83450610128513,QR,Electronics,DE,17.0,0.2076828115874937,0.41893802407184216,0,7
7289,375,772.5240049130981,QR,Travel,UK,17.0,0.3592632223826603,0.5845139537068628,0,7
5986,875,192.57497080021997,Online,Grocery,FR,10.0,0.09068797675620319,0.24332095040510146,0,7
2822,990,94.97812440601203,ATM,Clothing,UK,9.0,0.5902425193816001,0.4234581940434011,0,7
4856,560,556.7326865901953,ATM,Electronics,FR,15.0,0.6957156303575734,0.577573942058633,0,7
5043,595,71.75953172044716,QR,Grocery,TR,6.0,0.06444634934045657,0.07157032982443323,0,7
2407,286,501.1106267655775,QR,Grocery,US,14.0,0.17524055958287643,0.2285410040378344,0,7
6720,128,49.98979848545112,QR,Clothing,DE,17.0,0.30308782461812206,0.10975085438388363,0,7
4651,373,27.685936570146136,POS,Clothing,US,20.0,0.12344881886631562,0.20192677944826112,0,7
299,281,272.8498256812226,QR,Grocery,TR,14.0,0.22059827127275672,0.5625017503988162,0,7
3618,274,63.41492804102995,POS,Food,FR,21.0,0.0898010410099274,0.09073313623753744,0,7
2636,129,33.98187489470381,Online,Grocery,TR,18.0,0.40820625534772986,0.1584822228823939,0,7
1253,87,132.68212738991826,POS,Food,US,21.0,0.15918617425844928,0.33348316902073766,0,7
3709,194,591.5382197503768,ATM,Grocery,UK,20.0,0.15459152432451986,0.5789952472549025,0,7
3249,197,139.92396137885473,Online,Electronics,US,13.0,0.16593127591276555,0.08733788126370126,0,7
917,696,200.16513238349594,POS,Grocery,DE,16.0,0.15907893451615102,0.4525756966525144,0,7
8267,180,5.574194311357937,QR,Travel,FR,14.0,0.26817566993301684,0.3286748206490614,1,7
4057,432,152.21668406797232,ATM,Grocery,UK,15.0,0.37944953347716587,0.13970002750368138,0,7
2697,756,173.87717991961253,ATM,Grocery,UK,19.0,0.128230024819719,0.2753567142122604,0,7
2463,167,507.6582871694987,Online,Electronics,DE,15.0,0.1575908412105398,0.2643825385024149,0,7
1579,358,156.0268014078919,POS,Grocery,UK,7.0,0.09362628896172728,0.47129554544145685,0,7
1919,857,83.94830505979488,ATM,Travel,DE,17.0,0.09274233485102254,0.17010047472052497,0,7
1540,89,275.1231861537617,Online,Food,DE,17.0,0.1668587691389821,0.16628173905087396,0,7
1432,614,40.30243066821133,Online,Food,NG,5.0,0.2179581080043456,0.30121292902793534,0,7
9621,819,17.921599991414432,POS,Travel,UK,20.0,0.12124053189435763,0.16731994764665448,0,7
623,370,12.771002648173376,POS,Electronics,FR,22.0,0.08737234842765433,0.11689562719388996,0,7
3669,108,13.595311085382367,QR,Clothing,FR,16.0,0.08800748256790314,0.16488139336470387,0,7
4741,265,7.9356115864600305,QR,Travel,TR,7.0,0.31225935393430027,0.35164205234015866,0,7
5571,295,173.45872372554615,ATM,Food,UK,17.0,0.08300148709497927,0.23726586050381393,0,7
850,921,295.4197188299624,POS,Clothing,TR,18.0,0.18276453213755567,0.18484541641180646,0,7
814,174,159.59656729063514,ATM,Food,TR,16.0,0.05834527746317629,0.17235329084960505,0,7
2583,768,146.04002895293073,POS,Food,US,15.0,0.15678492755095666,0.19953529145853507,0,7
3290,682,225.5956836807621,Online,Food,TR,18.0,0.4738464658423292,0.5395162393032789,0,7
2291,566,5.16340460968578,POS,Food,FR,10.0,0.38252840686114675,0.08059939709890973,0,7
2903,425,103.89519560166438,Online,Clothing,FR,21.0,0.06745998690672873,0.39454634345338635,0,7
1765,335,325.5566645015704,ATM,Electronics,US,23.0,0.07357597980247216,0.1157418906411227,0,7
5294,191,49.581924499328714,QR,Grocery,TR,13.0,0.27387174677990966,0.14881277833819784,0,7
9701,453,51.41337749993666,ATM,Electronics,FR,21.0,0.23150847921011117,0.0852783907663136,0,7
3082,944,354.10286549664045,POS,Electronics,TR,18.0,0.2323033797552776,0.32941576688056107,0,7
2893,624,524.1182823554927,ATM,Electronics,FR,13.0,0.2694943290771718,0.6048841923002235,0,7
3432,257,26.787660734358195,QR,Clothing,UK,12.0,0.14095992422817505,0.24288087941093334,0,7
5997,782,229.17580953320356,POS,Clothing,DE,23.0,0.12446623272917191,0.16549924973463764,0,7
8469,422,15.15500627413967,POS,Electronics,FR,18.0,0.2302180116437416,0.2287171497958509,0,7
1599,672,377.8063896045615,POS,Clothing,UK,17.0,0.08412153498715434,0.13506020483869935,0,7
9811,444,287.29230259021455,ATM,Food,UK,19.0,0.2314477730206437,0.3581322655053874,1,7
4451,135,354.2212698151599,POS,Travel,US,14.0,0.44619506501953465,0.20380360699784333,0,7
5335,579,111.61022729862668,QR,Food,DE,16.0,0.14496884369015103,0.2758355759100762,0,7
1360,203,50.64896324818644,QR,Travel,TR,20.0,0.26344854355151964,0.10694816665901835,0,7
1420,745,7.334245947510335,Online,Grocery,DE,21.0,0.05793656669798218,0.06286797843285424,0,7
732,628,415.4699196319479,QR,Electronics,FR,13.0,1.0,0.6542731710289805,1,7
2979,955,75.74459775050873,Online,Food,DE,20.0,0.13521121598113806,0.40275676670348687,0,7
2337,915,34.17399785229498,ATM,Clothing,US,16.0,0.08675251527418912,0.22173967218571702,0,7
7403,202,99.62262350250971,ATM,Travel,FR,21.0,0.122076891204698,0.1592779517535459,0,7
4596,528,504.2233716888092,QR,Travel,US,22.0,0.2791900810785304,0.07302985876309413,0,7
9186,936,186.47677205775318,POS,Food,TR,9.0,0.15885991868163127,0.42591072923492157,0,7
5771,83,328.72999440648846,ATM,Grocery,US,14.0,0.30366573885543996,0.4083486283227498,0,7
8806,945,460.776753070005,POS,Grocery,TR,10.0,0.4964531416835073,0.27472135196891334,0,7
7440,397,32.579679405337004,QR,Travel,FR,13.0,0.16519348052923455,0.2634026809351913,0,7
2065,618,312.4383834301846,POS,Clothing,UK,11.0,0.06662483201871627,0.3252883841163288,0,7
6686,955,19.68402425399231,Online,Travel,FR,20.0,0.16943267497114958,0.4876614582422296,0,7
3983,391,453.74442876629735,QR,Clothing,NG,7.0,0.5576522037237127,0.44614903940078365,0,7
3420,11,41.62672158945202,POS,Grocery,TR,12.0,0.30775616746715106,0.11204834213553602,0,7
4256,856,101.6261899898352,Online,Food,TR,6.0,0.12971428932487183,0.13555436955455674,0,7
4394,165,14.403440357130153,POS,Electronics,FR,17.0,0.3626204695875565,0.21258271050019611,0,7
4198,759,29.359489928684354,ATM,Travel,US,11.0,0.10172532908918128,0.17754315204527638,0,7
6898,498,55.77713548956802,Online,Electronics,FR,18.0,0.3955370047099307,0.28236232268264555,0,7
4285,498,351.9023516967484,Online,Grocery,TR,14.0,0.06629533878606049,0.14537585634633649,0,7
5623,637,161.85237186938613,ATM,Food,FR,19.0,0.16528618722396715,0.14709839402076685,0,7
9259,541,183.80999192437352,POS,Clothing,US,20.0,0.44288464074718,0.11430247453991801,0,7
8435,928,855.1095382451977,Online,Clothing,FR,9.0,0.45091334876464534,0.5390715132493851,0,7
3525,795,105.38052404374282,Online,Travel,DE,18.0,0.2527909775766366,0.24398371913515077,0,7
8377,447,264.9038959693816,QR,Grocery,US,17.0,0.34880974513684126,0.5932703807263233,0,7
7118,177,432.081032257745,Online,Electronics,US,8.0,0.24088177174034103,0.21580226616577275,0,7
5191,851,132.3467687948224,Online,Grocery,US,12.0,0.14271362603973892,0.14820975894624547,0,7
6172,391,47.62692624413219,POS,Clothing,US,18.0,0.1156216481370654,0.07503827909017956,0,7
7382,218,4.593457800450973,POS,Clothing,FR,17.0,0.12915159428903594,0.059326374775692775,0,7
2839,494,125.70323771635151,ATM,Travel,UK,11.0,0.11689177344216195,0.30138002887085846,0,7
6594,222,59.65375321994594,Online,Food,FR,12.0,0.2512651408326731,0.11414064361420537,0,7
5363,586,23.838679534616222,Online,Food,FR,20.0,0.27654867311865655,0.6735990528925699,0,7
9848,917,25.710277051973474,QR,Electronics,UK,17.0,0.1414026031696876,0.14322582378261126,0,7
6409,373,12.385513284450099,QR,Grocery,DE,19.0,0.34506455080042103,0.12357691844359206,0,7
2004,106,84.93853035245111,QR,Travel,FR,14.0,0.34364582353444384,0.29864078439546415,0,7
5847,291,154.1093609634197,QR,Clothing,DE,18.0,0.15730617075354847,0.16381967100358436,0,7
4775,541,110.5267578766314,ATM,Food,US,12.0,0.28991521651567564,0.20634348722161658,0,7
5014,893,570.8057762138626,ATM,Clothing,UK,5.0,0.16219464218208934,0.9509890518329309,0,7
1478,721,360.47045722599574,ATM,Food,US,22.0,0.6254523935649627,0.24959450627176674,0,7
7921,381,207.47495584778625,POS,Travel,DE,13.0,0.2989018473705005,0.08778051118546423,0,7
8416,627,756.1767193322005,QR,Food,FR,16.0,0.6476131292718986,0.22421936867238387,0,7
6531,557,216.02137369535254,ATM,Travel,US,15.0,0.2994042054100981,0.5521421172178096,0,7
2729,280,1.431236240949672,Online,Electronics,TR,18.0,0.08465127541094407,0.06568914872092568,0,7
5334,321,24.772584541312405,ATM,Grocery,FR,20.0,0.12669003958542244,0.5424711694806692,1,7
7335,836,43.724629425920924,QR,Grocery,DE,7.0,0.17542604386122604,0.46520673710023397,0,7
6270,771,336.8949613012176,POS,Travel,US,18.0,0.10309831096214007,0.2759620262742168,0,7
7407,397,9.03153838761914,ATM,Electronics,TR,2.0,0.1890990128767624,0.07572843954275765,0,7
8437,893,91.9592347018269,ATM,Electronics,FR,20.0,0.06108261302404147,0.08176666389442416,0,7
3104,400,9.13659721101435,ATM,Travel,US,13.0,0.15202013012257545,0.06923093909577899,0,7
4490,384,109.35641506786986,POS,Electronics,FR,14.0,0.29203788192343794,0.37238115088866297,0,7
5356,55,793.1813888361062,POS,Electronics,US,8.0,0.17907352772857904,0.32125200916115293,0,7
8485,44,575.745110368091,QR,Grocery,UK,18.0,0.33245550514747363,0.07255690637109954,0,7
9798,315,11.506271485534137,QR,Grocery,US,16.0,0.31498441608554506,0.06165153733022156,0,7
9319,157,307.33183850947756,Online,Food,FR,9.0,0.16693667551480382,0.2588493255677865,0,7
9219,415,143.60039040994639,ATM,Clothing,TR,18.0,0.07063152262689909,0.1118962608174785,0,7
2318,475,103.44217802210478,ATM,Food,TR,16.0,0.1543487156370516,0.1989649346945539,0,7
9942,748,115.37972847798511,ATM,Travel,FR,21.0,0.39382435045190195,0.4003550045917781,0,7
3405,645,35.015998113577886,ATM,Travel,FR,6.0,0.16381058461876977,0.07881150076830046,0,7
9749,186,4.6730888309846526,Online,Electronics,DE,16.0,0.06995551975471491,0.08107461431021314,0,7
693,470,190.57076818281286,POS,Electronics,US,18.0,0.08746379492796096,0.1907677701081627,0,7
2060,386,13.78636718170212,ATM,Clothing,DE,21.0,0.15282851628139835,0.0668946485971299,0,7
6456,876,659.0871992111485,ATM,Travel,TR,11.0,0.15376435551897874,0.11823889862884285,0,7
7544,518,82.00717648688945,POS,Travel,TR,13.0,0.2774787883149858,0.15361490898701458,0,7
8961,839,99.0971119219216,POS,Food,US,11.0,0.4891775687878521,0.334385855443472,0,7
7934,4,13.570672644454497,QR,Electronics,UK,23.0,0.07241852784460641,0.14654611670797613,0,7
4043,441,181.04814368581148,Online,Travel,UK,13.0,0.15681021510870352,0.13534579208426045,0,7
756,535,102.64748617477959,POS,Clothing,TR,8.0,0.0910658799455768,0.2039291298754151,0,7
3951,924,448.0014803333099,QR,Electronics,US,2.0,0.24047041047807474,0.812225157916214,0,7
869,714,16.54953837903494,Online,Clothing,UK,17.0,0.07123747239888724,0.18794178096295916,0,7
687,103,134.16470995825688,QR,Electronics,FR,6.0,0.1797784289527618,0.1625446563920534,0,7
6707,795,99.28446599513401,QR,Clothing,UK,8.0,0.07806926523130815,0.3203730726518407,0,7
4523,61,28.59684166473056,POS,Food,FR,20.0,0.5083205808008623,0.5327607361171224,0,7
1290,21,148.83928097900431,ATM,Food,TR,15.0,0.09951695365998456,0.1764087215997662,0,7
4660,975,285.95219113459234,ATM,Clothing,US,22.0,0.2063235897362416,0.23361784662643983,0,7
9930,68,121.34836453686891,QR,Electronics,UK,10.0,0.1326023532209401,0.10999672258738966,0,7
6267,498,352.1877729235911,QR,Travel,FR,18.0,0.09262547245987424,0.14020112168694865,0,7
4485,38,724.6899087471787,ATM,Grocery,NG,17.0,0.6164108633182439,0.6496870471481777,0,7
9368,525,63.01309316399167,POS,Electronics,US,21.0,0.169738784029887,0.30774756278660087,0,7
596,308,27.08241464503976,Online,Food,NG,14.0,0.34582641323713104,0.30479333223396127,0,7
7286,545,22.25540286456369,ATM,Food,TR,16.0,0.07409595914740906,0.06879060696074871,0,7
690,661,115.6080160935583,POS,Travel,DE,5.0,0.4183392458698643,0.37799613411064975,1,7
7152,486,455.1549780434867,Online,Food,DE,5.0,0.3997290353831611,0.44436098698067683,0,7
4655,208,391.38127648466,QR,Clothing,NG,19.0,0.882323499698955,0.4905204086966298,0,7
6034,209,26.56881157864243,QR,Food,UK,19.0,0.08022057817536855,0.10945176273973264,0,7
908,474,118.76483923003777,POS,Clothing,US,11.0,0.1351981028747572,0.4177442893733664,1,7
5007,437,575.1485320250764,QR,Food,US,20.0,0.2827141362284971,0.7704149628965867,0,7
5440,833,0.7734825324803039,ATM,Food,DE,10.0,0.05992984367320715,0.3835999206458046,0,7
5150,18,16.640014129981605,ATM,Clothing,US,5.0,0.19588486947514167,0.09354592853258561,0,7
2975,870,304.42609694597405,Online,Electronics,FR,17.0,0.5451014589526136,0.5275718444002306,0,7
5659,206,54.69545243811837,Online,Electronics,FR,15.0,0.12111303715358679,0.5176575235847862,0,7
5502,658,161.95518154554713,Online,Food,UK,15.0,0.8517762381989924,0.4799135876870937,0,7
5087,199,76.25071514578752,POS,Grocery,TR,10.0,0.1366085015144276,0.31392052712182483,0,7
3678,525,21.37282286474787,POS,Electronics,US,3.0,0.36897002788426203,0.10235687504293872,0,7
3040,832,0.0,Online,Electronics,US,18.0,0.13010168160297114,0.12718994123111382,0,7
3594,278,720.0507908903085,ATM,Food,UK,18.0,0.16620854909730268,0.17346379674703838,0,7
693,842,60.2185069342116,QR,Grocery,TR,15.0,0.10210851073932971,0.13082114262471464,0,7
5484,136,0.0,QR,Travel,UK,14.0,0.14008859668153428,0.10537238906018208,0,7
2824,276,349.4359743535502,ATM,Clothing,DE,14.0,0.07396216375776057,0.1331019651274585,0,7
6510,730,402.6995436921195,ATM,Electronics,UK,22.0,0.502214279688516,0.4833570632224118,0,7
2012,759,333.511366049614,ATM,Grocery,DE,19.0,0.20946617705232495,0.11094868438828273,0,7
3480,690,6.422770848245545,POS,Electronics,FR,9.0,0.14268266214038502,0.058088998370110057,0,7
8395,226,255.5463582463775,Online,Travel,FR,4.0,0.49533564570708827,0.1944371611761195,0,7
9143,518,134.31168830301442,QR,Clothing,US,23.0,0.27817725228327006,0.21585783773616668,1,7
5463,830,0.0,POS,Electronics,TR,13.0,0.12451838783920917,0.1305512061031654,0,7
868,548,26.865294510820164,ATM,Grocery,US,11.0,0.10768327409959619,0.1288532257982687,0,7
564,56,149.48365625122509,QR,Clothing,FR,13.0,0.20108499199750504,0.14679272539250393,0,7
1096,44,3.3721739030057734,QR,Electronics,TR,21.0,0.6390779365296584,0.3074791248630923,0,7
8053,122,59.51021185471993,Online,Electronics,FR,20.0,0.0809057547567474,0.2582324108740615,0,7
344,331,105.19665789116497,QR,Food,NG,20.0,0.090859718221403,0.07000724105886566,0,7
7602,803,59.26944149357691,ATM,Food,UK,21.0,0.10902277114643122,0.09471796452426676,0,7
5876,303,27.390784819634487,POS,Clothing,DE,20.0,0.18915952809526476,0.11876776562512138,0,7
4136,236,69.30379296223346,Online,Electronics,FR,12.0,0.15763079813719794,0.37133128428129714,0,7
7241,462,5.550775070739221,QR,Clothing,FR,20.0,0.07614780611749576,0.08547055682019003,0,7
1914,136,423.2105663084708,ATM,Travel,UK,15.0,0.24899089721170514,0.15658779717620727,0,7
7354,465,383.7842957864021,ATM,Electronics,DE,2.0,0.1091574214405349,0.4315427190376931,0,7
8558,495,60.40548486214806,QR,Food,FR,18.0,0.1600836122888528,0.13350091783672813,0,7
3389,521,98.7616283540226,POS,Electronics,FR,9.0,0.3775837585049765,0.07023641829387742,0,7
7527,350,35.843091052217915,QR,Travel,UK,18.0,0.08970875887807613,0.09980315618920868,0,7
9701,319,11.336374960509858,Online,Electronics,DE,21.0,0.08980106224944906,0.17407139683252032,0,7
4325,882,153.7696537536192,QR,Grocery,US,5.0,0.2244053763969702,0.10141146593839347,0,7
1186,257,69.59060701187998,ATM,Food,UK,9.0,0.0840298060743881,0.0837015598781923,0,7
6682,259,251.53683652006364,Online,Grocery,UK,21.0,0.3040960508886491,0.2195528537561944,0,7
9302,737,100.74672164514128,QR,Grocery,FR,19.0,0.2503539027496734,0.26292677320363894,1,7
6917,682,279.1477662517773,QR,Food,FR,20.0,0.10094708782955833,0.33571558957936565,0,7
3822,442,15.102292868505057,Online,Clothing,UK,14.0,0.0688226979238893,0.08631055230795488,0,7
1246,364,357.28552601192763,QR,Grocery,DE,21.0,0.48491332786284885,0.35817574104167366,0,7
9242,60,35.44945537945486,QR,Food,US,16.0,0.2275807099646182,0.06324330901748923,0,7
1257,856,316.32648286337985,ATM,Food,TR,20.0,0.30452934554721206,0.3341443957522354,0,7
1309,708,34.81074655803448,QR,Electronics,DE,10.0,0.0734975056362128,0.20460583234494994,0,7
3581,456,84.77523359840143,POS,Electronics,DE,22.0,0.15213726813115538,0.6124221984230784,0,7
7349,606,89.65077236360892,Online,Clothing,UK,22.0,0.1430111974116016,0.24112019809222773,0,7
3593,816,6.8151640821881685,POS,Food,UK,20.0,0.1454941598110584,0.1758953661824526,0,7
9591,77,51.566206394324446,ATM,Travel,FR,18.0,0.3598772285339195,0.25315359090825995,0,7
3189,802,337.6796559571157,Online,Clothing,FR,18.0,0.2547711609672093,0.19738270489160373,1,7
7347,369,21.89329636983949,QR,Food,TR,8.0,0.1916823858231941,0.13277030836603831,0,7
1223,888,0.0,ATM,Grocery,UK,19.0,0.3605575286057774,0.18570025187950656,0,7
9976,947,144.03323367951,POS,Grocery,US,14.0,0.20272878189915297,0.10200204074422607,0,7
1875,223,124.43522223130475,POS,Food,FR,8.0,0.3144144338698137,0.3618550756093879,0,7
8681,804,126.2153790481299,ATM,Travel,DE,12.0,0.0677544568905421,0.28538855431396876,0,7
6131,737,31.803417094810854,Online,Grocery,UK,6.0,0.4698134507343959,0.2220980472071409,0,7
5867,660,86.97284381282701,QR,Electronics,DE,23.0,0.19023592579648785,0.30787981974298967,0,7
9367,807,28.604614992295904,QR,Food,FR,18.0,0.4699081762530325,0.22750151171127933,0,7
2393,320,66.68947330161411,QR,Clothing,TR,12.0,0.5885248230516736,0.14350608803845516,0,7
3197,667,62.15111694392301,POS,Food,DE,1.0,0.12302201725486145,0.07696161219127458,0,7
5832,364,127.8504901142294,POS,Travel,US,23.0,0.18574763742870082,0.31111306830632884,0,7
2614,863,235.08867040000686,Online,Clothing,DE,6.0,0.17327821164414603,0.36419107945570806,0,7
4780,478,105.3500857440162,QR,Electronics,FR,10.0,0.2924351107331129,0.1583880007745249,0,7
3884,861,100.0759180018249,POS,Grocery,UK,1.0,0.18302483791394988,0.4836797548228685,0,7
349,446,27.952002541184747,POS,Grocery,FR,6.0,0.1780153886348307,0.17451567820920885,0,7
3495,163,647.6941447363305,POS,Travel,UK,17.0,0.23715667603330798,0.21090080401837724,0,7
321,153,0.0,POS,Grocery,UK,22.0,0.09807975909503724,0.19107055484966573,0,7
4742,235,454.2886040261538,QR,Food,FR,16.0,0.16019231943121603,0.17184207012957345,0,7
897,912,491.7334232203931,QR,Clothing,TR,6.0,0.12918199010272702,0.10277638275552511,0,7
3653,335,89.76395417312072,Online,Grocery,TR,23.0,0.10388199871567658,0.1192907358321414,0,7
8273,946,120.52257851824997,QR,Clothing,DE,12.0,0.0667957595192465,0.1675376369116364,0,7
2537,127,94.67380298220041,POS,Electronics,TR,14.0,0.07789327649241501,0.1288524437930958,0,7
720,338,23.424026929757737,ATM,Grocery,US,23.0,0.11654423150313192,0.10020114860981846,0,7
9766,456,212.90792500675428,ATM,Clothing,UK,19.0,0.3075463794435017,0.30512130860818004,0,7
3015,82,178.25802784707162,Online,Clothing,DE,11.0,0.16182355805944712,0.16203466034809197,0,7
9944,229,415.3235414773133,ATM,Travel,US,20.0,0.08441035521277815,0.4404832873931297,0,7
2444,114,79.37127078323708,POS,Travel,US,19.0,0.15022905506427908,0.37271440716391063,0,7
3524,868,119.12883591400221,Online,Food,US,12.0,0.29866478208234,0.15548387289989696,0,7
9661,213,407.3845118353695,Online,Clothing,DE,21.0,0.2605369276916632,0.22936551081231582,1,7
4482,540,12.700476226205899,POS,Travel,TR,4.0,0.12055204802393099,0.06694888385068393,0,7
6467,56,79.32736033493798,QR,Food,FR,1.0,0.14398673463615674,0.32484918534320556,0,7
3379,719,74.15725657027177,ATM,Food,UK,13.0,0.27497901864558194,0.46795207700288616,0,7
4347,443,66.96432601734371,ATM,Clothing,US,16.0,0.11557691660945418,0.24917011070150705,0,7
2355,186,435.13076980722855,ATM,Electronics,FR,12.0,0.4851215292609889,0.15484203968713367,0,7
8046,790,16.377753394956894,Online,Grocery,TR,11.0,0.1914883873930454,0.2534065794766768,0,7
5101,370,22.8690558331402,POS,Travel,UK,20.0,0.27175618671730256,0.12529673239816508,0,7
2128,167,798.4117162485429,POS,Food,UK,20.0,0.2647030577450212,0.06115350660750225,1,7
