transaction_id,user_id,amount,transaction_type,merchant_category,country,hour,device_risk_score,ip_risk_score,is_fraud
2128,246,425.94285815839186,Online,Clothing,US,9,0.16887919541996305,0.24070480878451597,0
4851,559,70.09770804282064,POS,Grocery,DE,12,0.21471719319231963,0.13115958838740432,0
5250,307,157.5065407471183,ATM,Travel,TR,21,0.23987993529506585,0.05217059198128237,0
2385,167,5.141232727287364,QR,Grocery,TR,7,0.12470363037568002,0.07153653568620139,0
2648,517,151.51877791725158,POS,Food,FR,21,0.14630397387469074,0.1456464398798189,0
2474,517,113.43854625320843,Online,Clothing,UK,11,0.03506015786168006,0.24631364158477942,0
4195,192,43.32499299788444,ATM,Grocery,UK,16,0.07965382654065357,0.1032715197169488,0
2389,25,7.455149591316495,QR,Food,UK,23,0.033812842590365336,0.12126488378820192,0
8661,312,71.70659424208826,Online,Electronics,UK,5,0.45562894346562266,0.30235363492579226,0
5682,821,98.99511550799322,QR,Travel,TR,3,0.05797426059663011,0.07981727145877301,0
6028,481,13.008690077280969,QR,Travel,FR,16,0.010991590432877786,0.12865252816442918,0
7654,713,130.24898281108904,POS,Grocery,TR,15,0.011677219836428762,8.804990376776178e-06,0
892,154,37.34915332717958,POS,Travel,DE,2,0.04726679938304593,0.6669658338135223,0
1256,663,338.4116249292498,Online,Travel,DE,12,0.3750347617608182,0.4088613294894737,0
342,804,445.70786407927596,ATM,Grocery,DE,8,0.29515073206186904,0.20782556035194638,0
8001,922,340.96233517851186,POS,Clothing,DE,10,0.08817424884308502,0.16353022567298267,1
3453,87,674.9787522497495,ATM,Travel,US,7,0.2520186096297499,0.4495393350767437,0
9018,416,91.21181861673954,Online,Grocery,UK,20,0.08028828280298007,0.17149534804005792,0
9083,555,473.6808114269838,POS,Electronics,UK,13,0.736186852835851,0.7307905134137725,0
3807,850,113.47815445358538,ATM,Travel,UK,18,0.15158323184819364,0.08917366127094915,1
965,627,488.7581886346464,ATM,Clothing,US,5,0.5544965344789774,0.4225951439992284,1
1771,918,31.695189953429196,QR,Travel,FR,8,0.02276329993312562,0.005518808171418145,0
8949,815,43.24825006937775,Online,Grocery,US,12,0.12461253367119257,0.09479487466667645,0
7003,228,382.2011517222384,POS,Electronics,UK,23,0.42443504023924267,0.08542688687836267,0
7111,912,5.778869329727613,QR,Travel,TR,10,0.026832467803117023,0.352372535499992,0
8795,254,115.3322070757905,POS,Clothing,US,7,0.0827702760267686,0.3794903258490755,0
8544,964,141.2944534246415,QR,Clothing,TR,17,0.5776677620857403,0.15470916520998723,0
2295,479,47.08504436761605,ATM,Grocery,TR,10,0.032630410437575814,0.06743777315211304,0
4925,969,3.0357405992225375,Online,Clothing,TR,21,0.10975773762566382,0.1712806188012633,0
6565,275,263.5529771995838,QR,Electronics,DE,10,0.28692190906330034,0.18243627432192874,0
8358,46,155.84147165115667,ATM,Travel,FR,6,0.21596675744948682,0.24836932820903387,0
7432,12,52.33670486349641,ATM,Grocery,FR,19,0.08206411123994033,0.16646397120642065,1
9955,507,83.63972526286642,Online,Electronics,UK,19,0.00759340150798539,0.04473679882970671,0
6382,816,335.605288884793,Online,Clothing,FR,22,0.1714558046196897,0.31206189074877067,0
1865,946,107.57610292319546,POS,Food,FR,16,0.08336288508860705,0.2553352436445781,0
488,359,100.12071548765219,ATM,Travel,US,19,0.07470812732947868,0.06289092957876728,0
4419,636,66.23468705008304,Online,Electronics,TR,20,0.045610307215085785,0.06432065340053586,0
807,100,3.9125259511824027,ATM,Food,US,16,0.449953653781886,0.17064686487875833,0
8762,403,10.377187938962285,QR,Grocery,US,14,0.061442712372593765,0.09764233272761086,0
9849,851,106.32146453478285,ATM,Electronics,DE,16,0.10336943283470736,0.1327959314283709,0
4812,692,154.02690341868202,POS,Food,TR,15,0.05700659039161092,0.3017901623437813,0
5904,273,17.22597177230158,QR,Food,FR,21,0.18180258044072636,0.01049800330944559,0
5703,955,165.33038512327585,QR,Travel,TR,17,0.349253591655364,0.007093880717579601,0
3132,661,19.37078671361645,Online,Electronics,TR,17,0.07945966333123006,0.09759726185891764,0
4079,956,1.1819203387673372,ATM,Grocery,UK,23,0.14942430566616619,0.08905956436868212,0
3810,958,19.92463860975981,QR,Travel,DE,6,0.16200187180664435,0.14438776886449053,0
61,686,13.413795831178373,ATM,Travel,TR,23,0.009600768823604456,0.002071276485927436,0
8516,574,172.796294855813,POS,Grocery,TR,12,0.09681216710332761,0.40643998651575824,0
3373,990,22.988358262749998,ATM,Travel,FR,18,0.038875109408505734,0.02915762219128224,0
7358,522,145.43015351061294,Online,Electronics,UK,19,0.3865657190330399,0.30414945295411794,0
6450,958,313.40147310218384,POS,Clothing,UK,6,0.10464954711827927,0.22185480786109,0
2177,139,2.8671671238541947,Online,Electronics,FR,14,0.025608637502223298,0.10623670682210247,0
7023,757,81.05358486960638,Online,Food,DE,22,0.25135832443165396,0.023944734475931873,0
3696,937,19.42427303143278,Online,Electronics,TR,18,0.04377983394979159,0.07149757837637939,0
8649,9,328.3837379292529,ATM,Clothing,TR,13,0.29175737719471445,0.5895965140297291,0
2734,912,135.87478191493028,Online,Food,TR,14,0.18542087635002813,0.10465088761413113,0
2376,215,482.74735277160806,POS,Clothing,DE,19,0.6107315970469278,0.2081228828573069,1
5104,61,270.873392889079,POS,Electronics,DE,21,0.1329855124525305,0.0995366407411415,0
1367,284,21.0362892670627,QR,Grocery,DE,4,0.054740060750075516,0.09481606193435947,0
393,942,43.17588097060419,Online,Electronics,US,22,0.0654170988373663,0.3732839823565624,0
4392,780,7.051749426109034,Online,Clothing,TR,21,0.055400718615694115,0.07594355050960812,0
5155,328,60.56861803232744,POS,Food,US,22,0.4384380533424497,0.2840003822782534,0
4375,571,70.75203452627368,Online,Food,DE,23,0.22017568968815945,0.3701271011884578,0
5325,395,62.42208052967562,POS,Clothing,UK,14,0.16670365537322732,0.4046133669801338,0
3969,693,321.69954640957286,QR,Food,DE,21,0.06940435240739057,0.3292768965419959,0
9867,48,31.88431693817518,ATM,Clothing,TR,19,0.11678584865676751,0.09091469993636919,0
7216,377,13.45404073945567,QR,Food,FR,8,0.016391082505254628,0.05844183490068269,0
5672,28,97.36610323093555,POS,Clothing,DE,16,0.06242805264637495,0.10063777411568005,0
9790,310,31.728438676518202,POS,Clothing,US,17,0.059384807031622376,0.1257567637399807,0
5790,991,129.4697216451334,POS,Food,UK,5,0.04453998338906332,0.4965322639426826,0
8482,493,21.555982791217417,ATM,Clothing,US,22,0.15424981120060774,0.4228869447481754,0
6349,967,61.391494076173935,ATM,Grocery,TR,22,0.19616485281096752,0.05918671048951205,0
5005,714,441.11261181815973,POS,Grocery,UK,14,0.1313602344970819,0.058209019893145246,0
5451,182,103.80856801667855,QR,Grocery,UK,20,0.41735669251393576,0.8566798063691551,0
9990,64,23.484587706150723,QR,Food,UK,14,0.04040308875981726,0.049059544150231324,0
4253,9,2.3181559080024767,Online,Electronics,FR,15,0.013847873285732754,0.09160766010156103,0
1573,154,2.3863134668431627,ATM,Travel,TR,22,0.03400427927801797,0.005617544411238574,0
8190,564,51.64945232432033,Online,Travel,TR,8,0.14777510376140307,0.1141099794621647,0
5261,604,414.3415942691375,QR,Electronics,FR,10,0.08155228702446472,0.07247609941564283,0
2726,527,46.131304990658954,Online,Electronics,DE,16,0.06798503602160486,0.17078890963063934,0
4667,154,211.4926161174407,POS,Electronics,UK,23,0.10808640472148152,0.03668320028263063,0
5391,310,68.3262049087804,ATM,Electronics,DE,14,0.538342913123801,0.3887103217252832,0
9614,960,69.01303711645772,Online,Clothing,TR,13,0.1397621673589222,0.06294314654153811,0
2417,389,15.739982725955922,QR,Clothing,TR,20,0.09285792750063396,0.3163014246687751,0
8242,213,76.1359317085411,POS,Food,US,21,0.17054511477019202,0.10114019100731832,1
83,685,10.826136528886362,POS,Grocery,DE,23,0.034182578008177276,0.07344010406656132,0
5922,537,83.64364969456827,Online,Electronics,DE,21,0.14177574923457054,0.29702606440589185,0
396,838,7.366211707151392,ATM,Clothing,TR,21,0.28045239857936616,0.17755440877211515,0
1261,295,83.88065174059896,POS,Electronics,US,14,0.24246882026937844,0.27064005643038674,0
8160,229,11.282523800662569,QR,Food,FR,23,0.4087617930974493,0.16931614277384527,0
6493,105,245.77631589926375,ATM,Grocery,DE,7,0.3387557527279123,0.2940151967563014,0
7923,624,61.97138589881751,ATM,Clothing,US,18,0.1492751403071774,0.003573198634574142,0
8706,325,493.18027076111565,QR,Grocery,US,4,0.2288830787445508,0.5205814078063119,0
4614,234,239.53080469698656,QR,Clothing,DE,13,0.08220457420639823,0.11219053471404616,0
5547,535,747.1979718759527,QR,Travel,DE,10,0.07627996590374736,0.19232754042454725,0
8941,402,296.91871315915114,POS,Travel,UK,20,0.05712116545063926,0.030137501254477825,0
1269,631,440.5654286379635,Online,Travel,US,15,0.09783397318462991,0.09941715771446664,0
4290,30,43.244497423223784,QR,Electronics,DE,18,0.4420097904844977,0.015715257460069507,0
2513,344,145.5836836038734,POS,Food,US,15,0.10910149200716181,0.10813990895646591,0
6880,693,153.1187709933836,POS,Food,UK,17,0.35605280561868574,0.17990647528119505,0
847,163,12.079182120136863,QR,Clothing,FR,18,0.3647008693776665,0.04807865654690207,0
9435,164,508.5274611435213,QR,Travel,FR,13,0.26301507276184377,0.20907920016093476,1
1084,53,580.7396989999526,QR,Electronics,DE,18,0.3214608501348422,0.3323230395858689,0
3745,211,31.628668598776294,POS,Food,DE,21,0.12532672754345736,0.10841819281586433,0
7479,633,86.18405393766066,QR,Electronics,UK,19,0.3540061057119276,0.14475932473151754,0
2093,450,6.115940186908365,ATM,Electronics,FR,10,0.002771301150962947,0.08003891247433363,0
2036,596,699.020968310762,Online,Electronics,DE,13,0.501445602379512,0.2673826668597428,0
5928,317,436.149257765254,QR,Food,US,14,0.05851796014258421,0.03683343187364809,0
3845,9,280.6763507020979,ATM,Clothing,FR,7,0.48046742390113323,0.2155619326643823,0
6588,442,1.4863185633721274,POS,Travel,US,17,0.03349429312501264,0.031062627850781503,0
2270,572,2.25973115667075,POS,Electronics,US,9,0.033955532180645454,0.05339386741368055,0
540,313,9.728495193314162,ATM,Electronics,US,18,0.09760965362097805,0.03648845702678056,0
2235,782,229.46804836462184,QR,Clothing,DE,3,0.48603943289252316,0.09950644452165573,0
9950,717,7.4926186623124655,POS,Travel,US,9,0.07525196205977211,0.036433891482611024,0
9868,478,313.64705014403773,QR,Food,TR,18,0.07108245493332029,0.0914819130141035,0
7668,703,52.937268628888006,ATM,Grocery,FR,23,0.15410722423254378,0.045089934277999885,0
3260,605,77.62892401770729,POS,Travel,US,23,0.03337981978983901,0.062380828626669195,0
474,165,240.53001859686108,Online,Clothing,UK,15,0.2508828192310611,0.1719596230013314,0
8961,275,77.10992367192175,Online,Clothing,UK,17,0.028916460370827506,0.04131118274593586,0
9305,149,153.51358330324976,QR,Electronics,FR,13,0.4251506990203654,0.06387044144424156,0
2154,366,47.30137923303964,ATM,Electronics,FR,8,0.174247717161669,0.33107429949103406,0
3340,625,153.6613053490444,ATM,Clothing,US,20,0.005321684169499729,0.005910646554132634,0
7435,729,114.4889563702055,QR,Travel,UK,18,0.15958527944441986,0.30173238710415956,0
2800,966,41.03478791247509,ATM,Electronics,FR,15,0.06729332614565639,0.006339885296671525,0
5885,903,215.37690052889934,POS,Electronics,UK,20,0.40349093972929406,0.12783188502275872,0
3265,645,73.62024127449482,Online,Travel,FR,21,0.12715939783465763,0.1830115316534084,0
1787,143,191.77869460985428,Online,Electronics,US,17,0.3436193261181451,0.15310866415377833,0
9775,124,67.02651617567882,ATM,Travel,UK,14,0.18612550264760297,0.05374310778257584,0
8099,884,17.962376876202594,ATM,Grocery,US,17,0.06345393048692545,0.07024858819344892,0
498,277,614.6759980141984,QR,Food,TR,18,0.272151937134583,0.2563853314870744,0
3946,260,166.77945241179967,QR,Grocery,UK,17,0.1684094812620251,0.1407770733117242,0
3534,740,34.66168662628215,QR,Food,DE,15,0.3140677568346573,0.07942127540975165,0
5509,46,862.2075942991673,POS,Food,US,17,0.06621069116371393,0.3766862151938621,0
9566,90,129.43779108940686,Online,Clothing,US,14,0.2665902438588679,0.05974980979127247,0
6561,598,133.27497588307122,POS,Electronics,DE,18,0.14196326158736713,0.09435041404570083,0
6345,299,148.70821868684283,QR,Grocery,FR,14,0.21074661398548059,0.1636431957396082,0
3828,793,139.29492873133347,POS,Clothing,US,23,0.0733566043396988,0.03192738280267755,0
1636,438,206.34695351633977,QR,Grocery,TR,3,0.1837167707994616,0.017269496629745675,0
3423,351,1.6646454574686662,ATM,Electronics,DE,22,0.0654895870490061,0.009719831964769773,0
695,822,247.7689349803065,QR,Travel,US,22,0.005754845270394888,0.012379210279236434,0
1243,818,157.11684418375413,QR,Electronics,DE,14,0.1342345578910072,0.0876028485619025,0
9488,541,8.889505610528577,QR,Electronics,DE,13,0.035370372179836705,0.4854712751551583,0
1889,720,378.8031965947449,Online,Grocery,FR,17,0.13372661034963862,0.0537016806536908,0
9551,325,1.0197857091910982,POS,Travel,US,18,0.07243845968747337,0.13873427722701762,0
6889,131,302.0939121634894,POS,Travel,FR,11,0.1354767808597801,0.3912234766769564,1
8362,186,41.557299434247284,ATM,Food,FR,9,0.15421957219605073,0.0981344274712406,0
7149,935,73.27260788595926,ATM,Travel,UK,5,0.06633421594838722,0.11814187137337202,0
4570,782,219.01405563080942,POS,Clothing,US,22,0.2782014130820979,0.09276135453629679,0
5453,206,511.0580359585335,ATM,Clothing,FR,19,0.2754292183253258,0.16807406267432454,0
3264,751,306.2378156973513,POS,Food,TR,9,0.197353006900396,0.051766885087677565,0
5935,455,77.97054615199553,POS,Travel,DE,22,0.06148192591096755,0.227476558538076,0
3106,482,11.391503208923186,ATM,Food,FR,13,0.008944594482018673,0.03362080247604805,0
7010,943,59.62698724739595,Online,Food,UK,3,0.06149958710727644,0.16292787109577575,0
7281,316,307.48194809314066,POS,Food,DE,8,0.32708019496780694,0.06178922460266417,0
29,51,94.43525257254792,QR,Travel,FR,11,0.11806041467217476,0.08542544825621659,0
6191,52,142.5106219388022,ATM,Clothing,FR,7,0.7670803326704533,0.29611689886344883,0
5531,98,19.756896779346487,Online,Clothing,US,9,0.10491999650272094,0.010420222767958127,0
7508,896,1.1903651417258143,POS,Grocery,US,17,0.02536413354923132,0.1661273963424204,0
6740,699,238.73420863297142,QR,Travel,UK,15,0.06411525084922913,0.005637894925630961,0
5954,261,3.842659246462105,POS,Travel,TR,22,0.15566421958788357,0.05973172783772647,0
721,994,251.96243344384516,ATM,Electronics,TR,15,0.006720297244403032,0.029782935477839716,0
4939,882,160.9406357497395,QR,Electronics,DE,16,0.14855025544864076,0.13679922450760423,0
5760,616,69.33341479533473,ATM,Food,UK,13,0.4817334761399087,0.20008339826716667,0
1382,408,104.9843639453432,Online,Clothing,TR,8,0.3084948791789616,0.28193777527154895,0
3488,153,89.700584945281,POS,Electronics,FR,16,0.2550657443644081,0.05263259507096217,0
9739,170,23.164391443165314,POS,Grocery,FR,17,0.08356059271891714,0.12461159260100747,0
8510,600,24.416365409325415,Online,Electronics,TR,17,0.12828975794886582,0.05706794958255884,0
3895,392,551.4296402666331,Online,Electronics,UK,19,0.5495637828641554,0.6207169971330354,1
6474,186,57.721312510825236,ATM,Electronics,UK,19,0.0675893547968236,0.07473670434897461,0
2292,877,357.1580462200322,QR,Electronics,TR,6,0.07775311322764306,0.15814289491527683,0
1238,281,3.7790285865671227,POS,Grocery,FR,15,0.10540096998049862,0.01932592762818716,0
2056,690,4.815316483267631,Online,Travel,US,20,0.07480633206366219,0.0636117650584337,0
8023,843,36.60487950474617,Online,Food,UK,18,0.14974362021183335,0.02831108300358856,0
4699,147,141.28871288214813,Online,Travel,FR,15,0.25908416621808283,0.22769567703937382,0
9606,444,3.619903008007842,ATM,Food,FR,6,0.013341883992758917,0.050578850125613896,0
1167,722,286.70516485478,POS,Electronics,TR,22,0.12154309838742498,0.2745764791744916,0
8358,193,24.567904777860292,Online,Travel,FR,20,0.07821699253740465,0.09550041431546961,0
3856,926,395.67990971705274,QR,Grocery,DE,6,0.5602499068437662,0.056501784799434206,0
8427,862,37.170468398455206,QR,Clothing,FR,16,0.056346957936327324,0.02282677459941877,0
1861,26,18.270625386653055,Online,Clothing,NG,15,0.42342470459666115,0.09900940840672788,0
3533,604,166.90522114652964,QR,Electronics,UK,18,0.14715262650346558,0.10882980556221168,0
6858,308,184.94482706251975,Online,Grocery,FR,16,0.28472471909845937,0.03296709150753825,0
7195,254,153.39622953150322,QR,Grocery,FR,6,0.2638828691738903,0.11843138641246752,0
7337,208,1.847140618054261,ATM,Travel,UK,13,0.12002580649676449,0.10834185375056979,0
2562,825,224.9423186431499,Online,Travel,FR,23,0.18623305646936864,0.025873694353789254,0
3797,702,35.64344774756861,Online,Electronics,US,17,0.36475439465606513,0.1474344299315374,0
2361,485,150.08709343055347,ATM,Food,DE,5,0.2712975884043547,0.16314250809121764,0
4345,838,20.763440656274334,POS,Grocery,DE,17,0.0859283043344632,0.01421218240767511,0
9011,481,99.34668962310045,POS,Grocery,TR,23,0.20369000153064537,0.028553200594824836,0
377,234,73.94893014976121,POS,Travel,US,9,0.12216572800008471,0.19180923511529732,0
4817,938,22.614845378966933,QR,Grocery,UK,10,0.24573514100472232,0.04245923067258826,0
1621,255,91.4379685154716,POS,Food,TR,22,0.24959191117934823,0.08043047101502172,0
7945,333,32.95713134207974,POS,Food,US,21,0.04805245007303354,0.47380450171045435,0
9288,383,575.5114725248816,POS,Food,DE,6,0.1868478771320698,0.4201730423958047,0
5941,388,22.7475387554727,POS,Electronics,US,14,0.10461458518984222,0.106900059978598,0
4823,548,60.08404622778042,ATM,Travel,US,23,0.19354154768669196,0.30859543301881237,0
455,170,166.419795580065,Online,Electronics,UK,14,0.09455710082229885,0.037263156457651624,0
3726,118,157.73421132775988,POS,Food,FR,2,0.17005926357678672,0.3246084954128583,0
9906,635,134.85491682937794,QR,Food,TR,19,0.10397772660078221,0.12210265651448148,0
844,584,36.854823975611964,ATM,Electronics,FR,16,0.12733287801203302,0.20465268550928428,0
5889,374,116.5409920203776,QR,Electronics,US,22,0.06206799362786364,0.028274792866227378,0
9118,991,138.1863270428011,POS,Food,FR,18,0.43771108413496146,0.5094244055007995,0
6074,951,133.20287499107985,QR,Clothing,UK,6,0.23938728265732412,0.21435991907606544,1
9451,246,54.6604866029254,ATM,Food,TR,12,0.11747688315018466,0.028404625629769777,0
8602,253,8.573331068488073,POS,Grocery,FR,9,0.010624910584592898,0.09551143368604853,0
9579,510,34.40787954635358,QR,Travel,DE,12,0.443524558998752,0.17909550282266326,0
1229,540,259.3973524581734,Online,Grocery,UK,20,0.12231096261416188,0.2076354373864091,0
293,715,375.3758712109758,POS,Food,UK,2,0.4180184983577307,0.14284305478441753,0
862,699,354.9854389665857,QR,Food,FR,10,0.04293539758927278,0.16168401210766223,0
1515,374,177.2242621120649,QR,Food,FR,11,0.04394089671536614,0.11255751719749388,0
6832,155,1.9090113719190205,POS,Clothing,TR,19,0.04304882801223667,0.09468641056738751,0
747,479,333.16515106739695,Online,Electronics,UK,17,0.6317685175963097,0.6300810485060847,1
160,82,320.5781061865505,QR,Grocery,UK,18,0.5596621364029425,0.267669791296977,0
4380,195,434.40243415052197,QR,Food,US,1,0.10784797542769395,0.16674681821525,0
6376,954,11.962063334048217,ATM,Electronics,US,17,0.13194016636344907,0.07460902213513998,0
1550,890,411.1843550353428,ATM,Food,FR,6,0.4266114102332907,0.24432908121192462,0
9443,228,155.33366136273546,POS,Travel,FR,15,0.2227794786101926,0.09539183073449618,0
32,554,14.805244678884122,QR,Grocery,FR,7,0.2325703540563877,0.12350887753593592,0
2318,415,204.2546120654802,ATM,Food,US,6,0.08608764991511733,0.05476025805980599,0
7808,686,35.9019607939403,Online,Clothing,TR,15,0.1655362595638729,0.22818041404301692,0
5137,573,491.7478004148706,ATM,Clothing,US,20,0.024153522206881925,0.04786811932924763,0
588,521,78.89240752605224,POS,Electronics,US,5,0.11287283243692865,0.19123306060884895,0
2805,494,535.4982559770689,POS,Electronics,US,18,0.2518833960437413,0.4941596744269125,0
7556,202,336.5491644275793,ATM,Electronics,DE,15,0.3836031521881328,0.40679773922468415,0
5892,9,29.073601853339007,Online,Electronics,FR,17,0.10645726450146455,0.1788576742404364,0
884,54,255.9793596582548,POS,Food,FR,18,0.1061638072237899,0.14514821849289672,0
5377,25,25.905750870590563,Online,Grocery,DE,13,0.10982491580343834,0.4756074844150873,0
2374,171,494.9748046130513,ATM,Travel,DE,8,0.16776867222485736,0.4410440899281058,1
5494,768,2.14174741832392,ATM,Travel,FR,2,0.04481418409626687,0.019463592033182715,0
6422,168,16.137956627734113,QR,Grocery,TR,17,0.3188386962894436,0.4336802677050412,0
9092,802,101.78355095695038,ATM,Travel,DE,23,0.013737213552788985,0.1465546892693734,0
8502,603,13.816328785200229,POS,Electronics,UK,21,0.22213192426127074,0.38139660972964506,0
4102,59,121.12118514656679,Online,Food,US,9,0.11771391934654425,0.0925294336326982,0
9708,672,5.264374520764162,POS,Clothing,TR,22,0.15314379108462509,0.16882482206488517,0
4265,521,109.33913701093321,QR,Travel,DE,21,0.42640184940812537,0.23464467266068942,1
9309,975,33.951795798104726,QR,Electronics,UK,11,0.31024430815408016,0.2935092920028294,0
8041,176,271.6278281235904,POS,Electronics,FR,11,0.21219772720379815,0.23621744789067387,0
4807,595,85.32967135945425,POS,Electronics,DE,15,0.08139947747501948,0.152963436359909,0
5950,379,115.26795669437963,QR,Electronics,FR,18,0.18364759169980038,0.22831338495828415,0
6355,190,117.15094654440054,QR,Travel,DE,23,0.11924753286520971,0.04365512998797091,0
7356,605,107.36418691111486,QR,Travel,DE,13,0.04783487502437949,0.0642680434936102,0
979,378,94.52588391392052,QR,Travel,TR,20,0.8383931389166305,0.22875020742737523,1
1168,67,179.4794335052168,Online,Electronics,FR,21,0.3590643490305406,0.19700101313948606,0
9272,616,418.35691169202136,POS,Grocery,TR,18,0.21907605601196475,0.27988321990508785,0
8241,565,37.70351829240523,ATM,Food,FR,23,0.028562818394410456,0.07904360912841873,0
2726,390,82.09542823266638,QR,Travel,FR,12,0.17515194321164648,0.2284511771369353,0
8592,924,4.145207692112286,ATM,Food,DE,9,0.1886241287546948,0.028834107693442818,0
1648,442,170.95451936590663,Online,Grocery,US,17,0.23716792334893996,0.06322029288728159,0
5460,530,141.05597186560385,POS,Clothing,UK,10,0.0969722637063966,0.140856587177123,0
5275,385,1.2579313499453444,Online,Food,TR,15,0.1373219699988786,0.09078688859939232,0
5715,839,520.6905156617277,POS,Food,FR,15,0.1720622540760644,0.026271512083332654,0
7830,478,21.220052318220564,QR,Clothing,FR,14,0.057648540157816994,0.1377242628548834,0
4378,957,204.18729986018536,Online,Food,UK,15,0.12192966330181375,0.19567621248005543,0
2291,873,752.8037648145475,QR,Food,TR,14,0.18517717511126494,0.09479472943147928,0
7719,665,19.84270702699697,QR,Clothing,DE,11,0.20027010952728463,0.08966224441946824,0
2591,682,403.6175744573158,Online,Clothing,TR,12,0.2272081682064247,0.10604425041195616,0
2482,862,187.84494037088714,ATM,Electronics,TR,8,0.2718624730126553,0.3684341875585742,0
1467,451,2.388938964439218,QR,Food,DE,20,0.08579323316129686,0.031627812651072465,0
3236,109,3.3649234951422824,QR,Grocery,TR,18,0.054210427252826515,0.03313768813013991,1
5055,891,11.309885980674157,POS,Food,TR,18,0.5457503591514701,0.2691584229287197,0
7564,526,83.26382362308117,POS,Travel,DE,22,0.007869319201216333,0.14513959881136546,0
3639,455,43.768303460143194,POS,Clothing,DE,7,0.3690342354203242,0.2446513815698334,0
5609,690,72.46788111358288,ATM,Electronics,UK,15,0.2657306953889616,0.08238736871883247,0
6393,251,292.1112198484253,POS,Travel,TR,6,0.10811636101249368,0.016368192419365536,0
9434,215,194.86659708258213,ATM,Grocery,UK,12,0.039745778808536386,0.00874853919102117,0
3723,240,12.006734471708997,ATM,Travel,TR,18,0.13448664209733635,0.3551725486465831,0
3852,965,16.002349255393156,QR,Travel,US,20,0.03516440203780508,0.2915281690714795,0
5028,420,40.416584152227784,POS,Food,FR,8,0.12213342464625833,0.3133913100299032,0
1992,172,78.6729199799194,QR,Clothing,FR,9,0.15670420670980653,0.04937322292885931,0
8115,583,21.89978693675961,QR,Travel,DE,22,0.039169938100119095,0.18172314552061233,0
5919,879,323.8020065926013,QR,Clothing,UK,12,0.14363080134575598,0.3847920571811179,0
2129,642,447.8463208876461,POS,Clothing,FR,15,0.2236828745495796,0.15086122563985116,0
1572,984,129.1951318164903,POS,Travel,DE,18,0.3894762656343181,0.2684184946258922,0
7730,226,41.73510545352233,ATM,Travel,TR,22,0.02930728908479293,0.1138955602713431,0
6853,852,105.82731375251477,QR,Electronics,TR,15,0.027127085690930468,0.13702376931016658,0
628,587,108.62837437249595,QR,Food,FR,20,0.41518371943568466,0.22646367446420568,0
6805,551,23.750419100646873,ATM,Food,UK,5,0.07458741754157452,0.09394476529577646,0
9780,935,324.26740915585236,POS,Food,FR,18,0.09066053314098962,0.3213922481727177,0
8172,271,76.49777574259329,Online,Clothing,UK,17,0.15077683884773907,0.15592253209916968,0
9079,137,206.05827306758476,Online,Clothing,US,21,0.7624519614639946,0.4629296789774566,0
7911,206,3.6758430015184356,Online,Grocery,FR,6,0.05218467482270484,0.3843527105916831,0
705,546,315.8981225447593,ATM,Food,TR,9,0.022846479700686022,0.20159506876121755,0
4871,755,248.33433794605287,POS,Clothing,UK,22,0.19525975601413267,0.40801164476685264,1
8845,838,166.56530883842547,ATM,Grocery,TR,22,0.1314228906482251,0.13719686392520153,0
8797,223,23.455568218291987,QR,Electronics,TR,20,0.16238413470488278,0.10545290693565751,0
5578,275,2.207448030840279,POS,Grocery,UK,21,0.07507949196650228,0.11748149863248804,0
7183,836,108.30227531470958,POS,Travel,DE,15,0.07645627956754007,0.3358335361583319,0
6907,287,370.6148864939555,Online,Electronics,FR,18,0.18623367688733725,0.2364713579966364,1
2160,228,75.65947017169935,POS,Travel,FR,20,0.11620484951863004,0.011550863978114875,0
175,681,124.43302092562517,ATM,Clothing,TR,10,0.1803370906835283,0.058910435627224006,0
6484,281,233.33402447842766,POS,Electronics,UK,9,0.48836316913882055,0.46589997518036974,0
1590,210,581.9166033445963,Online,Grocery,US,12,0.3626611830661238,0.13029726180063383,0
8881,803,67.48193683974418,POS,Grocery,DE,13,0.1300291601261317,0.06753409572944372,0
5651,289,821.4857442297016,POS,Travel,DE,12,0.4486446264745154,0.9996026492679309,1
8495,100,105.0307390616524,Online,Clothing,FR,10,0.27922623037935274,0.04818685805422703,0
2417,870,61.04397847926884,Online,Clothing,TR,5,0.1525255902256465,0.12129819527297382,0
3630,14,86.62340659859514,Online,Food,TR,10,0.14087626667499514,0.031189632439517792,0
1116,326,911.9737714592486,ATM,Travel,UK,17,0.3781007906530084,0.30016040014204465,0
6425,177,482.8657437797261,POS,Electronics,TR,18,0.26907576826629764,0.23685724424576782,0
5739,130,33.984863815153055,ATM,Food,DE,6,0.0024772931703012885,0.01101883318702308,0
3312,555,452.6580298970187,ATM,Travel,TR,21,0.25287882624930846,0.13585630007669042,0
7249,440,173.48553259626814,Online,Grocery,UK,5,0.5150370551513166,0.847754552849813,0
8432,646,462.9971399583984,POS,Clothing,DE,13,0.2005790075874852,0.3324145221070673,0
3562,197,1243.5574502278466,ATM,Clothing,NG,8,0.2788603813015216,0.4679725023577173,0
422,902,116.95889823799052,Online,Food,US,21,0.2710260890749863,0.11742735153168558,0
5591,10,349.63055257213296,POS,Grocery,UK,9,0.1203163768638309,0.08946753159905198,0
557,374,654.915738351369,QR,Travel,DE,8,0.08747211108536158,0.20281707063876275,0
4001,731,129.66083177148948,ATM,Food,DE,22,0.04450492200786234,0.07126718717493227,0
3073,491,489.90135918974937,QR,Electronics,FR,22,0.3002312045612916,0.9996026492679309,0
1343,617,369.54193453318925,ATM,Food,DE,20,0.11439226257766076,0.057165015959192135,0
7154,409,68.94775970365244,ATM,Electronics,UK,18,0.11340733483752731,0.22421442046104714,0
3834,263,3.647927591540278,Online,Grocery,DE,19,0.03266427651267581,0.029221006572152566,0
3797,903,54.86729140991318,ATM,Food,UK,23,0.1990907251370149,0.03957542922153569,0
1265,136,186.15903352431852,Online,Clothing,DE,18,0.06337927237879774,0.4937550812367992,0
4037,275,131.78699055298324,ATM,Grocery,FR,17,0.09621346366341653,0.06973443853559237,0
5672,178,958.1539330716496,POS,Food,TR,8,0.37045751675875016,0.19242296001140252,0
6848,896,49.00377523597363,ATM,Food,UK,4,0.22493386880610164,0.20805869066056495,1
2909,792,13.278252238238531,ATM,Electronics,FR,22,0.07618881332868559,0.006830191831201691,0
2932,581,124.27088008867285,ATM,Grocery,UK,11,0.13490428499258267,0.1526261641419503,0
9870,378,7.069833093231408,ATM,Food,US,4,0.13012378528680416,0.2676075625581013,0
6178,432,257.75754565532407,QR,Clothing,FR,11,0.12677705784016588,0.4288071089322022,0
3854,498,509.21126907588183,ATM,Travel,US,21,0.11715852629471768,0.05044128364837647,0
3266,478,464.49094700963377,Online,Food,US,22,0.12921362614171836,0.038261190255939354,0
395,717,50.075367375094366,QR,Clothing,DE,18,0.11309548933352018,0.09430683844434065,0
1577,359,398.7681881248211,POS,Food,DE,14,0.08375090692565883,0.16475070005362047,0
4839,228,9.714361634082923,QR,Travel,FR,21,0.06000534646072491,0.03808543323003201,0
509,603,177.16481706669967,Online,Travel,TR,18,0.09362234043158464,0.09900160910047578,0
2728,281,18.961223868643778,Online,Clothing,US,12,0.1823879943371398,0.3689725296377354,0
2848,748,361.9619694782425,QR,Grocery,US,3,0.6263224302746214,0.2814343416951135,0
2427,252,2.5808563978013295,ATM,Food,DE,22,0.017765637995873856,0.28825154474824327,0
4694,77,97.82351580749044,POS,Travel,UK,21,0.07557601330651811,0.31452263829083354,0
7110,875,506.63236621237843,ATM,Electronics,UK,14,0.15466830747122384,0.12122280309056763,0
1376,711,241.91965711768384,QR,Grocery,DE,8,0.6448213953065077,0.06263564420231557,0
4206,894,492.3160795771687,ATM,Travel,TR,14,0.18776702678202625,0.12115770279940694,0
3378,280,1159.666754412982,Online,Food,UK,14,0.998736630233235,0.6025119358414409,0
3860,677,162.85496003826074,Online,Electronics,UK,13,0.35795463231522573,0.21179626355527623,0
5079,617,91.67628214651889,Online,Travel,UK,20,0.27387437824949246,0.09735586742881179,0
5416,562,90.08224435229616,QR,Food,DE,9,0.29511681662535916,0.06205824401097897,0
4880,366,340.74938922951696,Online,Grocery,US,12,0.1274239854007444,0.31490196975464635,0
439,191,135.42713094244516,POS,Grocery,TR,14,0.3381752841108482,0.15192428530936014,1
2720,148,145.99353297216126,ATM,Clothing,UK,3,0.4502183368040339,0.3936102124517121,0
5284,759,62.36159011447865,QR,Grocery,FR,5,0.10365484823360618,0.2034498097117627,0
721,888,53.248282875678214,Online,Grocery,TR,23,0.009490719915752724,0.044279912542054656,0
2746,649,305.1861632388317,ATM,Clothing,FR,10,0.017962819943437573,0.12368974041206253,1
7751,259,639.0765184561847,Online,Food,DE,5,0.3767340529947285,0.125160378988418,0
8890,500,38.48733106007976,QR,Travel,US,19,0.02999832166734968,0.045154150882645815,0
8895,698,405.7046582589679,POS,Electronics,UK,5,0.10310699665945233,0.3233108559533304,0
8972,865,148.96296718520136,POS,Grocery,DE,15,0.324701872453957,0.025876692173699433,0
8093,883,260.36327747653536,POS,Travel,DE,18,0.12029017857166197,0.1686766148551052,0
2943,894,463.15330078318675,ATM,Electronics,US,17,0.3454993176399148,0.20030696170064202,0
6726,266,70.77559167559373,ATM,Electronics,FR,10,0.09468464086850341,0.09882578806549637,0
8655,693,282.98158212875086,ATM,Food,UK,7,0.5293628435860881,0.6243791370687244,0
7022,85,260.92212869611404,POS,Electronics,DE,6,0.1644381767680577,0.15113000128402884,0
8120,67,31.042317555103672,Online,Travel,UK,12,0.5537847005633997,0.2667765190184651,0
3874,106,425.2339104526173,POS,Grocery,FR,22,0.33590148833480693,0.18376283208072308,0
6448,852,273.61896077734195,POS,Food,US,14,0.14210200021044117,0.0897720991007936,0
2313,310,162.99807766241972,POS,Food,UK,19,0.08003095489751173,0.05841732940417194,0
4874,54,5.590772277170114,QR,Clothing,FR,23,0.23068749738756797,0.2812881507671158,0
562,484,56.11730998758027,QR,Food,FR,19,0.22187057075202826,0.19076679158019316,0
2185,548,263.03830445215914,POS,Food,US,14,0.19771125495312353,0.19530581222334545,0
8708,697,745.0408863619907,POS,Travel,UK,22,0.25388996012525195,0.3503402455698131,0
2908,127,116.06625151751143,QR,Food,DE,22,0.07671315535189584,0.2284569543148458,0
9697,708,512.3368808567757,Online,Clothing,UK,20,0.33371987032637085,0.13699809334500027,0
2825,425,57.997030163008965,ATM,Travel,FR,20,0.04080786942139294,0.143138482217633,0
744,461,281.7412584623738,Online,Travel,TR,18,0.012671239721539844,0.0417435875291751,0
1709,521,77.24891386886432,Online,Electronics,DE,6,0.0647042654396777,0.040784711117663845,0
2878,113,138.27871908454668,Online,Electronics,UK,14,0.1379590460636998,0.03152419811081301,0
3757,495,106.64048501966528,QR,Grocery,US,13,0.07934652301111272,0.05242675442728556,0
9854,592,5.912518356620721,QR,Travel,DE,23,0.13454787794584508,0.04160265099177667,0
9077,831,345.55488764747275,Online,Grocery,UK,19,0.16268980458513047,0.2619982065832154,0
8049,254,1.1883939051071395,QR,Electronics,TR,12,0.22250187544628447,0.007655791074037631,0
5522,63,3.605672138345263,QR,Electronics,FR,14,0.09037303460527246,0.026003528993096617,0
5681,172,76.52348928364057,QR,Food,DE,8,0.25147099502133424,0.2759611374484984,0
8459,583,39.94566256539418,Online,Electronics,DE,18,0.08638802163951356,0.0835526639143304,0
8109,403,77.81476046854529,POS,Electronics,TR,13,0.11638180570078205,0.01156176737153795,0
9549,332,492.7481541195728,ATM,Grocery,UK,2,0.21639426865759706,0.5012308771386979,0
8803,959,147.3012281478362,ATM,Clothing,US,8,0.15173782489828586,0.06550521449822652,0
9708,72,47.96612255742991,QR,Clothing,US,7,0.1736239625666431,0.39460693844428013,0
3515,438,182.7421726410455,QR,Food,DE,20,0.020660288211941054,0.057929195593413724,0
8757,76,16.36890852163823,ATM,Travel,US,22,0.030052570325550934,0.04373125868882802,0
1769,292,27.795202212306645,POS,Grocery,US,4,0.07386336901945617,0.05215796139375399,0
5099,117,82.44373151311434,Online,Clothing,DE,16,0.10432519115383548,0.06292913951295347,0
2364,868,104.3258170023863,POS,Travel,TR,10,0.061113626265244886,0.03337948652193124,0
87,25,499.4772654522051,Online,Food,US,12,0.016312271487765508,0.16141049827576867,0
9241,427,79.83518856548454,Online,Grocery,US,17,0.08102424133827783,0.0018254683799272427,0
6987,443,317.8847624961532,QR,Travel,FR,15,0.3627335405792292,0.10972776957525497,0
2835,473,498.1490084191012,QR,Travel,FR,3,0.3776403964200157,0.33016621529496676,0
9351,652,27.39413876021008,POS,Travel,US,21,0.0930766091606847,0.13541184252041355,0
8297,322,31.13999342037188,QR,Travel,DE,10,0.024987527448188853,0.10304336411219298,0
9635,86,60.64224515199727,ATM,Clothing,US,22,0.03349677841534869,0.3540115473601221,0
2361,330,17.441150141198094,POS,Clothing,UK,12,0.1356356189945673,0.36537529187357265,0
1255,537,11.96910644346535,ATM,Clothing,US,22,0.23968228169956055,0.22291539679558373,0
1524,731,17.376171522357495,POS,Food,FR,22,0.053680955137395604,0.32453878962778404,0
1668,439,61.38893986575617,Online,Clothing,TR,19,0.48804686080287885,0.060656474846798404,0
5671,766,459.778367453048,QR,Travel,DE,20,0.2973722158229759,0.4056027662843425,0
9287,84,47.761403457856055,Online,Clothing,DE,15,0.10137311223837661,0.07057115421755963,0
6146,830,109.48637812820802,ATM,Travel,TR,13,0.3188828989177329,0.11900321676684657,0
1891,638,2.8239582742851637,ATM,Electronics,NG,23,0.024299553349046436,0.06458510019215072,0
4968,586,387.05983026083777,ATM,Food,US,18,0.6001939051009599,0.05104061196231161,0
4672,778,1199.4278805280676,Online,Food,FR,19,0.7207895677917424,0.2847534943301031,0
1141,169,507.7515715095538,Online,Electronics,DE,19,0.3552139302149564,0.10040036912715371,0
7700,828,163.77767563759522,POS,Food,UK,11,0.15300253352093432,0.1064622112576494,0
1103,910,42.05900871185284,POS,Food,UK,17,0.0829040287910825,0.09499480586365586,1
4082,894,58.39273626796592,ATM,Food,TR,11,0.04800624334677116,0.106346362279303,0
249,114,528.8967009405873,POS,Electronics,DE,18,0.7913699030294047,0.41549179947922,1
1592,444,28.87816517373596,ATM,Clothing,TR,22,0.11231988049152065,0.19054656346485163,0
2246,572,620.1232047248682,QR,Travel,NG,5,0.11672235936181062,0.18924390557662205,0
2529,368,138.89415286034202,Online,Clothing,DE,4,0.038836379593677806,0.11711030146879606,0
5520,21,231.14130852069337,Online,Electronics,US,2,0.3299155136475621,0.15225843989368834,0
5158,731,4.626825409629981,Online,Grocery,DE,13,0.042773665533785324,0.06573897534736481,0
1055,869,463.2840164292247,POS,Grocery,US,14,0.20265564768974598,0.24628249872343988,1
5391,497,513.3578590556692,Online,Travel,DE,18,0.1830325061014115,0.13663613947477665,0
1033,863,630.2212038838425,QR,Electronics,DE,13,0.28075260193757434,0.42418582514750647,0
4409,869,27.85623158525244,QR,Travel,UK,9,0.2370156794934557,0.12973822242976815,0
1986,567,9.72850212636009,QR,Electronics,UK,16,0.18588943982121048,0.03442601676487629,0
7675,40,316.21049117862475,ATM,Clothing,FR,15,0.5205077387731671,0.29432357204583914,0
8482,103,1261.8375641245439,ATM,Food,TR,21,0.2250037457646867,0.22364692719294735,0
4637,633,25.610650712408507,POS,Grocery,TR,20,0.52878642489506,0.1705391817844073,0
1324,728,410.4784692817859,QR,Electronics,DE,9,0.14818829714853757,0.661420019999471,0
9315,143,106.21936146949429,POS,Travel,UK,14,0.06558940204757534,0.10022390565794487,0
6076,772,150.35533952747056,ATM,Grocery,DE,19,0.49565366712243286,0.1519632235381175,0
8010,608,2.8849327848154385,POS,Grocery,TR,22,0.22607526669726657,0.5291753265886789,0
6872,595,26.19142471803348,QR,Electronics,UK,19,0.08672272061553982,0.06852941123304504,0
4372,753,23.904566425047893,Online,Electronics,DE,19,0.12546926780852413,0.14575621098898672,0
1534,395,11.939936123253,POS,Clothing,FR,12,0.31378310195959225,0.08236137199274844,0
6938,621,7.461422291359156,Online,Travel,UK,10,0.32423670343565164,0.4512537812721975,0
8635,142,6.1300019735814315,Online,Grocery,UK,11,0.5057878803590768,0.26938430693258597,0
8612,110,410.6511746198405,POS,Travel,FR,21,0.04750570594001531,0.26066209868873574,0
4703,320,292.02505253207556,ATM,Food,DE,18,0.2672010593289826,0.3592066345866705,0
3194,254,326.2306557241944,Online,Food,DE,22,0.6114805974706173,0.3979207045515187,0
4207,731,183.7284774240871,Online,Grocery,FR,7,0.06363514798408357,0.03569798198573539,0
4371,185,45.97353480547406,ATM,Clothing,US,17,0.40640331160676646,0.5069978058804806,0
1346,334,645.7824273900001,QR,Grocery,DE,13,0.10756365296197509,0.5026569330991169,0
282,939,27.14266037776859,Online,Clothing,DE,23,0.19282798533318043,0.0641865435089681,0
4441,53,405.50234803611875,ATM,Electronics,UK,20,0.12990095278019032,0.09932116437416337,0
3835,830,447.5510074499184,Online,Electronics,FR,8,0.1345391357057066,0.264336390296939,0
8057,551,22.488123438800635,Online,Food,US,12,0.21965790119625112,0.03686902967870776,0
8894,792,139.1207903956182,Online,Clothing,DE,23,0.36957295964565945,0.6874089783788081,0
9721,900,113.1568672113536,Online,Clothing,FR,21,0.13856625735608122,0.459464556645414,0
9343,919,46.49666793339475,ATM,Clothing,US,15,0.10287423143000203,0.026313721527377557,0
7985,756,13.706820434532066,POS,Clothing,FR,16,0.10198840103435045,0.17800428890468478,0
5761,996,172.10845969469824,QR,Travel,DE,20,0.2972824095577417,0.21670906872172443,0
3640,884,25.963918263696286,POS,Clothing,TR,12,0.12852339469298485,0.30786082462348513,0
826,294,303.81584193716253,QR,Clothing,UK,4,0.17984686504840253,0.43383188974548736,0
406,6,125.35586305890082,ATM,Clothing,DE,20,0.998736630233235,0.23195249706083326,0
460,620,95.37772396911703,POS,Grocery,FR,20,0.2174864010595276,0.3883825313861587,0
5496,206,183.96928052930062,ATM,Food,FR,10,0.1475304187146145,0.13459069454387326,0
2854,432,158.9788836251868,ATM,Food,FR,2,0.2801392161396207,0.1514315338168035,0
6961,378,207.5219009958389,POS,Electronics,FR,7,0.28703120888400396,0.06006689084176454,0
9133,325,34.99168407154832,Online,Electronics,FR,20,0.09024147336882012,0.152741309389293,0
7200,780,578.0961584026833,ATM,Clothing,US,18,0.2754138116974459,0.6156561281564991,0
9093,609,43.042203795156475,Online,Food,US,23,0.36992409226906753,0.37132827995187573,0
1262,630,254.01505821905667,QR,Electronics,UK,11,0.1071802586427307,0.1457452925365526,0
298,731,199.96540486289268,POS,Food,DE,18,0.19230144660049706,0.3702328539751479,1
6566,452,140.37005588741164,POS,Clothing,UK,17,0.08966015657563413,0.18908103152931297,0
6183,128,88.52316736624209,POS,Electronics,FR,3,0.09656746618079133,0.2281389091284602,0
4339,441,55.38293452778606,ATM,Food,US,8,0.044288874265275224,0.17297100472721916,0
4690,134,564.2332042282136,Online,Grocery,UK,14,0.11130716098126797,0.4054017856050402,0
8080,294,70.70535433914031,POS,Grocery,TR,9,0.1324906321125164,0.03127041163178076,0
4084,56,134.03061026368843,POS,Grocery,DE,20,0.43369575352590417,0.23830397329052738,0
6709,683,401.18068584726126,POS,Electronics,US,18,0.06595264704208774,0.055811293790481525,0
5467,903,145.9359594349375,ATM,Food,TR,10,0.10370664338000458,0.03393453643827599,0
6018,519,63.13944925798359,POS,Food,FR,7,0.20274349083065715,0.38485556975304774,1
5738,799,158.11262567343314,POS,Clothing,DE,14,0.24561150095191792,0.34414393109928937,0
5585,889,116.84115994351154,ATM,Travel,FR,21,0.006130165191152278,0.16244513688229412,0
6990,334,170.09232968120332,ATM,Electronics,TR,15,0.07191343246403067,0.0989218821766052,0
4639,897,543.2821035101827,POS,Grocery,US,10,0.3565946577881491,0.14869057098513683,0
9316,663,459.8357465991298,ATM,Electronics,FR,9,0.0753791824886638,0.0662419325981738,0
4943,843,316.8548584482265,Online,Grocery,UK,10,0.2295288656776544,0.22542673556564702,0
6025,764,91.72064435592648,QR,Electronics,FR,20,0.7258239934339586,0.3017768243916665,1
8376,990,1.3810313468678785,ATM,Electronics,UK,9,0.08452474183947195,0.1392579383204837,0
4606,591,19.944455618090682,POS,Electronics,DE,4,0.3274564736715082,0.09265758326126695,0
5166,777,25.46553785322913,Online,Food,US,21,0.07145596335372,0.12047598029426447,0
6513,910,419.67642243166944,ATM,Grocery,DE,16,0.151833479398944,0.15786349365052063,0
5299,319,304.2007410212915,ATM,Grocery,US,7,0.10090414122158817,0.038273390131195476,0
7359,999,48.63935315864348,QR,Electronics,FR,15,0.06303256157999522,0.15844777549965874,0
3118,952,282.722963611357,QR,Travel,US,22,0.24184131829116964,0.05818626136767068,0
4572,574,5.826910332837323,ATM,Clothing,UK,14,0.006661553295404976,0.11255109066588104,0
3992,520,63.27609098854916,POS,Clothing,UK,12,0.17281228856560135,0.08062358913344392,0
9916,130,207.04182230770758,POS,Clothing,US,16,0.3376790150221415,0.13942639719975605,0
9942,409,29.531435591951276,QR,Food,TR,23,0.07349846659299243,0.01616351205455327,0
255,462,45.45739277795394,POS,Food,TR,18,0.2080099776257338,0.28855526845819124,0
397,919,48.233936181298986,Online,Food,FR,11,0.2699591762065104,0.15804378331906696,1
1223,935,8.673255355455355,Online,Electronics,DE,19,0.18141457526247343,0.0517704562217448,0
2118,609,1.623460615093947,QR,Grocery,FR,6,0.06900280612630848,0.023088376154539236,0
1924,731,37.38650111506922,QR,Food,DE,9,0.3885505270758238,0.1474642496760937,0
8953,492,472.2828308803892,ATM,Clothing,UK,8,0.36924834380238275,0.1449840791197592,0
8222,790,363.6249767701674,QR,Grocery,TR,20,0.03421222290446852,0.3207198011167601,0
5386,402,253.32938054239435,Online,Clothing,US,21,0.09494787588038933,0.44363778259177994,0
6152,896,7.470862508012857,POS,Food,DE,4,0.21606490177508592,0.26435709665740775,0
1934,511,92.1858047363292,QR,Grocery,TR,16,0.09279122677272456,0.053358800727197384,0
1586,738,31.701145940036756,QR,Clothing,DE,20,0.14258077551234602,0.11272945060785475,0
2789,379,153.9530786042359,Online,Clothing,US,11,0.026778669335614666,0.13461798031519573,0
1359,941,63.15651249364296,Online,Grocery,TR,22,0.06246678658375786,0.060488415639854694,0
4780,463,8.922050186008459,POS,Travel,FR,21,0.13900435433141314,0.31688025553780647,0
5013,444,35.730766023082914,POS,Grocery,FR,20,0.22065252167779958,0.01067338118256735,0
3738,267,245.4685970353516,ATM,Food,TR,8,0.6349810587149298,0.4354243926730708,0
9910,818,243.0520288639024,POS,Travel,FR,3,0.34836479371381873,0.31050112899180804,1
924,640,51.20021219670537,POS,Clothing,TR,18,0.04023957474102794,0.04147850011782761,0
1918,554,150.22457971268264,QR,Electronics,UK,14,0.08833081835856536,0.10642889508856956,0
404,451,58.17455104289441,QR,Grocery,FR,11,0.13595960968902512,0.03575605144237045,0
2797,104,9.562375866486166,POS,Travel,UK,11,0.1048321807423592,0.1574151916825576,0
8091,674,37.74988044516504,QR,Clothing,FR,21,0.5040557582202874,0.10371485444797722,0
1325,375,1052.0276429190594,QR,Travel,US,19,0.0406234550841817,0.068324752913167,0
7235,622,28.753423111075076,QR,Travel,UK,19,0.01964269901317946,0.05191361761356813,0
6422,893,6.79477405746637,Online,Travel,US,13,0.02556621094204982,0.03615941928788184,0
1598,655,278.5622064368903,ATM,Grocery,UK,7,0.15231617721731483,0.23324511286102714,0
9927,59,71.03453224019935,POS,Clothing,FR,21,0.09517672292538235,0.138298290538829,0
4571,287,211.94021984402704,QR,Electronics,TR,6,0.4459457557331476,0.086742959865768,0
5342,39,509.7718043392009,QR,Electronics,DE,2,0.07504822767033717,0.20615155412657035,0
6840,838,300.5586422969742,Online,Clothing,DE,5,0.38050035170930474,0.5770037614018352,0
4226,791,387.6268954372083,ATM,Electronics,DE,15,0.20410332594369257,0.1440010515505626,0
5082,415,815.6669045020632,ATM,Travel,TR,22,0.5105877078106462,0.0636845387473467,0
9063,912,102.76100700415108,QR,Electronics,TR,3,0.010857601466709667,0.026029446632413137,0
4377,260,752.2367055533674,ATM,Travel,DE,21,0.4175952076313408,0.17849097228853475,0
4742,846,1.1141321686001036,ATM,Food,FR,19,0.04517672030910517,0.05309174547160303,0
7775,157,47.17650649409751,ATM,Food,US,12,0.33388479605946525,0.02204984843841574,0
7551,805,3.451759068848058,QR,Travel,US,21,0.31436151715765276,0.11231789619927432,0
5945,125,27.891054041551897,ATM,Food,DE,12,0.09847580299607174,0.07066485000725468,0
4768,110,6.901738144130787,ATM,Travel,DE,20,0.0010677938173640675,0.09199417569634628,0
6790,180,971.6969291632997,QR,Food,TR,20,0.6027657785523031,0.12116601265778029,1
5352,547,99.69842839701076,ATM,Grocery,UK,15,0.15297475767077418,0.1761669651153452,0
7178,467,168.34951543640472,Online,Grocery,FR,11,0.0035293075333422733,0.23411209586731652,0
5778,466,231.58696479235297,POS,Food,UK,14,0.26930663504423785,0.2916779754649059,1
8122,389,1.1882262694582528,QR,Travel,FR,12,0.010361923786752457,0.05962429509522573,0
9073,37,267.9699802157043,POS,Clothing,UK,5,0.02469074200287123,0.5372878623859593,0
4970,129,47.1566213027727,QR,Travel,FR,11,0.2734071914872995,0.22070015554982803,0
4817,884,74.83001636110392,QR,Electronics,TR,17,0.025589563615188365,0.08645479284056364,0
9134,391,77.46563747063824,POS,Electronics,DE,22,0.46950079120569604,0.3766773862164468,0
5529,263,4.013701116252084,ATM,Travel,FR,19,0.26426520012134147,0.08678277277099573,0
3207,299,126.54713837937199,Online,Clothing,FR,16,0.08812830565438368,0.08815031114829762,0
1747,749,113.6958159686484,QR,Food,DE,11,0.07098423836155193,0.026002085709666736,0
3920,374,37.30771451469653,POS,Electronics,UK,19,0.718117646232396,0.0945248424475838,0
6406,405,23.552190035608803,ATM,Travel,TR,21,0.054013899085832665,0.08670827821872693,0
8226,235,34.45019667326829,POS,Clothing,US,14,0.05006913430656155,0.2397142294015713,0
7512,185,1392.9020591379528,ATM,Electronics,UK,16,0.17222641208451048,0.1896041889302696,0
3033,502,26.955422916718245,POS,Clothing,TR,16,0.33186503154118935,0.32796988603055716,0
5733,285,128.02024384514382,Online,Food,UK,12,0.3872690768232977,0.053178910788428055,0
2866,896,159.69825834585382,Online,Travel,TR,6,0.14681901470234238,0.3506235781281305,0
3445,36,81.57605775851407,QR,Clothing,FR,10,0.3361799476984349,0.03779334510974373,0
4499,196,46.895956504330506,POS,Food,US,8,0.08691335084706796,0.1911662293759174,0
6701,618,308.28520916124324,POS,Electronics,US,18,0.37404306974634965,0.32318715802161196,0
6487,618,15.03107955058295,ATM,Travel,TR,9,0.22511833461417183,0.013866520948318299,0
4177,896,137.91329537866093,ATM,Grocery,FR,13,0.10290166164244695,0.11459834107183949,0
3553,663,3.8005739778828507,Online,Electronics,US,18,0.005972490724164144,0.04431389919018632,0
9094,972,271.81498492729327,ATM,Travel,FR,18,0.01993615226338217,0.047624485860748945,0
3893,613,271.2109093579107,Online,Food,FR,18,0.18220506163428424,0.24720899453567063,0
973,92,388.0988076426727,QR,Electronics,US,18,0.20457527624264318,0.17347457145921363,0
6480,17,57.692082185356035,POS,Electronics,FR,8,0.0812802805664207,0.2159013717273068,0
3236,755,3.7165439653695764,ATM,Clothing,FR,23,0.1750821024953346,0.006858262063411647,0
5214,146,122.12493654338886,POS,Grocery,DE,5,0.1334798533644258,0.2513671265980389,0
8767,92,117.13809957518444,Online,Clothing,US,22,0.38492855184243313,0.6973233639834575,0
4780,637,2.3030568872995882,Online,Travel,TR,22,0.02176483617536198,0.008815920696153192,0
9323,659,20.69690969235089,Online,Grocery,UK,10,0.2513788327664819,0.15243261242077347,0
2339,550,181.63044239213133,QR,Grocery,US,17,0.17056502017250708,0.2762760639980381,0
6071,519,56.97499404595324,QR,Clothing,TR,15,0.21439216212305717,0.11460479911030182,0
5675,786,23.788451099868215,ATM,Food,DE,16,0.18372575774271316,0.15513676743671467,0
1333,111,15.01986878838304,QR,Travel,US,16,0.2115769919595226,0.12645860603521383,0
695,680,560.1269769866817,ATM,Travel,FR,21,0.17315642761326616,0.6814495996176453,1
7017,638,151.57002085726793,QR,Food,FR,22,0.27244828041502533,0.1447479088600066,0
7520,758,108.29783542407979,POS,Food,TR,23,0.003944940373503723,0.09716454784373932,0
3544,304,5.412552565191944,Online,Grocery,TR,19,0.06582721812110902,0.07235837916853569,0
7956,12,259.5989136898206,QR,Clothing,TR,23,0.029349025816413302,0.10434124652160232,0
6675,244,74.20306370747286,POS,Clothing,DE,17,0.5609847981561088,0.048555903925862516,0
3446,380,1119.020795912074,QR,Food,US,22,0.16855957687221945,0.15656100783174975,0
1649,586,164.73965286108563,Online,Food,US,15,0.4890447506435961,0.29479926124955996,1
4620,325,2.407426443561053,POS,Clothing,TR,19,0.0017429047856330547,0.030903094103504287,0
6997,441,323.91224242572093,ATM,Clothing,DE,21,0.4499601960569257,0.11956462223164095,0
7000,559,37.664948839514814,ATM,Electronics,US,21,0.15584638840427398,0.2401650071915358,0
7165,710,804.7304952473696,Online,Travel,TR,13,0.5285859962469485,0.370488764108728,0
2923,430,261.90281757077815,ATM,Clothing,FR,23,0.30650185703018473,0.29785904925681544,0
4254,960,232.0828854485615,QR,Food,TR,21,0.13504437059647137,0.03376957058890565,0
8455,728,109.44534367072535,QR,Grocery,FR,13,0.1308522561053811,0.0911140127707176,0
6021,231,4.961157900272496,POS,Food,FR,15,0.019009803632908794,0.06558828257780978,0
5245,219,702.2823480214581,Online,Electronics,US,19,0.3723532918967349,0.21941062785491242,0
9272,512,158.81631360330746,Online,Travel,UK,11,0.3255207946511599,0.14571522963774108,0
2070,527,217.0732061540973,POS,Clothing,US,20,0.5555730900075027,0.11467878536648067,0
1194,687,11.446992626995407,Online,Food,US,11,0.01829581895020158,0.2757535703957207,0
2906,676,351.2284140024679,QR,Food,TR,15,0.0012459679106744258,0.1047566470659873,0
4734,107,89.33114510067183,Online,Electronics,US,16,0.6337933053828129,0.17609872413700325,0
9200,725,19.212692514670433,POS,Travel,NG,16,0.05234051493650232,0.23014514066016054,0
9889,687,147.44328813918665,ATM,Grocery,US,19,0.14528452932282374,0.27977371318605343,0
4653,883,53.71486295850368,Online,Food,US,10,0.2519919728620945,0.5195882388548548,0
8464,11,276.09973966250124,ATM,Electronics,UK,12,0.09566952542367155,0.2498368198676829,0
5975,267,214.1859017354915,QR,Grocery,FR,8,0.2678857375667737,0.5048874145588119,0
208,89,566.0721925971968,QR,Grocery,FR,11,0.2450820583333782,0.13681726838668318,0
5998,713,38.18588158572285,Online,Electronics,US,7,0.11408939216268621,0.013467994464027126,0
5724,555,228.29073301469464,POS,Travel,FR,22,0.08085971479811939,0.10676668915678694,0
8674,211,323.9324026180534,Online,Food,FR,16,0.07736124431092459,0.24841464739646177,0
264,333,451.74350523631125,Online,Travel,US,18,0.14654100958750907,0.15566882078235217,0
1284,765,176.71959786580342,Online,Grocery,TR,5,0.28255590346130993,0.14801404711613117,0
6326,428,107.85024284286534,Online,Food,DE,18,0.0732559910410575,0.19181458956126665,0
78,993,26.260220264967796,POS,Food,UK,20,0.03678678153730473,0.061189924976912786,0
5774,949,264.22015242896686,QR,Electronics,TR,15,0.03620470324222242,0.046356107956372086,0
1985,125,312.05995745752944,ATM,Travel,TR,13,0.06920484551428577,0.13695179349794942,0
2673,902,194.61814097372869,QR,Grocery,FR,22,0.11544398480507286,0.0969658223237883,0
5499,850,4.201828921176475,Online,Food,US,16,0.04347148290059403,0.03232939872932993,0
9991,447,105.89809278137079,POS,Electronics,FR,10,0.13160734228613014,0.11207756589032629,0
2877,600,82.1323287250593,QR,Electronics,US,9,0.11656348091898885,0.1625969277438032,0
9549,625,184.76830985614586,ATM,Electronics,UK,19,0.22151824825018446,0.03682332668298092,0
5835,862,6.197655946909116,QR,Clothing,TR,17,0.13232405156885113,0.08880511365748686,0
9242,316,611.7090331071286,QR,Clothing,TR,18,0.2975615966584122,0.24844396036653513,0
9603,138,32.54282971734549,POS,Electronics,TR,8,0.1191784686537874,0.07408157614530865,0
3720,419,667.1669917026509,QR,Travel,FR,22,0.6331505828933601,0.6555448183881303,0
4572,896,136.48659325785798,ATM,Electronics,DE,11,0.4797213617786902,0.04775245728994678,0
7325,926,479.0963345570874,Online,Food,FR,17,0.2919374278138393,0.14097575870820372,0
7136,31,442.79526630655744,ATM,Travel,DE,20,0.18757297800752323,0.5017301531458501,0
4251,719,102.84755061928719,Online,Food,FR,18,0.08658987931232229,0.2665606686241612,0
3899,884,54.3067630729586,Online,Clothing,FR,19,0.49653756631562534,0.20104353387138246,0
299,67,568.1846208455245,Online,Clothing,TR,17,0.41333701038133563,0.24916315511634607,0
9867,420,134.64321038993853,ATM,Travel,DE,21,0.31350535107781846,0.10079078984936787,0
6651,843,52.90182607486789,Online,Clothing,FR,14,0.13575209334365682,0.05275949533444732,0
693,618,183.80741566485975,QR,Grocery,TR,15,0.33763980013235306,0.12027005404190891,0
1861,591,616.6542973552306,POS,Travel,DE,8,0.10202055198862597,0.13176855349814134,0
5981,273,3.4728955911241446,QR,Electronics,DE,18,0.062496787959398864,0.13316868902153417,0
4600,197,186.28612515440787,QR,Electronics,DE,15,0.42232957817780514,0.7771950551609965,0
9603,223,31.85003475476055,Online,Grocery,UK,14,0.02467667731741003,0.13455295001627102,0
8925,600,281.0078762552528,POS,Clothing,US,17,0.3163573818553833,0.17826950500550862,0
6285,31,155.79379360824862,QR,Clothing,UK,15,0.5741834214077438,0.4118105908909915,0
2916,715,104.4043452708695,POS,Travel,UK,23,0.21951879266458366,0.12695467936366775,0
9934,119,628.3204245546252,POS,Clothing,TR,15,0.44047489016004904,0.18130036492355256,0
409,381,177.91993639265252,Online,Travel,FR,19,0.11560565653189259,0.268800650997527,0
6892,208,479.2141421210535,QR,Grocery,DE,3,0.6427408546659257,0.4303665612871232,0
7888,574,146.0174121614342,ATM,Grocery,NG,13,0.033525014378812945,0.10199186598493856,0
257,637,453.48599802139813,POS,Clothing,FR,20,0.02704433928378065,0.22663483251169803,0
8389,773,14.816207730571353,Online,Grocery,UK,8,0.19057188950666376,0.22663387462449405,0
8001,536,139.30561308193373,QR,Clothing,US,6,0.03983931447784951,0.07052146815815766,0
9614,175,67.96819421566457,ATM,Clothing,FR,5,0.7524618938606434,0.16838957883716255,0
4974,991,134.69293751253895,ATM,Electronics,UK,15,0.16805183092789513,0.696109017990837,0
5511,735,289.2215841918428,ATM,Electronics,UK,3,0.06574662890277938,0.03761589249459796,0
1003,810,97.06239261065019,ATM,Travel,US,11,0.033637534472196855,0.07828987167789356,0
3034,718,4.033350869358736,Online,Grocery,UK,3,0.13132508610933713,0.11421178780245762,0
6931,863,182.94828554915753,QR,Clothing,US,7,0.4248433337609551,0.3750593419139609,0
8260,991,93.68903968781366,Online,Electronics,DE,17,0.15005618911205654,0.024925191871179198,0
1018,220,82.54062171319526,POS,Grocery,US,12,0.28035843385152465,0.08695313229800058,0
5280,868,717.0342861009003,QR,Electronics,TR,16,0.2262132060898083,0.15743388912419906,0
4986,600,82.91373589302339,POS,Grocery,TR,15,0.27997923021106924,0.39129321809097256,0
5776,929,177.6842130955789,QR,Travel,TR,13,0.3290824813834598,0.21096402276132503,0
6054,78,17.66737743042265,QR,Travel,FR,15,0.055871226152080074,0.11102250545166524,0
7377,208,20.235696234828865,QR,Travel,UK,11,0.042280804700734254,0.0641990666050837,0
5301,970,11.473266390800157,POS,Clothing,FR,22,0.005360979617952722,0.009689229074221557,0
6168,496,172.52051460162355,QR,Grocery,US,22,0.567976533523295,0.4071151770671018,0
3190,198,18.437484927449113,ATM,Food,DE,12,0.07926622508230957,0.07153380780872175,0
4028,197,307.0639335574113,POS,Grocery,FR,3,0.0763195077980757,0.27564335198401424,0
4419,722,193.94949513153844,QR,Clothing,UK,11,0.27221399411216707,0.33975703722866857,0
1460,466,3.2033640133109182,POS,Travel,TR,21,0.030499233538719066,0.1369479353117556,0
1900,738,81.78100982928078,Online,Travel,UK,22,0.15862138492605998,0.386784635804846,0
6781,485,615.4210970453457,QR,Clothing,US,7,0.34290469027380643,0.21988086765719744,0
578,601,5.393029487673028,QR,Electronics,US,12,0.09161303444547023,0.032025739520147624,0
2585,992,851.9341705652547,POS,Grocery,TR,19,0.12475202757698797,0.41418671571671123,0
4714,537,338.0339796194896,ATM,Travel,FR,22,0.1210380628257607,0.042794296922718494,0
6526,294,10.138128157999427,ATM,Clothing,UK,23,0.07883631895320001,0.05345799367384652,0
981,966,34.96850011302617,Online,Grocery,UK,18,0.3135468191880697,0.2012129003774494,0
372,120,3.0317385437973057,Online,Travel,DE,17,0.05748789390989169,0.04410267228449005,0
173,504,56.31426104014079,ATM,Clothing,US,18,0.15809316614705324,0.029105451623034153,0
7115,689,3.1883635526132625,Online,Food,FR,13,0.03802963393896522,0.00673959920227467,0
9729,490,23.582450068426475,Online,Electronics,UK,19,0.3395462933319897,0.34614385643397244,0
5442,856,30.977861186945425,POS,Electronics,UK,21,0.0018330955640381637,0.07469151899631526,0
4865,195,38.99923562781437,POS,Electronics,UK,21,0.06383427892672526,0.14458595883128042,0
8415,518,175.5733461784021,QR,Electronics,FR,19,0.00643654317093192,0.12244584226447086,0
7555,427,42.659816863220975,POS,Food,FR,16,0.18407867188079383,0.08927558266120567,0
6117,255,28.156640165764017,POS,Travel,FR,11,0.10525033795131249,0.26748784870953723,0
2448,223,157.4212976732087,Online,Electronics,UK,19,0.04788482696007081,0.0960733537087219,0
9243,693,78.85922493792111,ATM,Grocery,UK,14,0.18956189526969106,0.14133822838248436,0
2180,948,129.26645197184902,QR,Electronics,FR,17,0.4909761101825008,0.8430046537202149,0
9098,43,138.2415361057196,ATM,Food,FR,5,0.09056567867546825,0.03323368453158812,0
8392,618,82.18177675060795,QR,Food,DE,14,0.2627890140116,0.11037889772099634,0
6533,697,99.34987311239513,POS,Travel,DE,14,0.09040562769613714,0.0910461642661123,0
8367,313,291.45698130620286,QR,Electronics,TR,19,0.32076168724229265,0.4908305379851614,0
2198,400,178.52473034969736,ATM,Clothing,TR,9,0.04135884230329729,0.04552275279181865,0
6612,682,369.04763372483114,POS,Electronics,FR,9,0.25731436690376064,0.505370340731218,0
3969,803,368.2388066097921,Online,Travel,DE,6,0.2284998640982122,0.27621813857067085,0
202,150,751.1031937468367,QR,Travel,US,10,0.09768259576017095,0.3063273664573263,0
2022,659,72.92460672685354,QR,Food,TR,22,0.17103468597612084,0.01490242700942905,0
5072,255,325.88120886469216,Online,Grocery,US,12,0.4204732366634143,0.15442816452632924,0
9183,149,425.0778528810238,QR,Travel,NG,20,0.13280188731938056,0.298975967667319,0
8310,727,7.90335656673663,ATM,Clothing,DE,22,0.11550170878364541,0.14590821205407745,0
5899,204,66.19356821515115,QR,Travel,TR,18,0.003488043374728786,0.20805547758801124,0
8129,79,83.68921292131634,QR,Grocery,TR,14,0.49435914158418126,0.25060621852444687,0
8580,321,165.8169425858727,QR,Food,US,22,0.2375648524783869,0.2981024000687076,0
3272,113,12.613547108253554,POS,Electronics,DE,23,0.39163097131870767,0.08777797721661691,0
2791,994,117.07228155443646,Online,Food,FR,9,0.14795751365903903,0.02643250357618221,0
603,871,78.8847307470316,QR,Grocery,FR,23,0.12646224693124908,0.005520679524071595,0
8146,620,1045.6802725754167,QR,Food,DE,2,0.23037559583737727,0.13437588989143393,0
1455,672,146.06697073817926,QR,Grocery,DE,8,0.4003264358476446,0.29603956895897,0
7270,803,346.58960199943346,POS,Electronics,US,21,0.9868658919989969,0.4350873403613073,1
356,411,136.20516638917303,QR,Electronics,TR,7,0.10776697185827772,0.02302193698110385,0
1283,914,276.5212325406194,POS,Electronics,DE,10,0.024755119028677736,0.07352277338698701,0
4793,987,25.362225420138717,ATM,Grocery,US,17,0.12883958214159094,0.03323308314682404,0
1069,858,9.58553300505928,Online,Clothing,TR,19,0.02912894907086919,0.047867258367383154,0
8135,57,155.92499346062797,ATM,Grocery,TR,23,0.4587432576897663,0.07623696101427649,0
7925,350,24.328968010667737,POS,Electronics,US,18,0.12060362378338976,0.17439976376638539,0
8170,548,351.7716653042477,Online,Electronics,DE,17,0.3804830627058,0.03557247078354226,0
8479,138,103.0825160956886,ATM,Electronics,DE,22,0.01901269112740378,0.42252108353113305,0
8997,142,359.23763144903677,POS,Grocery,US,19,0.39524328028157757,0.06518281311855945,0
7021,101,222.92548044246286,POS,Travel,US,20,0.7227107764557215,0.4945596505556518,0
500,779,479.0721338916054,ATM,Electronics,US,23,0.44050194056471104,0.5097704010945503,0
2630,372,39.38390402645532,Online,Clothing,TR,10,0.04447126866685429,0.29676590369580746,0
4525,920,15.629804651435126,Online,Travel,FR,16,0.09722197693291555,0.17519173789538722,0
8578,270,59.90827313088027,Online,Clothing,US,22,0.03608554363698799,0.11157505786636074,0
6002,405,30.19352527911535,Online,Electronics,UK,17,0.11379928113054999,0.049804343630900354,0
8202,991,6.885329692804436,QR,Clothing,UK,23,0.1315629430237951,0.16942609079517953,0
1922,746,31.754064995034685,QR,Grocery,TR,5,0.005380357699611314,0.1232614444728351,0
2742,487,188.05018304243603,QR,Electronics,TR,12,0.3019755233863659,0.02735369186254953,0
4454,425,99.1747847056995,POS,Travel,TR,20,0.4609064918263307,0.24088185603973078,0
739,55,329.61116129540255,Online,Clothing,TR,19,0.20828809541748317,0.07290227206477212,1
2201,48,63.70730173644838,ATM,Food,US,21,0.20587827389784336,0.5309759651951612,1
4579,657,15.54700062897148,QR,Food,TR,10,0.11621189746102065,0.14062205705886055,0
9828,523,198.89782436551607,POS,Grocery,TR,16,0.32451262786396157,0.08380456076582071,0
721,868,7.612538555526273,QR,Food,US,22,0.12582205751312953,0.18300971768139931,0
2913,218,23.73532416182214,ATM,Food,DE,21,0.14907880223443398,0.10058666842908,0
7652,48,92.29604466392415,ATM,Grocery,US,17,0.17227393848831807,0.21268712918537314,0
1102,228,46.86824428392162,QR,Electronics,UK,18,0.19295817575419805,0.05296127677907389,0
8076,85,155.6675637572685,POS,Grocery,UK,16,0.10465505222024565,0.10211687327169272,0
7771,960,45.468890742346375,ATM,Food,US,23,0.020521970260729307,0.033868268039447064,0
3239,53,12.91561467086836,Online,Clothing,TR,19,0.13396044254776662,0.30548500509039167,0
621,472,470.53525081008075,QR,Clothing,UK,11,0.3219477203200144,0.2762276477141068,0
8588,388,244.36283424678004,POS,Grocery,US,22,0.658738747083832,0.4819950831529258,0
3197,847,3.1523176670502457,Online,Clothing,FR,9,0.3254055694726316,0.507697788032008,0
1349,946,20.64020388265058,POS,Food,FR,12,0.06751035532957267,0.026876783922269293,0
3985,942,85.30801102704451,ATM,Electronics,FR,22,0.10732612423429917,0.5649801198173613,0
1827,722,51.54972541042663,POS,Travel,US,7,0.0008077318703245837,0.057337550755357944,0
5819,48,98.91189564455988,ATM,Food,FR,23,0.09637968210380893,0.042475890080093,0
9249,542,569.901607040076,ATM,Food,FR,14,0.9053917586077452,0.5992438298298848,0
7439,775,93.274619764336,POS,Clothing,UK,13,0.08022444294286855,0.4926319061015823,0
5560,320,33.617619806654346,ATM,Clothing,UK,17,0.17562081565603677,0.31088809311283866,0
5529,140,15.701956135548391,ATM,Electronics,UK,5,0.15060639556733552,0.10651356376440689,0
8257,335,488.60796002857506,QR,Travel,FR,17,0.24136191512752225,0.11961967820622452,0
6994,407,33.58031302392099,POS,Travel,TR,10,0.06623234131387945,0.17609465329251664,0
4776,465,252.6022626313073,ATM,Grocery,US,17,0.16017100409863716,0.3059699418998279,0
7752,841,58.18417670305453,POS,Food,UK,12,0.30482383418109144,0.16115221483403663,0
3554,960,4.626852341716775,POS,Grocery,FR,16,0.13900024891955315,0.39244651256039326,0
9913,945,536.8631895165727,Online,Travel,UK,7,0.4658093019583748,0.20443219185068273,1
7364,301,148.59551657327276,QR,Food,TR,22,0.09879043770803039,0.23305893737882977,0
9468,457,193.72882126207867,Online,Clothing,UK,15,0.256872334854272,0.2863161364425464,0
7244,198,329.9493979412598,Online,Grocery,FR,20,0.27827315680748727,0.52160928403043,0
8636,679,45.19364686848656,POS,Electronics,DE,9,0.044202782574527394,0.11922381602616222,0
8815,454,1.370010921597281,ATM,Food,DE,13,0.05857295209761637,0.04038417424232245,0
2687,672,96.54110141721978,Online,Clothing,FR,22,0.059300274884643636,0.023547731292610334,0
9805,697,18.85754306946152,POS,Electronics,FR,22,0.04131177456781801,0.08704627328606851,0
6943,459,522.7909983555209,POS,Food,US,23,0.025220074980715997,0.11103681355110571,0
1310,837,106.75256500982886,ATM,Travel,DE,21,0.39956415312043075,0.14634172521665137,0
5766,742,239.35615671081882,ATM,Electronics,DE,9,0.4552388656539896,0.9996026492679309,0
3315,800,2277.90767003636,ATM,Clothing,US,22,0.4903199572488617,0.6245937824209005,0
8732,740,159.274150899095,ATM,Electronics,UK,16,0.3450745417364192,0.21707991319959166,0
3371,48,125.5151913182108,ATM,Food,US,22,0.2650905823671664,0.03387112535062453,0
8739,149,5.10163689543228,ATM,Grocery,UK,16,0.022729268910672888,0.04497787295075654,0
661,39,69.16569308357957,ATM,Food,FR,22,0.33792298608802923,0.3086728397103573,0
5134,635,587.4031058985782,ATM,Travel,TR,11,0.3018729898041971,0.05227613954642819,0
6874,974,73.43482210430699,ATM,Travel,UK,21,0.028753484851264437,0.13020899894371754,0
3853,697,18.529830211324242,Online,Clothing,UK,22,0.10133375568790653,0.03231961584866459,0
3540,13,48.520605996588685,Online,Travel,DE,14,0.46775474671878037,0.4915018425974749,0
2770,367,257.5377226497434,Online,Food,FR,19,0.11597946629658444,0.27971350740310147,0
6445,935,93.89890269231549,Online,Travel,US,20,0.022083194015945634,0.22282615996018082,0
9630,515,212.95872835680143,QR,Clothing,TR,22,0.316651671959793,0.9171928371098448,0
1285,254,161.47341402586656,POS,Grocery,UK,12,0.5811813091917533,0.32906849214866263,0
2130,994,30.852991023457744,Online,Grocery,UK,14,0.41651477118090025,0.38466053753690704,0
3020,832,183.19154783802117,QR,Food,US,14,0.032834064415162525,0.07010259014244577,0
8222,565,440.2280426105552,POS,Grocery,FR,21,0.6565846612658968,0.31872575597816916,0
408,428,17.68832828029173,ATM,Clothing,US,13,0.14073212594983409,0.16119867081707911,0
3996,591,74.02239743913385,ATM,Travel,DE,17,0.11463975419664652,0.030860601471673306,0
2989,104,10.736657859367318,POS,Electronics,US,17,0.07306281575865081,0.10070257694650497,0
7422,992,786.6817647854853,POS,Clothing,UK,10,0.15652559840822136,0.5462161551322048,0
486,170,2.1555902650419676,Online,Grocery,TR,10,0.10115050055924227,0.015137840814209703,0
9923,502,64.88764036915123,Online,Travel,DE,3,0.05499319188603265,0.1053167076211749,0
4636,381,5.413278523177689,Online,Travel,UK,11,0.04460514714288337,0.05615312029652904,0
6276,975,4.360372498866525,POS,Electronics,US,22,0.12813631587470814,0.036738629922102986,0
7428,158,3.252602056045156,ATM,Grocery,US,21,0.24503666091785387,0.09701146015406735,0
1154,937,192.96026446306604,ATM,Travel,DE,19,0.29127808848114467,0.21914370202855246,0
9539,492,66.02762045512924,ATM,Electronics,FR,13,0.08535194287595929,0.14126789045960006,0
3013,852,102.74738773539514,Online,Clothing,FR,5,0.03790169914558239,0.05425452335930974,0
6585,877,250.02342628512474,POS,Grocery,US,21,0.2636840869839105,0.32034669793186077,0
490,915,28.318206425311008,QR,Grocery,DE,21,0.12406595044830637,0.300772834222239,0
7296,93,21.265025273380214,ATM,Clothing,US,21,0.13382664293948104,0.2270926231155281,0
7974,137,176.37901581443307,Online,Travel,UK,14,0.19263462586248095,0.496047695772744,0
7595,365,158.58820529154409,QR,Clothing,UK,21,0.34731044400030037,0.24785607360276873,0
4700,137,52.05449163636514,Online,Electronics,DE,20,0.09354955673896172,0.06530011451679323,0
4913,991,264.396927189874,Online,Food,US,15,0.13070812358307193,0.33139258350114087,0
9544,824,51.08933046548199,POS,Clothing,US,17,0.02397683393457937,0.1522310887960603,0
6820,90,29.750211084657117,QR,Clothing,TR,8,0.14343430574660507,0.1753696734569702,0
5208,715,125.40741080239603,QR,Travel,FR,11,0.1435754368594282,0.149210837221337,0
96,782,34.33983482830651,ATM,Food,TR,22,0.4852393389772496,0.19420177049374723,0
2478,766,24.94289181871736,QR,Clothing,DE,22,0.09241233867243634,0.20196418011276243,0
3752,877,242.2630436068388,Online,Electronics,DE,7,0.06554075179976657,0.12983307908540562,0
3267,591,259.7847146489955,QR,Travel,FR,12,0.18325757229162262,0.8800035631632643,0
6042,197,56.99918887053286,POS,Grocery,US,9,0.04650487649631784,0.009044138080683425,0
97,53,292.80206902532916,Online,Grocery,UK,10,0.30801045560752105,0.17421620034470883,0
8941,332,216.37706310190228,Online,Grocery,US,20,0.07180604261066563,0.07768044845463244,0
1490,677,171.91887451443083,QR,Food,DE,3,0.3269584724405608,0.509925336550476,0
865,903,106.59807535421832,QR,Clothing,UK,18,0.1662989180437161,0.4564642126385152,0
4729,280,97.65665861255542,ATM,Clothing,DE,21,0.3010369231410053,0.23486808260575218,0
4463,786,13.934597411828587,QR,Food,US,22,0.09644621101351031,0.09715919439061436,0
6206,670,14.212428016488145,QR,Food,DE,16,0.265211377669461,0.185755814162442,0
1922,498,211.5657799080864,ATM,Food,DE,16,0.03999552484777448,0.10846132833198374,0
7280,218,14.493361839387289,Online,Grocery,NG,16,0.1441241469291437,0.04146020423461467,0
7754,752,24.45451136877294,Online,Travel,US,8,0.06251229923808856,0.008932812212425954,0
2242,227,462.01837883235356,QR,Clothing,US,6,0.20779410373236792,0.2741217223225555,0
3696,125,97.7259175814481,POS,Clothing,FR,12,0.23780926790444612,0.18724071151815405,0
731,722,257.75141822088165,Online,Electronics,UK,9,0.03438048704003368,0.11797777327443629,0
5038,281,256.9932986229817,ATM,Electronics,TR,10,0.127041273802411,0.3289997670596504,0
398,447,1.0156947278802788,POS,Grocery,TR,19,0.010903983784858275,0.049916159192687645,0
706,578,7.920532329170569,QR,Clothing,US,20,0.07025459663841227,0.06913505736653275,0
1249,512,157.95317864234033,ATM,Travel,FR,16,0.061339415410578045,0.06672212900099583,0
7933,164,180.58218151364255,QR,Travel,US,11,0.048057075864893474,0.08883599112199611,0
7258,928,449.5008012525025,ATM,Electronics,UK,19,0.08679675244435686,0.08071005223230787,0
5652,353,1579.4658388463258,Online,Food,FR,20,0.7905661084131561,0.08790253086020718,1
7608,753,111.43356903083885,POS,Travel,DE,7,0.24384844539852774,0.1940978219292704,0
600,727,26.55625604027879,ATM,Grocery,US,20,0.027888057162783756,0.03884299478305721,0
8839,379,11.517241152849188,Online,Clothing,DE,3,0.208006117636719,0.4005401181430724,0
6693,873,787.1508348822438,QR,Travel,US,14,0.18090208066297583,0.13287664106295866,0
9116,177,350.91087045618724,POS,Travel,UK,14,0.12391119278578226,0.3692085497535836,0
3486,551,110.45303223976987,POS,Food,TR,12,0.0620939263566647,0.4089574673650214,0
3046,813,143.40686153466356,QR,Grocery,FR,21,0.14958318307081947,0.0024023225209063963,0
6600,975,13.412239755450061,QR,Travel,US,22,0.12447060040850805,0.1572732697776873,0
596,566,122.50862964820448,QR,Food,US,22,0.1368867798529375,0.1388917935589553,0
1412,863,47.98448148670562,ATM,Travel,UK,14,0.2710917384618368,0.32188199861082284,0
2189,523,133.7237887783606,QR,Travel,US,11,0.010927674276936571,0.05762484174018513,0
8767,964,308.07072896438933,ATM,Travel,FR,14,0.029194441457007687,0.014215394949835775,0
1943,432,372.62563762571676,ATM,Clothing,US,22,0.20528263356293217,0.154301755536593,0
1295,149,355.4212218169375,Online,Grocery,US,20,0.2356601676939275,0.6890317131092936,1
6752,312,439.96459778420046,ATM,Food,DE,22,0.3959417432874814,0.037559074203668844,0
4215,480,333.18516820629213,QR,Food,TR,22,0.25379858402807215,0.2708354083652429,0
1506,51,24.14939924822633,ATM,Grocery,TR,8,0.27688538871399565,0.12171455753848874,0
4397,490,104.70486532414326,QR,Clothing,DE,21,0.057274134198393965,0.140910519898402,0
6630,15,829.3939934771714,POS,Electronics,DE,17,0.1934091189411835,0.07373079963215495,0
4453,855,201.5052210754344,QR,Grocery,DE,20,0.998736630233235,0.5487835080949828,0
6484,277,234.876113358852,QR,Travel,UK,22,0.46045279779841464,0.3652853758063185,0
8126,301,111.2877730597949,QR,Electronics,DE,10,0.1169987836069276,0.16743772512262087,0
3389,19,64.45755050389847,ATM,Clothing,FR,20,0.011223116994984595,0.37514462848270647,0
5081,915,13.950364057968985,QR,Clothing,DE,23,0.13158954019900962,0.05471306756447569,0
9417,265,18.040641373978623,QR,Electronics,UK,17,0.09593657120238058,0.007705843365054932,0
9664,840,1013.9568039504154,POS,Electronics,US,11,0.507541976667803,0.11227905760366062,0
9179,848,681.6745635705413,POS,Travel,DE,17,0.10721480376543746,0.21472793424801973,0
6536,742,276.2432040774208,QR,Grocery,FR,18,0.3185968418810316,0.21156014545979587,0
5255,62,120.62709962234955,POS,Electronics,FR,16,0.6442021176343654,0.3666188074979672,0
8500,953,97.38684001209775,POS,Clothing,DE,22,0.2367730639836454,0.3125416138855447,0
6945,495,160.55168136878984,QR,Food,FR,12,0.10843852063058834,0.4547782670443279,0
4357,200,93.07562577218043,QR,Food,UK,14,0.016904986644750486,0.12954952339234008,0
6969,435,16.54383475416355,POS,Food,FR,14,0.08577441793192611,0.3126241303488766,0
3452,918,454.5045464403465,ATM,Electronics,TR,11,0.39240700921722077,0.6291540610884548,0
1504,549,1.005179378248848,QR,Travel,TR,12,0.11307555302894312,0.2013163457570496,0
439,173,25.221963289855324,QR,Clothing,NG,20,0.279842831263022,0.012692687026863988,0
8346,265,829.539708021423,ATM,Clothing,TR,19,0.06850314930869225,0.0038350227139495865,0
2201,496,228.04904280722124,QR,Travel,UK,12,0.11306700550713328,0.3038387606641904,0
141,746,439.83075725767355,QR,Grocery,FR,21,0.5785018417486671,0.19837564582857486,0
6226,126,35.950058969838175,POS,Grocery,DE,19,0.4551921271058356,0.14632182006663144,0
6157,433,26.54538040298137,Online,Food,TR,21,0.09036715103504843,0.1336731307901788,0
520,65,83.93695146462046,QR,Electronics,TR,22,0.06492455500874493,0.17772627697378782,0
3934,614,211.63875085947802,ATM,Electronics,FR,3,0.3660071666092669,0.6768787568744397,0
9173,290,198.282732911875,Online,Travel,TR,10,0.051689685321577014,0.017111760560427233,0
5631,251,111.67160102077372,QR,Travel,UK,17,0.16753597936634107,0.19247642556035405,0
1885,236,217.6133386738163,POS,Clothing,US,15,0.4022970185779727,0.14818248691536978,0
4053,677,46.18657430857724,Online,Grocery,FR,23,0.08390598537514567,0.18224692624534414,0
9942,484,53.07746549936478,QR,Clothing,US,6,0.352209833396826,0.28965658326445903,0
1314,923,103.48959465456234,POS,Travel,DE,17,0.29061410209280547,0.13276519963987665,0
1456,803,105.70768347699702,POS,Food,TR,6,0.0857763599587495,0.1455035764378403,0
855,585,9.02869843917316,POS,Grocery,US,22,0.0078014522284570375,0.05271758446142275,0
6401,773,174.1479824258302,QR,Electronics,UK,22,0.16798812081021128,0.11173323948652134,0
8749,979,90.86108361963667,Online,Food,TR,19,0.21004710791599854,0.09707938289822327,0
3419,217,69.8602428409704,ATM,Clothing,TR,10,0.03003834329351455,0.2300970687527749,0
5803,484,10.378686353994617,Online,Food,US,19,0.01790388346437256,0.04205669361790269,0
9238,765,313.14413549096804,POS,Grocery,US,10,0.21398134263330523,0.2686396924925555,0
7729,718,321.7447385711809,ATM,Travel,TR,20,0.01591991121438142,0.03233194004666025,0
8961,47,118.01229876723933,Online,Grocery,TR,13,3.0274785175044003e-05,0.014100907655797384,0
218,133,382.157902018433,ATM,Food,UK,21,0.22415110843226305,0.1975473665898694,0
861,89,164.33213434041997,POS,Food,DE,18,0.4116668598678918,0.18984201669615564,0
8701,194,2.3683184883771022,POS,Electronics,TR,22,0.10386311753466451,0.04109481635880495,0
4102,801,6.360280201242949,QR,Clothing,US,16,0.2492763590548674,0.18717346836531218,0
9057,198,335.2996998775092,ATM,Food,US,22,0.09826119334981924,0.26728819740275855,1
9442,853,408.4004591812468,ATM,Clothing,TR,4,0.1484496935476367,0.21447657321285646,0
8357,765,139.84746535596187,ATM,Clothing,FR,14,0.231954337850195,0.10652839864182036,0
3412,708,114.78213208684845,Online,Clothing,FR,7,0.160050655042983,0.22792241346638734,0
4989,441,79.24693557292794,QR,Travel,DE,13,0.06338755745125514,0.10892848337095232,0
1989,102,28.08474571856483,ATM,Travel,US,21,0.16381809056125632,0.09188168142302515,0
2864,326,98.21352092216719,ATM,Grocery,TR,6,0.043874558149222295,0.14292013081964952,0
1769,282,181.36857782822614,POS,Food,FR,22,0.47738937745670434,0.24487802774440945,0
5017,363,101.7936826144938,QR,Clothing,DE,18,0.2663718046205462,0.3989564726489836,0
8226,933,27.54214108225516,Online,Food,TR,8,0.2513443445497511,0.08451811587483118,0
9836,775,600.7142593973405,POS,Electronics,US,13,0.3665870258147624,0.31584683425375343,0
3548,92,190.62742002759782,Online,Clothing,UK,22,0.07689833648993116,0.11965218050559127,0
7841,862,34.485526215120714,POS,Travel,FR,18,0.19904824304230395,0.0894269680840225,0
1628,379,34.78934105021657,POS,Grocery,UK,9,0.13083941186412865,0.11099246858227974,0
8979,769,120.47907654335181,QR,Food,FR,18,0.2815748453543381,0.09681599142907943,0
4188,934,151.07513418163,Online,Electronics,UK,3,0.6022964031639212,0.047532627123850445,0
4652,208,15.685626842514804,ATM,Grocery,TR,14,0.12563275157326803,0.033273954528016396,0
8532,129,86.89270136897672,Online,Food,FR,8,0.03764043782604598,0.4106804593609833,0
9791,813,422.6042475819066,POS,Food,DE,7,0.39302523566386993,0.2294532596060095,0
6758,664,314.36932167370674,QR,Clothing,TR,21,0.0741276571613676,0.20171948204433293,0
9756,837,285.52681212151003,POS,Clothing,TR,9,0.006311751738475323,0.06177319323064312,0
5260,988,122.03551180286856,POS,Grocery,US,21,0.05586574641761102,0.2071425434396881,0
7845,575,219.43933509021122,Online,Clothing,US,18,0.05333975945854189,0.20041702870332703,0
8916,710,19.810236930931463,Online,Electronics,US,15,0.03045059530009447,0.08274453067247103,0
593,152,186.73367070031057,QR,Food,US,9,0.2567597218193059,0.40253382409583255,0
3194,680,122.54022819272814,Online,Travel,US,15,0.03918292058180003,0.07730551916470288,0
441,400,80.9116612931568,ATM,Travel,FR,11,0.27251111011125095,0.07373238050547581,0
9208,389,4.85642058449532,ATM,Travel,US,22,0.032605255946376845,0.09285618467036476,0
6669,803,80.37419345115686,Online,Food,US,18,0.3482175897090097,0.06920883645138536,1
3302,937,89.43980385033227,POS,Grocery,US,17,0.1353763862006819,0.015808838278184415,0
3818,461,11.830123634725696,POS,Electronics,US,14,0.17144455829871527,0.1664744151505316,0
3683,128,46.46583636642144,QR,Food,FR,8,0.1922314088681497,0.4490945789984306,0
6344,991,333.32156399709226,Online,Clothing,DE,19,0.23017090872276932,0.2963909299031575,0
4757,234,81.20337601087695,QR,Food,TR,11,0.4529745494054344,0.24854676427923117,0
6182,37,106.44341379774333,Online,Clothing,US,21,0.09252959635831454,0.09043076307262041,0
8711,719,17.564931829253386,QR,Food,FR,6,0.5615583980720174,0.10364498744370879,0
2611,128,96.75814993208755,Online,Clothing,UK,23,0.17614410528593763,0.12014248457476095,0
8264,549,290.03424036996637,POS,Grocery,UK,21,0.12011520483732523,0.057659907848911264,0
5076,905,124.56245525877733,ATM,Clothing,TR,8,0.2440108755026015,0.2748494730373983,0
7436,657,7.7968683626227,Online,Electronics,UK,17,0.2299801560504616,0.1309234624548303,0
4832,816,6.263362058872585,Online,Clothing,TR,12,0.09230605796341679,0.019228133715682907,0
3700,725,14.341271329891445,QR,Clothing,TR,11,0.05926619559856204,0.004591451011073857,0
7457,400,76.94719537269701,ATM,Grocery,UK,21,0.12421775338333754,0.08416768147843277,0
4041,96,257.2552305225595,POS,Clothing,FR,20,0.6635609417244949,0.2708542058782917,0
5304,524,43.08393908320785,POS,Grocery,DE,13,0.4847092159400681,0.29814775326604676,0
7851,510,464.15818733596205,POS,Travel,TR,4,0.4355388505600138,0.08990456373853992,0
5381,886,50.285541610526906,Online,Electronics,FR,19,0.9418581482465226,0.1317721676494342,1
7972,250,43.32985889037075,ATM,Travel,TR,14,0.32648889142493137,0.15575645786696762,0
5372,537,25.242077063585658,POS,Electronics,FR,22,0.036549168776146654,0.19732524241385752,0
4371,855,261.5634138328428,QR,Clothing,DE,22,0.4967377749117338,0.16461854994866093,0
8074,138,18.806019257537113,ATM,Travel,DE,22,0.12834994501349895,0.02569446131587115,0
1548,481,49.51867353192646,QR,Grocery,US,19,0.16683949834787543,0.5166604424652247,0
3744,944,20.870202385494256,Online,Electronics,UK,8,0.3186589750192102,0.0396697861747582,0
8661,168,273.6320677555899,QR,Food,US,16,0.16508170601545546,0.06312168608514296,0
2456,17,222.06418811808126,ATM,Travel,TR,22,0.14707106468612666,0.3644430226782806,0
7762,211,166.02754554898485,QR,Clothing,UK,18,0.3295017927211412,0.14979676181714413,0
4132,207,682.3128678993602,ATM,Electronics,UK,10,0.20422661381201174,0.5082400804906223,0
4327,849,348.5377294571126,Online,Grocery,US,5,0.9519005893794867,0.24242527747392936,0
1027,973,141.2950327118575,ATM,Food,NG,22,0.26513146755070033,0.11745579705271837,0
6095,256,216.8889678040966,QR,Food,FR,9,0.05410002086845271,0.00305523280330402,0
3059,81,341.42666591901695,POS,Electronics,UK,14,0.30328974887579263,0.22154002835855136,0
3229,350,237.40742681830284,QR,Clothing,US,5,0.18525225481894203,0.1739914871266822,1
1764,727,1.2835786265867457,POS,Electronics,TR,23,0.01950845224351034,0.02841813097260019,0
8101,974,39.39909117064771,POS,Clothing,US,15,0.3716359963866786,0.5476635410674848,0
6924,368,681.2558109458965,POS,Grocery,TR,2,0.11685389575732949,0.18725500112650947,0
3675,689,95.58972022559725,POS,Travel,NG,10,0.004883844170865682,0.1570379769637384,0
5780,770,17.33780967596926,POS,Travel,FR,19,0.07504296530511874,0.32405601524453936,0
4127,694,28.274931372328343,ATM,Electronics,TR,21,0.017691117666069244,0.0035540263900341977,0
5863,177,16.492241733289912,QR,Electronics,NG,14,0.15765047220410416,0.10154312375124516,0
8826,121,358.31937736273204,Online,Clothing,UK,13,0.15632213273746245,0.16057115626983734,0
368,520,60.635752902044956,Online,Grocery,UK,11,0.017516590939070906,0.1484277765778079,0
7276,379,7.803595551371521,Online,Clothing,US,13,0.025666618073516053,0.071428530791472,0
4483,180,531.0378731469275,Online,Clothing,DE,8,0.25102145556316396,0.0828857699275528,0
650,241,117.11220230723403,QR,Electronics,DE,15,0.02201151167921477,0.06327795433252117,0
4796,503,256.3753830548557,QR,Clothing,UK,18,0.5053019327779508,0.2619395425195563,0
8054,89,580.82722624919,QR,Clothing,US,23,0.07457507466381193,0.22896251480148277,0
6540,854,26.489875452327716,POS,Travel,UK,14,0.1729263926826349,0.06436657156474661,0
7726,104,224.26964684015124,ATM,Travel,US,23,0.41786923566438927,0.17721612989785082,0
2055,218,94.79081868999656,POS,Grocery,FR,9,0.12031745798763896,0.06806059934254007,0
4483,712,7.458728596998995,POS,Clothing,FR,21,0.11157377388700628,0.04856468610243698,0
9077,783,211.90491474294288,Online,Travel,UK,11,0.22221990826213806,0.07952209680416404,0
371,50,254.90669622363012,ATM,Travel,DE,14,0.10790219928722963,0.18770728216157526,0
9051,385,119.37958761971952,Online,Grocery,DE,7,0.27702899473737214,0.049555389567173834,0
2630,321,328.66863278343504,ATM,Clothing,UK,22,0.029417278720400796,0.2016502297612347,0
7113,192,21.006871535588576,Online,Grocery,TR,16,0.2725955795286484,0.06159852242671127,0
8226,232,34.162954033377055,POS,Grocery,FR,13,0.22738529617215225,0.022751250797263135,0
994,787,42.6536222800527,ATM,Travel,DE,20,0.5180952174750046,0.26887738867707917,0
4863,107,525.7776337396866,ATM,Food,DE,19,0.0588373348684466,0.11505721891097356,0
9024,282,84.49382063581886,POS,Food,FR,9,0.18489194227039382,0.8199673434610807,0
7512,115,6.676437125631671,QR,Travel,UK,6,0.16201081505823653,0.040140475364354875,0
2279,814,13.998853758491759,POS,Travel,UK,4,0.10803791027513532,0.11016546464054675,0
9439,255,162.7084767906126,ATM,Travel,FR,17,0.2888800449832285,0.10278060202088105,0
7722,86,4.088223274606659,POS,Clothing,TR,21,0.030072450545220085,0.032170550971447796,0
6402,745,134.27952179050064,QR,Food,DE,12,0.3594950250543781,0.19026739074247223,0
1927,420,2.285720297309798,POS,Clothing,US,17,0.03137513305309283,0.08476275360994202,0
8837,441,424.5832399609806,QR,Travel,UK,18,0.998736630233235,0.22052769930254573,0
9624,135,7.829690525653507,QR,Grocery,UK,5,0.1085127040358371,0.11749977285170186,0
4573,946,109.13407520346719,Online,Food,US,23,0.26409126446248204,0.05061254504731088,0
5877,12,484.88922806830726,ATM,Travel,TR,5,0.452883301535113,0.2284571208634548,0
2420,11,83.95128997108067,ATM,Food,DE,17,0.05446295004132024,0.05627156723686026,0
2293,716,518.4299116551609,POS,Grocery,FR,21,0.24700764328625396,0.1186121640182743,0
3473,769,52.86931080715113,Online,Clothing,UK,6,0.1620746567022845,0.35872523320126404,0
4205,156,126.56725690767185,ATM,Travel,UK,12,0.01803459603810007,0.11378434883856951,0
2402,120,66.23762205853981,Online,Travel,US,20,0.3011749235460166,0.09158824810351744,0
3710,780,50.77531326158093,QR,Electronics,DE,13,0.1850335148604281,0.06320133899172578,0
8715,37,391.17577542804503,POS,Electronics,TR,4,0.31766068959902305,0.1398275998703438,0
2480,891,187.06680246265446,POS,Electronics,DE,10,0.3763869782452442,0.1654525918637172,1
9971,894,13.621199932351685,ATM,Grocery,TR,11,0.5864087144468582,0.39022798489660376,0
7461,129,234.94649353609026,QR,Grocery,TR,19,0.1645104781111535,0.06908502154702612,0
814,522,146.89686805538054,POS,Food,DE,21,0.043783964474318364,0.0638521650673696,0
3688,390,597.8669547051853,ATM,Travel,DE,16,0.15792904352104892,0.7474765101861418,0
9709,400,542.5565109483284,QR,Travel,US,19,0.1884642323640329,0.10519795162171988,1
2837,205,395.86548385939386,POS,Food,TR,20,0.3031177282971975,0.5676659277310476,0
137,184,52.34298959217465,QR,Food,US,18,0.018708125484923163,0.04086257382846972,0
8434,898,8.591881983959421,QR,Electronics,US,6,0.06126025333542198,0.057442687555004424,0
9101,385,80.37602150934292,QR,Food,TR,19,0.11409835774604539,0.07906487638149094,0
5953,747,768.3665971341966,QR,Clothing,TR,19,0.0922259249098889,0.2219686280683518,0
4736,983,608.8925891753124,ATM,Clothing,FR,13,0.1160240114206863,0.3682983112379784,0
5918,69,264.36313924192217,Online,Grocery,FR,7,0.34720458781390373,0.10968059900372903,0
4557,237,126.00850331635746,QR,Electronics,FR,17,0.00808399842420386,0.1917784436593327,0
5515,844,40.80057981535874,ATM,Grocery,FR,9,0.05759822110088078,0.05743820415766668,0
3498,415,402.2501130664419,POS,Grocery,FR,17,0.12161885461208902,0.24326108689865297,0
2575,443,104.09682405478132,QR,Grocery,DE,15,0.04997742875018114,0.1326826539319764,0
7058,771,282.9584958995346,Online,Grocery,US,23,0.07608782574296813,0.26284645410574836,0
2249,472,415.4094978260102,QR,Grocery,US,17,0.31104221046863495,0.15229154757852267,0
6683,24,221.5693697826238,QR,Clothing,DE,20,0.184187070885019,0.15505643437763028,0
7658,625,174.9408662192497,POS,Travel,TR,13,0.363628834431871,0.35521587108332875,0
8018,492,8.48573186972422,POS,Clothing,UK,17,0.013245225673052315,0.09929765532927061,0
3239,111,317.2244147627894,POS,Electronics,FR,7,0.21976449680963478,0.35768984879268606,0
733,127,155.13379759214578,POS,Electronics,UK,17,0.015470437822245551,0.6520848586347868,0
5724,780,293.9543911239642,POS,Electronics,DE,20,0.21292384506712747,0.1636395957153689,0
3046,457,108.3480715538604,ATM,Grocery,FR,9,0.20454386927974638,0.23320115560232144,0
5291,383,155.13236376727863,ATM,Grocery,TR,7,0.08706155656436468,0.21642538633558248,0
4179,107,255.69429224254944,ATM,Electronics,TR,12,0.16176095292836964,0.1559258745421184,0
4015,398,41.835648866108194,QR,Clothing,DE,22,0.1414815769058917,0.045745685595480624,0
9892,552,8.320072276014237,POS,Clothing,FR,9,0.0669413608611612,0.14876478086299594,0
4398,532,70.99453179790878,POS,Grocery,US,4,0.12857130320202406,0.24300267601456352,0
1361,240,78.7106774703631,Online,Grocery,FR,17,0.42195289939602876,0.30345212120268633,0
712,839,25.668471793019098,QR,Food,FR,16,0.43664702054083265,0.1640814099727641,1
6678,865,5.529679475831514,ATM,Travel,FR,23,0.004095286576914731,0.0016038608677186694,0
3149,419,132.7999514601874,QR,Clothing,TR,20,0.09520651084071478,0.01487904708584055,0
4964,5,664.1535538783979,POS,Food,FR,18,0.4175379837326049,0.037269121059527816,0
2090,309,88.46147088932906,POS,Electronics,UK,13,0.08131910617004685,0.1380126070470582,0
5468,250,307.83082730004355,Online,Food,US,10,0.09839097543369255,0.14365406722269253,0
7661,248,230.8557908442545,Online,Food,UK,22,0.24894405438246162,0.27045910164939463,0
2004,57,93.88929127911524,ATM,Clothing,FR,20,0.0655559008774336,0.28645872740133765,0
9637,400,289.36252503900045,POS,Clothing,FR,14,0.07153614364164355,0.2142760263380104,0
9134,870,984.2166869920094,ATM,Grocery,US,6,0.16190853100150762,0.5187020077169656,0
9598,334,1.956964480032116,ATM,Clothing,DE,11,0.08488952238759394,0.021980901996243803,0
9753,66,2.462505812299639,QR,Travel,UK,15,0.04268547437387103,0.1582633289044109,0
735,725,24.16129431053279,Online,Clothing,FR,22,0.16324299788886662,0.005398854203147792,0
6144,439,367.16555666061896,POS,Travel,FR,9,0.5924389601532535,0.4052798991358386,1
2734,889,90.7713089820964,Online,Electronics,TR,9,0.12687822057011242,0.40438864719381123,0
5901,92,112.75220419792217,POS,Food,FR,15,0.18045854163610667,0.23386045739946346,0
1554,894,372.4416908573553,ATM,Travel,UK,4,0.020888054554678164,0.08181518350809905,0
3901,960,69.98846991009586,POS,Travel,US,20,0.21641029753220062,0.5165595047305284,0
7220,912,175.36823975206156,Online,Food,US,18,0.1959705772292495,0.04512244468889649,0
4420,842,137.5514795275659,Online,Food,FR,23,0.15372786457524626,0.06098510262655079,0
1857,170,50.414598452053085,ATM,Electronics,TR,13,0.20412628003033817,0.06030751033616125,0
6459,228,156.75811549900527,Online,Clothing,DE,14,0.033296699186655246,0.6589790694203157,0
41,576,123.97157590260035,QR,Travel,TR,22,0.033082866611752144,0.2368862797815797,0
8340,103,61.59614969531169,QR,Clothing,FR,12,0.12345920126022304,0.021521115280117444,0
9488,999,76.92043152420247,ATM,Electronics,TR,20,0.06815285544473668,0.1052064050331371,0
3668,360,149.10854186488697,QR,Clothing,UK,13,0.23487607283650314,0.355033191012766,0
1437,153,55.99828472669664,POS,Clothing,US,13,0.08290078247075378,0.2169026099036799,0
128,787,77.83939225364406,Online,Food,FR,10,0.020820548724346532,0.09728213970835527,0
1037,693,16.685169680663453,Online,Clothing,FR,15,0.25912197238986145,0.27144493805436415,1
3049,929,16.658074239828426,Online,Food,TR,20,0.14857385514318502,0.20028861475641843,0
4064,395,114.28416037160825,POS,Electronics,TR,22,0.5214401824575662,0.24000523038699023,0
2453,669,22.601664563063405,POS,Grocery,FR,7,0.03773865354181937,0.20929742363427972,0
3047,711,18.54367621778532,POS,Electronics,FR,21,0.06273308371360244,0.08402641147164651,0
7972,117,849.2993666259647,ATM,Electronics,US,15,0.36956004111214763,0.37110844790961,0
5612,287,15.54952816502411,ATM,Clothing,US,5,0.15772115799534084,0.04283377212037144,0
6054,509,22.38277871309757,ATM,Clothing,US,12,0.08130495674472864,0.06696622150932277,0
181,378,1.6934613176994167,QR,Travel,FR,17,0.09033346540758887,0.0011057879221616003,0
4456,15,77.03761073510265,Online,Food,DE,10,0.32473306695380166,0.4424906828936506,0
1843,759,139.6795929471201,QR,Travel,DE,17,0.11546829672573579,0.10068059350420401,0
280,114,350.17046018315995,QR,Electronics,UK,10,0.14989381363990933,0.18523327646100746,0
8246,872,72.00102151451591,POS,Electronics,US,19,0.049815444467515596,0.13414835719856816,0
1483,68,370.08175991844723,QR,Food,TR,14,0.3340507520707999,0.4746481386639021,0
9978,323,85.10369033892107,POS,Clothing,UK,21,0.13158121826735505,0.004389709891490341,0
1345,924,43.19747146964243,POS,Clothing,DE,6,0.2548065564076818,0.06355364629277836,0
6812,777,105.52022515728873,Online,Clothing,UK,17,0.29386476039221765,0.11064275103169013,0
4328,324,75.79964435622834,Online,Electronics,FR,23,0.13688707770215672,0.19919663496456416,1
5385,629,6.843460215440453,QR,Clothing,US,9,0.009376219019671714,0.03908746239678687,0
7096,245,232.34005230134514,Online,Grocery,DE,4,0.04161567787544255,0.07836432329860041,0
8000,546,72.65254498306751,ATM,Travel,FR,21,0.261658371646756,0.038416981701898764,0
7859,634,238.5219889893077,QR,Food,FR,15,0.175206759773909,0.04393175953853911,0
3012,972,95.80297047894874,POS,Electronics,DE,22,0.05027965207152877,0.08299964301385973,0
6154,279,97.48559737393364,QR,Clothing,FR,17,0.062230833044517486,0.21759956679343617,0
1186,920,57.57625567036114,POS,Food,FR,20,0.025532156085671803,0.08696344636119548,0
6770,146,71.62389593067309,QR,Travel,TR,13,0.16624795601189232,0.12275424273542516,0
3347,484,6.738157027024838,Online,Clothing,DE,6,0.08034461422400029,0.07913558886126108,0
5875,499,267.30239622144495,Online,Grocery,DE,15,0.3894657758565842,0.10633723480765334,0
901,218,269.92851394619163,QR,Electronics,UK,19,0.09074767085532948,0.19695033908136844,0
9705,64,5.866150672938876,ATM,Clothing,US,14,0.010041222972201884,0.09500672938955478,0
7662,627,136.431275554793,Online,Electronics,UK,21,0.2391803907640135,0.364234930789683,0
2236,852,3.2147579316345896,POS,Food,FR,20,0.06339673033397934,0.14954194130506848,0
3161,920,2.4237086556699055,POS,Food,TR,11,0.010395631645241403,0.015366181493551463,0
9943,717,60.595598910474045,POS,Food,DE,11,0.1792866010495461,0.057050703258394675,0
530,681,43.265178593714396,QR,Travel,US,1,0.15917956632147268,0.19739240336446925,0
3514,518,4.471587190925833,ATM,Clothing,DE,1,0.06260138088227707,0.019757434346161926,0
642,969,41.83991037535077,Online,Electronics,US,23,0.4274629319813742,0.21095783209511845,0
5126,572,196.38030869735766,POS,Electronics,US,6,0.29435100666396485,0.13474843336655057,0
770,961,70.51430552703165,QR,Grocery,FR,17,0.5113821508388615,0.1680048449113596,1
9014,913,3.4212920500001975,ATM,Clothing,US,19,0.014148676364755216,0.3022041519782652,0
9962,698,46.21293885174259,QR,Grocery,TR,17,0.06467579387164171,0.24946159137574975,0
3355,838,5.163416839792356,POS,Grocery,US,5,0.07362169711042432,0.49890946250144563,0
6590,533,2.9364294179432706,POS,Grocery,UK,10,0.16577883436748841,0.14902113021323993,0
2249,901,29.31323119864266,Online,Clothing,FR,9,0.19867556495805977,0.14681675245457348,1
1935,723,707.0006363771815,Online,Clothing,TR,9,0.1522162816944117,0.24873789854283612,0
6033,831,62.14716194300037,ATM,Grocery,UK,16,0.2723712547770075,0.0672954909520107,1
3554,572,272.36156761837333,ATM,Electronics,FR,13,0.1798460638979094,0.135884230415101,0
3750,452,28.305152673842507,ATM,Electronics,DE,14,0.027374324285825955,0.2260378209220269,0
3491,842,526.8915080052857,QR,Clothing,UK,13,0.08579517427976907,0.1597488152448113,0
6683,270,418.1144318210628,ATM,Food,US,22,0.06095699485362152,0.08305377187650023,0
1076,807,152.67045268580287,ATM,Electronics,TR,17,0.12049447739923529,0.07059003033485332,0
5439,473,73.82062765178567,ATM,Grocery,UK,17,0.20926806841094125,0.15329025770650234,1
9892,574,110.35001657979129,ATM,Electronics,FR,7,0.14604769586473218,0.6454172163676515,1
2718,493,26.559048617669028,POS,Clothing,TR,10,0.26280072377709734,0.0175268361871246,0
2994,239,10.411065785360341,ATM,Electronics,US,13,0.047730658346749257,0.16331223945899198,0
1063,409,267.3077713080963,ATM,Food,DE,23,0.06936915169202337,0.06597472751107553,0
5081,848,144.84759523942003,POS,Travel,US,16,0.05449871547234948,0.1274873586144571,0
8462,153,414.5199568079308,ATM,Travel,DE,7,0.200635066274998,0.2079005862198697,0
8170,675,289.0010788012791,QR,Food,US,18,0.564255686326884,0.2925041158455252,0
268,898,69.69181075110394,POS,Travel,FR,9,0.20288043433352462,0.09580591910990215,0
6243,377,89.72131728411856,Online,Electronics,UK,22,0.16102106327102797,0.3218833300137887,0
7291,282,20.13480036179101,Online,Electronics,UK,21,0.0556051131859644,0.12854608800640435,0
4070,498,44.193089457532004,QR,Clothing,TR,20,0.06572875945619287,0.0724041781643695,0
8143,193,23.796787615558475,POS,Travel,UK,16,0.17858715216884619,0.058917049422818266,0
526,108,9.430615861630073,ATM,Food,US,22,0.14818735109304546,0.22390837429058383,0
764,21,223.8292687285273,ATM,Food,FR,20,0.11659914291901091,0.3105419951648594,0
9139,564,295.08815324123293,QR,Clothing,US,19,0.047931713870434496,0.1005264960158173,0
6967,538,140.68031531687922,POS,Travel,TR,11,0.31736244640630956,0.09097655080080906,0
3402,119,387.75437293798353,Online,Travel,UK,3,0.05213165862353276,0.04764086174493016,0
7365,577,7.994601479380887,Online,Clothing,TR,15,0.281831208936012,0.44242334659299964,0
2818,780,70.14512972034099,Online,Travel,DE,21,0.09287373053403801,0.17525141517093956,0
3122,225,35.22362581853438,POS,Food,FR,22,0.3121845666638389,0.039752264934477574,0
93,368,21.528767705248345,Online,Food,FR,22,0.17556617480457795,0.06132189104477824,0
9254,991,28.093969551609952,Online,Travel,FR,17,0.05846033039158115,0.18542435206451502,0
165,40,23.900454108035998,Online,Travel,DE,15,0.6409574070616438,0.1965089949965449,0
581,526,78.71379297898902,QR,Food,DE,4,0.20430794157221452,0.05596173249397273,0
507,344,261.5921124484725,POS,Clothing,TR,21,0.5136373176919613,0.12558633233622404,1
1830,715,50.80046308538908,QR,Travel,TR,16,0.10780326468903163,0.10497874415986498,0
9269,319,267.3511066870918,QR,Food,US,11,0.1230291989672771,0.3511650200947124,0
1623,401,1005.0943449018728,ATM,Food,DE,19,0.1954020114855975,0.33654569444208793,0
5273,233,80.92477086965211,Online,Clothing,US,21,0.20887244627451576,0.22142314509387764,0
4575,277,8.746890742832983,POS,Travel,TR,13,0.30366855293220785,0.027792607934966858,1
9426,402,765.3278102131784,POS,Grocery,FR,11,0.4870594867542789,0.46031665632565416,0
8952,413,193.84899625277413,POS,Food,FR,14,0.15590288388117965,0.02581113786684418,0
5488,535,516.2801507653988,ATM,Grocery,TR,21,0.3768122520034234,0.3892482302337028,0
9720,876,1.8697694049777582,Online,Electronics,TR,21,0.029241459735932916,0.14824774810628377,0
5993,189,214.88482417251538,Online,Grocery,FR,22,0.19169721328357414,0.18211573762480562,0
9385,462,63.07530219693533,ATM,Clothing,FR,19,0.15885061587267496,0.040258596673014645,0
5392,335,11.553554293260131,POS,Electronics,FR,17,0.07858356627753578,0.04215186284319472,0
4277,719,2.951868270135999,QR,Travel,US,14,0.12122108615909341,0.07963285432759885,0
8962,908,188.01722762528073,POS,Food,TR,19,0.3039188755030608,0.029423695387511304,0
1482,402,186.24028613267933,ATM,Electronics,US,17,0.14105710184182166,0.4795235829177181,1
6203,796,1.6236789387281036,POS,Food,FR,16,0.046308132789158754,0.2102332122765639,0
8002,757,46.3269294306803,POS,Grocery,FR,1,0.2850250198144074,0.3133434556012841,0
4002,656,180.54375567113328,POS,Grocery,FR,21,0.15970967432738759,0.04426529189774125,0
8287,288,203.5603072802366,ATM,Food,FR,8,0.24679153179658975,0.0840188562555402,1
4679,928,80.32245478709925,ATM,Travel,DE,12,0.22072200439311315,0.10255795232682133,0
747,334,194.4786187792142,POS,Travel,DE,13,0.08834808083171376,0.2048107556346636,0
4929,277,17.64833024664637,Online,Electronics,US,11,0.09812635105743762,0.0716182036945697,0
5208,324,173.8130209287003,POS,Grocery,US,21,0.3450455667745174,0.1220595138938734,0
7576,18,133.15549831899745,Online,Food,FR,6,0.31912982756916736,0.39864410992565996,0
3120,82,75.35442390154323,Online,Food,FR,12,0.08915839153022004,0.35379817090942983,0
3059,264,43.098696123965915,POS,Food,UK,17,0.04612878836003016,0.0950002169530421,1
5004,911,76.73410045442031,QR,Grocery,UK,10,0.12855067434039186,0.12768112152554076,0
6391,136,52.144945746617765,Online,Grocery,TR,17,0.13849885090670633,0.035911197429582147,0
36,821,113.80102511410708,POS,Grocery,FR,18,0.09355449040446831,0.08908899824178676,0
2255,347,403.488558377458,ATM,Food,UK,16,0.3288482791893984,0.3679950337095938,0
30,874,320.46290128243714,POS,Electronics,TR,9,0.2712692467062173,0.10131077948401554,1
7553,304,161.40509306625398,POS,Food,DE,4,0.303467849667103,0.20908408980823595,0
6180,310,1201.112222664715,POS,Travel,FR,6,0.13866662714127959,0.031965065016070375,0
7059,216,15.547148240378933,Online,Clothing,US,17,0.10178323445694772,0.050615018571512176,0
997,987,114.56333804446473,ATM,Food,UK,14,0.24443752173673305,0.09357979882892169,0
255,986,19.21780303279628,POS,Electronics,TR,22,0.1283522055551572,0.14319355601031214,0
4750,362,157.26789388609632,Online,Electronics,TR,22,0.13072475831266747,0.29167185119817,0
3201,124,66.25754842176829,QR,Grocery,FR,17,0.07938314300381404,0.15730198821984226,0
1963,511,49.881824066663185,ATM,Food,TR,21,0.11161422453144437,0.039493592984404975,0
3733,121,64.48668436579781,Online,Clothing,FR,5,0.22838780320695629,0.5558460822786638,0
1822,291,83.82372608356046,QR,Grocery,TR,2,0.1608511241022338,0.1879960113310165,0
1340,690,126.10711054240404,POS,Travel,FR,4,0.36968437314358105,0.2205155007378621,0
4604,585,131.81386971189266,ATM,Food,FR,10,0.09936201640406209,0.2950536878730594,0
5996,919,366.41373832943435,ATM,Grocery,UK,23,0.2097884060812467,0.1734183253248243,1
1486,16,402.1557628250747,POS,Food,US,22,0.21086566646037136,0.3523484008345536,0
8910,674,244.08368681160442,QR,Food,US,21,0.3594744967005099,0.06075839696028149,0
5094,214,2.455775405007943,ATM,Grocery,FR,17,0.015713092382013714,0.06269866251278854,0
1302,226,19.60001516549139,Online,Grocery,US,4,0.05541481916366153,0.12995596521899494,0
6728,61,86.5304384609928,Online,Travel,US,22,0.8514812121361596,0.2138762566037306,0
3020,926,310.72940230581105,QR,Clothing,UK,3,0.30521042607998694,0.3277152725339203,0
4016,820,51.980429653526905,POS,Grocery,UK,18,0.15898342001398733,0.09426701924954688,0
6675,692,114.00857101905994,POS,Clothing,UK,20,0.1199297710531556,0.07777609163489524,0
7205,611,53.5267616370941,QR,Travel,US,20,0.03991535187890062,0.25121764274360614,0
7260,495,33.875281266546565,ATM,Clothing,DE,2,0.05681957060008925,0.15573944506405826,0
7708,514,512.4498434009636,Online,Grocery,FR,18,0.11411439582203221,0.04596389171551904,0
8784,886,6.80267419535583,POS,Electronics,UK,9,0.09930130585718279,0.2997361152191731,0
4791,210,111.07390282004226,POS,Food,US,16,0.03357255963071959,0.2692054979825743,0
7016,747,15.26281064564798,Online,Grocery,UK,14,0.0023489197821367426,0.016995479751887973,0
6342,51,68.004558964297,Online,Grocery,US,22,0.0805795481081714,0.024664006438473354,0
8371,183,238.6847412187873,QR,Grocery,TR,22,0.49593356707222114,0.034262068009185166,0
3913,539,505.1630576443583,POS,Food,TR,20,0.07891088900648474,0.2127727706621264,0
8246,70,8.644464192296079,ATM,Food,US,22,0.005974886140268652,0.0928847046294222,0
6213,991,43.371625417278125,Online,Food,UK,20,0.09214602995715841,0.03087321010937115,0
7908,227,40.38854794363941,POS,Travel,FR,17,0.15809218638591568,0.06589393134528197,0
1160,731,169.63527313778377,Online,Travel,US,15,0.10492114917184267,0.07108835265760116,0
5254,857,246.53908310043164,ATM,Food,DE,1,0.2737276005781729,0.5419720855616214,0
3027,957,1.096474003192557,QR,Electronics,TR,12,0.026016659347390624,0.058487563493154954,0
3584,332,103.55097674519745,Online,Clothing,FR,19,0.1521511317490086,0.1576066296533015,0
8017,188,5.359101626188228,QR,Food,US,18,0.01739810258567108,0.0890801742720311,0
7745,899,149.13724491394814,POS,Electronics,US,21,0.0587106906703373,0.1352432258585798,0
8855,620,68.82678959918992,POS,Clothing,TR,19,0.027935456057963826,0.21295796669339984,0
4095,792,104.11906216698203,ATM,Grocery,FR,5,0.37546957669884473,0.14736673265647418,0
3438,65,477.5764317484915,POS,Travel,UK,11,0.3180542516127932,0.2981621531223503,0
2508,766,143.083867374218,POS,Travel,UK,20,0.3017344118050804,0.1970984329630256,0
7655,637,344.5024314527837,QR,Clothing,DE,16,0.20775055099944653,0.3711464444323746,0
5879,498,299.3723119246775,QR,Electronics,FR,21,0.5089662390093671,0.11252042214952779,0
7983,460,205.18831027513448,QR,Grocery,DE,3,0.5565435382045393,0.1868040266673494,0
5465,491,55.11873471316207,ATM,Grocery,US,18,0.2902256334530397,0.6520311427448402,0
6227,48,334.41840565600114,QR,Grocery,US,20,0.3405609864818034,0.4263396574925016,0
1837,715,4.814629866777798,POS,Clothing,TR,11,0.052726984513654866,0.0900985194829915,0
6286,243,332.2345755201013,Online,Electronics,DE,22,0.3239766653754295,0.27919387600846507,0
3071,129,71.25919031139186,POS,Clothing,FR,8,0.08876756267722866,0.31999305182597204,0
5403,491,153.4075500736391,QR,Grocery,DE,20,0.05022124593937713,0.10826732480280836,0
5266,325,55.35960624896895,QR,Clothing,DE,5,0.18400764094910446,0.3718754702666936,0
2642,852,14.714770667933688,Online,Food,FR,17,0.4327278391179101,0.20952435425128277,0
7322,545,14.32207818746563,QR,Electronics,UK,6,0.25425009936262577,0.21387480449163254,0
5117,328,25.15598895823209,POS,Clothing,TR,21,0.06757136545292547,0.14633604543059825,0
9699,959,315.59691707215944,QR,Travel,DE,16,0.17253439019434247,0.07859198867258363,0
7702,511,251.48385853280945,QR,Electronics,FR,21,0.0884613239690607,0.5070429373905992,0
1731,941,84.03946279474876,POS,Food,FR,5,0.1441657587953042,0.31822854222558145,0
1695,721,1.6351463159215047,POS,Clothing,TR,3,0.001833675617660545,0.024804599418288026,0
7332,603,48.84688022187965,Online,Travel,FR,8,0.1902054524141664,0.015384225784582227,0
6611,354,130.36424000712506,Online,Clothing,NG,10,0.5159049692914135,0.5969810669592173,0
5399,55,148.63797479591662,POS,Electronics,FR,11,0.2889085084741237,0.25401285935210427,0
1226,413,96.03966516803206,QR,Food,FR,13,0.11387878768075031,0.09657913074021514,0
5734,853,487.3197521306893,Online,Grocery,US,18,0.3341433705698205,0.8307231448502926,1
6414,44,35.50767163780772,Online,Travel,US,21,0.16612191512287508,0.2964026843351398,0
5398,491,26.19912290538272,POS,Food,TR,17,0.15565875845008484,0.18439149842025496,0
2771,104,409.43968961954835,Online,Clothing,US,21,0.40656168214802835,0.34253062538067464,0
6818,637,96.0254997189723,Online,Electronics,DE,23,0.027164417228595503,0.008512244611808422,0
3119,745,170.03586562987505,ATM,Food,FR,22,0.06349534444511426,0.1944166976508119,0
4037,663,75.18898404821093,POS,Electronics,DE,10,0.25198309332843,0.22421914140930732,0
2410,715,621.6124093222627,ATM,Clothing,FR,17,0.24584020225782408,0.07676337976592067,0
8909,548,14.583993373076924,Online,Food,US,17,0.2554185937264174,0.05567055070614462,0
248,44,27.930892680691905,QR,Grocery,US,16,0.02089803735142747,0.0295122962644801,0
4145,348,17.468992392265715,POS,Electronics,US,9,0.09846510805490127,0.14350799408139409,0
5681,203,87.39704089161026,POS,Food,FR,9,0.35596896042293813,0.2679347089704508,1
3038,227,2.634967729916753,ATM,Travel,TR,5,0.013745031464913656,0.10090524937555882,0
6574,313,1141.877459150038,POS,Grocery,TR,9,0.1253373105522848,0.6781723276614678,0
1259,984,26.928555067428597,Online,Electronics,TR,12,0.019399514005993528,0.17192860599142545,0
5180,424,34.930757962383495,POS,Travel,TR,20,0.08205992485323758,0.01170268842295398,0
9287,894,99.02121830232954,QR,Travel,DE,8,0.2892499810939112,0.12197158532654293,1
6424,889,6.2413660970376155,QR,Electronics,US,19,0.20789156287892985,0.17904836987564995,0
4820,867,61.47832667207575,QR,Grocery,FR,17,0.13844813752024318,0.44831862345407836,0
8740,309,84.05382257837418,Online,Clothing,TR,13,0.01623948257456281,0.1253962264340708,0
3649,715,135.73009292912747,QR,Food,TR,11,0.302268407994533,0.1581018984120547,0
9121,389,11.114979253485,ATM,Travel,US,12,0.21459039531430796,0.027906681410722792,0
3266,840,149.9027643170457,ATM,Clothing,TR,14,0.8902889857063954,0.617231901201281,0
5092,82,7.9903182989678205,Online,Clothing,FR,21,0.09713412037803187,0.10515500529648728,0
6762,955,7.507287056654175,POS,Grocery,US,17,0.06562240184479089,0.0123552270655485,0
2911,357,79.26147268291953,QR,Travel,US,22,0.004625864362515833,0.19007935788735092,0
8599,828,113.60360211766896,QR,Food,UK,21,0.10928468733771482,0.020304529123169542,0
5016,128,197.73037329242348,ATM,Electronics,TR,9,0.14275967440215426,0.25239241135642615,0
5698,995,61.68993741663027,POS,Clothing,UK,14,0.24286586534400995,0.05198044491753819,0
9880,406,58.2700846284224,Online,Grocery,US,7,0.1403458758119397,0.1128448107289135,0
3636,22,223.1627044942249,QR,Travel,FR,8,0.12495812343725116,0.2369041180912519,0
2823,149,71.54515674801216,Online,Food,TR,22,0.046035012853933965,0.04963319218545435,0
3425,374,197.69377942927613,Online,Clothing,US,18,0.21598962982193845,0.18375042758236557,0
824,576,253.86178580706888,Online,Food,US,15,0.14110047954855054,0.1689993934857236,0
892,545,31.289233663503797,ATM,Clothing,UK,11,0.023267167157361778,0.24634350872568353,0
1719,70,312.9566256722979,Online,Travel,DE,16,0.19932558506760226,0.2467702851356831,0
1680,154,68.2519286945734,Online,Travel,US,22,0.0706353590426296,0.0037567705011739482,0
6613,816,142.85477699441302,ATM,Electronics,FR,10,0.7730534650604424,0.04804956240727674,0
1409,459,52.68286438172585,QR,Travel,US,8,0.16474200385242913,0.29971666392042323,0
8090,632,99.10407262064918,QR,Electronics,DE,6,0.13226918733014403,0.09480755560793255,0
4083,225,22.88990875172806,ATM,Food,UK,23,0.14951015900067424,0.040379205016893925,0
1784,386,347.9020229932536,Online,Electronics,FR,19,0.18631078830035894,0.32395230026640265,0
3434,625,64.86713058366779,ATM,Travel,US,22,0.10652330105494212,0.01807822439531108,0
537,678,465.2175070993309,QR,Grocery,FR,21,0.4835827097387518,0.5296180070144345,1
1620,187,202.20978215670306,ATM,Clothing,UK,16,0.14066604221141132,0.24775918103320713,0
5332,547,604.7758003816975,Online,Clothing,US,20,0.45067428738546605,0.49996231514868045,1
3897,517,72.12646003441263,QR,Food,US,23,0.07727834962706275,0.12316491087602147,0
588,339,415.8971287922052,POS,Food,TR,7,0.26000547368891214,0.18891120657958557,0
9694,134,248.17993430653777,ATM,Electronics,US,23,0.16118251547672338,0.36786079839028296,0
8324,457,103.23773623920705,POS,Grocery,FR,21,0.00424504601633383,0.09153535230788318,0
2421,170,4.654911605491624,POS,Travel,US,13,0.16266157601763812,0.1410471528596677,0
4137,863,17.390695964505053,POS,Food,FR,22,0.08257026145534835,0.17302380667869743,0
7787,312,447.5844750775023,ATM,Grocery,FR,1,0.6507581679580434,0.41432922956200025,0
7204,906,84.9748045885034,ATM,Travel,FR,7,0.05486936725460526,0.0652638720318032,0
763,309,312.21855934460183,ATM,Electronics,UK,15,0.35354159275336766,0.40447106394168236,0
5129,346,5.30367702913919,POS,Food,US,14,0.03291701053235499,0.019615024883008796,0
2712,287,22.618576974285862,ATM,Clothing,TR,15,0.09150348735332704,0.09774881823293677,0
5724,132,35.8205873238748,Online,Travel,FR,11,0.12306862310199494,0.20662393500260437,0
2261,638,1.2332971238050692,QR,Electronics,DE,18,0.026991050125314414,0.2660052527074094,0
2960,992,564.0125187504369,ATM,Travel,US,18,0.5180641369980281,0.3738537725267433,0
3547,357,254.1108345970274,POS,Electronics,TR,6,0.312947519091258,0.2664662991642526,0
4047,494,106.83439839841479,Online,Electronics,UK,8,0.28914430194931917,0.1300654951756629,0
2920,747,95.31068436769579,POS,Clothing,DE,22,0.060966214375089915,0.1991439449566881,0
424,688,171.85670892760197,ATM,Clothing,DE,8,0.047453222205499905,0.0881762137697822,0
3748,201,618.0668096127652,ATM,Clothing,TR,6,0.039711660254131795,0.1590413553696205,0
9483,399,37.39616267260069,ATM,Travel,TR,13,0.030848866016143686,0.03730287157895411,0
6635,424,65.25157810481853,ATM,Electronics,FR,8,0.13141830689745845,0.21292513873789146,0
1923,881,163.27262241626036,POS,Electronics,FR,9,0.09897548547110636,0.21368949218466188,0
2345,191,8.932408472813417,QR,Travel,FR,9,0.05150911915312502,0.034422152855844414,0
5962,117,231.20649187114665,QR,Travel,DE,5,0.5337522295412174,0.28374471818135505,0
3403,715,278.73579000570936,POS,Food,TR,22,0.13700369033142035,0.21045501165901592,0
7500,918,61.80381867240971,POS,Electronics,US,13,0.024858789492608353,0.10079477258616086,0
8599,614,239.93114811307572,ATM,Electronics,US,15,0.22935194845767487,0.24925573760844694,0
5137,122,31.70183859861916,Online,Electronics,DE,17,0.2427767196221283,0.12540237417378403,0
5930,204,29.862404087855523,ATM,Food,US,3,0.13758982107448323,0.06396648058175357,0
1675,510,392.88561891171906,QR,Clothing,DE,20,0.25854561781253504,0.1297144187506686,0
2123,898,6.46634923978837,Online,Electronics,UK,10,0.11115340451168117,0.1163279660432091,0
9165,645,108.98257260613376,POS,Food,US,15,0.18057769215718186,0.3046707031822358,0
2258,386,178.49630490357393,ATM,Food,TR,9,0.03174756292482952,0.015236872791997463,0
4508,925,2.244394006269322,QR,Clothing,TR,15,0.02186445005767395,0.0748492893850116,0
3637,583,144.611992022084,ATM,Travel,FR,15,0.10562177075106526,0.15382262103967456,0
7719,376,714.4337895366242,Online,Grocery,TR,8,0.4044193306766055,0.08017345919059722,0
5964,41,95.17577571392489,QR,Grocery,FR,7,0.5246586777042231,0.6101019655433831,0
9555,546,359.3949699658769,QR,Grocery,TR,22,0.0913184850545855,0.2401346306209144,0
795,238,251.663897805971,POS,Clothing,FR,11,0.26988410484984976,0.2542151525724238,0
8085,900,297.6515158599155,QR,Food,TR,13,0.0007803965273551272,0.04596025053824382,0
3057,334,81.08726494028566,QR,Clothing,US,13,0.13443687025774012,0.3072676918155847,0
9237,63,193.30729796712703,Online,Travel,TR,10,0.19952862378137126,0.394858965160854,0
3196,24,27.907295826267575,Online,Electronics,TR,12,0.026522371795483893,0.03711261930336485,0
3523,625,91.57924891215698,Online,Electronics,TR,14,0.2811099671035731,0.09321046421396088,0
5332,572,45.91380272220172,QR,Travel,UK,8,0.3059979827846647,0.027074666800314163,0
6530,955,216.72842794777335,Online,Grocery,TR,7,0.19084990169738406,0.1771188427883264,0
1677,471,145.2961016723624,Online,Food,US,11,0.12699642619761214,0.3473552434401259,0
513,912,733.7659888483174,Online,Electronics,US,19,0.21933450426885404,0.3381099633875006,0
3764,166,102.92248198666594,ATM,Food,TR,15,0.2464142480610264,0.04380709362984249,0
7746,215,231.76900988832182,ATM,Food,FR,21,0.011043121793883559,0.019058315008703954,0
2406,794,245.72273631233634,QR,Electronics,TR,14,0.034472909277418584,0.20728601186149256,0
4593,894,5.734411722745561,POS,Grocery,US,19,0.006650919277388225,0.10407099364386485,0
3681,580,34.400965464149486,ATM,Clothing,US,3,0.01030215752247212,0.008376084263419355,0
6879,593,61.4690131010901,ATM,Food,NG,17,0.3545400535399496,0.33754303855880746,0
2767,978,167.01107281576606,Online,Grocery,FR,15,0.32379945683200695,0.16005293729634648,0
5628,952,15.272523949446967,Online,Food,FR,23,0.48632298954063063,0.2538189069280067,0
1835,858,103.27439715053805,POS,Grocery,UK,12,0.08944254481667208,0.09253596294077909,0
7264,234,31.495505330177718,POS,Clothing,DE,1,0.34868886937807,0.1651854066131593,0
5386,219,734.1678626482378,QR,Electronics,DE,13,0.3623578660721036,0.10794840813243617,0
7377,166,247.11855975799767,ATM,Food,TR,21,0.21807418948375715,0.2125407716483573,0
1857,456,37.34909766973169,QR,Travel,DE,12,0.02444710135085139,0.4216742782115634,0
7997,362,182.13714001157118,ATM,Clothing,UK,22,0.3331486313153741,0.14900149520596268,0
8166,545,240.62398014377547,Online,Clothing,DE,18,0.0702206690356047,0.014488402862191004,0
4940,387,5.017429308885815,ATM,Clothing,US,19,0.019840117526814107,0.02214258210621395,0
5320,568,43.7853538515809,QR,Electronics,FR,8,0.18756907965939124,0.08335628950954123,0
7782,803,32.86987654531173,POS,Grocery,DE,21,0.06304118630046757,0.08187140106855288,0
2883,659,20.42425865468103,POS,Electronics,UK,13,0.6403819472578993,0.33641796374551797,1
6529,991,27.183198994311795,ATM,Electronics,UK,17,0.45647767449763316,0.07481578695003228,0
5235,241,179.14109636731706,QR,Grocery,US,13,0.1026641952205104,0.14989884565517908,0
9149,759,432.8313919645913,POS,Food,DE,17,0.2220518150211866,0.1508261070401361,0
3659,24,10.150767864705378,POS,Clothing,DE,22,0.06168428269387769,0.009354754727962999,0
5753,188,184.37740744873093,QR,Electronics,TR,17,0.27211933576227904,0.1910041207765536,0
962,450,79.48220992932927,QR,Food,DE,21,0.18305326911010572,0.07487743809580606,0
6324,287,322.69055294979324,Online,Clothing,DE,8,0.1514768080427318,0.25402399271977233,0
9111,690,509.1122822238101,ATM,Food,US,3,0.11803265925852362,0.018632455551226956,0
9753,589,1178.3412898410857,QR,Grocery,DE,10,0.08512051072352489,0.19530313209117053,0
1520,749,47.47760785337928,POS,Clothing,UK,13,0.17490762945394167,0.11242955711800695,0
5430,724,786.0824497989983,QR,Electronics,FR,17,0.0442782392827133,0.33925262361997427,0
2736,675,44.095311258304804,QR,Grocery,TR,13,0.17378423281722818,0.0748708252424421,0
845,860,15.224359442918285,QR,Travel,TR,17,0.027895187178421772,0.01294214368248112,0
6999,210,95.28533760313074,Online,Clothing,US,16,0.03919526563067111,0.1763100738504206,0
2554,458,324.27397470890315,Online,Food,US,18,0.2772311133055445,0.2280175822150078,0
1936,787,144.45995221797565,POS,Food,DE,15,0.10164275467567079,0.11072556388519275,0
3058,697,1.725544127477247,Online,Grocery,US,2,0.24607378406783076,0.3286977886865088,0
5379,174,472.92818909027164,Online,Electronics,TR,21,0.13729860710680686,0.060825390616582715,0
590,84,213.91623407779872,ATM,Electronics,TR,21,0.03216689120022077,0.015290776493033752,0
7080,862,551.6557178924865,POS,Travel,TR,17,0.10949436919827038,0.0951899448095885,0
8789,889,244.7363113051348,ATM,Electronics,DE,21,0.027921056096413554,0.39541960363646317,0
6295,429,220.6869128355116,ATM,Clothing,TR,11,0.2768121412271899,0.057939674018266225,0
5045,324,20.195087660344118,QR,Clothing,FR,22,0.16000287176038536,0.009725713929511694,0
7888,17,14.965074335604523,Online,Food,DE,13,0.08525678010399765,0.3071867447069315,0
3446,917,424.0805194724807,ATM,Food,FR,2,0.6074034226934257,0.5683048826728733,0
403,919,253.6594650246332,POS,Clothing,TR,8,0.5743747972282117,0.1260063730472282,0
2317,937,7.05509473704483,Online,Travel,US,22,0.5878798953867925,0.3572556922362939,0
9990,513,6.6519099632436705,QR,Food,US,18,0.11372739973857104,0.3994475445617135,0
1901,163,114.21617942438388,ATM,Travel,DE,18,0.04256412692594797,0.07031630355822935,0
2673,100,223.1613766420361,Online,Clothing,UK,21,0.7556667551963794,0.25464891239445353,0
8233,941,32.656997125735224,Online,Clothing,UK,8,0.2490243855437314,0.26322021682728497,0
808,99,479.61216251948673,ATM,Clothing,US,14,0.20026402528826595,0.0430043117338648,0
5695,819,131.99313429626616,Online,Electronics,UK,19,0.07743628980050697,0.027259640263460585,0
9714,421,446.4265016072514,POS,Electronics,DE,3,0.07660440626342664,0.12063476942634425,0
8684,857,49.01818112665914,QR,Grocery,TR,13,0.3936561025646439,0.18468524230818045,0
8003,746,337.86002821223053,Online,Grocery,DE,3,0.5029527624444038,0.44818661924935554,0
767,877,368.03025528910314,POS,Travel,FR,11,0.17154859550295898,0.43588427891103065,0
1255,898,81.50639142052101,Online,Food,US,17,0.04477771943287982,0.0504759152937455,0
8249,334,4.604935803024466,QR,Food,US,23,0.14755755858761405,0.1834270888002922,0
71,145,36.15101150878251,QR,Travel,TR,6,0.3757589542190296,0.17543838810426318,0
4359,821,194.14098562989375,POS,Travel,DE,12,0.046116676553883004,0.08077529222412205,0
5945,642,45.91181087047877,POS,Electronics,US,14,0.08784983834142723,0.2787606212566086,0
9944,15,10.356797588741934,QR,Clothing,FR,21,0.04205290674147046,0.008399377021851413,0
7205,553,1.0540660169857154,ATM,Clothing,FR,16,0.2576916131280493,0.11928450261717544,0
4276,623,33.22410998361515,QR,Clothing,FR,13,0.1806987376886824,0.8498877726936476,0
88,339,1.9677343941294159,ATM,Food,FR,20,0.426451816539428,0.004308933222257879,0
314,432,7.224562187048464,QR,Travel,US,18,0.2109458202065423,0.022422019232726475,0
724,372,43.553914756357926,QR,Travel,FR,11,0.05724698572226127,0.16206825830308372,0
2444,314,179.0516519938336,ATM,Travel,DE,19,0.265383265780803,0.18347753427948024,0
2649,337,26.59731121774217,POS,Grocery,FR,14,0.3668620288335635,0.3800274899914419,0
9303,252,4.585671690475051,POS,Food,US,13,0.3630542020525821,0.341111581708249,0
8504,753,249.60405342799623,POS,Food,US,7,0.17035304661096728,0.18929296861666045,0
8884,185,398.9956201585927,QR,Grocery,DE,19,0.2853967465239337,0.26066580233624187,0
8353,415,179.79336494255415,Online,Electronics,UK,6,0.20427765243956567,0.3301963206185204,0
5301,962,450.5723077361386,POS,Clothing,UK,3,0.4298251044877234,0.25577207467687724,0
8269,534,104.69160572946203,QR,Clothing,FR,19,0.10572830013781997,0.17209714164438455,0
1925,795,508.29507827221704,ATM,Food,UK,15,0.17001827631828842,0.24784060627189858,1
4147,977,6.785127373745711,Online,Clothing,DE,6,0.0692668517593266,0.43209188278123817,0
2117,237,68.32761031328428,Online,Travel,UK,12,0.3615547528085594,0.23034833732098392,0
1781,554,254.86079576527,ATM,Food,DE,21,0.2878595059673796,0.12440843260353569,0
5167,568,10.793519439019812,POS,Electronics,FR,6,0.10949721528151071,0.44058627819564083,0
6341,547,379.051811126227,POS,Grocery,TR,22,0.4664915466003249,0.3402628700427733,0
9731,654,49.87900913821679,QR,Clothing,UK,21,0.0853664013267399,0.16159041693389764,0
7403,667,36.39546820950395,Online,Clothing,US,11,0.23630289822176825,0.15032426402384014,0
5026,600,29.520830170460325,Online,Electronics,FR,18,0.1845374430482371,0.07117331493948766,0
4752,205,103.55331330066565,ATM,Grocery,UK,19,0.08198401647486227,0.6682364990435966,0
1526,381,43.987861672760836,Online,Grocery,TR,15,0.7149931216537383,0.3064643025768819,0
6466,508,1.783724269304328,QR,Clothing,TR,19,0.011791220372762201,0.1698644333636223,0
3295,764,62.409941566238096,QR,Travel,UK,14,0.2666037395783791,0.10888887170444912,0
5009,363,29.099547534562245,POS,Food,FR,19,0.009748087942414045,0.08308561702292042,0
8081,873,71.91214370285519,POS,Electronics,TR,18,0.0584976935046868,0.48485112859121854,0
7638,890,78.62402449403417,QR,Grocery,TR,2,0.215187398714796,0.36390970573254466,0
5408,140,35.47342986346948,QR,Electronics,US,12,0.16974270162557614,0.06128895595992271,0
8182,903,297.14747662487684,Online,Food,FR,21,0.10954957955054086,0.6390985836301926,0
9522,516,5.101627719980908,POS,Electronics,FR,20,0.11589879690046596,0.06636745866614367,0
1098,132,77.73690606503501,Online,Grocery,US,16,0.07801695544097322,0.04263415361460715,0
497,882,208.07151201055262,ATM,Food,US,18,0.20437376663649182,0.033462340327219266,1
4671,556,332.46722691531414,QR,Clothing,TR,17,0.5982433143936771,0.26339402578370896,0
5687,272,253.93254190192263,QR,Food,FR,22,0.3571128538291042,0.4069809797649455,0
8707,408,49.264862005376514,QR,Electronics,FR,7,0.05400281107601641,0.3233179574218059,0
9999,924,130.79096842117298,POS,Travel,TR,19,0.29840133697090854,0.24204249451822168,0
5814,714,389.791197716237,POS,Electronics,TR,8,0.38698808811274304,0.1599774272172259,0
670,784,117.10538079054832,POS,Travel,FR,16,0.04069710798027093,0.05859306835909333,0
6038,612,7.663458436485739,Online,Electronics,US,19,0.19594236579703583,0.03444353866853883,0
6535,634,77.8118443675704,POS,Grocery,TR,13,0.21581647260916548,0.1370600834495853,0
2634,114,13.802757445660003,ATM,Grocery,DE,15,0.041832489518569875,0.020598664709166433,0
8053,775,47.23576985475961,QR,Travel,UK,13,0.1428444558540743,0.22293507873525759,0
2157,882,253.9251431089755,POS,Electronics,UK,18,0.2979508062553174,0.10861248527233157,0
4985,191,276.7245523854508,ATM,Clothing,TR,18,0.622224736230065,0.5185930165074099,1
8678,58,188.14946609224666,POS,Travel,DE,6,0.167482075495872,0.22709081439206968,0
1531,899,28.662276778444205,POS,Food,DE,3,0.14365136717307167,0.05224073589128023,0
5940,499,308.8615283835802,POS,Food,FR,20,0.1816270039839787,0.3502365601869844,0
6256,163,151.01941937678004,Online,Food,UK,23,0.07990571060738225,0.11722920743716346,0
2097,769,1.1227012305853747,POS,Travel,TR,23,0.35687472464290976,0.21278138731233692,0
7781,242,91.70499442421276,POS,Travel,TR,8,0.05782468580232427,0.07440152331382528,0
4421,74,124.95996543975455,QR,Electronics,DE,22,0.089964465746076,0.10571446436451891,0
185,133,83.32327611323447,ATM,Food,UK,7,0.22762011978852237,0.05978296727310138,0
6598,732,29.903704917942328,QR,Electronics,UK,17,0.04582927748372074,0.06455502995121298,0
6879,707,417.0497883825339,Online,Clothing,FR,15,0.39973454281000187,0.15667310176139237,1
2520,84,93.45042084054867,ATM,Travel,TR,7,0.04776951307463754,0.08247992562755671,0
6714,699,295.64085686857555,QR,Travel,TR,18,0.32694084443721644,0.2672536262847681,0
3570,100,583.9783860263672,QR,Electronics,FR,19,0.19379842147716236,0.17935463798284523,0
3108,55,129.10051604641603,Online,Food,DE,15,0.2707128013821708,0.41200708905304184,0
7735,197,59.94973105330489,QR,Grocery,UK,13,0.16739909876510764,0.45629492792922927,0
2185,413,250.9033442045444,Online,Clothing,TR,21,0.0618861124767161,0.2559423265510936,1
1967,560,28.488950942279118,ATM,Food,US,20,0.047571777493890105,0.2289231548313912,0
1849,261,38.85523496895633,QR,Food,UK,2,0.2891913780388384,0.11272482598788512,0
8850,230,13.036922227108843,POS,Travel,UK,8,0.07245749985096295,0.0375494783757747,0
4116,630,131.93825662656215,POS,Grocery,DE,9,0.1426765179540361,0.2645851338554497,0
6119,267,1372.8215771942125,ATM,Grocery,TR,14,0.8520838101490869,0.33044905271129876,0
5981,704,110.67327811209114,QR,Electronics,US,2,0.03854245678859668,0.26381237541692526,0
6991,595,87.6747285240257,POS,Food,TR,18,0.045221431033890175,0.05366032260216549,0
5286,762,707.0541970538284,ATM,Clothing,US,19,0.24748728648359003,0.32658540140480896,0
1115,646,113.48352543063629,Online,Food,US,12,0.02041066821240359,0.2753018656926403,0
3210,753,149.2772799871311,QR,Clothing,DE,13,0.11041209641794714,0.23514732951721679,0
3026,926,307.3921719464609,QR,Grocery,FR,21,0.3643409207571281,0.13808636473329744,0
7671,243,48.952047407481636,POS,Electronics,TR,0,0.060767654340003335,0.0930122112825592,0
9714,845,19.944125221922707,QR,Grocery,US,12,0.20565853032757347,0.23900750099253565,0
2124,408,54.06701530305034,ATM,Travel,UK,17,0.10213516194112124,0.1869142112157568,0
8695,953,103.06267308673911,ATM,Electronics,DE,14,0.04920004753647395,0.018199647449741906,0
7565,125,1232.8776231167944,POS,Electronics,US,22,0.21403851750655747,0.5579360834412319,0
6194,514,91.02736163032357,Online,Food,UK,18,0.009995319157037708,0.04131806561922134,0
8204,342,159.68349314529675,QR,Grocery,UK,20,0.09327198217590103,0.055472835519814516,0
1201,917,235.81231628652372,QR,Food,FR,23,0.048881171389698934,0.09315174581587964,0
9163,699,64.90384493009086,QR,Food,US,22,0.08298186568639901,0.14962858250671573,0
3884,721,170.41643285235577,QR,Clothing,UK,18,0.14556075950705383,0.10567485904722017,0
4709,22,226.4490372782097,Online,Food,TR,19,0.06585226764664008,0.041925912304759755,0
1698,528,98.2787416569467,Online,Travel,FR,17,0.14389094992450488,0.12624846223399014,0
2585,157,227.46776181912668,POS,Clothing,DE,11,0.2203465704289432,0.3058429669595861,0
8849,680,105.28104283174672,ATM,Travel,UK,4,0.045534832284148986,0.12009166719747368,0
6343,431,211.24512935180888,Online,Travel,FR,9,0.020440808839987102,0.18683940566375654,0
2866,443,31.117879104580474,QR,Travel,US,5,0.14004467791850111,0.3453020139655774,0
6023,724,219.45220784646315,POS,Electronics,TR,14,0.1191809547716098,0.14830766177304552,0
9168,561,121.35028530136505,Online,Grocery,DE,3,0.1517112520026671,0.29039987394026684,0
3084,95,243.12514576369907,Online,Clothing,DE,23,0.116761202437094,0.1545136733381372,0
6435,859,303.6266617482418,Online,Grocery,TR,19,0.3640258183243408,0.29546347480935203,0
5288,389,1.8151037214894354,Online,Electronics,FR,8,0.19701507937303409,0.14775345688983643,0
5970,510,606.8691002220531,POS,Clothing,FR,12,0.10051660997748213,0.6439775771288068,0
5524,572,355.6296648745378,QR,Travel,US,11,0.17122346830278282,0.10681188247268983,0
3204,237,98.35599901467583,POS,Electronics,FR,23,0.17879215092927744,0.17959113289832265,0
4900,246,45.29907664881032,Online,Electronics,US,18,0.007327892151038359,0.0367105002779184,0
161,716,1.63201115525409,Online,Food,US,8,0.036625326760414294,0.05001820064717139,0
9581,892,191.4255006617856,ATM,Clothing,US,17,0.09830432016568735,0.23677640051698545,0
652,812,453.4149092491843,POS,Food,FR,19,0.2044609329010888,0.18315059635108463,0
2701,187,97.18072992697215,QR,Travel,UK,7,0.3721470758025986,0.06251317390637814,0
5032,478,687.1347104625617,Online,Clothing,UK,15,0.03408418903785167,0.07387284423457062,0
9062,463,38.13917704665684,Online,Food,DE,22,0.216471361452062,0.12060408982420313,0
6410,516,209.07427842606265,POS,Clothing,DE,22,0.2551659897059226,0.27590041218285893,1
78,841,19.01569098850895,POS,Clothing,DE,9,0.10356621217041266,0.10831811935187453,0
2435,782,63.00343527177617,POS,Grocery,DE,21,0.020813173742438615,0.006242450761507725,0
2715,222,195.55604639256333,QR,Electronics,UK,10,0.061545929934019535,0.23037402905067456,0
9664,336,128.2543473521456,QR,Food,FR,22,0.6185836371437498,0.36642798078221517,0
9562,885,1.2588547792065563,POS,Grocery,US,14,0.251585828554199,0.24230668060814325,0
2620,762,234.97420372381177,QR,Clothing,TR,15,0.06838981425118976,0.18925585404852213,0
5923,86,310.3256748772546,POS,Electronics,TR,4,0.11084123796820931,0.17012172236084847,0
790,501,42.45569498039205,QR,Grocery,UK,16,0.23347503185438231,0.04365403383852006,0
8635,707,171.88203191851738,POS,Travel,DE,15,0.10940669788205118,0.41414217596209324,0
5102,268,5.572884701696254,ATM,Electronics,TR,19,0.002209336574711322,0.05228930487303275,0
7849,438,284.66983884272236,ATM,Food,US,19,0.18717076041400538,0.535535513566349,0
9179,383,8.434094582276673,QR,Food,UK,12,0.04054789412814962,0.03887998061647196,0
7778,556,6.4159911580676665,Online,Travel,FR,18,0.09646215789730447,0.02990581162307775,0
8805,483,266.71587199925233,QR,Food,US,17,0.14522142308540004,0.017158169105810042,0
99,736,342.3561494589369,POS,Grocery,FR,9,0.1280338076985879,0.2380979361565301,0
1471,51,161.25069316868436,Online,Food,UK,20,0.016407324605358944,0.020410541382838942,0
1034,637,90.57057467727607,POS,Grocery,FR,8,0.1874832388604175,0.0857191407616984,0
4300,919,386.2087599604854,ATM,Food,TR,15,0.08355317794931016,0.2946553092765803,0
9094,533,248.6490986065086,QR,Travel,UK,1,0.4213305348788428,0.3839463457472786,1
1284,247,19.5977392987694,QR,Travel,UK,17,0.0640441368426249,0.01419734114709821,0
3610,445,147.92364893165367,ATM,Food,US,17,0.22374422065129482,0.16662275516539218,0
8520,241,339.50223079464587,QR,Grocery,UK,16,0.6526430387558758,0.3813941873210642,0
5190,665,24.848071493700132,POS,Electronics,TR,20,0.09734956507967811,0.203657717799701,0
6461,387,207.67703589006888,ATM,Food,TR,18,0.24297926018168078,0.42586960031653787,1
1007,245,853.5931082881955,QR,Electronics,DE,15,0.1977290917996179,0.27907608295108327,0
2361,428,19.92106395985937,POS,Travel,UK,18,0.1425028267373664,0.02100468285973109,0
4803,95,88.5808268341108,ATM,Electronics,TR,18,0.13465106206612132,0.1463068174505218,0
9696,18,6.215767065416549,POS,Travel,FR,19,0.08007768818865252,0.13015167174564657,0
8270,110,437.17173712750673,QR,Electronics,FR,20,0.10718063672559415,0.03230420161652738,0
7414,86,8.24803269535922,POS,Food,US,22,0.06695423495468383,0.08893625760800401,0
9132,822,1.034117530723381,POS,Food,TR,18,0.10728632334980037,0.06718895547270623,0
5568,71,170.4410618346843,QR,Travel,FR,9,0.16133931661625195,0.3606244418988282,0
5105,121,62.30385949405378,QR,Electronics,TR,12,0.04311748690333495,0.1791320670782268,0
538,107,490.57877852042355,Online,Electronics,TR,19,0.239682494830861,0.12373472655213275,0
6718,888,321.2242792261335,QR,Grocery,US,11,0.13299487461864348,0.21487473347116792,0
4780,946,182.83501057986177,POS,Clothing,US,17,0.09236283044526675,0.2002405992950459,0
4630,510,185.5375894433226,QR,Food,TR,11,0.007399356546733552,0.06753634055490279,0
5585,74,78.9609730927021,Online,Food,FR,15,0.31602043686856657,0.09754328569551018,0
4952,725,592.7051548900896,QR,Grocery,US,13,0.10279299665242073,0.15961962891450007,0
7463,58,12.615570867071707,ATM,Travel,FR,4,0.12603162479504496,0.2239201023996037,1
9189,386,55.01741650519052,Online,Clothing,DE,15,0.10794321216539955,0.12822843965237657,0
2085,951,256.9030953086503,ATM,Electronics,DE,12,0.5892567630326634,0.44711617211609506,0
4822,24,6.2767657668882695,POS,Grocery,TR,20,0.1396095697532958,0.2751352990764755,0
3532,748,17.962742318841578,Online,Grocery,DE,13,0.16905428376818057,0.20206258119074866,0
3685,298,36.309741820292864,ATM,Grocery,DE,11,0.009173228498405026,0.022503093949502836,0
7089,790,7.345407143018087,Online,Travel,NG,11,0.09216852933096081,0.05358973994403761,0
5453,574,330.1746115986661,QR,Grocery,US,22,0.2917340740304201,0.0705439553641772,1
1685,72,1.628705367644527,Online,Electronics,DE,15,0.09384320183474493,0.043636248161170295,0
6613,213,15.85614118226759,Online,Clothing,TR,4,0.1894955926486033,0.19747879353877618,1
3964,558,185.91570018956043,Online,Electronics,UK,13,0.16766375282491855,0.1314808953472885,0
8350,393,1.003761552992982,Online,Travel,TR,23,0.001755622492457475,8.804990376776178e-06,0
5748,581,243.31057046953728,QR,Food,DE,16,0.014970543823078766,0.29263597281380593,0
6306,681,19.095209177172126,ATM,Clothing,FR,13,0.1398918305128938,0.47252621030556374,0
5556,868,720.2687088957031,ATM,Grocery,UK,18,0.13951719815392066,0.15558092021943104,0
4203,746,327.3294170556039,QR,Electronics,DE,20,0.18881842036886165,0.4544613125811594,1
9091,369,86.06478054504572,POS,Food,TR,19,0.2862381852367115,0.2608270795200659,0
9254,307,1.5950018286293952,ATM,Electronics,UK,12,0.013000417016290637,0.011531250848370759,0
23,851,53.26807266481687,QR,Travel,US,5,0.06052984608054571,0.36938800583740977,0
6783,956,483.5523511787135,ATM,Electronics,DE,19,0.25794629766940985,0.16566093054926623,0
5376,694,114.61438742229006,POS,Grocery,DE,8,0.11366062800297759,0.13828968892579452,0
1475,690,282.53675607298896,QR,Electronics,DE,15,0.17291948690692727,0.341219917955563,0
8874,580,256.96537578458987,Online,Travel,TR,22,0.10719101245542857,0.13600639060416783,0
4465,835,45.345847610758355,Online,Grocery,DE,18,0.030685191449135465,0.2835247978966551,0
2083,176,119.89992297092434,Online,Travel,TR,20,0.4040604734106693,0.6484025316353916,0
6139,435,99.58121170689601,ATM,Electronics,UK,17,0.8096632530792884,0.4082078439450442,0
1397,479,535.3101158770794,Online,Grocery,US,19,0.08260023614942304,0.35203580917568994,0
634,557,119.26229557288767,POS,Electronics,US,18,0.01727776592034274,0.21525618885346576,0
9040,399,485.8917319459154,QR,Grocery,DE,13,0.010199010841714371,0.24706979605799292,0
2411,230,13.734550351366783,QR,Travel,UK,22,0.16927950188984695,0.212807994577422,0
5499,840,383.6829698552097,QR,Food,DE,16,0.4545105039991283,0.3054654483178419,0
5858,64,203.88954093779776,ATM,Electronics,UK,22,0.2788168023917285,0.7300431624005089,0
7346,595,14.91096572882977,QR,Grocery,FR,18,0.0746742478654297,0.017273308694697665,0
8435,163,143.8153049725951,QR,Electronics,FR,12,0.17042233507924454,0.10849154620341182,0
6675,104,370.7135155831953,Online,Food,US,14,0.04060575424801176,0.1717076619752522,0
7913,707,4.3292532545588305,ATM,Grocery,UK,16,0.08133033853119032,0.008281268135386401,0
9445,688,464.6386940451961,ATM,Electronics,US,18,0.13849342003876025,0.05225022376576249,0
7848,458,11.936731381539344,ATM,Clothing,DE,10,0.08844192837146614,0.15505115640025277,0
4664,986,94.85885496133201,Online,Travel,FR,15,0.15246980352116368,0.09251799727949883,0
7346,81,148.7580274592335,Online,Travel,FR,19,0.4485258990303548,0.42706807920617085,0
5185,835,193.56823121525753,Online,Electronics,UK,21,0.16636312753241084,0.3306650680750202,0
3865,598,11.412693259097455,Online,Clothing,TR,23,0.26239839727989933,0.4055807049780536,0
4496,990,1.9362175333260079,ATM,Travel,DE,21,0.2600069874581853,0.08006756468728717,0
4865,124,542.2877291428484,QR,Travel,UK,11,0.487835216420506,0.10928804104069308,0
6472,936,524.2469117060027,POS,Clothing,UK,19,0.1401135720168919,0.09016320304523995,0
7175,82,86.8116298748532,ATM,Travel,DE,4,0.02281896901032786,0.16663007249706593,0
3337,338,609.8722846498636,QR,Grocery,TR,18,0.28648269465795584,0.19026735757795304,0
1628,69,133.15661894881302,ATM,Clothing,UK,13,0.2243303473850085,0.15863338773688826,0
5897,959,12.08185294381513,QR,Clothing,TR,13,0.051200685376380346,0.02437081348111337,0
5149,630,181.73720063628153,Online,Travel,DE,11,0.09267643394984386,0.2089944274693646,0
5939,645,174.39894776591552,QR,Electronics,FR,22,0.11485014959602632,0.028232406843645853,0
7194,726,44.70449413474848,ATM,Clothing,UK,7,0.16926027404505534,0.11374889281023073,0
5618,700,336.83818269740095,QR,Grocery,TR,18,0.33464896642064756,0.37259265251903356,0
3285,909,86.03396131568115,Online,Food,UK,18,0.06346386986642984,0.17006243949348396,0
3218,674,26.563997942262308,POS,Food,FR,19,0.16722197388879384,0.3890587073166345,0
6780,533,31.785672751779245,ATM,Electronics,FR,22,0.5124498159614798,0.1382145052738382,0
3487,696,197.29414644818408,QR,Travel,UK,5,0.13902275510981846,0.01672605878529147,0
7750,821,104.8263549721812,POS,Food,UK,8,0.4861415548878745,0.06824936199686439,0
8186,227,35.77915633588055,Online,Grocery,US,11,0.24300609739630283,0.3855790351906477,0
9777,527,309.4118946319076,POS,Electronics,US,9,0.035547992761230884,0.29570892520622155,0
7775,554,48.835694106720766,Online,Grocery,DE,5,0.11542996112913377,0.12208309844999639,0
1113,550,264.9824944238496,QR,Grocery,US,19,0.16809880539405406,0.38713228879030553,0
6815,238,30.157948100958723,POS,Clothing,FR,9,0.09365015916329691,0.03146474998254966,0
4167,206,214.13019457843384,QR,Electronics,UK,16,0.08473940817666167,0.22113929230244375,0
7996,557,2.810195658892178,Online,Travel,DE,14,0.059843912765854095,0.09492391409414415,0
3423,667,152.3770878233333,Online,Grocery,US,8,0.07410885626756404,0.1804923293399898,0
5078,908,199.41342945447974,QR,Food,UK,22,0.0814577994645444,0.10090675550587776,0
1340,317,41.641320372867014,POS,Travel,TR,14,0.08707998181521949,0.2991754841474005,1
117,628,262.72136721857186,POS,Clothing,UK,17,0.2681110858285164,0.15971578338178274,0
1754,537,206.95574941257883,POS,Grocery,TR,15,0.44349430860399713,0.1452237158500121,0
7773,755,54.08295449119189,POS,Food,FR,15,0.09524168875743315,0.13895110184444653,0
8946,674,45.75295361659212,ATM,Travel,FR,14,0.02989085746226934,0.009354440103920846,0
3854,864,228.6699992015597,ATM,Grocery,FR,10,0.03347349770944486,0.18347444583208167,0
8675,236,2.356328559476173,ATM,Clothing,US,12,0.3999380691553311,0.12438704852331596,0
4741,630,221.59337862269862,ATM,Electronics,TR,17,0.12236134856089372,0.39285540753163495,0
7024,184,16.91745062847335,Online,Travel,TR,20,0.004476333797622715,0.008015567802091735,0
1213,411,157.31870902685603,Online,Grocery,US,7,0.1363600561836129,0.6566154447231928,1
6980,489,3.100549137526932,QR,Food,DE,10,0.11367439264732991,0.16065946831939207,0
6317,246,498.22027925509286,Online,Food,TR,16,0.3869275377990368,0.30054909994698514,0
5401,193,10.282157316771746,Online,Food,FR,23,0.1677243816338679,0.042300341894001774,0
6207,100,316.7699870715382,QR,Clothing,TR,23,0.4752901420718384,0.4838688116655998,0
8195,443,169.4340714797172,QR,Clothing,UK,19,0.46844325430754424,0.13710815462233322,0
7256,924,462.3077787097571,QR,Grocery,FR,7,0.37432057610436953,0.2377755266761678,0
7116,854,56.73435660850204,Online,Grocery,DE,6,0.03141376446308267,0.3652952626033243,0
2106,404,50.311628940286866,POS,Travel,FR,14,0.04786132383636959,0.035045686203576835,0
1650,5,94.81638599701773,QR,Grocery,FR,21,0.23074110402790718,0.09350883210853908,0
6133,312,84.24376148968217,Online,Clothing,TR,8,0.04562347654438571,0.2969351075478813,0
1119,751,89.39864116671434,POS,Travel,TR,12,0.1113301003699035,0.3448075636693105,0
5805,292,2.3406569767383405,ATM,Electronics,US,16,0.009631363991283686,0.0039046083025293683,0
4660,47,137.7975065287739,ATM,Grocery,TR,20,0.14737288294766873,0.0453473753224378,0
4479,784,15.566606103234623,POS,Travel,DE,14,0.018372049124743755,0.0477722972186704,0
4207,563,15.050434207076675,Online,Travel,US,15,0.22395165168807446,0.10532864531691279,0
7516,127,457.247811980845,QR,Clothing,TR,23,0.6629267973303198,0.1488852447358872,0
1532,435,273.82435696528734,Online,Electronics,TR,20,0.04005006887153115,0.11858443934104711,0
1568,49,114.22564278311398,POS,Travel,TR,14,0.31204860605833973,0.1949874340853683,0
7716,18,81.93072231891433,Online,Travel,TR,23,0.03792092628605783,0.17423973083647865,0
7022,249,582.9693147228168,QR,Clothing,FR,8,0.3396886703637028,0.4189358553205307,0
4297,583,221.38515820445141,Online,Grocery,UK,20,0.1313916795555505,0.3076124651849498,0
2006,759,46.228177649816864,QR,Travel,TR,19,0.2949063950052379,0.23259519109971058,0
844,252,201.41140626363529,QR,Food,FR,5,0.0932188347185643,0.0703784698093248,0
6794,805,41.37850276057089,QR,Clothing,UK,15,0.056987247043776265,0.1228112930489477,0
5115,180,333.3512772073616,Online,Travel,UK,21,0.22168810795499666,0.19042500722173733,0
509,379,20.84436819783028,Online,Electronics,TR,7,0.23845508319094025,0.5917099801832911,0
8762,194,207.28663489120473,POS,Clothing,FR,18,0.027729761363983335,0.04351873194432827,0
9349,926,14.776916105210857,POS,Grocery,DE,11,0.10337151086986869,0.16445229890945026,0
1297,336,156.16265058592347,POS,Clothing,FR,22,0.07426714209881255,0.197608327855247,0
7736,390,23.909562579781714,ATM,Travel,UK,12,0.05532891968789581,0.009121826966641024,0
3429,317,437.67474328665537,ATM,Grocery,DE,21,0.046617036670149437,0.10746542188363206,0
6241,792,11.713028941552777,POS,Travel,FR,19,0.10762899068274474,0.164949525014077,0
7044,626,124.2018312885047,QR,Electronics,FR,16,0.19711734541976225,0.3991581057959518,0
8714,132,39.65434030772338,Online,Electronics,FR,20,0.3129753864006634,0.05479417310282092,0
6300,272,367.4758079393156,QR,Grocery,FR,19,0.1442044776747931,0.15070113079632003,0
2421,942,35.484613876817974,ATM,Food,FR,15,0.05076624717004162,0.11954281023896274,0
639,862,280.16531031535123,ATM,Electronics,FR,19,0.044145844210427845,0.005622589210442992,0
7416,92,412.32103779658775,Online,Grocery,TR,2,0.5392440228751443,0.38133402954053375,0
3467,463,14.323481048701796,POS,Grocery,US,19,0.010823278396416326,0.2540953495487442,0
1732,778,415.25873487185004,ATM,Travel,FR,17,0.6953509880250263,0.18579170578605023,0
1365,857,121.00792208970533,POS,Food,DE,23,0.054406644177532625,0.046233668411690534,0
530,522,1170.8550596564723,ATM,Travel,TR,4,0.14469646091345872,0.228559602539873,0
7341,569,201.2637821457481,ATM,Clothing,DE,17,0.07089632829871872,0.6657460686420473,0
4141,613,88.91206778221397,ATM,Food,FR,22,0.19410352569380573,0.013009435863544406,0
1581,217,32.33643782268091,Online,Food,US,14,0.07027406652806108,0.01933358304693804,0
1211,187,147.2020172116305,Online,Grocery,FR,2,0.05025914815112344,0.015400975446763988,0
3366,239,17.933206358959183,QR,Grocery,UK,15,0.4128151670541173,0.49736470701663255,0
1130,575,243.46994030805809,QR,Travel,DE,13,0.5659568738294792,0.55375984721028,0
3485,656,450.7038679934446,POS,Food,NG,16,0.19121058243667147,0.4080006213992122,0
4144,461,756.4070944345299,POS,Clothing,FR,11,0.31319429498570883,0.8119856907796421,1
6553,497,37.79832029556982,POS,Travel,FR,18,0.048474403130845216,0.08887323036358755,0
329,406,13.04041821985054,ATM,Travel,DE,6,0.037232164836799114,0.11257875938113181,0
8334,649,1.2439063721456736,ATM,Food,US,14,0.10619083488586258,0.14710174981109664,0
4002,372,23.21574952076071,ATM,Electronics,TR,22,0.09345952776504307,0.010907942848344222,0
1932,686,121.28365216630088,POS,Food,DE,15,0.12498560463984676,0.250261127263492,0
3560,924,3.023922410394302,ATM,Electronics,US,12,0.1218358064551192,0.19374489481604593,0
7684,80,198.53442286128745,Online,Food,TR,23,0.5929628122416203,0.3127583619388632,0
1352,56,241.66795392637425,POS,Electronics,UK,6,0.3778598671673765,0.2512250187822383,1
8733,291,118.83805232176002,POS,Food,TR,9,0.041867224004736886,0.09065210091969603,0
2279,357,161.34162590490527,ATM,Electronics,US,18,0.04444073559718175,0.046861572686927325,0
6003,61,59.34179621817407,ATM,Food,FR,14,0.2185229512590527,0.13400632152872785,0
8747,393,10.19635837719,POS,Grocery,DE,19,0.07328358795586795,0.20626854297501285,0
8043,946,44.473168236531066,POS,Clothing,FR,3,0.5455162396630805,0.13287119434578282,1
6639,769,47.751621852680415,Online,Clothing,TR,17,0.05334102544140952,0.06452684373272474,0
1608,283,77.41667897015668,ATM,Food,FR,21,0.32154455387410613,0.22296371432333428,0
6677,942,479.5096726221244,QR,Travel,DE,10,0.18986845247010758,0.15086912805997138,0
2683,847,1.1940326973624549,Online,Food,US,22,0.01529285419956773,0.03508868452166541,0
1360,699,72.4137173828623,QR,Food,UK,11,0.3028600187970145,0.1315049174680448,0
5812,217,105.86717065966565,POS,Electronics,UK,9,0.2500052075696966,0.13210015607785264,0
5221,300,197.65819399736466,ATM,Grocery,DE,19,0.34176198567561566,0.05949518377643051,0
8415,516,38.0555325971885,ATM,Food,UK,8,0.15929856435291673,0.33862066634440235,0
23,439,118.51655242291262,Online,Clothing,US,15,0.11352583329716298,0.38225367151386175,0
3119,629,69.87736111846233,POS,Electronics,FR,20,0.21960406024255952,0.5005994292681532,0
8006,530,71.25548665414995,ATM,Food,US,18,0.29670020660386126,0.3248374757257615,0
4389,851,768.1165258511634,ATM,Clothing,TR,4,0.9278150780834985,0.6637600019028176,1
1529,287,255.68652560136397,QR,Food,US,23,0.2391127919559722,0.09492307123527659,0
5463,645,138.8364584196684,Online,Clothing,UK,19,0.09061509807024613,0.20218809300723217,0
1323,634,104.99924810448849,QR,Travel,FR,6,0.3695988698877739,0.4403870957436429,0
2613,298,324.1874299172051,POS,Travel,DE,21,0.30786538987841494,0.2620269877915306,1
3794,648,54.261656940011754,Online,Grocery,UK,15,0.2642865084797499,0.09154347319846803,0
1123,925,260.75925777046996,QR,Food,US,23,0.1800371943759704,0.6031661893555618,0
7491,825,7.054750603320029,ATM,Clothing,TR,13,0.19268028667482373,0.1362115571794329,0
7865,937,275.89298062640717,POS,Clothing,UK,7,0.3485310716238153,0.23872644923429762,0
9452,883,52.18951992578639,Online,Electronics,US,13,0.21523608353703538,0.07896455319031254,0
2781,160,662.0495936561248,POS,Travel,FR,17,0.7841452080348403,0.1291743485748878,0
5714,894,723.594756601882,Online,Clothing,UK,8,0.1482276484175087,0.2382657509407393,0
8881,818,191.83802722247302,ATM,Electronics,DE,6,0.33461946825941113,0.22117516997013875,0
6097,637,54.58806040860558,QR,Electronics,US,2,0.35630599965142573,0.39809774875628484,0
6794,353,48.08952044563459,POS,Grocery,US,22,0.14263508011093534,0.09945629108614683,0
9836,294,74.61415708320881,ATM,Food,US,19,0.05892568823726982,0.10313632969397417,0
1663,336,266.5279981056537,Online,Clothing,DE,14,0.35188937882592336,0.09738078042319571,0
815,153,224.45432223761327,QR,Travel,TR,20,0.10642944253479356,0.012689449444590991,0
1989,278,128.32722143400986,QR,Travel,US,16,0.1624015188870411,0.06405896720281318,0
598,444,178.24296775762627,POS,Food,DE,9,0.4280441118560301,0.054843145804474955,0
7358,283,92.96016670495642,Online,Clothing,TR,19,0.2712513632949885,0.11976500627089046,0
7651,342,60.1750218577599,ATM,Clothing,TR,22,0.13796641447163466,0.007556589822157857,0
473,889,28.625972027466315,QR,Electronics,UK,14,0.12852278464465985,0.21147100422961027,0
5633,350,110.41649627472002,Online,Electronics,FR,20,0.5663624837631225,0.7138199000480462,0
2578,161,13.360345957353136,ATM,Travel,DE,15,0.23605168833936033,0.07417215055757258,0
8724,438,173.20428834408068,Online,Travel,DE,5,0.3816402341864027,0.6469461993826775,1
2640,555,83.7161567095572,POS,Clothing,DE,14,0.07587022174856084,0.4565767016727835,0
6660,26,126.97451106653334,QR,Grocery,TR,21,0.31850018719740864,0.34424994941815173,0
8749,474,265.5741953266812,QR,Grocery,TR,5,0.008715541149285242,0.18186542997540692,0
619,527,504.4622729672998,ATM,Food,NG,1,0.7000164901518984,0.5408770690617519,0
2550,837,72.76029102447166,ATM,Travel,UK,21,0.20192953389281756,0.24664014158147282,0
2643,874,284.29435342573674,QR,Grocery,TR,16,0.2882928542968133,0.08820396872900965,0
9372,769,139.69307165898516,QR,Grocery,DE,8,0.12447714415231678,0.09816962012148188,0
1429,503,48.08112609626506,Online,Grocery,US,19,0.012629601663779227,0.18082803333797504,0
9148,348,59.29597609209155,POS,Travel,UK,14,0.4434680039131782,0.05266289553801672,0
7477,470,8.363959382577574,POS,Clothing,US,21,0.1613200754300106,0.19899472276391506,0
2504,483,42.67445950939968,POS,Electronics,DE,20,0.04687622454433197,0.019783761997761246,0
7992,722,15.294940997003351,ATM,Electronics,UK,14,0.3221500491913628,0.1425969394048448,0
1082,167,60.42277388632126,POS,Grocery,TR,15,0.0415991272195518,0.1035273750648562,0
2700,793,110.82734298463163,POS,Electronics,FR,18,0.0894338803609563,0.032603852917324976,0
4312,527,103.93672955092258,ATM,Travel,UK,6,0.32348702160027626,0.5248573746397436,1
3496,329,23.030674397402002,ATM,Grocery,FR,15,0.11316499362265069,0.0715929502073794,0
363,120,17.32326045640007,POS,Food,DE,19,0.38678167675844044,0.36589354202726826,0
2543,554,69.76757113403686,ATM,Food,TR,23,0.22326210382825654,0.33372836357616326,0
9237,699,98.45372059786578,QR,Food,TR,16,0.05615019484900832,0.13940078928302033,0
3793,976,110.30339990028067,Online,Grocery,DE,20,0.1774978077831634,0.21269949859899479,0
2126,764,65.94974350382515,QR,Grocery,US,18,0.4537902588657738,0.1738248153061973,0
1854,663,6.344227130378013,QR,Travel,FR,14,0.29343909580609934,0.08642973325572992,0
9795,822,337.47075257266897,Online,Food,US,6,0.09234462176996029,0.11742216684564614,0
6268,295,4.7326405154962154,QR,Electronics,DE,8,0.06534547131279124,0.19887162916002915,0
7946,131,23.639183951398593,POS,Food,UK,22,0.09086352238683816,0.03392881026049551,0
8065,72,327.66620171645087,QR,Electronics,US,19,0.15718551675498577,0.5263372662505882,0
9990,176,876.6056650168847,QR,Travel,UK,12,0.49425352264940725,0.3816075740815851,1
5742,781,192.61515494370224,ATM,Grocery,TR,11,0.24123514371163124,0.16942921086971,0
9778,375,15.326942196680978,Online,Food,FR,22,0.015824414876530524,0.0004864297668524943,0
4969,865,298.76182008392715,ATM,Electronics,FR,17,0.22697013030831648,0.3177837185485356,0
3439,502,639.9107219770351,Online,Travel,TR,20,0.1520723094649384,0.12677027702781707,0
8406,211,199.25222315400015,POS,Food,DE,18,0.22726040834154504,0.11773082803975335,0
638,138,201.44839367764354,QR,Electronics,DE,17,0.31709550554445803,0.30406709815091965,0
9242,108,172.4653570596611,POS,Clothing,FR,17,0.010910502621736552,0.09857082789171615,0
7992,109,405.72406195091264,Online,Grocery,FR,23,0.16393896247571424,0.35298895103103173,0
7988,90,122.73809745040046,POS,Grocery,TR,21,0.09747575822039743,0.11453294671345299,0
5179,970,176.41121136835622,POS,Electronics,TR,23,0.2661454174551059,0.1568542407321077,0
7928,662,15.298235374651401,POS,Travel,FR,23,0.05932057791307998,0.18806965195392558,0
4446,395,416.3970546633606,POS,Electronics,TR,21,0.12619810738322,0.16809817184370898,0
6137,444,137.9233166143345,POS,Clothing,DE,12,0.10530286250311335,0.1159166118507949,0
8860,975,308.3664695160918,QR,Clothing,US,18,0.19552164772026956,0.09094074767000035,0
2593,451,165.81600233056787,POS,Food,TR,20,0.052607402195757706,0.21702879508855336,0
6502,782,300.211065584448,POS,Food,FR,9,0.21372629125973755,0.10243452968478871,0
3625,500,31.607498666902213,QR,Food,US,3,0.049676379442200956,0.007003682380083211,0
8289,210,43.521750256471435,POS,Travel,TR,20,0.06772080408371214,0.26958964674966956,0
4455,207,142.70564284659906,Online,Grocery,UK,18,0.7153927490391062,0.17823415183484215,0
3989,52,178.6107094877127,Online,Electronics,US,22,0.10020742389244207,0.3020595680248118,0
6214,429,162.93993365338594,QR,Grocery,UK,17,0.17354350768618063,0.22879305761049504,0
3153,559,264.79901359055754,POS,Electronics,TR,15,0.2063556850578261,0.29258943227983214,0
3953,526,181.51484256104794,POS,Travel,FR,21,0.30919346914084456,0.04293716402090495,0
3440,839,1.1284739296032493,QR,Grocery,FR,18,0.007626153743141749,0.07284844855671872,0
712,589,341.71213215002786,POS,Travel,US,9,0.12275647810764946,0.09191537942901255,0
2812,444,398.0777923270445,POS,Clothing,TR,16,0.29189063508733215,0.164884894639825,0
5972,265,330.1441520039733,ATM,Food,US,21,0.4981768314640499,0.1924357269990283,0
8275,708,8.571478389393844,Online,Food,FR,14,0.04699803887798362,0.2886605875006404,0
3948,400,47.573822759939965,Online,Travel,TR,18,0.19343101034452495,0.07948048459437124,0
7594,312,12.332657500087052,POS,Electronics,TR,8,0.06537445134771597,0.04661254080489394,0
2384,290,158.89841426507033,QR,Electronics,FR,2,0.12983255204679733,0.1595155689613474,0
2492,836,293.0408049733337,Online,Clothing,DE,23,0.019225318972017392,0.11884748851080008,0
7753,699,69.19804022619233,Online,Grocery,DE,22,0.0824977926926364,0.06522415884653783,0
3344,858,539.7248426888219,ATM,Clothing,UK,5,0.3424990632014373,0.404521070405207,0
1756,41,190.39769654179912,QR,Electronics,DE,17,0.07153972745688514,0.22860197903131402,0
189,686,198.52084509257958,ATM,Food,FR,7,0.024247139049274315,0.3706476543448422,0
8976,114,158.68569154868047,Online,Food,UK,17,0.09441953099588855,0.11524397619632143,0
1396,469,3.057835834174055,POS,Electronics,DE,13,0.31708363812342855,0.2857468432083659,0
5170,877,23.68807142683795,Online,Travel,DE,15,0.16407049032659513,0.17903447781204243,0
7540,218,70.0193271367462,ATM,Travel,UK,11,0.28894395121483957,0.27243049280788545,0
6020,962,458.2009641150369,Online,Travel,UK,19,0.3197558484308971,0.2736432594245674,0
5938,858,119.8390316004283,QR,Food,US,8,0.2577285229153606,0.0543222596041276,0
9519,15,78.09925957369651,ATM,Clothing,US,19,0.32387841071212664,0.24865171156301272,0
8975,746,22.56692459650965,POS,Travel,US,11,0.1881095762662752,0.36933204682281245,0
5845,956,348.1514317324125,POS,Grocery,TR,16,0.14792745790176395,0.29850917894903767,0
8492,706,22.037389324610285,ATM,Electronics,DE,15,0.2141409846705302,0.17936923088932688,0
97,910,311.0715507019475,POS,Electronics,TR,9,0.45208419429124114,0.037873223976386525,0
825,27,700.7939973298065,POS,Grocery,FR,23,0.19168599689291838,0.025555136654662754,0
4914,919,180.80503111006036,QR,Travel,US,14,0.04656821152949773,0.04346511209769775,0
8371,830,35.85869537014331,Online,Travel,DE,12,0.06942989479547045,0.22952538476089018,0
3542,57,382.1163730870632,QR,Clothing,FR,13,0.07751828345933771,0.09174586104005257,0
584,901,350.8254377691149,ATM,Grocery,TR,13,0.41101218421776436,0.1447333138438718,0
4559,947,12.850715726257596,POS,Food,TR,1,0.2222584977863999,0.4538372570209563,0
1509,323,179.13894024396308,ATM,Electronics,FR,10,0.25812218864070424,0.07663522130361994,0
5572,816,200.7375797678668,QR,Travel,UK,12,0.4531531377166673,0.15522865936183783,0
3649,872,21.338630634244076,QR,Clothing,TR,17,0.06538213990574186,0.36234047376237666,0
1657,184,27.007095784371888,Online,Clothing,DE,14,0.12089101880509248,0.082839452619205,0
8676,522,163.6057399290056,QR,Electronics,DE,11,0.26549541008778527,0.14830997239139415,0
4678,787,253.56526869058507,ATM,Electronics,UK,21,0.268409015243828,0.12710780064384652,0
1320,452,88.80097594308917,QR,Electronics,TR,17,0.3763295548501804,0.07597047204055868,0
2187,454,85.22418963938017,POS,Clothing,UK,22,0.2602427011758893,0.19900498071915756,0
4963,957,185.02035261999345,Online,Food,UK,10,0.12272484615673847,0.11442387846635141,0
8041,178,169.2141994942777,QR,Clothing,UK,16,0.15037499715420607,0.3305907746774395,0
9936,421,322.15753764687724,ATM,Electronics,DE,8,0.49671917132799676,0.10765806823387421,0
5677,821,71.25164108662163,Online,Food,TR,21,0.22867642781319067,0.22601489225899202,0
9618,839,1.4960313232879012,POS,Travel,FR,23,0.06081609251590323,0.13666422763936353,0
1115,915,92.94772707545732,ATM,Food,FR,13,0.24454781333267395,0.02204894654515115,0
9706,702,11.503719160319676,Online,Clothing,DE,22,0.06773622744099943,0.057497196701371205,0
1337,287,272.06441358010414,ATM,Clothing,US,16,0.1891258219144549,0.3894291703680826,0
2939,769,225.01295652523967,Online,Food,UK,10,0.40690909659527524,0.39959273529124223,0
5540,803,380.5426743387973,POS,Electronics,UK,14,0.15692776726150312,0.24881755085491983,0
3433,983,901.6517359731357,ATM,Travel,FR,10,0.031076514269569713,0.28943867216391045,0
564,663,57.94038025029094,Online,Electronics,US,17,0.1189555726313368,0.2509819804456719,0
1251,222,47.60618687447871,Online,Clothing,FR,21,0.15720012390828575,0.14711924665726994,0
4984,596,243.51373664144043,POS,Food,TR,21,0.1453796943142712,0.16198126836956353,0
7317,609,689.7965686936054,ATM,Grocery,UK,18,0.0339095161274059,0.026464848006600247,0
991,310,18.0320324833446,ATM,Grocery,TR,16,0.3571933360218137,0.07371406161088369,0
8805,225,120.19793171284478,POS,Food,UK,14,0.5209488666371869,0.30590262547160163,0
3784,167,13.963653193013686,POS,Grocery,FR,15,0.29796112245103795,0.14332831619327732,0
9528,230,115.92388242788239,QR,Grocery,US,20,0.2174451344352003,0.2522720655060291,0
6400,392,55.41028736812562,Online,Travel,FR,22,0.21539070827629625,0.17726347963723466,0
5317,581,125.45060241388056,Online,Grocery,US,22,0.0413368215599252,0.07257338978472427,0
7065,801,506.9388583424537,Online,Food,DE,22,0.20524008293399623,0.1421306439289715,0
8117,793,258.63779976209247,POS,Travel,TR,20,0.48998536511750346,0.07147023208629223,0
2577,864,23.51694300108063,POS,Electronics,UK,2,0.04245629917830395,0.19333638777123374,0
20,252,2.6348204077732884,ATM,Electronics,US,3,0.17334068952127613,0.21653648824566862,0
6126,560,495.2700340571136,POS,Clothing,TR,14,0.13679469699336116,0.23959296342485223,1
6032,814,77.34013558159185,ATM,Clothing,FR,6,0.08346476749981362,0.1268259297666809,0
6352,452,370.6894255508737,ATM,Food,DE,11,0.3422571734521449,0.2596631608799451,0
2086,583,96.10825791218923,QR,Clothing,DE,5,0.5690049956291174,0.1767132616897026,1
7258,336,53.73101439822918,ATM,Grocery,US,23,0.37804993060888614,0.022739967626223677,0
652,301,163.69444755880014,Online,Electronics,UK,11,0.1826594562191952,0.18911531470508197,0
8206,798,141.21243704417688,POS,Travel,US,12,0.120738002315185,0.03333677699420382,0
8129,535,19.1402559167231,QR,Electronics,US,21,0.26371781132020256,0.1372424373187486,0
2094,508,182.36707295455423,Online,Travel,FR,20,0.19246821942410572,0.15314099048078114,0
7009,610,45.50195795680245,POS,Clothing,DE,19,0.2923775029778484,0.3122798056474913,0
3492,445,110.28383217312506,POS,Clothing,DE,17,0.1607006344041667,0.36294196208287427,1
4032,392,577.298631374427,ATM,Food,US,15,0.4413289275479465,0.10945023222945725,0
2193,206,50.712464694993656,Online,Electronics,UK,17,0.4285435443659164,0.22100397553670661,0
6378,922,58.0690929537165,POS,Travel,US,19,0.3212034747093357,0.1667101233924366,0
79,418,847.2130601351668,QR,Grocery,TR,7,0.5747318384096836,0.3275470241997447,1
1414,113,226.7015746005002,ATM,Travel,DE,22,0.04854757934342323,0.0501116434259074,0
2930,41,16.460137381809023,ATM,Food,US,20,0.08965901168162473,0.07855920143560782,0
7917,487,49.99721231586228,ATM,Electronics,UK,7,0.05424350120552736,0.17583205302939833,0
4834,11,117.63650613952477,Online,Food,TR,18,0.22309108971594507,0.11680150857418746,0
3849,586,340.2590350330128,Online,Electronics,UK,3,0.4403658971857738,0.11269672635273448,1
7981,720,105.07871487437656,QR,Clothing,TR,11,0.04942273258298399,0.11322296246409379,0
8495,380,281.7667866051436,ATM,Travel,UK,20,0.5887825415610001,0.17845739189205043,0
679,427,595.5983834435151,ATM,Grocery,UK,11,0.21750840469276533,0.236834397062324,0
5001,73,154.81630306267195,ATM,Food,UK,23,0.043350663339777044,0.2505848434429405,0
9429,186,73.68156517361945,POS,Travel,DE,17,0.10174656326281831,0.17216757487872916,0
7375,365,658.3559348505362,ATM,Grocery,US,17,0.39911826661045013,0.2762080320108249,0
9241,893,19.67409669258744,POS,Food,US,12,0.01451495568696607,0.014555436386986205,0
1749,940,206.74444156638546,QR,Travel,DE,9,0.08697743213707483,0.4380001335275637,0
9951,495,251.23068911960067,ATM,Electronics,FR,13,0.4435346668570763,0.5620645299689864,0
9037,158,1.286351237333256,QR,Food,US,16,0.002839098003302842,0.3943768096076131,0
2240,109,124.01762443789852,QR,Food,US,19,0.30055717092252854,0.13440468224637736,1
4008,71,86.89334896551281,POS,Clothing,US,22,0.10553129884398621,0.16728800690362627,0
7541,615,41.05157045366768,POS,Food,FR,10,0.18575467996351874,0.11089714820715604,0
561,893,244.77732601958846,Online,Grocery,TR,20,0.03154849010923325,0.04797503767654164,0
4789,185,507.58798637494715,QR,Clothing,FR,21,0.2763688829565445,0.3230778194394871,0
1725,366,37.1236408191148,Online,Travel,TR,19,0.1803842887529321,0.3199219660225527,0
7588,889,13.530308662679785,ATM,Electronics,US,5,0.1377834339037695,0.10630184994888763,0
1305,914,2.089510803977537,Online,Food,FR,9,0.4777056940296486,0.24691827273093747,0
5898,296,240.73143871304484,QR,Grocery,DE,15,0.06688043850020342,0.2401725317769628,0
8904,313,60.93106672011986,ATM,Clothing,TR,21,0.031305883214080794,0.15215243328971373,0
2201,868,27.717666310919864,QR,Electronics,FR,3,0.06535208388837511,0.5461503443471872,0
522,536,389.7347020865108,QR,Electronics,DE,12,0.04924577843291269,0.10943371810866163,1
8575,550,206.67228082453508,POS,Clothing,TR,19,0.07926771052687201,0.15007852958415285,0
6047,877,27.413004451198226,QR,Electronics,TR,7,0.16727109324500639,0.15903557106667945,0
1106,573,437.7780674447331,Online,Food,UK,23,0.24386004150417823,0.1265761373993636,0
8011,783,73.46759343114914,QR,Travel,US,16,0.04740122875988495,0.008909478874252239,0
7590,132,185.17234522163264,Online,Travel,FR,2,0.03688313933279828,0.13490625256243619,0
4345,356,38.232506242427476,ATM,Clothing,DE,13,0.14550218910564683,0.0957191731066868,0
4421,366,33.16125521397364,ATM,Travel,DE,20,0.48935930770839925,0.003567577094913857,0
1161,167,331.2506448246679,ATM,Grocery,UK,11,0.1824153688076924,0.11814827305282968,0
6659,537,388.2801442178216,POS,Grocery,US,3,0.1500953330275876,0.09603418728402288,0
6440,333,184.29617089375944,ATM,Grocery,FR,16,0.0983651715022359,0.10133490099345001,0
6120,109,22.448708899687816,ATM,Grocery,FR,17,0.20691307014984225,0.00556461628559404,0
3487,922,252.53182578398423,ATM,Clothing,US,16,0.4245283216248486,0.46897100215655796,0
9697,161,288.05131662836357,ATM,Grocery,US,2,0.1833132647675246,0.22408847180805072,0
3281,581,49.49444305136549,QR,Clothing,TR,18,0.04466196299334814,0.12774556636860004,0
3396,438,7.76779441303286,POS,Electronics,US,22,0.056426927804335884,0.2656359600360807,0
8020,388,3.986450556642028,POS,Clothing,UK,19,0.27416939160467535,0.010977049187362996,0
580,197,485.4989034018676,ATM,Electronics,US,13,0.15945236068099627,0.30562088839778107,0
4420,294,119.50290941605319,POS,Electronics,UK,22,0.1609813370129926,0.1324000434712447,0
5232,485,64.22788837197724,Online,Clothing,US,14,0.3939447610693886,0.33881047306835416,0
2157,780,190.19611074683698,POS,Grocery,TR,11,0.19195738715020133,0.06579871063881268,0
4781,794,171.816663681571,QR,Grocery,FR,13,0.07907591952038162,0.25151650603961173,0
668,245,178.3060880140615,QR,Travel,FR,18,0.09543968909602261,0.27203812673563454,0
6286,936,17.759419230164387,ATM,Electronics,UK,4,0.12411809533901856,0.13149877912165914,0
5993,315,273.2365695780334,QR,Electronics,US,7,0.3440713608813446,0.15626808281675827,0
3037,755,156.0581150065419,QR,Clothing,UK,17,0.21667542099417833,0.41553262507346855,0
7549,575,98.55741387503451,ATM,Food,UK,16,0.025735241089079982,0.1641776129402114,0
4263,324,17.884654286289933,ATM,Clothing,DE,17,0.004832889468502632,0.05869885975369472,0
7078,703,369.9825332120535,QR,Electronics,UK,7,0.15226565485650775,0.2449900155128265,0
1269,207,59.709490453348465,POS,Clothing,FR,18,0.18176771435013786,0.22069108082669556,0
1083,896,491.0320644993342,POS,Food,TR,16,0.2814660106534396,0.29897060081440036,0
2371,986,42.67987537857201,ATM,Clothing,US,23,0.0007115457104805264,0.03639012890601666,0
7120,776,119.93756153419906,Online,Electronics,US,6,0.21203074198947844,0.19318946344921448,0
8120,674,339.2789879483902,ATM,Grocery,TR,4,0.22423491140277102,0.14299484761119355,0
6850,583,48.956086050210814,ATM,Clothing,FR,11,0.12515602965900172,0.12599087905692383,0
8004,420,162.78859467242927,POS,Grocery,FR,15,0.35827401480037296,0.17662549591735144,0
6056,337,323.12971575681206,QR,Travel,UK,18,0.12499754714179268,0.08203031522916852,0
8927,775,98.40164318577942,ATM,Clothing,US,19,0.1720389862826767,0.2482219004364083,0
1041,56,373.0968942214424,QR,Grocery,UK,16,0.11359133541602259,0.21928247164880055,0
4371,766,212.70837492080418,POS,Travel,TR,19,0.28164108539604144,0.107359864942824,0
9177,231,124.72289403823125,POS,Grocery,US,22,0.43657249688001304,0.3325256350699003,0
4011,49,36.22111866679263,Online,Clothing,DE,17,0.08972311826670527,0.45868776303157305,0
6105,361,1463.2709724281176,ATM,Clothing,US,22,0.3255575344216011,0.08931249450553855,0
9755,631,374.6345268700367,POS,Food,UK,16,0.22823612978445942,0.04434136368610946,0
6835,572,190.25831321028585,POS,Food,TR,20,0.2458138100391227,0.14910288806290273,0
6340,189,234.64732680391208,Online,Clothing,UK,6,0.07162184024520409,0.12361691981914283,0
1976,440,5.92709102574785,POS,Grocery,DE,13,0.5381487582481367,0.06417015196533951,0
346,819,287.0969804063874,Online,Travel,TR,15,0.13856199208741182,0.10202007488149857,0
3095,87,137.14524213212772,POS,Grocery,FR,18,0.10207396606935154,0.23807321884467605,0
9357,39,350.73087234797885,POS,Travel,UK,19,0.5229950869152109,0.20278977934831013,0
7702,876,131.2562613237054,ATM,Grocery,UK,15,0.37841959577470685,0.31317733224964184,0
6681,202,101.4313333022292,Online,Food,UK,15,0.4841893860912661,0.16774607412116932,0
1929,578,29.53558346831682,QR,Clothing,DE,14,0.19414207118924542,0.0777183671459983,0
3469,337,75.22373284843974,ATM,Clothing,DE,7,0.24993232250446457,0.18929943314434447,0
18,566,361.5355689873239,QR,Travel,UK,16,0.15646480450238087,0.45200811406936353,0
9721,811,12.749426690063382,QR,Clothing,FR,12,0.05930408840135593,0.08297445011730559,0
8638,682,660.872280093423,POS,Travel,US,16,0.27594278719424187,0.12937588731042896,0
480,384,590.9729072354836,POS,Food,TR,15,0.08684254808048565,0.12623525123548274,0
1772,891,281.3621368971709,POS,Grocery,DE,11,0.6937664939173678,0.6316444062742415,0
3395,831,29.890028187804692,Online,Food,US,18,0.4785820792757886,0.4017728028621254,0
3491,78,28.687780637629718,Online,Clothing,DE,13,0.4071530188856294,0.03345084339242203,0
6504,989,247.98843831077562,ATM,Clothing,US,15,0.25010340666269204,0.1322932576407272,0
9521,68,293.1010451737785,Online,Electronics,FR,18,0.5010887479499704,0.5238365690564276,0
75,924,78.21689460224626,QR,Food,TR,22,0.035674511084613426,0.10673918310709879,0
6135,389,165.74649493326805,Online,Electronics,US,7,0.17816998837441142,0.18790231273313562,0
94,507,6.855496433080517,ATM,Electronics,TR,19,0.08433643873005241,0.27519485663396287,0
5956,527,29.538449748373203,QR,Travel,UK,18,0.22735642454900826,0.22417751532263389,0
7485,959,96.07558727420727,Online,Electronics,US,11,0.20581775013924714,0.10809101542158202,0
9507,205,307.8838603952962,QR,Travel,DE,20,0.1618814796635663,0.07642323423020908,0
6783,466,97.99270707414458,ATM,Food,US,15,0.1509422397166423,0.04413075375199214,0
7471,357,38.980674538375915,QR,Clothing,US,22,0.14429887794306548,0.010875110053885077,0
8911,313,128.15550782694464,QR,Food,DE,20,0.23845003154173924,0.6421470466878118,0
629,517,165.0832324002871,Online,Travel,US,14,0.301279164709993,0.19775137192682005,0
508,315,27.14844041433038,POS,Clothing,DE,7,0.07684529613096809,0.11430290436647463,0
853,511,56.53747869974938,Online,Clothing,DE,19,0.2719689454686426,0.6013457173498395,0
6406,874,111.74748839369666,QR,Grocery,TR,6,0.13257019862986077,0.09732587953790084,0
2863,657,275.68334746388945,QR,Electronics,UK,17,0.08371566219094655,0.03871706157310705,0
5123,677,1.0734876229874963,ATM,Grocery,US,18,0.04174216407132455,0.008810801971862108,0
9685,633,11.904566133833717,QR,Electronics,TR,16,0.1080102236446266,0.11736673354241357,0
4352,639,17.991372070856574,Online,Food,DE,18,0.04669752073017736,0.05888791403610911,0
8203,139,16.75103814567294,POS,Travel,NG,17,0.012145236650999354,0.2436450032693217,0
3094,257,43.58702317565473,QR,Grocery,UK,8,0.3227450275485225,0.2549831319947255,0
6353,306,770.9996221468302,POS,Travel,TR,19,0.4325544883069102,0.3862072746106651,0
7708,314,280.45143959873025,ATM,Clothing,TR,20,0.38409740368101764,0.14685703510690368,0
8555,489,113.83520462308107,Online,Food,FR,14,0.25678341464839255,0.14884743724775618,0
9503,193,96.12137462722586,QR,Food,US,22,0.36189752443096396,0.026147356428165815,0
6077,75,27.778949530146374,Online,Travel,FR,18,0.11430916503615947,0.23496073278374818,0
1412,183,38.881110274615445,POS,Food,FR,11,0.13833964371795882,0.05026719395598106,0
1443,934,203.0294709984108,POS,Electronics,DE,23,0.1607184883319228,0.19161779689617464,0
7767,353,251.95047393637503,Online,Travel,TR,22,0.18259628051514337,0.20891525610544207,0
2796,447,32.81397967771178,Online,Electronics,DE,21,0.04133254745258614,0.09041526043136018,0
3741,893,846.2405383424733,QR,Food,US,8,0.38560626509813034,0.04214760466172911,0
5286,49,87.49415163744102,POS,Travel,TR,21,0.10861317735196808,0.24752630449558682,0
2181,31,10.764331177093156,QR,Food,TR,21,0.044903811550369585,0.06336273936388263,0
4761,985,182.4584765742657,POS,Electronics,FR,14,0.2584605029817238,0.05100525671888849,0
3675,832,302.0777266489834,POS,Electronics,UK,23,0.11401717550715476,0.15482561498042544,0
2524,972,269.42692929375545,ATM,Grocery,US,20,0.20837813359281973,0.28019883094137854,1
2277,366,315.486445319414,ATM,Travel,UK,14,0.323725081357966,0.3673094620132262,0
1877,362,49.797786943129296,POS,Travel,US,18,0.17905199679498268,0.018732241599195114,0
9611,339,116.78343623169981,Online,Electronics,UK,13,0.2013080095381832,0.08820978431165763,0
9739,533,11.303297582885966,POS,Electronics,FR,23,0.13764625915546638,0.01574518401829491,0
1426,563,17.735971249962784,ATM,Electronics,TR,3,0.06427602931103803,0.04801347748794028,0
6163,667,236.58499292448636,POS,Electronics,FR,8,0.058025304467425654,0.1685852728243715,0
7226,24,288.71311123855304,Online,Food,US,11,0.24719508307613564,0.27770285010168766,0
7295,647,1107.4511139413692,POS,Travel,FR,23,0.40860307884693314,0.29578199415140377,0
2975,708,44.30898573251157,Online,Grocery,DE,21,0.6221377019962483,0.09259384938518381,0
2077,978,5.29950861700059,QR,Electronics,TR,22,0.20652817093472817,0.10248285737241351,0
4675,251,443.57569751183127,QR,Electronics,DE,17,0.4118547799866148,0.14562762530373569,1
216,736,10.847506832152071,POS,Clothing,US,7,0.16578467299537147,0.07833817144098067,0
5560,889,11.395571528233807,QR,Food,UK,19,0.08020488443640525,0.0019088190891756607,0
88,905,1542.5571552580532,Online,Clothing,DE,12,0.998736630233235,0.6912955844704741,1
6699,870,55.60273981260009,POS,Grocery,US,18,0.10359724029405268,0.13032909741500637,0
2029,45,31.324437834167153,QR,Food,DE,10,0.04998588058396145,0.08791497809309538,0
7523,974,17.560438445737134,ATM,Food,FR,21,0.030901814916920997,0.13869454440001472,0
769,465,329.7787099434055,ATM,Travel,FR,14,0.2277130553464918,0.3784365615776462,0
6700,734,427.1310844177481,POS,Food,UK,15,0.28824537687264057,0.2176873493866339,0
8566,935,82.26861617425648,ATM,Grocery,DE,19,0.03645990921654134,0.004605897916698184,0
6496,573,28.403972815815276,ATM,Clothing,DE,23,0.1507725450118067,0.009266519194551417,0
9512,354,158.9732716088483,Online,Electronics,TR,13,0.14202518290167193,0.19978301154751948,0
4760,669,374.1685967840215,ATM,Travel,TR,18,0.19673365558998762,0.2619574161457891,0
5489,558,229.79503157182046,POS,Food,FR,1,0.09611099381921379,0.52836327170897,0
79,918,19.705493415925446,Online,Clothing,FR,20,0.11411056511236344,0.11034940115707112,0
5790,912,307.8276202026243,ATM,Clothing,UK,22,0.1547564254761081,0.06384864752988928,0
8783,825,17.358758478054106,QR,Travel,DE,22,0.007683353492385875,0.002633578830754701,0
8632,191,148.86748182637862,ATM,Grocery,DE,18,0.20484373241356624,0.16182371219870864,0
6510,914,151.17687542829083,ATM,Electronics,FR,20,0.09053941937054197,0.12747779214172805,0
1947,206,50.22787663905395,POS,Grocery,UK,22,0.846614618671508,0.11184602782504903,0
5917,826,3.3207625824918896,POS,Travel,US,17,0.10987914318582723,0.23079352399726952,0
674,478,322.6211003850929,ATM,Food,DE,21,0.1146779506017781,0.12293182918378281,1
9431,257,199.60139873213072,ATM,Grocery,DE,22,0.015155256320085532,0.05675007552791844,0
1547,171,42.23548059860729,ATM,Electronics,DE,18,0.5539897660241581,0.18562057527996606,0
8881,178,332.54525966169155,POS,Grocery,TR,21,0.04366895863108917,0.08485368391826906,0
3699,557,201.65630340599785,POS,Travel,TR,5,0.12669800475168916,0.06886826711871505,0
7520,663,26.951882470591546,QR,Clothing,DE,11,0.13695349781092803,0.18687027157746205,0
5449,429,332.4572300242882,Online,Clothing,TR,11,0.21645249442017717,0.12924949578748554,0
6910,312,116.39242825409919,POS,Grocery,TR,8,0.1918503995371715,0.29206291968948567,0
6196,777,55.22068377419863,ATM,Food,DE,22,0.004744469578025157,0.06344130582641648,0
3930,177,287.9154088518318,Online,Food,TR,6,0.04825392560656844,0.15408051565730232,0
2978,393,257.61907436310076,Online,Grocery,DE,22,0.22963148211832832,0.028546114950657592,0
8529,227,188.39254351580638,QR,Clothing,FR,9,0.01906742491837956,0.15373688585351514,0
9570,255,303.2892009586524,ATM,Clothing,TR,18,0.18986768108800703,0.18364662462477827,0
9,647,184.03575055991425,POS,Grocery,TR,2,0.3263515946841935,0.28255144029574086,0
8997,868,213.79955033249573,ATM,Electronics,US,20,0.06500656335933827,0.015941483271337275,0
8607,976,140.9137711062386,QR,Electronics,DE,22,0.47077115229984945,0.37899073793007254,0
9317,611,63.19865329600495,POS,Food,UK,6,0.1703470042432728,0.12123534133756277,0
3677,509,69.68061350753229,QR,Travel,TR,5,0.07744220210742211,0.36812960446702514,0
5084,336,54.02630869864998,ATM,Food,DE,23,0.5933658049948848,0.3306966630326292,0
1792,980,252.84499695896304,ATM,Food,UK,23,0.16245467439930233,0.1294379536442414,0
8811,278,186.51639533609557,POS,Grocery,FR,4,0.026069696073452286,0.02213337460207553,0
1908,911,5.8677476319683,Online,Travel,DE,17,0.131713037379548,0.07142993937012883,0
6336,438,17.686061609417138,Online,Clothing,TR,20,0.04046809575150997,0.07620410835792067,0
5043,191,170.73449908998188,ATM,Electronics,UK,21,0.005974720378509696,0.19323689312806394,0
8,100,77.25315731974706,POS,Grocery,TR,19,0.24776209926190984,0.2731792825145143,0
4157,379,17.232686498446448,POS,Electronics,FR,1,0.07390300917133426,0.03406109023604892,1
9142,590,1183.3511611643387,QR,Electronics,UK,18,0.3133388254778858,0.021875251528969457,0
3307,742,37.41041365496803,QR,Grocery,FR,15,0.021092588391952997,0.030347079696308402,0
1811,535,546.568989521462,QR,Travel,US,15,0.16530299167376927,0.09984590582460022,0
40,95,1.3841042078147432,POS,Travel,US,22,0.09145540564441704,0.049760122520826365,0
4790,698,38.864778585638824,Online,Clothing,TR,17,0.0806694910555673,0.08246204476571532,0
2340,413,226.5212479758355,Online,Clothing,FR,12,0.24472958204663192,0.20394095943400212,0
632,25,38.81597246225534,ATM,Food,US,19,0.2445468179044594,0.06351710657478818,0
5569,294,74.50199240003217,ATM,Clothing,FR,8,0.022316468751887326,0.37441326794775154,0
8872,893,140.95269671215783,POS,Grocery,US,4,0.1053673439515397,0.167800622306174,0
4697,190,307.1002258959467,QR,Travel,FR,3,0.05224025334778772,0.24040497544655784,0
8448,161,29.607349444140855,Online,Travel,US,20,0.02150309027329249,0.026902684552449232,0
5621,372,143.62047480185444,QR,Travel,DE,22,0.09947760936243856,0.33433898715931815,0
8284,631,2.1109281433590366,Online,Electronics,UK,20,0.03782742164838379,0.014212560768567053,0
5576,501,629.7008206070116,ATM,Travel,UK,20,0.3314042619780792,0.010860700766552406,0
7985,798,239.57286607416577,POS,Travel,FR,21,0.10151402378750327,0.19269205661208094,0
4868,451,217.2146929818008,Online,Clothing,FR,15,0.1687691104363219,0.09672402114468057,0
902,198,63.8847472245451,Online,Food,DE,15,0.07162879782849187,0.3222218671812841,0
6745,282,209.4003094425333,QR,Grocery,FR,22,0.04063451545389353,0.05661333131245817,0
5167,61,53.36566901094562,Online,Electronics,TR,14,0.20070718984719166,0.11180311508146275,0
4668,200,284.55388586475544,POS,Clothing,TR,16,0.025485853951239413,0.038528508434437996,0
5225,688,1.3520772982850429,POS,Clothing,FR,9,0.15357458527413032,0.2859929701119984,0
9763,810,21.70621445404447,POS,Food,TR,2,0.07289953714589022,0.000556728844471097,0
964,631,131.86787504228343,Online,Clothing,UK,9,0.1666351412019621,0.33324881121370553,0
3415,345,42.92813632968324,ATM,Grocery,FR,20,0.1573944789998603,0.08152033074754625,0
5865,768,62.30988762821945,ATM,Food,FR,9,0.3082822217457033,0.494981904251874,0
3306,991,387.31456147897256,QR,Grocery,US,18,0.1080187739137892,0.16145276924101284,0
9318,658,672.6676498810641,Online,Clothing,TR,14,0.24138526217785175,0.1421951045788751,0
686,62,14.789390935249616,Online,Food,DE,21,0.10372451263386073,0.014665438745517578,0
1019,93,9.995516541048616,QR,Clothing,TR,15,0.07557015524539214,0.08621965971077802,0
8911,764,58.69654671459063,Online,Grocery,TR,22,0.3226668887529233,0.10434233660897056,0
5586,799,436.591214701292,POS,Grocery,US,4,0.019770928887791122,0.1624990642109589,0
3135,689,130.35581636796238,ATM,Food,UK,14,0.3262515540947689,0.21903471099800567,0
6444,399,5.692285519828214,Online,Food,DE,22,0.03343103306922625,0.053841735153311227,0
2340,273,23.8050533784809,QR,Travel,FR,21,0.2232486340804193,0.1427162625826191,0
3920,264,52.87569028425592,Online,Clothing,DE,16,0.26266688688511525,0.1995977639437026,0
9291,55,9.668449863531977,Online,Clothing,FR,10,0.07091267175772512,0.04635774405850728,0
1257,326,17.024077140198287,Online,Food,UK,11,0.20204078473272977,0.26870689624140626,0
9085,205,81.58663988514013,ATM,Travel,UK,7,0.16589265094082192,0.09708267831243451,0
7042,47,573.8317064587006,ATM,Grocery,UK,22,0.26333648236411644,0.13814056671614316,0
9494,570,8.97303379247866,ATM,Travel,UK,16,0.21436345482556693,0.14199362336943103,0
9829,939,3.242171335836336,ATM,Electronics,TR,14,0.022744304362159004,0.27470568731579836,0
3794,459,198.13147635887282,Online,Clothing,FR,20,0.068376453370903,0.1512358034828891,0
9605,546,24.31737611569404,POS,Travel,FR,22,0.597561367743496,0.24679573607742292,0
5129,438,306.20723719371733,Online,Food,UK,11,0.2085960784006894,0.030399843895297738,0
9432,275,7.773758717673008,ATM,Travel,FR,4,0.0005791023078941874,0.014943429740153336,0
2489,933,106.12696078469442,QR,Electronics,UK,13,0.1520292078223903,0.07852618364387957,0
6388,708,54.2452156793148,QR,Electronics,TR,17,0.06756343360798799,0.000519302826399083,0
8789,146,339.8974112897408,POS,Grocery,FR,23,0.006678526682453547,0.0744008208120014,0
6489,913,209.95641362812654,POS,Travel,DE,13,0.036948106007975746,0.027461876784717426,0
3489,136,388.08370696874726,Online,Food,FR,16,0.3643822865902156,0.30808921731299027,0
3752,533,191.31326890909315,POS,Food,DE,15,0.06826681463415307,0.2172121415470161,0
5399,530,394.25434648504404,QR,Grocery,TR,11,0.031955214249940404,0.10453567506942342,0
7530,787,24.303352005510526,Online,Food,US,14,0.20957081185037668,0.003178263689924525,0
7485,213,103.08234733835475,POS,Electronics,DE,12,0.06275534872514743,0.06736028028560491,0
4017,554,62.25563553412305,Online,Clothing,FR,23,0.01899007061689183,0.0042028221692055456,0
2587,232,50.87450045443996,POS,Grocery,DE,7,0.07171546155859237,0.17101209065907638,0
5791,761,185.3561578121517,POS,Grocery,TR,19,0.19424089462435423,0.5036108919710502,0
8311,293,48.26539395409191,Online,Grocery,DE,21,0.0240851295385167,0.06774428948893128,0
9307,146,55.9486569828298,ATM,Grocery,TR,23,0.011253902965075896,0.02251740199732466,0
7356,41,305.23915950846936,QR,Grocery,DE,21,0.051290472359893126,0.36952841986702045,0
2817,998,154.55334184847484,Online,Clothing,DE,17,0.0780613705817251,0.0562032983252223,0
4134,862,173.79846254760653,Online,Electronics,DE,4,0.3343176310517625,0.9996026492679309,1
344,551,234.9402725617919,Online,Grocery,FR,21,0.3000375935778752,0.0679069835031899,0
3388,442,57.90688470338195,POS,Travel,FR,22,0.18233529314907734,0.03443759507845195,0
4401,204,254.23111943792713,Online,Clothing,TR,16,0.2748668219120943,0.09944970977748326,1
4324,355,68.32624908979265,ATM,Travel,US,22,0.0625170254234547,0.06583763717525976,0
5056,710,225.3992318097182,QR,Clothing,TR,13,0.32785731150306546,0.14489048181533795,0
7028,145,346.9299480049797,POS,Electronics,UK,21,0.08454058965256796,0.07454757429386577,0
2193,611,77.4094653365068,QR,Clothing,FR,20,0.3184638029769005,0.020410251069287403,0
4056,280,951.0403223372533,QR,Electronics,US,4,0.25992068194101015,0.12842745373494502,0
2813,492,9.03750596032392,ATM,Clothing,UK,14,0.05882403569712543,0.29686925766011013,0
3223,147,117.04530103238659,ATM,Travel,TR,14,0.18123886724451257,0.13836215056431564,0
5584,213,18.786307356934838,QR,Grocery,DE,21,0.13647117624793734,0.06727249163524417,0
4164,352,157.41870059347747,QR,Food,TR,5,0.4078359310029753,0.05347734790666606,0
1153,622,128.39172883308882,POS,Clothing,FR,14,0.12355199337579593,0.06630242590090127,0
226,113,134.8236955677474,Online,Clothing,DE,21,0.05792525911203588,0.10313665947981547,0
6781,132,46.48703083687864,POS,Travel,FR,5,0.1845515673007113,0.08756695698045916,0
3924,541,92.01338177131765,POS,Food,US,12,0.06496936316841567,0.08595016418700571,1
5643,6,127.41539496273224,Online,Food,FR,22,0.03558943893632046,0.27734413939054164,0
4784,533,135.15370897648137,POS,Food,US,4,0.03216321309896754,0.021426339760234114,0
7635,834,97.32188019176364,ATM,Clothing,DE,14,0.19334960093022857,0.0974883547193131,0
8346,939,68.34296028498794,POS,Grocery,US,10,0.023343688308676752,0.12070589228305438,0
8272,72,137.20232412322008,POS,Grocery,UK,9,0.09108347129640793,0.1529213845340265,0
9855,115,299.25527422377695,Online,Grocery,TR,12,0.1599763967028466,0.08788880638011254,0
6402,13,74.49361484586683,ATM,Grocery,FR,15,0.6662904245410002,0.043493522361985885,0
9374,618,32.553603547099115,POS,Grocery,US,15,0.22748439085981012,0.3404690415785726,0
9322,992,66.6988661263023,Online,Grocery,UK,4,0.2180010947763851,0.11588643585992944,0
3567,720,152.94555707940046,QR,Clothing,UK,11,0.018767344408429407,0.07114692243073216,0
1263,911,527.5898294011325,Online,Grocery,US,15,0.25733660243196155,0.21655279685778367,0
6062,325,234.43573180211487,QR,Travel,DE,12,0.24177483678309314,0.2084743023412,0
364,982,32.7636556250839,POS,Clothing,TR,11,0.015888630925751487,0.07865244717753937,0
4620,331,11.428762944333315,QR,Clothing,US,20,0.06415732253136543,0.05776970804693672,0
2656,480,169.92596407430773,POS,Electronics,US,12,0.12689608276701683,0.12012514763306494,1
8745,370,317.50886216017153,Online,Electronics,US,20,0.32617790182800105,0.08005656090436598,0
8517,38,137.961737158254,POS,Grocery,US,19,0.08190033419442704,0.21614708197823834,0
6881,521,246.62299761930237,POS,Electronics,UK,15,0.1476679219708334,0.10125312679947425,0
6504,876,331.8599298147166,QR,Grocery,UK,18,0.27190630596562004,0.3505194131783309,0
9122,336,433.6805042787081,Online,Travel,DE,13,0.7895566237707914,0.3372417654482297,1
3296,766,279.182532634225,ATM,Travel,TR,10,0.3385341639124423,0.15520666011298298,0
7248,713,239.3659309599401,Online,Clothing,DE,20,0.17192201529805648,0.2536281367392011,0
8534,963,87.82127353826267,QR,Grocery,UK,21,0.06622073372503268,0.16923051369035425,0
9795,430,87.21105552882094,QR,Electronics,DE,12,0.10339786123887716,0.06277981862095228,0
1275,739,49.61656868585095,ATM,Electronics,UK,12,0.019644250547375428,0.12911903924837137,0
7073,989,167.35432395754583,ATM,Travel,UK,11,0.46996214452012813,0.6732757531937712,0
3587,266,105.06367094751141,ATM,Clothing,UK,16,0.28798752766920893,0.1187597865512811,0
2385,858,35.89666065976252,POS,Travel,US,6,0.017613215488226527,0.15277433934715337,0
5539,707,461.1898135400221,Online,Grocery,UK,9,0.37368115798156587,0.21456873399477783,0
918,733,12.42879023056817,POS,Electronics,US,19,0.05993445364828685,0.09117942621725594,0
9984,601,9.078849901237094,QR,Travel,UK,6,0.041352838085852155,0.19422134225136906,0
4812,60,52.701988786541854,ATM,Electronics,FR,13,0.2511864746216811,0.05194556870994891,0
3249,454,197.88266686652432,Online,Food,UK,19,0.2637361070615153,0.20171054674527666,0
9340,792,25.890822564629218,QR,Clothing,DE,1,0.08939678577911642,0.2848420443955043,0
6203,795,64.60148811872419,Online,Travel,UK,17,0.09414731337014616,0.2179768364199148,0
3913,232,568.668149085703,POS,Electronics,UK,14,0.4017069369216646,0.8642277140557912,1
5262,983,24.828613362067287,QR,Grocery,US,21,0.02596357848379452,0.11046452972093943,0
8024,111,27.854003311658822,QR,Clothing,FR,22,0.04933704526001237,0.038361817752422436,0
7665,58,81.33862711755123,POS,Food,US,8,0.05672729009990036,0.14580395003614824,0
4768,674,80.29483330843192,POS,Grocery,UK,9,0.16302782850408606,0.12369734498285419,0
1653,865,164.91189265583787,ATM,Electronics,US,21,6.906612152970704e-05,0.01991093177753866,0
6827,129,98.39790808656446,QR,Food,US,14,0.03240835871479376,0.026344505363793614,0
2981,315,19.635836418970328,POS,Food,UK,21,0.16568852472536327,0.012637234077899285,0
3649,414,222.09487096946492,POS,Electronics,DE,1,0.4316823924053749,0.5783622611646341,0
3906,868,140.85250664153574,QR,Travel,UK,13,0.0858826718055637,0.14032042259632665,0
771,793,399.73417013025306,ATM,Clothing,US,12,0.5982581353765952,0.4633328168590429,0
6714,372,8.945650379313703,Online,Clothing,TR,20,0.00828527510310525,0.05460309338737847,0
7567,214,117.95029818832434,POS,Food,US,21,0.09257401878597732,0.09106610374612845,0
3321,437,324.11556560073217,ATM,Clothing,FR,18,0.37160013235155737,0.2741655805744303,0
4046,679,9.968347091134714,QR,Food,US,23,0.013063548196228065,0.010111441780778732,0
5945,854,13.439711504701158,ATM,Food,FR,16,0.0907112931479002,0.06921371968012224,0
758,564,225.4125245119834,ATM,Food,DE,10,0.17557437653069996,0.08578246622751376,0
9794,992,1.342791144426048,QR,Grocery,TR,23,0.11368771399270611,0.025918747384998733,0
7223,634,87.92191519463361,ATM,Food,DE,11,0.40096297795302965,0.41063225691111666,1
7362,939,9.855279613050971,POS,Electronics,US,7,0.04308366513087821,0.04497778572400301,0
4130,826,134.16311152895847,QR,Travel,TR,2,0.3240894303173825,0.3999870824123932,0
1386,803,2.700735845334886,ATM,Food,DE,7,0.03596077710652345,0.05742216203503495,0
2740,633,66.76907562138437,Online,Grocery,DE,18,0.01737608118084321,0.060797639777308274,0
9196,706,112.1367386946174,QR,Food,UK,14,0.21003660163443755,0.08414009457800743,0
8643,276,65.89775244120749,POS,Travel,FR,18,0.5391431636484998,0.356878546935881,0
6174,24,252.266766754514,QR,Electronics,TR,17,0.25877046981725854,0.16905294659444006,0
6025,365,614.3989771528045,POS,Grocery,US,22,0.1935347748871839,0.28001204929118206,0
3563,484,31.918054461628756,QR,Grocery,US,23,0.042808710032546306,0.053471459702019074,0
1943,293,4.069189798024941,ATM,Food,UK,23,0.11076901528807673,0.014634035311402512,0
4587,866,543.8760250559271,QR,Food,UK,4,0.35915062110158047,0.5848654818591089,0
6720,267,41.77923520600441,QR,Electronics,US,14,0.04534439139242071,0.009032205663821923,0
28,151,23.012675532193228,POS,Clothing,US,22,0.5036825559118929,0.6650737459462311,0
3494,115,38.67433784156147,ATM,Grocery,DE,20,0.09484798635076065,0.12097739712849807,0
59,228,97.40375109951135,POS,Food,FR,15,0.33599151692714235,0.12264238386341125,0
9341,517,5.168629901892398,ATM,Electronics,FR,19,0.14001470918739972,0.03214959016048466,0
3704,463,231.66183853797244,Online,Clothing,US,2,0.19905121078551807,0.14747677487959218,0
3878,549,5.813862855946108,POS,Food,FR,21,0.0663983985358744,0.018553302656974694,0
9837,117,277.8885312020511,POS,Food,US,21,0.0760622712989116,0.28698814032245556,0
8914,719,234.9696855443656,QR,Electronics,UK,22,0.06957557534395595,0.059745636551688505,0
4690,676,26.453484957100247,QR,Electronics,US,15,0.1793315781450051,0.3070288640043959,0
6082,459,164.68440794746175,Online,Travel,TR,17,0.024918153271516887,0.0752329368329995,0
3106,72,395.1199200073725,Online,Electronics,UK,8,0.13557758368101006,0.3331446277732897,1
2623,906,393.0374387805617,ATM,Grocery,US,4,0.3312992143472164,0.472067459817864,0
6660,854,2.301496506438511,ATM,Travel,US,21,0.24018788765606844,0.02759124789819086,0
9346,852,162.15850566198324,Online,Grocery,UK,11,0.22600657522457462,0.0545248373407167,0
2368,79,27.078525445282846,Online,Grocery,DE,5,0.07622691279903547,0.32096107578386074,0
7180,665,136.28976389761763,ATM,Clothing,DE,9,0.24499405721374606,0.397477138624392,0
8922,125,229.77194991148897,Online,Electronics,TR,9,0.12298980707567572,0.1665648645123801,0
6123,122,69.60367955043951,ATM,Travel,TR,14,0.04860458732744665,0.03036568174811191,0
5888,567,270.2470075070469,POS,Grocery,UK,17,0.14921558035067245,0.1637261403467776,0
1559,338,47.891022004102524,QR,Clothing,DE,17,0.06173560344047333,0.34398093206013397,0
9565,378,101.09680038394627,ATM,Travel,DE,17,0.05002649463109703,0.20169765535626355,0
1199,298,213.1230009795172,Online,Electronics,FR,15,0.1657526353764937,0.11430713265178373,0
9226,229,34.92140120043672,POS,Food,DE,13,0.006595137483928305,0.06322788836623919,0
4295,408,127.97348175650858,Online,Clothing,DE,10,0.03584148919149755,0.15040385553056418,0
4123,663,117.49114037926736,ATM,Grocery,FR,22,0.05749939942917273,0.14841602947753882,0
6047,659,249.91780325015935,QR,Grocery,FR,17,0.1490985488913814,0.08839703192641048,0
8312,452,146.4748530967237,Online,Food,UK,18,0.4633727197389449,0.1305137472702494,0
4062,244,25.5964039517589,QR,Food,UK,14,0.5348024125939866,0.26421917510356996,1
9643,449,45.73432349151157,Online,Food,UK,8,0.28814894611415487,0.49905279511364936,0
3844,520,16.6264123156046,ATM,Electronics,UK,6,0.06325124760026102,0.03350849534262375,0
8911,682,57.207818913179935,QR,Food,FR,19,0.010619016471578013,0.2243510284241761,0
3951,206,301.5944739070001,QR,Electronics,TR,21,0.21480561942633059,0.33531128636482216,0
3790,476,118.17416513234085,Online,Travel,DE,23,0.3465182103799084,0.2905263208253784,0
6118,259,15.681364729623118,QR,Electronics,UK,20,0.02392081687708983,0.07590379490348957,0
4582,896,274.7309298249648,Online,Electronics,DE,13,0.053395300370966105,0.3005774349981576,0
7,425,41.46339644400679,Online,Electronics,DE,23,0.3044995949458912,0.19909657689512106,0
6106,112,7.547988113231673,ATM,Clothing,UK,18,0.10382965970325381,0.022567501187270626,0
2314,221,14.989882386259008,Online,Food,UK,12,0.007685881354515439,0.11158860423789381,0
7833,803,138.94685996967615,POS,Clothing,TR,16,0.09318761397380729,0.1048581950440677,0
8323,161,75.16072726489021,QR,Grocery,US,21,0.30823418068926983,0.16430767284107012,0
2609,924,35.39746648643182,ATM,Travel,UK,4,0.26838728282969443,0.232466257864138,0
7319,426,33.42917714249973,ATM,Food,UK,19,0.19170588771171862,0.014905153031212346,0
761,61,247.7350871909099,POS,Travel,US,20,0.0432855037907964,0.5225052510658432,0
8418,344,40.91502426341504,POS,Food,US,22,0.10141100820831894,0.09749771701202935,0
2583,410,70.57339021618778,POS,Grocery,FR,22,0.02641818302141293,0.16268738982704958,0
7340,473,782.1149201289559,ATM,Grocery,DE,14,0.1384946268365549,0.300095058663848,0
4780,767,600.4756564582839,POS,Travel,US,20,0.08173813381894446,0.6259421284462575,0
7527,674,25.658624930101166,Online,Grocery,TR,14,0.2046225624720923,0.1564177215888132,0
5919,594,461.66735633269815,Online,Travel,DE,19,0.24826239593779914,0.07077414427988828,0
4591,515,33.07979891529833,ATM,Grocery,TR,18,0.08073505845206638,0.14280245810734934,0
5850,784,47.445554236030816,Online,Grocery,FR,15,0.3621363802366498,0.09351114770969783,0
4254,823,45.66560579404228,Online,Clothing,DE,18,0.04621600434571893,0.04154807249050474,0
8760,897,958.1546235406217,ATM,Electronics,UK,12,0.4071876999827317,0.010550767903001752,0
6644,749,354.6587133954134,POS,Food,TR,21,0.02614354235818104,0.1989439201848006,0
4084,537,3.489837526287861,QR,Travel,UK,22,0.5926852820388758,0.1539894388843245,0
7673,244,34.173005279330205,Online,Travel,DE,7,0.1527306046816275,0.2109771267564842,0
6473,759,762.3757329335956,POS,Clothing,NG,20,0.8206202466781832,0.4834805073195209,1
725,370,9.91604267732338,QR,Clothing,US,23,0.21295447006761184,0.07211733902637711,0
1984,64,127.89444698046219,ATM,Travel,FR,0,0.3044693603647431,0.15933960712989229,0
5674,721,912.2012926483765,POS,Electronics,TR,16,0.10300199661158332,0.17924661408922893,1
6212,430,9.276820897912192,POS,Travel,DE,22,0.19000410935480974,0.018868845511481252,0
9761,155,29.769738735889124,Online,Travel,UK,10,0.1490478315721515,0.1462296652075897,0
2063,909,22.797270771243177,ATM,Electronics,UK,15,0.10720868520017315,0.15059282961456583,0
6412,686,12.353937890276864,POS,Travel,US,22,0.47490525172676235,0.297459118221263,0
7841,327,304.0917370417737,QR,Food,US,14,0.0844811916945982,0.24047107584402144,0
6193,236,40.9252907875209,ATM,Electronics,UK,16,0.1360387980353378,0.042004606404165507,0
9153,140,306.62593868705454,POS,Travel,TR,10,0.24945983928753407,0.08417521669492786,0
8340,619,396.4884519250425,Online,Grocery,UK,16,0.37343141118207807,0.7256123946350548,0
6674,259,356.2264250295182,POS,Grocery,TR,23,0.3595849990283788,0.02093616477267658,0
7715,4,304.4097043906633,ATM,Clothing,TR,17,0.10796130442317099,0.2488046746130397,0
8283,944,329.87425345016095,Online,Grocery,FR,15,0.08304215578902698,0.17658414394056657,0
8299,513,412.96269917198197,ATM,Travel,FR,10,0.047432334054506246,0.20722124947385764,0
9607,95,460.0116791980121,ATM,Travel,US,9,0.07095300976641127,0.6664792656588902,0
2563,94,47.43193575243837,QR,Travel,US,20,0.004370215216968023,0.006651924152657426,0
5011,201,119.55675298768017,QR,Grocery,US,12,0.06924019903787011,0.14001043112912706,0
7763,860,187.4105208456483,Online,Grocery,UK,17,0.06162575128088089,0.1420279771762144,0
6848,381,109.7555382669348,ATM,Electronics,DE,16,0.10932510824982371,0.19279847880289347,0
3692,991,60.60441595432913,QR,Clothing,UK,19,0.046860292699712695,0.2206742753537539,0
1000,474,200.83349847590748,Online,Travel,US,16,0.08851302051802375,0.09262204994036419,0
633,902,112.5599694693062,POS,Clothing,TR,22,0.3436480389368183,0.15671600435098862,0
2745,366,68.62163934339884,Online,Travel,US,19,0.02833814836519034,0.3140603592817951,0
4327,615,57.08150578385458,ATM,Clothing,TR,11,0.07234678408187764,0.09871955848432615,0
7905,140,60.105320742674685,POS,Food,US,8,0.418687254486317,0.11829461224351046,0
4455,64,537.0084182410847,POS,Food,US,6,0.3435180775784458,0.41585848739981746,1
7708,883,5.320256902200647,ATM,Food,DE,21,0.09919760738212985,0.0072390702629537415,0
3534,809,89.84767355788108,POS,Clothing,DE,19,0.053665165671686034,0.22156032833538086,0
7900,258,425.92079201498603,QR,Food,DE,9,0.24785151678336975,0.48997316053403633,0
5052,899,139.9724856462436,POS,Travel,US,20,0.19661167114539135,0.11384779996097817,0
2067,134,72.70611860634844,ATM,Food,DE,16,0.1399777975907519,0.12425297136165282,0
7991,138,180.35797807987652,QR,Clothing,UK,8,0.15027501060728535,0.08666712962284535,0
2940,43,435.27596440886094,ATM,Clothing,DE,16,0.3564193411721145,0.3258784034807326,0
4030,599,56.34139608820089,ATM,Travel,US,14,0.17499618112711035,0.3135557459229374,1
8539,377,53.34400692813734,ATM,Food,UK,19,0.06179585222552002,0.20980324309397544,0
6022,572,363.88651634369495,POS,Food,UK,7,0.07356017907323346,0.3306110021695523,0
4150,957,264.78787049251616,POS,Electronics,DE,17,0.20631593738026038,0.063829281865103,0
9216,424,13.196503984588876,QR,Clothing,FR,16,0.014523624965284329,0.10316694607552002,0
2256,62,43.110932308232414,QR,Food,UK,3,0.21733614957956524,0.07114015661200387,0
6454,284,231.94121820839166,ATM,Food,FR,17,0.47620986047593633,0.1689272600305887,0
4425,338,147.39820806957957,ATM,Electronics,US,2,0.046982479416579924,0.022762729656024158,0
5222,620,42.576928100014044,ATM,Electronics,DE,22,0.11783423931369098,0.07489809087935799,0
2009,146,68.20970587165817,Online,Food,UK,10,0.12992260175476092,0.2780232723675504,0
8058,771,305.05402563405215,ATM,Clothing,DE,18,0.23887540033863802,0.16765552173527493,0
3683,681,188.94032494253472,POS,Grocery,DE,11,0.20325837450538425,0.03408893955275494,0
6820,848,21.833343485726804,ATM,Food,FR,23,0.18755315330816885,0.17119194326016132,0
9710,188,306.9086132486006,ATM,Electronics,DE,20,0.2645241174381763,0.10155029144904948,0
8456,89,402.34253469944605,POS,Clothing,DE,22,0.05669163275838675,0.05476293570968408,0
6365,635,159.72269090501086,ATM,Electronics,TR,12,0.27032637089450806,0.3213421381983206,0
5584,585,15.596067802661162,QR,Grocery,UK,21,0.0848034792316658,0.06508380853692636,0
6078,639,107.85594695393347,POS,Electronics,TR,12,0.2510739746574043,0.38105771673346706,0
8256,138,4.333851014534208,POS,Electronics,TR,20,0.09824235979714442,0.012165406679029909,0
1942,830,217.83044800763838,QR,Travel,UK,22,0.3821029449747892,0.5395051713959107,0
9483,438,88.31734516457819,Online,Food,UK,11,0.12146200697064688,0.15116571241324095,0
663,297,165.38425932268362,ATM,Clothing,FR,20,0.03593916973833252,0.07242254515552424,0
5452,461,14.579158095601866,Online,Food,FR,8,0.2986929699006854,0.20724895174661123,0
4071,208,262.7509156422327,QR,Grocery,US,19,0.4740212903206226,0.17589553137078362,0
4964,1,376.6174673239769,ATM,Grocery,US,7,0.08867920389407855,0.12934730962493665,0
3142,437,275.3295517553067,POS,Food,UK,22,0.6999341298573256,0.504532258658326,0
9651,259,71.52498696845625,ATM,Travel,FR,12,0.13078478922937734,0.2253001426303363,0
2780,292,73.68183122888782,POS,Grocery,FR,19,0.14358734084385555,0.04612027810828771,0
7328,564,122.98685004689246,QR,Food,FR,3,0.08541251775982495,0.02836498235518861,0
972,373,145.99104058726152,Online,Electronics,FR,11,0.30466472864306465,0.10779313724026802,0
5963,614,115.08584966251699,Online,Grocery,DE,3,0.22291182762293113,0.01182682377255274,0
1615,452,11.963746011170679,POS,Clothing,US,7,0.2155398356372564,0.03079226682620062,0
6567,217,252.33382243017832,QR,Clothing,FR,14,0.8397656658564691,0.33921518632768116,0
5385,794,97.29429506491319,POS,Travel,UK,20,0.3765505989412669,0.08913370208557744,0
1116,216,320.10949847364355,Online,Electronics,DE,20,0.19275475274115145,0.05391535528796621,0
6034,540,456.54096768603665,Online,Electronics,TR,14,0.18776352989944445,0.12333737131110806,0
2733,564,6.229931356262331,QR,Electronics,US,19,0.01575236703808055,0.08914313926760935,0
6679,143,4.219209520789679,POS,Clothing,TR,21,0.21622025027895433,0.09387118889510022,0
7380,70,2.489146945817267,Online,Electronics,UK,10,0.27457166752094714,0.25285224156641745,0
9967,913,366.84113528982243,ATM,Grocery,UK,23,0.4479677909140974,0.5826310562787298,0
4057,607,79.2804082183332,QR,Electronics,TR,5,0.11623306199061656,0.02434738663998882,0
8201,531,116.39288172499519,Online,Grocery,US,21,0.647473890588377,0.07454043490095008,0
6671,275,117.58581493733229,Online,Grocery,DE,17,0.17707555808983702,0.07099502757467818,0
1534,848,15.34508965285432,POS,Travel,FR,16,0.01137675165892335,0.09322243728220032,0
3539,377,1.0188694255307218,Online,Clothing,DE,23,0.09554106794134797,0.05409789078710871,0
3703,933,483.28436147193815,QR,Food,DE,21,0.2816508693823974,0.17619927875656496,0
7151,881,29.72762449373895,POS,Travel,TR,18,0.13785287388748765,0.04604733662723326,0
3102,880,147.31682705535303,ATM,Electronics,FR,20,0.18541689985408727,0.08910602859781452,0
822,304,290.5951513101669,ATM,Grocery,FR,23,0.006734659352518945,0.06312177020611115,0
8248,942,10.03572412312424,Online,Electronics,FR,2,0.011746838326134532,0.0665338409975144,0
6296,513,54.06507630693303,Online,Clothing,FR,18,0.09369027397845049,0.014280205296243475,0
1272,601,86.73648197283889,Online,Clothing,UK,17,0.20861965562106882,0.03556996806658195,0
335,252,1.597340384130782,Online,Electronics,FR,16,0.24140007026326568,0.3104055246180758,0
3473,975,134.00738335428665,POS,Grocery,UK,8,0.0913543014218365,0.3298847021123715,0
4134,854,43.40643014382979,ATM,Food,US,4,0.1356441194858341,0.38692994846063644,1
7317,460,26.91366707157988,Online,Electronics,TR,20,0.04885259710253215,0.07860914517598613,0
2507,202,122.88537500419544,POS,Clothing,UK,21,0.0983241066437765,0.038643865832655576,0
6738,585,128.1480606837359,ATM,Electronics,US,22,0.0448947000065933,0.0524593136191256,0
7416,725,417.7992588582618,QR,Clothing,FR,18,0.3097227998232437,0.3566855596784929,0
7025,124,67.97786026514184,ATM,Clothing,US,16,0.1274774578454733,0.08868642670257058,0
7078,463,2.2903283543065776,QR,Electronics,FR,13,0.07292170546945964,0.3094646569551029,0
7511,481,119.8951610378147,POS,Electronics,FR,20,0.1912029632507024,0.13058855859282273,0
7979,264,49.470258709551025,Online,Travel,US,11,0.019591696541176002,0.23346629690699572,0
6295,767,230.47926525319855,ATM,Electronics,TR,13,0.7841884400354665,0.2674318964948831,0
8159,603,345.96050635188317,ATM,Clothing,TR,21,0.3844697328458801,0.12627283830994243,0
786,92,53.360187281369356,POS,Clothing,DE,22,0.11623261931884672,0.035172136454582094,0
5720,900,138.11674746617553,QR,Grocery,DE,11,0.1331550093838775,0.15974080575356145,0
6033,2,73.86735252384638,ATM,Electronics,UK,8,0.1793197899774035,0.24831447818480484,0
7085,830,5.26392900797852,POS,Grocery,UK,9,0.027876020438308193,0.03476137155231,0
9968,628,10.104711512137213,QR,Clothing,DE,17,0.1769063105682331,0.08495171960214577,0
7865,196,79.22524228452775,QR,Electronics,FR,16,0.12643151248873952,0.13913146323799175,0
6200,782,349.2154948477157,ATM,Electronics,UK,12,0.03296255128953963,0.24186804792549427,0
1533,211,634.3458066702001,Online,Clothing,US,12,0.5065520837182442,0.10367225244129787,0
1037,480,327.25994957009976,POS,Food,FR,22,0.404956270764805,0.19740515999362296,0
8016,481,132.99908957770177,Online,Travel,US,22,0.441344474465628,0.2911556199293025,1
1839,330,11.076988664227864,Online,Travel,TR,17,0.13861727263392445,0.058903696108595416,0
1590,646,472.72086600457806,ATM,Grocery,TR,20,0.30992638009651097,0.3257984472352289,0
780,918,35.521335427590856,ATM,Food,US,21,0.10973505786295941,0.44969862449600073,0
2901,753,3.022948181496883,QR,Electronics,US,8,0.09743554178734116,0.1217302837254416,0
8118,440,13.51108346943074,POS,Clothing,UK,14,0.03751582696030215,0.04194749872418512,0
5128,161,24.050326940679604,ATM,Clothing,UK,9,0.03319854292912293,0.3205061183182741,0
8444,951,414.5263694511517,QR,Clothing,DE,21,0.03058172161702367,0.20803498200479142,0
8408,514,526.5308285215007,ATM,Food,DE,14,0.2446160359088424,0.30449344066228956,0
1825,960,66.69775622041807,QR,Food,FR,22,0.23962287039461247,0.02203383929733074,0
2469,730,347.2521223581812,Online,Clothing,US,20,0.8433284172108527,0.11011875882074422,0
6649,804,7.6378671800777145,POS,Electronics,FR,7,0.29347060337328307,0.06368835312654794,0
8556,537,186.14361283936057,POS,Food,FR,19,0.2714285466192,0.3423454144328786,0
6384,228,32.7249016535341,ATM,Travel,FR,23,0.13277664731503677,0.17729524008827646,0
6369,20,250.89795856740128,POS,Clothing,UK,22,0.06360747898670129,0.1929886485275378,0
4823,272,419.06127258540516,POS,Travel,TR,23,0.24489578208981327,0.10218579699264838,0
4339,827,30.558025705902516,QR,Food,FR,18,0.23774478184625591,0.24818309622648063,0
5297,266,155.03363675651826,ATM,Clothing,TR,11,0.10654386017423283,0.10937864416572779,0
2647,951,49.72423801040869,ATM,Electronics,UK,7,0.7344419091388246,0.09825517525365236,0
9864,972,24.497739991300904,ATM,Food,US,16,0.405630267432001,0.598240353567865,0
9790,95,338.4963996602454,ATM,Clothing,FR,5,0.2373969789954448,0.31630906547546844,0
8595,760,60.05548347730402,QR,Grocery,FR,17,0.12108432052025997,0.31754263923950565,0
5823,657,17.05373497652802,QR,Grocery,FR,4,0.040725330942334985,0.0619114075554898,0
318,215,355.09462825473923,ATM,Travel,TR,20,0.151183770016368,0.21293323104452258,0
438,752,187.8434353391674,QR,Electronics,TR,11,0.2738079650320689,0.2550832646334445,0
1723,432,7.076117697993165,POS,Food,UK,18,0.034631494020817034,0.03010913897373623,0
9423,113,314.4598524851189,QR,Grocery,US,22,0.33787945171580824,0.057973326407413976,0
8007,804,30.685696221093714,POS,Clothing,TR,15,0.0037181871974564236,0.005762598294123574,0
4401,415,159.47000745048365,POS,Electronics,UK,21,0.18844853507981124,0.3156112919714734,0
3728,675,749.3587479838709,ATM,Food,UK,20,0.4838290176164055,0.37695352572948954,0
5625,849,193.60426698581142,QR,Food,US,2,0.3672188716448204,0.23843362777293498,0
5786,451,173.80673379075398,ATM,Travel,UK,6,0.5928091900893299,0.13483610215462663,0
1989,916,44.74809162117094,Online,Clothing,DE,7,0.25767175313178303,0.059335873414461726,0
5530,685,110.29088171943266,QR,Clothing,DE,20,0.5100699699450227,0.18304896413856056,0
276,63,97.67730815053466,ATM,Electronics,US,13,0.09412518421564862,0.20727269085194422,0
298,564,74.71613369403529,QR,Travel,TR,8,0.05407978293546389,0.05038894934778378,0
5058,641,6.627490835467615,Online,Grocery,FR,4,0.1266188624058187,0.42852884876225766,0
4608,723,5.2549119916976235,QR,Electronics,FR,19,0.1923179776276799,0.14225472113077334,0
6443,438,275.4221519905094,QR,Travel,TR,3,0.5063476887927586,0.24095886750437862,0
930,806,30.295331409062698,POS,Food,UK,22,0.4639454284747387,0.23914527398319876,0
2735,654,2.8330742171617738,ATM,Electronics,FR,10,0.05149950534020489,0.04644884313967004,0
6552,627,100.39900819279936,POS,Travel,DE,12,0.049506317747052206,0.12018635286373096,0
4426,498,296.6074857839496,POS,Electronics,UK,23,0.34228011240632694,0.051857345106056565,0
5813,984,72.81836858015926,QR,Food,TR,14,0.23145098896437682,0.37532310066890523,0
2505,539,39.183831997885854,ATM,Travel,FR,16,0.4391752619315693,0.0694298969002281,0
1998,712,420.10559631677546,QR,Food,FR,5,0.20447142771641588,0.15785628858166492,0
3766,343,19.769169396032144,POS,Food,TR,15,0.032318513342096525,0.2829728012411321,0
3663,395,230.23718151169825,Online,Electronics,FR,15,0.33067771217629843,0.031662691280894426,0
1155,445,11.619789299970188,Online,Travel,FR,22,0.016636609943528623,0.25970804141651205,0
5326,272,9.16319175988924,POS,Travel,TR,3,0.03945822390884435,0.08913762304898801,0
4660,980,528.9025195804265,POS,Grocery,UK,19,0.06694620444644674,0.23878404477169515,0
3431,359,274.7699282307014,ATM,Electronics,UK,13,0.3124558512583753,0.07049634033384776,0
7984,605,301.57855534067204,ATM,Grocery,FR,6,0.09374712753382615,0.16858043893437932,0
4315,626,65.29529539674965,ATM,Food,US,11,0.16710885872493272,0.02983061086786165,0
3306,422,90.71969683564953,ATM,Food,TR,19,0.18324506539477686,0.06010713739735644,0
6236,725,218.4391443694027,Online,Clothing,UK,10,0.3195803396100496,0.12688274726325593,0
1674,51,166.2993261311007,ATM,Food,FR,15,0.06208146127804244,0.1406466591447965,0
3999,186,57.441201162865795,QR,Electronics,UK,16,0.10017208322556692,0.21732845541772575,0
5772,613,74.45244137404995,POS,Electronics,TR,19,0.17930031308785843,0.041138410609655264,0
5520,92,92.71738887256322,ATM,Electronics,FR,15,0.31077391736848586,0.2274846784821478,0
8021,421,30.45558844168637,ATM,Grocery,UK,20,0.09434794083748883,0.24246929853577032,0
4239,385,10.713191526684982,ATM,Travel,DE,12,0.31642432517894203,0.2594890880970789,0
8453,923,180.78732425878394,ATM,Clothing,UK,17,0.1543046804625607,0.15467192311397324,0
4384,904,42.675013092336904,QR,Grocery,UK,6,0.11789959340997834,0.030144784324818635,1
292,238,15.421966134101652,Online,Clothing,TR,20,0.20575806381717673,0.03020042470178602,0
9596,718,2.599864797241454,QR,Food,FR,23,0.12833380130535757,0.12464682263609632,0
7949,381,27.232285389681813,QR,Travel,UK,22,0.26914147621657397,0.3819127062387565,0
9394,78,37.736416991249456,QR,Grocery,TR,20,0.11818174669011315,0.22856858641814012,0
3707,935,52.87712664331021,Online,Grocery,FR,15,0.41474818848920686,0.30968285922788397,0
7650,312,195.72162768046127,ATM,Grocery,US,20,0.1944490754354617,0.07725168910732925,0
2303,86,277.8353543576261,Online,Travel,US,18,0.5030898891751896,0.9996026492679309,0
2575,115,236.12346225502608,Online,Clothing,DE,18,0.3793187438994002,0.14294333113810334,0
9808,733,100.46563012961698,ATM,Travel,FR,14,0.18449257360236326,0.06721927656751714,0
5264,891,105.47770663074174,ATM,Travel,FR,8,0.14108377244056788,0.30753645628587684,0
1844,559,44.11347797201168,ATM,Food,UK,16,0.13633902685669658,0.11859301167742674,0
8074,961,3.356543707569114,POS,Grocery,TR,22,0.005153938115418802,0.01641292899224411,0
8480,6,417.60251786430496,QR,Travel,US,13,0.29345092766711206,0.4740840042712422,0
4133,893,149.5838974252699,POS,Travel,TR,14,0.15774342543315217,0.06907646937367123,0
4713,601,164.7411412112708,ATM,Travel,TR,18,0.37991035013596175,0.08268492265338125,0
5886,68,80.18951517408313,ATM,Travel,US,12,0.1606930974707017,0.11131169353793899,0
9618,726,50.25967154195151,Online,Food,FR,20,0.4201962539087994,0.32527416943954274,0
126,556,400.26370538079703,Online,Electronics,US,11,0.13145719399150893,0.24646557599885377,0
7308,692,444.66736354173196,Online,Grocery,US,15,0.054184280019882465,0.039921522991140844,0
2594,268,259.63896629116874,POS,Travel,DE,15,0.17928357823631985,0.08205450322973822,0
2212,321,327.05976308889814,POS,Grocery,US,14,0.7079485446400935,0.4675074951319937,0
6910,889,211.85404574418078,QR,Clothing,FR,20,0.15672625767518086,0.11861139938182827,0
8970,225,386.586582206798,POS,Clothing,DE,23,0.00865354993396381,0.06029619557610425,0
1358,162,304.25023707980927,POS,Travel,DE,21,0.08478140243800368,0.35844450590718413,0
2330,545,227.6595869901494,POS,Grocery,TR,13,0.027965037814661847,0.05669238598350489,0
3956,96,21.894544663000005,POS,Grocery,UK,23,0.14989247784311738,0.23893942139014676,0
906,380,142.11881467268012,ATM,Travel,US,4,0.41384890021066784,0.303054613929248,0
9561,746,63.15075399602388,Online,Clothing,US,10,0.14000147009029945,0.1110924216134324,0
9043,200,44.96574951924223,POS,Clothing,UK,19,0.047496705250450834,0.10023524335965546,0
6328,716,50.18732565944206,ATM,Grocery,UK,5,0.5817022566849336,0.1391961461387495,0
4835,575,174.25733250514998,Online,Food,US,18,0.21826141136778593,0.09570184295135971,1
3088,716,124.32239371893093,QR,Food,DE,3,0.028723699126210925,0.12560346896309135,0
973,958,360.2084839151868,POS,Food,DE,5,0.0022932166719284437,0.050265222571049276,0
9661,693,524.7094930298238,POS,Clothing,FR,6,0.12895917764015255,0.006089120976347298,0
2632,185,12.725295202654241,Online,Clothing,DE,12,0.07247424991213972,0.01591091185847486,0
8894,391,116.7567431691548,QR,Food,UK,19,0.04612240482497274,0.1197436043634744,0
5692,240,383.32485470314816,ATM,Electronics,TR,21,0.14276034050558972,0.09972954687911963,0
9848,671,77.79705445896798,ATM,Electronics,US,12,0.22032635839615358,0.19472948036253213,0
4090,775,84.0768294428318,ATM,Electronics,US,15,0.08732680680520243,0.34249048854569714,0
6020,825,195.1520123538958,ATM,Electronics,DE,20,0.07336958441563868,0.22972295896227837,0
308,885,1.6920609636600865,QR,Grocery,FR,22,0.012305262242854718,0.10369528362734769,0
8140,529,212.18422891623615,QR,Travel,DE,21,0.29736105680184294,0.07557328667677995,0
4534,966,314.3688562797768,Online,Electronics,US,8,0.11464652839541224,0.18992946280279646,0
679,997,471.5991628204036,QR,Clothing,TR,22,0.072281854639432,0.3689581304183302,0
1170,420,82.07885346120894,POS,Food,TR,20,0.5124180666214616,0.20463939446619805,1
8743,339,48.612013756598536,QR,Electronics,TR,17,0.009869787752662645,0.2349959909761453,0
3767,323,3.647333663226718,ATM,Electronics,TR,21,0.02431085436408154,8.804990376776178e-06,0
1721,507,69.65318046593892,Online,Grocery,US,21,0.06109880550394,0.009506595748146218,0
5617,935,883.0560404337303,POS,Food,UK,20,0.25953337830731416,0.2501816132103954,0
1386,453,6.341044981473535,Online,Clothing,FR,12,0.053163134362638614,0.03700332751709769,0
8752,531,45.208056876503,ATM,Clothing,DE,20,0.2876039661116788,0.015565538599775785,0
7535,731,24.72770391697206,POS,Clothing,UK,13,0.08720134565018141,0.1909901397147814,0
5827,932,121.79173344046352,QR,Grocery,FR,8,0.15634394116991324,0.386119761771609,0
3910,227,12.32167213971636,ATM,Clothing,TR,18,0.009013766012364548,0.06966589538341528,0
2761,702,521.4553860716642,Online,Electronics,DE,10,0.08834123603524983,0.11062510302854889,0
2969,921,5.847492814604535,Online,Electronics,FR,8,0.008458994688589428,0.023094816996656605,0
4013,363,95.1944758575917,QR,Grocery,TR,22,0.022640055595396686,0.32507429394066245,0
5413,380,243.27172809399875,Online,Grocery,UK,12,0.40981495086554187,0.3210938131969453,0
4240,738,670.6734272784461,QR,Grocery,NG,21,0.0360478949979703,0.02401044773061586,0
3705,658,195.53908948720337,Online,Food,FR,17,0.26096882305769403,0.14486711594187252,0
3658,537,15.642168243540997,QR,Grocery,TR,19,0.0701030717166956,0.10116732320089569,0
9905,258,639.1253641536643,POS,Travel,TR,4,0.08987671192138602,0.20517667294068723,0
320,248,173.4574945163874,QR,Grocery,TR,18,0.10005527598426896,0.303143706062221,0
415,800,147.87335454363222,QR,Clothing,US,23,0.2344846808482363,0.4002744055656139,0
4236,273,216.3916876945506,ATM,Clothing,TR,3,0.2227717731642103,0.10114367625588647,0
1105,339,42.12893993706218,Online,Clothing,DE,13,0.1596688075390108,0.043233487642300526,0
2844,323,51.058393573014285,QR,Grocery,UK,12,0.3913334578048632,0.05300083043325936,0
4895,813,94.18535421578403,Online,Clothing,US,11,0.23916978663264998,0.04452113770142652,0
7279,741,61.42030584497774,QR,Electronics,US,20,0.4127255407307911,0.03741409981098274,0
7711,403,33.313175202617295,POS,Food,TR,16,0.016905432428061907,0.11872748044147564,0
3725,980,4.486351602346974,Online,Clothing,DE,22,0.021719580705257268,0.04269069470729006,0
1164,636,44.620653071084305,POS,Grocery,UK,15,0.16924181310446804,0.1317075550556861,0
1157,762,20.016363931053675,ATM,Travel,FR,6,0.1420966008051097,0.08233852143112128,0
2429,421,219.08377800988805,QR,Grocery,TR,15,0.5529828725349641,0.043907746801806403,1
5712,638,185.59853284251838,Online,Travel,UK,18,0.1885625161499025,0.08372719396048742,0
2336,500,113.89980467974844,POS,Travel,UK,14,0.10250831132917218,0.027443554902171593,0
8787,648,56.90853308911385,QR,Electronics,DE,8,0.13306696751238817,0.1780622505056331,0
738,680,192.28308002808828,Online,Clothing,UK,10,0.21364845916294525,0.011159097668274762,0
1401,760,1.307992148888714,QR,Clothing,TR,11,0.03721584874252943,0.1359573069987998,0
8208,142,548.6998675082428,QR,Electronics,US,7,0.11028370762635696,0.643145980567552,0
6599,420,58.57483421829105,ATM,Clothing,US,10,0.05534430257223757,0.07924324178717991,0
3166,812,425.29713191112717,POS,Food,TR,20,0.064418858483251,0.10686854946061511,0
6552,173,125.79941361837732,ATM,Electronics,DE,9,0.18576453620977293,0.35336036236218626,0
8183,0,459.8003268166135,POS,Grocery,NG,10,0.14380548912965016,0.05826530357207035,0
4494,169,21.941578627023084,QR,Food,TR,9,0.017310193098148362,0.1387199684447549,0
726,930,3.454649533080671,POS,Clothing,US,20,0.010374241003527206,0.015129792097625105,0
4595,868,8.774213755988088,Online,Grocery,FR,12,0.058706071476815544,0.2922549550979223,0
3335,251,103.23281066142414,POS,Electronics,FR,3,0.09622067594419789,0.2541487894498822,0
1329,640,556.5259630315124,Online,Clothing,UK,16,0.3354945808280045,0.2735987220534693,0
9545,832,23.20393799759643,POS,Travel,US,8,0.03664452104675096,0.33591130119700213,0
8319,599,76.74837892737519,POS,Electronics,DE,18,0.1334197284922435,0.09554836014757674,0
3559,753,130.27921036025342,ATM,Electronics,TR,20,0.3136994910119603,0.16301414751467552,0
6575,657,87.1751020899014,QR,Travel,UK,8,0.37709167562409546,0.11103853300472283,0
7053,438,149.3096107333873,Online,Food,TR,9,0.17659904098912727,0.09337978785208477,0
2040,129,342.1560031388761,POS,Food,NG,17,0.2102680596129342,0.238392701348023,0
8119,987,35.80533648394933,ATM,Grocery,FR,9,0.08954536467643585,0.1838537650184183,0
9059,842,263.6704914437062,QR,Clothing,TR,21,0.4082592800907094,0.24908743015767126,0
2081,722,329.2005256089145,POS,Food,US,19,0.026668726857578293,0.5729863871862941,0
8715,629,90.3547212709553,Online,Travel,DE,13,0.07176949109558999,0.21610965539653015,0
9650,520,185.83535803858086,QR,Electronics,FR,7,0.08907539785300873,0.046380644685222926,0
4833,220,524.7628089844895,Online,Electronics,TR,22,0.12689210153663352,0.08235829982095356,0
1949,886,22.066519545907685,POS,Food,FR,15,0.12992656922669651,0.3154526702860538,0
2796,266,155.56115184145747,Online,Electronics,TR,8,0.2948298810491878,0.20173949954178022,0
6402,656,250.40399444866307,Online,Clothing,US,21,0.19461408313941617,0.20476673070293816,0
9310,600,45.60035139844558,POS,Travel,FR,12,0.3440550896961003,0.150055896695698,0
4155,393,72.44565362520419,ATM,Electronics,TR,18,0.3156372381306883,0.09633367679463015,0
2671,359,295.42828854327433,QR,Electronics,FR,11,0.12382391353387757,0.05152722247023022,0
9917,883,101.41774245506542,QR,Travel,US,13,0.2730686888777176,0.4023001589628381,0
559,915,147.87519819574126,ATM,Food,UK,13,0.01609973290968199,0.1388608831340266,0
6178,162,91.33502014806297,POS,Electronics,US,15,0.10796646353803277,0.001940772749543935,0
7338,95,209.11732382429756,ATM,Food,DE,7,0.06817655652422482,0.11667670329357488,0
8902,318,115.51178578462529,QR,Food,TR,14,0.1536756377737766,0.2177181693179925,0
7378,386,18.779782206848452,ATM,Electronics,US,19,0.13825648443432415,0.23692050474512721,0
4267,896,8.400968402820666,QR,Travel,UK,21,0.03306259889329648,0.16002941079379138,0
9977,680,55.61263471751499,ATM,Travel,DE,20,0.239441830012993,0.1532087989032035,0
5677,252,8.53821345257177,Online,Electronics,US,10,0.05567085379968084,0.29187405237357866,0
6665,686,9.775900710400855,QR,Grocery,FR,12,0.005993288883483626,0.10066043862045096,0
5585,802,566.822990115142,ATM,Food,FR,12,0.17240233777143196,0.15224952894435545,0
8770,663,87.50663335341264,ATM,Clothing,UK,18,0.0789766345387419,0.07162030343703511,0
2296,711,249.65861962522217,ATM,Clothing,US,21,0.03245305708848916,0.3679826096293267,0
6372,794,3.9226301400730414,ATM,Grocery,DE,11,0.20585060586820805,0.14742130858880595,0
6156,550,10.066041018391559,QR,Electronics,US,3,0.06024607257373406,0.09032287856938498,0
6861,732,35.03990788334346,ATM,Travel,TR,13,0.06425148903121529,0.08257159628355908,0
6486,988,46.67093699250878,POS,Grocery,TR,23,0.48904736394015785,0.02800720979386382,0
1400,543,212.1403537411884,ATM,Travel,DE,17,0.2524609341001609,0.4379785223102554,0
200,234,496.3640079216475,POS,Food,US,23,0.16334965771453275,0.2176243123820547,0
5142,149,137.52171566331577,ATM,Food,FR,18,0.061261740440833046,0.004680864381494357,0
6185,633,7.8252477189115766,QR,Electronics,TR,15,0.08239658394542017,0.20411974811868674,0
1840,851,18.610150754795523,POS,Grocery,TR,12,0.11222380988596815,0.01947489782219817,0
1002,688,180.9259701636471,ATM,Grocery,FR,9,0.04749275408911054,0.08406669739371672,0
4874,100,53.35005887570041,QR,Food,DE,6,0.1258240705140221,0.13504450894594167,0
3524,838,540.6536769573996,POS,Electronics,UK,20,0.14881951314311712,0.225876202219179,0
2961,312,218.06135332343746,POS,Food,FR,22,0.359113177747269,0.25963028213117456,1
8856,194,20.851381285058284,Online,Clothing,FR,11,0.1804395486842618,0.1355984250655633,0
1218,953,283.77567539228573,ATM,Travel,US,17,0.2279825318338013,0.25895238964319783,0
4746,131,245.94911116922643,POS,Grocery,US,13,0.13013254793680337,0.5639849974450141,0
4579,211,74.38925797876807,QR,Food,DE,21,0.3121238286852145,0.3291042101686627,1
8451,46,99.75507491491778,QR,Travel,TR,11,0.18369091232715012,0.15903915650704697,0
3086,584,134.13352906394275,ATM,Food,US,4,0.12324311684633966,0.07669886467944954,0
5992,645,1.0915005221165701,ATM,Grocery,DE,20,0.1604173991952496,0.018728694767592462,0
3378,266,67.57432991591527,QR,Food,UK,20,0.21520374649199625,0.44444250747957703,0
7303,318,2.045912096876125,Online,Grocery,US,20,0.007397271723105123,8.804990376776178e-06,0
5982,944,377.6817055750348,Online,Electronics,US,12,0.1604511536852545,0.06892689577934548,0
9386,235,1102.6975361559491,ATM,Clothing,US,12,0.12052169100227882,0.3234776473768851,0
9304,865,581.6780606949054,QR,Grocery,UK,21,0.15616025396381336,0.3039681470211038,0
8315,236,275.54955401528855,Online,Clothing,UK,6,0.09482497684300123,0.3723655973755004,0
1461,153,184.9032027608651,QR,Clothing,TR,7,0.12356455405790565,0.2041835674631586,1
400,282,173.68271093087208,ATM,Clothing,FR,8,0.0909822775136524,0.046393048622897316,0
2636,969,201.99194995178652,Online,Grocery,US,1,0.2080888504479856,0.04305674841511619,0
5072,648,258.4889191708113,POS,Clothing,FR,22,0.2014548218300683,0.07703702210880092,0
8156,224,225.3400622658172,Online,Grocery,DE,23,0.4827084556164338,0.2429775531445804,0
6642,385,316.1651113602183,POS,Electronics,TR,20,0.19342029391485838,0.20012075257160095,0
3145,235,15.893189538841382,ATM,Travel,DE,15,0.060658621106225497,0.243413619551806,0
8997,242,154.79243401259492,POS,Grocery,TR,13,0.13633657311734362,0.11729227316354146,0
9566,718,99.18366485389087,QR,Travel,FR,3,0.16166155221844883,0.11668350484647995,0
6747,725,22.545372295927862,ATM,Food,US,21,0.12065748176522158,0.1720791968773489,0
5550,737,58.957826880979205,POS,Electronics,UK,5,0.09667900676239703,0.02505787416112823,0
4064,636,1.2791524611473204,Online,Grocery,FR,21,0.08301168512352176,0.09225862845066782,0
9458,825,49.82940294403854,QR,Clothing,DE,20,0.039526480124115776,0.10841501773119953,0
6581,572,168.4248894373906,ATM,Grocery,TR,20,0.22175706993170752,0.17567757727207875,0
7284,562,41.266433192207735,QR,Food,DE,23,0.12159606397563444,0.11590637956120692,0
8925,826,50.68642781945124,QR,Clothing,DE,21,0.12441480120901492,0.0528901072685979,0
2626,433,274.20326217291876,POS,Clothing,US,14,0.5040290960479461,0.05608079232860207,0
8312,208,423.5834807932412,ATM,Clothing,US,18,0.3187393463913026,0.17913214534479388,0
4076,793,729.7264562893436,ATM,Clothing,DE,8,0.9505177163998264,0.3142974340941448,1
9471,782,6.181221469008471,QR,Travel,NG,14,0.2775312620906276,0.1297779442404009,0
392,816,270.31175770616585,POS,Travel,UK,17,0.06637867339434264,0.006174022817767925,0
2530,993,28.3456581642514,ATM,Travel,US,13,0.1157158193168073,0.14153398743519396,0
3670,154,28.751991569011526,ATM,Electronics,US,10,0.19844310022827427,0.26160368170909915,0
2544,388,114.28762835536973,Online,Clothing,UK,20,0.23646734482454082,0.3406950392403927,0
6157,216,101.21144464573946,POS,Clothing,FR,9,0.0975323855680714,0.3870212814961649,0
7052,185,139.6246788726035,ATM,Grocery,FR,16,0.17634773650248642,0.24848542492417744,0
8732,727,29.21762601670791,ATM,Clothing,TR,12,0.21095865812126857,0.10889967149325855,1
8596,489,306.05027476406354,POS,Food,UK,16,0.1256076514009832,0.16400374544385013,0
8392,283,98.87467888625255,Online,Electronics,US,20,0.09194705473706259,0.10510014492310107,0
6890,668,449.9316312188221,POS,Food,FR,20,0.45464219714554205,0.41031304827257575,0
5989,382,175.6536169135988,Online,Food,FR,23,0.28456047919485505,0.5451021678999718,0
5487,561,55.72077048026291,ATM,Food,FR,9,0.007091889569154336,0.011687092418924041,0
4154,865,10.561413956053919,QR,Grocery,FR,5,0.613153409621317,0.12419277003811763,0
1965,831,35.850148310094625,Online,Travel,DE,11,0.2678817753049182,0.2172954043164745,0
6812,507,140.79493663261587,POS,Travel,FR,21,0.19182190912786945,0.05807131221872763,0
40,760,111.43574805695351,POS,Grocery,US,7,0.1569001662906392,0.28894755980067083,0
3665,911,227.82474335907682,QR,Clothing,US,10,0.2602104501914986,0.1584142898438575,0
3011,181,186.95289426944817,Online,Grocery,DE,10,0.14205877783350818,0.09536226845489586,0
7954,946,175.56432080883613,Online,Grocery,DE,2,0.11867713395775398,0.028821336105444195,0
2799,701,299.28628476479696,POS,Travel,TR,18,0.07249286167803794,0.09532024755574364,1
1685,678,519.8965337916757,QR,Clothing,TR,20,0.2047151925009444,0.2244897822438476,0
2966,891,151.7797418672304,QR,Electronics,NG,11,0.1739619090567925,0.13068735847818516,0
5741,25,44.31920671931257,Online,Food,TR,23,0.12172683443690957,0.29990933363298444,0
8995,12,800.3310448506024,ATM,Grocery,UK,19,0.2922833327782887,0.08054743807029793,0
5045,449,2.145397220718254,ATM,Grocery,UK,20,0.11129485186365191,0.49594756272322865,1
840,627,311.09782512934396,ATM,Travel,DE,20,0.2849937231771188,0.09380453459051907,0
963,984,64.00699137941147,Online,Travel,UK,20,0.11761858374379539,0.06242420944805566,0
9319,395,87.96534286502757,POS,Electronics,TR,19,0.33428520142385715,0.14508591665769133,0
3748,318,181.5589886740275,QR,Grocery,FR,4,0.22621256447211996,0.2564107837202708,0
3818,83,12.936521031748638,ATM,Travel,US,11,0.14949634302842796,0.26128804991375504,0
3427,363,82.57615440007454,QR,Clothing,NG,19,0.30926255557330856,0.530103495540208,0
2133,689,32.43447031996824,Online,Electronics,US,15,0.07936907022994892,0.18367897330443614,0
5165,157,16.45979806584726,QR,Electronics,US,19,0.08032176270001744,0.13927418694214933,0
5092,334,168.67735273865142,Online,Grocery,FR,18,0.1946077083407511,0.2218275811532585,0
9044,875,953.2757686307347,QR,Electronics,UK,21,0.3651448939882373,0.4018697091944621,0
1963,540,62.36797439321632,Online,Travel,US,14,0.14820990021609975,0.36954574958278497,0
1241,798,53.640384889641595,Online,Food,TR,23,0.02950973564705723,0.034356569040643395,0
6190,746,122.1453754349809,Online,Food,UK,18,0.25299119498067885,0.486532599166152,0
5096,644,6.078932802210905,ATM,Grocery,UK,15,0.12907943620044987,0.16196425282696628,0
3034,707,184.80790504346479,QR,Clothing,US,22,0.21979947557164806,0.038865232939328836,0
9695,291,13.31691148657026,QR,Travel,DE,9,0.15236297597992216,0.3488332630265212,0
7402,51,83.26552102773383,QR,Electronics,FR,14,0.3633461148050878,0.19431794163840818,0
6471,713,83.70284229008391,ATM,Clothing,FR,20,0.2867946315810211,0.0553384847567129,0
670,463,31.375082874713602,ATM,Electronics,FR,23,0.06720444138949819,0.010838438917807312,0
4375,403,87.70787954924248,ATM,Food,US,15,0.12398654758247564,0.2164323974459827,0
5204,155,6.170524240819118,ATM,Electronics,FR,16,0.18577419487344657,0.10673348858087665,0
1485,180,173.44178477291447,POS,Clothing,DE,2,0.10385188551219068,0.11389196344060427,0
8805,830,8.341705790238189,QR,Food,UK,15,0.20604152357791375,0.09755544243297404,0
9464,74,127.88016881523956,ATM,Clothing,TR,22,0.1702768160034201,0.23489181544961524,0
5727,50,8.617162949414285,POS,Electronics,FR,13,0.1821388148864393,0.04676685235054317,0
2458,494,32.513309574674956,POS,Clothing,UK,22,0.07551541468161997,0.09797458868868911,0
6043,743,343.46595446212797,POS,Food,FR,20,0.16923843407243247,0.10010028424443564,0
3335,987,137.7877279782625,QR,Travel,UK,19,0.0623933785723102,0.09405852206665835,1
9494,368,25.51396320091669,Online,Food,DE,20,0.09581852409739461,0.08177052166419597,0
9782,507,288.411117200363,ATM,Grocery,DE,15,0.10460914603147567,0.08529581249380773,0
163,388,356.66823943070005,POS,Food,US,14,0.11513031798206909,0.26487848497367167,0
9845,522,122.18295276479705,QR,Food,DE,14,0.15383453235520667,0.08308435043700668,0
770,630,145.3531893805713,Online,Grocery,US,18,0.010088520143262092,0.19243804893386843,0
7173,657,67.60686568916374,POS,Electronics,US,19,0.08615595341273673,0.10709656164722488,0
3046,797,46.046992584320776,Online,Clothing,US,11,0.20740172566831458,0.20616510222018622,0
4040,198,137.61651145404167,QR,Clothing,FR,13,0.0976696285165337,0.37107813255107247,0
208,282,419.4940719710342,QR,Travel,UK,22,0.3145698624249025,0.07855046500229443,0
9777,286,152.83511794811994,QR,Food,TR,8,0.06750702455695398,0.08204936048774167,0
9871,609,23.951908569213465,ATM,Electronics,DE,16,0.09331511102768088,0.06523194142123472,0
5963,114,2.865985288904513,ATM,Electronics,FR,23,0.059549319583222037,0.06028595448047191,0
8839,833,89.95239253730067,ATM,Clothing,US,18,0.014222032561297953,0.03143882677953277,0
545,297,224.61093280357807,ATM,Travel,TR,11,0.07820577836801518,0.4352915490105,0
6771,534,101.75889974526036,POS,Electronics,DE,16,0.1956082966905598,0.12760087293039274,0
7409,941,11.562825026484374,ATM,Travel,UK,14,0.04955718766928498,0.11905541877742129,0
7995,590,44.54675435123967,POS,Electronics,UK,15,0.21354164818040364,0.056798197306688954,0
2612,156,2.630466870845878,ATM,Food,TR,23,0.18502047446623024,0.419235374117487,0
301,731,101.91342096854511,QR,Grocery,FR,4,0.21086604139614862,0.542687713302507,0
866,7,122.55205546879915,ATM,Grocery,TR,22,0.16455547212343472,0.11819222706073512,0
547,857,31.463265869271716,QR,Grocery,US,13,0.03234497334186421,0.033703806431732944,0
7112,988,52.83039459585017,Online,Electronics,TR,13,0.1700708298837693,0.1183989874583395,0
5839,528,628.706274455953,Online,Clothing,DE,13,0.4938887244570889,0.9145583972707124,1
3400,53,23.56913080793319,Online,Grocery,FR,21,0.1305117925869557,0.04124373942022598,1
8757,186,167.17452313540426,ATM,Grocery,UK,23,0.15167606638180867,0.30109619781312535,0
9011,150,11.05212025756241,POS,Electronics,DE,11,0.10328844434742492,0.3959192618407589,0
6727,611,7.2290062009509075,Online,Grocery,US,16,0.027707188661310143,0.07871794236560303,0
740,949,652.6081775666432,Online,Electronics,UK,22,0.07576608282954106,0.3455496385876388,0
9294,886,23.950350540227163,Online,Electronics,US,22,0.07129371810219057,0.3883789280409454,0
8449,392,29.172630850741754,POS,Food,TR,19,0.046638449574396106,0.12896074055529183,0
861,75,1.2687282384740803,POS,Grocery,UK,19,0.020663511658475416,0.028235563963088805,0
8070,551,252.66676497897492,ATM,Grocery,FR,22,0.08815457577750635,0.20347043202323797,0
3553,787,389.8891713773596,Online,Electronics,UK,12,0.1129384755333829,0.08825777374124977,0
6613,160,290.7739698238868,Online,Electronics,DE,10,0.020622763578715744,0.29425006600683057,0
6922,849,102.1047705802706,ATM,Travel,TR,18,0.36103170941841267,0.1199615831298794,0
1104,651,320.1196854833405,QR,Travel,DE,9,0.013413518602526467,0.13541157126824346,0
147,13,79.00359897784094,ATM,Food,US,23,0.0582704702911734,0.05253476062531069,0
2046,693,236.23009448891986,ATM,Grocery,DE,20,0.2246287091968454,0.1564453215772523,0
217,838,178.88975953962753,QR,Travel,UK,18,0.2700137578047265,0.10485857845965646,0
6681,40,15.157726762790142,QR,Travel,TR,21,0.09521056277420702,0.031128713965381333,0
229,402,139.9437935725295,Online,Electronics,TR,22,0.010105682752530262,0.12829291281085997,0
622,123,31.08509912080664,ATM,Clothing,FR,13,0.05135876238166809,0.17931130650709964,0
6294,27,168.88836875392752,ATM,Electronics,DE,18,0.09139811990075881,0.3281872654460975,0
2760,573,60.09951169920542,QR,Travel,FR,22,0.028486567624837957,0.08772283994549937,0
728,969,72.92002331364353,QR,Travel,FR,22,0.3865217380506668,0.4928543799344798,0
4208,508,41.43902116567596,QR,Food,DE,19,0.22085016198518473,0.07483929026737914,0
2098,588,30.02065111792365,QR,Electronics,US,10,0.03774928359528524,0.17347102288823069,0
2805,420,473.9866147028078,ATM,Grocery,US,14,0.7231335304779226,0.03832248437209365,0
8180,494,5.145747640087777,Online,Grocery,US,23,0.095951766346014,0.022556660301455728,0
5351,573,3.739111716298224,POS,Electronics,TR,12,0.2102515293121066,0.16107720458840014,0
6669,60,6.759587799205044,ATM,Electronics,UK,21,0.11003486416414092,0.02957493591919862,0
4059,421,46.256444593861225,ATM,Travel,TR,19,0.02478471954457771,0.1615395846422508,0
1097,807,4.770942340128218,ATM,Food,UK,9,0.19276513160887884,0.25077400766891345,0
2380,6,37.852932861108805,QR,Clothing,TR,18,0.05119385828468864,0.17581069678326944,0
3810,790,266.0137567656792,ATM,Electronics,TR,18,0.21610323955090482,0.1601279887646236,0
6839,26,414.0453729788204,Online,Travel,UK,14,0.11780036634944047,0.03152007114761805,0
2526,121,29.262699991511727,QR,Food,FR,21,0.19865987009427247,0.028799494947545988,0
8027,657,188.96352208496057,POS,Grocery,DE,22,0.10215120766687556,0.34975624283108225,0
7296,912,310.5158908634709,QR,Grocery,US,22,0.09081972168321857,0.11565439580000789,0
7173,800,225.01503076063725,Online,Grocery,TR,7,0.06218196827735471,0.009734099072147246,0
7978,393,115.5730731174143,ATM,Travel,FR,13,0.20332386514742457,0.08670625724492804,1
5501,657,120.07709214202367,POS,Clothing,US,22,0.4102455833958421,0.053545580912495,0
5136,851,214.17612786186734,ATM,Grocery,TR,18,0.039643812126999085,0.01080258975056662,0
3081,224,22.804937495525976,POS,Clothing,FR,12,0.11485235202246913,0.2466965480532827,0
1851,263,4.5368314509302134,POS,Grocery,DE,13,0.058377309579657366,0.10645102276463814,0
757,681,126.58716906213267,POS,Food,US,16,0.16879907197292157,0.16381199502519625,0
2205,953,75.40603662961593,ATM,Electronics,UK,8,0.14399294135823942,0.11464132916981055,0
7523,411,1.1528705986265233,ATM,Travel,FR,21,0.036495359819502235,0.06802549238018409,0
5664,949,74.76397991470328,QR,Food,NG,20,0.379287637897211,0.22733416589627953,0
2835,104,161.83684536393588,ATM,Travel,TR,15,0.095142459182778,0.10256022766551466,0
9890,87,81.73998267440044,QR,Electronics,DE,20,0.13909188205259604,0.3485133421994422,1
7964,320,127.61789290054304,Online,Clothing,TR,4,0.3921693797597023,0.33468880620893743,0
1441,993,166.87682059828356,POS,Food,FR,7,0.14467643313657502,0.40009222489998686,0
2001,869,14.973644228189603,ATM,Grocery,TR,15,0.11543223173884812,0.09667170361387367,0
6384,153,13.875299952123788,ATM,Grocery,FR,16,0.03351298038960875,0.06328441567634475,0
4026,92,424.17550483728513,Online,Travel,UK,17,0.6419423540718423,0.28445013767215116,1
7959,722,226.79980746983654,QR,Electronics,UK,11,0.32333213985276094,0.4022874410831655,0
349,715,127.3585068540584,ATM,Travel,UK,14,0.0796715005245841,0.34418411319294223,0
7458,946,349.85930086744577,POS,Electronics,TR,20,0.16614558037708807,0.412759321220599,0
2421,546,127.42577275712428,Online,Grocery,TR,7,0.05229742618091666,0.06961533811315371,0
5380,824,15.392049834573672,POS,Travel,FR,16,0.27602314125954525,0.12705242526775185,0
475,702,33.95347398513888,ATM,Grocery,FR,23,0.018748037030062937,0.03806320088502613,0
7995,421,486.17977238017875,ATM,Travel,FR,9,0.3332393294633167,0.3701417207855897,0
1415,824,184.60599840861866,Online,Food,NG,14,0.46972533457814797,0.3734106640852436,0
3743,655,174.78745424926618,POS,Grocery,US,20,0.07646849641334233,0.07058893550716452,0
9074,327,2.9280215752403165,ATM,Clothing,UK,8,0.0697660689334606,0.11924344923425492,0
3791,425,148.15828898476965,Online,Travel,US,10,0.2063269095824901,0.7496616988609661,0
3655,560,69.1577191669915,POS,Grocery,FR,18,0.09267157975327892,0.21455138862333947,0
9690,278,155.55760682033875,POS,Travel,FR,3,0.043071213126949476,0.07363288422453008,0
2015,729,42.94729686073963,QR,Grocery,FR,15,0.16928401153910067,0.11977506237249255,0
2090,81,12.421818445036823,ATM,Electronics,DE,22,0.14487381585682066,0.09339655660966509,1
6804,143,98.77007285522602,Online,Clothing,US,17,0.19738626947650878,0.49246362993395626,0
2784,696,98.05959711870037,QR,Grocery,US,6,0.11242891307045556,0.0243883129517094,0
3766,462,11.945142665232575,POS,Clothing,UK,22,0.1950228322294348,0.06841590569343779,0
6757,539,41.53480514979136,QR,Food,TR,20,0.11328292478423432,0.1420801850949233,0
8720,728,29.08286563140189,POS,Food,US,13,0.11612741806110824,0.16304588057893635,0
3411,109,12.74902659329069,POS,Clothing,US,6,0.34243307127671585,0.1216386475433036,0
2308,499,57.54736555392586,Online,Travel,UK,15,0.16891365793646282,0.05407107414265754,1
9857,992,288.30366753323415,QR,Grocery,FR,22,0.054868386774064554,0.07015308383290017,0
6520,663,41.647688747394646,QR,Food,UK,19,0.208609184796444,0.02966019245514132,0
2805,184,515.8698657412076,Online,Grocery,FR,20,0.13224458213688153,0.09721154478085677,0
7956,440,20.05637010784575,ATM,Grocery,FR,6,0.039280443100186246,0.07104364003530092,0
5910,101,23.843950243052415,POS,Grocery,DE,16,0.019690764543037184,0.051869338073676274,0
9437,609,99.36074272414884,POS,Travel,US,4,0.017403225421511376,0.20122605700180823,0
7979,753,106.49889803975366,QR,Travel,TR,17,0.07479338983328922,0.047078874665442416,0
2244,661,219.31135042026747,ATM,Electronics,DE,5,0.09274469676165031,0.20094033130586852,0
1274,520,88.02237711636835,QR,Food,US,17,0.15252844347384537,0.8736871050190418,0
7426,720,119.89685690344169,POS,Travel,FR,13,0.16392706718269887,0.3958246640915317,0
5065,501,124.17027633406542,POS,Food,TR,21,0.3046698799009862,0.05936031693367598,0
7701,813,652.5279463204133,POS,Food,UK,23,0.04494062649703859,0.028587650451650095,0
2845,51,24.273655670310113,POS,Clothing,US,22,0.11063017001667635,0.07468361444402824,0
9480,153,5.867256757043145,ATM,Clothing,TR,16,0.04439673248321734,0.05536376680587441,0
9798,362,31.97493667463788,Online,Electronics,US,6,0.27347614688456556,0.4696924077873627,0
1023,662,1.5894711530566816,ATM,Electronics,TR,21,0.026473021316616323,0.05301832034284961,1
7751,407,24.843534420461484,QR,Travel,DE,21,0.0041483961743859375,0.2641045563634363,0
7687,370,677.009346783436,Online,Clothing,US,18,0.22148250616435647,0.18538837780270073,0
6655,856,29.94905616972334,POS,Electronics,US,1,0.04461336077690495,0.12226913411410958,0
4291,616,120.20988435163048,Online,Electronics,UK,8,0.21044844222863274,0.1532574561123498,0
399,769,170.1480904816159,POS,Travel,TR,20,0.11944802809951648,0.01001017805768015,0
5531,885,4.354186107987151,POS,Grocery,TR,14,0.018109284528570944,0.024587202962502084,0
229,885,3.884809113050999,ATM,Clothing,TR,22,0.19964009117674492,0.040025513134313635,0
5977,594,411.81868448367055,POS,Grocery,US,23,0.44280526118698155,0.09278959538984725,1
6955,978,441.8998030495549,Online,Food,TR,20,0.2660663868721897,0.06063434316704994,0
6243,127,18.073283994729877,QR,Grocery,US,17,0.17936145364296655,0.07145885513451308,0
1939,488,64.95629210668757,POS,Travel,DE,16,0.08560109671880305,0.24736201554103981,0
381,736,197.70535730109182,POS,Grocery,UK,18,0.15054424800746632,0.312928954092706,0
366,222,171.23712187257397,ATM,Travel,UK,6,0.6662090922431534,0.38986021912839863,0
4322,556,9.788330325594467,POS,Clothing,FR,7,0.134499731095186,0.3559828019707615,0
9940,962,194.62731317771008,POS,Travel,US,6,0.06826784185355718,0.1378228900055194,0
4915,386,193.2308071871209,POS,Food,UK,11,0.18606597408844094,0.31047388690384,0
1004,946,50.387694223265264,POS,Travel,FR,15,0.15928519919992246,0.06637961735701699,0
4713,959,9.443600965377724,Online,Electronics,US,20,0.0033735995958219887,0.0109775458732605,0
4583,339,100.66921024282222,ATM,Electronics,TR,20,0.15855415196071695,0.1037377135993365,0
5777,270,69.18071123356435,QR,Travel,UK,3,0.6832781566865148,0.4424320863437467,0
356,724,47.65746561364181,ATM,Clothing,DE,6,0.19904402345057606,0.29158359179330867,0
3959,213,124.55314309990872,POS,Electronics,FR,11,0.49659423809087067,0.5977822343597144,0
4657,209,405.22994480524835,QR,Grocery,TR,7,0.0581285879943301,0.1277899688238542,0
3090,794,17.791625068674467,POS,Grocery,TR,17,0.09116374359692733,0.03490351563808635,0
776,129,4.268400606371493,POS,Electronics,FR,3,0.184291125616736,0.0853211304703413,0
5407,277,231.73160427408828,ATM,Clothing,DE,21,0.10229844241427968,0.003369032548619524,0
3246,250,154.5016690668116,Online,Food,DE,5,0.03629160464192427,0.051644731933220986,0
9009,58,143.47634301429432,Online,Food,FR,11,0.13212973013530233,0.17582920603200197,0
3833,357,162.4702107376999,ATM,Electronics,UK,11,0.13032264087498946,0.34897208795320006,0
400,908,44.227919519202274,QR,Travel,US,19,0.11383424518996006,0.06507870016563301,1
1397,789,143.87579043684096,POS,Clothing,UK,21,0.11419953187039807,0.011074071560864044,0
3810,881,174.88922341371727,ATM,Grocery,DE,18,0.25151207894104943,0.0943318222316282,0
1497,501,589.5420166764134,ATM,Clothing,UK,6,0.1293596919981033,0.18296636759557783,0
3660,319,987.6394218605972,QR,Travel,US,17,0.14020870923693773,0.434492152966599,0
3976,946,13.558196116458165,QR,Food,UK,20,0.01843766516712944,0.051890513719008984,0
6964,742,369.57633861939195,Online,Clothing,UK,18,0.1552733261991785,0.2746860006521067,0
3713,232,12.903250645781835,QR,Travel,US,1,0.002599394347321134,0.04211263144195359,0
7568,565,25.16501666434168,Online,Electronics,UK,12,0.033754701096613604,0.2583468234956221,0
2416,168,35.23918166003985,Online,Electronics,US,22,0.20534098983634436,0.043962070045381225,0
3773,958,138.10397490433962,POS,Clothing,UK,19,0.009174218104117046,0.062016002000296146,0
280,735,51.059764724535086,Online,Grocery,US,1,0.37064327516489526,0.10546679376345186,0
1470,825,31.5432554225206,QR,Food,TR,14,0.0122710662204003,0.018814100178171714,0
975,991,359.18098762087527,ATM,Grocery,US,11,0.06384899160820286,0.013709122096482972,0
2274,364,3.31223976880536,Online,Clothing,FR,7,0.23398461309340862,0.07823580488526523,0
4654,972,68.00444779757612,POS,Clothing,UK,18,0.2739194495280677,0.1361198223811362,0
512,902,169.26089091718404,QR,Food,UK,18,0.19737111832027956,0.12804839023959913,0
3948,553,113.86181156272546,POS,Grocery,UK,5,0.34248101706128714,0.14421306439851753,1
862,536,120.80961598259995,QR,Travel,US,7,0.23520930365763856,0.4921925626827616,0
6587,201,232.60854138755246,POS,Electronics,US,20,0.179271269309471,0.3684339059931928,0
4757,296,11.612502040603559,POS,Food,UK,20,0.16430806217610497,0.22880970417013866,0
851,442,157.10080491922778,POS,Electronics,DE,19,0.14582833728878286,0.08946567574692099,0
2352,157,86.71771228350592,POS,Food,FR,21,0.12871140358923677,0.11558143464804883,0
6402,935,52.28635380046912,POS,Food,UK,14,0.04063462084935431,0.07442329476671782,0
4378,420,696.7536795061508,ATM,Travel,US,13,0.037254829700287345,0.048947185831804435,0
328,104,280.0806214687311,POS,Food,UK,21,0.12755961659198625,0.1033382667375664,0
5835,55,14.55567239972344,QR,Electronics,UK,20,0.16543424506708437,0.12001046197679784,0
6106,54,113.65808552164488,QR,Electronics,FR,16,0.24983223889603084,0.1034939408362542,0
9372,328,238.99013127605355,Online,Travel,DE,22,0.10371415632522575,0.044737038207538264,0
6210,20,75.68232781214971,POS,Electronics,US,16,0.044856874791020525,0.25453774404213264,0
6715,209,105.37475765368606,ATM,Food,FR,12,0.10073430081613936,0.013640510488117642,0
3817,573,66.9634905038682,QR,Travel,UK,11,0.05030613925267209,0.17586834953351818,0
1006,518,338.2798241124142,QR,Grocery,UK,22,0.03168589332636238,0.37098437394053946,0
9070,70,90.15620202002046,Online,Clothing,FR,3,0.23778361993783445,0.047335823148666537,0
8037,689,6.882911560059005,POS,Food,DE,22,0.05875970377373308,0.02162187099392088,0
3803,330,17.676385848034442,QR,Grocery,US,20,0.05514193059266149,0.11623397017766413,0
2199,254,55.27798537075227,Online,Food,FR,6,0.041712032439263615,0.06236496151708435,0
2476,914,228.04588886389794,Online,Food,UK,9,0.19690031304633404,0.046259420103995266,0
2756,773,527.1170261353483,QR,Electronics,UK,10,0.2729192384845175,0.25343180794359443,0
8608,441,274.31222352570967,Online,Electronics,US,5,0.05627473275956688,0.19765974435788902,0
7945,354,152.888073545348,ATM,Electronics,FR,9,0.3599599470345431,0.15385458439538438,0
1732,308,13.562271539299125,Online,Grocery,TR,18,0.5435031473279004,0.23606185069842178,0
2323,998,67.5607143861163,POS,Food,US,22,0.07460541522780847,0.08810592489451517,0
8379,50,60.37701799847817,ATM,Food,US,22,0.23820350834497275,0.276604334158766,0
7925,561,126.92461419853186,Online,Clothing,DE,16,0.05451869827310706,0.011339845887976433,0
9411,312,99.19656956793574,Online,Electronics,US,15,0.4958072807324478,0.40737761608133427,0
1785,343,188.11676574462476,ATM,Travel,NG,15,0.33358310587579526,0.03650644298632919,0
7272,760,43.50004254580059,POS,Electronics,FR,22,0.10592200730159865,0.022111561636921396,0
486,471,251.8438096233409,Online,Electronics,US,19,0.039734222201957124,0.1410220982340617,0
7670,52,4.895997126849036,QR,Grocery,FR,2,0.3207801927412436,0.15599155377911095,0
8216,450,174.16602000313893,ATM,Clothing,US,17,0.476633039106462,0.14701187069592558,0
8359,533,83.22452828532916,QR,Grocery,US,8,0.19918425580129187,0.46635986342096375,0
3109,343,111.01394132314226,POS,Food,DE,23,0.07482815565703944,0.08611550224623252,0
8610,420,135.74839709226742,Online,Travel,TR,16,0.34526344145085974,0.38373821182780493,0
2997,501,55.61651866886114,QR,Grocery,US,15,0.014219886892970582,0.04146114020440472,0
729,30,97.15563910989884,POS,Travel,FR,12,0.4274378060391728,0.29354871431234936,0
5139,184,10.518447648389275,Online,Food,FR,10,0.1722566606235936,0.055639333050405776,0
8243,847,344.2115262673342,QR,Grocery,UK,20,0.23854581921262807,0.06102522640533553,0
4926,179,2.9443315373077783,Online,Food,US,22,0.07682119042684188,0.05931612132206554,0
5941,342,122.00395563383923,ATM,Clothing,US,14,0.04684466233338388,0.1231679851985501,0
8812,135,328.73665596862605,POS,Clothing,UK,13,0.6976828273598812,0.12724329873730333,0
4596,983,158.9408608616537,Online,Clothing,FR,22,0.026758232294418805,0.08553585699579579,0
854,400,164.10629154748727,QR,Food,FR,15,0.09105146237682935,0.15750290879412795,0
9673,414,220.73939319388177,QR,Grocery,US,7,0.19808191887301038,0.21640202751829327,0
7796,773,127.1954373220007,ATM,Clothing,TR,17,0.14542732955323562,0.16639518192252398,0
4076,203,168.91122216605365,ATM,Food,TR,23,0.7393836444532654,0.13514640447657977,0
5518,358,124.11551465803566,POS,Food,UK,16,0.08867334690798348,0.23559040121520855,0
3670,663,119.69198510372098,POS,Electronics,FR,19,0.030589790493459786,0.15328684289737074,0
7108,637,282.90311519392696,Online,Food,TR,7,0.30110915253832315,0.41984958865671823,0
7773,934,566.6353149967291,Online,Travel,NG,10,0.7423582264172202,0.10888097828600451,1
368,842,111.61160897107979,POS,Travel,TR,16,0.2699900269175992,0.03222520174073253,0
9589,285,592.6680467576341,ATM,Travel,TR,4,0.3287110226626713,0.1830684921366797,0
4966,815,25.297952387833874,ATM,Travel,TR,6,0.1724000969283552,0.02341091316868421,0
8105,809,116.34143825106743,Online,Travel,US,21,0.3623457041967843,0.10685441338785272,0
1656,861,281.42259343132093,ATM,Electronics,FR,16,0.15276655629724586,0.06186486483741057,0
8585,747,121.21877506961121,POS,Grocery,US,2,0.3377352396638141,0.15285527397340198,0
8570,100,4.13122818930715,ATM,Travel,TR,16,0.03557030293685717,0.40500325276302185,0
4724,404,201.27899690482585,ATM,Electronics,DE,0,0.19311967324942392,0.3834919679425742,0
8431,925,176.52829102119864,QR,Travel,UK,15,0.017603000982303413,0.10440337189271791,0
7097,915,9.498167736484378,QR,Travel,TR,19,0.05939886373398201,0.3185463111871409,0
7514,698,369.4090205833695,POS,Grocery,US,16,0.2521446441077506,0.09095232042867771,1
6189,329,297.588118340066,QR,Food,DE,14,0.08163013753412132,0.14404692801317892,0
3769,161,226.9302803182186,POS,Grocery,TR,23,0.3081171357516837,0.48446225814283966,0
7604,720,72.51728360883234,POS,Travel,US,21,0.34336267879639176,0.022590544903411038,0
7163,805,258.274635755931,QR,Clothing,US,10,0.3425563434332646,0.09589348079896132,0
1100,387,4.044931000961813,QR,Travel,TR,22,0.05726881875166284,0.13346934439595876,0
363,920,45.537084256960135,QR,Travel,TR,21,0.047644042819734785,0.4299178306259301,0
4886,221,71.76248947280824,ATM,Clothing,TR,22,0.15857687628969452,0.05089862454503374,0
6850,708,430.061283752458,POS,Grocery,FR,12,0.001606850708634036,0.2711981417123019,1
2999,930,33.21942241337711,ATM,Electronics,FR,21,0.17981751176456098,0.10027417728708116,0
2397,350,110.57375969904196,POS,Grocery,FR,4,0.2746105525671335,0.16273789389457213,0
1411,994,329.26089527120536,QR,Grocery,US,13,0.09223306549349765,0.08400842679121631,0
8423,929,65.43801017822537,ATM,Travel,TR,17,0.03751183613090452,0.024685257082286343,0
2675,679,75.37853376754812,ATM,Grocery,TR,14,0.21857791312275823,0.24010319503036964,0
1665,96,21.062987460191145,ATM,Travel,TR,19,0.25962476415870894,0.04680530884943812,0
3356,737,644.2550715489837,QR,Food,US,12,0.11771163171138051,0.6293429903608277,0
5605,653,47.51093672637048,Online,Food,DE,18,0.050895761814316105,0.066619975118234,0
1843,866,223.4204529723892,ATM,Food,FR,7,0.043888084094764884,0.15614696523748986,0
8327,105,2.2295577936516735,ATM,Food,DE,8,0.1527675098717629,0.19256647542152763,0
8262,360,32.686736000588255,POS,Travel,UK,21,0.2093051830768789,0.18462689290569845,0
1604,848,17.51047594119064,Online,Food,US,19,0.0485867467564211,0.11604511680370055,0
1460,961,78.91545330361618,Online,Food,US,5,0.0974885919976967,0.01247995803782002,0
2134,663,198.72311526245707,QR,Grocery,TR,19,0.03726560019598063,0.07610207153175326,0
245,975,165.2627353500854,POS,Electronics,UK,11,0.07292741316752903,0.11738331563537026,0
7186,905,344.9369376308687,ATM,Grocery,TR,17,0.03163854546532995,0.22174885951881415,0
5438,860,12.652091985276098,QR,Grocery,FR,14,0.05919105002876201,0.0977317007376982,0
934,943,24.870168151409715,ATM,Grocery,FR,22,0.15911966794387128,0.10964558033472414,0
6871,830,221.7815498403249,ATM,Grocery,US,10,0.26974403228582916,0.16789053529182085,0
7754,615,224.09929873023498,ATM,Food,FR,9,0.015984395232249673,0.061549565203193726,0
7966,547,27.10549523244811,POS,Clothing,FR,17,0.07580662807745778,0.13859150131455075,0
1616,542,168.05105079075676,ATM,Travel,US,21,0.11359931159152863,0.15037772874511796,0
9955,128,237.52882215252447,ATM,Food,TR,7,0.06859484091315528,0.20303064549718627,0
831,96,175.46799797033717,Online,Grocery,DE,22,0.18099189558870266,0.08478551087743413,0
5765,3,229.3698764711298,POS,Food,UK,9,0.11580324570509982,0.1290286229154573,0
2399,714,52.75745920883626,POS,Clothing,UK,14,0.49111764558429744,0.17291675399224748,0
4674,955,107.50980422689948,Online,Clothing,UK,18,0.20506095307904423,0.19792889111273035,0
1792,436,45.48944248437665,POS,Travel,FR,6,0.0773037206896651,0.28981220755221615,0
5604,491,212.30531633276303,QR,Electronics,FR,14,0.4464769458903114,0.16904105460234592,0
4465,462,137.9431837305887,Online,Travel,UK,19,0.13436284276243507,0.19211921760902498,0
2808,834,94.92688601049234,ATM,Clothing,FR,10,0.054768646166083804,0.3916289361301062,0
1300,456,72.87524411862448,POS,Grocery,US,19,0.3228158863459848,0.13850420298163688,0
296,766,32.760648227236985,Online,Grocery,US,9,0.21534071154767864,0.28601412068217186,0
7394,47,91.82247362014358,ATM,Grocery,US,23,0.04914194913748626,0.13862555145925531,0
372,990,31.254319778799502,POS,Food,US,14,0.21604717210516172,0.15106800154587097,0
829,628,420.4042111793272,POS,Clothing,TR,23,0.05259695535121445,0.025844086575405142,0
3592,280,475.4110061581174,Online,Electronics,US,17,0.24278653621063453,0.06946540413920206,0
3498,593,224.70730005762607,POS,Travel,DE,20,0.5917058989623714,0.1415134098757661,0
153,380,100.97067809989255,QR,Food,UK,21,0.08429429471641652,0.1764678578419555,0
1777,668,287.63274003010525,QR,Food,UK,5,0.08302781174993817,0.10578892249250495,0
4018,315,359.9460049866938,POS,Travel,DE,18,0.5325019181260441,0.1766065013874933,0
5922,578,3.390773509174345,QR,Travel,DE,19,0.013392542584030451,0.02695414412029748,0
1281,821,337.531240864823,POS,Food,FR,14,0.1754012120811791,0.1516296596080752,0
2045,7,44.96890939697727,QR,Grocery,TR,18,0.4794477018908412,0.07073814543569656,0
3784,125,296.5629858839991,QR,Food,US,8,0.21262311595167782,0.18981966543129453,0
2544,356,440.9252737687388,Online,Travel,DE,16,0.18636788673297341,0.050232815220034824,0
7012,425,70.06839602497551,ATM,Travel,FR,20,0.4166948461944595,0.05500764702844314,0
6918,242,141.9531384253031,Online,Food,US,19,0.20013067723478314,0.4665316802150501,0
3918,408,139.10318731395753,POS,Grocery,FR,7,0.5145911972613237,0.4095897809973114,0
1269,715,20.31391483929037,QR,Electronics,UK,19,0.1271085921969646,0.06442235734096495,0
141,313,21.526545198817203,ATM,Grocery,FR,23,0.12267421745690843,0.27554058103765594,0
548,970,511.2164494988277,Online,Electronics,FR,21,0.1842656052008318,0.2280388173629505,0
4034,880,21.22549385253254,Online,Grocery,US,17,0.17586637532552502,0.24570843738347517,0
5165,95,29.408080323676995,POS,Travel,FR,20,0.22474403656372693,0.19275251140693855,0
9976,266,93.53039952681848,QR,Clothing,US,3,0.09646011203113801,0.20347335333206482,0
4116,124,106.34338053348804,POS,Grocery,TR,18,0.1446921230159862,0.06491212552950297,0
1831,415,16.469393571921213,Online,Electronics,US,17,0.19093625265878436,0.1507444241320256,0
5492,870,144.31779267736218,Online,Food,FR,19,0.1281798013016438,0.0634070091636563,0
8671,321,49.84156838183666,Online,Electronics,DE,10,0.06477311826943814,0.12374285185630148,0
6512,548,288.6434954969283,Online,Travel,DE,18,0.17403356435554543,0.1911302062746027,0
2878,532,9.25353191460179,Online,Electronics,TR,22,0.05195767733902618,0.14720549348474293,0
3495,980,135.10228217621795,Online,Clothing,TR,21,0.1268676022659662,0.09414807067895435,0
8533,953,66.87608102865332,ATM,Clothing,DE,20,0.03463475745596942,0.0832447058513372,0
1155,736,316.9606506763632,POS,Electronics,DE,20,0.3468326582848975,0.18737958860356674,0
3511,196,56.73323145029819,QR,Electronics,DE,21,0.05951146219066082,0.10345172989990883,0
1626,548,360.44938803335714,QR,Food,US,4,0.19673150779732976,0.20679050649787176,0
7469,607,7.532440325504361,ATM,Travel,DE,11,0.027991445046536088,0.10074288546374345,0
5097,731,102.01021106633145,QR,Food,TR,16,0.011083569200223947,0.20629833460494482,0
2231,418,304.9589057558787,ATM,Clothing,DE,9,0.09400388613894947,0.006490828178511498,0
998,51,252.685731832323,Online,Electronics,TR,15,0.10780238586949084,0.1342141357988651,0
6157,515,61.276679115201574,Online,Clothing,FR,12,0.12898900345507328,0.2038781548715689,0
3864,180,45.77213884731965,ATM,Grocery,TR,6,0.10661416175919909,0.052446892064745086,1
9312,419,481.81294565989515,Online,Electronics,FR,17,0.01572414506008163,0.26945611845421746,0
4979,421,61.17730915633709,ATM,Clothing,DE,4,0.08188539562617915,0.16621283207094428,0
4804,549,524.7931980735474,ATM,Grocery,US,7,0.1919495056704593,0.27935086255420927,0
421,45,87.50563303159737,ATM,Grocery,FR,13,0.06007577084934772,0.21291944597840062,0
1911,981,436.1332642046965,Online,Electronics,US,17,0.3415149721280113,0.12315469312807441,0
4251,516,407.09977003384483,ATM,Food,TR,20,0.19904144329190046,0.11730687670636053,0
7755,865,253.64435981756202,Online,Grocery,UK,23,0.11110480279244095,0.35113719306464464,0
1317,973,462.34409744631745,ATM,Food,FR,16,0.18167240909695942,0.3368916627758328,1
8538,313,66.29644165250276,ATM,Grocery,DE,5,0.17673332932064226,0.20519252556693707,0
4137,438,56.76311460956839,POS,Grocery,FR,20,0.015519750935006486,0.11728076028269438,0
7265,449,24.52037225579068,QR,Grocery,FR,20,0.3895945106824346,0.04461826634070504,1
5401,282,244.6150119674182,QR,Food,US,20,0.051939641091387274,0.422602528754771,0
2911,554,39.636988954725744,Online,Travel,TR,19,0.3056544007006443,0.09667593702164573,0
3453,225,89.43505139754508,ATM,Grocery,US,22,0.1815792804883308,0.36990588434407023,0
6522,548,188.50783685958694,POS,Clothing,FR,12,0.024629470241213598,0.16963026280606347,0
8189,11,21.92927632580433,POS,Food,UK,23,0.2866438863729932,0.3774510777135538,0
6670,667,77.12846148707803,ATM,Food,US,3,0.09635333028039636,0.10486907197996252,0
7799,678,43.39267468536285,QR,Electronics,US,17,0.0003106704908972306,0.034657916043575376,0
6289,532,6.982320161667417,POS,Clothing,FR,13,0.03222505627401783,0.022692469567047617,0
2948,140,2.620486203271743,Online,Electronics,FR,17,0.06313565531697851,0.296955855516614,0
186,815,82.64864160629881,QR,Food,FR,23,0.15703316669482115,0.10698647982275256,0
6069,478,17.50299039381611,QR,Food,US,19,0.224717324134179,0.08773812136804451,0
5914,288,10.821530789837869,Online,Travel,TR,21,0.029950328615324907,0.007943453159025182,0
1410,849,58.2928298334565,QR,Clothing,DE,11,0.1409739749520101,0.1657181376709065,0
1337,25,187.212702337922,Online,Clothing,DE,15,0.07242095508995093,0.016675401187622545,0
6080,96,95.23107133168985,ATM,Grocery,NG,18,0.2112870926598073,0.4558190138826882,0
1266,187,254.83989117078082,QR,Clothing,UK,19,0.15802225283727214,0.056292281393140874,0
9005,851,1.7255871922655088,POS,Food,TR,22,0.08680753886890688,0.04977567181873101,0
376,424,93.9105500227969,Online,Food,UK,18,0.2199247358261938,0.16595574338803806,0
9800,165,228.94773159935994,POS,Electronics,FR,20,0.09715885037434405,0.12470483112568621,0
9371,791,2.3223573498600936,POS,Electronics,UK,17,0.2761822644878758,0.1507943326629642,0
3134,883,22.031983359594623,ATM,Travel,FR,6,0.27959506591745875,0.2500782633712892,0
2961,58,134.4285953684225,ATM,Food,US,9,0.1826823326860143,0.16269993380595604,0
7114,96,749.8855326133246,Online,Travel,FR,11,0.39766626096565416,0.18373684731420642,0
3632,491,367.789887779007,POS,Food,US,14,0.11018668188741794,0.5048631528465327,0
2314,982,68.39067941509894,Online,Travel,DE,17,0.04344795338897873,0.06038466832760412,0
2575,238,21.266693271943534,POS,Electronics,DE,8,0.5579145725752844,0.20759677418631256,0
7037,945,52.75193160942102,POS,Clothing,TR,21,0.007942262393976336,0.023836421624443993,0
7798,744,239.93412149362453,Online,Clothing,FR,15,0.2011654063832324,0.07285247506680968,0
7849,316,43.97456039045558,ATM,Grocery,FR,15,0.09175422678952694,0.04492177918650538,0
3577,100,171.68360565753085,QR,Food,UK,22,0.18742386522370877,0.279978176912842,0
5443,892,538.0305929857998,Online,Travel,DE,20,0.2264319202284309,0.28218121487163084,0
2326,637,180.99273518098389,ATM,Travel,FR,19,0.16880605278591873,0.16050041330537262,0
5372,668,183.42450689654473,QR,Food,UK,18,0.06905824493339079,0.18013521298515872,0
7175,932,162.33117350965512,ATM,Food,UK,22,0.21280670720996894,0.15853511810973367,0
2444,797,15.897386469118956,ATM,Travel,DE,21,0.2878950998677248,0.16089012738309172,0
3260,138,442.5342764040645,ATM,Electronics,US,17,0.0995034005625347,0.3557294617624779,0
8760,626,39.018343927204874,ATM,Grocery,UK,21,0.1642566584840355,0.03180155575900441,0
9509,430,18.276080755116713,QR,Travel,US,16,0.19280452878960525,0.19049250111714813,0
4819,350,53.84900702563937,Online,Clothing,DE,11,0.210544207482663,0.027822407589518715,0
5976,703,4.039533680990364,Online,Clothing,US,10,0.03584380702948025,0.022087729644782773,0
5014,301,139.16895649066262,QR,Grocery,DE,17,0.05793927247910424,0.3570475548268691,0
6117,432,146.46343876598863,POS,Clothing,TR,18,0.49295008801238943,0.2826314580902967,1
4260,124,535.1323792130804,POS,Food,DE,4,0.518138864381898,0.09122929188226205,0
3361,627,41.70108138157281,Online,Electronics,US,18,0.029367560305351287,0.10681768720923142,0
198,127,221.39610985683842,ATM,Electronics,TR,23,0.11716803294156652,0.03549290973263536,0
2098,298,424.32883784251504,QR,Electronics,DE,11,0.3822947336600925,0.1679040074636295,0
3835,886,302.0280079969448,POS,Grocery,US,17,0.1470195108062178,0.014042095389444346,0
4715,59,51.34775336594765,QR,Grocery,FR,22,0.02169886720756248,0.10057787181266416,0
1194,351,14.951964963433145,QR,Travel,US,17,0.08465234414395775,0.13047414697989534,0
5191,450,27.740036885595302,POS,Grocery,UK,16,0.13077921438291204,0.16551797533255114,0
644,338,102.62774204254546,QR,Clothing,TR,16,0.022281137844016346,0.011389709428648632,0
1993,146,40.502335574403496,QR,Grocery,DE,21,0.36770161565444615,0.2721063518187355,0
4656,41,32.30556647595924,Online,Clothing,FR,20,0.10621200917014945,0.07630069911730349,0
5349,525,29.452424138795003,QR,Travel,US,12,0.16623539685183747,0.27092583266880005,0
9306,568,37.71460937978682,POS,Food,US,17,0.15173779056544548,0.036454523040900605,0
5376,259,2.5824017858035955,Online,Electronics,US,11,0.059186145612653555,0.16962044834049397,0
4315,451,35.07397718693483,POS,Grocery,UK,22,0.09996081153224648,0.05064627871622298,0
5776,990,133.4294789217152,ATM,Travel,TR,22,0.1587816483734947,0.020306451655562108,0
3427,629,566.055026405657,POS,Clothing,TR,14,0.00999095477001867,0.01701484913821687,0
8169,747,4.864091368513082,POS,Clothing,UK,15,0.08963872907863456,0.34041650452557676,0
2514,751,98.00054432854824,Online,Electronics,DE,4,0.19704295893214335,0.11508145059143285,0
3457,590,310.6885330639955,ATM,Grocery,DE,10,0.23955418386650512,0.10513792439775566,0
7242,466,8.61079829280299,ATM,Travel,UK,22,0.07930476112967906,0.33852124546115475,0
9774,802,230.34278285311026,ATM,Food,FR,13,0.04547171602828205,0.018644321130859006,0
9974,205,65.68705036990012,QR,Food,TR,18,0.4060347437787228,0.0964966909711779,0
2101,680,488.01968510554116,QR,Clothing,FR,21,0.08475320874490368,0.0764800315278959,0
1162,773,491.6093565740167,ATM,Electronics,DE,23,0.3320634728465253,0.20352391197968545,0
4199,873,674.2977943412325,POS,Electronics,FR,14,0.11231574116278412,0.32130551183711437,0
5762,227,44.64238142941292,QR,Travel,FR,14,0.3571861603023627,0.021763915692830715,0
6540,166,17.16333144266766,Online,Grocery,FR,21,0.05246308501466548,0.07467310012567559,0
3152,174,16.474855096951156,POS,Travel,TR,14,0.31729593648200755,0.06473649095050567,0
7401,709,227.4895021547722,POS,Clothing,US,19,0.021619831485568113,0.19993686187090715,0
5324,127,1.0053532279024542,POS,Travel,US,8,0.041781732115070205,0.014431816547899701,0
1141,634,503.16975838694503,ATM,Grocery,UK,10,0.08134603686735879,0.056209299258930215,0
7740,328,159.3403710771089,Online,Travel,TR,10,0.17623795813883397,0.018012497601320385,0
1207,310,122.40074012027833,ATM,Electronics,US,15,0.08512206647665571,0.6349815290969341,1
309,937,36.025135257260594,ATM,Food,US,14,0.0352758794003902,0.09208638703491273,0
6637,646,298.39297451337166,Online,Grocery,NG,15,0.31319737914098905,0.1255545067831461,0
5285,269,5.130127598530505,POS,Grocery,TR,21,0.05095628453568817,0.11118042914343172,0
3217,862,756.9393835258077,Online,Grocery,US,8,0.11094459191246146,0.5547613313068555,0
7737,362,246.377437359337,POS,Travel,US,21,0.33176853839830783,0.2804965487868107,0
4399,291,112.24461183613865,QR,Travel,US,7,0.05182488998543232,0.21514479509611922,0
2855,555,10.081590263035578,POS,Grocery,US,23,0.036687662882383086,0.04993492656785065,0
222,364,643.1364224276067,POS,Travel,US,9,0.3799883361887146,0.39253903402264534,0
4034,603,1.0184791911760256,QR,Food,DE,18,0.1491308177358674,0.1122106285628199,0
6010,560,380.53926870692726,ATM,Food,UK,9,0.15537056504561997,0.3387209953474503,0
7482,791,748.3116587106541,Online,Electronics,UK,8,0.1346388358982962,0.35257662620826136,0
7897,200,119.3356567838518,QR,Clothing,TR,11,0.22032024693195215,0.08207239639939772,0
8093,86,12.36865306991189,POS,Electronics,FR,20,0.005080197197703032,0.10348715284434083,0
4519,805,10.913301429523965,POS,Food,FR,13,0.03474982250162818,0.028621244096382586,0
9837,839,3.260860331071126,ATM,Grocery,US,6,0.021410231535654918,0.1548130620721983,0
621,225,337.2876939286472,QR,Clothing,UK,18,0.006273285374282761,0.056526609229912324,0
5149,630,77.95439290218505,QR,Clothing,DE,17,0.2095787984404762,0.25606099349867656,0
7678,325,1.5504243210546078,Online,Food,DE,23,0.05626365701794796,0.019975485255410392,0
8751,689,9.385547965167472,ATM,Travel,NG,16,0.07566731025426968,0.19295845930010477,0
4190,267,205.97860903080235,Online,Travel,FR,21,0.2282097042794141,0.33416409439103556,0
601,122,33.744971356800214,ATM,Clothing,TR,16,0.08049239605628508,0.026401541325361648,0
3919,257,1.0143874250288896,QR,Electronics,TR,12,0.0005986906795371272,0.1074345840868585,0
5739,707,5.808361982834486,QR,Electronics,UK,21,0.09704075542040373,0.01928046956786754,0
5619,166,96.54075964142024,POS,Travel,UK,6,0.4142819354717739,0.4647632410497934,0
4777,69,545.0044206744025,ATM,Electronics,DE,19,0.05581768742802219,0.1941138772812392,0
4016,918,32.33699497074907,POS,Grocery,FR,20,0.004480508305659354,0.09088530610052674,0
9619,46,49.37566429133362,QR,Grocery,US,10,0.26711191317471045,0.1619575695196051,1
358,271,7.363367011474677,QR,Electronics,US,21,0.02335056404677836,0.06128611124869452,0
2423,68,21.722683599450402,Online,Clothing,US,17,0.10272820271512266,0.08351237230710878,0
1504,419,309.0728170440815,Online,Grocery,TR,19,0.26673381219184056,0.018060528544452694,0
1890,627,95.29161974112262,ATM,Clothing,FR,19,0.24579255140124565,0.11907622708150468,0
293,898,308.03483219531455,QR,Travel,FR,10,0.41826125210018916,0.43381751958952036,0
2255,593,167.4396598138288,Online,Travel,TR,14,0.164629335075077,0.20897837963192864,0
2866,676,150.86944574801592,ATM,Grocery,US,17,0.03692424539802547,0.337498550754838,0
7235,241,293.98331240437534,Online,Travel,TR,18,0.1632470474514624,0.402365283025891,0
9317,215,336.5180745765208,QR,Travel,US,17,0.024468042231445268,0.1707700451809991,0
6794,427,116.32588259784276,ATM,Travel,FR,21,0.1711271135050739,0.07394431044249725,0
7044,980,166.54176691002786,Online,Electronics,FR,13,0.18893811881939757,0.20234169272551417,0
8800,799,172.60780526519974,ATM,Electronics,DE,7,0.5819987841459797,0.1645209904357989,0
404,731,907.3729664663417,POS,Food,US,22,0.48758829793379244,0.14307498606559968,0
8475,307,25.02224897784583,POS,Clothing,TR,23,0.05824969954279241,0.019517133766227976,0
8776,170,167.84164341952913,POS,Travel,DE,7,0.03167844391883515,0.06852478303628871,0
4753,590,9.519905390849866,POS,Food,US,15,0.14079582050668135,0.04257256087407419,0
5297,111,200.92717716527605,POS,Clothing,FR,19,0.08487994603464805,0.3618215176547363,0
8530,511,445.61736772780813,ATM,Clothing,DE,22,0.2872956183857798,0.0992773412533865,0
215,864,60.94620803898095,ATM,Clothing,DE,19,0.18831638154633296,0.19222193818332392,0
8179,454,24.22921859970552,Online,Travel,UK,2,0.276897741149879,0.030264465094348148,0
9521,211,303.34352047312757,POS,Travel,FR,21,0.11722184133354269,0.023965552309860933,0
6278,42,59.15075573626294,Online,Travel,DE,16,0.029997645129910964,0.0785061709821767,0
2374,782,45.52380090083965,QR,Travel,FR,16,0.10767668576448822,0.11713253083842474,0
9294,715,95.41392926050838,QR,Electronics,FR,20,0.08655515848286215,0.07010836062143856,0
6606,413,157.05039381751752,QR,Electronics,US,21,0.2615638565810197,0.019913665984844134,0
9244,123,6.493304274833157,QR,Clothing,DE,23,0.16326757322188235,0.26944733875567756,1
5930,924,246.22649515491267,ATM,Food,US,10,0.3912252443329778,0.1049540028754259,0
5661,15,431.68618373363677,POS,Travel,UK,8,0.04814607199897132,0.3096865322812713,0
2370,402,6.304558877100466,ATM,Clothing,FR,14,0.038266808418292504,0.19708707873064027,0
7110,614,71.88156010569712,ATM,Clothing,FR,10,0.35190666921227454,0.24508819748501437,0
620,722,125.45270141502006,POS,Food,UK,18,0.17293911569114467,0.19933269303541104,0
6066,547,55.19608151823087,QR,Clothing,US,8,0.0631661387995912,0.0580182026133433,0
6604,749,167.07641982445477,Online,Food,DE,10,0.045349380650485965,0.02278792810310957,0
5602,319,34.61565114318346,QR,Clothing,US,8,0.04354810875554129,0.03714582155023642,0
7636,812,44.312317551965165,POS,Travel,DE,20,0.22571489369724396,0.168166190245162,0
5457,212,190.23084391208891,QR,Travel,FR,23,0.1195131060887358,0.24688906382379475,0
4965,227,85.73460722684624,QR,Grocery,UK,22,0.030644132002167822,0.2499800196815699,0
2660,535,181.27856597782406,POS,Food,FR,22,0.2565377385991139,0.126426495456662,0
2042,914,37.99924783899995,ATM,Food,UK,10,0.26911030195149077,0.2005294046746819,0
9837,692,227.90605934051607,POS,Travel,TR,1,0.09608963584917374,0.1759622199957035,0
4494,460,76.63060329244402,Online,Food,UK,9,0.09158874968702974,0.05587308576274721,0
7373,367,53.265657603154246,Online,Clothing,DE,22,0.17953787557230227,0.22005056430693706,0
5578,268,25.023940746867535,Online,Travel,FR,22,0.04688191876910356,0.04247804526072013,0
3461,935,15.465802337620294,Online,Clothing,DE,18,0.04065695551171525,0.14765366729540558,0
9206,668,51.64647289584023,QR,Travel,UK,23,0.32597255106241296,0.1652199836286038,0
5394,899,20.152837526869437,POS,Clothing,FR,8,0.1317878328094704,0.2702287221063248,0
4685,750,86.45415483682022,POS,Electronics,DE,10,0.019986833889163082,0.051306786821062995,0
3453,463,161.5655132199336,POS,Grocery,FR,15,0.10648309623991467,0.09485887220780949,0
1597,322,679.3212636957891,QR,Food,UK,11,0.21190861334534433,0.0739201134170451,0
6509,520,176.95637618308305,ATM,Travel,US,20,0.07915807830992652,0.3572789624483328,0
1420,826,62.126734736092104,ATM,Travel,US,8,0.025435350569459746,0.05424255754569774,0
443,100,180.2264558525713,Online,Grocery,US,10,0.1887602036320547,0.09774625758625675,0
6310,190,193.28011049555155,QR,Travel,UK,11,0.1476237116409779,0.05668155288032086,0
7434,354,265.34221190729386,Online,Grocery,DE,12,0.1656468379162624,0.12748342098020235,0
9225,134,7.640061274793399,QR,Food,UK,21,0.14680042570850155,0.03483033095054365,0
3226,343,12.057478489387703,QR,Grocery,US,10,0.05495686678783457,0.0970368310739358,0
2728,591,18.294601145904142,Online,Electronics,TR,14,0.03296887070305016,0.5384747479308889,0
380,866,60.38657125293708,QR,Travel,UK,23,0.011837322002834333,0.01674846131950386,0
2267,518,186.16412536702006,QR,Grocery,TR,20,0.06800066740136389,0.17203301487871867,0
4258,316,84.09632932172073,Online,Grocery,US,16,0.11622129323156462,0.1591638534631397,0
476,375,91.93514459178867,Online,Grocery,FR,15,0.05294496375428747,0.06301627045276549,0
9524,328,247.5751218840487,POS,Clothing,DE,16,0.10299175868741442,0.13502789847862556,0
8198,714,264.29844805850763,POS,Travel,TR,17,0.1266978678724671,0.19287575099074655,1
1866,692,107.24206680886374,POS,Travel,FR,20,0.11227056228453489,0.1381374318535342,0
5144,794,112.85509156771072,Online,Travel,DE,8,0.05289767197773758,0.011205971507460798,0
1588,510,107.48715655612432,Online,Food,FR,8,0.0014649259616466319,0.05462486314621286,0
3990,629,435.21208921690356,POS,Travel,US,15,0.26616020431311044,0.06975559636896714,1
9038,616,98.54386425048727,ATM,Food,UK,8,0.13662660779324307,0.06428088815086523,0
4695,378,142.11522372544792,ATM,Clothing,US,23,0.2775073832447212,0.1883189840099064,0
4700,99,139.96768919747916,QR,Travel,DE,12,0.21259734441652076,0.16664593945253486,0
777,753,226.68769365154336,ATM,Electronics,DE,11,0.1258888546414635,0.19152013393894107,0
4784,451,37.347497079315524,QR,Food,DE,4,0.17172013148764817,0.12768618346931362,0
4792,715,365.4415033512295,Online,Travel,DE,12,0.5151722043885595,0.5783733683525588,0
5374,321,46.22614328119333,POS,Food,FR,18,0.009406800680621032,0.050233470659706875,0
928,213,155.17622753338452,POS,Electronics,UK,7,0.22238752883315016,0.17456380059378834,0
7836,860,39.98790344253595,Online,Food,US,20,0.22666711284814736,0.31125050277330524,0
1327,734,324.3772933166765,ATM,Electronics,US,3,0.40832015647854425,0.23252720013966227,0
1699,921,270.0956276667816,QR,Grocery,TR,10,0.06909961811309139,0.055640434242617755,0
9447,320,24.47919144261777,POS,Electronics,UK,19,0.26869087511965867,0.07432257957484566,0
483,470,7.394915119075348,POS,Electronics,UK,13,0.10906617886494532,0.1308807961918836,0
7937,255,21.73658894295072,ATM,Travel,TR,21,0.1429654347517233,0.19188985993525834,0
5965,401,845.9468357079073,QR,Electronics,UK,13,0.07002112982254786,0.021876932358968246,0
1222,564,25.199794566232477,Online,Grocery,TR,16,0.08327089152732765,0.6358921622549617,0
9431,968,73.82815267764879,ATM,Grocery,TR,6,0.027810371200346358,0.03896884717783619,0
9041,656,54.23225005316743,Online,Electronics,US,21,0.017870675992122234,0.05934949504104217,0
5632,100,141.95113113072185,POS,Grocery,DE,14,0.03859118568174506,0.02709933065189735,0
2671,551,22.314956066069925,Online,Electronics,FR,21,0.5588591858073347,0.22526786437160576,0
1063,288,425.7370429441901,ATM,Clothing,UK,16,0.26587110999120245,0.06907050434532831,0
259,862,135.38280148034843,Online,Grocery,UK,21,0.11553071672214162,0.049339145988835965,0
8837,978,5.51477924791507,ATM,Electronics,DE,13,0.0702420065356471,0.04245445056506666,0
2488,617,46.76626599833008,Online,Food,UK,15,0.3961961809198289,0.2380124346286313,0
375,200,38.822824250712976,POS,Clothing,TR,14,0.037718254283262004,0.10142691526223833,0
9149,183,207.99340054609988,ATM,Clothing,UK,4,0.12373972346893314,0.028142784281269553,0
2930,203,31.712068465201753,POS,Food,DE,12,0.006499388294242893,0.1000526651548738,0
2243,905,1.0147782791348423,Online,Travel,US,21,0.07202941176054395,0.04564785196710578,0
9124,67,1.1642519304925107,Online,Travel,DE,22,0.010525856498824444,0.12172753049934357,0
1947,863,1825.8082007623054,ATM,Clothing,US,18,0.6986246571258359,0.7321725515679975,1
8631,132,257.7806929387458,QR,Food,DE,18,0.14207413515029182,0.33138734934558517,0
7888,95,231.65278962013306,QR,Clothing,DE,11,0.12055421382506892,0.07304458248807147,0
4444,411,166.13880207195686,POS,Grocery,TR,21,0.024353462970212666,0.00038120637942901407,0
4572,643,132.00980539548632,POS,Electronics,FR,21,0.573433850819009,0.05680913411482483,0
4419,857,33.20073806420899,POS,Clothing,UK,16,0.31911985828605416,0.19227317181343292,0
9368,830,36.4778274160914,ATM,Travel,TR,14,0.0930742663736125,0.30251040073863106,0
7634,59,397.3139007137931,ATM,Clothing,TR,4,0.3734314660147336,0.25350142873095804,0
3975,836,194.838818967907,POS,Food,FR,20,0.1235856136686807,0.06505628230210136,0
2724,884,259.5778135132348,QR,Grocery,US,2,0.16814547464734847,0.08791409915082786,0
1377,180,288.43092080906234,QR,Electronics,FR,3,0.18858488801719214,0.34254159430801584,0
8239,569,83.59122378035944,QR,Travel,US,20,0.23925094919157736,0.28617705999734866,0
6988,541,259.2884537833149,POS,Travel,TR,22,0.3372837166626857,0.08903940038695063,0
5766,652,18.432699709468114,QR,Travel,TR,8,0.22967872394179922,0.09486319195282707,0
2135,574,11.956327007736302,Online,Food,TR,15,0.06171817214166642,0.13284508378449333,0
618,223,44.331010312767276,Online,Clothing,FR,21,0.11253575360679444,0.1596219654197287,0
5802,72,183.43438147068989,QR,Travel,US,17,0.06778793084179872,0.037912781277256724,0
9726,192,465.5337431557161,Online,Travel,UK,13,0.34453092354979636,0.2050211916118233,0
4098,270,105.22984196771091,QR,Electronics,TR,7,0.019903629840889545,0.1762277673920669,0
390,508,330.8913119350966,Online,Grocery,US,11,0.6113449709019034,0.08390607782321138,0
1542,409,202.28138011613578,ATM,Travel,TR,20,0.16622796593989414,0.03798667196131826,0
9073,378,437.15260975369375,Online,Electronics,US,6,0.1955267433299306,0.05104118810438665,0
2909,809,1.9693412252852447,Online,Grocery,FR,7,0.09444937280901788,0.039326328170449204,0
8959,356,13.213849422435864,POS,Clothing,UK,21,0.004391884916679619,0.1722789117629703,0
7079,213,574.6857072623023,Online,Clothing,UK,12,0.15995428851232438,0.14390005037819859,0
7918,210,50.27584652496982,POS,Clothing,DE,16,0.19671990342710902,0.00959261423236812,0
6042,414,885.1610861290421,ATM,Food,TR,19,0.13966707396252964,0.39582160221186835,0
8937,932,839.1151240336695,ATM,Travel,FR,1,0.9214498112954509,0.4852176790927158,1
6760,649,37.32367262466745,Online,Electronics,UK,4,0.1232202164746449,0.033497493858807015,0
4837,52,115.40686149745258,QR,Food,DE,4,0.33543142792989306,0.4784393888782774,0
3198,87,452.2510946902274,POS,Electronics,FR,12,0.3337954990961573,0.18904852781069317,0
7705,544,39.564684808797494,POS,Travel,UK,16,0.19285223648934469,0.2682070046863442,0
7558,805,77.06576824434838,POS,Clothing,DE,6,0.14309232980160197,0.2766377312699992,0
8155,665,73.67097012712404,QR,Clothing,DE,13,0.1672347471723532,0.08511367955106612,1
1272,407,656.5905612715309,Online,Grocery,US,21,0.4142540151447448,0.39396343292888353,1
1962,212,19.747013533024695,POS,Food,UK,14,0.32345427693010775,0.24812074636181503,0
6392,802,162.43323639699415,QR,Grocery,DE,14,0.2665501610711114,0.33957729832243283,0
9512,970,70.88603053570938,ATM,Clothing,DE,15,0.12653648660001107,0.07422703505842276,0
1278,855,71.55938471882124,POS,Clothing,TR,10,0.1434002071048598,0.2778181289137272,0
9457,849,599.9977472350427,POS,Electronics,DE,19,0.2492263654601166,0.14431568759481514,0
6630,303,399.17692627811607,POS,Food,TR,20,0.14105196866285458,0.04757602542782042,0
2037,751,24.30730083484711,ATM,Travel,US,19,0.12170038072036869,0.2054268997491468,0
9578,22,88.54212449566491,POS,Grocery,TR,23,0.13767564928225784,0.04398208284235888,0
9227,488,92.4223597738988,QR,Electronics,DE,15,0.14116642617603678,0.15704370507915844,0
3632,497,6.675901632636032,QR,Travel,FR,13,0.014847638788736324,0.12435830797032373,0
8258,577,510.6055740023319,QR,Grocery,FR,15,0.1780090691349555,0.055523327057126,0
2173,824,539.5615080799363,Online,Electronics,DE,21,0.17494449919332866,0.33566966685342353,0
2770,701,37.541064948023624,ATM,Clothing,US,6,0.1284501130897005,0.30442544532967286,0
6948,385,9.264851319407764,ATM,Grocery,UK,22,0.20266525472511268,0.19627936856745914,0
1207,98,226.16064557226596,POS,Electronics,DE,11,0.016998573656130653,0.19179409154845417,0
3705,217,203.85584585034923,POS,Food,TR,9,0.3414373246433378,0.4487693516346453,0
87,525,48.93017944092909,ATM,Clothing,FR,15,0.04424202416278589,0.0665550511889513,0
4335,240,70.70787512206151,POS,Food,US,18,0.2138956025625045,0.2407516623532457,1
1366,290,130.6631149906677,Online,Food,TR,15,0.19858816946137342,0.2897767498322859,0
4310,505,57.07870946341619,QR,Clothing,DE,20,0.2042271074357025,0.14878004125131955,0
7147,104,287.42771242492955,ATM,Food,DE,6,0.49473377328798696,0.21743265182198798,0
9496,47,203.92280318763102,QR,Travel,US,20,0.3529296093280414,0.2802137619434189,0
363,75,201.20035933587565,QR,Electronics,DE,7,0.12029511585421082,0.11923558474403899,0
8741,309,60.96508752737082,ATM,Clothing,FR,1,0.1890671382931421,0.035071081334447946,0
1740,739,367.44712789782,ATM,Electronics,UK,17,0.13292736520912393,0.08951204655171822,0
3421,447,132.55285022760887,ATM,Travel,FR,7,0.31462350148965845,0.5177551861225899,0
9755,839,66.01462829383188,POS,Grocery,US,20,0.037450301421730184,0.08845070728899604,0
3617,537,98.36323348315243,Online,Grocery,FR,22,0.058613491695476076,0.14176682160795717,0
792,679,11.503374594085148,QR,Grocery,FR,15,0.12445818352752402,0.030223935603190862,0
6593,961,111.02085612925369,ATM,Clothing,DE,19,0.5015591943941172,0.4487540492824018,1
1707,531,8.526304258564219,QR,Grocery,US,17,0.03905038687559273,0.22136877715996062,0
3584,281,127.1861030404928,Online,Clothing,DE,15,0.12807307299569884,0.3938861853071256,0
7051,867,159.31853972611736,ATM,Food,TR,10,0.12078407818201234,0.22975165343860335,0
247,23,475.47213981296807,POS,Grocery,TR,15,0.10714571366508649,0.23541295599076467,0
9003,720,93.65075006825421,QR,Travel,US,16,0.08092855225266987,0.042761600969470875,0
5449,669,156.223110325073,ATM,Electronics,FR,15,0.048527215698402966,0.1805740742690994,0
292,524,135.0833060114522,Online,Grocery,TR,11,0.13244020095015036,0.034581227612636545,0
3538,44,74.70760376389678,POS,Grocery,DE,11,0.37046638216870337,0.174732999320404,0
2740,801,116.31337665675338,QR,Grocery,FR,21,0.13318119193270953,0.07231143073164203,0
1305,136,75.63807770875887,Online,Travel,UK,15,0.05133427924637058,0.02772370544609789,0
5977,931,332.34043177138415,ATM,Travel,FR,16,0.3955897730779024,0.3393925132929657,0
2609,617,268.52809423568857,ATM,Grocery,UK,12,0.218120350557881,0.06469671663370889,0
4843,616,81.1386032122231,QR,Electronics,TR,6,0.08218339752103615,0.3985316389057333,0
2672,140,292.05260600153605,QR,Clothing,DE,18,0.34472865588936014,0.21182891811684895,0
1958,769,153.13424240552334,ATM,Electronics,TR,12,0.11153386387396964,0.12122444468778974,0
9182,661,60.63258334074021,Online,Travel,UK,21,0.33839864681689213,0.19193854007213607,0
4624,300,75.71057089051526,POS,Clothing,DE,13,0.2698589380292598,0.2843558641770819,0
9731,57,551.6165416701047,POS,Grocery,UK,17,0.17659824716655798,0.16337309998751906,0
4915,850,11.83745556588647,ATM,Clothing,TR,21,0.28772140555122794,0.1398008404070705,0
728,859,4.499915218987433,POS,Food,US,19,0.035858750684643864,0.08226615849274622,0
5625,212,76.85392773606905,ATM,Clothing,FR,23,0.23119044356160887,0.1798284572834087,0
72,870,44.49766970865442,Online,Grocery,FR,22,0.00835773794440977,0.20333790035811827,0
5737,778,49.13112061479148,Online,Clothing,FR,14,0.2737417853231968,0.008608151144803816,0
6437,296,91.86940267569638,QR,Food,UK,17,0.11343018010307912,0.08796542673028951,0
8186,145,44.361388787651606,Online,Grocery,US,22,0.04853500060214075,0.06571144162395402,0
3901,839,55.964705712480935,POS,Food,UK,13,0.19451027835181064,0.0318394298412279,0
1153,731,30.111464845063935,ATM,Electronics,FR,9,0.09972685963466649,0.07193911049985845,0
6145,121,272.2697644019149,ATM,Electronics,FR,22,0.43019606782534897,0.10003596181061444,0
3601,513,112.1465687788704,POS,Grocery,TR,16,0.1168830628471223,0.07340732972060218,1
3642,777,484.0131955498123,POS,Food,DE,4,0.467939780978741,0.08978131192531656,0
6963,59,55.57434144334216,POS,Electronics,UK,20,0.47553418094969774,0.9996026492679309,0
8199,769,122.83395935355848,Online,Clothing,TR,11,0.12055726957443418,0.18540432131609486,0
3721,749,13.848277330318986,ATM,Travel,UK,21,0.02622816432142179,0.017608782732977123,0
4746,957,361.53458524457056,ATM,Electronics,DE,2,0.2147504947744033,0.12586920678794733,0
6328,193,274.9351068823848,POS,Food,NG,23,0.18413719176634805,0.25756576684228816,0
5141,617,78.25924470499467,QR,Food,DE,12,0.15229120606004024,0.10285399627845003,0
4914,550,474.1343153041269,Online,Clothing,TR,8,0.00659088557042545,0.03854469576364278,0
4839,975,204.399387819836,POS,Food,FR,23,0.10720114520873478,0.03045585306466264,0
4159,984,259.1452756017929,POS,Electronics,FR,10,0.16249840368859442,0.30201899978043684,0
8179,325,564.4512573920059,Online,Clothing,FR,3,0.13661244456938554,0.10610414340522852,0
3633,765,15.735742129598238,ATM,Electronics,FR,15,0.19204927104080516,0.16254337494996304,0
6441,799,160.4228318078392,POS,Travel,DE,16,0.2727522391606252,0.1809975613008514,0
394,110,40.53287107635712,QR,Clothing,FR,14,0.012800766650417116,0.1094420577679045,0
8430,610,56.41124468986601,ATM,Grocery,UK,22,0.06258582713861628,0.3274591805143682,0
2095,11,384.898188000994,POS,Clothing,TR,11,0.1308894519207734,0.045224570363122,0
172,382,415.36178685688395,POS,Clothing,UK,23,0.05131612422563806,0.05282953195810253,0
4354,194,347.12761043746417,POS,Travel,DE,20,0.23941782898291822,0.15334091303522066,0
9324,554,488.9880842988118,POS,Travel,DE,19,0.17269630043605638,0.3681320276812521,0
5158,83,121.73940464405032,QR,Grocery,TR,13,0.03126453821813509,0.5133062019971845,0
6481,832,454.94634436360644,POS,Grocery,US,23,0.4483636308400483,0.1397426603502044,0
9404,835,113.31384035105954,QR,Electronics,TR,17,0.1285403282085101,0.3038053080358804,0
7806,437,1.9033411673366558,Online,Travel,UK,16,0.31551147762803067,0.12266172086276449,0
2571,120,28.035402782214696,POS,Travel,US,2,0.04967016336685058,0.009072853809069286,0
1236,138,147.550705408685,POS,Electronics,UK,14,0.12610113393520633,0.08451465215488195,0
8879,273,15.308447429798518,POS,Grocery,DE,17,0.104515876251974,0.3582072790228906,0
5962,336,347.1967679191236,ATM,Electronics,US,7,0.4915688657107727,0.4794880464851192,0
1797,500,146.10135117540705,ATM,Grocery,FR,4,0.7213003843578915,0.6352384320094618,1
5594,830,122.94268287410897,Online,Food,US,21,0.5608883986318711,0.2437986315364497,0
5371,907,56.74779905052784,QR,Travel,FR,5,0.06732584228604487,0.05754113792645606,0
8835,886,235.56165910516103,POS,Clothing,US,1,0.4983344568034452,0.25089817346536497,0
1620,287,132.4327439267034,QR,Clothing,US,16,0.29869814891525387,0.09631089108832609,0
8048,762,93.56925408426548,ATM,Food,TR,17,0.02419132356968527,0.043284856127376134,0
9041,133,24.673584860123494,Online,Electronics,DE,23,0.007720652137634755,0.10102163270426123,0
2708,614,127.21810887844384,ATM,Clothing,DE,14,0.1887915994925811,0.4237066612066211,0
5298,616,311.1424804739652,ATM,Clothing,UK,17,0.3005627372281756,0.6313738944919601,0
2572,937,436.63904889440545,QR,Clothing,DE,22,0.09356272562697032,0.06832397871303608,0
9261,905,10.186823047463086,POS,Clothing,US,22,0.0292854521204488,0.11957761154591008,0
6634,251,19.512951412491415,QR,Grocery,FR,15,0.0947621712967813,0.1656604096206593,0
256,82,74.73625762903842,ATM,Clothing,FR,23,0.09106119560098991,0.01179480296351864,0
2649,541,61.1194074676722,Online,Clothing,US,11,0.07217681629062532,0.05465716886786962,0
7113,711,64.16399408682142,QR,Electronics,TR,20,0.009151719318837301,0.16755693694176535,0
2630,289,204.70981054630215,ATM,Clothing,FR,19,0.004352830896594674,0.007691335285829244,0
4281,237,29.531577610954166,ATM,Grocery,TR,19,0.007142241433648712,0.21521903946091792,0
9033,968,192.5451909280169,Online,Electronics,UK,6,0.12882313153939462,0.23843440186471063,0
1114,105,159.29166089541656,ATM,Clothing,UK,22,0.39085984047856626,0.10265058913292559,0
2992,55,179.49529729295313,ATM,Electronics,US,5,0.093734549160479,0.04344487323236916,0
26,649,311.1632862451181,Online,Grocery,UK,11,0.27553586882198555,0.2014467525610973,0
4425,136,349.713762038786,POS,Travel,FR,20,0.06372363110424697,0.33946674109157954,0
9659,206,288.5775563548098,POS,Travel,TR,9,0.2892489559555366,0.4818507608371231,1
6145,236,1.7436780403779895,ATM,Clothing,TR,22,0.027107908632746168,0.10581974584722592,0
9212,498,23.685722194178222,QR,Travel,UK,13,0.3442116228962557,0.4461342192168192,0
9167,61,24.381788018830466,ATM,Food,DE,18,0.20844840459288924,0.1476865028171453,0
7486,196,26.577318422748338,Online,Clothing,DE,15,0.36385012353776786,0.08886512269237636,0
5575,339,129.40500853591814,POS,Food,TR,20,0.7288866714824379,0.09599751876507188,0
8379,75,200.68518473560442,ATM,Electronics,US,22,0.03679468650629535,0.17205481918495796,0
8084,390,50.40660115724933,ATM,Travel,US,23,0.051670802219574145,0.4265191291086389,0
5921,193,187.4576471248098,Online,Food,UK,21,0.20765952724348916,0.09854220524784045,0
3029,37,33.33163738713706,Online,Food,FR,12,0.5862434490747072,0.44872807355271827,0
2484,672,27.50310602370219,QR,Electronics,UK,9,0.155828297248304,0.08152327994189937,0
8613,59,41.3486679506006,QR,Clothing,UK,14,0.044175177287848456,0.02730290346708057,0
4025,695,242.41604630988883,QR,Electronics,UK,11,0.17740523129624022,0.014469501732112831,0
5061,458,515.2217473159147,QR,Travel,FR,10,0.1806819803364428,0.5369151431159745,0
5243,597,169.92328624813754,POS,Grocery,TR,3,0.37725908652797824,0.10345967816886381,0
4503,983,411.0511905164203,ATM,Electronics,DE,9,0.06180827195386576,0.3338177250016721,0
3451,718,280.0209400089688,QR,Travel,FR,21,0.17510901024581604,0.31302886386144585,0
9466,756,635.8852906454949,Online,Travel,FR,16,0.1926740112977855,0.057076630152585746,0
7352,21,66.65810142174541,QR,Grocery,UK,21,0.07093334894565344,0.3005908639397783,0
3786,451,36.908249482340295,Online,Grocery,US,5,0.1735012083876721,0.03983033142235518,0
5707,755,36.019473686268974,ATM,Electronics,DE,17,0.6667080812642148,0.12822245637424076,0
830,202,98.78890850794758,QR,Clothing,TR,11,0.8655119837300499,0.12398576124598198,0
2889,118,895.0434146140437,Online,Grocery,US,5,0.31122710946902976,0.4223482684017814,0
8040,824,582.0717196635882,Online,Grocery,DE,12,0.2777200899524152,0.039723352336753746,0
3189,192,12.388723284065891,POS,Grocery,FR,11,0.09150956098801123,0.0260287755170745,0
8539,297,19.79450635347602,Online,Grocery,TR,22,0.2491656707783841,0.09051595029558542,0
5150,479,63.78852057573452,ATM,Electronics,TR,16,0.4188302316159834,0.08081160386580215,0
3541,7,19.13652045424814,POS,Grocery,FR,22,0.209072248395083,0.14163207601279262,0
6008,104,2.684297372503974,ATM,Food,DE,21,0.08474474944285978,0.03494036994062797,0
7339,716,557.1631936424377,Online,Grocery,FR,8,0.13026820455213223,0.7181029109191575,0
3547,578,1029.3262489097478,POS,Food,US,7,0.7807433079698016,0.20929578179454617,1
9200,992,10.987441305176809,Online,Food,US,10,0.22016313705941434,0.08212747627304719,0
1348,941,104.77428646781009,POS,Clothing,US,11,0.10188551528837213,0.09853666139044293,0
7209,143,221.87396010925096,POS,Food,UK,6,0.3666032681370807,0.21176184732506684,0
3055,24,252.9083100480451,Online,Food,TR,2,0.07342076154203793,0.0385724998606147,0
38,915,2.336916046650547,ATM,Travel,US,22,0.010868167170069954,0.2509421538485416,0
105,337,70.1031807391773,POS,Grocery,DE,17,0.29751406530086527,0.17731959800403324,0
7646,681,140.39815742847415,POS,Grocery,TR,7,0.5899681188247279,0.09342162340403633,0
8474,137,308.57310463006127,POS,Clothing,TR,9,0.18487653780826793,0.22148263955102596,0
8472,203,57.074241474679184,Online,Grocery,TR,20,0.15504019909261996,0.2663702885825109,0
2080,237,196.8797005024827,Online,Food,US,16,0.05925627893287362,0.12523890944334862,0
8547,5,396.03618293226697,QR,Travel,UK,7,0.11945460506549195,0.31488694901036746,0
2103,330,715.4696221526535,POS,Travel,TR,23,0.006619280536632662,0.15646891641477598,0
5741,569,354.86063977410856,QR,Grocery,TR,11,0.32716803946403883,0.12373912944076694,0
6711,442,121.17034873068796,POS,Food,US,22,0.46964079657690655,0.017746179734035365,0
4720,789,5.966539981161124,QR,Electronics,DE,14,0.5034103363968171,0.3891660134557117,0
996,181,75.63522648852424,QR,Electronics,FR,1,0.05640819690833959,0.011511220430788564,0
9254,157,158.13158064017261,QR,Grocery,UK,23,0.11147035668033348,0.06207178660479066,1
7328,124,21.220542214668225,Online,Electronics,TR,16,0.014522530739826692,0.24896550632089862,0
8312,725,404.9420445530582,QR,Grocery,DE,12,0.11478848335281844,0.03126226943171471,0
3378,982,2.1146639274797407,ATM,Clothing,FR,17,0.023265818431142546,0.04832670531524632,0
810,235,42.60363098678569,Online,Food,US,12,0.041684582878669094,0.12269913049370602,1
5440,493,308.9910651464877,POS,Travel,UK,3,0.09225474423127814,0.21496951396473815,0
9787,842,160.47667504379635,POS,Clothing,TR,6,0.1680465525391214,0.08441371515634784,0
9975,402,182.08079689309568,ATM,Electronics,FR,21,0.2986432073125924,0.29187104317244605,0
3922,142,75.2163361115402,QR,Electronics,TR,2,0.0852378139747346,0.09181449445525408,0
6127,209,106.5278172518178,QR,Grocery,FR,8,0.03600557448690155,0.16956878816706983,0
3227,191,177.42147745062599,ATM,Food,US,20,0.10645162989321785,0.16182073173439213,0
8828,798,108.71033441399842,ATM,Travel,TR,19,0.3140844817219802,0.2094881861098746,0
9763,810,165.30434609335336,QR,Grocery,US,12,0.04106019386301022,0.32511916497024135,1
9663,267,5.165250755397146,POS,Electronics,US,14,0.005796003622752602,0.05167836902719354,0
4929,370,103.3334389883114,Online,Grocery,TR,5,0.2387936142694196,0.11454745093658254,0
9170,226,1.0997780799065295,ATM,Electronics,DE,23,0.003273881724747233,0.07717880189486229,0
9764,428,729.492811644818,QR,Grocery,TR,13,0.09260868843615236,0.11734201136179735,0
1585,301,3.7612419805364503,POS,Travel,US,7,0.08305794984453413,0.052556396458507605,0
8596,538,153.6771175916037,ATM,Electronics,TR,16,0.31948909340808873,0.07521965873575895,1
6028,742,385.3766756116374,Online,Electronics,TR,8,0.06608228287822761,0.019331300234759773,0
2822,239,2.931480598308778,POS,Grocery,TR,13,0.03784139239988448,0.17616438472868762,0
200,813,44.565212197721515,POS,Travel,DE,10,0.10884456111736934,0.17164259019328781,0
218,68,342.31513712249654,Online,Food,DE,20,0.09469020402916231,0.09178103354351234,0
5214,460,174.21376883622156,Online,Electronics,US,4,0.30774517622252634,0.18525777534110244,0
7611,677,129.26260086076473,Online,Food,US,8,0.14527353556032663,0.139961427661386,0
1910,564,292.0816833292549,POS,Electronics,TR,16,0.16455347117685928,0.08528545423811239,0
6098,490,23.10564778468523,Online,Grocery,UK,9,0.110849953606716,0.013326093022391492,0
2856,40,79.08843366489435,Online,Grocery,US,21,0.119702589709834,0.008753727690340041,0
8509,449,125.28678210304751,POS,Grocery,UK,6,0.5357014335602017,0.08061910782512711,0
7088,258,22.72960183686078,POS,Electronics,UK,13,0.15179205812373667,0.19889334985064805,0
2504,436,25.95964107828357,POS,Electronics,UK,9,0.402306960622656,0.3682200154485348,1
3107,747,28.98739935551363,POS,Grocery,DE,19,0.18471513738395073,0.3554524543275801,0
2170,566,385.7697075662902,POS,Food,FR,19,0.1796818772575017,0.025875603784710464,0
1740,451,528.0270874447287,Online,Grocery,TR,21,0.41988928873492426,0.4766125414601869,0
4658,913,8.770054722902758,Online,Travel,FR,18,0.243028193424974,0.03921931991705154,0
2765,71,47.168349126076116,POS,Food,US,14,0.0009290361690707372,0.16429774149926518,0
9128,552,145.58213370340718,POS,Electronics,UK,17,0.13841227169225576,0.08825670435582496,0
5888,58,17.675004847240416,QR,Electronics,TR,22,0.2516300177508503,0.10322521240193014,0
8106,267,79.52407357028959,QR,Clothing,US,8,0.047434615832578984,0.020588075250873226,0
861,269,7.732659403630657,ATM,Grocery,TR,21,0.09118867851894956,0.06109276577100725,0
8123,962,172.7851720226507,ATM,Electronics,DE,19,0.09621163291194543,0.30266125359512613,0
1378,612,97.27418187342298,ATM,Clothing,UK,20,0.2151980498592969,0.1050365256499813,0
6525,827,43.817366322988015,POS,Grocery,DE,22,0.05213370798699768,0.09775899889460356,0
6655,380,281.6768776867524,POS,Food,FR,16,0.027888929980741307,0.016573689420193022,0
2698,553,255.52073173532295,ATM,Travel,US,21,0.11387008322517099,0.15435157253401602,0
2039,170,385.2966292644463,Online,Electronics,UK,16,0.0038617386620077338,8.804990376776178e-06,0
5184,612,3.1105831812279203,POS,Travel,FR,23,0.4677260422390873,0.1085548267738462,0
5745,608,291.42063166629805,Online,Food,DE,20,0.05832292550797866,0.08825420019424819,0
7602,200,99.3582210908813,ATM,Electronics,FR,16,0.035064435109231795,0.002297764420927482,0
9110,659,130.6692768759279,Online,Food,TR,20,0.01161026308932617,0.04380947918153073,0
4996,753,483.04748418493233,POS,Travel,TR,18,0.4844995626279316,0.1394574944984692,0
3712,561,1.3260289486689312,QR,Travel,US,22,0.04323415998656238,0.046034991387638044,0
9651,53,30.15194727669784,ATM,Food,FR,20,0.031368110969986165,0.20965837572273188,0
7159,553,116.09194404039127,ATM,Travel,US,13,0.10689699836765516,0.12191384629436187,0
7422,334,124.30992440259148,POS,Clothing,TR,21,0.04792568927991133,0.13550238455063868,0
1496,363,47.23181623095709,Online,Electronics,UK,15,0.01593521979466541,0.0054050674956912,0
2833,816,19.29446667718837,ATM,Clothing,DE,22,0.008324141607632804,0.020231477202561063,0
7248,882,2.1788789490605787,ATM,Electronics,US,21,0.07212437812628524,0.10254629381512223,0
3453,59,441.6599339573907,ATM,Clothing,TR,4,0.08057224146829302,0.31358842878415166,0
2972,522,74.4568842953559,Online,Grocery,TR,14,0.06385003740650122,0.11917106140757479,0
6103,757,7.009620420264313,Online,Food,US,21,0.18468946447459259,0.17248802759582987,0
5355,232,182.5049428479283,ATM,Electronics,UK,22,0.10854148592469609,0.07636203083178485,0
9645,917,46.1839070105074,ATM,Food,DE,16,0.18942664100689618,0.11463244238690441,0
769,786,50.48569955448499,ATM,Electronics,UK,20,0.3887470632458858,0.3973621097055575,0
7939,573,758.1333627528018,ATM,Grocery,UK,17,0.3759337536582849,0.18166231878251168,0
5369,133,358.4176636693118,ATM,Grocery,TR,4,0.4166806409781761,0.19144173235398593,0
2425,147,19.00254410017971,Online,Food,FR,17,0.4791831865055066,0.2794568869646353,1
7370,865,66.88692462618873,QR,Travel,US,3,0.18332878134460778,0.0509685867342829,0
680,912,68.77412004902126,Online,Food,DE,10,0.04186219000282257,0.03508022481331294,0
7172,438,79.707976303143,ATM,Grocery,US,13,0.10077805816578927,0.14076616328360803,0
3083,769,107.34132915157637,POS,Grocery,TR,20,0.01839317352904078,0.0630013868669936,0
585,663,194.7097304552597,QR,Travel,TR,22,0.07191040012384729,0.2024927258840557,0
5125,270,45.17426609453795,POS,Electronics,TR,5,0.17380513385114474,0.3486874494858344,0
1249,719,13.765081460586684,POS,Travel,FR,13,0.03625604465666214,0.06588571237317312,0
8299,843,360.1607233939073,Online,Food,UK,21,0.06562148386506457,0.2905773406349125,0
3215,81,31.482141490105004,ATM,Food,FR,15,0.011364871289838244,0.11769295451127036,0
9814,596,117.62360998433874,POS,Food,US,13,0.11238631765747882,0.04745659892384494,0
3842,642,8.660487812100198,QR,Food,DE,16,0.06946878780753983,0.2662611931267016,0
7678,899,172.69748805917376,QR,Travel,UK,22,0.2799726601054663,0.3500172406769483,1
4123,550,74.50126016408754,QR,Electronics,DE,22,0.18658230233960726,0.046663850426975,0
5337,52,73.08645470694108,ATM,Clothing,US,8,0.0655975520272724,0.25589066433277713,0
9439,11,138.95153052525714,QR,Grocery,FR,21,0.04298312229017234,0.2804580314418652,0
667,669,77.29105081101724,Online,Clothing,US,4,0.3871532906287472,0.1901198766408773,0
8420,246,197.30836913579952,POS,Food,FR,15,0.15886896252560975,0.3237760028973163,0
1839,903,221.70664183502006,ATM,Grocery,DE,13,0.32563487186248213,0.6338839064507847,0
6605,206,71.87560551233398,ATM,Clothing,TR,22,0.1644134055034857,0.30998715178251834,0
663,939,513.5896898363384,POS,Clothing,DE,23,0.11445960225567892,0.01640442169486595,0
6651,715,96.22442738416213,POS,Grocery,US,21,0.0400583638055732,0.06151974549234319,0
1958,135,34.51219826456482,Online,Travel,DE,4,0.06796277767109163,0.03853059810479163,0
6183,87,743.0330906640353,POS,Clothing,US,15,0.12486118459900017,0.19664716703160232,0
3685,421,2.317265949220184,Online,Clothing,UK,20,0.02239868356270278,0.0511304634676624,0
1131,97,629.8246703961822,ATM,Electronics,FR,23,0.1180253623377861,0.15111313614426108,0
2930,808,56.459571215897206,ATM,Grocery,FR,4,0.3066431278824888,0.5073011209122474,0
5145,498,172.99661209142775,QR,Electronics,US,22,0.23871927532947185,0.03500742659821764,0
8824,5,3.9375974433704397,ATM,Clothing,UK,14,0.09989361810250348,0.327053278748555,0
7530,661,107.40878914942087,Online,Travel,FR,4,0.36281471183743125,0.2872710723314023,1
9861,913,162.35803986266228,POS,Grocery,UK,13,0.6090227789876949,0.8269032026890369,0
4738,507,150.7437726916809,ATM,Clothing,FR,7,0.31586504901338225,0.4857914422833064,0
8782,440,85.15004183014877,QR,Grocery,UK,15,0.0901964211241547,0.058116284625320105,0
4309,915,68.7645671294555,ATM,Food,TR,11,0.16655158227888245,0.016145697634054223,0
5780,272,1.9184206718457637,QR,Grocery,TR,19,0.13192539005638335,0.26613678618882114,0
4617,395,191.39727456093817,ATM,Travel,US,22,0.17037076881062196,0.11246803395817204,0
9813,861,180.21246030778462,ATM,Grocery,US,12,0.025744692461962548,0.13761836712510755,0
4759,247,115.82527123802868,ATM,Travel,DE,13,0.29758902315875174,0.5612353806183608,0
403,141,29.571720070691374,ATM,Clothing,UK,22,0.3326836583129395,0.3844285165163379,0
1986,335,49.84278018379655,QR,Travel,DE,2,0.09481021342625116,0.011238389604902334,0
448,558,100.37437362655892,ATM,Clothing,US,23,0.020752862583632944,0.029316164507234458,0
3408,946,397.2583286608698,Online,Electronics,DE,12,0.18842196761596025,0.29440467009783233,0
4150,24,103.16738070888269,QR,Travel,FR,10,0.09645177917625135,0.2561409761266634,0
8888,35,444.38191791243696,ATM,Grocery,DE,14,0.030430318675710406,0.04213685013502423,0
7843,279,7.417406952781868,QR,Clothing,FR,7,0.007425391491380136,0.015294698758893072,0
9570,29,132.9804808720386,ATM,Grocery,US,17,0.01723814780931052,0.04484262958079811,0
9087,239,1.1936355016516855,POS,Travel,FR,19,0.03293305977239997,0.012658291842089907,0
2050,790,171.17648951955184,POS,Travel,US,22,0.12069220555438818,0.1437008978685892,0
6863,75,65.52201219412883,ATM,Grocery,FR,14,0.07589557087298246,0.029809458658453514,0
2525,365,419.3606988649663,POS,Food,DE,19,0.06288301632439292,0.1892233577698466,0
9981,807,107.24902486983157,QR,Travel,TR,6,0.020890193880792277,0.28026480115070657,0
204,412,377.7180916166107,QR,Grocery,UK,20,0.22141712010622128,0.280531751853577,0
9162,34,88.72012012116154,POS,Clothing,FR,23,0.08648421135295088,0.060591770518073775,0
6712,262,8.008473766778387,POS,Clothing,DE,16,0.32636251183539433,0.3308538179760872,0
3967,836,42.32187029375668,POS,Grocery,FR,21,0.1605244976591768,0.3631904888147125,0
1331,124,231.2711485242468,QR,Electronics,TR,11,0.39431267530773906,0.2683016245689292,0
8835,101,638.6577200152129,ATM,Food,FR,21,0.04544210966086606,0.23799369115124586,0
4368,44,1.1267730720015348,ATM,Grocery,US,5,0.1677853683456891,0.1330485916817608,0
6628,72,62.55256654711308,ATM,Food,TR,20,0.4343467544347737,0.41969264226914466,1
261,780,55.093091746045246,Online,Clothing,DE,23,0.08435329403564809,0.007907910179631612,0
7501,385,29.448508588180765,ATM,Travel,DE,17,0.0536078026929721,0.04527206361959479,0
5508,345,30.305705104234825,ATM,Electronics,TR,5,0.12902008965530137,0.19271885248667894,0
3814,297,9.60161076682768,Online,Clothing,TR,21,0.08836234955075241,0.14239769831792104,0
8963,429,569.5746884577064,Online,Food,DE,23,0.2574511070708501,0.36027399911045876,1
6656,663,273.28193890348496,QR,Clothing,UK,16,0.06522331382366359,0.12485075549973605,0
8298,855,433.4146485480979,POS,Electronics,US,23,0.21172689042107257,0.002615741677550184,0
212,70,592.7190167040649,POS,Electronics,FR,13,0.06469731283851429,0.04613740360310126,0
2900,53,76.0213810471785,Online,Food,DE,21,0.7778947799036537,0.3821728100851358,0
290,467,555.9547312102541,POS,Food,US,9,0.17869687865758752,0.4221284988653859,0
5135,725,300.6970214846732,ATM,Clothing,US,19,0.3548129181014284,0.16578858120138712,0
7084,457,563.9219093128821,ATM,Electronics,TR,22,0.1962209255703549,0.17941211196092796,0
3039,686,52.8728037133146,POS,Clothing,FR,14,0.053294316121232456,0.12386147205279975,0
6469,547,345.8636071531388,QR,Clothing,FR,18,0.11163288457352251,0.014912825800893034,0
4104,264,1.6867088675553805,ATM,Food,UK,18,0.08336775211742568,0.0034014571059550382,0
327,70,188.74280548662801,ATM,Travel,FR,8,0.28855860100853076,0.04748902872733485,1
5919,641,207.7765700056545,Online,Grocery,FR,7,0.1900490883300422,0.07766102790982177,0
9241,813,103.05499727307895,POS,Travel,FR,13,0.14252471496640817,0.23962452878785587,0
6518,375,994.6605389049062,ATM,Travel,FR,15,0.32205130060371123,0.40419265492542533,0
6905,168,1054.4533501268538,Online,Food,US,3,0.2674242928085169,0.42534718528808824,0
1454,515,34.70109930692188,ATM,Food,TR,14,0.049377706424271896,0.028228863174601684,0
3004,854,160.76837539620138,Online,Food,TR,15,0.11713480022622912,0.3250981864920527,0
5282,686,11.125752400054509,Online,Grocery,US,16,0.0066448338670164085,0.05279992367577263,0
5960,280,35.14506255187129,ATM,Clothing,TR,22,0.08271306028138259,0.6740535129625385,0
6936,266,288.14979641147033,Online,Food,UK,11,0.08668544594780253,0.04848330086684684,0
2361,795,70.79716554694585,POS,Food,TR,14,0.005755199956022639,0.10156089418795701,0
1211,281,75.48513523614182,Online,Grocery,TR,22,0.23688577444219955,0.03190926542617212,0
1316,370,382.36907438254207,ATM,Clothing,DE,17,0.09737148879719495,0.038616413007166686,0
8093,773,42.98452080857831,POS,Grocery,US,22,0.0453290081038576,0.05693840628852211,0
8246,707,229.13615367906044,ATM,Clothing,UK,15,0.10004993289680007,0.5152658504493418,0
4047,742,631.7916881182823,ATM,Travel,DE,2,0.2509280606116383,0.3117227771769968,0
54,82,224.9293891683365,ATM,Travel,TR,19,0.11635994091981483,0.0858297570493217,0
2884,125,100.40747694909567,ATM,Food,TR,18,0.2091557381506106,0.17632009254171258,1
4199,577,44.22197487130012,QR,Grocery,FR,22,0.047509917296277404,0.0780570851400736,0
2135,81,14.18574889086559,QR,Travel,DE,13,0.043993806572331366,0.07577490582006423,0
7620,702,6.753427104254974,QR,Food,UK,22,0.1584682584205756,0.0640085761884537,0
789,2,221.2693990815322,POS,Grocery,US,11,0.5349037798081762,0.36434851071227836,0
4833,187,8.93235053884712,Online,Grocery,UK,17,0.05803646030741121,0.0912111393311433,0
635,167,234.6277156832921,POS,Clothing,US,16,0.11222847944706514,0.16180315817289487,1
4447,196,13.348157136538122,Online,Travel,UK,22,0.04339783080327826,0.5052748695951119,0
7049,678,247.9857733077515,QR,Electronics,FR,3,0.26508557511306813,0.22870113633921055,0
7894,877,23.481811098784227,ATM,Travel,TR,16,0.03210655648350774,0.06368744789417488,0
6871,281,72.14178559581862,Online,Electronics,FR,9,0.08533010948705337,0.1477683304420412,1
9946,991,17.947872879219606,POS,Electronics,TR,13,0.10710426105359844,0.07686638000399089,0
8883,810,106.42641800103152,Online,Food,US,8,0.044138175104464675,0.1918985076199359,0
7121,752,499.3535112698782,POS,Travel,US,18,0.0938803018630401,0.3795002295056351,0
612,818,198.5723679247437,Online,Food,TR,11,0.04130681991299497,0.42890785427448586,0
4960,557,121.88493865155269,ATM,Electronics,FR,21,0.4789201404767875,0.4638207476504475,0
1586,826,159.64569676077954,Online,Electronics,DE,16,0.3189404820594986,0.4375607883371254,0
7408,552,203.70285333260435,Online,Clothing,TR,9,0.11277635848746032,0.12511304026185407,0
8810,980,150.02851325153935,Online,Travel,US,17,0.03138073569246295,0.11444201698362942,0
5527,204,7.195140827442,POS,Travel,TR,2,0.10356507514829998,0.044348779526829474,0
8494,860,11.416574596691197,POS,Food,TR,18,0.21759014239810506,0.22176889690743948,0
4951,83,34.783122597801906,ATM,Clothing,FR,21,0.09805174370499009,0.22982423727571327,0
5506,257,29.957862750589488,Online,Clothing,US,13,0.07581364466668152,0.3106820128367694,0
5575,526,200.04084501629194,QR,Travel,FR,15,0.1731882802140518,0.08515627479916511,0
1278,336,11.546929782590672,POS,Food,US,7,0.06498923535016607,0.047054487256341024,0
7062,247,36.398325046821014,QR,Clothing,TR,3,0.18086380722275597,0.20672542550765724,0
5933,915,1.568720908266263,POS,Grocery,US,14,0.050464210589960964,0.03946806187369779,0
3719,673,4.120364925381332,Online,Grocery,DE,10,0.053768778611212036,0.03534058217990034,0
2307,371,324.77277779256985,Online,Travel,DE,21,0.20273870172734362,0.4809479235316631,0
6966,680,53.774373806751356,Online,Grocery,US,16,0.20138937116764574,0.09848801437934346,0
631,963,56.91859352077557,ATM,Food,UK,18,0.4538512270902591,0.19950199149038902,0
3705,395,351.2915963539935,ATM,Grocery,FR,17,0.07924587663332847,0.05476141783147794,0
3984,288,225.3688389290971,ATM,Travel,US,6,0.11266147146605864,0.25896894363055767,0
4769,65,8.722068939816333,POS,Electronics,UK,21,0.15528767489163567,0.08402691459871285,0
1591,991,90.10883122724586,ATM,Travel,TR,12,0.14433566143742588,0.2655249479362327,0
9476,893,8.728297255908208,ATM,Electronics,US,22,0.28553534259718205,0.08465591310548269,0
9267,734,26.29571748623441,POS,Travel,DE,17,0.19343517132132917,0.07202686596980423,0
6804,37,150.43124023029273,POS,Clothing,US,23,0.04326574186194144,0.24948725106071568,0
4697,17,75.77490329453629,Online,Travel,TR,21,0.28942135999014823,0.21101068565585349,0
7278,616,312.92577440758384,ATM,Grocery,FR,11,0.09029810180259383,0.8652239285828188,0
844,529,14.102491220720903,POS,Electronics,US,18,0.003274154341868985,8.804990376776178e-06,0
9288,514,332.68186643989003,POS,Clothing,FR,23,0.31629644793334,0.0491862882734584,0
3923,651,123.92170666535588,POS,Food,US,16,0.11330312947742677,0.10912712370950037,0
283,822,45.42540053563378,POS,Travel,UK,14,0.02890961489220919,0.036662721365888384,0
2529,916,95.3433040314538,QR,Grocery,US,22,0.008725534282909281,0.06269966390313096,0
5446,415,294.17805083315466,Online,Grocery,UK,22,0.10750697544918446,0.20776785614194473,0
1814,576,255.9291024966183,QR,Food,DE,12,0.1663755803257614,0.223673602679693,0
7453,100,55.06080976404954,Online,Electronics,NG,14,0.25114695954090016,0.45700805561022934,0
7402,537,16.12019234417822,POS,Electronics,UK,16,0.09197011715015954,0.21368677352114332,0
2608,558,102.25196927884886,QR,Travel,UK,8,0.07259357072504388,0.15104126256086747,0
7185,760,38.25838218325733,Online,Food,US,10,0.016805426923803147,0.052791444633095666,0
757,719,250.26788821349493,ATM,Food,UK,16,0.1400268168497369,0.08470915620418239,0
1908,418,2.759299307723661,POS,Grocery,UK,5,0.0026576499351953393,0.009485943110458857,0
4471,91,23.522773704481885,ATM,Electronics,TR,3,0.0005031365285420048,0.3455395916496219,1
4126,414,1006.037803412351,Online,Electronics,DE,18,0.194365756428022,0.1997254762753518,0
7449,323,39.41498899138134,QR,Travel,TR,16,0.015489489546295037,0.021253699189775446,0
9099,797,421.18404868175764,ATM,Clothing,US,22,0.13118029428221742,0.06761949836655459,0
6152,180,7.9988902368237085,POS,Food,FR,22,0.26615399997542644,0.029825904538053737,0
9274,910,14.366496737032053,ATM,Grocery,DE,20,0.06358539155984562,0.08847247952709636,0
554,924,62.26042095511097,QR,Travel,DE,15,0.16913376086422086,0.236509954727867,0
4073,30,15.155751384186452,ATM,Clothing,DE,19,0.0770036544755352,0.1323901150169672,0
7772,129,8.209059806814658,ATM,Food,US,21,0.12770996281088468,0.03344594522612028,0
2970,421,56.48942025904552,ATM,Travel,TR,6,0.04676664780119658,0.09454902802972322,0
5965,50,143.6695016269358,ATM,Food,US,1,0.25786734147916374,0.18738553465886662,0
239,116,15.77537817403761,ATM,Grocery,US,11,0.21345410946108687,0.08538025243590358,0
8989,537,31.766419998246942,Online,Grocery,US,7,0.3014404977781512,0.0849471791556796,0
7404,979,15.526453129066919,POS,Clothing,FR,8,0.3870346562945775,0.19773604346984833,0
3258,11,30.71684930747742,ATM,Travel,US,14,0.13112763634777538,0.26188757362905746,0
5625,535,74.85836971707789,Online,Grocery,US,7,0.12735265871864815,0.16545728791650333,0
1962,38,325.7962912257901,POS,Travel,FR,20,0.06417667497085781,0.30974072114759854,0
7860,236,188.05897921521574,POS,Travel,TR,15,0.14513178227760934,0.2825966910392796,0
1443,403,117.60665526295624,POS,Clothing,FR,12,0.6382162240997971,0.5766759983285829,0
5037,660,134.95710382705747,POS,Food,FR,22,0.0797245762124672,0.288888977648373,0
7808,588,89.6876825798003,Online,Electronics,TR,16,0.04396462974975636,0.008309910877918592,0
2828,837,16.01254598577479,QR,Travel,UK,19,0.03026470376302382,0.11210038947186084,0
5050,892,5.1488517318291755,POS,Travel,US,17,0.12566108205839163,0.09423988959173575,0
9299,203,58.95067778119428,Online,Electronics,FR,9,0.2112251730500456,0.47463391722542536,0
7891,162,10.06796064217228,ATM,Grocery,US,19,0.12506597226688482,0.14205559154610217,0
6085,313,2.4795118443534743,Online,Grocery,DE,18,0.030643147605272918,0.0863814936729931,0
8975,276,4.792495573009725,Online,Electronics,DE,18,0.07478915276150798,0.26410177919393246,0
8884,554,10.089147778103598,QR,Electronics,US,19,0.07755910461160019,0.018542207835497405,0
8084,532,447.5164278046493,POS,Grocery,DE,20,0.013660221210351191,0.33100664558969256,0
71,465,22.89627364934044,Online,Travel,US,9,0.14010630434010346,0.012278206702500849,0
9203,559,4.774083000251233,Online,Food,UK,15,0.18955720207878174,0.19113625864153372,0
7450,898,207.8392411521045,Online,Grocery,TR,17,0.14604735582245482,0.11500772031425996,0
7218,441,93.94373436282372,POS,Electronics,FR,17,0.07551390169663309,0.15686816723732241,0
6479,987,198.75030757440993,QR,Grocery,US,9,0.03249341366004737,0.05486755535971795,0
7074,117,28.405828450115873,Online,Clothing,US,18,0.04435459555933682,0.17113685843740803,0
5248,95,104.49106469406604,QR,Travel,TR,16,0.3710620374675342,0.27757129860002683,0
8298,986,180.16411366851045,QR,Clothing,US,11,0.4356369899779508,0.33922623012656766,0
6762,226,100.63477857588084,Online,Travel,TR,9,0.3079496116833859,0.35627000762309685,0
972,574,29.406014832124335,POS,Food,TR,6,0.26705182551507417,0.8711878010345491,1
829,400,402.8102350003653,ATM,Grocery,DE,12,0.03916232184115763,0.26321407548040304,0
2733,874,6.800972091091123,QR,Grocery,US,18,0.08411199723194568,0.15603910102494986,0
7254,690,38.03430181896905,Online,Electronics,FR,21,0.10194488266719312,0.07900291531725355,0
4361,367,23.091927160186813,ATM,Food,TR,20,0.016528404103590574,0.033399162216581124,0
3749,766,83.30716825861592,Online,Clothing,UK,20,0.5684446390657603,0.25568930322698485,1
1439,856,129.95411618692435,QR,Travel,DE,11,0.48174456046001757,0.4797079136614393,0
8096,149,16.011016902197056,QR,Electronics,US,16,0.03137881249602556,0.06893311035320114,0
8710,589,7.561921567977766,QR,Electronics,UK,14,0.050201737045758525,0.01535473134277543,0
536,665,86.78941126413949,QR,Food,US,17,0.014774934744399594,0.23915213190091744,0
3992,835,56.04029068212272,Online,Clothing,US,21,0.03635479517981007,0.2582033749404651,0
2594,782,6.541273623745001,ATM,Grocery,FR,12,0.043310690317198926,0.07138045108408723,0
1718,498,131.20301749769558,ATM,Travel,DE,11,0.07202216336695517,0.08041193464787777,0
637,111,133.02762823904192,ATM,Food,DE,5,0.2512207233095769,0.3074115948014699,0
8224,474,340.57180186212736,POS,Electronics,DE,23,0.3536614958698425,0.08160816175227927,0
6921,880,457.3538971575304,ATM,Clothing,US,13,0.13253624237556277,0.18614514274653948,0
6805,172,37.75787261522699,ATM,Food,TR,21,0.12555870201535413,0.044635477911912094,0
9850,305,73.84578341331277,QR,Clothing,US,21,0.29543478756413855,0.1708581013345359,0
3940,687,282.3578933243064,POS,Travel,US,20,0.2606645388664324,0.21598334210827555,0
7533,530,53.04704871208067,POS,Grocery,TR,13,0.27086434571203316,0.10700827773826017,0
6811,977,6.645688713877353,ATM,Electronics,UK,23,0.08608085247624717,0.3128407585229816,0
3309,37,303.7190702294379,POS,Travel,FR,19,0.19519285281075635,0.3141406275943517,1
233,588,12.84136582483942,POS,Electronics,US,15,0.5606070354419418,0.09448483710530926,0
6474,111,174.34666730818384,Online,Grocery,FR,6,0.07054505859625732,0.17608469082040507,0
1059,752,410.1660070791432,Online,Travel,UK,12,0.6755421744117434,0.42360097615143755,1
1555,135,345.6888696362121,Online,Grocery,US,16,0.1799463372970347,0.005269378375292818,0
4045,230,66.02374813948792,Online,Food,DE,13,0.05272663768068921,0.21083792855601136,0
8907,951,13.544409494432072,POS,Travel,DE,8,0.03416878812241898,0.009457596582561595,0
3742,568,106.75137063481496,QR,Clothing,UK,15,0.09866433416198032,0.10401264812075652,0
2746,877,64.10840574749928,QR,Clothing,US,23,0.04267242838012217,0.09656173071818348,0
7558,865,22.909671516822858,QR,Grocery,UK,18,0.281673029478712,0.08240467350970128,0
8078,823,2.32157762747945,Online,Travel,UK,18,0.12354672491115765,0.0032239914608765486,0
3616,12,32.618922124901545,Online,Food,US,17,0.08311378749890061,0.4323365265893223,0
8157,955,22.130274980996607,POS,Electronics,FR,20,0.08302284313243447,0.0904694775477047,0
3341,282,278.514883379447,POS,Grocery,FR,17,0.1220692285780891,0.1282128328007033,0
1217,120,44.50718128337471,POS,Electronics,DE,10,0.029244526405621196,0.015163780292583827,0
4496,971,2.747848395376915,QR,Electronics,TR,13,0.0066257205196544825,0.06645751418456916,0
1827,7,66.81893655520616,ATM,Electronics,US,17,0.3572570755039963,0.15638634562125814,0
9995,59,39.41496682131511,ATM,Travel,US,3,0.11285959762370133,0.28414889916004865,0
5796,954,201.7879973500281,POS,Clothing,UK,10,0.09981921156897303,0.14387855548566347,0
4117,247,5.152802191139138,QR,Electronics,FR,13,0.0846059628488097,0.045240684946278656,0
9860,351,337.91335443610024,ATM,Travel,TR,19,0.1758292744145294,0.300786863019804,0
8118,578,22.793646980090575,QR,Travel,US,17,0.13270558995915915,0.3434142864025522,0
2495,451,48.76117532344194,ATM,Clothing,UK,17,0.03231975440214744,0.008924592329777173,0
9888,950,726.1456851478828,QR,Travel,DE,19,0.19048856524579968,0.22115223046741933,0
3678,206,4.270884431098069,QR,Food,US,19,0.036644994676710556,0.13249006472077632,0
7033,300,471.7818847679217,POS,Clothing,DE,8,0.029473125577985967,0.2734637404581863,0
5672,149,13.076085368256248,Online,Clothing,US,14,0.22488826296647993,0.1814806722007267,0
8916,157,2.9524137922052276,POS,Food,DE,21,0.019681753060851678,0.043599085887580345,0
3782,74,219.57642596256693,ATM,Food,US,17,0.23450654222676703,0.0588188776214188,0
1584,101,80.07160465601405,Online,Travel,DE,14,0.07394191712669744,0.047433745843328164,0
6763,529,63.2216059585131,Online,Grocery,FR,10,0.22037903101234618,0.4513402926054434,0
7090,320,81.62510901144016,QR,Food,FR,11,0.006798144181830402,0.025257914713158237,0
3936,102,542.6881405285247,Online,Electronics,TR,8,0.011214822584622936,0.05685908888967065,0
9299,30,444.5311828436401,Online,Grocery,FR,13,0.2076292133791865,0.30851353447911695,0
9770,268,1.0078665296004616,Online,Electronics,US,11,0.004576757394097357,0.031199456540365468,0
7794,925,340.30779142913383,QR,Clothing,DE,22,0.2835393272034722,0.5139127165895565,0
4379,485,157.1621533901518,POS,Electronics,NG,20,0.15094478684747648,0.24073687552847906,0
7120,180,22.871226041015554,ATM,Clothing,UK,23,0.010834828609547755,0.0032801560586722548,0
7892,588,113.97805739306602,QR,Food,DE,8,0.1018375464530395,0.09283976831211709,0
7776,909,1.1677602517255063,Online,Travel,DE,9,0.1344851157244334,0.0777110176825518,0
2968,587,87.09846080464243,QR,Grocery,DE,23,0.11181611376239119,0.046602154927761416,0
5471,809,200.7493336884467,ATM,Clothing,UK,14,0.11565102553024645,0.02006713588149618,0
9033,623,79.96361355715388,Online,Electronics,US,10,0.23644227731414794,0.3310234837041388,0
9219,848,264.37335621985346,ATM,Clothing,FR,21,0.035859773179055976,0.010080495804294386,0
769,753,6.445255117043781,Online,Travel,FR,21,0.15287664209946472,0.41967221675359767,0
4528,48,75.81412052316723,POS,Clothing,DE,16,0.6325605677708009,0.22027297438937216,0
5711,396,135.17785831292755,QR,Grocery,US,21,0.40604796948001426,0.22484906743070146,0
2144,694,484.20498620987405,ATM,Travel,DE,23,0.19864730079973147,0.16515077430834388,0
5082,501,183.44775955945698,Online,Food,TR,10,0.7747393217798587,0.044170359151826016,0
85,440,721.660932888031,QR,Grocery,TR,20,0.37964410621113465,0.24335495492281772,0
758,834,7.141720124298712,ATM,Grocery,UK,11,0.03624800928997784,0.4395544419697652,0
4012,587,46.81774733522378,Online,Food,DE,17,0.1770762681538959,0.19901166256754382,0
4636,652,71.89750866440801,ATM,Grocery,US,22,0.06346452571984794,0.1797594741059826,0
9241,111,129.62426052190952,POS,Electronics,US,6,0.09867712520161694,0.15926015272601324,0
3995,74,94.77434234377981,POS,Grocery,NG,13,0.3786507986077914,0.26455821039174293,0
1919,710,205.79469422338727,POS,Travel,UK,14,0.025176417431194406,0.06364636192094512,0
7956,143,113.64783909409513,Online,Electronics,TR,19,0.23331815666596734,0.3388587694293164,0
2559,418,269.26393900147,QR,Grocery,DE,21,0.20069639993900018,0.4785762180723165,0
5823,968,212.51017811538324,ATM,Electronics,US,21,0.20631273450471727,0.03775421888969816,0
8938,864,451.4242099408055,QR,Electronics,TR,19,0.27075773214458554,0.08274923579018346,0
4332,236,127.066588986327,QR,Electronics,UK,18,0.3168226986188102,0.28094636343745405,0
956,179,232.50120851087027,POS,Food,US,21,0.1460734169842066,0.05411290186437286,0
571,780,72.98256810062965,Online,Travel,UK,7,0.28123318598494434,0.13750066258740024,0
9145,752,5.743561943364959,POS,Travel,DE,16,0.07926265879546614,0.08546817976106576,0
9844,103,116.51197969033657,ATM,Electronics,FR,21,0.31250365028458726,0.27809328728074884,0
3998,558,55.023940343622336,QR,Travel,US,16,0.12420185267226706,0.04789029931746241,0
9310,361,21.70395217441784,POS,Food,DE,13,0.17443610955705255,0.2932304249575077,1
708,102,11.848500093177707,Online,Food,FR,5,0.09628037435945565,0.15043120152254752,0
3578,582,5.5334302257136185,POS,Travel,UK,19,0.03171922196088894,0.15423822645361007,0
7231,4,322.7576310876799,QR,Grocery,US,6,0.08761481742940008,0.011752200011188253,0
5790,729,2.4338251048832964,QR,Food,UK,19,0.006870595433908872,0.014459548585091943,0
686,779,33.57167229029282,ATM,Grocery,DE,11,0.10343289801105486,0.32656111611459626,0
9586,743,340.81819598761695,QR,Electronics,UK,17,0.08966756337921146,0.3942467526937682,0
7777,43,32.765729336649144,QR,Electronics,UK,7,0.20456682164133974,0.16725202930690627,0
725,99,320.8902656356362,POS,Clothing,UK,8,0.2118339104844936,0.4945705777909027,0
8632,578,3.3840372692303604,Online,Travel,DE,13,0.015045874916707157,0.021500880554694502,0
3257,511,10.810754456220108,QR,Clothing,UK,14,0.11643685084291965,0.05321208162300701,0
9097,675,1.8378475636267444,Online,Food,UK,22,0.17867903278652705,0.01951932205227131,0
3824,433,728.0001741012761,QR,Food,FR,11,0.1644680648877225,0.49171732954612346,0
577,988,259.6125876523782,ATM,Electronics,TR,7,0.19212619861930888,0.09441805350752573,0
6399,433,8.047986268850545,POS,Travel,UK,13,0.05798315031831872,0.0075425734624379554,0
1476,306,6.324261808077492,Online,Grocery,DE,21,0.0059618093023830615,0.08841442425223639,0
247,560,1.869451041771484,POS,Travel,DE,10,0.06773833773144448,0.06997040440351539,0
3037,603,34.724109409566715,Online,Electronics,US,14,0.06934218146405596,0.11703976510838904,0
5620,565,21.44539859097102,Online,Food,DE,15,0.29471063704043904,0.20291501521555907,0
976,443,717.5794301454825,POS,Clothing,FR,7,0.19237062429078455,0.22222895813915325,0
6701,946,136.89628546140523,QR,Clothing,TR,6,0.007053118100666116,0.2318697391369672,0
7616,618,13.494447230804594,QR,Food,DE,22,0.026771466905323105,0.15046070816224225,0
3509,234,150.58246208679878,QR,Travel,DE,23,0.258713779424228,0.7586289586591943,0
2774,575,181.74139409225597,POS,Travel,US,13,0.08815576834629031,0.09377578743488948,0
34,650,45.69252545148529,Online,Clothing,UK,14,0.5148333510906374,0.11131868306475215,0
8296,775,42.44372404298497,Online,Clothing,TR,19,0.08084684077134802,0.06361064983092134,0
9182,319,951.2800593588056,POS,Food,DE,11,0.674763666677209,0.9996026492679309,0
8814,804,11.786043719594351,QR,Food,FR,20,0.014826014571608401,0.24063875481315886,0
3357,823,92.7804591794348,QR,Clothing,US,19,0.2649421471158973,0.04331206455954951,0
7752,52,195.8726190084612,Online,Travel,FR,22,0.19674121095600147,0.030501052040576248,1
240,529,131.7397071559863,POS,Food,TR,16,0.3692046715648566,0.10806728997708605,0
8104,979,132.2597547716758,POS,Electronics,FR,16,0.34254957627841276,0.3403713802115571,0
532,508,350.4513266579778,POS,Clothing,TR,11,0.0856490802154793,0.08881414572448447,0
3415,533,166.77429939980757,ATM,Electronics,DE,15,0.21126897620252982,0.24564894532461165,0
3943,868,96.94968039672325,ATM,Electronics,DE,17,0.06501675980747468,0.033139917409202656,0
272,738,108.55077051458326,ATM,Electronics,UK,12,0.1503966906001938,0.025134406401500657,0
6531,667,92.26532513622008,ATM,Food,DE,20,0.2490974361411932,0.14195660985625574,0
7155,753,564.8900871902224,Online,Electronics,UK,9,0.4627472481385287,0.2563149400680572,0
7617,142,5.17713030776784,QR,Food,US,9,0.06133327753258036,0.09335427928571849,0
9787,916,70.19996973054873,ATM,Electronics,TR,15,0.1130972307085664,0.06636595132633975,0
9986,656,522.8378756788354,QR,Clothing,FR,21,0.41301326635237245,0.06321818070484897,0
3810,12,86.46563079669748,POS,Travel,DE,9,0.16151331878165898,0.19668787201750976,0
2344,196,322.7933103162566,Online,Electronics,FR,2,0.24646593932935237,0.15425205334624154,0
2272,826,13.476699759349206,POS,Travel,TR,3,0.10421882939924473,0.2576544879720106,0
3670,690,134.2016327514,POS,Grocery,US,21,0.18061095055674756,0.035773597062248697,0
5016,652,595.1468847102957,POS,Clothing,UK,19,0.2547616499819559,0.29798682014690026,0
302,418,351.8597443763615,POS,Electronics,DE,12,0.1883056727716966,0.44346171316291977,0
7994,380,230.2669409602889,POS,Food,FR,10,0.04574562900288587,0.011064764388872259,0
7972,454,27.278762418116884,Online,Travel,FR,8,0.2579265227882353,0.13026449286747185,0
9477,786,65.41966285520972,Online,Food,TR,22,0.08568093989424741,0.3264997727384079,0
9659,89,39.703564604485706,POS,Electronics,TR,16,0.025363967949876786,0.16151563558623605,0
1582,794,127.90849924294606,POS,Electronics,FR,19,0.2749810274290233,0.19047231577655543,1
1652,286,6.793093837758447,QR,Food,US,11,0.039413688016722195,0.07366607305562706,0
7617,420,25.451976531344044,Online,Travel,TR,17,0.09231813221865026,0.02858662234115687,0
4692,698,128.27261941940944,Online,Travel,DE,19,0.26883776644459195,0.32960442707237747,0
2393,936,41.611314345318505,QR,Clothing,TR,16,0.10176684103175893,0.11422699708082396,0
2108,297,609.7230186267153,ATM,Travel,FR,6,0.1707883640221294,0.10369784331385465,0
6200,514,161.03311982594266,POS,Grocery,US,21,0.10320295868681267,0.017962300343941986,0
2682,375,40.23828680476119,ATM,Food,TR,23,0.0012344084298836792,0.07536339535394072,0
1589,249,122.23330013886591,Online,Electronics,FR,20,0.8083916776526033,0.0812320322632973,0
7462,146,7.405353337559635,POS,Electronics,UK,3,0.12304433457661688,0.03912727986919439,0
5737,136,252.8727509038942,Online,Grocery,US,10,0.1232304730008023,0.5034597101891211,0
4321,383,8.26288745431587,ATM,Electronics,UK,7,0.2568111131657035,0.41899657246728533,1
5029,136,5.4749780272232,ATM,Food,US,8,0.20747171827389366,0.02766089982914543,0
1414,239,259.61886654150885,QR,Travel,FR,17,0.5769257021003683,0.30947736335395426,0
664,605,29.175303632282997,ATM,Clothing,UK,8,0.3013612780050248,0.29220952531678474,0
2948,645,181.09981666208404,POS,Grocery,FR,12,0.10771569188743202,0.12946521052606377,0
7597,55,70.51303358768219,ATM,Clothing,US,21,0.05460922442286663,0.11399117098035486,0
8095,105,366.9463568764386,Online,Food,FR,17,0.1752083194912375,0.24754555374574394,0
8387,215,162.921235894884,QR,Grocery,TR,12,0.2939339695936313,0.20150099481310274,0
5858,933,53.548437011804666,ATM,Clothing,UK,16,0.2065704702620446,0.13251439356103958,0
1851,561,17.262164264095112,Online,Food,FR,19,0.38066995704140033,0.061521628398150396,0
8965,119,88.45510842234397,POS,Grocery,UK,19,0.22896002789146022,0.10754838303315142,0
371,221,79.28361470675962,QR,Clothing,UK,11,0.4881867842781535,0.08572971049970494,0
1136,663,14.005379550230433,POS,Travel,US,9,0.1937699284377695,0.050947296126725446,0
8094,424,87.62992630880053,QR,Food,US,3,0.2867948280522691,0.33427609203261527,0
3240,658,103.04405860838787,Online,Food,UK,21,0.0035613053544848714,0.06785709497226207,0
7701,422,315.31943166549024,Online,Clothing,DE,17,0.33505982115831157,0.08518003545680443,0
3649,907,213.52906065809455,POS,Food,US,6,0.27727775670872207,0.717102161109865,0
9316,366,174.96693329272773,Online,Electronics,FR,7,0.2126196168053436,0.34184559784343344,0
9643,577,100.54263856450814,ATM,Food,US,19,0.4236198790498267,0.34205077317776234,1
3677,358,90.31051182056305,QR,Clothing,UK,21,0.055417881416498393,0.09458784345506174,0
1037,399,31.645469631621395,POS,Clothing,DE,15,0.02174376442155635,0.05083785406760244,0
4275,265,165.07325518617827,Online,Travel,DE,11,0.2027134097716299,0.24402751600074607,0
4479,149,26.518283269057484,QR,Food,US,15,0.031310708183694115,0.13422793939391758,0
9114,228,186.8284282589217,POS,Electronics,TR,20,0.07716471305454485,0.6334052151703945,0
4451,293,125.80913668242559,QR,Clothing,UK,10,0.45560128091324853,0.14407370409226525,0
2146,542,11.495935486333531,POS,Food,US,20,0.08739867144735834,0.08823969064237279,0
8411,720,18.072614639593713,POS,Food,TR,22,0.11296293158979347,0.12742107058358468,0
9279,150,383.1375245133827,POS,Electronics,FR,20,0.22563851545183267,0.10710518512039616,0
7743,620,238.80776015715733,POS,Clothing,TR,17,0.4773845686278285,0.3753804933275359,0
4578,201,3.7853371744798827,Online,Travel,UK,22,0.1183055130009196,0.030296212368691403,0
8241,528,3.1180514020258343,POS,Clothing,US,9,0.24151975230618108,0.12258985144641175,0
5332,88,139.46613416578495,Online,Food,TR,14,0.09924143210457623,0.26768028316552644,1
9486,903,15.419031603011693,ATM,Travel,US,21,0.31810261292102,0.0856033924164337,0
8133,57,12.059533563360851,QR,Clothing,TR,17,0.21357182200652317,0.3273909970947882,0
2284,293,33.1227019974262,ATM,Grocery,TR,5,0.08321729312456863,0.07162557244959675,0
822,692,227.5732624683304,Online,Food,FR,9,0.2628459882588154,0.1672308031363312,0
8881,352,369.7950225957228,Online,Food,DE,23,0.21490404876788963,0.2213703314762835,0
8436,508,84.06334525909342,POS,Food,DE,16,0.04436951519267103,0.1631619644444467,0
1358,375,176.59411672286527,Online,Grocery,FR,22,0.21211343475311678,0.13104891314114842,0
1488,999,18.33478824961179,Online,Electronics,NG,11,0.40540838353582476,0.1983429727774162,0
1107,819,294.03305746719735,QR,Travel,US,18,0.16530864494227343,0.0505619121021888,0
1507,93,513.8111811526096,QR,Food,UK,14,0.08444775751536222,0.14776314723566036,0
2367,748,22.778292024178235,ATM,Clothing,UK,2,0.3097755204238011,0.2252696868170759,0
812,48,120.58567597769213,ATM,Food,US,16,0.043718071456413,0.3457185598752627,0
8424,921,19.7676781521783,POS,Travel,UK,11,0.03658646046988557,0.03234536658708181,0
7194,199,4.8883862330941295,ATM,Grocery,UK,20,0.09044794722123989,0.0369785895754308,0
4040,897,9.688861816010629,ATM,Food,UK,12,0.22535089964812435,0.15807130597381916,0
6679,687,180.4808894407766,ATM,Food,US,12,0.17098913973968063,0.08891806589462983,0
3047,411,137.6852671361804,ATM,Electronics,FR,16,0.3622880781955435,0.3829155857281235,0
1246,450,40.63265697253333,ATM,Travel,FR,14,0.8612246479150995,0.017088685950261258,0
1413,515,7.855235305995231,ATM,Clothing,US,12,0.0038252004030301175,0.009280373534879996,0
2913,463,206.31034885931453,QR,Clothing,US,18,0.19616156415191335,0.18630303039018997,0
9234,577,39.75524904899499,QR,Clothing,UK,18,0.10640609479190495,0.49481533326862503,0
7857,490,31.16380185664989,ATM,Clothing,DE,6,0.10277729018545256,0.07218805016757246,0
3462,238,65.62390699290077,QR,Electronics,US,15,0.17440085337335617,0.34628421541838295,0
2798,434,67.25219625415696,POS,Electronics,TR,23,0.02067249165860955,0.011705376011952241,0
8814,90,3.4064227211726616,Online,Travel,FR,12,0.13696319236961932,0.34336085826156465,0
2854,32,22.730858100352787,QR,Food,US,19,0.47825516006341484,0.23665468546162402,0
972,214,156.30310089990977,POS,Food,UK,20,0.19152873230675718,0.5085049877077488,0
6591,343,35.73031273695658,Online,Electronics,FR,15,0.17649972979414946,0.049466714980214245,0
4504,673,126.65874972191399,ATM,Food,TR,10,0.41700876630591743,0.22280966294925492,0
4265,73,134.79506808698986,ATM,Grocery,DE,18,0.3875281382322352,0.3347462472740023,0
7974,300,21.62539049213341,POS,Grocery,TR,6,0.20631439831432657,0.154182676801532,0
5532,460,97.4261889938508,QR,Electronics,UK,19,0.11343156877653003,0.029333799237425927,0
7042,257,573.5173276661807,Online,Grocery,TR,22,0.12370959530580786,0.12731214566733032,0
1483,941,241.28124234227224,QR,Electronics,UK,16,0.11573551029742472,0.17340112144807926,0
1926,730,328.45847525015495,POS,Food,TR,22,0.06737613999046028,0.09280225907411682,0
435,773,517.2394216153482,Online,Electronics,US,11,0.04917842081509098,0.4394904172535943,0
7643,822,87.65072890781457,POS,Clothing,TR,4,0.05286534123998416,0.0349189761950705,0
6703,728,97.36098914821541,QR,Electronics,TR,14,0.0882259933905515,0.08088266546157798,0
941,466,55.620913550084055,QR,Electronics,UK,10,0.003189114674610681,0.24225276284109626,0
4979,164,288.75398873831136,QR,Grocery,TR,12,0.04851931460875679,0.36295271612666263,0
3039,551,209.91444417501043,Online,Electronics,DE,11,0.14274736062794932,0.21314708627562298,0
4222,576,102.13490784631571,QR,Grocery,DE,7,0.1853222595831034,0.17034981403855448,0
1301,246,3.124675372096589,POS,Grocery,US,16,0.2938826245891066,0.12573692217881738,0
9580,87,56.11663928059932,ATM,Travel,DE,20,0.08964601750257299,0.5097344694775938,0
3756,819,498.96568658372865,QR,Grocery,UK,10,0.36794469400557733,0.12802131468998262,0
2796,749,19.543898016814676,ATM,Electronics,TR,22,0.10298469398901905,0.16718598280129335,0
6803,104,289.9195043386711,POS,Grocery,FR,18,0.09771450022997144,0.09377547301854333,0
1894,949,1.5687722145094165,Online,Clothing,US,21,0.027175408221941897,0.030296361562663528,0
7126,378,190.84517166301197,QR,Food,FR,7,0.18913857442004134,0.2255394411191911,0
3068,152,284.23216073865086,ATM,Clothing,FR,11,0.07519370659922661,0.18117552600842765,0
7752,256,82.07156865000661,QR,Electronics,FR,9,0.0865577554839653,0.10927153891644212,0
8760,925,353.05876782408455,QR,Travel,DE,21,0.27324470521054833,0.018246687882878962,0
6783,67,68.13576920690299,POS,Travel,TR,22,0.006519322837128356,0.1599561369074596,0
2593,868,81.96380769637872,ATM,Clothing,NG,9,0.2947202245561622,0.08820669198942525,0
8456,991,627.3531175050857,ATM,Electronics,FR,22,0.12257203064803483,0.01592185826844084,0
9399,415,21.67601618757174,ATM,Clothing,DE,16,0.3665382670616671,0.24752901643048503,0
7023,545,249.20507256908274,QR,Clothing,FR,21,0.1548093479509162,0.9996026492679309,0
7068,883,33.99080207852013,Online,Food,DE,22,0.03929553927674905,0.02560255349000899,0
6278,95,38.08571135722986,ATM,Travel,FR,10,0.14617013205183965,0.1048862745607129,0
441,831,59.113628953235015,POS,Grocery,FR,20,0.3394135350641475,0.17470634131477186,0
1188,49,27.47386643752193,POS,Clothing,TR,16,0.1187111143303021,0.40635444977082813,0
6926,761,103.63831608898188,QR,Electronics,DE,10,0.14947797562857676,0.17749800189146359,0
4663,265,206.01413504632558,ATM,Grocery,DE,8,0.10056642685400416,0.0912221590000056,0
3245,864,35.179653295956705,ATM,Food,TR,11,0.04121597509239968,0.041439331793979496,0
2338,528,260.47514737839754,POS,Grocery,US,16,0.09852692973978767,0.14864758053279037,0
5564,947,97.23868918896233,Online,Grocery,FR,21,0.6095316587845674,0.4350626502831349,1
3633,210,163.99449516041386,POS,Travel,UK,21,0.4050773400571251,0.19761749629599976,0
9298,980,40.79117366320254,ATM,Grocery,UK,23,0.14136336058026602,0.13136110701355044,0
6549,594,476.6927897667541,POS,Food,TR,2,0.27350081948651306,0.5570408186788736,0
568,71,344.5177289349408,POS,Electronics,FR,18,0.19571650410219923,0.3111574975232211,0
5081,540,87.31214923973135,POS,Grocery,US,3,0.034824062524558774,0.11384423880529952,0
6717,514,239.01160170099905,POS,Food,UK,17,0.2828637137648839,0.24274933997100487,0
3053,780,289.16620796730405,ATM,Clothing,NG,18,0.15663323156926523,0.3859323683241131,0
5195,996,7.830848145626055,ATM,Grocery,TR,17,0.08056946662132723,0.06982299385236793,0
9417,374,12.476623928913787,ATM,Travel,FR,20,0.1624105924666476,0.4129516726796778,0
5381,882,745.7305847353223,Online,Travel,TR,16,0.3445202089273389,0.4094623401063091,0
5813,234,337.9619041423126,POS,Grocery,UK,5,0.18855430814889304,0.04507361143763518,0
9105,423,247.23980655306136,Online,Grocery,TR,19,0.14753412972310342,0.04434503712578223,0
9589,35,341.35609837094916,POS,Electronics,US,7,0.5141652711879559,0.0534978576587356,1
5806,325,491.36308281846846,Online,Clothing,FR,18,0.2924108022366605,0.36399814638392514,0
4288,693,521.39672745346,Online,Grocery,TR,19,0.46291578778599535,0.20248181772375146,0
1325,420,67.99361343143842,Online,Food,FR,5,0.34210226729783794,0.06465653664232465,0
7082,691,321.25221123375655,QR,Food,TR,7,0.339405417597287,0.5705200143091864,0
1501,84,9.239074416046092,Online,Electronics,FR,22,0.09482218258932303,0.2232204400458297,0
7784,655,120.40073302404836,POS,Travel,FR,20,0.059552955664662004,0.15996645112009497,0
8777,461,36.98570861905867,Online,Grocery,UK,18,0.607155239944344,0.3383213573325668,0
1439,854,297.33269092877447,POS,Grocery,TR,14,0.04547059074003247,0.08131228081137715,0
9702,300,6.592185711716966,POS,Food,TR,21,0.39885606403094587,0.2700999224669847,1
1049,783,100.51000405381079,ATM,Food,TR,21,0.13424073207749565,0.029562008034769546,0
172,716,372.06359852123774,ATM,Food,TR,19,0.7355470707691387,0.23255873090112653,0
1521,129,114.96274214359708,QR,Travel,UK,22,0.07004966925452735,0.0601527959390255,0
2403,333,755.3078987234657,QR,Food,US,11,0.3352156054282057,0.16958826251235412,0
8318,769,7.415028206128406,ATM,Clothing,TR,8,0.07285366717549074,0.17033513526062263,0
7011,16,91.19284063663846,QR,Food,DE,15,0.03914043110857333,0.12941007876842506,0
7356,188,68.91040351575349,POS,Electronics,TR,19,0.03350402197703171,0.2419473756363273,0
7673,170,62.15230895468235,Online,Grocery,FR,8,0.36042605628828933,0.09029362031287883,0
1311,466,395.6621335881931,ATM,Travel,FR,6,0.22327648940384623,0.19909398578481177,0
695,391,12.154404892647968,POS,Travel,FR,21,0.1799478277847829,0.015444385227506307,0
3132,802,40.89195994407973,Online,Clothing,UK,5,0.24335629115308452,0.11188804758301599,0
5164,626,443.4520553838291,Online,Clothing,TR,21,0.08590654695438261,0.32905805275009015,0
4863,161,10.343015641336955,ATM,Electronics,TR,17,0.04381463824991752,0.24805675555938986,0
9754,269,110.48008163391064,POS,Clothing,UK,15,0.10051894445044035,0.1561289242639313,0
1467,897,3.5532396670467166,Online,Clothing,US,19,0.028288865625021083,0.014625551318510302,0
457,993,6.182935234903826,POS,Clothing,UK,6,0.2078461401250093,0.05167591032302882,0
1040,873,1461.2383968506488,ATM,Grocery,UK,15,0.38002826398973644,0.21683638321817997,0
7430,491,70.56427523837121,ATM,Travel,UK,16,0.26409209665030164,0.2569285888849604,0
9846,230,40.77883208592439,ATM,Food,US,22,0.39059735822926894,0.15490121502096138,0
4068,766,21.643754055156226,POS,Clothing,DE,17,0.2675037535719272,0.004908146154517839,0
3919,695,9.083087229661428,QR,Travel,US,20,0.1702542635090026,0.019676370097598685,0
2615,539,88.03357569385322,Online,Travel,UK,19,0.03277411074222424,0.08707311780478436,0
8700,386,11.429111655359057,QR,Travel,US,7,0.21057634002490516,0.1501384164864937,0
2062,170,598.3773682599422,QR,Grocery,NG,18,0.5329393750469221,0.20350882212175775,0
8278,531,285.8515885416224,Online,Clothing,TR,21,0.10124556397863282,0.2751252293529085,0
7332,512,168.79272290732226,Online,Clothing,DE,6,0.27269425954696136,0.5297145538452247,1
702,24,40.88125116061356,Online,Food,TR,20,0.01759511256223868,0.10695549728230647,0
1801,202,29.536156768700916,ATM,Travel,FR,19,0.2862403877870665,0.13729051272914297,0
1474,910,130.33212804437613,QR,Electronics,US,17,0.08242893468354517,0.05765344302902415,0
4329,846,367.23527383234,Online,Electronics,TR,22,0.06306210978986067,0.09195111856652523,0
7299,687,1.037297697844299,ATM,Food,NG,21,0.016198055634647473,0.017759145247704413,0
301,555,1.9895992593358809,Online,Food,US,12,0.04213653955874879,0.002288510257947467,0
2155,289,112.32524923458776,Online,Travel,DE,23,0.2776164388246204,0.23205071116391845,0
9701,426,113.41273347970964,Online,Food,UK,6,0.2682638962564032,0.06831873224944775,0
8804,133,4.033865622521719,POS,Clothing,DE,20,0.1297440492878057,0.3831960102399183,0
7220,63,31.59608683046808,POS,Grocery,TR,21,0.03471923781511004,0.020435715098954373,0
4199,126,32.840463833289704,POS,Grocery,FR,4,0.6829087300339428,0.18051534771607652,0
3680,726,516.8336145710362,QR,Grocery,US,21,0.15863778367034995,0.03653190193474178,0
5780,64,399.5243451529537,QR,Food,UK,3,0.1396955373162007,0.12848215334313168,0
7232,132,296.89719521493464,Online,Travel,DE,15,0.1712992177508351,0.1608158185035413,0
1988,749,157.2071757090443,POS,Grocery,UK,21,0.033508887079450114,0.008342687996355371,0
1983,912,149.46475657290705,Online,Clothing,US,15,0.1684645429736695,0.09446060485394629,0
8971,863,67.20923236311674,POS,Travel,TR,22,0.11859552769507821,0.09547840725203263,0
9240,366,60.647972594624164,ATM,Electronics,TR,20,0.09350273048283195,0.27571840605320014,0
9552,632,526.4920247760151,POS,Grocery,TR,21,0.6966169427807483,0.18630041151715288,0
1314,499,49.91284525952418,Online,Electronics,TR,21,0.26231784077984277,0.40825361636273266,0
6840,490,42.063281069870484,QR,Travel,US,10,0.1028102085993334,0.28817174418265623,0
2261,12,9.206849459081852,QR,Electronics,US,15,0.11893651513953529,0.017731235287125103,0
5162,698,164.82375506754644,QR,Electronics,UK,7,0.02809559489691477,0.17634092564836334,0
3620,472,23.133759923025515,POS,Food,US,22,0.06082038196379054,0.009761685106610896,0
1444,220,90.58179615861481,Online,Clothing,FR,22,0.37995900370208413,0.08775541408386228,0
3684,899,37.871116198545224,ATM,Grocery,UK,19,0.0461550889045149,0.07211354119129051,0
4201,285,36.45414180392459,Online,Electronics,UK,20,0.11860022011958532,0.10527137836030455,0
6292,564,65.32435006932843,POS,Travel,US,12,0.07833421748624514,0.004192839981804181,0
4203,636,20.71210483961647,QR,Food,US,19,0.049008480318065435,0.06254462653387204,0
7531,125,9.656112070359688,QR,Grocery,FR,22,0.01605923441901273,0.09150607031637618,0
6087,448,43.93625957335936,Online,Electronics,UK,11,0.22093214740277248,0.07775250632509144,0
1906,648,77.1029567360377,POS,Food,TR,9,0.06361607599186533,0.02964080099988453,0
114,627,63.525467440472156,ATM,Electronics,US,22,0.030726284864538572,0.012984273706588563,0
7920,524,26.36979927596398,QR,Grocery,TR,16,0.06939354426595036,0.0331830492104565,0
6077,174,71.98884509268285,Online,Travel,TR,20,0.143282167701276,0.09511830716870476,0
9522,478,318.10308548093644,ATM,Clothing,US,8,0.2134902848770231,0.26983943756614975,0
2161,260,31.99264644112455,QR,Travel,TR,23,0.09250809460098652,0.09580407005358398,0
9485,349,1.0088935849719982,POS,Grocery,TR,15,0.020879194686715966,0.0011228422656971377,0
6904,325,5.435344870687395,POS,Clothing,FR,16,0.04470968291253948,0.1012201724844374,0
4267,574,26.493446359983164,QR,Clothing,DE,21,0.05284607997668734,0.029559070185943104,0
6593,946,27.712046875472552,POS,Clothing,TR,12,0.008477358837586876,0.06606511002178318,0
1098,200,48.03565113110755,ATM,Grocery,FR,11,0.007485201149174617,0.09289821252976407,0
285,965,135.16200066016913,POS,Food,TR,7,0.09902155535999266,0.16759828371401234,0
6457,360,18.922388121762744,POS,Electronics,FR,23,0.02442601555779896,0.05251396937660495,0
1424,705,65.24518063822383,Online,Electronics,FR,8,0.25631539059498376,0.218296563726147,0
4734,316,15.33857153209103,QR,Travel,UK,9,0.010724123059978798,0.15435510150769813,0
2045,938,23.556250972125813,ATM,Travel,US,6,0.06258866923406863,0.08050379273862555,0
3523,768,129.50985237669957,Online,Travel,FR,23,0.08945069260431629,0.18180870211087033,0
7650,312,3.3526738200425554,ATM,Clothing,TR,19,0.20326091269739763,0.014760643559562043,0
6941,762,51.415456862711196,Online,Electronics,FR,23,0.27708769666394034,0.384215781510411,0
1971,803,9.878746600973642,POS,Food,FR,15,0.288532125072914,0.32220843221079226,0
3163,476,354.8481861084393,Online,Food,DE,19,0.15140607347753346,0.03559053772933544,0
110,990,50.27080125100661,Online,Food,UK,23,0.14787584901479955,0.056233158728635387,0
1240,536,196.07746937810037,QR,Grocery,DE,2,0.509400948431728,0.27085967770988534,0
9270,103,84.28619845831855,Online,Electronics,DE,14,0.48880343094188694,0.3182531049410868,0
3210,446,17.37141567538441,ATM,Clothing,FR,12,0.10180657470290706,0.3201728433130068,0
1595,444,186.43287455713036,QR,Grocery,UK,22,0.10981708598011886,0.06683247576583749,0
8490,413,225.54021775854443,ATM,Travel,FR,12,0.3010698090910894,0.036329090049583415,0
1723,364,29.993845996925696,QR,Clothing,FR,20,0.07377287209631817,0.2550067733557285,0
7439,451,200.4966879263911,POS,Electronics,UK,19,0.3159085096990711,0.38067482959826,0
1135,582,33.58561863607183,Online,Food,DE,21,0.08666694040003632,0.03967286957419012,0
2783,203,313.45302776608605,POS,Food,NG,8,0.2647179877740503,0.207322413045777,0
6513,359,36.461178566965174,Online,Clothing,US,13,0.35193965062779003,0.021093342135548136,0
8562,152,68.91376004658011,Online,Grocery,TR,11,0.07085546156580409,0.03134605297313049,0
7513,739,469.06533027917743,Online,Food,FR,19,0.3711866485431494,0.07455715217286382,0
4290,897,160.5203380448727,Online,Clothing,DE,3,0.46163901078624303,0.08217912232509794,0
4961,994,189.57832786258024,POS,Food,UK,12,0.05928053355232658,0.12012641715500126,0
684,118,191.28974190929833,Online,Clothing,TR,19,0.1750661681493391,0.029976583855679563,0
6066,672,101.94883024297633,Online,Travel,FR,17,0.11838179118592855,0.10261505992241732,0
3808,627,14.149593713886533,ATM,Electronics,TR,20,0.10691986357673434,0.13444132710718198,0
3229,357,35.820999637021366,QR,Travel,FR,17,0.42242632207866276,0.1320831917282208,0
90,320,151.85258773886724,QR,Grocery,NG,10,0.06504804263550076,0.5634309630526952,0
5913,183,41.8174570637141,POS,Clothing,US,22,0.3734482237934792,0.055976600803729445,0
7221,110,386.0550994145048,ATM,Electronics,TR,12,0.17841267169219044,0.09117951652513108,0
5113,45,200.90438369424993,QR,Clothing,DE,13,0.21267941692147974,0.23442359623119632,0
1750,449,73.96588641077476,POS,Travel,UK,13,0.00496555334641372,0.04575867056669629,0
1293,82,1.9054970858607088,QR,Grocery,FR,20,0.17291861753150906,0.09223734915755584,0
4179,111,185.69928464205432,ATM,Clothing,TR,13,0.06698409219674287,0.008564893834303491,0
577,583,106.31990323404989,POS,Food,FR,22,0.05768102443904637,0.1536794304114457,0
3335,550,226.00376849602847,ATM,Grocery,US,19,0.18517141919159055,0.2172966009436636,0
2696,629,736.5248078136135,QR,Food,TR,3,0.6286865560246501,0.7571330900635513,0
4720,828,578.5673478210929,ATM,Food,UK,10,0.1485287929423942,0.24962674030289955,0
2987,633,605.7389521762868,Online,Travel,UK,12,0.7570931840523275,0.4081327810711736,0
1133,543,28.93294255115071,QR,Grocery,UK,22,0.03944647050764725,0.2026336814416786,0
1606,266,12.834101878309468,POS,Food,TR,14,0.4320424573203056,0.2815052187902915,0
4082,652,108.43167298318258,QR,Travel,US,19,0.35393627917702136,0.1517090240298545,0
5144,150,285.83898488691125,ATM,Grocery,US,22,0.09294508797795428,0.11409914256322214,0
8342,94,4.579259063621614,QR,Food,TR,22,0.03944189601282624,0.017190268232534178,0
1363,291,106.69071416730583,POS,Grocery,TR,14,0.061100335422094636,0.10832496717648084,0
9055,982,78.46602498334644,ATM,Electronics,UK,11,0.054689599000580166,0.2625832997579741,0
2604,407,31.085629684327632,POS,Clothing,DE,7,0.06951288128397348,0.03657562794427119,0
9110,989,243.19829350818125,POS,Grocery,FR,20,0.09068672076368903,0.1181597821299094,0
1286,610,53.94669576821549,Online,Travel,TR,14,0.1762679771927461,0.1905355967089589,0
453,938,273.4302769078574,QR,Electronics,UK,20,0.017056930190731984,0.16538365679733788,0
867,359,59.85432161902439,QR,Grocery,FR,21,0.02022801865196874,0.2768157262064686,0
4152,782,154.59884815002135,POS,Clothing,FR,17,0.01711926878840419,0.29937543067355427,0
2052,332,23.87259659657964,Online,Grocery,FR,15,0.2776522687470119,0.017594687350714858,0
5539,24,47.33393044081488,Online,Grocery,FR,22,0.0314671034844572,0.1734651018243052,0
4197,395,6.22160181682936,Online,Food,TR,19,0.10239201339306651,0.05266015532642884,0
6878,87,52.882299364021854,POS,Travel,DE,21,0.39780633349647004,0.12200120242679817,0
643,648,67.02487523701112,QR,Travel,FR,12,0.14367001531115753,0.12580630469453571,0
3033,652,154.55389263430692,QR,Clothing,US,15,0.1153394749520285,0.07431587097579197,0
2945,402,2.9867903699306972,POS,Electronics,FR,4,0.2154541555423465,0.01407436342849374,0
3693,486,320.5463115105172,QR,Grocery,FR,18,0.08727553763529104,0.03247135779365536,0
7663,596,374.9803040657811,POS,Grocery,TR,19,0.09922426640283209,0.10602076038180162,0
200,470,366.91409966851455,ATM,Grocery,TR,3,0.02500959449846539,0.3277265301429578,0
8353,76,131.47720133343367,ATM,Food,UK,21,0.03361399528741754,0.16527958666088446,0
4794,858,46.905136909555175,Online,Grocery,UK,22,0.10890698149631362,0.2462934840125993,0
2124,605,101.23187116704928,Online,Clothing,US,23,0.14168007326371243,0.28595537312098496,0
9811,973,236.3034215872338,ATM,Food,UK,21,0.24975416251997162,0.16027573109513887,0
1539,912,77.54803765801684,QR,Food,DE,23,0.053542478375530674,0.1501970955251348,0
3491,263,215.3363250017627,Online,Travel,FR,7,0.05264688765873493,0.05883406424630691,0
8587,479,145.1512064042794,Online,Clothing,US,20,0.18091657324316285,0.5380363487401278,0
7602,692,364.53422926889135,QR,Food,DE,2,0.11185545865763319,0.2566798441802044,0
3431,964,103.6855154791941,Online,Electronics,FR,8,0.2664819299122766,0.472038970160706,0
1010,969,93.34570517078018,QR,Food,FR,13,0.04452425297326802,0.05544077125816878,0
7420,261,1141.6139536144526,Online,Electronics,US,12,0.19635088106367543,0.05268780514028236,0
8013,36,13.518229532495571,ATM,Electronics,DE,5,0.17127994409443317,0.08887929032145542,0
5649,850,22.60401996295766,QR,Food,US,17,0.1105419251597214,0.10957956309388373,0
3805,252,109.79551038006633,QR,Travel,TR,20,0.21306744288922055,0.27576150067274047,0
833,91,11.786716027730165,POS,Food,UK,22,0.1072485706260604,0.14140492221116102,0
7473,793,4.111588648278844,POS,Grocery,TR,10,0.1276178714589506,0.37603482000140664,0
8339,789,185.7835861269855,QR,Electronics,UK,17,0.3518955300995253,0.22221926688035648,0
4623,649,487.941261979157,ATM,Clothing,US,17,0.4336802147548986,0.20233680135039842,0
4216,206,467.97730566104235,POS,Clothing,TR,14,0.7463494123580539,0.5824293150762552,0
1860,696,2.6940257122863858,POS,Travel,FR,23,0.14654003508071808,0.03622043688557401,0
5114,710,142.30173273444782,POS,Food,FR,8,0.24163289590394277,0.5453770064277494,0
1577,229,90.60110194910388,QR,Grocery,FR,18,0.024664818654071396,0.021932262028234246,0
305,595,479.2282258069496,Online,Food,TR,21,0.20872327320079584,0.11168337923484845,0
1606,217,105.65240043052061,POS,Travel,FR,4,0.0643452944040136,0.48768184767062617,1
9543,316,405.9464184531855,ATM,Travel,FR,19,0.19681261171205283,0.5144016721071605,0
5622,181,1.0147254503926397,POS,Clothing,UK,22,0.09432474980172412,0.017231641438528733,0
490,617,79.90727790930458,POS,Grocery,DE,5,0.2426532494556102,0.23680888608411033,0
9615,114,121.83440787725351,QR,Electronics,UK,22,0.3141398562203406,0.1267095926417577,0
705,560,271.0079648201962,QR,Grocery,TR,20,0.21900292481757086,0.1793498784208771,0
6970,184,141.9066727176258,Online,Grocery,DE,15,0.24574016338759178,0.419321527033455,0
3070,528,80.51520145198336,ATM,Food,TR,19,0.003201539503673143,0.03397228528730939,0
1420,357,276.83737903789284,ATM,Grocery,UK,9,0.06676756923131909,0.11760724121821349,0
4880,284,416.1151508882687,QR,Clothing,TR,13,0.6324205780635634,0.18959805572373092,0
852,215,111.1946016570023,ATM,Clothing,UK,11,0.17666850345000945,0.06517875148777884,0
3747,609,294.232685077055,Online,Grocery,TR,8,0.09238419194391424,0.3482397216775419,0
3913,997,66.80724021697469,ATM,Food,US,11,0.3449480823908988,0.1941826156117708,0
8670,567,127.16943834938205,QR,Grocery,TR,17,0.21538607861216572,0.2075476572090678,0
2426,51,42.559622482078055,QR,Electronics,US,21,0.04479057669974409,0.11290836274392971,0
6908,778,53.99459862111626,Online,Clothing,FR,8,0.2914408114906698,0.35055403822962256,0
5888,305,31.12663279978773,POS,Clothing,UK,20,0.36109525423563243,0.16454202659279324,0
8589,573,276.0842433042798,POS,Grocery,UK,23,0.07166754882454382,0.11821971774956867,0
3069,866,161.35807199600387,ATM,Grocery,FR,21,0.12502145117173447,0.1261096034867075,0
3920,369,769.8985551029201,POS,Travel,DE,23,0.6919237391219115,0.7165244703322333,0
587,375,400.56938457862196,ATM,Food,UK,13,0.07388997189043481,0.02162593837746644,0
656,623,606.7128419441952,Online,Clothing,TR,18,0.13426054597977746,0.06640345224919411,0
8155,873,109.83686323414241,QR,Travel,UK,23,0.43210986637432636,0.2650940631970653,0
2208,520,86.31231745160892,ATM,Grocery,UK,18,0.039870659797750195,0.1755569977710026,0
8861,19,102.46763883181269,POS,Grocery,FR,12,0.04628242792287925,0.21602548225485102,0
1390,964,56.57690893555605,Online,Food,TR,22,0.12305503238529239,0.21737969286387507,0
1799,381,7.6405572702972755,ATM,Grocery,DE,18,0.016359028800719957,0.22814500789134562,0
7837,132,80.89495404949592,ATM,Electronics,TR,13,0.3589876845003872,0.448594375349137,0
7324,186,1.277866956568012,POS,Grocery,UK,22,0.3300798085429341,0.2588633536782628,0
2459,679,266.64300136189456,ATM,Travel,FR,22,0.03201825715125966,0.06668186551229603,0
6354,625,17.77552345370747,ATM,Electronics,TR,22,0.18022003973082387,0.2874390588948009,0
9929,796,6.630683552931284,Online,Grocery,TR,11,0.009255359425414623,0.04869738749059614,0
6854,699,503.21104705965405,POS,Grocery,DE,16,0.4274786817565892,0.4841966876494929,1
3904,412,380.39700067359655,POS,Food,FR,21,0.1745669655127633,0.038788295732153644,0
678,488,175.9056644845193,QR,Food,US,16,0.31355782733895965,0.05997370715355467,0
3813,97,991.720503893988,QR,Electronics,DE,19,0.5144161570845156,0.2864508844397297,0
2098,199,689.7272893517278,QR,Food,FR,18,0.557557659916806,0.3257445878950383,1
9674,359,44.05831706780579,ATM,Grocery,FR,3,0.14531877575976848,0.27937564934517745,0
2216,601,23.284844956988337,QR,Electronics,UK,21,0.1337597805978911,0.044423287866710494,0
6346,703,445.6861650981777,POS,Electronics,UK,21,0.06553036878744324,0.14726049537513142,0
7341,456,114.96502115976753,POS,Travel,DE,21,0.2511878703453612,0.594603350977678,0
8056,788,422.31049950622804,Online,Travel,TR,16,0.3486597948888107,0.22625612899355896,0
1007,934,101.32619352973732,ATM,Travel,UK,12,0.12158301451662142,0.15881674542210472,0
4933,513,482.2580849144966,Online,Clothing,DE,8,0.26298369049766157,0.18336252567818273,0
6623,656,1037.3261281984521,QR,Grocery,TR,20,0.6165908114828531,0.17099124121030757,0
1310,307,91.047575051995,QR,Travel,UK,17,0.4250231429392335,0.2944152141601818,0
1083,663,241.40784076124882,Online,Grocery,US,12,0.16940623132587865,0.20697598996251557,0
3011,499,249.4149055174681,QR,Travel,DE,4,0.10890339825197294,0.2681533773078699,0
7522,770,137.0537710752278,QR,Food,UK,14,0.08987300416312229,0.10391517122711684,0
841,386,106.35504755152132,POS,Clothing,US,18,0.18536814515966876,0.2767279789553423,0
1767,755,113.54100845384711,Online,Electronics,US,3,0.386075254339415,0.07496199555196602,0
4019,520,1.6603678549839116,POS,Electronics,UK,4,0.2702382923612878,0.14396279316865862,0
9549,270,16.977380605464816,Online,Electronics,UK,22,0.13181116891336445,0.08898570202741708,0
9114,59,23.1795404166512,ATM,Travel,US,23,0.19715962255924877,0.2584858576018204,0
5709,349,35.0837157868131,POS,Food,TR,6,0.007521760498980431,0.028273334235895127,0
7117,309,260.08787178325537,ATM,Grocery,US,13,0.14608963387594082,0.22274728464265794,0
7639,757,136.60182515241968,QR,Grocery,US,14,0.4356352095931326,0.20449289374261737,0
9588,278,3.530928775890184,ATM,Grocery,FR,20,0.08002501095818744,0.0054498116048993725,0
1205,758,308.1586810783889,ATM,Electronics,DE,13,0.30072554679993796,0.3842131735637953,0
7712,110,134.78380677593816,QR,Clothing,FR,19,0.04000414907671018,0.04078588742124701,0
553,92,280.97347052514493,ATM,Clothing,US,19,0.3162069711936603,0.13269553846584967,0
7691,252,600.6816987573964,Online,Electronics,DE,10,0.44955712547441523,0.09604573155818086,0
1045,208,3.4177955736322674,QR,Grocery,UK,21,0.15925342697279649,0.014402750409219709,0
6614,406,18.559557085128972,ATM,Grocery,US,4,0.039708921243998864,0.04238161529086083,0
6599,547,522.9061229035709,POS,Electronics,FR,10,0.07518163325688744,0.22030371991302763,0
6980,414,13.611816037445617,Online,Grocery,UK,20,0.022138841608775047,0.037804901151890606,0
2392,733,69.08919320469529,QR,Food,DE,20,0.4003234609660537,0.2041941633278389,0
5831,462,249.70533082680578,QR,Electronics,FR,16,0.23189748078592268,0.2443162861357507,0
2623,117,138.18454477638812,POS,Grocery,DE,7,0.15982608878190147,0.17338000042363913,0
879,102,343.14663066167816,Online,Electronics,TR,9,0.11265382379222928,0.2428398087983391,0
8721,28,74.65974378967205,Online,Grocery,DE,22,0.14595673317374963,0.24364011045640832,0
9453,515,63.71302026160263,QR,Travel,FR,4,0.19461344435713754,0.08185650556664285,0
9544,137,198.53307318254505,POS,Food,US,11,0.28113781571819335,0.08489493767017897,1
2371,214,312.7309780192525,ATM,Travel,FR,16,0.45984402073631764,0.22910071421960929,0
2361,827,19.63647967762109,POS,Grocery,FR,21,0.08076439270557721,0.12232743693833352,0
2791,873,29.189737776651633,POS,Food,US,8,0.21652612872698312,0.0693205215481044,0
7077,624,494.88526932033056,QR,Electronics,TR,19,0.02757341146362914,0.0981129289909386,0
1604,244,110.0351789472534,QR,Food,US,19,0.31587650773751264,0.07087518011741283,0
4848,216,142.44907213904216,POS,Food,US,15,0.09258671608109366,0.1626679565318088,0
7830,170,532.8541260330454,ATM,Food,US,17,0.06228401090905583,0.06786038745979964,0
7051,852,17.041664286658204,Online,Food,DE,16,0.04614181436780434,0.09549374891947274,0
9438,860,506.9903825662084,QR,Clothing,FR,21,0.0900859825709411,0.19949687978243807,0
9601,982,162.4335680621163,Online,Electronics,NG,23,0.11759370723657742,0.1363778863054771,1
2576,456,113.06002581980805,Online,Food,US,21,0.31214648331309175,0.09853702275030611,0
784,539,311.3447656541231,POS,Clothing,US,19,0.16918782182254238,0.15760317313147884,0
8701,108,28.132034128501328,POS,Travel,US,14,0.32608909469371583,0.20172648313900446,0
7858,559,53.00996360223053,Online,Electronics,US,15,0.15061954702254365,0.035489401663870115,0
752,279,45.38478377651013,QR,Food,TR,20,0.09140986555698945,0.1666777744995799,0
9743,746,26.433993433238797,POS,Food,TR,16,0.21492868955412275,0.09637251421453902,0
2506,753,130.7692010967895,POS,Clothing,DE,5,0.13303912659665346,0.481408311602207,0
9109,532,55.51568587434123,ATM,Grocery,FR,10,0.16668762669728807,0.13035003289982086,0
8368,686,1.957759190665577,ATM,Food,DE,23,0.0017676542355742424,0.024616818519468335,0
6981,862,14.266479110159695,POS,Food,DE,21,0.06061615615905308,0.050130862120030484,0
5143,660,110.67811110908097,ATM,Travel,DE,16,0.2541792416719809,0.01797245626090326,0
3633,261,344.54293083103073,POS,Food,FR,16,0.5674667808327453,0.370297074106151,1
8411,668,246.86301889915643,POS,Electronics,US,12,0.16404708977501392,0.292651135334409,0
617,211,559.6946672017012,QR,Clothing,FR,6,0.55175600761093,0.31149966772958326,0
5217,290,96.72674268173263,POS,Food,FR,16,0.2786559559699203,0.056607078215344865,0
3599,270,243.76635510462563,ATM,Clothing,TR,17,0.16041413783882785,0.08946764439737759,0
6377,19,172.34694364695903,QR,Food,FR,21,0.00907839329616353,0.06983033050991935,0
5771,111,7.344200583426197,Online,Travel,UK,14,0.33390481633593244,0.12899745919634664,0
141,264,48.32696633938178,QR,Food,DE,15,0.11150768314780383,0.16079701067659122,0
134,675,90.81615051999631,POS,Clothing,FR,22,0.6583796366277371,0.2840666578906712,1
6902,748,111.5115773039875,Online,Electronics,TR,6,0.25022831068730167,0.2062837964148212,0
1162,167,197.06766181131593,Online,Electronics,UK,6,0.29646228355709564,0.17358916890916623,0
8998,196,67.8690734810394,Online,Travel,TR,12,0.13918323669162816,0.1067968897671947,0
9717,80,4.69685827750047,Online,Grocery,DE,16,0.1491845591880637,0.14391378133236796,0
1515,848,261.4271735006725,ATM,Grocery,TR,19,0.2902981883085177,0.16224442086767749,0
6501,802,299.7899845830006,QR,Electronics,UK,15,0.18636252184281826,0.251876425554005,0
5302,661,322.170734593569,POS,Clothing,UK,13,0.34559827843182755,0.36911029841197196,0
4311,165,766.21203832638,QR,Electronics,UK,17,0.19135299115269142,0.2697174069285828,1
584,714,629.9222962609042,Online,Grocery,US,6,0.43534275632238284,0.12793046813519307,0
1618,364,469.76674534298496,POS,Electronics,FR,18,0.06522131078145893,0.10819660055738138,0
2460,832,424.85934606812276,Online,Clothing,DE,19,0.010860242446942408,0.351985217307262,0
6264,271,173.20124557226274,ATM,Travel,US,21,0.37105295519728876,0.635302306427447,1
294,111,56.18215102473994,QR,Clothing,TR,2,0.07477622624036795,0.03937280554592486,0
3106,150,659.4897283201165,POS,Electronics,TR,17,0.18094323665869455,0.8610691757357045,0
9430,928,19.647444862539256,POS,Grocery,UK,20,0.2644734692811344,0.8148897883516973,0
1033,723,84.32066965659442,Online,Grocery,TR,3,0.201135257719356,0.08580468944473052,0
8802,988,339.13491416083383,Online,Clothing,UK,20,0.22462894595344374,0.19051278890565596,0
7186,55,155.19262673228386,ATM,Clothing,FR,23,0.15127831672545544,0.052103799363560695,0
4677,272,17.540424179294945,POS,Food,DE,14,0.5635268240195104,0.07483677394353111,0
5590,514,314.5997299243065,QR,Clothing,UK,18,0.1143087367869583,0.0328939865570718,0
8594,981,2.22524545341666,Online,Grocery,DE,12,0.04898482365116317,0.02308847255418684,0
9617,121,498.24757914611365,QR,Clothing,US,9,0.10069832646819284,0.721440384478196,0
6008,996,717.9043863644081,ATM,Electronics,UK,11,0.057410076545030775,0.33915286454050037,0
6658,316,41.89598281442565,QR,Grocery,UK,12,0.042136999936137086,0.007361464794882053,0
1043,883,10.803404198778306,ATM,Clothing,TR,20,0.1842778150889197,0.1876086246878715,0
6016,470,312.72734425377456,POS,Travel,FR,21,0.2621031414864177,0.21197337971695956,0
816,890,807.5277009662104,ATM,Grocery,US,23,0.2663615116447116,0.13503701093154244,0
7351,146,46.31213436890633,QR,Food,TR,16,0.0997046209993888,0.011497030034116326,0
3377,801,691.0537949132173,ATM,Food,UK,20,0.07841568695740916,0.29528811106477043,0
8009,524,43.867456246812125,QR,Food,TR,10,0.14738344389600347,0.08076541834396195,0
7809,533,502.7655656748613,POS,Electronics,US,21,0.2355318557422743,0.1634761388229763,0
8291,966,16.257707263527497,ATM,Travel,DE,22,0.10839657319885963,0.11686975555696083,0
8995,346,41.44383438648148,POS,Clothing,US,23,0.013395444604763773,0.009026735339223706,0
7622,148,25.400635852416766,ATM,Grocery,DE,12,0.10288942084271824,0.11837362948531231,0
1924,841,132.94092436992963,QR,Clothing,UK,17,0.08496059663841059,0.2311337078093324,0
2630,885,785.2883811036163,Online,Electronics,UK,19,0.17277311794057676,0.18113288720435095,0
3322,521,64.18132050901322,ATM,Food,UK,14,0.12224586367334551,0.3104555240240876,0
6913,287,161.20676313205288,ATM,Clothing,DE,19,0.35226509503688547,0.10541643356497375,0
9150,851,25.10336937238401,ATM,Travel,UK,10,0.08317214196804405,0.18210311967512377,0
6245,700,3.20694241020422,ATM,Food,US,5,0.015077143634586709,0.028954294275560677,0
8454,709,122.01537782412801,ATM,Food,US,16,0.15218410559260917,0.17846326530592552,0
7830,203,192.26521347627792,ATM,Electronics,DE,23,0.1362621232337502,0.14958235174257747,0
2456,662,149.4945272023237,Online,Food,US,5,0.0406992049292396,0.08624640253061187,0
1062,299,123.556545885073,ATM,Grocery,DE,11,0.21096654223383096,0.35480362647939795,0
9791,482,326.47682607824316,Online,Grocery,TR,17,0.1257171507878704,0.1679615918126407,1
8459,498,470.7662609637868,Online,Grocery,FR,15,0.21840478147655734,0.5681368981042023,0
7626,365,594.1758364457289,QR,Grocery,DE,14,0.2265809639172005,0.19054204680328637,0
8160,326,250.7522101048591,Online,Electronics,US,22,0.19371327440846728,0.16594916238605456,0
998,322,10.492620767209974,ATM,Grocery,UK,10,0.15449449858873565,0.03489360525650658,0
5606,674,401.7248012099084,POS,Food,TR,11,0.5394415671037849,0.9996026492679309,0
9190,392,76.0833807736232,QR,Electronics,US,18,0.25670598108002646,0.28835179191363564,0
5276,896,13.754823901485677,QR,Clothing,TR,22,0.2763397404465405,0.08807222433180212,1
7014,648,92.96508115644372,Online,Electronics,UK,22,0.13826721029548986,0.32196938561886523,0
6455,235,120.9057958834999,Online,Grocery,UK,20,0.032763149580772734,0.3212689247204714,0
3148,190,34.214828653855264,QR,Clothing,FR,18,0.3639089792262068,0.33777693881779486,0
3687,587,404.22165584943974,POS,Travel,FR,19,0.39687940060710386,0.35711300138985363,0
5021,467,1.6438962317608778,ATM,Clothing,FR,8,0.023370642375085165,0.12125809090867234,0
9530,724,74.15788246338363,ATM,Electronics,DE,10,0.007406000814314176,0.04445517349211203,0
7641,26,76.11952758107473,QR,Clothing,DE,22,0.11132810099588962,0.13128438006475868,0
7206,446,3.150466748653997,ATM,Travel,US,23,0.0583909704884266,0.02916122882278864,0
7505,834,104.97750533355352,QR,Food,UK,19,0.4410837687178146,0.06769051484993001,0
8201,257,134.28352359278225,ATM,Clothing,FR,10,0.31629918183600936,0.13060304267513112,0
5796,209,317.65648658716924,ATM,Food,TR,22,0.053012660217015624,0.5872870132471643,0
2991,506,131.7272553568842,ATM,Clothing,FR,16,0.16894182731493199,0.06697115903843609,0
1972,713,106.23420149620134,POS,Electronics,TR,17,0.09644482368713676,0.16254586899524442,0
7609,319,48.98031907062489,Online,Food,DE,5,0.07855972224671397,0.17518963413084748,0
4448,983,15.130881460250977,Online,Food,TR,22,0.020723823058284775,0.06873229285024071,0
5757,854,93.44739551250292,Online,Travel,DE,14,0.19360011402472332,0.04809718103654249,0
165,312,56.05689059079026,POS,Travel,FR,22,0.33246356135028554,0.1052619122273395,0
8645,619,558.5421146977269,POS,Food,US,7,0.3116451454007609,0.3747418487618212,1
6339,598,19.52060989909502,QR,Grocery,DE,17,0.06711714132004414,0.32736947832949836,0
7266,650,65.49508312108202,POS,Clothing,FR,16,0.07965382431602239,0.053805855050228946,0
2399,48,23.474146446176192,QR,Electronics,TR,21,0.06377081438198992,0.06510820733587727,0
2879,775,15.873196264245617,QR,Electronics,US,16,0.5005496985366538,0.07353464295912111,0
3207,227,76.1135111556807,Online,Food,US,14,0.055216381932660936,0.004966124673904111,0
6635,621,15.732124885817917,ATM,Food,FR,4,0.00886474358236341,0.07906776855928957,0
6267,921,44.88510379564857,POS,Travel,DE,20,0.012039200631131121,0.022695867091108827,0
8445,642,410.60584793693073,QR,Food,FR,11,0.2667352605653263,0.5168834338885321,0
9703,1,40.95721953423792,QR,Food,US,6,0.006027255783248261,0.05607279239338,0
8521,431,124.54755898514857,QR,Electronics,FR,12,0.24968464814581443,0.22545068098511648,0
4903,116,81.33205816219316,Online,Clothing,US,5,0.16053554153619118,0.010017754750341779,0
6715,18,95.98665546803768,POS,Travel,DE,10,0.5212375928287146,0.3961958335974646,1
7516,998,131.82543553294872,Online,Clothing,DE,19,0.3878492298998012,0.1810531429809494,0
3338,845,168.26360148102995,QR,Grocery,UK,22,0.035075292048685904,0.04790943818646009,0
3671,74,204.2539818128888,Online,Food,UK,20,0.3492477864944295,0.4139385444635762,0
9985,24,129.86243997642285,POS,Grocery,TR,23,0.1938560701107254,0.29347225712010033,0
7642,752,168.29809512799855,POS,Food,FR,6,0.030904978601468867,0.04818889814075771,0
2560,894,95.38384990709528,ATM,Clothing,FR,23,0.02207195992427739,0.06456304148967146,0
7619,103,149.86372620863293,QR,Food,US,13,0.020260797906238772,0.02315112046967551,0
6182,642,34.849746323326265,ATM,Clothing,DE,15,0.024539982573949095,0.047831265823703756,0
7375,701,119.15120693064448,Online,Travel,US,11,0.4692947371476206,0.016280581426042263,0
1314,850,37.362913505811854,QR,Travel,TR,17,0.42043413898990684,0.18162633729393438,0
993,108,59.1073164317447,Online,Clothing,TR,21,0.3203141201530032,0.22564676369055084,0
4655,149,112.17244207692887,QR,Travel,UK,21,0.6319557439689439,0.7220446331599939,0
694,167,237.24586632113082,ATM,Food,FR,18,0.035094718674983386,0.0682744208343487,0
6257,545,55.38390857778709,POS,Travel,DE,23,0.2679208075631874,0.07281734508351871,0
9145,414,263.99386971096413,Online,Food,FR,23,0.09811787289945813,0.026590005723248256,0
6686,51,353.7314477586091,QR,Grocery,UK,5,0.07749540214111533,0.2844270995107752,0
1616,832,1.1894598013037108,ATM,Food,DE,21,0.15580726028075995,0.24280854206918645,0
2959,721,49.51964981001523,Online,Travel,US,22,0.2166668061026745,0.5369447567984619,0
1938,684,7.184653646573685,POS,Clothing,DE,17,0.12872815499547666,0.1840427672291932,0
2151,208,241.63675799318284,ATM,Travel,DE,22,0.03269381511326589,0.16007100147085104,0
4265,81,188.4349271936865,Online,Clothing,FR,22,0.20658957330382519,0.15043012326197297,0
6516,885,156.51106553389107,ATM,Clothing,UK,17,0.23229131956598284,0.07710229330957201,0
991,885,583.0062939759389,POS,Grocery,DE,15,0.16016505230976044,0.14818429245376863,0
422,532,159.52840654562547,Online,Food,TR,18,0.15813470095192628,0.21421522596080103,0
2696,409,122.80044794685685,Online,Grocery,DE,12,0.3347886190674003,0.37440795427198104,0
3322,192,64.44029285613021,Online,Clothing,UK,22,0.19914985684528436,0.12324087279970564,0
1172,764,607.8821508415355,POS,Food,FR,20,0.6168742728722382,0.3976178119535895,1
2313,511,5.129478948024131,POS,Food,TR,16,0.1068577241155783,0.13415387172161222,0
1849,147,187.45306121753174,QR,Clothing,UK,5,0.12439156536910943,0.14182525559442194,1
1533,6,16.118306704527704,ATM,Clothing,TR,18,0.05936771843596389,0.004007414337876099,0
8148,493,200.59612496852125,POS,Travel,TR,11,0.1493414693454502,0.20425064224553838,0
7570,762,6.216305828584302,QR,Travel,UK,10,0.08333962146618647,0.04419954022305744,0
9907,289,129.3573605447984,POS,Food,FR,7,0.16839546854876242,0.14682569232404513,0
9972,83,439.0743860997446,ATM,Grocery,DE,15,0.5527583864458765,0.25489761012683193,1
4890,48,762.1212145477338,POS,Electronics,US,9,0.11997411588034744,0.043882736130198274,0
7134,551,514.2422230279794,QR,Electronics,US,13,0.37163807932067955,0.4593661692720875,0
2131,897,91.26081495921305,Online,Electronics,FR,12,0.23632142181356772,0.203583236379635,0
4394,897,142.49417583043547,POS,Grocery,TR,16,0.041483621497366174,0.14807866883842524,0
7573,132,252.14395649947744,ATM,Clothing,DE,17,0.25201600082987435,0.1217537509874456,0
4314,509,296.3416035467522,ATM,Food,TR,23,0.11293079149147639,0.1533960254935521,0
8328,662,146.53134980652263,Online,Electronics,US,20,0.13374354060954055,0.2487052359945799,0
3299,104,425.3647062684565,POS,Food,US,3,0.26658961063740017,0.4404054367681421,0
5403,651,151.80795583966253,POS,Travel,FR,17,0.08451323060283283,0.053854278586662564,0
6133,199,144.82880790976327,POS,Food,US,22,0.1939197906867598,0.054788188336345314,0
1713,604,337.421756559825,ATM,Grocery,DE,12,0.3524519194827166,0.12261670961766873,0
4356,939,320.4320403889518,QR,Food,FR,12,0.03722936094859015,0.13343038121854067,0
8097,340,183.47229789747314,Online,Clothing,TR,20,0.46291700183468265,0.5071220635924797,0
7718,291,24.067696959442195,POS,Food,DE,17,0.2503176284832641,0.05977279798960304,0
186,627,324.68857149683646,ATM,Electronics,DE,17,0.1491143689248185,0.015685283951009016,0
3909,371,83.54151710259792,QR,Travel,DE,17,0.14469084750406047,0.15532003404759734,0
1591,547,4.453468880601692,Online,Grocery,FR,5,0.14717174232718022,0.18769139055853282,0
2786,916,35.85742732072146,POS,Food,TR,17,0.27977601326327084,0.047512459837080856,0
9544,540,79.94863421520749,POS,Travel,FR,20,0.11770706908229177,0.07078944446394217,0
3004,972,281.15169717762586,QR,Food,UK,17,0.32919713482837354,0.5145666803848361,0
4094,845,24.68154354975386,ATM,Travel,US,19,0.053837935750091506,0.0365774698627957,0
2750,874,58.222450374659736,Online,Travel,US,4,0.21328854724833327,0.47590312524191336,0
9829,414,252.47645914794677,QR,Electronics,TR,12,0.08043911254332273,0.37290984210680067,0
4016,298,107.19217217121754,Online,Food,TR,21,0.4053230705505636,0.22822345615799416,0
3142,11,286.3702299263845,ATM,Electronics,US,7,0.2929212672049549,0.05487696957640024,0
4825,792,19.60699362064281,POS,Clothing,US,8,0.013445937969816463,0.0557588061778107,0
2700,107,107.91932667610824,ATM,Grocery,FR,10,0.03158256977275146,0.02942380849291267,0
4904,561,210.2685945568366,POS,Grocery,FR,18,0.05693486249388595,0.1134137073395436,0
3500,239,107.06005419029631,QR,Food,FR,9,0.2548193570534273,0.20587720294733564,0
3259,286,37.27231597452841,QR,Grocery,US,22,0.25725040180079645,0.04689472151083481,0
3430,834,98.60049621556067,POS,Electronics,DE,7,0.15227107859000882,0.1386234612638929,0
8478,636,3.374434357430577,POS,Travel,DE,21,0.030629474103406187,0.13295261320416174,0
8003,743,127.14300683536752,POS,Travel,DE,10,0.30549281135385786,0.14236739817299224,0
3178,172,194.22343494737865,POS,Travel,FR,8,0.0926287032663623,0.10688340207177867,0
6035,120,19.295120492449403,POS,Electronics,US,20,0.006207417257813734,0.06905571891259243,0
6867,430,144.05137719458108,Online,Food,TR,19,0.0785921445702985,0.039493055568000604,0
5160,129,37.57514123696615,ATM,Food,US,13,0.13189993772958702,0.35060382879147084,0
9889,358,695.3115619852587,POS,Grocery,UK,20,0.7095232060685388,0.10462080206422737,0
9708,920,235.80918587314204,ATM,Clothing,UK,5,0.21864819925239068,0.1284984143577517,0
891,563,404.267631121008,QR,Travel,UK,19,0.2288850567638337,0.20500081067330242,0
2353,798,254.3291422897048,QR,Food,TR,2,0.21892186683582301,0.16581508020485367,0
6798,936,7.563504190867737,ATM,Travel,TR,18,0.05870340938961082,0.21209359901949165,0
4068,220,447.05302212881196,QR,Clothing,DE,8,0.3250551006997678,0.42569696289197134,1
495,166,445.7082987602204,Online,Grocery,NG,22,0.20932587869989006,0.05855692412877368,0
9586,68,82.34693906354583,Online,Travel,UK,13,0.04104026324829318,0.3195896518490558,0
7648,516,22.3998540576362,QR,Electronics,US,20,0.6201590308426992,0.3918494224804905,0
2513,621,536.5585521818795,Online,Clothing,US,16,0.22308993929027274,0.3297468575688575,0
79,170,164.27847409728673,ATM,Grocery,UK,11,0.02986288238237662,0.122602397057461,0
6769,211,91.27574111101634,Online,Travel,DE,20,0.34958695060138617,0.3967335449016037,1
5026,568,312.0712753380917,QR,Travel,UK,19,0.45086313422549834,0.42014098693730106,0
2634,249,148.18879880049678,QR,Grocery,FR,13,0.02388183295875367,0.11331833087181441,0
7261,526,30.238155519457198,POS,Electronics,FR,22,0.1671263399685653,0.21388651889702448,0
863,169,1.7681476232910613,QR,Electronics,FR,7,0.22717042867800413,0.0224639717078871,0
6569,495,407.0191817301568,POS,Grocery,FR,19,0.045544272160445605,0.14502497229190076,0
6432,686,13.280229579031479,ATM,Food,TR,19,0.15866235874045623,0.04288059415523159,0
2407,107,22.75537032099247,Online,Electronics,US,22,0.2020736079571692,0.07092325734138899,0
9088,743,154.74595090634142,POS,Travel,TR,9,0.2659210192331396,0.6452555718475163,0
6420,911,1.3322198955709363,QR,Electronics,FR,11,0.058427820448469094,0.05181753609776909,0
9847,730,138.98895494735632,QR,Grocery,DE,23,0.35160037171896685,0.20100111903415585,0
2139,946,648.8553274845414,QR,Food,UK,15,0.15770089601639747,0.10110273537952377,0
5713,103,89.70150982094437,QR,Clothing,UK,21,0.05027604437871711,0.01547950045056875,0
8077,838,6.303887624391546,POS,Travel,FR,13,0.08512788387072853,0.016277352110126448,0
6662,645,88.98442138280203,ATM,Clothing,UK,12,0.1731266384144524,0.13952519224665585,0
3623,763,360.54146603728304,Online,Travel,DE,18,0.08389317298920973,0.2333391232376327,0
6324,948,8.517678091645474,ATM,Food,UK,22,0.44849943570821255,0.2281832893946255,0
3251,620,492.12956902214006,QR,Grocery,DE,9,0.0505374190301025,0.19136690638925075,0
1756,988,1.0516137316350842,POS,Food,TR,19,0.028360678627439843,0.025401857649312222,0
9472,823,280.6217935043119,QR,Grocery,FR,19,0.16726187469729942,0.1857160796415163,0
251,657,165.97185703588454,POS,Grocery,DE,19,0.054375553677005736,0.12306467500942021,0
6347,451,669.6515280523962,QR,Travel,DE,19,0.07881975469992042,0.25593037082391884,0
8669,344,587.1022232803975,Online,Clothing,UK,2,0.0973853889477913,0.25054781925265673,0
9589,842,8.396324634939244,POS,Travel,US,13,0.24670941905540567,0.36423542693757566,0
186,337,227.38788052490045,ATM,Grocery,FR,23,0.15595859570482237,0.31950838105045004,0
3210,668,2.262921591260994,Online,Grocery,TR,15,0.12199287389816357,0.05236678785703151,0
8909,550,82.77327169372114,QR,Electronics,FR,16,0.27720645362476615,0.01973129981218581,0
9559,991,85.25019896161935,POS,Food,FR,9,0.012068078864480842,0.10147287649032594,0
2052,816,188.4134634553452,QR,Clothing,TR,14,0.40297856319163455,0.1684026191817935,0
9920,181,113.5806778560595,QR,Food,TR,6,0.17256070372935953,0.028307918435516454,0
4713,313,20.975643373180052,QR,Travel,FR,12,0.12242092538686554,0.0864850177812567,0
163,982,103.51502445062073,Online,Food,DE,9,0.3163356911411176,0.30756193927554937,0
5738,860,384.89229211077867,POS,Clothing,DE,12,0.16946158048243531,0.2803827768644562,0
8646,78,53.82760937655634,Online,Grocery,US,17,0.15890938681976802,0.18478342585276622,0
115,977,22.22415907673221,Online,Electronics,UK,22,0.17243319272068897,0.22731917391855525,0
5365,310,297.07694958885867,Online,Food,TR,9,0.5066101353318812,0.12983529574341904,0
6094,186,8.194101089810633,QR,Grocery,DE,23,0.07884420312679813,0.014510148822110859,0
6600,870,741.8562903341276,QR,Electronics,US,15,0.2609111033222207,0.19365127645106378,0
7915,192,34.59975399294121,QR,Clothing,US,17,0.05850795639044889,0.11743993204232825,0
581,486,128.45869848534247,POS,Grocery,US,21,0.15750186067071104,0.054388992593452055,0
4963,138,560.0007957260635,QR,Grocery,FR,14,0.1572982345727711,0.1874928375294526,1
4614,113,234.36604913052614,POS,Food,UK,17,0.11654967495235605,0.04957225965922942,0
1671,680,148.26801783315665,QR,Electronics,FR,16,0.12370409175392622,0.14278590907143643,0
9250,774,11.949540657491262,POS,Travel,DE,22,0.02063941437532038,0.11517967363682845,0
1594,788,37.973229743878825,ATM,Travel,DE,18,0.04595916540034656,0.14059897626938372,0
622,412,11.381603674547126,Online,Food,US,23,0.3948565876097801,0.453750777508549,0
6707,552,17.332107772503104,ATM,Clothing,FR,6,0.09391445913110363,0.09566592978570904,0
5801,135,7.272143019056732,POS,Electronics,UK,21,0.056149079839500494,0.15665143960701117,0
9612,371,29.53551767842436,POS,Food,US,10,0.2597854115215491,0.09426532887955417,0
9475,247,116.60892618142053,POS,Electronics,TR,20,0.24663249982606888,0.40712020581553543,0
7852,393,17.977967366599334,POS,Travel,FR,22,0.25360395402088837,0.09263564024454289,0
5183,869,174.40343301512033,ATM,Food,FR,22,0.15974967832294804,0.07340443123493556,0
4706,249,414.5294932750221,Online,Clothing,DE,16,0.30470072022163797,0.19265445742445367,0
6036,852,531.291381129642,ATM,Grocery,US,13,0.5375678916773647,0.30533098871423286,0
8859,949,60.86222335569809,QR,Clothing,UK,11,0.19623564552136902,0.00945184078204108,0
3657,515,811.9433641070267,QR,Grocery,US,15,0.07525417653538431,0.2297837336645065,0
2323,550,34.91330998905974,POS,Travel,US,17,0.02415441218583709,0.1437897466054886,0
5031,902,154.2558389041359,ATM,Food,DE,16,0.21713812321466397,0.40437922368313617,1
929,13,37.08221798984089,Online,Electronics,FR,23,0.05123379846310193,0.10494204174682531,0
7251,924,58.67715790818441,ATM,Electronics,US,11,0.16175891150477928,0.2913890506279008,0
2560,858,476.3575827591209,Online,Clothing,UK,22,0.7535669271718686,0.089603682226046,0
1115,289,15.45453556486168,ATM,Grocery,UK,22,0.1806094946713878,0.17512070259126813,0
8597,808,658.8134863000846,Online,Grocery,FR,17,0.5459497216143329,0.5384106536099655,0
7678,465,112.8013180930089,QR,Food,TR,13,0.1557748211322752,0.12025830889939924,0
5113,744,12.442738305956151,Online,Travel,TR,22,0.1353889436176632,0.21874473382067278,0
9093,363,364.92366604169615,POS,Travel,US,11,0.36779624007952494,0.4779700918592393,0
3693,444,265.2763086032159,Online,Travel,TR,13,0.16254142935392032,0.11371596755528615,0
7461,218,4.9886718295533985,POS,Clothing,TR,7,0.09450459770757898,0.006250236364332464,0
6746,323,69.23563636426644,ATM,Food,US,9,0.15677473353076282,0.20917161930482678,0
4019,516,420.419200632696,ATM,Food,FR,18,0.18803142407230497,0.07711678421690207,1
5190,710,33.07108164957114,POS,Food,DE,22,0.04054696620189739,0.21644057841652092,0
4625,191,42.49327695544888,ATM,Travel,US,4,0.146237018496874,0.3822491679068325,0
7047,745,663.6114598392284,ATM,Travel,DE,14,0.36223453484523815,0.22891784924044423,0
7047,629,12.563925682432012,QR,Travel,FR,15,0.10019795511973953,0.05389909751636441,0
9027,117,714.8146737018499,QR,Clothing,TR,21,0.20725132856244904,0.08958318837692576,0
6379,923,180.64249305604918,POS,Electronics,UK,18,0.14088200204377457,0.2133408625608874,0
9923,743,328.9812315094663,Online,Food,US,18,0.1497977731664749,0.19300975762372077,0
1887,834,37.5322405461322,Online,Food,UK,20,0.24107909913841968,0.26699631382745737,0
9544,880,50.720165123164975,POS,Food,US,10,0.38910866524857246,0.3592481486024812,0
7606,854,56.37784950922938,ATM,Electronics,US,5,0.06934502181696532,0.09913606535806078,0
1900,871,52.310543889258426,ATM,Electronics,UK,21,0.08948738274750699,0.2044622884722251,0
5311,338,126.4988764014609,Online,Travel,DE,16,0.2193462111194884,0.22230813406105263,0
1246,948,38.78790465298724,QR,Travel,TR,4,0.10006258287970231,0.07518765385424549,0
5940,401,105.17695608617086,QR,Grocery,US,13,0.08270417840784769,0.5639498819419994,0
1927,350,373.4006491262841,ATM,Grocery,FR,20,0.15826713463731396,0.2997613704255296,0
1368,197,165.11351800671417,Online,Travel,UK,7,0.09943641042780758,0.06474552747116706,0
6016,702,51.15563800764665,ATM,Grocery,UK,16,0.0398996307155852,0.2044689935016013,0
4015,284,85.75178083464547,ATM,Grocery,US,16,0.22352263263685307,0.027221551220395913,0
8500,516,131.06378096041058,QR,Grocery,FR,23,0.06679943270784543,0.04061255435707875,0
1517,284,12.401713003561042,ATM,Grocery,FR,19,0.04522867532437632,0.1302078296533824,0
9981,164,857.8455310094263,Online,Electronics,US,14,0.1847038121248953,0.13281819494386937,0
7470,155,504.05189280165695,POS,Grocery,UK,21,0.09091155509191336,0.5717934341889598,0
300,430,37.48245740045912,POS,Food,FR,15,0.16390171656242822,0.04319540366479735,0
4586,940,4.1692878511119655,POS,Food,FR,10,0.027257070479913527,0.04944662554356553,0
9120,56,354.4968269371395,POS,Electronics,DE,17,0.2391444325108512,0.41242757734276647,0
7035,234,263.69994978227385,QR,Food,US,15,0.3006303576859849,0.34874216642984895,1
574,548,137.48095038837184,QR,Food,DE,20,0.013465011311973633,0.07297296472145577,0
3054,38,180.4412364271168,POS,Electronics,TR,17,0.09509832537146502,0.11208971561312599,0
741,692,547.0859433122363,QR,Food,DE,8,0.402627165462481,0.9996026492679309,1
4957,865,481.7645672220797,QR,Clothing,US,23,0.2610907099221887,0.24778280777097011,0
8622,445,628.1379212637777,QR,Grocery,TR,20,0.037056665086686286,0.20005478119266995,0
4298,258,9.41102383730178,ATM,Grocery,UK,12,0.19402920044440355,0.1339374745562685,0
9113,373,139.20074703817937,POS,Grocery,DE,21,0.1431690503348569,0.08991504008913165,0
3596,728,27.037906602151143,POS,Grocery,DE,16,0.15653142828950203,0.03963350797718877,0
3475,205,80.61504006609287,POS,Clothing,TR,20,0.028624586286116204,0.04472848042923459,0
4578,246,76.24190917572403,QR,Food,TR,18,0.038968207738880996,0.025434274908369213,0
9795,420,420.44153268739007,ATM,Electronics,US,10,0.22644502406197353,0.17556651718729435,0
3426,591,234.5408554280404,QR,Clothing,DE,20,0.09207654005976489,0.8920895816379941,0
1731,600,51.26751435228096,Online,Electronics,TR,20,0.1403551411526306,0.10474745781360845,0
238,698,477.40325919079555,POS,Food,US,11,0.1513858124098096,0.21660151167048813,0
9890,677,60.18382727027825,Online,Grocery,DE,9,0.3726869855972999,0.19739118156217952,0
7948,365,77.89619828482638,POS,Food,US,18,0.47048768650801126,0.21036141685940218,1
2417,122,80.68540344531945,QR,Travel,UK,16,0.397199433306727,0.412258394450738,0
3035,901,474.86709581271117,POS,Food,US,20,0.36126077191975453,0.19361749044811613,0
7199,186,40.90294412207161,QR,Clothing,DE,17,0.18404487808941963,0.36652557329771734,0
7994,626,355.16108344876835,ATM,Grocery,DE,8,0.02384346889941264,0.1998605547167079,0
5206,333,61.76173646094439,Online,Food,NG,20,0.3742199976613793,0.15025668742199488,0
161,479,4.869320174110385,QR,Grocery,DE,12,0.18991085748371164,0.11758333974246396,0
6597,465,42.84431563807907,POS,Clothing,UK,21,0.30470253745506976,0.15507424042211074,0
681,130,183.01779957934522,POS,Clothing,FR,14,0.10505608319893392,0.186894854542817,0
3545,988,64.10340271830215,QR,Grocery,US,19,0.1358190631032022,0.05658147229608517,0
9889,291,45.785391965564536,QR,Electronics,US,20,0.1361388278449101,0.10219149817270728,0
9087,845,41.306919571750356,ATM,Grocery,UK,6,0.24248532100083584,0.23547792454111424,0
7968,340,19.985640223889234,POS,Electronics,TR,8,0.18544408432651077,0.05665193983792028,0
8972,58,16.674251863582445,Online,Clothing,TR,4,0.22211851715561848,0.27223189858500857,0
4133,733,33.42770003617818,QR,Electronics,US,11,0.23346336957511735,0.04558722798492721,0
385,773,135.87561408582027,POS,Clothing,DE,13,0.009743019296263101,0.23184201493436885,0
9154,724,2.5819651113252973,Online,Clothing,US,21,0.07032200691437576,0.054596914998430855,0
2160,170,104.4712938754992,POS,Food,FR,14,0.16183260974255506,0.30349131594984663,0
4925,486,26.615579410623447,Online,Travel,US,8,0.1401468999357901,0.2662445709621565,0
6238,863,24.33566407660658,POS,Travel,FR,22,0.049120956839173245,0.08793619673356932,0
9232,448,17.418699719892054,ATM,Grocery,DE,22,0.06461473617517616,0.22765243706574073,0
4792,43,8.805307172667018,POS,Grocery,US,23,0.16583264911528534,0.17629784337709745,0
6089,569,17.53341163707505,QR,Grocery,DE,22,0.2496018651108887,0.055374703332592326,0
3638,456,33.807293544703185,Online,Food,TR,16,0.07600378519997339,0.14543638281160026,1
9607,6,908.3082506180102,QR,Travel,UK,15,0.6519925210423962,0.3701853704980618,0
1386,830,198.6459768308832,POS,Grocery,FR,14,0.013797270865115722,0.02707956824296928,0
4140,630,184.0412662669537,QR,Electronics,US,15,0.14502226165755114,0.3314385942657438,0
937,705,211.73849576204563,POS,Electronics,DE,9,0.21306574585984234,0.15925207179001735,0
1422,379,45.00757342419798,ATM,Travel,FR,23,0.02090922271317426,0.3705137039100742,0
9461,727,51.91722248418422,QR,Electronics,TR,11,0.056874415352957876,0.10011338601999893,0
3596,662,148.8415038234895,Online,Travel,TR,21,0.10980596759781895,0.22701782376382482,0
750,271,99.41764889992358,ATM,Clothing,FR,15,0.31772134085062925,0.13607634259322435,0
7499,860,16.857947010600476,Online,Clothing,TR,12,0.007070224295530412,0.07675434149073156,0
7355,937,70.44471472247801,ATM,Grocery,TR,20,0.10275269672833388,0.16111242987824795,0
7878,204,23.085558579849742,POS,Electronics,US,23,0.04940986881444666,0.1177932525686542,0
2112,246,153.61059126580975,POS,Food,US,19,0.08022936365011762,0.21589193161041734,0
4204,719,17.834103768656757,ATM,Food,UK,11,0.0035249568846194654,0.024769960974561498,0
3238,611,123.61235841298257,Online,Travel,DE,13,0.23311084705874024,0.27133984604663625,0
9453,507,285.7378458173844,QR,Food,FR,12,0.15487209988453832,0.1492908316177688,0
7629,228,89.13149622716011,POS,Clothing,UK,21,0.03457603138882888,0.00922143116878879,0
8557,566,228.72498328911414,QR,Travel,UK,8,0.32655462994314327,0.7812351577493879,0
2677,819,33.61932039569158,Online,Electronics,US,12,0.12360826259887189,0.17590761170971125,0
2045,480,100.51901619965591,POS,Food,US,5,0.620579067465199,0.0381465486997361,0
8370,697,117.68579281920493,POS,Grocery,DE,12,0.14240981603947245,0.36267449267207547,0
3886,814,103.15745035656677,QR,Electronics,US,9,0.1500095684199121,0.2520479932063795,0
7579,163,97.27304623574555,ATM,Food,UK,4,0.2724012197128863,0.15765655852056576,0
362,747,1.592637401285196,ATM,Grocery,US,23,0.012808634510414823,0.06499251765181382,0
1263,790,50.74195397314734,POS,Clothing,US,15,0.275457988405972,0.08578419803876944,0
9572,919,33.08182638044941,ATM,Clothing,FR,11,0.017751125563535263,0.0026760683552235656,0
6944,871,30.266309710077813,POS,Travel,DE,7,0.10141997418393371,0.06041609938672364,0
8200,885,290.5515377293939,ATM,Electronics,DE,22,0.19996702827575472,0.7667736869739625,0
5198,524,352.549710901227,ATM,Electronics,UK,19,0.22002414744945908,0.3703584065346239,0
6421,848,8.112292701329437,POS,Grocery,FR,20,0.15482586306056312,0.1246791729046114,0
8773,245,2.5175724188989195,QR,Grocery,US,10,0.1005195882771874,0.3937655663980154,0
7951,731,31.47730477269383,POS,Clothing,DE,18,0.05352853012638129,0.02492308751041571,0
1411,972,110.8239775936357,ATM,Food,TR,23,0.1508090898675364,0.28442829047668255,0
3837,974,159.62918349396315,QR,Electronics,FR,22,0.49379631987482786,0.6435354492696903,0
2093,665,103.20931951572801,POS,Electronics,DE,9,0.08583713756541966,0.047535998865558905,0
2606,261,357.31004418863495,QR,Travel,UK,22,0.24659699172049676,0.3365416733421523,1
4471,20,131.2000607323959,POS,Clothing,DE,18,0.3370383349656244,0.3433528106410155,0
6033,682,276.567545572135,ATM,Travel,TR,16,0.11857222271530815,0.2408119833472893,0
6215,651,84.2762774279598,QR,Electronics,UK,8,0.2429166820264627,0.036856217354636234,0
4974,846,40.57245630205149,Online,Grocery,FR,23,0.01577066422918102,0.1550548131773052,0
9518,996,124.19906298181292,QR,Grocery,FR,19,0.22423222248852054,0.07287180575714934,0
6847,456,11.453945404218405,Online,Grocery,DE,8,0.06874678364360964,0.3330842195532389,0
5211,167,89.14566757430796,Online,Travel,US,17,0.16052947640042403,0.22561295804885365,0
2734,862,8.284471113876345,POS,Food,DE,21,0.025268686669356232,0.24315254317561033,0
7712,222,37.20166482996621,POS,Grocery,TR,18,0.027174774279946176,0.14487668462345793,0
7559,495,4.531956763841957,POS,Grocery,UK,17,0.005999071855889253,0.10767073171502373,0
5137,223,5.243504223310269,Online,Grocery,UK,17,0.02894219620857765,0.06464485777056345,0
1247,569,49.67984277851984,Online,Travel,UK,15,0.04682333967979845,0.4466802479726935,0
1788,124,5.912965623620115,ATM,Travel,FR,17,0.025957744845396893,0.1277221798084826,0
203,54,22.596943273870295,Online,Clothing,FR,9,0.1986142564136571,0.3139221232635564,0
8914,848,100.17776909158309,ATM,Food,US,20,0.017366984173437072,0.018142993397933606,0
7600,921,10.579920743086861,POS,Food,US,21,0.03631449745358246,0.03987344351968068,0
4742,25,125.29245580963736,QR,Food,TR,10,0.1420004827114966,0.02744021351772134,0
4159,211,68.04699657724113,Online,Food,FR,4,0.0639228787649979,0.004164701691892516,0
4747,728,60.31115268046247,ATM,Electronics,FR,17,0.07456548788526779,0.1538272210193471,0
1580,986,143.90886387669065,POS,Electronics,TR,5,0.4570405480652003,0.23043542731146557,0
6812,448,490.5002350657741,ATM,Food,UK,13,0.2917310163392785,0.37717932481715466,0
2982,363,85.27457606784839,Online,Grocery,UK,14,0.12326675701844686,0.1186247593412147,0
432,480,219.10253471488204,QR,Electronics,TR,13,0.20017152202519203,0.09331697533058557,0
1841,612,125.307976993776,Online,Electronics,US,5,0.05296572789365187,0.21202489703852923,0
9044,540,336.24675705163094,Online,Food,UK,16,0.12127431883416748,0.2780206472862245,0
4150,877,93.65131374005963,ATM,Electronics,UK,20,0.2631803671410181,0.03932684910918074,0
6997,44,49.369852412586795,POS,Food,FR,22,0.06556187386290008,0.11060648583946049,0
8818,884,98.3359853495298,QR,Clothing,FR,12,0.22116713337767263,0.1647289928277931,0
4675,869,48.155127706448866,POS,Grocery,TR,7,0.26234490834601454,0.20617825370857376,0
4548,662,132.06575403252927,Online,Food,DE,19,0.03470628695062365,0.018499459783660778,0
2186,146,3.251686212684964,POS,Clothing,US,16,0.15880107674070926,0.1234672904672471,0
3667,44,341.66546967544235,Online,Travel,DE,22,0.06862015505835085,0.5897313784105127,0
2923,788,226.835770994,POS,Grocery,DE,22,0.29283491083180657,0.06941156956234629,0
1017,215,4.770288050330368,POS,Travel,US,21,0.2264853622601837,0.07064429579350766,0
6319,997,43.37659860339262,POS,Grocery,NG,11,0.2736150036502066,0.4238222633402502,0
9204,277,47.443010144956574,POS,Grocery,UK,23,0.6593331110183737,0.27077447347260486,1
8715,861,2.048665964852816,POS,Travel,US,19,0.13395177207487227,0.07266091842818372,0
4655,153,124.55916944121762,POS,Electronics,DE,18,0.4345358038873072,0.1675472305990646,0
281,906,54.94084431070129,ATM,Food,US,19,0.33952069717113736,0.26375927181805425,0
8889,472,2.1589806964187477,POS,Clothing,FR,20,0.1633707578824883,0.042408267342491895,0
746,190,6.251251648353706,QR,Travel,FR,22,0.060565485505332424,0.07592288241191697,0
6899,527,51.46312431931406,POS,Grocery,TR,5,0.12118467534467194,0.1782819202417822,0
4052,465,5.452576435994553,ATM,Electronics,FR,22,0.09683353631850808,0.39656679768478176,0
7751,808,8.492154890223382,POS,Clothing,FR,8,0.012164125504972964,0.07168533543907088,0
3065,419,36.90295691973566,POS,Grocery,TR,15,0.14255602555206878,0.03133539035795372,0
8146,982,140.85951420724507,ATM,Travel,DE,22,0.048090056470099465,0.12079180877214024,0
1580,103,5.298292553117437,QR,Clothing,TR,20,0.13255239990957082,0.08230303352023205,0
7875,203,84.96487596361361,ATM,Food,UK,16,0.15914450132159336,0.041286169794355024,0
2176,2,90.29092181804099,QR,Grocery,TR,12,0.06593590633233715,0.15620797106489437,0
2552,652,18.3627496057989,QR,Grocery,FR,9,0.33047614090413224,0.06683175496349963,0
7747,497,46.25732860565374,QR,Clothing,UK,14,0.16364254720338317,0.24647731330509495,0
8678,734,1.59436455930273,QR,Grocery,TR,18,0.033165257646122076,0.022825220400732687,0
620,232,24.22031297488109,QR,Food,DE,23,0.30506968812961455,0.09652823300846312,0
7842,952,131.9687186759003,ATM,Travel,DE,18,0.36152740985582976,0.17517633047783485,0
1120,692,165.8613903846508,Online,Food,UK,23,0.5660589716431145,0.745276993962694,1
6484,750,21.076411702343144,Online,Electronics,US,21,0.054541799336539694,0.0027753163219422575,0
7335,945,17.865872280665325,Online,Travel,DE,15,0.03768039649783144,0.10087276549897782,0
25,998,141.2076967076234,QR,Food,US,21,0.18246798650711682,0.2889970810846889,0
390,527,385.7064343075134,POS,Food,TR,19,0.42627165057313954,0.18391685533900834,0
3738,869,67.73248261044384,POS,Food,US,13,0.006623831571821801,0.03416202201469996,0
590,170,866.7189995625714,QR,Clothing,DE,8,0.18704753394098805,0.25687271761449976,0
1869,0,13.671308863855023,POS,Clothing,DE,21,0.0836662569260166,0.030264106988575405,0
1543,60,61.750130285006435,Online,Electronics,TR,7,0.11610562553079337,0.2550047461349502,0
1349,703,85.30485468320288,Online,Travel,UK,12,0.06900145303798351,0.36500337810301187,0
1855,236,815.6874539643887,Online,Electronics,UK,21,0.03036677191334913,0.13704899642919854,0
6128,697,20.562703616369724,QR,Clothing,TR,11,0.2587785259582919,0.03901949691094252,0
5396,702,78.86542435042976,QR,Food,UK,14,0.10324346946475778,0.15153949659325988,0
555,187,214.87763925250948,ATM,Clothing,US,21,0.07966805740413001,0.6324856478998262,0
898,114,6.006674135072503,POS,Electronics,TR,9,0.036901563024422844,0.09970919511914426,0
9239,779,231.9981729421809,QR,Travel,UK,22,0.2199117166268459,0.04176533739616464,0
6751,892,57.58980082504832,Online,Food,FR,16,0.14098283627547323,0.0869898094497975,0
5633,65,44.33114070312268,QR,Clothing,TR,22,0.09148196970484723,0.2210301908383213,0
8840,489,80.23477343343292,QR,Travel,DE,14,0.11042637841677513,0.09976420216681851,0
3150,857,1.0875703147777707,QR,Food,TR,11,0.12491895562859975,0.12322370397169022,0
5862,377,316.71757006239767,POS,Grocery,FR,12,0.12301969862427524,0.24363251463085478,0
8108,23,90.16727005771426,Online,Grocery,FR,2,0.26927539022596075,0.07868745123854534,0
66,530,263.9837138075864,ATM,Clothing,UK,4,0.1252571074743649,0.2612491983109261,0
4866,887,162.67006135056985,ATM,Travel,UK,11,0.12258357665565218,0.14849105491316036,0
7693,347,255.88973750370778,ATM,Travel,TR,22,0.09178905478573783,0.012180112944695464,0
4686,12,131.53064254375363,POS,Food,TR,16,0.1451473946519876,0.1469380254105434,0
9860,751,227.46364126422526,QR,Grocery,FR,15,0.41495056112980744,0.16146116171044445,0
1830,697,7.858045819419801,ATM,Clothing,TR,12,0.17652343140443447,0.14916199026522362,0
4077,327,26.03526127572548,ATM,Travel,FR,23,0.011642757780645666,0.032943238368107385,0
9407,536,616.0003629623698,QR,Food,US,16,0.3136039954483357,0.14926298062823481,1
3761,30,41.38549677032805,POS,Grocery,UK,13,0.13261490821910837,0.21716786117003622,0
3178,64,324.3437740072363,ATM,Food,TR,23,0.44502331884220603,0.03983997472538554,0
4493,334,49.69750995149558,ATM,Travel,TR,15,0.1320206405679629,0.18792499196021467,0
70,987,42.95539126754949,ATM,Travel,DE,17,0.21787109056174891,0.5196308499063678,0
6422,503,38.92322117912538,QR,Clothing,TR,11,0.5208609603409058,0.9776788263559087,0
2136,729,412.57435465651355,POS,Travel,FR,9,0.25796649205035277,0.12931051290446843,0
5154,684,143.86207071549705,ATM,Food,DE,12,0.09842581274518189,0.16782973585480285,0
6225,783,154.3475456886087,ATM,Travel,TR,8,0.28598384787865205,0.20417418763346937,0
3737,500,122.5531609757976,Online,Food,DE,20,0.05315682247931781,0.010527817329914098,0
8366,923,27.406371435434604,Online,Travel,US,6,0.156220311650988,0.261777694184656,0
1939,741,58.50251371011665,QR,Food,DE,4,0.2716803187961584,0.234762141974779,0
5155,734,50.151354917453354,QR,Food,FR,14,0.13335588704338358,0.10553643928144345,0
8960,196,221.88228194369887,POS,Grocery,TR,20,0.11511107568954702,0.06422104133064131,0
9750,601,59.472930844729355,QR,Grocery,US,13,0.13156085359053382,0.26410059542490805,0
9006,315,25.66158523072988,POS,Grocery,US,9,0.016147796962533295,0.008814346397073392,0
6534,363,152.49077871099098,Online,Travel,US,17,0.2152686800813758,0.19732458287426413,0
6753,652,62.424488961457186,QR,Travel,DE,18,0.03311805415748709,0.07018217224543853,0
9948,824,319.09179229461165,Online,Travel,DE,13,0.0508482312907229,0.07421881730890026,0
4084,272,40.243417901671954,ATM,Food,UK,11,0.11893839874620445,0.0317791548786162,0
4851,294,193.967596584918,QR,Grocery,TR,13,0.1849680851220446,0.4972711180741759,0
145,831,238.2253918641467,POS,Clothing,UK,11,0.4291244724593749,0.2815487506722276,0
4179,713,174.10869648873253,QR,Food,DE,10,0.05264352944472617,0.04106033472572167,0
3826,523,31.47365259263214,Online,Clothing,TR,9,0.12221410441633408,0.040161639358114155,0
6426,652,91.81294118253214,ATM,Clothing,TR,16,0.18154251706225347,0.23240967064533608,0
5910,425,140.70017982480326,POS,Grocery,TR,21,0.259872269301528,0.1786643040047469,0
675,802,247.58840736404343,POS,Grocery,UK,18,0.33130124861162225,0.20439170163970416,0
3642,992,254.9974159260126,POS,Travel,DE,19,0.2554943463387135,0.020268123426796243,0
3085,495,168.4688802690469,Online,Electronics,US,7,0.09005912573028721,0.14887514315299885,0
9675,89,181.80166135545306,POS,Grocery,US,20,0.058467883165481044,0.46526165671977415,0
1256,140,7.22262846129061,POS,Clothing,UK,21,0.17657549801564873,0.12209708138088843,0
280,812,264.134142460579,Online,Travel,UK,20,0.06269224631916692,0.0436791517704022,0
6083,655,122.94764551388714,POS,Grocery,DE,10,0.09698509264555988,0.11024689258884934,0
9807,616,909.0492859036362,Online,Electronics,UK,16,0.5067771934721987,0.19224911862160338,0
7702,595,34.03422126285086,Online,Clothing,UK,10,0.09973627438138166,0.19278170067043995,0
8141,114,459.25366512010544,Online,Electronics,UK,20,0.04438592328491806,0.08275203517113439,0
5263,324,281.52097873169316,QR,Food,DE,17,0.43231712427774327,0.17567173392980504,0
2407,243,124.70595486527905,POS,Grocery,FR,10,0.2963836020174471,0.09560881700146638,0
291,837,422.5002621686174,Online,Grocery,DE,20,0.12697189620516436,0.35325768311591427,0
3166,990,207.2570399665924,ATM,Food,UK,22,0.06368951904191178,0.03779896177901332,0
4567,452,175.2116498617482,POS,Food,FR,16,0.44439929717199367,0.1923761744684727,0
4605,348,204.2832124844611,Online,Food,UK,21,0.15052144100159098,0.28660129880275587,1
7490,393,346.9671566176596,ATM,Clothing,DE,22,0.11315112800039948,0.2008215680187025,0
6331,518,79.62524921444351,QR,Electronics,DE,11,0.17997169303981395,0.0659802489212053,0
2428,180,1077.9963585925288,ATM,Food,US,22,0.10514816193494049,0.062049702933872596,1
3038,277,63.243260512711416,QR,Travel,UK,22,0.021573210885718154,0.3406089459015989,0
1884,517,70.36912576856457,POS,Food,DE,20,0.17583131768111113,0.24490025908481045,0
9707,236,45.29039972643391,POS,Travel,DE,17,0.40724596904440996,0.3706519011215497,0
5562,455,4.950369199674271,QR,Travel,US,23,0.1086046478514853,0.0018610663048158971,0
3213,205,152.59987858490018,ATM,Food,US,23,0.1300842667212414,0.07429526817284678,0
9673,47,1.8475449158490722,ATM,Travel,TR,23,0.053667350679939586,0.14123236974389475,0
5914,857,332.03188414897215,QR,Electronics,US,9,0.058378172458949946,0.061368447776683835,0
9499,892,157.55570722591557,ATM,Food,DE,22,0.01681099092234715,0.1372318922825286,0
3336,236,333.78849775726553,QR,Grocery,UK,18,0.2214444836218679,0.035267572347872186,0
7401,413,369.27669896606005,QR,Clothing,FR,22,0.3765238923140569,0.18072403835314316,1
5427,406,48.15098638587556,Online,Electronics,FR,10,0.0715562661295183,0.018723702463052893,0
3087,382,79.42324528013344,QR,Food,US,16,0.07536249234335887,0.14296385185706414,0
4635,834,116.47362898126427,POS,Food,DE,12,0.11173484369000831,0.3583234459871187,0
4908,912,12.418289264284512,QR,Food,DE,15,0.01786281305725036,0.08502834789933278,0
1676,229,393.1559878252193,QR,Clothing,DE,13,0.24272119849903795,0.2728347096983277,0
8910,62,102.97614290063473,ATM,Clothing,DE,18,0.009153468925586591,0.05328619630113079,0
2371,308,20.03867163770483,QR,Travel,DE,21,0.04647736246483231,0.13947244379863963,0
2468,556,411.7233294564298,QR,Grocery,UK,16,0.213301772007293,0.029408174343785225,1
2436,939,235.6376877153061,POS,Electronics,US,18,0.29292455544891977,0.20462864626133248,0
1860,282,39.76698013370784,QR,Grocery,UK,15,0.33742280585507495,0.26939739723936834,0
6012,250,892.4821155419288,QR,Travel,FR,12,0.030017908088143405,0.11384409984249236,0
3586,707,93.71002713371087,ATM,Grocery,FR,15,0.1319205543081751,0.4945810244709062,0
4396,979,675.9471620035623,POS,Food,UK,3,0.16851106763100238,0.6630811851424107,0
7815,694,329.7884275936405,POS,Travel,DE,23,0.0873217654476124,0.11001522189834807,0
9513,862,231.8858460766353,Online,Travel,UK,16,0.24429394148082592,0.14434902106606518,0
9482,423,130.15821189142886,QR,Grocery,US,0,0.15193346927513743,0.34119419146215535,0
4563,520,79.84506163741321,POS,Clothing,US,13,0.2800500636364559,0.10953808702086464,0
8880,210,917.8659793622807,POS,Grocery,US,20,0.037828070905906376,0.30921817389864864,0
3575,832,252.5532266566096,POS,Grocery,FR,12,0.13995894552475915,0.14985794406127564,1
1337,991,58.532858311496184,POS,Clothing,TR,22,0.017702699852050828,0.025143423550250232,0
7277,755,19.421227888081155,QR,Clothing,US,15,0.15675168207062914,0.01166456323664011,0
1740,582,55.17301486822738,POS,Electronics,US,15,0.13503863572360905,0.27135291426800107,1
7519,834,18.166968050693914,QR,Clothing,US,13,0.032316211846221854,0.10325733829095511,0
7612,404,160.45349241268795,POS,Grocery,DE,21,0.04223377587229498,0.06144743357258491,1
4179,987,424.93682779286974,POS,Electronics,DE,8,0.3880307297813997,0.15513522686183925,0
2923,818,218.50475926563425,ATM,Travel,TR,11,0.02514541686745508,0.08036823869719209,0
9963,690,179.52896228470826,Online,Clothing,UK,14,0.3984298240612032,0.19857479126100494,0
5427,33,237.67911848645286,POS,Travel,TR,14,0.35372064401126535,0.24344046701045527,1
4021,169,184.54432039801253,QR,Clothing,FR,16,0.116301479481874,0.10790128976769035,0
9118,268,117.88834880080958,ATM,Electronics,DE,18,0.06440393260286696,0.045787758892398854,0
3238,68,147.39549759937648,ATM,Food,DE,8,0.07967304310240594,0.1330697470995894,0
3559,259,139.697130488348,ATM,Grocery,DE,20,0.10467795193986189,0.013974470125702524,0
9007,438,36.425485095149746,Online,Electronics,FR,23,0.08167531973276583,0.05599345869868945,0
8385,257,4.054767233715102,POS,Electronics,UK,12,0.03595799945765997,0.018752739898741766,0
5602,443,495.6855660686683,ATM,Food,DE,9,0.06905641195087027,0.12110188292044168,0
2136,958,750.2719051947047,Online,Grocery,TR,9,0.08519301036053663,0.40861396049527704,0
8400,833,10.018213016029984,QR,Electronics,FR,22,0.0810436289650813,0.029820767566235175,0
8484,421,131.86749776162176,POS,Travel,TR,15,0.062200528206407715,0.12602608978096563,0
7553,433,16.327142937072644,POS,Travel,FR,13,0.12519308515771477,0.08653019593924689,0
8017,647,1080.4345283411612,QR,Clothing,DE,22,0.21311958502907571,0.03743112558227444,0
1770,330,170.662100191399,QR,Clothing,TR,14,0.09443199781130132,0.3190977500705516,1
6631,222,173.39810128988162,POS,Electronics,UK,20,0.42810947731287635,0.22440072622218948,0
2527,78,201.75446401988884,QR,Clothing,DE,6,0.504637882599179,0.20415269472694086,0
6466,618,245.16799887370436,ATM,Food,FR,21,0.17048479138589331,0.04858375799642652,0
592,191,364.78689477651227,ATM,Electronics,DE,11,0.33204103021592807,0.2543683640913071,0
1765,466,22.870339595592192,POS,Electronics,US,5,0.09165433244811996,0.0837187194078144,0
4455,31,340.1469265481253,ATM,Grocery,TR,21,0.119314237815599,0.04985669430945333,0
6314,730,43.83798325105312,ATM,Electronics,FR,16,0.23341713434608885,0.18280063016777764,0
755,280,10.666925274018656,POS,Grocery,UK,20,0.1595354633749892,0.10009535746955747,0
8217,194,886.0144233955194,POS,Electronics,FR,6,0.05820860451787884,0.2933134236376116,1
8462,237,1.2997634591783802,ATM,Electronics,FR,8,0.4707514524810823,0.027214216631921865,0
8369,600,69.08241548374163,Online,Electronics,FR,15,0.136444791714747,0.15364423583856004,0
2371,715,34.602969260659,QR,Clothing,US,19,0.09523662955761628,0.03930062110796221,0
8262,113,45.75636706726009,QR,Electronics,TR,7,0.6461893549767357,0.23841505340913788,0
5143,699,73.32415001915439,QR,Food,TR,6,0.11558006537404987,0.41170288812194966,0
5426,401,108.46344270189016,Online,Clothing,US,19,0.0047172975211334294,0.05259961693913355,0
5434,250,29.77180041997009,POS,Electronics,DE,7,0.10074391370505682,0.21667464613143184,0
9571,85,184.85579883054132,Online,Clothing,DE,13,0.09311271893183755,0.28057976715615845,0
4230,206,74.32523040137583,QR,Travel,TR,18,0.0729271273626703,0.023925300345615397,0
325,924,240.8972698596063,QR,Clothing,FR,5,0.14442783687132002,0.1422137768743272,0
7329,296,68.43497234498273,QR,Grocery,TR,17,0.6005158758339021,0.01424734975817072,0
3866,141,469.6241573365138,ATM,Food,UK,13,0.6137939214531606,0.3032132939678032,0
5308,636,197.02945009685388,ATM,Electronics,UK,5,0.15541564865621965,0.08932299753635099,0
9405,564,3.533988515732304,POS,Electronics,DE,20,0.008564405460013077,0.14836874930593988,0
7552,287,5.260045964816658,QR,Travel,DE,13,0.39874143098745296,0.013291938567513973,0
1731,788,139.31788634189888,Online,Food,UK,18,0.16784443688636919,0.05226831199378592,0
1500,651,124.42712704854884,ATM,Travel,UK,18,0.5678232266432922,0.2037787458121301,0
3437,701,15.571092310622022,POS,Clothing,TR,17,0.14806578186663605,0.06068767046469706,0
1251,289,222.48013217489438,Online,Grocery,DE,22,0.13356161639841863,0.29639277942499703,0
1757,188,759.1543443211659,QR,Travel,TR,17,0.365249469230741,0.9224608516855852,0
8238,290,339.52947940241785,QR,Travel,US,8,0.2320507043049276,0.229144505659409,0
2145,173,1.6127768919914716,ATM,Travel,DE,22,0.04302551363067265,0.0624132576334265,0
117,564,20.385667981031553,ATM,Grocery,FR,21,0.3069528356970325,0.01916156587677943,0
7254,530,570.5385691258437,ATM,Electronics,UK,21,0.3980987323145328,0.05980211784971391,0
6001,881,582.3183522576658,POS,Travel,US,20,0.37417658085265626,0.4808965570929593,0
7022,848,39.90372014844833,ATM,Clothing,US,19,0.09827982247308388,0.31121056097285144,0
1251,278,2.5880923349928433,QR,Clothing,DE,19,0.06238131651156019,0.053182847443098105,0
5667,611,41.18924194911446,ATM,Grocery,US,22,0.04466630134417563,0.011067780780072905,0
3919,769,5.077730133315821,POS,Clothing,TR,23,0.08720168463599191,0.13374719605989147,0
3852,72,116.58951887798358,QR,Electronics,TR,19,0.28115023214783297,0.16849296226370855,0
5950,144,58.41447845463,QR,Grocery,TR,9,0.1731133796188991,0.25748464340127036,0
9373,686,38.15952152591986,POS,Food,TR,21,0.1714728661501044,0.23560763014182667,0
5764,578,420.8303721279666,ATM,Grocery,UK,12,0.35748465499311033,0.2068799189975788,0
928,107,8.336658215946612,ATM,Travel,UK,11,0.1315149472306068,0.12297157082305003,0
3243,247,666.7582823687408,ATM,Food,US,19,0.7670465080563807,0.3208053346508062,0
9721,867,61.94224780050137,POS,Food,TR,23,0.07984001984124495,0.15949574127012073,0
4156,445,81.1586383338488,ATM,Clothing,FR,19,0.27500193574352017,0.02446879652628665,0
5198,992,36.771663118865426,Online,Travel,TR,11,0.10893580354945187,0.031033173179283426,0
2518,5,300.83757326686583,QR,Travel,UK,10,0.05341161237573276,0.08729839432851451,0
4942,796,254.5289511051201,POS,Grocery,US,5,0.3209318685673117,0.2429370192485673,0
890,506,100.27823237935677,Online,Clothing,US,11,0.12080508562829179,0.09330008288058285,0
1578,735,81.03649432551767,POS,Travel,UK,11,0.020019992770751616,0.4863453196050154,0
2111,789,100.64747004857676,ATM,Electronics,US,13,0.5725927659856409,0.4077156377587779,0
8754,392,162.71506323087291,QR,Food,UK,22,0.13163578198600118,0.096374950829765,0
512,635,4.1705630549920345,Online,Travel,DE,14,0.20371052454995947,0.3866045815111486,0
5650,44,127.82806622036516,POS,Grocery,US,17,0.20246515766369,0.0623898796358188,0
9220,900,209.9873706113876,Online,Clothing,FR,3,0.2641790905162433,0.41799175868814986,0
8572,599,1.4983997007032055,QR,Food,DE,17,0.013747090439539193,0.10633390747623277,0
6159,971,357.54961493161534,POS,Travel,UK,22,0.4209791183547157,0.07570407697037035,0
6583,788,70.39038575770795,Online,Grocery,US,15,0.032046895100631724,0.04399574264915065,0
3731,112,22.501991659238037,POS,Clothing,UK,23,0.08543265061353149,0.028965217790619894,0
4665,214,206.71747326322847,ATM,Travel,TR,22,0.431821544661268,0.17674489234969687,1
5749,853,146.42737349866707,ATM,Clothing,US,12,0.012880819614411985,0.027542185614323617,0
5398,793,58.7223228199173,POS,Clothing,FR,11,0.15360785004130645,0.06494901444542144,0
7499,665,5.444708343033007,ATM,Clothing,US,6,0.029233931162666787,0.150033883783989,0
1724,490,179.83819535059493,ATM,Grocery,FR,18,0.09776562332014628,0.27980832649116283,0
2967,902,14.098848550625066,ATM,Food,UK,20,0.1373699286392516,0.3752583075385821,0
9223,849,125.9931860508013,POS,Food,TR,17,0.14007169468588784,0.03672775508644007,0
9670,674,43.17482854268586,QR,Travel,US,23,0.998736630233235,0.12189767184339866,0
7941,289,149.33451353532297,ATM,Grocery,US,10,0.09293018148013095,0.059169395616694286,0
5442,661,685.5657182520478,QR,Grocery,FR,15,0.25959339309222257,0.14078492100072254,1
733,872,66.64874467443958,Online,Electronics,UK,3,0.22427842760855451,0.3311738000081926,0
2983,233,394.9055839264889,POS,Electronics,FR,13,0.30863734353880634,0.28457797902895066,0
716,460,51.32161814956846,POS,Food,DE,20,0.14792779311134266,0.11830372227230157,0
6678,715,347.9017820341323,ATM,Travel,US,18,0.21349842881567688,0.0374732041198295,0
527,591,136.3622977895486,ATM,Food,DE,19,0.2048151672699005,0.3025581292677936,0
926,670,381.0531940442928,ATM,Electronics,FR,23,0.10110216692828562,0.08969216802920477,0
7958,597,5.173311383244127,POS,Food,UK,14,0.021354512135046768,0.11034207742581706,0
4024,620,569.3488704420469,POS,Grocery,DE,14,0.35364521621241535,0.16290505769974092,0
2249,323,297.4131667451368,QR,Food,DE,20,0.19148033709141066,0.13166920511259542,0
8586,781,162.61966934437484,QR,Clothing,DE,7,0.2924177850365357,0.3833641234760039,0
654,146,55.86892835299778,POS,Clothing,UK,4,0.11365430090282311,0.2048712236294253,0
1239,56,266.4862674361335,QR,Food,DE,15,0.23339521145413458,0.22789063238423504,0
7416,473,481.99797948179884,POS,Electronics,DE,14,0.12097918197413686,0.18707140693840166,0
7685,451,195.09129905181433,Online,Food,DE,2,0.9454709481817971,0.29783506388655834,0
3044,613,24.607732811597266,Online,Grocery,FR,15,0.19547437551293698,0.2998455851921232,0
2123,454,150.32293655492367,QR,Clothing,DE,15,0.10087909655080457,0.012274045443431716,0
6031,531,18.863155723181848,ATM,Food,UK,13,0.043980310920428485,0.21784842432799978,0
3410,427,105.45503409326604,ATM,Food,TR,16,0.2452332000997831,0.17111144924720653,0
6344,361,45.94878632679056,Online,Electronics,TR,20,0.049854354857439234,0.20768798865914234,0
3120,510,213.7307587986662,Online,Clothing,UK,20,0.10126997030916217,0.030929189119640932,1
8336,301,125.27901847294495,QR,Grocery,UK,22,0.15105397569960996,0.04518345314537499,0
3816,901,84.58756408054995,QR,Grocery,TR,23,0.2339757534368808,0.4148496777684685,0
6457,141,55.83399616928038,ATM,Electronics,FR,20,0.21095747358317582,0.12160035771798162,0
5406,759,8.393066703462674,POS,Clothing,US,7,0.07855577565771944,0.4076887227047094,0
7094,181,493.53645972073247,QR,Electronics,FR,14,0.38383231657179145,0.4080286730864162,0
1641,990,10.736943854335173,Online,Electronics,TR,16,0.10520884797421677,0.34535904322889366,0
7489,653,89.5645397874463,ATM,Grocery,NG,5,0.07273600638196526,0.1375244806377786,0
9457,119,65.7690097087244,POS,Clothing,UK,14,0.19320774048484654,0.27842500045668034,0
3427,180,562.7820153656188,ATM,Food,UK,23,0.15075009570744466,0.36688262210450856,0
1336,610,40.98091738781372,ATM,Food,TR,17,0.15964665755724136,0.13745575660291254,0
9921,815,142.9279493235163,Online,Food,US,23,0.183900511506746,0.05643092714585514,0
6456,698,364.4988048154167,ATM,Food,TR,8,0.22947209679499025,0.37328057275869353,1
8375,575,85.86044545216804,Online,Clothing,DE,11,0.10023703495174122,0.163354209456919,0
4624,11,83.70252073699707,POS,Grocery,DE,4,0.20608556586752622,0.1481651895675726,0
3515,105,7.543023438928393,ATM,Grocery,US,22,0.37843544863518463,0.1725762820357492,0
2949,69,106.17274707967152,POS,Electronics,TR,19,0.11829394642449345,0.0992014923773058,1
8430,195,275.00604943099955,Online,Food,US,20,0.27453735423001396,0.05927914005373223,0
6618,378,91.84420089333645,POS,Travel,DE,21,0.20778092802851006,0.7157066439732513,0
9689,715,99.0408686062109,POS,Travel,US,15,0.09098925827849343,0.0036448588567502055,0
9762,185,14.85285722980116,POS,Food,UK,17,0.11920940531932005,0.1445297776997716,0
4588,270,542.6840903585904,Online,Clothing,US,22,0.15254453202770707,0.22940298776922388,0
2356,833,22.30128730554629,POS,Electronics,US,16,0.12403007567381245,0.026124012372255437,0
9936,347,28.48961287613297,POS,Electronics,DE,12,0.13667720596854813,0.039481969195545835,1
9029,851,81.69843327699137,QR,Travel,UK,9,0.17396993369510308,0.22953095774268517,1
3765,309,1.146971190920982,QR,Food,TR,22,0.056768251067024836,0.03698796561425724,0
2592,740,434.01362934976265,POS,Travel,TR,9,0.04129697768391957,0.20934979298119316,0
5912,259,139.34944555067403,QR,Travel,TR,13,0.8186945843336619,0.027714212976524145,0
3656,12,109.91639267088544,QR,Grocery,TR,3,0.09824722669788019,0.09406643783320835,0
6227,885,177.9604587640145,Online,Food,TR,22,0.145282533411624,0.173204725258324,0
9213,667,35.41184865046945,ATM,Electronics,UK,10,0.33410616595659287,0.22023243616732596,0
3280,596,14.591107137319042,POS,Clothing,DE,14,0.027864091670589227,0.12067252362674853,0
5187,657,5.7160653501837855,Online,Food,DE,18,0.11817214078707992,0.1945101836143569,0
3745,791,942.3570610828082,ATM,Food,FR,17,0.185084150136701,0.15243603628097246,0
1570,838,101.27342458773849,POS,Grocery,UK,22,0.034032821890391425,0.12751374293423692,0
3566,904,95.84517428152347,Online,Food,DE,14,0.23500632824507836,0.027609084559723353,0
8975,162,10.320734743176166,Online,Travel,DE,21,0.2826696457044002,0.05321710144856197,0
8715,264,583.6362983245892,QR,Grocery,FR,21,0.2798061600002144,0.2078763564209857,1
3180,545,54.302752536392425,POS,Clothing,DE,20,0.11180984403567898,0.12149997784839268,1
6181,467,81.28408265105402,Online,Food,US,21,0.053856737242643116,0.16618499365255188,0
3292,920,77.43727693924944,Online,Travel,FR,21,0.001911637981178129,0.1075709816783323,0
7691,233,491.10308183004406,Online,Electronics,FR,18,0.5976106593444622,0.25418914124336733,0
5750,730,12.517830998316029,POS,Food,UK,20,0.2047778074117049,0.09247388765360377,0
2294,692,117.88953663491357,Online,Clothing,US,17,0.15225190730995702,0.022383033148876786,0
4259,312,423.62674701121347,Online,Grocery,FR,17,0.17594054229406536,0.08065105054836508,0
9455,731,36.141467145043,Online,Grocery,NG,14,0.21772122494756127,0.17250839611594537,0
1977,907,2.965493936562571,ATM,Food,FR,7,0.036381718760039726,0.1567688855810382,0
6589,207,39.24729502331892,Online,Grocery,DE,17,0.3374241916879255,0.13566954022860112,0
6454,198,182.05811920734214,POS,Food,TR,17,0.04410129987488745,0.02726563398774295,0
3273,71,128.32320534298407,Online,Travel,FR,11,0.212369794108572,0.07078748580624336,0
7713,451,285.33685465693435,ATM,Clothing,UK,3,0.5421178315508912,0.4196239598880761,0
4619,339,74.74280258479872,Online,Grocery,US,18,0.11121631438959176,0.33698496449309273,0
7046,899,244.70125140158396,POS,Clothing,DE,16,0.3625048260639949,0.45066237099914525,1
1,462,160.7838107870409,QR,Food,DE,1,0.23447629744408213,0.13242769835362567,0
7672,166,196.9704120421566,ATM,Clothing,FR,21,0.21634528558679328,0.39303895826898005,0
3963,728,22.590548313607126,POS,Electronics,FR,17,0.005556200292554034,0.08988866554641806,0
8473,337,100.71791151835104,Online,Grocery,DE,14,0.011820604166086102,0.09355009818343592,0
5725,710,642.0295330130688,ATM,Travel,DE,19,0.5797842652737437,0.5227318832822838,0
9376,566,388.900231633575,QR,Travel,TR,21,0.3617065349828199,0.39889788488172534,1
6718,808,367.31065890035336,POS,Clothing,UK,17,0.09465415534445819,0.00835539516221485,0
9332,575,36.723876927718,QR,Travel,UK,23,0.23602860196973577,0.24891993073563712,0
3509,791,815.3277543194337,POS,Electronics,US,14,0.4799780518916706,0.33200599542205644,0
8137,499,26.35380122370151,Online,Food,US,22,0.028780848255186255,0.030999324779179195,0
7237,222,30.755388706144988,POS,Electronics,TR,7,0.21048038435291044,0.08465436468855614,0
8679,809,71.26007966014998,Online,Clothing,FR,2,0.07718188038997215,0.07485809687235173,0
276,593,203.48167834836045,ATM,Travel,UK,17,0.0682184138873743,0.04239151890602695,0
8994,873,10.81418918493254,POS,Travel,US,11,0.06779002706172908,0.05574686780054514,0
2016,70,1.095375637746127,Online,Food,TR,23,0.09515990223817967,0.09941065170015873,0
5995,766,117.46266547163117,ATM,Electronics,DE,9,0.7714934347771703,0.16414107079553802,0
8927,144,587.8448944196197,Online,Food,DE,19,0.050051956943599124,0.08224726349726347,0
4118,506,186.39096467872736,Online,Electronics,TR,14,0.11192673637058226,0.12821232477430758,0
4504,212,182.52914670566193,ATM,Electronics,UK,9,0.28218365214982866,0.1820435514565359,1
8117,463,104.82694531603993,QR,Electronics,TR,22,0.134047085037118,0.05629438399025994,0
4042,583,102.35864644302346,Online,Electronics,US,19,0.11584031306364455,0.014956443620294066,0
5898,238,2.4889342671983488,Online,Travel,DE,16,0.12122051417238432,0.04370718528639192,0
5188,782,94.11937032855641,ATM,Travel,DE,14,0.15657920210800735,0.07120949418439369,0
8850,701,766.1999791368249,Online,Grocery,US,4,0.03125128087000552,0.15672697266218016,0
3423,487,6.227256191165041,POS,Travel,DE,18,0.005866471851132575,0.043960833737538466,0
7773,130,188.49090060885476,ATM,Electronics,UK,8,0.14867092415312344,0.1860017599408998,0
1663,412,255.2098129829676,QR,Grocery,UK,20,0.18956093720694023,0.08462556443073532,0
241,164,154.70311974454444,Online,Grocery,DE,20,0.23429161361523917,0.09235973177892519,0
2746,207,28.071157005606654,POS,Food,US,20,0.039341202873134404,0.015553337008923362,0
4757,231,218.55108090879037,POS,Travel,US,10,0.0980183299589369,0.004739080478566351,0
1387,691,31.987066637074015,POS,Food,US,21,0.21874624843610901,0.260709530933032,0
2918,24,350.22806181489256,POS,Food,US,15,0.08445838762649306,0.08049861480765591,0
49,932,96.75845680975254,Online,Food,FR,17,0.047416518164795064,0.20952264452877215,0
964,978,237.92381217323253,QR,Travel,US,6,0.07962775316871645,0.14145393359854658,0
8391,867,810.4081691968202,QR,Food,DE,17,0.04071006394919079,0.7513698713316187,0
4178,942,1.0565944932723266,POS,Clothing,TR,20,0.18652911708847336,0.04457173844845163,0
2696,297,174.35572004297052,Online,Clothing,US,8,0.2717145941138195,0.24337893767889895,0
7715,396,282.6771692488757,QR,Grocery,UK,13,0.0341100844224441,0.4330956762907489,0
3860,595,134.48628097830303,POS,Food,UK,18,0.29071859631964087,0.012500177678423902,0
7404,437,81.06447340593546,QR,Electronics,US,23,0.005093237033613486,0.002072890647120642,0
7846,975,800.2805515155243,ATM,Travel,US,14,0.23740729371139965,0.061684169521362395,0
4676,867,248.15065544952884,Online,Electronics,FR,13,0.4685657307125545,0.07756861917083695,0
3269,854,50.21220882477279,Online,Grocery,TR,5,0.06705479505316993,0.3623153577031073,0
943,870,99.6947836226506,Online,Clothing,TR,16,0.4839805482745967,0.3109825375258122,0
4163,221,23.670159643808883,Online,Food,US,22,0.005867659192120892,0.054656277216137195,0
9202,754,13.740069294442222,ATM,Travel,FR,22,0.1348760743775748,0.05031137541442128,0
677,210,103.3104721461061,Online,Grocery,US,13,0.11273120784960934,0.04335082313141202,0
513,208,47.846448765323835,POS,Electronics,US,17,0.07294940592357037,0.1350817902374282,0
7746,750,220.4454727100606,Online,Food,UK,17,0.7505653741052318,0.2004435708396419,0
1092,0,2.4826651659931174,ATM,Food,DE,20,0.10261196602832158,0.08326519669431012,0
8856,819,100.49371615587475,Online,Travel,FR,21,0.21910282260387942,0.20417147909793834,0
8645,292,449.6743863253866,ATM,Food,UK,20,0.11777944616256562,0.061212592976650354,0
9801,213,561.6209679908933,POS,Clothing,DE,15,0.2126291438723965,0.08422271601956306,0
8085,527,796.974912963573,Online,Food,UK,16,0.39800199893379046,0.6459516378798487,0
5583,547,34.48230191007412,Online,Electronics,FR,23,0.13092464661572695,0.0301305547836167,0
9743,160,366.65039918674563,Online,Grocery,UK,17,0.21270433238358705,0.13719510510629462,0
9253,706,340.5195245276764,ATM,Clothing,FR,17,0.049241663591837376,0.12282363441232907,1
504,913,738.052321645599,POS,Electronics,US,13,0.16672441908558297,0.10865473447865324,0
3914,817,39.729005571554914,QR,Travel,UK,21,0.09028721141298593,0.17336249834989323,0
7193,134,413.7889919937074,Online,Travel,UK,22,0.17893843236769624,0.22805839668578462,0
1745,99,16.52668348428236,POS,Food,TR,13,0.08230516928287059,0.04166869264025458,0
8745,340,60.78731313749937,ATM,Grocery,FR,13,0.3634290358404667,0.24264453847652337,0
8924,501,30.182873577170078,QR,Food,FR,20,0.13375520237513894,0.04312889145082891,0
8152,844,289.6765788146206,POS,Food,TR,9,0.023298910811326217,0.14232902945000558,0
2918,651,375.9312967760884,POS,Food,TR,19,0.03712758049234463,0.0896157238362843,0
2729,819,9.622453619309834,QR,Grocery,US,15,0.15004050385360412,0.00876511172424349,0
6474,210,59.26390076204328,QR,Travel,DE,17,0.019149931654135078,0.14299835402049502,0
7937,926,40.37446209566154,ATM,Grocery,FR,5,0.18441629362401193,0.0643502058361838,0
9105,284,7.621722553072888,POS,Grocery,UK,22,0.036061367884917025,0.0284067552155492,0
7473,494,80.48932505337919,QR,Travel,TR,19,0.3395650721884684,0.27888117847027033,0
8240,112,79.29601324883032,Online,Food,US,12,0.17280161604880964,0.22992856757162852,0
5643,705,60.312833386765895,ATM,Clothing,TR,11,0.19279897217973196,0.03954701781264845,0
4703,719,144.45609976017167,QR,Grocery,DE,12,0.24894636909156376,0.16803435965383243,0
8798,216,272.581562510436,QR,Clothing,US,23,0.06617023853930763,0.05613707138360693,0
8478,508,38.64701309593442,Online,Grocery,FR,20,0.1729968218032784,0.0806981297664654,0
415,584,13.253569608573676,QR,Food,FR,4,0.10866561381527001,0.061964077518819986,0
5046,937,4.422385300459153,POS,Electronics,US,8,0.11856615142290633,0.5006574370696834,0
5171,698,256.31648737089586,ATM,Food,US,21,0.14989753722750396,0.18313332542427263,0
9037,621,11.41503165331098,QR,Clothing,DE,7,0.1320083999397756,0.04133043210787585,0
9620,531,368.76510502163103,POS,Grocery,US,18,0.4727217390532309,0.05241553225145621,0
9139,157,33.947517948415374,ATM,Clothing,FR,7,0.02524313051071516,0.08150939843418803,0
5577,2,6.276311621944346,QR,Electronics,TR,18,0.07794456241688728,0.3432125768234684,0
5681,479,114.83446628723773,POS,Grocery,US,22,0.13869042232054957,0.36541382173813336,0
5325,908,91.19344718125954,QR,Clothing,DE,13,0.18677018749809315,0.11818215918836193,0
6240,16,72.33744177628333,POS,Clothing,US,13,0.038262215853991484,0.02298911752077262,0
2953,886,119.27253416541747,ATM,Food,UK,14,0.40017972086950915,0.480003476488105,0
5960,677,249.6622656881177,POS,Travel,UK,17,0.12726619430254169,0.06559703253975244,0
1281,452,51.68969638977063,POS,Food,US,5,0.2581609384832007,0.11654385253075289,0
1206,671,14.976403456469937,QR,Food,DE,22,0.3504002833185037,0.23766234304437547,0
7143,76,74.74364345701409,Online,Food,TR,9,0.3472612537920821,0.4114486346320535,0
8952,501,214.83149143808785,ATM,Grocery,DE,13,0.25528442065257567,0.32849001742815365,0
9429,641,252.7120573987841,Online,Clothing,TR,23,0.43845052702877674,0.12339973177664126,0
7719,743,64.08877397837503,Online,Electronics,DE,21,0.19723118662764658,0.9996026492679309,0
5901,938,373.542891530434,ATM,Food,US,15,0.612261868864001,0.346141468587078,1
4637,432,280.989272611844,QR,Grocery,DE,18,0.1744399312576536,0.13090931548534013,0
2420,583,25.82898081120482,Online,Clothing,DE,23,0.1760800900977721,0.25874467595151773,0
4449,701,82.1359969334385,Online,Travel,FR,1,0.5060990958497643,0.04389059827030907,0
3506,65,311.3113885403865,Online,Food,UK,17,0.28826217770633067,0.023925364309269885,0
1152,637,1.0442073810309698,Online,Food,TR,21,0.04851741674043702,0.0632449385876088,0
9373,206,109.20484126190755,QR,Clothing,TR,16,0.19013987232982668,0.2126194110112575,0
4651,99,384.9561825101864,Online,Food,TR,11,0.10433713640449,0.23884116346771783,0
56,174,1.9358906589908629,QR,Electronics,US,15,0.03677755017972056,0.021442519393804885,0
2877,90,25.457927639235407,ATM,Grocery,UK,18,0.1727113977329041,0.06793306039904576,0
8275,958,182.53453719786216,POS,Food,TR,22,0.2608762488972514,0.5206784577169478,0
9929,608,16.179531071882746,QR,Grocery,TR,21,0.0010635484412551445,0.013306387716414542,0
321,190,158.4446043579563,QR,Clothing,US,9,0.06437590023064868,0.13547245212188785,1
6380,870,7.236191293515114,POS,Grocery,US,8,0.15732297951993723,0.14503261146267202,0
8008,146,173.82163699271933,POS,Grocery,TR,21,0.30860534885317525,0.16447918939099399,0
9192,457,556.2536303187663,QR,Travel,UK,15,0.32457163355183055,0.42620613686282166,0
5252,616,11.931056338941483,ATM,Travel,DE,22,0.03907376062376246,0.20565662028722706,0
5696,47,393.84510866888024,POS,Food,TR,17,0.24787098251269238,0.2180085003731695,0
1900,566,46.18199584546706,ATM,Clothing,DE,15,0.28887212321430633,0.3974288996484649,0
6576,906,48.99381584134497,ATM,Grocery,TR,19,0.3172470300027389,0.2450535785463846,0
1170,441,92.03610005182816,Online,Grocery,UK,7,0.2637659221464165,0.20703420701635947,0
5047,230,28.681105421282385,ATM,Food,TR,5,0.031205471355273712,0.13465588159655825,0
5956,424,7.633433317651884,QR,Electronics,FR,6,0.0372792592632592,0.050966333986883536,0
2528,808,13.34166315093758,POS,Clothing,DE,16,0.28243287523117566,0.43902831458740155,0
9387,184,146.17407416827842,QR,Grocery,US,6,0.05896858480608548,0.04430471302416433,0
5052,959,83.86106319515348,Online,Food,UK,17,0.07988959652804671,0.12648626870736904,0
3036,663,84.21222494378932,QR,Food,DE,12,0.2997395370241888,0.14409872589400147,0
2135,188,196.59339824187174,QR,Clothing,UK,23,0.3743404873538041,0.1616722234613726,0
9804,446,307.5635908518828,POS,Travel,DE,10,0.19157583836770042,0.25407681678697425,0
559,731,24.36713221486691,POS,Food,TR,13,0.03050674424476124,0.012859392569441797,0
6347,258,1284.5506782376506,QR,Food,UK,14,0.3587600712502611,0.2746878729900533,0
2867,697,26.471799670159275,Online,Travel,FR,21,0.1352238502963529,0.1352776786636806,0
158,155,316.8484984815252,ATM,Electronics,FR,22,0.12851532967724724,0.5962173163622331,0
6457,935,309.58579696606245,QR,Electronics,DE,18,0.09874293881989359,0.7353990867154555,0
8280,696,49.136105231549806,POS,Food,UK,11,0.3797001638593303,0.22735931624226707,0
370,78,13.167639933301173,QR,Electronics,UK,22,0.16974459802159736,0.0310266121911119,0
5404,594,211.19006822581272,QR,Food,US,4,0.14750014788685184,0.5687884317408382,0
8595,537,713.4445306121399,Online,Electronics,TR,6,0.1417572335179423,0.43655126228477614,0
5401,562,171.33279235783306,QR,Grocery,FR,9,0.03464462200114097,0.19798052964655546,0
9729,110,166.52016893017472,Online,Grocery,TR,18,0.12606187445057243,0.3849714897264851,0
5407,751,8.97210089004967,QR,Clothing,UK,10,0.05697889388207587,0.017251425769561318,0
977,882,13.898568342156715,Online,Clothing,TR,22,0.05027913818751966,0.20424538376562063,0
9592,254,611.4244029754695,POS,Travel,DE,12,0.5299295763097116,0.168027167946183,0
3210,623,15.780885500778892,POS,Electronics,UK,20,0.16595311257484996,0.03678578564599214,0
9709,126,6.983198640798335,ATM,Travel,TR,5,0.009426483229304505,0.007663505537132295,0
6923,905,300.18303190219467,ATM,Travel,DE,4,0.22954486451808834,0.07287196377448989,0
3885,951,55.21530947201741,QR,Grocery,DE,14,0.0767781327418961,0.13235950498617477,0
4840,87,170.02520635755494,POS,Food,US,11,0.32708826535129515,0.18538629595451114,0
9170,898,69.52776955930467,POS,Electronics,DE,21,0.30263054443287735,0.04173938482681765,0
2637,443,15.706266060261854,POS,Grocery,DE,2,0.02998184081830355,0.6882653300669797,0
7234,45,13.148090957550687,Online,Clothing,FR,20,0.27183697011963043,0.07189156024500302,0
2440,165,7.596882017833193,ATM,Clothing,UK,14,0.3460035235391309,0.033368470463607455,0
6605,87,110.85414481776128,QR,Clothing,DE,22,0.04028291297401281,0.10638638050286384,0
9514,368,63.238273323858074,QR,Grocery,TR,5,0.20113496168690356,0.1935956062826038,0
5165,15,539.2820017132999,POS,Clothing,DE,17,0.17671112096186478,0.9996026492679309,0
2364,575,16.21840676175461,Online,Food,US,17,0.14239218484240693,0.010997107345656489,0
1081,645,118.30474486812943,ATM,Food,US,6,0.010231831559437573,0.008809374490882739,0
7260,780,4.032310138922882,Online,Clothing,TR,20,0.06808574357550401,0.0707971143516279,0
6993,921,144.26594363368338,POS,Clothing,FR,18,0.2907420473761731,0.1475471531802729,0
4938,676,420.64756148923334,ATM,Grocery,TR,13,0.2725194841474529,0.13337830977680953,0
1076,597,236.93555338106665,ATM,Food,UK,19,0.07303935927680791,0.11988699698730941,0
9670,153,85.26269094386849,Online,Food,FR,17,0.06508454982602814,0.15903307886551635,0
4408,213,81.62276976196445,QR,Electronics,US,9,0.07323310318558868,0.04301421078074295,0
7905,15,87.85983704338925,QR,Food,DE,18,0.07091623259408542,0.3630138412481008,0
553,998,25.712211693203674,POS,Clothing,US,13,0.33890001524209723,0.31299131823516396,0
8520,207,2.2782843194963522,Online,Food,DE,11,0.032711379922846555,0.04316190584554536,0
3757,310,190.05120088742697,QR,Grocery,FR,19,0.12107575004412409,0.297295910747499,0
5480,936,92.144311468826,POS,Travel,US,22,0.202465130898516,0.06400684464023758,0
3917,890,510.45061202497294,POS,Clothing,US,1,0.2789259467933996,0.22552134924534095,0
6233,837,555.1638728808513,POS,Food,TR,21,0.31659099028382626,0.20672093810622347,0
6485,123,95.97877996410142,POS,Clothing,UK,22,0.3990781714378063,0.2352545142952256,0
3884,277,17.421014719381507,ATM,Food,TR,5,0.037850479712956464,0.36115646270364504,0
9312,739,208.6307908073073,POS,Food,TR,22,0.3121387917056937,0.33650486077678204,0
6199,680,66.22311565561279,ATM,Travel,UK,15,0.08999531813991209,0.023859574049868073,0
4497,650,25.468699991595102,POS,Travel,DE,19,0.06295524715768396,0.057806730274433255,0
7390,391,237.6449694067344,POS,Travel,DE,12,0.10294188997858979,0.13782481802807117,0
7191,298,227.308575109892,Online,Travel,TR,22,0.11459109442735017,0.09100274692339565,0
5808,21,236.84092055637979,Online,Electronics,US,21,0.20878364611173458,0.11936383130339764,0
2582,461,241.65580603009596,ATM,Grocery,FR,9,0.8741903758302404,0.2265986884276145,0
5665,481,366.3511877605538,ATM,Clothing,US,14,0.07604658791031443,0.07813360848859913,0
8833,282,26.013269172855736,ATM,Clothing,UK,16,0.011631413848148163,0.012739450847095324,0
2285,423,19.52076460154968,QR,Clothing,DE,19,0.17587788683266017,0.034432094018493745,0
2658,955,8.37560484978996,ATM,Electronics,US,22,0.027987841701448718,0.09536103583169973,0
2345,861,198.3635919160538,POS,Electronics,FR,8,0.1563901954625822,0.3704754876635976,0
6588,838,202.74941125257217,Online,Grocery,US,12,0.08877930898136706,0.07793359594893176,0
49,408,132.11593777637253,QR,Electronics,US,2,0.1083207931478056,0.18545891210440882,0
6513,273,19.061570077898065,QR,Electronics,FR,20,0.005956269487985778,0.14669618331793283,0
2911,701,4.705117253325863,Online,Travel,US,9,0.19184425717339157,0.16075398854377423,0
2598,490,12.209970859507171,ATM,Food,FR,12,0.20857817883475707,0.016471969658103047,0
6361,503,97.9204947966204,ATM,Electronics,FR,23,0.1237424472466021,0.05848144383544229,0
776,675,117.28567669869796,POS,Clothing,UK,6,0.2582186538137992,0.2986418477473867,0
1442,426,74.44453673486193,ATM,Travel,NG,3,0.35914866319252076,0.19015933148642536,0
6625,749,429.8203353903534,ATM,Food,TR,17,0.08308322059092955,0.5349967286858268,0
264,959,10.663001221104555,POS,Clothing,TR,16,0.0014357750885042636,0.10620751017716622,0
6046,891,42.0840600768367,QR,Electronics,FR,6,0.12969895372313,0.39023542507716397,0
4297,701,103.63030374405822,POS,Electronics,FR,17,0.020614552970542006,0.13607026436121689,0
1474,973,1.2331923841522938,POS,Travel,TR,10,0.050259196671436954,0.038234594181268254,0
9517,725,247.2400457936932,QR,Electronics,TR,16,0.18321369987996242,0.014323454871677962,0
253,320,158.16427412106623,Online,Clothing,DE,13,0.5095090327594906,0.4464415477434914,0
9037,39,902.0102455467177,ATM,Food,UK,13,0.2556761408344669,0.2079944467909303,1
373,849,94.342814694053,ATM,Electronics,US,21,0.342104879679345,0.12532995537030253,1
6149,171,56.08107082290585,POS,Travel,FR,8,0.03272778705895788,0.02405688361940433,0
2923,692,296.5732486374229,POS,Electronics,TR,20,0.08687541274999618,0.1636226496794861,0
5984,68,61.10746925062322,POS,Grocery,DE,22,0.06322289526861397,0.05195923789476204,0
277,92,110.12587892488142,QR,Grocery,US,19,0.07531458873479543,0.16822847128035492,0
676,771,22.70797127056323,ATM,Electronics,TR,21,0.06903013433750078,0.11092973644046175,0
7360,974,1092.0169479222272,Online,Clothing,UK,13,0.4729884132955351,0.34413501481135406,0
4376,989,796.0512307535505,POS,Grocery,UK,12,0.19906985698582086,0.06059515482220476,0
9574,47,4.525052657237732,ATM,Food,TR,13,0.11620084693766167,0.16205746174235977,0
3115,892,500.747552956195,Online,Travel,FR,14,0.48630440695078153,0.05452981249399296,0
9592,690,748.9524076267321,Online,Electronics,DE,4,0.1709774877730156,0.4552087888954463,1
2030,246,80.29077953682315,POS,Travel,TR,7,0.3965189420465784,0.14888030181274528,0
1714,162,54.647445374922455,ATM,Clothing,TR,19,0.1868631310360049,0.04595404419364691,0
5216,533,192.81011377022392,POS,Grocery,UK,22,0.5982163795606399,0.20681231783337561,0
7751,333,128.591828979228,POS,Grocery,US,23,0.152168684818723,0.06776897852525046,0
3262,426,20.08287357820642,POS,Food,DE,15,0.1142841001853664,0.021496745150529507,0
2630,533,164.7177970507321,ATM,Travel,US,11,0.1702690534896986,0.06198218480953709,0
6255,68,55.59587996171102,POS,Food,DE,14,0.1823634997999726,0.06960105444922202,0
3807,164,24.567734619887037,QR,Food,DE,23,0.007244591744585092,0.09331525834521595,0
7379,562,46.859750060295006,Online,Electronics,FR,14,0.008270501912778302,0.0011996547822299528,0
4692,173,253.33391491948575,ATM,Electronics,TR,10,0.09533581213931493,0.10399335065956838,1
4111,803,112.75137432212449,POS,Travel,DE,12,0.018522609629708447,0.0560166843998059,0
7155,762,230.41295726710734,POS,Food,UK,11,0.02747311483415649,0.1118955917623374,0
178,908,3.08062454977412,Online,Electronics,TR,12,0.001415737980615942,0.039665546757357624,0
8832,773,9.87382291242858,Online,Food,TR,2,0.006269179126051748,0.0323508528418826,0
8535,659,54.73971015115827,POS,Grocery,UK,23,0.03520491778964497,0.19829069101061383,0
231,445,292.6228633119169,POS,Electronics,US,20,0.35389992357075584,0.18313921388539095,0
8920,40,3.9242473159990205,ATM,Clothing,US,22,0.22952592302942187,0.07580931338458366,0
6798,697,286.2526737693498,POS,Grocery,TR,19,0.12950554389918087,0.11768498728020901,0
586,308,52.1105679997726,POS,Food,DE,19,0.04142112860517695,0.23820847237803316,0
8583,284,1.9733556942334036,POS,Clothing,DE,17,0.029873304554702884,0.002239873523049166,0
5580,106,308.4779655002298,QR,Travel,FR,3,0.22273438646739413,0.1873200750340923,0
3584,569,43.71094560954851,POS,Food,TR,19,0.2664668623393879,0.48420606788847076,0
8819,831,101.08400765298028,Online,Electronics,UK,11,0.4166754643305934,0.17396782742832537,0
3671,835,44.996870974136165,Online,Travel,US,3,0.13383356457692097,0.3031198760805639,1
901,323,4.161283955550858,Online,Clothing,UK,7,0.15638370746450864,0.2509154315361395,0
6491,64,1058.7030673958566,ATM,Food,NG,3,0.5769934929651122,0.3285264928585222,1
1339,816,224.38793476313757,ATM,Travel,US,11,0.06663795207047415,0.21686838127891453,0
6034,385,452.1589858069278,ATM,Food,US,16,0.18386235170665602,0.022655867789448704,0
2060,497,916.8295874308698,Online,Clothing,US,12,0.15898403552656093,0.026417672533614416,0
8481,738,83.90948778462993,POS,Travel,DE,12,0.13568938178775974,0.8334288143144898,0
7455,725,417.5910342187888,ATM,Electronics,US,23,0.2790256369112787,0.3504691691535545,0
3779,500,232.30047004214984,Online,Food,UK,20,0.06953415957304689,0.10948192166681446,0
9157,196,281.8820792898107,QR,Grocery,TR,11,0.1109775425634695,0.15452257826988428,0
3257,164,62.358378536224706,ATM,Electronics,DE,17,0.18751983545281425,0.11579598366440003,0
1634,656,90.66582991306213,POS,Clothing,UK,9,0.17031521216859663,0.02874198685191004,0
9342,554,330.2797995684557,ATM,Travel,DE,7,0.25067345744486746,0.17632984394931012,0
3757,391,126.67214256381547,QR,Clothing,DE,20,0.2118149202015627,0.04792808981291207,0
9866,85,163.8440293500898,Online,Travel,UK,17,0.25298244102949213,0.32737642383381277,0
5589,832,744.4393102660754,Online,Travel,DE,16,0.47864687760545255,0.31732184248204437,0
3516,852,2.112414355773078,Online,Food,US,8,0.15700410029725478,0.17772422433231228,0
6035,680,67.797869546074,ATM,Electronics,FR,18,0.03143120989731141,0.12368225639887431,0
4684,821,287.2762244132982,Online,Grocery,DE,8,0.23306954161902677,0.24692520614525335,0
7047,839,122.34724019722397,POS,Electronics,FR,20,0.2508044925838063,0.13983357530652932,0
3300,481,329.5181112789112,QR,Clothing,FR,8,0.18113980515771247,0.17705986468152826,0
9812,420,57.751257008121854,Online,Food,US,21,0.013924572396161707,0.08591358459195148,0
3519,272,255.68270285220825,ATM,Travel,FR,15,0.2666258968075379,0.257841320503237,0
7899,843,100.81397410429174,Online,Clothing,UK,21,0.1014034032668353,0.10237960044082242,0
349,712,2.6776724251308455,Online,Electronics,UK,14,0.39909592759996787,0.08912310751207735,0
5234,660,132.82890993812975,ATM,Electronics,UK,18,0.3589612655111677,0.34748919648081933,0
7082,842,3.8753597650323175,QR,Food,TR,18,0.155282651045806,0.30074865411225493,0
5684,111,337.76992727959646,ATM,Clothing,TR,21,0.2056221356308301,0.2872016307634432,0
8037,622,186.96841147384018,POS,Travel,US,23,0.2408045516961062,0.05418151095414016,0
7863,676,1.0070494189021055,POS,Clothing,FR,19,0.07291428702192179,0.285622886850689,0
8531,69,326.7342670498867,QR,Grocery,TR,20,0.09981608638846617,0.06559697603170261,0
1698,233,81.50663333607292,Online,Travel,DE,20,0.07380197674543014,0.08098615103088926,0
4352,693,69.35630366674533,ATM,Food,TR,16,0.3609944312569447,0.20575190348607614,0
8303,161,13.273416546109464,POS,Travel,TR,23,0.030498487471539954,0.09460808398500807,0
1679,383,119.07359913933003,POS,Travel,US,13,0.47494028711957775,0.05322906737758637,0
9862,793,135.77811806807432,POS,Food,DE,18,0.17049607735425445,0.25492836054478757,0
7965,972,101.24702278063198,Online,Food,FR,7,0.2360213776046794,0.15863526642625092,0
6524,417,132.7637685179553,POS,Clothing,TR,19,0.3351777331818854,0.34624390574951214,0
8931,690,1107.7896651599826,Online,Food,TR,6,0.16771689856135208,0.06696920279285468,0
6638,188,332.70052796472896,Online,Clothing,UK,17,0.14271278489148423,0.03885541069043845,0
3141,472,251.93431861863613,ATM,Clothing,FR,12,0.25818100647537273,0.4269716691459045,0
6845,53,22.971827150839047,POS,Electronics,DE,9,0.09710492039963217,0.06950988138830412,0
7768,624,268.4521832397314,POS,Grocery,FR,23,0.06093056661330514,0.1554641081072601,0
1719,293,16.486096688655447,Online,Food,TR,7,0.03836372125516094,0.11544382382708333,0
8993,246,591.8052581235088,POS,Travel,UK,11,0.5631281243187491,0.0743913502149287,0
2574,693,108.42857495999269,QR,Electronics,DE,20,0.2861827372222282,0.1024268800655365,0
5825,114,27.191064076315858,Online,Clothing,US,20,0.09192057170735249,0.2627335089663795,0
6228,420,911.0308700347036,ATM,Grocery,TR,10,0.605810425950825,0.6456626314118652,0
7110,447,94.63578190306391,ATM,Grocery,DE,22,0.15831751494353044,0.22477089685719137,0
5579,400,35.99206656395266,POS,Travel,FR,15,0.36045188574052633,0.17547083934862331,0
2408,543,740.2115090815174,Online,Electronics,TR,11,0.1844437540825729,0.10898052223347414,0
3040,587,124.9734388240145,Online,Food,US,16,0.05795991266678005,0.19282235666740175,0
3278,502,189.6072291793231,Online,Travel,UK,10,0.0692834609884795,0.03113443852608673,0
4476,246,75.9076902945347,Online,Clothing,US,11,0.07144560910968013,0.08276805198351211,0
7940,554,133.95654184280826,ATM,Electronics,US,6,0.11679526107990601,0.03741884331311821,0
9438,600,85.76556303523992,QR,Clothing,TR,13,0.1866318116181635,0.09060872644795509,0
9980,717,482.5484318214348,ATM,Food,US,7,0.054469765672908954,0.2335267575897972,0
3808,322,64.78521560140592,Online,Clothing,FR,7,0.13478108873786301,0.03836544737950805,0
6622,219,115.65286147074242,POS,Travel,DE,4,0.3030599063564712,0.11816422847443969,0
2668,78,8.893521880961794,QR,Travel,US,15,0.04774523203485475,0.018272362741775627,0
71,129,121.90584047449586,Online,Clothing,US,15,0.4085309118099867,0.6238942805837357,1
4496,170,198.48009405797058,Online,Electronics,US,18,0.08125277500248183,0.35434523151985114,0
1075,771,140.3432282921276,QR,Electronics,US,18,0.00306836040307102,0.23657638062469388,0
1894,206,436.6255984671792,POS,Electronics,FR,13,0.27561767777454665,0.10460413892161985,0
2618,388,26.870186438813946,Online,Food,US,16,0.019962136859904438,0.0074591271967622145,0
3270,716,1.9386253575477508,ATM,Clothing,US,13,0.02356020330250638,0.0033354700575217106,0
9355,171,10.791583070660627,POS,Food,US,20,0.051176066097582115,0.04782096792939756,0
8776,121,113.94766205028607,POS,Grocery,UK,23,0.07840132304152742,0.10512682119696232,0
848,245,298.87558961279865,POS,Electronics,UK,8,0.09391685287632125,0.05751268488022384,0
6581,291,4.608858192185097,ATM,Electronics,TR,10,0.13695257389713758,0.06422059575647755,0
6304,672,175.25564702387786,ATM,Grocery,DE,20,0.08273895008619679,0.08470221562929854,0
8835,354,113.37025251705495,POS,Clothing,TR,5,0.25244170485996553,0.41572688711221867,0
6547,788,2.1873377888001504,Online,Grocery,TR,19,0.03578506313077166,0.12155740679277442,0
8882,736,30.218768758149032,POS,Clothing,UK,22,0.15218967651776796,0.17164709454325053,0
1364,920,495.47481834249356,Online,Travel,US,10,0.03058641862380929,0.1530593678863361,0
3353,14,283.18072205785177,Online,Grocery,US,20,0.045525140061759464,0.08932720365728121,0
4645,350,84.51701774503583,QR,Food,TR,8,0.25577079794133845,0.43987475163375916,1
1571,289,409.58083583386747,QR,Food,UK,22,0.10589496841783957,0.321088041877255,0
6913,733,73.20419530697832,ATM,Food,DE,22,0.2077190014812167,0.11489726900877634,0
6559,161,26.999609297131755,Online,Travel,US,15,0.07055078378339819,0.04980042704142266,0
4768,420,157.1833146170615,POS,Electronics,TR,16,0.09398738333401974,0.18237765376108855,0
716,782,137.4021801175828,ATM,Clothing,UK,21,0.10707514254677031,0.11328759211647015,0
5599,624,121.39405053974714,Online,Electronics,DE,6,0.09115942720183574,0.1806374247850567,0
1073,84,281.8018119638063,POS,Clothing,FR,21,0.1333398638441014,0.30424682049180435,0
591,384,53.525988999758525,QR,Travel,NG,8,0.035847296479405266,0.06149378722910779,0
2449,874,45.71214955545828,POS,Electronics,UK,12,0.10225180451312965,0.17632563034191734,0
733,556,225.15101829355942,Online,Travel,TR,19,0.02885555809105782,0.05321895585971863,0
589,87,260.27738798185544,Online,Food,DE,22,0.12210836855089215,0.16703767567850544,0
3819,68,265.36630335173925,ATM,Travel,DE,20,0.19600487592897275,0.12052613543576475,0
7596,487,620.3472317701086,ATM,Food,DE,11,0.2732716684578936,0.19364118077579764,0
559,306,1.1029521147830552,Online,Grocery,UK,12,0.24620517168181738,0.11560025330150278,1
2431,654,673.4883753816828,ATM,Grocery,UK,17,0.06238492866439266,0.09908887235952338,0
8409,314,44.5170837721307,POS,Travel,TR,22,0.0503526449285275,0.11221529373144881,0
9152,497,91.43313750756668,Online,Grocery,FR,20,0.04461321437059491,0.003343709018164865,0
121,860,137.98691009569856,QR,Food,DE,4,0.167499272480661,0.0963994131308396,0
9295,795,71.58208947659021,ATM,Clothing,US,21,0.003387424175887322,0.05052959940235585,0
5065,221,314.40205356615036,Online,Food,UK,8,0.24792283728926076,0.2767715545244379,1
3944,539,232.72092115609726,QR,Food,US,17,0.14919514382943203,0.14026865189856236,0
902,771,64.35989249020005,POS,Food,FR,11,0.37271820106136655,0.12111923851550759,0
5837,957,264.95013437567735,Online,Clothing,TR,13,0.10988411967186026,0.05918357526394515,0
726,9,241.33082803208046,ATM,Electronics,TR,23,0.05600715120953246,0.16958110310307967,1
7713,522,10.018108736406603,POS,Clothing,TR,15,0.19337052310019598,0.09502137169115175,0
1087,361,61.26380801316186,POS,Food,UK,23,0.36802339717980526,0.1980303520851613,0
7809,631,12.116508060951436,POS,Electronics,US,12,0.23137306644472683,0.10311350148161133,1
5152,711,852.0287292462006,ATM,Clothing,FR,12,0.14103981684683564,0.2837531269746507,0
6032,336,2.8830196467577225,POS,Electronics,UK,16,0.18931037361671174,0.023282347447794935,0
9233,762,26.035890464640588,POS,Electronics,TR,20,0.27127415493685053,0.06067283387007607,0
3384,102,217.681402783103,ATM,Travel,UK,21,0.18268397978570855,0.13007004272214803,0
8508,697,255.689488866613,Online,Travel,TR,18,0.05591752447919812,0.24678613444108666,1
8275,129,24.312343762699076,ATM,Food,UK,13,0.30623710948090777,0.10888045283255629,0
6632,274,1.3889353235464974,ATM,Grocery,US,19,0.15560667617689458,0.02941135078205635,0
163,252,8.41067170794614,ATM,Electronics,UK,22,0.2215471380490593,0.13427523859106213,0
8861,573,3.570014018429423,Online,Food,UK,9,0.020480530967828356,0.09305075613797043,0
5246,961,156.44801543054047,QR,Grocery,DE,18,0.09014647658185217,0.13795876283651823,0
1089,442,4.592635740692341,POS,Electronics,US,15,0.1376018017606032,0.20004079048774293,0
7059,386,3.8627711310131,Online,Food,FR,13,0.008872342035202475,0.03041362105081152,0
7149,325,11.772264395956022,QR,Clothing,FR,21,0.13294839305961526,0.009332541242308829,0
8509,945,3.061868531000897,POS,Grocery,DE,19,0.1774114398174276,0.31649933939515523,0
3098,65,433.96790088532094,Online,Grocery,US,18,0.17780488221260904,0.2328945001280156,0
7960,231,54.081837153762244,ATM,Travel,FR,9,0.83704070081998,0.3564528896046594,0
4778,673,605.3887702574757,QR,Travel,TR,21,0.22168519911884127,0.08413094568236258,0
2484,131,69.74598845609361,Online,Clothing,UK,9,0.11377837387653154,0.36961091269769425,0
3183,334,188.40048354059888,QR,Travel,US,14,0.1774345599961319,0.3557550659228915,0
2828,862,173.95592502016822,POS,Food,US,21,0.20663676407833326,0.9201394727499981,0
7994,550,328.4437370588916,POS,Electronics,TR,13,0.3026498738803657,0.09094907383322536,1
2076,74,42.10807044813909,POS,Grocery,DE,2,0.42638119049374956,0.31697739741280473,0
595,637,1.2539455067058412,POS,Clothing,UK,10,0.35438383994416695,0.5225226120874429,0
9704,922,243.26782285146643,ATM,Clothing,TR,19,0.10179142893334957,0.00738325351951966,0
8830,317,473.0093168559683,Online,Food,FR,23,0.11962957369246142,0.15313004424304172,0
4642,762,359.26223690834144,POS,Grocery,TR,16,0.4024123053496688,0.18055170310799837,0
2844,937,55.81001835840642,ATM,Clothing,US,12,0.2637348151497592,0.3027142395306484,0
5659,686,33.68297442822728,POS,Travel,FR,21,0.3311933976065231,0.2797451422375521,0
7966,118,306.59264744578087,POS,Grocery,UK,5,0.34484023087930343,0.26327389468858103,0
3214,478,142.89493046444966,QR,Travel,UK,8,0.0683074748126028,0.4288473460335932,0
3621,373,24.813130115383863,QR,Food,UK,16,0.10019124081327027,0.10142677274647245,0
57,856,435.3189882939825,ATM,Electronics,FR,4,0.24802265543266963,0.3532873674058044,0
4177,65,25.636131660127475,ATM,Food,FR,18,0.19055105534528596,0.04849157392787817,0
155,666,515.9038691451301,Online,Electronics,FR,19,0.3789756400364304,0.5900670026335839,0
2733,451,1.0115565460519942,Online,Food,FR,15,0.16081589333321772,0.06694087764125611,0
1418,585,520.4004557660614,ATM,Food,US,4,0.2740852216584745,0.19203483049144884,0
6918,921,466.2544480264327,Online,Grocery,US,6,0.3926759277731125,0.2569074588795724,0
2581,279,189.89467732351372,QR,Travel,US,11,0.06610600918173741,0.38960739384423915,0
7935,559,97.99260612977774,POS,Travel,TR,9,0.1926139031755658,0.13811285044303184,0
2568,574,191.35707769962858,ATM,Clothing,FR,14,0.407072679651228,0.37317387905021354,0
4234,390,37.42298173487548,ATM,Grocery,TR,17,0.15291222382191105,0.02172105134497697,0
6644,825,30.42825061987599,Online,Clothing,DE,20,0.11971701560686902,0.15833885937708228,0
1493,729,505.17832771104077,POS,Grocery,DE,17,0.5003217458618275,0.3591156793416824,0
6023,330,204.8121923529438,ATM,Clothing,TR,7,0.25109911953636826,0.642998340241752,0
8798,508,165.1638602973187,Online,Electronics,TR,21,0.06057539580446632,0.030801942018783147,0
477,383,86.62716661700969,QR,Clothing,UK,19,0.08295534100784661,0.12826156711715406,0
5242,55,103.59227617849848,QR,Food,TR,16,0.005620490279387097,0.020806026636804656,0
1605,978,428.79607221077396,Online,Travel,UK,15,0.2538999193713951,0.31807745580291136,0
4401,400,55.0400208817111,ATM,Travel,UK,20,0.051274822232170975,0.01715314347513611,0
7407,928,8.66663149605983,Online,Electronics,US,19,0.09549905672826306,0.03605925671375926,0
891,63,116.54994430990362,ATM,Travel,FR,20,0.20517018129288808,0.22283456859669123,0
2711,835,1.9591073824828884,ATM,Travel,US,22,0.014693564943881332,0.03359607948547232,0
6518,845,160.2733347365914,ATM,Clothing,TR,20,0.40931892689304733,0.1317637298825165,0
1788,909,210.47336085428992,QR,Grocery,DE,17,0.06186293625637283,0.11933181571206705,0
7418,976,143.31799565377307,Online,Grocery,DE,22,0.21439430755477662,0.30038094576644514,0
8303,282,140.7900927929059,QR,Food,UK,9,0.042048053728116215,0.06999696819203104,0
6619,686,278.42643124806204,QR,Travel,UK,10,0.7168836145847248,0.4016435779570567,0
6431,471,38.64158331764836,Online,Electronics,US,1,0.11561241301197488,0.07293102569205322,0
3239,972,187.72827042043366,Online,Food,UK,18,0.6053091641198487,0.5250644366820224,0
65,220,89.39338219120607,Online,Clothing,US,9,0.8603472032184352,0.623968640477559,1
8732,14,94.78700576489142,ATM,Travel,UK,20,0.044079764819791055,0.35840434936205123,0
8989,151,24.678509109295245,Online,Grocery,DE,7,0.25034872173983397,0.12463887616951692,0
867,892,117.83686030524525,QR,Travel,DE,9,0.23780231553222916,0.094433129080929,0
9612,664,117.28975366470671,QR,Grocery,FR,17,0.23983581827638678,0.23835774523265857,0
8050,827,256.04714548930946,ATM,Food,FR,13,0.16813699770853757,0.09301992549453152,0
9023,821,127.36598729095833,POS,Clothing,US,12,0.046791358171311595,0.07250410427258547,0
3981,790,244.26524654591023,Online,Clothing,TR,6,0.22017895916295022,0.32827232115740573,0
6341,522,16.493115206749877,QR,Electronics,UK,20,0.48331180644430843,0.3099227014758935,0
2238,132,8.325834824068902,Online,Travel,TR,14,0.13049906141166984,0.00833256945893365,0
7199,21,129.93076340275852,Online,Food,US,2,0.04837433700933797,0.19331955564185813,0
4877,382,6.951538027097535,POS,Travel,TR,8,0.21092661701490104,0.08167064676978122,0
2457,259,48.7182203191406,POS,Electronics,US,8,0.14374875928139605,0.10203448870471887,0
981,183,187.56400122201293,POS,Clothing,DE,14,0.18625187583003783,0.12551177226108423,0
1887,475,70.04659642828159,POS,Food,TR,6,0.12306476000752417,0.12021999177492813,0
900,290,73.41475627293298,QR,Travel,DE,23,0.07279632943736027,0.15057794500495567,0
9214,490,9.55292832398099,ATM,Clothing,DE,2,0.4320674839916546,0.09091153108669867,0
7314,131,46.11945265313036,QR,Clothing,US,21,0.061664765894521634,0.018160674959996265,0
3213,324,29.877622729728316,QR,Clothing,US,19,0.024414705935519018,0.04241372016152562,0
7300,537,49.44332566169602,Online,Travel,FR,21,0.20469602107734897,0.17806124040874954,0
1253,286,105.33594236975331,ATM,Grocery,US,18,0.18037925643768046,0.3344425442832722,0
2700,765,66.95692714063375,Online,Grocery,TR,19,0.08992574669066826,0.1398603115495256,0
8530,923,27.256466849591774,Online,Electronics,US,18,0.04298074806469766,0.02680087783023085,0
5593,493,732.1533113010837,Online,Electronics,DE,22,0.22879393983371607,0.2636463385307039,0
6679,678,29.645126891173025,QR,Clothing,TR,20,0.18181898415535824,0.08457828136182656,0
6531,610,3.2688405226052124,Online,Grocery,US,11,0.19796245694817177,0.04024874926064204,0
6870,347,105.50288566743052,QR,Food,TR,16,0.08993732125317468,0.03804432536059288,0
5803,904,602.1628531253926,QR,Food,FR,18,0.2243229105686071,0.3205963074845572,0
5956,57,90.2453690468295,POS,Clothing,UK,16,0.07392586315400071,0.057536222072886535,0
8435,311,92.1221902099439,QR,Travel,US,17,0.03429528079929381,0.2937934852267212,0
7298,112,11.640643800056019,ATM,Travel,US,4,0.09511275204516298,0.2722921563637258,0
6046,270,10.256360459148755,ATM,Electronics,TR,15,0.053981744530850764,0.08950471365447037,0
6960,446,37.24344851650952,Online,Travel,UK,4,0.01553458204720464,0.011255496499687264,0
3654,591,1021.5651763166178,QR,Travel,UK,7,0.25175546054010806,0.4556019248890326,0
6107,725,105.28169810512375,QR,Food,UK,5,0.11977537429765522,0.030166627878027916,0
4234,655,49.76511210723449,POS,Clothing,DE,15,0.22211836547566755,0.33941626946761816,0
4188,18,260.889675311183,ATM,Clothing,FR,16,0.12033599521462732,0.13233342934740674,0
3345,290,18.047794373124077,Online,Clothing,TR,16,0.21492337451848498,0.11260781772812899,0
8662,92,138.00512886431284,ATM,Food,US,10,0.2398373898931411,0.17221970179947235,0
1170,697,18.01434086441201,POS,Grocery,FR,4,0.23450872536281753,0.10060207528794207,0
561,287,15.73318237848938,POS,Travel,UK,8,0.08517293103776971,0.03533675959036583,0
288,813,381.16994964033864,Online,Electronics,US,12,0.11858509948000572,0.10602065954735737,0
5169,713,13.82377313120388,ATM,Travel,UK,13,0.1353110777742237,0.1601219796593234,0
1812,801,169.41152312857525,QR,Travel,TR,3,0.43444697767461976,0.336339104385713,0
1929,923,2129.7218793044703,ATM,Clothing,TR,8,0.3935675656469199,0.417220878603759,0
4028,618,12.04992459782878,POS,Grocery,TR,21,0.1095929033416654,0.03155397513259292,0
800,662,98.73633482735804,Online,Food,DE,23,0.04486221406032214,0.10942250093849419,0
6417,923,241.36616026826172,QR,Travel,TR,7,0.09815272811091723,0.15426474940901683,0
4427,401,269.2914919678464,POS,Electronics,DE,13,0.03056697259265339,0.2789982194129426,0
9861,875,75.99930597495634,POS,Food,TR,9,0.0740304383793717,0.22119057941155462,0
4013,789,5.939050995593299,Online,Electronics,DE,16,0.2915881333271878,0.05438412119664434,0
9640,197,40.296012180777154,Online,Electronics,FR,20,0.23630016880787497,0.011320405776271247,0
441,32,123.34756570154855,QR,Clothing,TR,8,0.09349749157936185,0.07602990552395754,0
5224,261,857.0548104826443,POS,Clothing,FR,22,0.27245265016085024,0.07572019517692463,0
1036,92,68.7094138929204,ATM,Clothing,US,15,0.44270664907224355,0.2559271767766071,0
4003,200,15.263224961620962,POS,Electronics,DE,7,0.133526128593387,0.19940186077314803,0
3490,867,131.72980472511244,QR,Electronics,TR,13,0.12371317825343263,0.130555416735614,0
2309,239,64.2920850597934,QR,Travel,FR,5,0.2972007349118641,0.12444777139393866,0
2268,757,24.285304369136078,QR,Grocery,TR,20,0.09986136954473185,0.1196959100491036,0
2324,219,326.53074880910117,ATM,Clothing,TR,11,0.1306563242604496,0.04810537272032706,0
3428,68,56.27215964653397,Online,Clothing,FR,9,0.44762176416749044,0.13523061743516523,0
5524,495,120.62063790235615,POS,Grocery,FR,22,0.21611337249922902,0.21893092792772711,0
4869,843,68.29431804865045,POS,Grocery,US,23,0.046900281141930275,0.034978352204524506,0
282,988,43.44008097687729,Online,Food,US,8,0.19423454939755802,0.26303258947887737,1
9833,655,4.409958332817511,QR,Food,DE,23,0.00041615132623421837,0.1320159222972573,0
8574,681,75.31570308189444,POS,Clothing,US,8,0.06395832823177505,0.06489786076666354,0
8349,548,19.54240399982376,QR,Grocery,TR,10,0.06577727771618705,0.025422664996645937,0
3997,722,10.782564281801815,Online,Grocery,DE,3,0.005508217681087084,0.007164507758015995,0
868,935,39.97040132935099,POS,Travel,FR,22,0.033895137162921904,0.2002083540058624,0
1931,286,367.2379666463077,ATM,Travel,DE,14,0.0858749994565495,0.4345032748282157,0
4262,246,232.38215590377095,ATM,Travel,US,20,0.3208667134292907,0.8969386443184133,0
9347,337,78.41466606197716,POS,Travel,US,21,0.23512671288369288,0.11925374635138823,0
523,693,83.01898924833273,QR,Travel,FR,5,0.3627555183458957,0.22877185575389927,1
8890,771,7.910059284312837,QR,Travel,TR,6,0.019478401126532156,0.13408793738501135,0
4177,445,171.15068048777914,POS,Travel,US,17,0.10594363648319001,0.06466326534140981,0
6945,492,277.165780958607,QR,Clothing,TR,9,0.2274180603769388,0.06341002306239252,1
2750,601,302.54475100998764,QR,Clothing,FR,21,0.17063528468246497,0.22898157214587825,0
6331,377,14.197253419111437,Online,Travel,DE,20,0.004134829881286438,0.0634613941105725,0
9641,419,74.4541912502802,Online,Travel,UK,22,0.22545609822336726,0.013902924072914102,0
5066,889,333.304173585879,POS,Electronics,DE,22,0.14959414315166472,0.16424083689758914,0
8968,187,5.510959091930683,Online,Clothing,TR,19,0.03913819510398293,0.0901106951981988,0
7725,465,404.9578882873957,ATM,Grocery,TR,18,0.17036009731755367,0.3433597606086279,0
7200,880,233.85351581642345,POS,Food,FR,1,0.01394238321710419,0.037565534376218804,0
1889,697,139.16974313388886,POS,Grocery,TR,16,0.17438993409875483,0.17364509156408253,0
4816,598,107.52564781088614,POS,Electronics,FR,13,0.09588231636686811,0.2705642922968256,0
3417,886,76.6126031163009,QR,Clothing,TR,20,0.36387126472175385,0.940949163089366,0
3803,813,413.68796779315875,ATM,Food,UK,18,0.4060964797606654,0.18314078206612613,0
8301,698,46.7243007563205,ATM,Travel,FR,16,0.028519773158259144,0.08897570522958778,0
5478,498,81.86918891085743,ATM,Food,UK,15,0.05751954670206442,0.0009366787335540509,0
4748,789,138.48231022557786,ATM,Food,US,18,0.06311332660834049,0.2410025763940882,0
1530,573,553.1413314308426,POS,Grocery,UK,10,0.377705852816324,0.20672218440782358,0
1707,782,39.24193661986301,POS,Travel,FR,14,0.1110691996586239,0.05538709940167161,0
1777,575,133.07638509805184,QR,Travel,US,7,0.14880561356075578,0.02572318217261202,0
4801,410,179.29406461716005,POS,Food,FR,11,0.12972706705187428,0.06088995000390921,0
6839,463,1.1273700613360296,POS,Food,UK,13,0.21771080855969335,0.14764875648828496,0
9053,78,97.10136996590843,ATM,Electronics,TR,19,0.20150442455329579,0.07459053895818915,0
9763,445,296.2473964018399,Online,Food,DE,19,0.0981548766250655,0.018351801703005783,0
3661,83,66.64210411482384,Online,Clothing,FR,23,0.06820514952755664,0.014043529881934767,0
1201,458,89.34831026039082,Online,Travel,DE,14,0.0176923318009391,0.01673591820494229,0
9398,103,264.2057620012061,ATM,Grocery,UK,19,0.3440386122472426,0.35703789157472315,0
6295,476,2.4443547063447832,POS,Grocery,US,19,0.1238638565372334,0.10845711395978629,0
4184,619,485.90126251076214,POS,Clothing,US,6,0.14444061102441988,0.2928985352059815,0
4378,404,666.5207528187246,QR,Food,FR,9,0.5745227205061658,0.2875381251578943,0
4652,843,114.2530884518192,POS,Electronics,TR,4,0.00838467994364804,0.1167869758952783,0
4064,904,64.00717402015432,ATM,Grocery,FR,19,0.014045594974647236,0.0712413431917893,0
5872,450,331.51363510077425,ATM,Food,DE,12,0.4369081110049734,0.2713999204576125,1
9310,992,13.395702825996413,POS,Clothing,US,22,0.26183276900837626,0.0666034759479901,0
9847,275,9.954983915902515,Online,Electronics,FR,17,0.0604002914769694,0.052923043610046676,0
8092,651,914.9050341949529,Online,Food,TR,16,0.1362825671064411,0.4123719252237405,0
6266,282,29.736948733832765,POS,Food,TR,15,0.05699582704657281,0.24800427249591997,0
1977,207,135.21925765237756,Online,Clothing,DE,20,0.03314349976523168,0.12244826683323831,0
6387,717,26.34637682973202,QR,Clothing,UK,18,0.013831471289363288,0.09670170194088752,0
8678,755,108.15341040962328,QR,Grocery,UK,21,0.36710642027846935,0.37098835768648275,0
1783,881,6.219474139075759,QR,Grocery,DE,18,0.01866505963124245,0.004766289261017001,0
3578,314,286.4894906035312,ATM,Clothing,DE,21,0.16398676186871647,0.3534625950415636,0
4429,933,129.55284479729127,ATM,Food,FR,12,0.04498333159170013,0.049686430894445,0
5472,692,598.3689565012946,Online,Grocery,UK,9,0.1492646942634177,0.3565381942147287,0
6559,279,95.35488047318984,Online,Grocery,FR,17,0.1175546943739205,0.08913645323869031,0
5773,670,29.76799813565205,QR,Travel,US,22,0.0572246436474111,0.18323346846095726,0
8278,621,164.49671778490736,ATM,Electronics,UK,8,0.03397527350279529,0.284298426136087,0
2735,69,174.8634754373805,QR,Food,FR,5,0.6551432567824579,0.2219499918540454,0
1042,168,156.00490691328176,QR,Electronics,TR,9,0.1628435367388685,0.19073109993036116,0
8128,246,64.56755438787981,Online,Travel,US,21,0.4010038094467011,0.23128634631793907,0
1115,389,87.41552930820772,QR,Grocery,US,19,0.3170872819893276,0.026313423844484873,0
6674,354,4.534337494922062,ATM,Electronics,FR,17,0.07706941260934953,0.2808649828168977,0
8994,549,365.5307393050836,POS,Electronics,FR,8,0.1317104727910593,0.06913758814885093,0
893,972,523.7123909186466,POS,Grocery,US,13,0.26217279975258356,0.3310977999923604,0
9857,710,2.2638037925720114,QR,Food,US,22,0.06979007984345985,0.010670662359179888,0
5752,391,296.69183950945245,POS,Travel,US,17,0.4677855535733059,0.3767217049822564,0
7622,231,1.6026905153226272,ATM,Travel,DE,15,0.1090164542207007,0.00030028165462823195,0
9955,836,123.3976192123056,Online,Electronics,FR,19,0.08755316713944032,0.008292558819894692,0
7524,421,193.2688206962716,Online,Clothing,US,18,0.17264137636245117,0.3951088689842612,0
5329,374,97.37101334649381,ATM,Food,DE,4,0.11472734761012984,0.22546397263431595,0
1916,809,39.250257828197356,Online,Grocery,TR,18,0.37168833744713126,0.24380118144219284,0
5781,645,112.15535057645882,QR,Clothing,TR,21,0.5761408716790313,0.09195346025746173,0
1202,339,47.52715775537202,Online,Electronics,US,14,0.11122394303680239,0.028033727587450385,0
3143,914,23.568965791694634,Online,Clothing,US,15,0.19012648027312534,0.02723705430810594,0
3529,410,451.7039407972569,ATM,Travel,DE,11,0.16899665843012074,0.21639502199554236,0
1182,214,435.49261851488257,ATM,Grocery,TR,10,0.11004630846706727,0.23493806085569974,0
3917,755,165.955444153656,POS,Electronics,FR,2,0.15249492727729677,0.4039319105153087,0
1646,493,53.043309717570395,Online,Electronics,TR,14,0.04095060932199019,0.09492447015260691,0
9401,382,183.95703300050658,POS,Travel,FR,20,0.20593503469819843,0.07899848086878156,0
2116,256,389.5857919223083,POS,Travel,US,22,0.04832682277990658,0.1923688975274626,0
9759,116,19.12022810482378,Online,Clothing,US,4,0.1173415102288568,0.07774339705516037,0
8000,888,242.24736623507044,ATM,Grocery,UK,6,0.014147899975314496,0.09328409015522018,0
8711,365,305.3398918002056,ATM,Clothing,TR,17,0.09661584420120978,0.12464195103375937,0
5526,295,18.576266693252013,ATM,Grocery,DE,10,0.04393854836552535,0.20882920434773974,0
7728,950,173.7939392994132,Online,Electronics,DE,22,0.4461880240842772,0.05394913368810319,0
247,528,167.57303414154228,POS,Clothing,FR,15,0.21630034525487685,0.030619349341300367,0
4713,79,154.70258684764812,ATM,Travel,UK,15,0.024106799718044424,0.03131571812457386,0
7322,556,140.33621298705515,QR,Food,US,22,0.07131175431849102,0.19974025731045025,0
9570,378,71.57283220286497,POS,Travel,FR,22,0.16039678289746995,0.018752350914462642,0
1900,265,53.02384720198174,QR,Clothing,US,21,0.17205940425327695,0.05873335681436833,0
721,170,73.19467372850018,ATM,Clothing,UK,22,0.11917159941075636,0.1359470658576223,0
1632,752,76.7550230316862,POS,Electronics,US,21,0.03259017247884393,0.014903612533911124,0
527,576,212.62626260350763,QR,Clothing,UK,10,0.728355151624639,0.23464568599368998,0
1549,946,46.126337235520005,POS,Clothing,FR,22,0.26025460201713935,0.14010200536002526,0
7855,917,192.22415121158855,QR,Grocery,DE,14,0.43238820559456376,0.09848531473248924,0
1861,989,272.22668054847406,POS,Grocery,FR,8,0.12944660006599568,0.2594231890896161,0
556,973,342.67772899033804,POS,Electronics,US,11,0.035360017272977474,0.17199895767571505,0
3066,842,328.3475162717689,POS,Grocery,US,18,0.2047834109893447,0.3148628944378631,0
9475,356,85.58680548344105,ATM,Travel,FR,22,0.04980627095118239,0.24994483083373326,0
8555,292,65.73457708275906,Online,Electronics,TR,5,0.1073453235586235,0.16726834148674688,0
9996,725,2.339500150705819,POS,Electronics,NG,18,0.07874801445568139,0.04824504282435875,0
4876,913,146.95990344020097,Online,Grocery,US,7,0.2548276112197079,0.21330423084371217,0
3168,102,377.85614378744026,ATM,Grocery,TR,20,0.20545490918881035,0.4068950657376428,0
1020,446,5.837440725119859,QR,Electronics,US,21,0.03538423199586614,0.04793107387405392,0
8313,431,288.7740053433184,QR,Travel,US,23,0.12618864391613166,0.0826337689768889,0
8975,833,821.8193621452735,ATM,Food,TR,16,0.05095839003731779,0.5648938195088595,0
8307,688,12.133222195241098,Online,Grocery,TR,14,0.17581359006649916,0.0988881434558579,0
5204,956,60.78595758212903,POS,Electronics,FR,18,0.20355514666268248,0.03146783661108638,0
5801,937,64.00494654948052,Online,Clothing,FR,15,0.03191952858015998,0.13452052746660714,0
4348,492,5.570194939340669,Online,Electronics,FR,23,0.03299169411570473,0.1672418956526971,0
5882,78,175.57111684616777,ATM,Grocery,FR,17,0.3394501475820122,0.05874551638798942,0
6233,270,64.58027601293834,ATM,Food,FR,12,0.09554208086798482,0.06942195280715774,0
612,766,208.33748203218664,QR,Clothing,UK,14,0.48628045031444883,0.2982394811281701,0
7672,608,5.95630342992281,POS,Grocery,TR,23,0.022225609246787025,0.1906637509736114,0
8644,461,374.0969482862717,QR,Electronics,FR,17,0.09611676246766822,0.2171425338686053,1
5281,678,182.57899187802778,ATM,Grocery,US,20,0.02087297191013091,0.11127221056861265,0
356,636,1.8732365187506055,ATM,Electronics,US,6,0.08805486122814342,0.05432768718717831,0
1206,633,211.5147283962842,Online,Electronics,TR,8,0.23462949604632632,0.490668419300133,0
7006,742,427.55091292496655,QR,Travel,US,6,0.07164002601974996,0.20529127126922173,0
2584,581,10.068276685978471,ATM,Clothing,FR,17,0.011993285556601853,0.06853544934616222,0
5719,925,55.94781050276908,POS,Travel,US,17,0.053906487876688725,0.08218147222846527,0
2802,865,37.01600902342102,POS,Travel,DE,16,0.009618751048831727,0.13148853786558934,0
7123,9,270.68071089415133,QR,Clothing,UK,13,0.1300172336260889,0.3771273866011431,0
9395,167,118.11148372698126,POS,Electronics,US,21,0.02016279635207865,0.09277087485062627,0
1001,736,9.005287578147511,QR,Electronics,UK,22,0.06372360253757317,0.020362532411288242,0
8599,186,1.88033766124499,Online,Food,TR,12,0.07693263789539956,0.09841089730802184,0
7435,779,146.47240095067832,ATM,Grocery,UK,9,0.295320576118166,0.040538680412305995,0
8272,700,32.670066521580665,Online,Clothing,TR,19,0.11734124790960751,0.12379051883762093,0
5654,68,296.40435568356105,QR,Grocery,DE,21,0.4882823655432311,0.34681777446802986,1
4794,583,23.86377561843097,Online,Grocery,UK,10,0.05340759783571382,0.08691863240897216,0
3527,57,278.2884565619315,QR,Clothing,TR,12,0.07396736688131547,0.18539465874073607,1
1039,993,64.73328540901122,QR,Clothing,DE,15,0.22830201444087134,0.18689456302484955,1
3740,382,4.167651911484646,POS,Grocery,TR,13,0.08553421322424942,0.17194217137418322,0
1139,278,45.12505459458159,ATM,Travel,UK,22,0.0950618720136477,0.004553138752793029,0
8436,520,93.26515323622468,Online,Travel,FR,22,0.05215531409636427,0.03551626963222145,0
8008,392,158.83471621769706,Online,Electronics,FR,19,0.44056870630410117,0.4054971582878682,0
5747,950,79.93807841862808,POS,Clothing,US,16,0.027350446135294592,0.0006176310575517104,1
5514,253,61.76221636523715,Online,Electronics,UK,16,0.2110047608885925,0.09928459624684906,0
8534,402,1.0063374748292278,QR,Food,US,13,0.1817157084820325,0.12316838447776753,0
6853,616,55.982128232611394,QR,Grocery,DE,9,0.25318685498578064,0.2611013163425082,0
3445,200,32.926528080620066,QR,Travel,FR,16,0.1312101301996647,0.029121876461511473,0
4116,921,510.3243789603278,ATM,Grocery,US,7,0.37594350357487905,0.16567733801226814,0
2398,558,1032.500388329449,ATM,Travel,FR,16,0.12721536458647906,0.26519613282694976,0
4981,230,92.82267181231744,Online,Clothing,DE,13,0.1079873662116484,0.3655471831812892,0
3046,702,201.79386015451524,POS,Food,DE,21,0.0419650543551664,0.042222080217163865,0
741,733,4.454575618248931,POS,Grocery,UK,14,0.017306563861883412,0.01077366959095108,0
320,724,75.26352526862456,QR,Clothing,TR,23,0.4057371735856902,0.37439042391166166,0
8242,15,4.79418912839407,QR,Clothing,FR,22,0.03881956623160722,0.23462022717601838,0
7576,204,40.72905061947792,ATM,Electronics,DE,14,0.2612656245163407,0.18583700158687785,0
3509,843,84.8307928056077,Online,Grocery,US,18,0.33682152304820157,0.0822290975212716,0
4069,515,720.4547644819185,QR,Clothing,UK,16,0.32288740152792206,0.3552973181926051,0
3351,348,56.18928989466727,POS,Grocery,US,14,0.08256449216275408,0.03876845241362488,0
1156,814,373.2636519331915,ATM,Clothing,DE,21,0.09586960496550563,0.05457403041702269,0
5673,612,196.06466456524478,POS,Electronics,DE,19,0.4181050504371938,0.14672897306419005,0
6506,107,35.19135973023592,Online,Grocery,US,15,0.40979103392569477,0.22062937571733043,0
998,302,17.181112535708174,POS,Grocery,UK,21,0.19906957140971562,0.0460034647849232,0
3704,363,681.0760486320644,POS,Electronics,FR,22,0.06415057387250528,0.07006223012221967,0
4623,845,34.653864102321165,ATM,Clothing,DE,21,0.0682166510970321,0.05208001001581781,0
4461,542,25.061405310481046,POS,Clothing,FR,20,0.0500647928251993,0.06030869115861875,0
9744,415,22.960120685141312,POS,Food,UK,21,0.24260401441088095,0.04613282453381039,0
2243,540,254.63602511137543,ATM,Food,TR,15,0.026782053638644217,0.3829687037932035,0
1622,849,23.96587997467447,POS,Travel,UK,17,0.01945965544144843,0.10987015117810765,0
6819,267,9.282269319009071,Online,Clothing,UK,19,0.32893064433862734,0.13442057442259767,0
6139,181,97.08194104372893,POS,Clothing,DE,17,0.09119905182211147,0.38405732358887934,0
7619,993,11.762492484123605,QR,Electronics,FR,8,0.03725680629738376,0.36666208518654897,0
4354,557,79.28917569985187,QR,Grocery,DE,8,0.0459276316190897,0.056451255596086096,0
887,982,60.8002873543337,QR,Food,FR,8,0.06807494558924539,0.06101777766812854,0
3137,288,142.06066563362273,POS,Travel,US,15,0.3462349849499885,0.18064832829593766,0
8721,879,380.1879281873264,Online,Electronics,US,8,0.26803468462307445,0.02378124508721342,0
1787,236,52.25413399127779,QR,Electronics,DE,10,0.11781708330904726,0.27801223877381864,0
6940,647,515.2507888843935,POS,Electronics,TR,21,0.25640960648562305,0.7895200898028185,1
3975,731,420.53853900887407,QR,Clothing,TR,23,0.21556373124935294,0.1145923990415979,0
5544,689,769.9011739846318,Online,Electronics,DE,12,0.869895438180627,0.630623059566306,1
8050,673,104.87966890384902,POS,Grocery,UK,10,0.11387219027340198,0.019194990553829963,0
3552,208,24.999921362933005,Online,Travel,DE,18,0.060376400357982224,0.17351193191150152,0
3939,819,42.04877806128231,QR,Electronics,US,19,0.05489819022422788,0.2568200617611511,0
2503,111,669.4960579097987,POS,Food,US,19,0.08633915634668818,0.1682601107040931,0
5431,248,195.27314039663196,QR,Clothing,FR,22,0.15658110871775285,0.12887537448410985,0
5291,501,57.86390771136222,ATM,Grocery,UK,22,0.015066696043033454,0.10570245360918666,0
2354,551,11.078487372223634,ATM,Grocery,UK,15,0.02167953704773157,0.11579826238615656,0
4855,240,2.819912773256944,ATM,Clothing,FR,13,0.0007562692721419798,0.015920371882432845,0
4893,798,9.51028939489556,POS,Electronics,UK,18,0.07799555567831302,0.002293056472654504,0
6785,176,79.55150190059281,Online,Travel,TR,15,0.3569709226683318,0.017418207462491068,0
6478,876,49.200998057104066,QR,Grocery,TR,19,0.30293744062816474,0.3102727039928866,0
6390,494,131.34153670426784,QR,Electronics,FR,12,0.014942229900947119,0.06573322625395109,0
9503,189,230.24648683974382,POS,Grocery,FR,15,0.07949712689904062,0.3125151773013686,0
1099,660,34.68362826845935,QR,Travel,FR,18,0.1472870910803663,0.7493796390209757,0
4670,863,12.347905213431961,ATM,Travel,FR,14,0.10538262861023312,0.004130282106583383,0
7348,195,190.19900713397158,Online,Travel,UK,12,0.02654586371388882,0.1722029343159388,0
8234,525,14.150636026985389,QR,Food,FR,20,0.08620782304445487,0.1352949905169798,0
4991,95,39.640342062624484,QR,Clothing,US,22,0.9886555474559365,0.14383379160033877,0
8390,564,49.24447186406381,QR,Grocery,TR,12,0.026236749963775646,0.17569593781194143,0
260,496,11.541886191066817,Online,Clothing,DE,6,0.045747947372212855,0.21435684622886655,0
8652,569,131.73382372043707,POS,Food,US,20,0.169207965888188,0.05779627084358348,0
6640,660,81.80237152909791,ATM,Travel,TR,21,0.1360464265633919,0.2053363661164131,0
9636,438,52.86495713617965,QR,Travel,US,16,0.032010909710680914,0.2524524086155988,0
4883,494,83.96923697721205,QR,Electronics,US,8,0.026035585888001807,0.011851972474318833,0
9110,690,14.095939055170842,ATM,Clothing,UK,23,0.03658295975981609,0.056638575107173884,0
3477,458,177.67544827422097,POS,Clothing,DE,9,0.006155321154056812,0.024135661790516363,0
3575,207,1.7415928143868054,QR,Electronics,US,13,0.027040079639116216,0.03481627150142318,0
5850,972,270.1790577018569,POS,Grocery,DE,22,0.20947618029382178,0.12896181531800407,0
1562,939,923.1735800261179,QR,Clothing,DE,20,0.2982499495328029,0.4233212796135423,0
5358,2,24.820142565465076,ATM,Grocery,UK,16,0.03736097262946772,0.17989833310269196,0
5234,940,68.45028124253011,QR,Electronics,UK,11,0.16008679736874606,0.06693507732628988,0
9603,825,199.2420709565822,Online,Travel,FR,17,0.29822170467068004,0.4505628626759906,0
6492,489,144.08254458016256,POS,Food,US,16,0.16887157547327314,0.027183907268726333,0
2984,896,101.18669382044932,Online,Electronics,DE,23,0.1999181274924797,0.4883341272092192,0
9702,667,40.63502899212879,POS,Travel,FR,21,0.20718715362273538,0.2095587600750804,0
1509,630,60.09548380145199,POS,Electronics,UK,10,0.08641675513270897,0.1095127601096033,0
1548,605,171.78308087322895,ATM,Food,US,14,0.054622501011207865,0.12499886630797609,0
4852,377,186.14066864855113,ATM,Electronics,FR,12,0.17643407236027836,0.008045912417042576,0
9907,860,6.135342433780657,Online,Travel,UK,16,0.15901978671280348,0.23955814781267853,0
2531,353,371.00314570624187,QR,Food,FR,11,0.3524948898390411,0.20790771343047168,0
1982,205,117.60178852212499,POS,Clothing,FR,11,0.4005454112504396,0.6306127780893964,0
8741,365,153.84491330375496,QR,Grocery,NG,23,0.12944751189583828,0.3513547535112324,0
1181,232,2.815061969708502,POS,Grocery,UK,15,0.11241374368372575,0.0379749334142461,0
5118,147,227.32610571625733,ATM,Travel,US,15,0.414734516766398,0.17882859985390884,0
1678,446,103.14343398988697,ATM,Food,TR,9,0.03628769145698035,0.1839215270313928,0
2199,526,93.67155978214547,ATM,Clothing,US,21,0.19741853254116692,0.035089572546223954,0
2885,435,5.598333225109785,POS,Grocery,TR,7,0.028415532488696243,0.12120357662693179,0
3064,194,21.94329023632465,POS,Travel,DE,1,0.32030001038816214,0.10934128607639876,0
6040,164,66.52899768121716,POS,Travel,DE,6,0.2661275408900527,0.02275852930699439,0
1153,686,102.16989268092145,POS,Electronics,UK,19,0.2953485486048684,0.09709181084549875,0
8703,189,210.37170597951055,QR,Electronics,FR,20,0.3970279104093235,0.7354221438942428,0
244,255,26.570074863519267,POS,Food,FR,18,0.231620753597616,0.07405321300323472,0
5508,470,178.58110417357597,ATM,Clothing,FR,23,0.16520326318046438,0.09463324833746696,0
6339,887,371.26143427009464,POS,Clothing,TR,12,0.10472542267033501,0.006919078327673317,0
9087,160,235.31179833010688,POS,Grocery,US,8,0.46485510374450784,0.44605654017983115,1
6593,172,10.971132403223036,Online,Grocery,DE,18,0.17480068851765865,0.037178574008671764,0
5292,600,578.1029863611238,QR,Electronics,FR,16,0.31604122212172553,0.38318509742489504,1
7247,611,82.25467375032834,Online,Travel,US,6,0.16146371804751958,0.5817240746702267,0
7771,784,57.540698454052595,ATM,Travel,TR,19,0.05485352673142491,0.08588830389386594,0
4257,725,100.48734889122565,Online,Food,DE,18,0.030403461940137447,0.030853988840869775,0
3961,592,43.30301098399082,POS,Grocery,TR,23,0.020488915897236545,0.1745865620259124,0
7895,381,79.69446222290335,QR,Grocery,TR,16,0.7381500692163592,0.3492102502207407,0
2767,741,28.65401428068905,ATM,Travel,UK,21,0.1408049178871797,0.3935748044538022,0
7564,452,181.39916520042252,POS,Food,TR,11,0.05038597198873032,0.04248215102718027,0
742,607,277.04924841673005,POS,Clothing,DE,8,0.6344666960189678,0.08706167096669022,0
1407,76,25.595505203089807,Online,Electronics,DE,21,0.04320060857742011,0.06783605531270105,0
552,564,101.80998978352818,POS,Clothing,FR,7,0.3535094459463568,0.08809778253438053,0
2146,848,35.649564484647904,QR,Travel,TR,20,0.02935194208807732,0.08826736267358853,0
1743,601,72.12902528511088,Online,Food,US,2,0.17772340481552854,0.19961130449700487,0
6143,106,312.2580386751575,ATM,Food,FR,22,0.23724381018020352,0.16346796493077012,0
5224,632,40.93597400662332,QR,Travel,US,18,0.16193045077389726,0.02138191002238517,0
6331,709,145.16368442333984,QR,Electronics,UK,17,0.13453340918105,0.4019693800678138,0
9483,440,451.51778285044827,Online,Electronics,DE,23,0.2699964728621639,0.10716880427716298,0
4403,705,79.0336597441883,Online,Clothing,US,18,0.41687507214943686,0.24788176231458808,0
2937,421,320.6882174925548,POS,Clothing,US,16,0.06396771273830897,0.4674503020225439,0
9331,824,100.10852709454153,QR,Travel,UK,18,0.030866633979370436,0.20317417909125302,0
7128,453,538.8456364396908,ATM,Clothing,US,22,0.4053470973344054,0.7361592339667854,0
710,24,381.4568260229437,ATM,Food,DE,22,0.06692971275839324,0.1383446847681204,0
2742,685,36.82427597026603,QR,Clothing,FR,21,0.06777394431594141,0.2399521282068921,0
6153,9,201.5098320379524,ATM,Clothing,UK,7,0.3344921985894962,0.07799731603834537,0
828,694,476.52626547019514,Online,Food,TR,19,0.37306302821179194,0.2688477687936298,0
9457,43,26.377873178870445,Online,Grocery,UK,17,0.0271579762068081,0.08835935557948256,0
5788,139,89.9163390610764,POS,Travel,US,19,0.11701036345084467,0.21187628904963776,0
1583,529,39.09339707500588,POS,Clothing,US,4,0.036508540293617525,0.2683605854331814,0
8823,943,85.05574732764522,POS,Electronics,TR,19,0.04923039618471714,0.17791658541359082,0
3327,658,114.42754913027362,QR,Food,US,15,0.2295575562046268,0.12958339652786163,0
3137,68,20.879218503882583,POS,Electronics,FR,19,0.03299387832028589,0.28511663067651466,0
6803,362,8.148178477415932,POS,Grocery,US,18,0.11789960652825589,0.28600310225300657,0
3245,878,812.8554818155371,QR,Clothing,FR,15,0.024835050935247783,0.10903251947954122,0
7257,493,31.310328544750192,POS,Grocery,DE,21,0.08529367423579455,0.15377688018619823,0
8335,537,48.07341256739885,POS,Travel,FR,23,0.3816103371475284,0.03538602852118059,0
7238,801,9.154149451019757,POS,Electronics,FR,23,0.17344112466954273,0.1394827262099311,0
22,167,70.26314809983027,Online,Food,UK,21,0.40257021500435974,0.028380160764601058,0
1312,414,8.81631087825392,Online,Grocery,TR,8,0.04297118006573065,0.0730807360241131,0
1019,499,76.49275251707287,QR,Clothing,US,5,0.359266184056996,0.11185896137179047,0
4009,280,40.50870414434214,ATM,Travel,UK,19,0.017760093561421265,0.01510990109357396,0
78,228,439.5572844794313,Online,Clothing,US,1,0.012140237922856689,0.19343568778833897,0
8684,23,21.40671439632584,ATM,Travel,DE,22,0.07491141725855276,0.1209993366101108,0
2687,623,168.9757853874196,ATM,Grocery,DE,21,0.29262113521180305,0.6190187117003085,0
9138,994,26.630616147254166,Online,Travel,FR,11,0.01285387837757596,0.08901677481156751,0
190,699,560.1407907451246,POS,Grocery,US,16,0.998736630233235,0.6528995027166905,0
5342,566,133.7587506536739,Online,Electronics,UK,14,0.41790641615363355,0.4634503828352593,0
161,578,141.7514321398408,Online,Food,DE,19,0.20563089183243097,0.1704398531339771,0
6866,133,98.58817119233993,Online,Clothing,DE,4,0.3180279912068552,0.17533902402669985,0
5442,508,16.262776858021297,POS,Food,DE,22,0.3225699625794294,0.6351265982880594,0
6384,92,20.804707114739287,ATM,Electronics,TR,15,0.008874277074411432,0.06630858134815563,0
1838,440,9.580522132795773,ATM,Travel,UK,21,0.13964900129764465,0.014851280091733955,0
5923,857,212.44782801851068,ATM,Food,TR,8,0.16737549258226975,0.04982945778110818,0
8594,622,146.88602929262674,Online,Clothing,UK,11,0.06978012636752809,0.20164525481915163,0
5193,383,24.76050840772813,Online,Travel,DE,11,0.07237972944084416,0.006277288376097026,0
3650,753,216.88895562080663,POS,Travel,TR,23,0.09439745196235697,0.05172699625909764,0
4390,697,90.83284071481224,QR,Food,US,14,0.2626683829520196,0.2702274385545406,0
5180,106,29.257379665453204,QR,Electronics,UK,2,0.22865605784718385,0.1874111655813711,0
5709,573,244.2047176290821,ATM,Travel,DE,10,0.012114658112404975,0.09626878652180011,0
948,536,569.1259572666203,QR,Grocery,TR,13,0.0932536348612448,0.10232113649160071,0
1401,894,7.697263420989566,POS,Food,US,15,0.03811153558896454,0.02608540374767272,0
6402,798,158.43613995692414,QR,Electronics,UK,8,0.02596998440609018,0.04408084596434924,1
6030,776,168.26949403986515,ATM,Clothing,US,14,0.3150530611663325,0.11063140517624978,0
32,744,331.6484349438739,POS,Food,UK,19,0.4160390478541424,0.16207281441806157,0
8312,594,34.20599286420719,POS,Travel,TR,23,0.012981497932806443,0.013102375550479013,0
4231,454,1.3099611033180807,POS,Clothing,DE,17,0.2626467837962612,0.34771359890201675,0
2178,924,519.6391185222025,ATM,Food,FR,4,0.33230832419912004,0.10369636057506092,0
2407,508,4.424965207396518,Online,Grocery,US,7,0.20555340768590774,0.20150856857807384,0
9368,576,7.611205773679237,POS,Electronics,FR,13,0.08644331868897492,0.39647829399169804,0
7166,435,203.05087697582144,ATM,Electronics,UK,22,0.2782131323810349,0.13673061331070246,0
7415,808,62.656800358579005,POS,Travel,FR,13,0.0408894853376635,0.01373768299949545,0
340,547,8.048525139047674,POS,Food,TR,17,0.07307138380110435,0.07628804262283684,0
9732,87,167.53272933946107,QR,Food,UK,10,0.10513676642312986,0.34894315766325695,0
2436,595,96.88249608267873,POS,Clothing,US,19,0.04987176958466095,0.08407055751414978,0
3655,479,5.487498661756572,Online,Clothing,FR,14,0.32013953785487514,0.1330718479810351,0
6433,784,48.961716411052414,POS,Electronics,FR,23,0.14286699284805002,0.22444472103039667,0
4129,505,359.7974781936282,ATM,Food,UK,13,0.3363224149066067,0.418412298412289,0
9659,622,40.71202487625662,ATM,Clothing,DE,4,0.1136474776731758,0.511924489878701,0
9053,568,18.81433188327067,POS,Travel,TR,11,0.14929257140520377,0.2685942882890752,1
7333,10,136.54324249981443,ATM,Clothing,TR,15,0.043634895742640824,0.17344360508519804,0
8773,781,66.84909984504799,ATM,Travel,FR,22,0.2861268226988429,0.12374223143506162,1
4451,942,93.2126705841702,QR,Grocery,US,13,0.16097428513899864,0.047105195239882845,0
7371,341,34.191008686736815,Online,Electronics,DE,6,0.09766969803596588,0.03286765603653163,0
9508,759,1.6819666681316787,Online,Travel,US,12,0.05231272395603751,0.13500152187595016,0
670,216,81.5601155514483,ATM,Grocery,DE,21,0.1372063634152064,0.06456877516815616,0
7064,458,7.624474508646217,Online,Clothing,TR,23,0.043398294399752985,0.18850038685645856,0
9052,314,837.8152682190962,POS,Travel,TR,15,0.42412555082513126,0.5166364763608392,0
8143,537,49.94693360241337,POS,Clothing,DE,13,0.02720956520232765,0.21928875430783662,0
32,397,236.5142759490144,QR,Food,DE,20,0.08641498586268338,0.17410057781292712,0
9887,716,481.0109362065479,Online,Grocery,UK,5,0.04464266140203314,0.559459240162925,0
5135,323,193.89559239670226,POS,Travel,TR,22,0.10400000306577015,0.2826561271126187,0
6209,758,257.5431124429277,POS,Grocery,US,7,0.09071391646453295,0.1025764798986838,0
5077,569,112.63474463723013,POS,Travel,FR,11,0.20175917544821056,0.07046248321829346,0
8002,206,257.61102091682517,Online,Food,NG,19,0.1308345725476329,0.08317488705986512,0
5321,38,231.53781247032617,POS,Food,UK,20,0.07745420762265093,0.06641740133289604,0
698,867,216.74727739029774,ATM,Travel,US,6,0.8084469492192543,0.42194825242399475,0
1000,500,3.1706826496790756,Online,Electronics,DE,23,0.12912418494065922,0.08639920281606682,0
3161,811,62.452900043720035,QR,Travel,US,10,0.02306545749919753,0.020168080301091986,0
6658,497,178.4949309751967,Online,Food,FR,12,0.06621064415530459,0.3034558230508227,0
1931,153,331.5686262064768,Online,Clothing,TR,21,0.07861567109991448,0.13451295501112803,0
5121,421,370.945519025804,Online,Grocery,US,8,0.48549461489373,0.3650348489050448,0
559,533,14.123384271770158,QR,Grocery,US,16,0.0050588249095013665,0.01612812155599951,0
1012,167,19.826955909806117,QR,Food,TR,23,0.11178945869085109,0.020055262414957246,0
3294,244,240.60646742163925,Online,Food,UK,3,0.32591438186208643,0.14624661581712425,0
2874,27,773.85692082178,POS,Grocery,TR,4,0.23586145252141802,0.03408550537600777,0
9995,316,601.7352853947117,ATM,Clothing,TR,8,0.06428498804806686,0.06418100874673154,0
2974,787,103.70071147270073,ATM,Clothing,UK,7,0.16583551003482405,0.263308953205418,0
9102,459,489.7425894322257,Online,Grocery,US,20,0.021763692672102156,0.017017548513632824,0
4151,312,3.154104564310954,POS,Clothing,US,21,0.06446118972758193,0.3835668082637381,0
2373,698,373.25655659923217,POS,Food,TR,5,0.02373437524185098,0.02723785255925939,0
4750,74,14.732966856413697,POS,Travel,US,19,0.01830693192657762,0.4256879320447461,0
1062,374,6.287980591174972,Online,Food,UK,17,0.12748831297342667,0.19171548472669042,0
6756,115,9.184152941050842,QR,Grocery,US,10,0.08760097346540976,0.1574186542799391,0
7578,476,220.9988563611144,Online,Electronics,UK,14,0.1341863496573318,0.23605926413243078,0
2283,9,51.26219597877049,Online,Electronics,TR,22,0.24284022267177893,0.09451946659713656,0
4711,229,24.989803540592135,QR,Food,FR,8,0.23697714323663033,0.06463699153982819,0
9426,365,1.0163923612486858,POS,Grocery,US,11,0.0130169840218583,0.046606029777260846,0
1325,661,160.7327732617299,QR,Clothing,US,19,0.06301357180435939,0.30451229208338043,0
2555,648,5.267879721853107,Online,Clothing,TR,16,0.09853053755897903,0.045211808739012274,0
8484,272,9.507059879641602,Online,Clothing,TR,11,0.46625551654715686,0.2469433347095334,0
1130,526,138.14306575315968,Online,Electronics,US,19,0.11779285179934387,0.16437808363117995,0
7431,909,319.6170369535808,QR,Food,TR,9,0.11532191068754073,0.1347781810457404,0
888,950,54.98143046981239,Online,Grocery,US,23,0.19517157556357076,0.19451791136418262,0
201,936,102.74017708965194,POS,Electronics,DE,12,0.22052697272719024,0.02460461364382585,0
5565,122,374.4833101170083,QR,Travel,FR,12,0.3114018684829332,0.004920294329230398,0
9399,161,16.22616811493165,ATM,Food,US,16,0.4527823036092762,0.18144943636446648,0
6982,473,78.47687437148431,Online,Clothing,FR,19,0.36867430407358626,0.07732257895645761,0
3247,680,211.4501336449337,ATM,Clothing,UK,22,0.7502721463412121,0.14459213964457363,0
4106,324,134.44841530708817,QR,Travel,UK,6,0.3675019874470546,0.2288768553669678,0
9952,519,1.0574808278433498,QR,Grocery,US,18,0.10938940275621196,0.009152511098247253,0
2568,656,3.5515208623588386,ATM,Electronics,US,21,0.10542527699421039,0.14621269007307355,0
1179,586,759.4832260816831,QR,Clothing,UK,6,0.10506660764172387,0.0477324369776384,0
5390,917,642.8268052558589,ATM,Travel,TR,15,0.13656641479512016,0.09437576208219058,0
5565,368,138.95836755575422,POS,Grocery,US,23,0.5002760812112735,0.13067893734199026,0
3178,230,284.19040937105416,POS,Grocery,FR,22,0.12004794782483981,0.058614266048424825,0
4307,324,270.94301455693284,POS,Grocery,FR,18,0.4019800946953066,0.24541172715727677,0
3314,924,165.42912876845418,Online,Travel,UK,12,0.30891856012265273,0.14100655151354,0
8842,314,160.24434901958026,QR,Electronics,UK,15,0.2505091048921366,0.08206681125113856,0
9029,827,24.822197999675698,Online,Travel,UK,16,0.061463789599808784,0.2932834478171665,0
3169,414,287.52056783114335,QR,Electronics,TR,12,0.32921119999957693,0.12077631677469042,0
2263,70,226.67394436252386,ATM,Grocery,DE,13,0.13030962748852035,0.255785909759985,0
7169,485,2.071196162158536,QR,Food,FR,22,0.21754784991376616,0.37553540502175503,0
6847,810,114.85932234731678,POS,Travel,US,18,0.17202683865490923,0.14030699727654242,0
9132,366,46.9866568999776,POS,Grocery,DE,18,0.05416996463138728,0.08565753334396922,0
5431,43,51.34699854005713,POS,Grocery,DE,14,0.08715594304952054,0.046828131145414724,0
7304,836,7.6449158052157085,QR,Travel,US,21,0.034735617762399876,0.0658886162849257,0
7517,7,1.0045191891212757,QR,Grocery,TR,19,0.07557628333126919,0.29763586819466537,0
199,919,36.43866567515772,QR,Electronics,US,17,0.09292328783863524,0.4273935558746503,0
4392,106,11.359417737763067,POS,Grocery,TR,22,0.24541769912516817,0.010639188986287455,0
9493,955,73.71765962763618,ATM,Electronics,TR,18,0.010446410132882727,0.21914128698484156,0
7595,402,102.01994193330675,QR,Clothing,US,5,0.08124163543968196,0.19283450525175955,0
785,444,233.17152454368443,Online,Grocery,UK,23,0.103967727971161,0.10763539612406091,0
7430,991,1301.232403943063,ATM,Food,UK,11,0.26621506347626317,0.37612574165939355,0
8027,364,162.13742383986886,QR,Grocery,DE,13,0.4534964216111926,0.14036195788346842,0
2738,140,52.07450719218721,Online,Grocery,DE,16,0.03491947818446854,0.32593330217766786,0
5275,600,807.4781593591807,Online,Travel,TR,12,0.12009363651791598,0.15449791024418924,0
3371,289,55.047673271099136,Online,Electronics,TR,8,0.008099913606234728,0.279586654183379,0
9874,829,200.90210370230517,QR,Food,US,22,0.10398876365828982,0.06015017491845679,0
150,539,335.6008054947408,ATM,Electronics,TR,16,0.08550910787957107,0.003308187563029437,0
2241,704,41.456454619612416,ATM,Clothing,UK,9,0.10300390403756583,0.4480837566336463,0
1549,729,153.51987251224426,ATM,Grocery,UK,11,0.034425365002080245,0.00975458540266224,0
1294,559,42.60982877570462,ATM,Grocery,UK,20,0.05179820593109429,0.05810235408653751,0
2984,853,9.662490969283535,POS,Grocery,FR,18,0.1062481481706911,0.0895899984764302,0
5749,800,56.298496928222036,ATM,Food,UK,6,0.31660164072642855,0.35056394010321673,0
1964,875,114.74947299527696,QR,Electronics,UK,22,0.08262764039771822,0.03968452068568758,0
8898,138,14.605176723826617,ATM,Electronics,UK,10,0.25876656570048845,0.3673850468973649,0
9908,753,8.289236027257067,QR,Travel,TR,15,0.4169945029733029,0.17888600585016054,0
4665,56,260.490983232298,ATM,Clothing,FR,16,0.17553477482854773,0.061569888553020195,0
9044,982,98.08417385662588,ATM,Grocery,UK,16,0.1753550382825148,0.3204486514892682,0
6879,533,110.79718273433525,ATM,Travel,DE,21,0.2584602151970779,0.06841695395100561,0
4720,483,99.83341984426436,Online,Travel,DE,20,0.06797110250296351,0.17969595748294906,0
706,748,240.698224172936,QR,Food,FR,22,0.13542997113058655,0.028793836852187213,0
4705,20,98.2515344161774,ATM,Clothing,DE,21,0.12797070893822288,0.39711601920979595,0
6484,838,31.79102795828245,QR,Electronics,FR,18,0.20094638922631078,0.013329245939561273,0
1318,329,78.1113948621823,Online,Travel,FR,18,0.09437425659869471,0.4085403902530076,0
8061,124,174.17861948246076,ATM,Travel,FR,15,0.655455291683405,0.19658029987565304,0
5501,345,35.58702584215145,Online,Electronics,DE,16,0.15479626663886628,0.4686045506185464,0
8631,942,383.39977913094907,QR,Food,US,17,0.2960446642749463,0.3529734856211393,0
548,138,97.29824130068238,POS,Food,UK,13,0.6413619921186462,0.8766602542921851,0
3793,367,60.65808523301245,POS,Travel,US,21,0.19895287992012958,0.019596861151730018,0
7000,303,1.2572657180730524,POS,Electronics,TR,23,0.08206039189259443,0.062139174977752794,0
6421,560,31.391840287099892,ATM,Travel,UK,12,0.4020515588223399,0.8632464234529054,0
2453,496,619.5513396834842,QR,Grocery,US,7,0.15288611870512242,0.09247907517602393,0
2049,970,20.51288071478077,Online,Grocery,FR,21,0.013804238337073099,0.06326136780802705,0
1848,748,170.81787314246228,POS,Travel,US,22,0.06993717981524865,0.07452556412550279,0
8551,654,71.3457910486547,POS,Grocery,FR,21,0.179247848909771,0.21314149490429493,0
5647,65,56.98548672185461,POS,Travel,UK,16,0.0905232181150704,0.1558841471358667,0
3798,990,333.11841327658817,POS,Clothing,DE,17,0.15773130575391525,0.10547421708064761,0
9860,216,146.87125468511738,QR,Travel,UK,21,0.07818855147865846,0.10757845065980276,0
7223,411,52.75703593788651,Online,Travel,DE,23,0.1067818569367613,0.26234654655074646,0
8882,105,54.48073473245641,POS,Clothing,UK,15,0.2398259539517037,0.23201138320716694,0
800,397,173.63065062987195,QR,Electronics,US,19,0.14090263365613134,0.07771670301286071,0
2265,607,493.27032939415705,Online,Food,TR,11,0.22641840610971078,0.2503734112755533,0
4,158,226.98389543009444,POS,Electronics,UK,18,0.24191784077369183,0.5320982004893046,0
9142,909,1.104813975413819,QR,Clothing,US,19,0.14465469880668394,0.021495376353326382,0
2741,508,337.82786302597054,Online,Travel,UK,18,0.38687152392518315,0.16607833708352865,1
7856,897,2.4419410243763857,POS,Electronics,UK,5,0.02332066980882732,0.04990525176215011,0
7434,750,523.3398668160386,QR,Food,FR,17,0.2858996795777211,0.09449258911699186,0
1636,270,73.57303063911716,Online,Clothing,TR,3,0.10699129905137615,0.055352301060564296,0
8695,379,204.2585207097119,POS,Clothing,UK,5,0.2744273491982851,0.1603382869904114,0
310,810,340.8050342467492,Online,Travel,FR,18,0.2515890640289507,0.14308579668989707,0
5773,556,18.98576125642901,POS,Travel,UK,15,0.46193701938987136,0.18274757076593473,0
1445,102,1.0434280557986944,Online,Electronics,DE,13,0.039196125742280305,0.15104733145749058,0
5409,753,49.73597186778637,ATM,Travel,TR,17,0.1210738142840918,0.026890622503531237,0
260,399,435.16398397469567,POS,Electronics,US,4,0.004907766695195986,0.08097859461884196,0
6116,840,6.100988276491289,QR,Travel,UK,21,0.06757083139744616,0.028777046578675396,0
8055,918,86.27471848193197,Online,Travel,US,19,0.009676444672156932,0.05475993851608358,0
5519,854,77.0697788046574,ATM,Food,FR,14,0.08792772949075535,0.04325041044132587,0
8412,490,37.67321529414125,Online,Electronics,US,23,0.20967767634617884,0.10652855947670269,0
2136,589,126.00517679020115,ATM,Grocery,US,11,0.024850018773452016,0.2867392765581667,0
6004,758,207.48323062167213,ATM,Clothing,DE,19,0.04655473302300683,0.1852413129490986,0
8115,716,219.2819662868539,ATM,Electronics,DE,16,0.10494934400984425,0.06481733357409711,0
4040,938,227.17232045071293,ATM,Food,UK,13,0.08799179639674808,0.23770566243000044,0
6213,688,15.941777599077026,Online,Travel,FR,18,0.233636606710242,0.09908019896453034,0
9532,944,86.43341710297439,QR,Food,US,15,0.1073352609512996,0.22631425704786376,0
3575,536,77.77299247117017,POS,Travel,DE,21,0.12432494146513107,0.07150862123230083,0
6482,83,14.134435746971304,QR,Food,TR,20,0.38115483092369085,0.17369490805732835,0
2074,737,576.6672637975945,ATM,Grocery,UK,20,0.2188995813186501,0.009491693349120308,0
7800,834,255.26519969204142,QR,Electronics,FR,18,0.2307468613766952,0.6381077718537261,0
8135,464,640.962567458209,QR,Travel,US,17,0.11827349252829432,0.15868413044257956,0
954,828,171.9846153982567,Online,Travel,US,17,0.2671797272573371,0.2886661263248736,0
5942,226,5.513528196050334,ATM,Clothing,UK,21,0.16556815948226408,0.08238512855262531,0
8982,316,319.8054729667882,QR,Travel,US,5,0.265774695769861,0.13604714421609995,0
6186,473,324.4881823578021,QR,Grocery,US,13,0.13371084743781314,0.24249200039466057,0
7211,919,16.503394059437383,QR,Food,DE,19,0.0964752895353584,0.08948951560261707,0
7591,491,62.89051914192726,POS,Electronics,NG,22,0.0392778584207281,0.1794972250465935,0
2590,832,200.90721690873917,ATM,Clothing,TR,14,0.033408696181992055,0.3718324764156479,0
3285,691,117.91349632179751,ATM,Clothing,US,12,0.07176853248656967,0.27831953111126567,0
1077,478,950.5260486610956,QR,Electronics,FR,17,0.23760717225208555,0.14738834550679053,1
5148,479,408.89549122259433,ATM,Food,US,7,0.24978753203161808,0.6853182919736766,0
3743,650,479.62360916431237,QR,Food,TR,10,0.05044990157619562,0.1981491826536654,0
4726,56,7.686229102109976,ATM,Food,FR,16,0.14494665623120773,0.08962735456214908,0
2346,809,112.79552989480742,Online,Electronics,TR,23,0.1591776425605488,0.24742512675643843,0
755,638,116.73763486119185,QR,Food,TR,22,0.011813255756398416,0.04421095079790088,0
8636,923,59.03448588440867,ATM,Electronics,US,18,0.12692369907370732,0.11094659048642207,0
6831,758,121.0470055222729,Online,Travel,UK,7,0.021420832183516814,0.13108030347365102,0
1901,272,329.77159086030423,ATM,Travel,TR,19,0.04803889686950606,0.2155677936006012,0
528,358,67.79938293260857,Online,Clothing,TR,14,0.24509639310355305,0.028147632712302688,0
2604,818,271.0776489088512,POS,Clothing,TR,7,0.12103650043461198,0.37085327793337675,0
660,136,69.63678735490511,ATM,Clothing,TR,5,0.14714123968047085,0.09651549347960267,0
3729,108,9.495066166733599,QR,Grocery,US,19,0.2644994127889842,0.1721562314685818,0
7810,649,411.2638847909419,ATM,Grocery,DE,19,0.6412275486016549,0.7549730383554775,0
2301,806,17.97423618651967,Online,Food,TR,22,0.021033800460293177,0.021868277430379692,0
4100,189,82.71506383161095,ATM,Electronics,US,2,0.3414580117222286,0.09219137603207395,0
5152,28,15.589582370001706,POS,Travel,FR,12,0.26314322955705993,0.14321378267887136,0
847,442,183.32667739539903,ATM,Food,FR,11,0.024445890780912485,0.20126128357722445,0
7772,801,6.0461804773252386,QR,Clothing,UK,2,0.3668168706480781,0.1484590100120694,0
7119,312,81.68088926563233,Online,Clothing,DE,15,0.08800176273291876,0.13618259799668017,0
4649,761,39.90275234342255,Online,Electronics,FR,23,0.03513072372468005,0.1845242058783724,0
8644,278,276.3842154134039,POS,Travel,US,20,0.8729312123092097,0.29854892516716924,0
817,951,305.9028029540596,Online,Grocery,UK,10,0.1948583933196921,0.19989716503538477,0
8875,4,84.98609456193113,QR,Food,FR,3,0.12732727340613428,0.04178144162633938,0
5182,690,46.41773125338961,Online,Electronics,US,8,0.14989823497453977,0.0728070676015511,0
7104,816,30.188863447211094,Online,Travel,TR,11,0.03336114667098155,0.1435703290713068,0
220,610,131.27070976129173,Online,Travel,US,21,0.4428264648204736,0.3735952532962126,0
128,283,50.182005886476766,QR,Electronics,TR,12,0.020018840178377524,0.04364160467531624,0
5934,383,89.76163382596764,Online,Grocery,FR,18,0.05627367870974201,0.02175380846709394,0
7222,780,134.90962628744737,ATM,Food,DE,13,0.3513234555337041,0.49734671897777644,0
9994,259,57.55342757802242,POS,Electronics,TR,7,0.08082766999403834,0.27226023960670803,0
7298,345,3.9652460326020798,POS,Travel,UK,13,0.009597387415084075,0.11120972650331686,0
9264,190,304.34382397454294,QR,Electronics,FR,1,0.029858012383461554,0.11490340282939868,0
7874,686,150.83844812112642,ATM,Grocery,UK,15,0.09942781341716178,0.12026241405939551,0
6026,635,953.0602388637978,Online,Food,DE,8,0.14573481166447166,0.3828847116456322,0
3688,949,70.49058364647559,ATM,Travel,FR,19,0.10074314089539041,0.2706901079682263,0
3640,553,202.07233776747995,QR,Food,US,14,0.049922111386652715,0.25474227744212724,0
8428,219,11.31326994555127,Online,Travel,US,16,0.21431660495041624,0.20914217816435854,0
620,72,373.5487337822289,QR,Clothing,TR,21,0.18640914518088234,0.4424948237379808,0
6288,633,142.66041934809755,QR,Travel,UK,14,0.1530967689986972,0.16371739965939822,0
8343,694,218.93166517093806,ATM,Electronics,TR,14,0.21607079719833996,0.2506647200536168,1
1336,41,57.666977504387525,ATM,Travel,TR,4,0.32191225944863394,0.20121596037008507,0
896,890,114.11020120504236,ATM,Electronics,TR,22,0.08175162811407473,0.14211655906390983,0
6976,609,14.401992399881484,QR,Food,UK,12,0.21111997424124837,0.10213386015667764,0
4921,333,126.22184110748799,Online,Grocery,US,8,0.09749171369390575,0.09848593672882344,0
2723,359,356.17726507939597,Online,Electronics,FR,6,0.2140261199052584,0.33698672903193433,0
9374,202,78.8721400579215,POS,Travel,US,11,0.07228472785452743,0.046464157949472104,0
7542,254,71.29311569405505,Online,Food,TR,16,0.021843311547941016,0.1018115848833265,0
4014,443,104.438705978471,ATM,Grocery,TR,10,0.007356925915756409,0.037116932771398777,0
6158,649,114.67125992275517,ATM,Travel,TR,17,0.5721843975401961,0.36830257097676905,0
4592,117,253.25492029639148,POS,Electronics,DE,3,0.2078456019987615,0.36345892357819104,0
3253,490,676.8712207165204,QR,Travel,UK,23,0.329788500662354,0.29542661823516986,0
3251,246,405.7198314347397,Online,Food,DE,23,0.2986473294039809,0.1937626590942695,0
2739,860,174.6704766756037,Online,Clothing,FR,21,0.2634437006716822,0.598025405013867,0
5856,745,144.19316071561303,POS,Grocery,UK,19,0.3135859079326217,0.13716562685115,0
2111,760,22.74214340861731,ATM,Clothing,DE,18,0.06634672469759241,0.2022633773329487,0
7627,277,459.05525277110974,Online,Grocery,US,10,0.5597518660363157,0.2611371552357437,1
1912,914,59.24259619992522,POS,Clothing,FR,20,0.24318380109546633,0.17147962174562226,0
6362,438,150.03515899018447,ATM,Food,UK,7,0.43820997114491195,0.2738699162166253,0
5129,799,158.5724282160728,POS,Food,US,1,0.20498034648659016,0.3155481983391695,0
1115,616,319.633384419019,POS,Travel,TR,5,0.588863228626435,0.4469523911613195,0
329,780,262.36841109861285,QR,Clothing,UK,6,0.12028679418153752,0.2826387771191165,0
6155,213,1.5156935047583986,QR,Food,UK,20,0.01399883839358429,0.16916361979812705,0
6015,976,58.23307497558149,ATM,Travel,TR,21,0.09920061494592902,0.24215471336879119,0
3543,887,263.13148480648925,POS,Travel,TR,21,0.05821076076266438,0.04881139522605174,0
8946,403,107.66515898375576,ATM,Electronics,UK,15,0.09280979404786467,0.43172019991425453,0
525,42,51.56299763059361,Online,Grocery,NG,18,0.0028151959019372275,0.0019974323713204843,0
6049,784,64.97630612751692,ATM,Electronics,TR,17,0.05379155920189125,0.19354080431286325,0
6186,97,136.42879292621586,ATM,Food,US,6,0.22199215123978513,0.03571423646740282,0
4657,202,10.950770850488327,ATM,Clothing,UK,16,0.011899018033495936,0.08451428417271728,0
7506,431,202.39006932927973,POS,Clothing,DE,19,0.37543341429006355,0.2701150904933767,0
730,924,53.120299499040286,Online,Travel,UK,18,0.052162179252625875,0.11008160733652983,0
1733,762,501.40462159308134,Online,Electronics,UK,22,0.11751846413755851,0.07663791878466725,0
7627,261,271.2161112345394,QR,Clothing,TR,19,0.07400737482203015,0.3045279788807984,0
4394,67,332.8319824363749,POS,Food,DE,8,0.4105671815882628,0.29359939296001714,0
1424,14,81.41246366323388,ATM,Grocery,UK,6,0.0740346168263158,0.04715568587693223,0
7069,425,89.41523514306446,Online,Clothing,US,21,0.023813882378932023,0.037810925654938904,0
2444,888,116.69643743954863,POS,Electronics,TR,4,0.023227020006079596,0.24888698765332556,0
4601,588,225.53796882425175,POS,Food,DE,12,0.1874833516690259,0.11240438243412539,0
9067,795,18.970407694582473,ATM,Travel,DE,12,0.40132242002060114,0.14856342873369785,0
8664,911,4.482656179511823,ATM,Grocery,TR,22,0.33039206430057755,0.19566585906066974,0
7003,688,36.54198533624856,QR,Clothing,DE,10,0.016878264372012435,0.002123343250004208,0
9834,970,88.93446413296374,ATM,Food,TR,8,0.11149563364251197,0.06531940644977251,0
8770,148,79.60649968206008,ATM,Food,FR,21,0.027004800145943583,0.08449103536400866,0
5631,648,1074.0280853221384,Online,Clothing,UK,18,0.4961872042147478,0.6843799911600105,0
9082,491,39.78680074970731,POS,Travel,DE,15,0.1328328297944597,0.07389617160003782,0
1926,731,320.4644879734627,QR,Electronics,UK,12,0.05015657479681659,0.4368437153063398,0
4745,827,7.799233738774705,Online,Clothing,FR,20,0.05373081809836792,0.09151575231942825,0
8269,86,159.2587118117351,ATM,Food,DE,14,0.7286940862862201,0.40230045057621683,0
5930,222,233.53857883228864,QR,Food,DE,14,0.1892242156120465,0.5673556818917841,0
5834,797,25.716702975844182,ATM,Electronics,DE,10,0.05172852069320139,0.09341532485957953,0
5097,134,6.575848880128422,ATM,Electronics,TR,16,0.10972373356482074,0.6804220443552229,0
2656,537,129.21722983779546,ATM,Travel,DE,17,0.27629825761186966,0.28168887403617776,0
9462,966,1088.8817482800446,QR,Travel,US,17,0.34359899992038645,0.25935693101979573,0
4991,121,46.225442425855114,ATM,Electronics,UK,16,0.06107676502766948,0.024853576876140985,0
7252,663,62.09824091857351,ATM,Food,US,15,0.21373955452533672,0.06355899298462532,0
3753,550,147.58638582300424,QR,Travel,FR,15,0.030528332745232048,0.03225514305251883,0
7436,84,32.79896603375927,ATM,Electronics,UK,14,0.18451217599153955,0.035617097586173915,0
623,411,109.88834423129043,POS,Grocery,DE,18,0.36183601830367984,0.3163240454048495,0
2013,81,7.886036296359849,ATM,Travel,US,8,0.009096071246536561,0.008717755514035277,0
7210,361,33.115432509516005,Online,Travel,FR,12,0.12196313977875964,0.31664775077855584,0
2507,433,211.62148798803722,ATM,Grocery,TR,15,0.2519449050704347,0.1366963206686109,0
6516,889,1.876818259975161,ATM,Electronics,TR,12,0.09869278352385724,0.1018892567090963,0
8219,164,157.52253332371438,POS,Electronics,US,16,0.3144542740106575,0.20889862571368226,0
7770,501,74.29962273883052,QR,Electronics,DE,18,0.4341148415986135,0.13232003602757464,0
1786,550,138.4729961748141,QR,Travel,UK,12,0.45576574191905933,0.4045052497667887,0
4725,705,65.90199626290936,Online,Clothing,TR,4,0.44733567142899594,0.16482083051779187,0
5594,798,5.516544932037504,QR,Electronics,UK,11,0.10689676013977002,0.10466466934795707,0
9226,525,1188.200803007145,POS,Clothing,TR,13,0.05443604198187609,0.06815516357006267,0
9648,89,58.829838035829404,POS,Travel,FR,21,0.28037987364324246,0.08429838098733529,0
7689,919,89.68247558985956,POS,Travel,FR,23,0.07559152963556336,0.0944275509986835,0
1227,945,82.9321644300381,QR,Travel,US,14,0.03931164169344613,0.027573500823853073,0
7897,642,15.432085449971053,ATM,Travel,DE,18,0.008961456093661753,0.1449991709254286,0
4873,248,5.612614306971991,QR,Food,US,2,0.12875788551740672,0.13708364698967931,0
7219,424,1256.1680611295988,QR,Grocery,TR,16,0.5146957906339048,0.11066685552527401,0
8885,981,141.90994460802,QR,Clothing,FR,11,0.08779883067476867,0.09529552663712834,0
5674,855,50.284772205415955,Online,Grocery,US,15,0.07479388800785813,0.03637686440088361,0
6953,13,117.19974685696508,Online,Clothing,FR,23,0.2039625022659838,0.18929888625166827,0
4037,520,84.0131099370795,Online,Clothing,US,21,0.06553565905030859,0.31660915022150105,0
6228,803,158.06500935530076,Online,Food,UK,21,0.09157285446716242,0.18712489668202367,0
5818,964,468.9150974257827,QR,Food,US,19,0.4538236688665843,0.1066507577702854,0
8945,186,331.6504233481986,Online,Clothing,TR,5,0.05324358700416562,0.21676922859074998,0
7523,991,62.44666470258434,POS,Grocery,TR,17,0.058258801670033604,0.025530642727085762,0
5926,767,26.97296211194994,Online,Grocery,US,11,0.19138992939537247,0.03532471927270768,0
2492,413,42.206731128303666,POS,Electronics,UK,11,0.039613828555088965,0.10215315871535592,0
3985,127,214.90437125162103,ATM,Food,FR,18,0.17088969973223606,0.5120717338172753,0
7030,784,143.02772339171366,POS,Clothing,TR,20,0.08694577680786943,0.10096158926855237,0
6692,467,214.20299699985304,Online,Travel,FR,18,0.07679442424920531,0.2975046180064542,0
8427,686,6.562753449421025,ATM,Electronics,DE,10,0.17667549662249107,0.040440734171208005,0
5832,332,195.84444556367015,ATM,Grocery,TR,16,0.0828038024864669,0.11565727754153249,0
4586,686,343.5634819136125,ATM,Travel,UK,15,0.24377120166003527,0.3852567187872832,0
946,648,12.284244922617221,ATM,Clothing,FR,14,0.022278044101421153,0.01696575098432017,0
6960,269,6.182565616591969,ATM,Clothing,FR,16,0.07302523567864042,0.16818308418064157,0
558,748,59.222220708680446,Online,Food,US,0,0.19594379483969557,0.03875746532509083,0
4927,992,160.1255957576943,Online,Travel,US,18,0.11488012211991322,0.14750140263995878,0
3302,683,7.170963705681398,Online,Clothing,FR,10,0.12873823677903307,0.10080527368229739,0
3954,182,374.34880276489423,ATM,Electronics,NG,12,0.11115028179967368,0.1071286430326412,0
6065,42,17.607692091969565,ATM,Food,US,21,0.0456681645781046,0.026076105233304673,0
856,288,547.8920822423546,Online,Food,UK,11,0.06615374986816557,0.1595762020153391,0
5904,755,56.58006881204911,ATM,Electronics,US,18,0.1452003490714297,0.11200746878673394,0
8048,133,455.4794117263155,ATM,Food,FR,10,0.24057802688125954,0.23944153423118383,0
8551,521,999.4834128185043,ATM,Travel,US,18,0.2383906395022367,0.27199152032234164,0
775,210,25.747187927067465,POS,Grocery,US,16,0.3281310872879733,0.12454547672067175,0
8677,514,6.188788725636805,POS,Electronics,US,20,0.19031968531701224,0.07101611108155331,0
4888,800,36.73969627735298,QR,Grocery,DE,18,0.05199820948213676,0.05162796134464861,0
3626,977,185.374885393946,POS,Clothing,TR,16,0.10017682264188038,0.03658398893796667,0
3986,452,150.62166352779028,ATM,Grocery,TR,7,0.08173633146362519,0.18327844696442588,0
2735,743,167.92804749764883,POS,Food,UK,17,0.36468794005409105,0.15011581994972653,0
6728,47,112.82282392056437,ATM,Clothing,UK,13,0.3017255834629507,0.13508281222133775,0
7596,557,26.634475972034366,ATM,Travel,US,20,0.2505910021305277,0.1809439537724282,0
5,769,51.82228984253724,ATM,Clothing,DE,22,0.2056271900924583,0.1996858925075258,0
8332,19,506.3110831358883,ATM,Travel,FR,20,0.20700480394926088,0.2830970079300143,0
390,568,143.64549909426924,Online,Electronics,US,19,0.07080581266485833,0.10815697122865509,0
3942,227,161.49224943248473,Online,Clothing,TR,11,0.153178283898785,0.15996960829403994,0
4949,334,95.87656032192638,POS,Grocery,FR,11,0.31187513850276044,0.21756576934363528,0
4626,375,27.625775956114374,POS,Food,FR,22,0.056807470169268466,0.19848585859842457,0
2283,206,28.9590259565072,ATM,Electronics,US,20,0.044177362227138445,0.034640671139267734,0
5663,135,889.7416135637717,Online,Travel,UK,14,0.24760826931491622,0.23401115881186438,0
8981,180,349.09613493417726,ATM,Clothing,FR,6,0.12863820136255608,0.32175442632029794,0
9491,368,141.36700476139504,Online,Clothing,FR,14,0.010549737529015822,0.06293101592617245,0
694,270,49.433409919030545,POS,Grocery,TR,9,0.09622553741446711,0.04452243427147656,0
267,892,2.381225547647181,POS,Clothing,UK,15,0.14456839387141618,0.0006874259803076664,0
9271,132,2.3947984895948795,POS,Travel,TR,15,0.07031234042853297,0.2538190714735387,0
8483,395,144.4125402535534,ATM,Travel,FR,12,0.18583958144114168,0.02292162505924908,0
8093,528,920.9350189737013,Online,Grocery,UK,13,0.3814606297648959,0.14989083207756512,1
3890,725,1.6100910753096898,Online,Clothing,FR,22,0.026030643096065294,0.14475213533546852,0
130,180,5.993362429755606,QR,Electronics,US,23,0.02885208890820601,0.002327413060239008,0
3628,568,112.88351061626112,POS,Travel,UK,16,0.13485154232394556,0.2268603556986923,0
795,255,74.3658630055585,QR,Grocery,UK,11,0.228485987516511,0.15763786862382356,0
4676,439,298.7498908690542,QR,Clothing,TR,11,0.19108044301753904,0.2877803285178351,0
5516,81,180.59656750019838,ATM,Travel,DE,22,0.11645150846020125,0.11812667684510467,0
5769,925,10.40649918337348,Online,Travel,US,22,0.01693701422106921,0.013716332360416535,0
6895,585,33.614173570963196,POS,Electronics,UK,7,0.43263116052483513,0.07704588251575976,0
1900,541,41.357893911360456,POS,Travel,UK,11,0.08488461154425776,0.21032349495219205,0
1353,404,5.665833318080804,QR,Food,US,23,0.08415241413728389,0.1377455331791357,0
7993,477,29.210288534253525,Online,Clothing,FR,20,0.3164768693440634,0.23113941649613068,0
7025,330,24.920421542340502,POS,Electronics,DE,16,0.27278186918437114,0.12067162748083435,0
2060,789,97.52120240725493,Online,Travel,FR,18,0.15616489565666775,0.21908025573142098,0
6627,263,93.18952282721574,Online,Grocery,FR,8,0.10982451452354315,0.10570446049695141,0
5111,140,198.80327145024714,QR,Clothing,UK,22,0.23544555906354647,0.23752724235536188,0
1509,477,214.2922436787985,POS,Grocery,DE,14,0.252693468985685,0.27157931105327543,0
2065,601,42.76804222322379,QR,Travel,US,21,0.21191902666467208,0.13918255762729642,1
7011,460,212.44539949296805,ATM,Travel,TR,19,0.5300260028844828,0.8459872605492238,0
7423,751,6.134681772573553,ATM,Clothing,TR,13,0.09397899554266723,0.01699551182983893,0
5866,229,190.20012371385184,ATM,Travel,US,20,0.4410876643319896,0.18030460984388647,0
8252,687,161.82366647382057,Online,Clothing,US,17,0.08590058846035013,0.05293310154709057,0
6609,807,542.0343650918533,POS,Electronics,FR,21,0.14741801807822558,0.4075340160983437,0
4660,173,95.9825609517832,POS,Travel,DE,10,0.04862687505312477,0.14491100949209518,0
9659,659,344.0099595156449,POS,Food,DE,11,0.47066227761324314,0.3071542804460513,0
7486,835,99.16997843686525,Online,Clothing,FR,17,0.07396780575510635,0.03977737738493873,0
1931,499,31.087298091344138,Online,Clothing,DE,19,0.44259817930223777,0.04645276048874206,0
5377,860,89.16712481470569,ATM,Clothing,TR,16,0.12067013836634212,0.04310702659932399,0
8546,164,201.02965060271282,Online,Electronics,TR,4,0.20519373977248012,0.0510469962253465,0
9212,680,412.2710857178441,Online,Grocery,DE,13,0.19631848312176833,0.00924863424743326,0
4985,441,15.698337388630934,QR,Electronics,TR,19,0.38446930916580885,0.17411979036486158,0
1479,607,103.0908581645195,QR,Travel,US,22,0.11217400378447946,0.11479715555257308,0
2639,217,2.970235541910485,Online,Food,US,13,0.04425798032325086,0.2474788870284705,0
8390,363,572.6464755215505,QR,Travel,US,20,0.28076458982627894,0.032149830243674044,0
9697,802,369.538415249447,POS,Electronics,DE,17,0.2690389586192343,0.10691517502777385,0
5948,995,91.61663057596822,POS,Clothing,DE,9,0.11039053036141175,0.25576611787371156,0
5575,617,157.59900866664393,QR,Grocery,UK,15,0.10768938887922193,0.04749792072423029,0
4891,972,133.41188278325745,QR,Travel,TR,21,0.26453227049284234,0.2109975915925347,0
2153,601,371.87264159335535,QR,Electronics,DE,15,0.19490021550379086,0.027543317953644765,0
9821,437,124.912402840685,Online,Food,US,11,0.02573038637328822,0.1584772242119155,1
9726,242,86.33683025846545,QR,Food,TR,19,0.11687333007331908,0.07345346884222421,0
1223,112,278.66503373478656,POS,Grocery,UK,8,0.03890954256009311,0.15917832852733388,0
1642,128,90.49776100439588,Online,Electronics,FR,16,0.054734111828779526,0.05631911363362091,0
4980,334,66.2769041599123,Online,Electronics,FR,22,0.14733004173309988,0.0867502439576409,0
2426,251,177.13172877202533,Online,Grocery,DE,22,0.12251301490355276,0.4614793578858246,0
6388,731,468.10207107551685,ATM,Electronics,US,20,0.1381445519475801,0.03704899660070331,0
748,533,713.283302419343,POS,Grocery,FR,5,0.1599809830645546,0.02352068866496253,0
8385,510,74.03514087317608,POS,Grocery,DE,18,0.26538546434622634,0.10822156145981505,0
293,17,52.82267237037438,Online,Travel,US,6,0.1639485740551421,0.3231720775002621,0
3425,775,444.5015361456884,POS,Electronics,FR,14,0.17981536451020524,0.13827408434597174,0
4903,928,246.47956567448293,ATM,Clothing,US,11,0.02024590566212315,0.0464024425697342,0
7026,101,18.46097442224511,Online,Electronics,US,20,0.027428028414424946,0.1052916242778754,0
2923,811,63.56358390221209,POS,Clothing,TR,17,0.09747243446835992,0.05748968884400844,0
132,805,33.64951214321164,QR,Grocery,UK,15,0.1427866490017307,0.1475792753958544,1
803,322,34.54951432533809,QR,Travel,DE,15,0.061406819056399525,0.011371434341233836,0
7966,155,19.209646925752367,QR,Electronics,DE,16,0.09765636000441792,0.5118332305821535,0
3609,886,16.929172942387936,Online,Electronics,TR,11,0.041247502117734466,0.035861385474506825,0
7233,484,60.46027238097224,POS,Grocery,UK,10,0.4914690266889067,0.40201602885307464,0
8417,871,8.937132522394839,Online,Food,US,13,0.05271086107182233,0.048690411222476845,0
1519,729,83.0450041635135,Online,Electronics,US,1,0.007469262706575106,0.04427158661194623,0
6981,286,23.014434208603586,POS,Food,FR,17,0.17151101530908164,0.35039626958889847,0
403,630,58.27952793398018,POS,Clothing,US,21,0.09305225989554729,0.06384835049568974,0
9699,102,752.6587615913229,POS,Food,DE,14,0.13210978166617965,0.9996026492679309,0
5111,723,214.78418507877373,Online,Electronics,TR,16,0.16296674329344898,0.1596174803240028,0
9709,339,166.35347080118677,Online,Electronics,DE,14,0.16685555001836552,0.0843609324837269,0
5535,278,369.25421829779515,QR,Food,TR,5,0.09136714246330871,0.22788107147013914,0
1395,180,172.12591766583108,QR,Clothing,FR,8,0.23381379585243717,0.16061472384574366,0
2461,897,11.752161714817055,QR,Grocery,US,5,0.23743086843603683,0.05167767341643365,0
4315,633,440.0595465039037,QR,Travel,DE,6,0.6279840497720565,0.5663218888359361,0
4291,851,5.712908792502359,POS,Electronics,FR,22,0.040567981267485995,0.027692291138525938,0
5202,123,100.71819272783462,QR,Electronics,US,22,0.06773769482326247,0.02217545712495519,0
7869,386,14.2928923804199,ATM,Grocery,DE,18,0.07027816278956238,0.06997527344886988,0
5152,485,143.2077552375259,POS,Food,TR,19,0.1387782900384179,0.583469963740525,0
8291,11,22.82968634477003,ATM,Electronics,TR,22,0.005152941218707948,0.009314230867527262,0
5575,379,9.650379975468656,ATM,Clothing,DE,23,0.10546888862882546,0.030690331838579242,0
6097,527,60.766316312484314,Online,Clothing,TR,19,0.28232039410354776,0.07684369682972235,0
4239,553,346.57664018763063,Online,Travel,TR,7,0.1480070533014662,0.401117111258516,0
3426,387,547.0480711630318,ATM,Food,FR,13,0.15734786135413603,0.2562617941269121,0
5136,458,309.91509650595805,POS,Electronics,DE,16,0.31480108085444536,0.20903671842717092,0
7702,851,101.72631995450465,Online,Clothing,DE,16,0.16893424873993948,0.05548759771885198,0
7170,67,125.92849162989074,Online,Grocery,DE,8,0.11325456379218454,0.05904693982726082,0
8039,522,87.07277415676069,ATM,Electronics,FR,22,0.04987110605631901,0.1912304611209521,0
5190,361,147.2542918024707,Online,Electronics,UK,1,0.1116651770511271,0.23870833793738525,0
7175,864,56.27468446003068,Online,Electronics,UK,7,0.005711464169055467,0.07772534874265977,0
748,384,252.84488956343495,ATM,Travel,DE,14,0.581787376464797,0.541617514482363,0
8465,174,179.55451586368352,ATM,Electronics,US,14,0.2573388257859882,0.22823372954303692,0
7480,869,99.20908094489948,POS,Food,US,23,0.12311899020356952,0.12606169589081115,0
3827,355,1.5566736983195955,ATM,Clothing,DE,15,0.002089811041278006,0.08053499810309259,0
2176,760,60.876541941297994,ATM,Electronics,DE,23,0.19942766148959762,0.1264685122701419,0
9099,842,139.0048711663248,QR,Travel,TR,15,0.15396138440975876,0.07864556903556094,0
7123,896,558.7046916380259,QR,Food,TR,15,0.19101106940285106,0.9996026492679309,0
2684,232,16.973864389498473,Online,Electronics,TR,10,0.013804432938113086,0.005400548252729785,0
8119,38,142.6559824454395,QR,Grocery,US,4,0.16041262528876435,0.16982994478601648,0
357,970,260.14183325520025,POS,Electronics,TR,21,0.21160350618064294,0.1533893068576426,0
8632,596,105.45878194101488,ATM,Travel,TR,12,0.2858464043332133,0.061100938066303685,0
499,908,8.025986970199577,Online,Electronics,US,19,0.082678946157351,0.1406552621176002,0
5919,325,36.19286780646249,POS,Electronics,TR,8,0.0730710254747497,0.3986246659707246,0
1402,85,117.95858606269222,POS,Electronics,US,15,0.09654851441290056,0.0415693496789692,0
1399,791,141.97453830669414,ATM,Clothing,US,19,0.038918560184632835,0.34923543657916306,0
6680,524,223.5838828379161,ATM,Electronics,DE,3,0.4458296301511041,0.255856984392337,0
2237,907,12.682914228969784,QR,Electronics,TR,16,0.30415877664972313,0.3385483433976789,0
7613,971,379.6287957210024,ATM,Food,US,23,0.3514296964333358,0.6076289306191264,0
1460,624,104.9444120313496,Online,Electronics,UK,4,0.10935090351126837,0.09170751610326629,0
4763,308,56.154549168132284,Online,Electronics,US,6,0.17834945611344974,0.07836427318330887,1
7797,154,351.57517667035364,ATM,Electronics,TR,17,0.2790087487994888,0.2219727187236781,1
7184,421,50.845854956161666,Online,Travel,US,9,0.09180746402403302,0.22829957859378427,0
2201,198,269.62172982258016,QR,Electronics,TR,19,0.21687391037873804,0.10022558460234882,0
908,685,21.895881439630454,QR,Travel,TR,21,0.1581491873509479,0.011103739565584109,0
5926,383,358.829587970366,Online,Electronics,DE,15,0.5948238819945137,0.11990415138205125,0
6314,590,957.0536794354916,Online,Grocery,FR,12,0.1833195017107218,0.4838145587570735,0
2499,57,122.61863218872085,POS,Clothing,DE,18,0.48764077117870347,0.1746481089553461,0
8330,222,34.16428303409923,Online,Food,DE,22,0.02832630766784919,0.10911346824625998,0
7669,134,38.858326146580424,ATM,Electronics,UK,7,0.04005753598492498,0.0594732096358559,0
8703,114,86.12006502778924,ATM,Travel,UK,6,0.29807029945225655,0.09921067883285509,0
6907,920,25.01037033772915,POS,Food,US,18,0.4112867617362358,0.30874184375994335,0
7919,515,182.58520156539262,QR,Grocery,TR,10,0.08801845972854763,0.06784060392944828,0
8033,22,171.27778692097627,POS,Food,US,22,0.2662361065933983,0.10493311869807524,0
922,935,334.0052716097827,ATM,Travel,TR,21,0.08409474391680673,0.14824331017965603,0
7609,956,507.8030189657199,POS,Food,FR,17,0.025091929036538736,0.3694453200712631,0
3752,70,2.352046009943925,POS,Travel,US,2,0.3308569388650557,0.14430360663999656,0
5707,676,241.19066376212928,POS,Travel,TR,21,0.15988852808745171,0.1806364835713866,0
7768,544,130.2839657985633,POS,Clothing,FR,15,0.39177422685587954,0.23143761181480862,1
7982,367,61.73749496737322,QR,Food,US,22,0.1217685292342826,0.1060960851194298,0
7427,210,248.28987286104686,ATM,Travel,DE,20,0.24460554727789213,0.13503064969712872,0
3497,712,39.58058277735184,ATM,Electronics,TR,5,0.08979525878396406,0.1869906282455935,0
8260,606,48.72735425688636,ATM,Grocery,FR,13,0.17933939168445967,0.3016277975690588,0
7443,116,16.137201536133954,POS,Food,TR,20,0.19683317132429054,0.08540307736330925,0
9159,138,1246.3631666615495,POS,Grocery,FR,20,0.3893661983729432,0.44343754157963966,1
7566,788,296.95613145440734,ATM,Travel,US,20,0.2731290300115124,0.26711741315201254,0
2789,365,54.184119438858446,ATM,Travel,DE,5,0.02168069746210848,0.09491902740490686,0
9134,291,154.59583859810775,Online,Electronics,UK,16,0.08876012446265752,0.009513655821049665,0
5648,87,417.943425103656,QR,Electronics,TR,23,0.2917225691420077,0.13402328867024269,0
1024,725,79.05643394039937,Online,Travel,DE,8,0.4208855208007687,0.0683749338283353,0
599,572,71.5137718784126,Online,Travel,TR,16,0.012670700468154699,0.3532408940040541,0
2880,57,30.709659560584598,Online,Food,US,4,0.49698876882229587,0.565758282968413,0
7849,939,207.602969657844,QR,Clothing,US,17,0.04031953679910086,0.10231602651928177,0
6058,302,120.4354819488939,Online,Clothing,DE,11,0.2989471657709619,0.07845073970550538,0
4479,703,46.84161965824004,POS,Clothing,US,16,0.30761934839953164,0.25054898672710235,0
2721,404,231.21933475660285,QR,Grocery,FR,22,0.2121016722053836,0.12178966054918738,0
2767,650,77.13638046194845,QR,Travel,US,16,0.16885419578008312,0.31984029008499015,0
5114,496,99.57716528163917,ATM,Clothing,UK,19,0.20253532173226796,0.12296185251910303,0
7480,111,1.6087606983528249,POS,Travel,FR,18,0.0347857105191675,0.01094023245802513,0
8504,539,347.12173680137147,QR,Food,DE,16,0.07676670057134957,0.16269069424764318,0
1273,495,221.43985293223815,QR,Clothing,TR,22,0.3238003817808826,0.12085506145370561,0
2492,628,165.70597917163326,Online,Electronics,TR,11,0.07431330158799596,0.03373785285835909,0
2871,325,314.70948395257295,ATM,Grocery,FR,18,0.3710858701202847,0.06263398104999926,0
3430,833,227.29682810260454,ATM,Clothing,FR,22,0.08836281928468152,0.15142669803078757,0
4418,623,334.5568613022161,QR,Clothing,DE,22,0.42922538989508974,0.46942711973777984,1
4868,933,74.76923988124685,Online,Food,US,16,0.017247164433936594,0.15060921436566446,0
2035,491,24.776305725552067,ATM,Grocery,FR,21,0.14726824269930677,0.14370475945500225,0
1619,734,228.75586873918095,Online,Clothing,NG,1,0.4084022084983216,0.2160372931096577,0
540,509,299.5449989991566,ATM,Travel,US,22,0.1612729558967494,0.16880834493433197,0
8465,612,10.067792963564285,ATM,Travel,FR,14,0.03520352801833262,0.025219186209791352,0
8080,908,85.2221160839757,ATM,Food,UK,15,0.14155595772761045,0.1292009649623872,0
6111,407,154.495588796065,QR,Grocery,TR,14,0.13451362482312407,0.19527693579004105,0
4273,266,20.532817801045837,QR,Grocery,UK,8,0.07835467341821073,0.22033310317138624,0
1525,642,174.80418510963528,POS,Electronics,UK,13,0.0996863173017858,0.06414544209569391,0
3856,146,233.51747092626016,Online,Travel,DE,12,0.01239122093730871,0.08448295626135001,0
8099,717,143.75928679346436,QR,Food,TR,12,0.625020309955708,0.12322645020910396,0
7810,597,83.71205779483842,QR,Food,FR,11,0.0944633330217828,0.08897120421868125,0
549,629,712.6192719243611,QR,Food,US,22,0.3051979374745051,0.057673126058098885,0
4561,891,111.51867988749089,Online,Electronics,DE,20,0.07117410357960337,0.2253754985476823,0
8613,298,342.07702552766415,ATM,Travel,TR,15,0.33019526867012233,0.13720952567773706,0
9713,210,6.409770374758146,ATM,Clothing,DE,3,0.059649625512261106,0.022526296899748888,0
2804,172,18.52743413884785,QR,Travel,FR,15,0.031802426745197995,0.2742140245496745,0
3951,891,331.74380787677626,POS,Grocery,UK,22,0.27261363021070584,0.18800353010381776,0
9629,382,1338.8365206298524,POS,Grocery,DE,3,0.6815554810416468,0.6567002177149046,0
8173,838,110.627995322918,QR,Travel,US,17,0.12048906484606729,0.37970171547930726,0
2995,252,42.05541401973832,ATM,Travel,DE,19,0.008130188664790306,0.08614447858457583,0
2068,681,17.32165031241841,POS,Electronics,US,16,0.15219663319277682,0.14018440698051976,0
8546,0,25.94975854347579,Online,Travel,US,11,0.08278666089691668,0.2221236730422005,0
8641,677,78.92543108338559,QR,Travel,US,22,0.17709168631040842,0.36832191247067453,0
4099,897,572.2708115551779,Online,Electronics,UK,13,0.0558346950763317,0.45892092117182853,0
8384,199,178.47720660315355,POS,Travel,DE,20,0.14191681689899116,0.3240062401287573,0
806,844,1418.85934953912,ATM,Travel,UK,16,0.17378790718675768,0.7924078800881146,1
6779,124,107.58695535093057,POS,Clothing,FR,18,0.6271019153966797,0.0819065737046536,0
5767,752,156.81228301961318,POS,Clothing,UK,19,0.17552068232397566,0.43601239840895384,0
9349,933,103.3019975980345,ATM,Grocery,UK,4,0.07108997049130118,0.06098950517086018,0
8688,905,157.79713772526298,Online,Food,UK,21,0.13646929882663086,0.08841915911876502,0
5561,844,144.46457359747347,Online,Grocery,US,4,0.020412783117707084,0.07520001434984151,0
9225,898,24.881543672784442,ATM,Grocery,US,19,0.05540966931874778,0.09226142895478617,0
5978,68,25.982972060546864,ATM,Clothing,DE,22,0.28587397956179084,0.2359473242067487,0
5767,553,23.072813305613263,POS,Clothing,US,20,0.016689750498167934,0.04997536932159964,0
1153,829,1.763968030722876,QR,Travel,US,8,0.05682942537960242,0.007054875418076901,0
0,52,116.37353431640257,QR,Food,DE,5,0.10920947619015395,0.2046392373259341,0
8336,22,239.76563186342563,Online,Grocery,TR,12,0.3336514051252956,0.1286045022296971,0
140,163,294.9237697063057,POS,Travel,UK,18,0.39460320824838946,0.03378521164554941,0
5265,818,393.8594939994041,Online,Travel,DE,21,0.13281882667198497,0.040227362942232926,0
1149,283,155.43546831834718,POS,Grocery,UK,20,0.21944229479723118,0.06872271343103951,0
8193,972,61.37432343083723,QR,Food,UK,23,0.19000765935940375,0.038569880400472684,1
7197,994,26.60155803887908,Online,Food,FR,4,0.5185828877066834,0.12808419077868669,0
6680,782,405.73587023134917,POS,Food,US,11,0.22324320027068145,0.28650271639793085,0
1887,53,121.3357559654732,QR,Clothing,UK,19,0.0649655639938062,0.3021514972011994,0
2612,419,13.654191201415168,ATM,Clothing,US,23,0.02569476160855176,0.2928249465660267,0
5752,473,31.500713611375154,QR,Travel,FR,9,0.20583766596007547,0.06907061905686777,0
5033,654,3.473938923718423,QR,Grocery,FR,19,0.01917734531563573,0.04444279954088844,0
1984,827,117.75613731183343,Online,Travel,UK,21,0.2772410327905448,0.10684157055261666,0
7439,424,33.83646200004076,Online,Food,DE,5,0.06000837690665288,0.08515333697811335,0
8603,381,6.7545933173331845,QR,Electronics,UK,14,0.007846562171825602,0.12996366679948151,0
7462,531,8.751881508385514,Online,Clothing,FR,3,0.43617386162606264,0.19042578599176238,0
5745,26,335.66706571419775,QR,Food,US,17,0.09845992211747731,0.2027577668341385,0
384,335,8.166580093947612,POS,Grocery,FR,18,0.18550049605497076,0.2875357930656296,0
9354,518,105.98392128960369,ATM,Travel,UK,21,0.030700841762524782,0.31236770304127653,0
5722,128,208.63216729827406,Online,Electronics,US,14,0.3276583426521598,0.08102301104159422,0
9418,237,19.494989368629383,Online,Clothing,FR,21,0.2953286685813553,0.09524981844055337,0
5226,550,21.645350713132412,POS,Grocery,UK,19,0.035027860741816116,0.1769211643945726,0
1784,98,83.06755166148766,Online,Grocery,TR,15,0.30995813695061014,0.15659356938353014,0
8125,671,322.44106353547096,POS,Food,UK,22,0.4866227028943935,0.09368231167536581,0
2596,321,68.2203557005243,POS,Grocery,FR,23,0.147035364488033,0.22535055733966652,0
4891,794,417.7310625448283,ATM,Travel,UK,11,0.2810749858064431,0.814250523665429,0
746,818,36.11855587560782,POS,Food,UK,11,0.351428043747903,0.1154181679039401,0
1235,769,234.7894193519879,ATM,Clothing,US,8,0.08008866397594634,0.11745075845972165,0
2079,526,423.21014598541217,QR,Food,TR,8,0.09556658053085026,0.05374731848240261,0
4098,7,147.71257040472653,Online,Travel,FR,21,0.41397794629188184,0.3605412547227888,0
4624,463,248.5838005867537,QR,Electronics,TR,16,0.0340312265332941,0.09747106364872399,0
2847,319,286.5939126554928,QR,Food,FR,14,0.19571868975114529,0.16440546211881557,0
574,608,5.496594513787546,POS,Food,DE,18,0.22543687341439986,0.041304074861402515,0
8224,237,170.88978693678408,POS,Grocery,FR,22,0.4503588112997941,0.2429536619585246,0
9519,607,76.94043072979925,ATM,Electronics,UK,16,0.17811238444827954,0.20096785133732076,0
1882,862,325.4745091241652,ATM,Electronics,UK,11,0.18454665234272571,0.355339813094702,0
6688,715,14.297813801982878,POS,Electronics,UK,22,0.14450155640222168,0.12663760943861033,0
1885,560,11.132022916058983,ATM,Clothing,FR,19,0.028764869143434253,0.0462238350538608,0
2970,559,3.793908241824681,POS,Travel,FR,19,0.3142876001566215,0.1012418146846272,0
2665,623,358.49783248679535,QR,Food,FR,16,0.4145294000327482,0.04003320794372031,0
2779,158,187.53294541785277,QR,Food,DE,20,0.08329578345660313,0.20446009435454296,0
2852,114,102.94615482325702,ATM,Food,FR,6,0.2551201092220461,0.06327329922807666,0
9023,465,134.15763153578501,POS,Clothing,US,19,0.5736868020461027,0.13235830921651526,0
5710,946,7.352203417525073,POS,Grocery,UK,22,0.07403407460148485,0.03698955029820738,0
6582,655,638.0584185788039,POS,Clothing,UK,18,0.0688331964340511,0.07030251884471285,0
103,591,134.00732257812103,ATM,Grocery,TR,9,0.14725592971115553,0.22298429228111197,0
5314,204,15.000294592066814,QR,Clothing,FR,18,0.13105861896906687,0.07401635800182142,0
5802,857,406.23998081606186,POS,Travel,US,7,0.050087207312748475,0.03412349115656329,0
7866,550,70.8143866550934,Online,Travel,TR,21,0.1609283429337254,0.43328013505442753,0
9249,172,16.255216594526612,POS,Electronics,UK,4,0.10545202919683917,0.06582580819121181,0
3687,753,21.93903749263321,QR,Grocery,US,17,0.051124166264360935,0.177463555205006,0
4671,484,49.809735163197786,ATM,Clothing,TR,10,0.06843135870244557,0.04885919266227894,0
316,383,282.6437976358192,Online,Travel,UK,20,0.340088233758895,0.4469883638683373,0
8255,961,66.57744596469995,ATM,Grocery,TR,17,0.1633166020245634,0.08706524475647404,0
440,8,65.92111582297727,Online,Clothing,TR,22,0.01842528202448903,0.0841985297721483,0
9924,719,25.826289430041,Online,Food,TR,15,0.34247066487177347,0.01611609593677437,0
9576,721,122.3861094134797,ATM,Grocery,FR,3,0.1426077450107302,0.10890738241192952,0
5976,21,79.66129288173816,ATM,Electronics,TR,14,0.052122900649924905,0.07772173428786236,0
7908,871,105.52205747701622,QR,Grocery,US,12,0.32222287867252436,0.3543327291486887,0
2778,904,2.550216216531593,POS,Electronics,US,14,0.25384378701187843,0.039916943310864254,0
4485,525,54.17209107619898,ATM,Grocery,NG,20,0.07380052087915505,0.5406427612387134,0
4431,149,540.8915639161593,Online,Food,TR,13,0.4504680702599376,0.32964707950928523,0
2794,613,261.4711523647034,ATM,Travel,UK,13,0.4682135148650516,0.10118366633321839,0
3409,386,397.31642126483933,ATM,Grocery,FR,14,0.44766988930455903,0.21087939925232232,0
2130,880,147.64240872207338,Online,Electronics,FR,10,0.03943002089999463,0.09511421730349963,0
1158,111,2.2963955441188655,POS,Grocery,TR,18,0.049895152360054776,0.0008495525581878837,0
2585,418,66.85202367355062,Online,Grocery,DE,15,0.20070392823990155,0.12953528785329468,0
7776,532,6.298230386215933,POS,Clothing,FR,20,0.02146162319800472,0.04423371975935523,0
1182,415,91.78420828273319,POS,Grocery,TR,1,0.11584575990312489,0.08051638246248917,0
1929,897,35.08054871454804,Online,Grocery,FR,15,0.12206995995770402,0.15670524673646039,0
4549,702,106.20571136407052,ATM,Clothing,TR,16,0.3540319542850889,0.007859350882083404,0
1342,754,4.487485325242818,POS,Travel,UK,11,0.20081892399907444,0.029579180405360502,0
9876,19,261.12867972121677,QR,Electronics,TR,20,0.5121678823092551,0.15136175178323974,0
9501,449,51.8084784461946,ATM,Food,FR,23,0.0028859300824627056,0.019257876792778215,0
1282,72,320.1919732404921,ATM,Grocery,DE,20,0.3901775662542575,0.7738897857206831,0
3927,134,26.836820423695713,QR,Food,TR,12,0.19519499651487648,0.06977485129051857,0
9072,706,120.13469500945489,ATM,Grocery,FR,1,0.10752399635736688,0.1624609518225463,0
7684,977,140.48771820699014,QR,Clothing,TR,13,0.04067293393059337,0.029178545363993367,0
8862,80,390.4646896018761,ATM,Food,FR,18,0.10377902791966225,0.2933972218122481,0
2023,329,86.15127236286926,ATM,Clothing,FR,15,0.03260229254526751,0.14164836565405692,0
5664,665,30.871159962983317,Online,Food,TR,12,0.078287149438021,0.11541136555322144,0
9019,110,21.894680862145854,QR,Travel,DE,10,0.016779034749307378,0.08141605882718464,0
5099,245,18.800342072482913,ATM,Food,TR,7,0.0073473923330044915,0.02587874525747888,0
3215,775,220.71070447111862,Online,Electronics,UK,19,0.10308888680754705,0.1759707284973605,0
3013,293,136.61207184494967,Online,Clothing,FR,21,0.19850439764121763,0.14879914181809648,0
5670,448,329.81840947821564,Online,Electronics,DE,6,0.2936762950055858,0.38176727585314213,0
4979,239,15.786120686998323,QR,Grocery,US,9,0.10636740002607273,0.03380626429861199,0
7440,633,487.71678202754686,QR,Travel,DE,12,0.18911141724620642,0.32967308905171655,0
8681,273,4.065150834400488,Online,Grocery,UK,13,0.15074744048341643,0.2150337503243845,0
5029,126,57.153453767812515,QR,Grocery,TR,3,0.058396620140075434,0.371632483510302,0
9585,102,254.55905819704512,POS,Food,TR,22,0.03391868355571871,0.17439414902203557,0
7646,842,7.3965554213462426,POS,Clothing,TR,6,0.03679999904706754,0.281750740207508,0
5478,506,14.572893730601779,ATM,Clothing,DE,11,0.15593966731367037,0.43550252261726513,0
9151,216,5.394703149369592,Online,Electronics,FR,18,0.23084966776062166,0.11515085601100092,0
9037,892,443.1617920820991,ATM,Food,FR,13,0.06475410473725791,0.04180003174911414,0
9347,350,19.766844109759198,Online,Travel,US,21,0.12444443383566746,0.020637268029488648,0
6098,688,392.0256044271431,POS,Food,FR,14,0.24395574793491998,0.1819576290885176,0
2114,690,64.98058424978397,POS,Grocery,TR,17,0.04451753767728644,0.08524871843406905,0
1605,146,41.703834794034925,POS,Grocery,DE,6,0.17391855822232272,0.07604355800332205,0
9464,363,181.24375504247223,QR,Clothing,US,21,0.06715426360870479,0.2973020507583349,0
1035,265,80.54083263415875,QR,Electronics,DE,17,0.06971959857890624,0.0897913071486138,0
6087,92,1.377214666099769,QR,Grocery,US,21,0.08765424523037652,0.012293651456357042,0
3099,929,170.10569050900062,ATM,Travel,UK,22,0.47004522201639976,0.4264974856616413,0
7668,878,102.75159417780755,Online,Grocery,UK,11,0.12884098654797974,0.5081878527853345,0
733,456,105.29622882057362,POS,Clothing,FR,20,0.19077603759859896,0.36186968224499916,0
336,834,138.0939635809657,ATM,Grocery,US,22,0.1729464366273362,0.04128528954460217,0
4802,266,33.70732807432867,QR,Clothing,US,15,0.2382448431667482,0.4442156287287104,0
4900,308,275.92577565858534,Online,Electronics,US,7,0.08800383769146296,0.1644190763250583,0
4826,362,173.85874381341497,QR,Grocery,FR,9,0.1416223393093553,0.12899918866939591,0
1921,629,237.23909546565775,Online,Travel,UK,21,0.42367210452667753,0.4065863555209833,0
9582,912,71.68809211754686,QR,Food,UK,17,0.3279452252078321,0.06788856264043498,0
5724,928,24.27466372464552,POS,Food,TR,22,0.08338928189432743,0.013523936259465748,0
4785,421,31.585289562989704,Online,Food,US,18,0.21490892830793012,0.026467320303538176,0
4725,167,214.25512576374413,ATM,Food,UK,20,0.08829983346954956,0.2211531443412896,0
9518,663,167.56500672968093,POS,Clothing,FR,22,0.26432037821907456,0.3222366543875447,0
4446,377,1.0016376823953994,QR,Travel,UK,16,0.01949386722415163,0.00014514124734850257,0
9242,310,47.3353728717751,POS,Grocery,TR,21,0.34253261003645136,0.18434125802364904,0
6321,721,23.838323217685062,QR,Clothing,TR,16,0.11656319759070477,0.07116986067627187,0
7824,682,6.8026934092977935,ATM,Food,DE,9,0.1254456323741925,0.2970871724999704,0
815,924,212.4312283210408,ATM,Clothing,DE,17,0.21383961483402816,0.2695358748233398,0
3623,612,89.08635906240825,Online,Grocery,TR,7,0.24275181064708848,0.038746536530529486,0
1106,924,41.154193145829595,Online,Electronics,TR,22,0.03598757255222052,0.3061424042457591,0
5501,638,70.55550509525477,POS,Food,FR,23,0.06330205813089074,0.17865401088364183,0
2657,65,509.15643274586904,POS,Electronics,DE,13,0.06925861498598304,0.26664722076384595,1
2543,74,2.501265547473805,POS,Electronics,FR,12,0.4590692799704421,0.3185877467546416,0
1288,41,44.15248327410557,QR,Travel,DE,21,0.03729621174579413,0.23545113275811924,0
8743,893,2.604491837150926,POS,Clothing,FR,12,0.04551322109928124,0.08087667968800691,0
1464,880,55.56148703436988,ATM,Food,US,18,0.15169130749542342,0.19295927895948703,0
8825,540,15.063909442489456,POS,Travel,DE,16,0.04583744798636992,0.07986812396561005,0
1634,347,116.65768347031033,QR,Clothing,US,5,0.13946921212225746,0.040819376217072996,0
3269,564,18.584297097397226,POS,Travel,FR,20,0.1014025522806066,0.09156719054112336,0
9232,708,67.06244984062901,POS,Travel,UK,2,0.08809716016013093,0.028916446667843123,0
7188,896,187.07292182015132,QR,Food,FR,18,0.38616861459709606,0.11892195787039785,0
779,757,202.86834241850968,QR,Travel,US,9,0.17779549350115792,0.1227886913787163,0
7643,295,203.7962570623,POS,Food,DE,15,0.06953939874131149,0.1690040163566116,0
5719,393,62.63460661215647,POS,Clothing,FR,19,0.009310749830368614,0.046086780106275003,0
5201,539,68.27159876822249,POS,Clothing,US,6,0.1323818206240861,0.16332753285475177,0
3621,692,490.98927004706894,QR,Clothing,FR,12,0.6701013821958768,0.5108554487474704,0
2022,713,112.62687135539942,POS,Travel,UK,22,0.17936645470192836,0.4429656808877047,0
9528,732,96.22796086020989,QR,Clothing,FR,22,0.06205635190276717,0.19217076104714967,0
3604,415,67.56572220223532,POS,Electronics,UK,11,0.018583100752862958,0.13211943601726228,0
5595,783,770.7373207373205,Online,Grocery,DE,14,0.2634883016276948,0.22810680532975577,0
402,463,134.19433487364321,Online,Food,US,14,0.02114974613301943,0.03145795506365956,0
6022,523,148.87855685412129,Online,Clothing,UK,11,0.07120679841004808,0.20712204682109428,0
3532,108,112.69696006808138,Online,Grocery,UK,13,0.27524940172936796,0.18476258650507096,0
5914,49,95.47435836835936,Online,Travel,TR,12,0.12167759031993967,0.46487913418697857,0
3496,732,145.16691722418253,Online,Clothing,TR,22,0.1847057143405572,0.4126338398553829,1
896,645,1.9026141546977817,QR,Travel,FR,23,0.0008333259827990931,0.00311558557623557,0
9060,446,359.26082123170306,QR,Grocery,FR,9,0.7790452130469139,0.2832549686203623,1
2078,834,2.5404291644297072,Online,Food,US,18,0.16233254725693602,0.21307718339527942,0
6775,312,265.03193301742647,POS,Food,US,22,0.08814887091342649,0.04401804089201691,0
5379,606,115.03636010564942,Online,Electronics,FR,21,0.09975858514944388,0.32507869328430555,0
6935,618,11.725537305503092,Online,Travel,UK,20,0.02168912539672524,0.2352315945705407,0
8947,601,283.9050585831273,ATM,Electronics,DE,7,0.11278860772918585,0.0788175804363263,0
3691,799,263.7249868467848,Online,Clothing,DE,19,0.1173761262390647,0.03875648224084707,0
6374,268,40.59990659992676,Online,Grocery,FR,9,0.019337950354119136,0.09306202297673583,0
2307,116,331.5847766525075,ATM,Travel,UK,13,0.12130485315753216,0.18242958254904182,0
301,827,533.5685317148219,Online,Clothing,DE,3,0.14318767580981376,0.9996026492679309,0
7438,473,49.03770529116112,ATM,Grocery,UK,19,0.34601760506905055,0.38768672514311847,0
4375,252,34.88781289550638,QR,Electronics,FR,22,0.0735483840392804,0.075009430633892,0
2457,225,107.79180471483978,Online,Electronics,FR,15,0.15571571448781388,0.6135617552675636,0
5128,737,372.7165039697315,POS,Clothing,DE,23,0.1059494472656731,0.014870833036986105,0
8875,553,46.79780265306196,Online,Food,DE,4,0.2650393805085352,0.073198363524377,0
9357,809,157.10148338447848,QR,Travel,DE,16,0.322443505887756,0.13465920987625948,0
1174,684,7.770402549287029,QR,Clothing,US,6,0.1984517970920224,0.06796279485046972,0
9441,808,178.23295777565326,POS,Electronics,US,14,0.07899705022500254,0.03155108418273385,0
6267,911,369.958066637121,POS,Grocery,UK,7,0.3982394763817155,0.03626719201552795,0
1799,695,609.1962516043525,QR,Grocery,FR,7,0.3839028070828639,0.17940116166171258,0
1521,729,45.15069751387277,Online,Electronics,TR,22,0.19137775834310153,0.4168048536833333,0
8446,534,6.373864396247782,Online,Travel,DE,21,0.06257446317227452,0.11235958596303727,0
5968,230,28.336643136772725,Online,Travel,TR,11,0.19032528987699854,0.3759705384267451,0
9708,446,22.296544430590142,QR,Grocery,TR,19,0.08966149227650987,0.4345908478144468,0
3722,634,86.78468041533608,QR,Food,UK,9,0.06798295204245408,0.5569800855675852,0
78,830,307.4132993344409,QR,Electronics,UK,10,0.3484069482206961,0.12824724057996284,1
8084,562,5.41533739861669,POS,Travel,DE,21,0.06861030962802558,0.03565780906605581,0
2062,377,516.9780172262272,QR,Electronics,US,9,0.505288165543485,0.27414149454154274,0
9068,335,292.54035900720083,ATM,Food,US,15,0.4270195419338214,0.3669475859654286,0
9851,316,36.372379674848375,POS,Grocery,FR,12,0.12271210703368549,0.021754328280660363,0
8757,181,162.99158106214495,QR,Travel,US,19,0.07426747652291037,0.12783800169157042,0
6820,582,197.22983605160945,Online,Food,FR,11,0.10548228092748156,0.29675581847900206,0
2886,485,102.81371663899552,Online,Clothing,UK,21,0.059068720329808574,0.15858972510279806,0
4787,479,1.9952883012065121,POS,Food,TR,17,0.0641005125291764,0.0188295314857128,0
6160,316,5.381100482157167,ATM,Grocery,DE,5,0.08591745515556344,0.2093975326909086,0
4014,953,16.891959206481395,QR,Clothing,FR,20,0.010619443402554678,0.01272075538104988,0
2402,116,163.23251827319388,ATM,Grocery,FR,7,0.10683957925312748,0.0158575293869831,0
3383,0,58.83680623409224,Online,Electronics,US,16,0.20415173917924692,0.1403665290979746,0
3354,146,172.85557039520117,POS,Travel,DE,12,0.06379046083348577,0.011486851868404709,1
9869,62,19.157858816910146,Online,Electronics,FR,15,0.05492371176917635,0.11916009487921313,1
9198,746,248.96385527144233,ATM,Food,US,4,0.998736630233235,0.5304702175182503,0
7631,86,584.6726958544674,ATM,Electronics,FR,15,0.13364269764177716,0.49540968183314904,0
3495,841,718.3316589255236,ATM,Food,FR,18,0.34651690442608263,0.3900988839360511,1
968,111,2.315115480534603,ATM,Food,TR,17,0.11904364870155178,0.11140875016614066,0
2670,336,477.12771435391295,QR,Food,FR,22,0.2853274931120205,0.08322780084861198,0
2130,445,354.02508719274476,QR,Food,UK,12,0.33491701359476495,0.3051426169861975,0
9305,661,42.54540450616929,Online,Food,UK,13,0.13102907565748068,0.22416816025518532,0
3227,551,146.38566529781164,Online,Travel,UK,14,0.13867515389140855,0.3722368880168776,0
5183,487,97.49082556205725,POS,Electronics,UK,7,0.06341769060713014,0.08368691403156937,0
8834,191,193.88639153657505,POS,Food,TR,22,0.2398682919854077,0.1656926245081196,0
4924,400,48.585355322037735,ATM,Travel,TR,15,0.04894388207345697,0.16953201758055852,0
3175,360,203.4876538858401,Online,Food,TR,21,0.1725052282995293,0.0750417353763266,0
9837,179,19.48833910001448,QR,Electronics,NG,23,0.8084438427880996,0.09341680650786847,0
7158,4,61.89734540562154,Online,Travel,US,21,0.05324147006053854,0.16723959836923696,0
7454,8,102.1536066777724,POS,Clothing,DE,12,0.03874338914497692,0.16485757324068237,0
3492,65,57.02016094793928,POS,Grocery,DE,13,0.1954733981189194,0.0363791949551768,0
5058,596,15.021572119475987,ATM,Clothing,US,21,0.07318086638723792,0.08393885664313529,0
3301,686,75.73800012990957,Online,Food,US,5,0.08140347871992308,0.05766982424233562,0
3951,745,68.73652635527489,POS,Clothing,DE,16,0.37847162814266927,0.21713884992171617,0
56,632,22.914861638378763,POS,Electronics,FR,23,0.31184934478001575,0.34043833351321223,0
9492,495,389.1057813708561,Online,Clothing,FR,20,0.614476761782416,0.3003994370501035,0
2818,798,111.60588066180722,QR,Clothing,DE,14,0.03999424663227594,0.1465345883529578,0
4339,990,523.6627039119464,QR,Grocery,UK,14,0.166700455918016,0.059386889601605035,0
6493,131,165.42820494302322,Online,Travel,US,20,0.11879578216244639,0.4083635142734781,0
1599,6,77.51976078608764,QR,Grocery,US,7,0.14466124165152303,0.1885764667633064,0
3477,728,178.84195135901086,Online,Electronics,US,21,0.01100335392345938,0.20459384367514089,0
6993,332,48.232939632591915,POS,Clothing,DE,22,0.13406489092104504,0.020517209469918543,0
6165,784,17.974258899044393,POS,Food,FR,17,0.28551695332956883,0.162071534256007,0
4626,53,34.813240101261,POS,Food,UK,22,0.04476755200551322,0.20097935489349816,0
8242,73,617.0147317440883,Online,Travel,UK,15,0.10212268671606466,0.17546202988292442,0
8392,242,7.211078191554767,ATM,Travel,FR,20,0.03672676149460966,0.01636400792239873,0
5652,831,20.926490122329877,POS,Travel,FR,7,0.07733931280703753,0.03817148410439494,0
2886,912,32.128577109998034,QR,Food,FR,10,0.2921365298780903,0.1091640283223468,0
390,792,384.01157779006934,QR,Food,DE,18,0.3338891194703961,0.10773757521301475,0
7675,898,99.95105185305236,Online,Clothing,TR,13,0.04542132396434021,0.06546727930795908,0
747,897,395.86977480697595,ATM,Grocery,US,5,0.21602209685921955,0.02157261503310322,0
6792,359,1.2491361938405467,POS,Electronics,US,22,0.06306605424602633,0.08426524828743073,0
9526,725,276.598823719598,QR,Electronics,US,22,0.21399567431066172,0.19421497510405475,0
9280,478,110.61661112488221,Online,Grocery,UK,23,0.28968469707092037,0.07849662539296011,0
2542,700,20.699264769417418,Online,Grocery,FR,15,0.07043556388602563,0.10745255978854237,0
4926,524,545.6320020865453,ATM,Clothing,UK,19,0.20482616517453048,0.0887848362470345,0
9360,632,39.80531126247984,POS,Food,DE,15,0.07694654856700131,0.10110325580367617,0
6782,139,225.23563827328675,Online,Travel,FR,23,0.4184622493896412,0.25914156913513176,0
3217,810,286.06553159304576,Online,Clothing,DE,19,0.04720587248740747,0.025830906512630144,0
1548,889,43.157746099238274,POS,Electronics,US,13,0.14781180180542147,0.010292111458583983,0
8299,410,69.93411913384642,QR,Grocery,US,10,0.10260422308421908,0.32896709535863006,0
9747,83,130.98263885923518,POS,Clothing,UK,15,0.2633049431652629,0.09095214735186317,0
1609,185,9.939660240286148,QR,Grocery,DE,2,0.3213838662562175,0.033706741338218514,0
537,868,405.96346140628566,POS,Food,US,21,0.18197658010172327,0.003265049830709666,0
5153,725,70.50185194892718,QR,Electronics,DE,22,0.18440791943776577,0.29777613816784976,0
7143,473,209.88044408404494,POS,Clothing,UK,19,0.1238156621770432,0.2788583971331163,0
3883,743,4.721504996430367,Online,Grocery,US,16,0.20162668322891814,0.24319898733527331,0
8581,201,49.813647287320975,ATM,Clothing,US,8,0.5618824345425287,0.0619815910229038,0
2446,987,41.97418489646822,POS,Electronics,US,11,0.16980034475006103,0.1310066929604111,0
6005,812,180.77306871771856,ATM,Electronics,DE,18,0.27360701496489315,0.6135311537913827,0
9082,605,20.414877031144353,POS,Grocery,FR,5,0.12552188225130154,0.1274596920396709,0
6197,697,657.6583111114701,Online,Food,TR,19,0.2912197636613836,0.10201847933655653,0
6312,805,53.29694204060139,QR,Clothing,TR,20,0.2610746348127535,0.07647515309852364,0
1651,670,36.880786754933304,Online,Grocery,US,6,0.09092266241845937,0.3230359613508859,0
7517,332,146.08486522317932,POS,Food,US,7,0.2724451322288678,0.0848221093161853,0
1131,678,17.875694590121338,QR,Food,DE,21,0.07722568706798504,0.06116530724431081,0
9663,257,387.22471095243316,Online,Travel,DE,21,0.17377387772959857,0.4800365836072308,0
9369,719,18.373283345728943,ATM,Clothing,UK,5,0.026204665345587266,0.15959844479796986,0
9626,916,501.7452584375827,QR,Clothing,TR,22,0.14866736789342463,0.19982198317894034,0
326,371,133.88005773372223,QR,Food,US,14,0.0989870709280203,0.3106305933277799,0
7699,506,156.39993656562677,Online,Electronics,US,12,0.17930336438575462,0.23605151074740371,0
8096,252,51.52692025727121,Online,Electronics,FR,20,0.1772172833755672,0.041026434897489035,0
9207,998,97.41888160548503,Online,Grocery,US,16,0.02021128202361252,0.031100693643050466,0
6337,424,480.58869867950943,Online,Electronics,TR,15,0.1355844087332479,0.3387248513747924,0
6160,608,73.69172785114051,QR,Food,UK,23,0.45541612204625515,0.07322052817000836,0
7431,755,150.3235292581385,QR,Clothing,FR,22,0.09523156624722061,0.08279564411598764,0
2660,566,632.6176029623891,POS,Electronics,TR,16,0.1307001662615019,0.03408731534439648,0
8767,804,134.1469307535201,ATM,Food,FR,17,0.049026225988586525,0.055142967895218886,0
5755,644,111.87221904290844,QR,Food,US,7,0.1827861883376915,0.07954207377451548,0
6359,630,208.25356742709135,Online,Grocery,FR,12,0.30982445798617597,0.32702986253803007,0
9636,624,105.93803451891726,QR,Travel,DE,12,0.0813483072276264,0.05397561182738122,0
4390,126,28.06602185531529,QR,Grocery,TR,21,0.12612318250842042,0.22194251483173422,0
4917,719,36.87401100630738,POS,Grocery,DE,9,0.10527477373413947,0.09985709234739776,0
7306,834,14.73454557179058,POS,Travel,UK,21,0.04422822331980438,0.06402822323082169,0
8687,110,200.82736721286582,ATM,Travel,UK,10,0.2751233770781961,0.6406623979574312,0
5783,603,12.880244597810933,QR,Food,DE,15,0.0043541016601244785,0.11153063021252917,0
8671,133,500.75870532955986,Online,Grocery,DE,16,0.033502333498349156,0.12666523703612495,0
2095,273,34.88752435368389,Online,Electronics,US,16,0.3682778901164162,0.06876918554257028,0
5435,596,253.4995734404282,POS,Food,UK,14,0.40583291971429014,0.040534653718681396,1
6833,425,30.328504648051993,POS,Food,DE,14,0.08579306220251198,0.013200718422107266,0
194,396,572.5144861440754,ATM,Electronics,FR,22,0.1483388347931538,0.03221125706331305,0
549,47,84.14467419646736,QR,Electronics,FR,17,0.10393848990123167,0.08727871409128134,0
8100,809,76.19077896316794,POS,Travel,DE,18,0.38125398748514994,0.22947892185683905,1
2421,78,150.86116495092537,ATM,Clothing,NG,16,0.16113467017812372,0.1166398125172688,0
2828,146,132.68417523711958,QR,Clothing,DE,13,0.4252184762472446,0.04742650676426099,0
325,247,210.21912202321425,ATM,Travel,US,14,0.33227847313444425,0.42581456923415634,0
8529,886,28.42637534917866,POS,Travel,UK,8,0.24113445820375606,0.23805084028090945,0
8592,946,9.092379110884897,POS,Travel,FR,19,0.008280923214747925,0.03270193154016527,0
3201,262,66.52154452465777,QR,Clothing,UK,10,0.022291950527717645,0.17969545028016315,0
4568,443,31.98812215059358,Online,Clothing,DE,14,0.0740791852690036,0.03579598703546269,0
9248,596,133.6253736311605,QR,Travel,DE,1,0.027743299300748238,0.1489922053052792,0
8431,1,313.2222781347628,ATM,Electronics,UK,13,0.3363311766833884,0.12214449304203051,0
3854,229,6.3981434273018785,QR,Food,DE,8,0.026391482215443855,0.10622643160840062,0
2139,667,6.751692065344702,POS,Clothing,US,9,0.07068478263052898,0.012666669142096989,0
6321,70,56.96814830466279,Online,Travel,TR,7,0.07522242285819739,0.12947555561223775,0
599,563,51.56953885807993,POS,Clothing,DE,21,0.23270418062431453,0.015704732550475786,0
2830,309,55.980846846713845,POS,Food,FR,20,0.22427239684372774,0.08437768372174749,0
916,462,30.763524887986932,ATM,Electronics,NG,12,0.13631173798754215,0.015721559256340802,0
5418,292,105.0727150821245,ATM,Food,TR,17,0.01986954944320131,0.011533956819434508,0
6253,970,8.378852155676523,ATM,Grocery,FR,11,0.07225525147115786,0.028984812281593334,0
4866,491,58.82011945063816,ATM,Grocery,US,12,0.26104499284187266,0.1798326150099419,0
2817,775,150.56016833580773,ATM,Travel,FR,23,0.7961941028384686,0.6484562968955521,0
4437,45,315.97948458562524,Online,Food,TR,17,0.40174196658372857,0.13737331140455217,0
8784,598,93.48904270114588,QR,Electronics,FR,22,0.0682741715408573,0.24392613231580348,0
8856,942,122.75517748581,ATM,Clothing,DE,22,0.21071694438417488,0.19653905385119577,0
7148,326,296.6783114403159,ATM,Food,DE,6,0.2706690931365369,0.16543385348344672,0
8032,845,6.864424309807838,POS,Grocery,TR,10,0.33995624637599436,0.08332698844907475,0
6134,637,349.02288172878633,QR,Travel,DE,4,0.14053204834707564,0.32992146306555303,0
2001,677,98.78195376354373,POS,Food,US,21,0.290498173867142,0.10572649237947679,0
8553,551,263.933528293203,POS,Clothing,TR,16,0.20279977390363185,0.47932724662764414,0
652,527,155.64121392522716,ATM,Food,US,15,0.26295228878946536,0.33067989643634255,0
7155,886,708.1539689999869,Online,Clothing,FR,23,0.1663495381711115,0.43530235532309386,0
6442,943,226.76496210368754,ATM,Grocery,DE,21,0.16073106010696298,0.06036779034733972,0
87,899,28.688013416018997,ATM,Grocery,FR,20,0.06181973227930927,0.2720281137144801,0
7326,191,91.54111271088391,Online,Clothing,FR,20,0.07300187064376559,0.04067647892821795,0
1262,652,1.2782371559974806,ATM,Clothing,DE,11,0.23757668954357924,0.1085179435683893,0
471,159,320.68155392361973,POS,Travel,UK,5,0.4844155645191177,0.15839717762398342,0
5448,972,100.74266330454937,POS,Travel,UK,19,0.6671288092544202,0.2817761814747098,0
9025,286,96.57511166218794,Online,Clothing,DE,19,0.20028513703698714,0.11818427502914133,0
9521,614,79.6112592731298,QR,Grocery,DE,10,0.03128577982830836,0.03176618342211569,0
4659,15,103.66858450734055,POS,Food,DE,22,0.14510956855910992,0.04275146994843206,0
6372,659,362.02820538999,Online,Grocery,FR,4,0.3086884517834478,0.05997435658168511,1
6826,832,3.6463932540077804,Online,Travel,FR,6,0.08320922935151708,0.021489517417901786,0
7229,982,58.57142332583734,Online,Food,TR,6,0.01458433507761883,0.118420112787207,0
8061,117,122.00704052751743,QR,Food,TR,11,0.1764174042594284,0.10602365976506106,0
2869,380,514.3673266768644,Online,Travel,UK,8,0.0060723581448934895,0.1941462396310548,0
2842,274,151.19753196978525,QR,Travel,FR,14,0.2031100796948579,0.2995825503622746,0
2320,566,1.2467425839921542,ATM,Food,TR,19,0.07238358954941182,0.2635939589843957,0
3130,962,212.99848071907252,QR,Clothing,UK,15,0.12648871988380372,0.556268855474712,0
5283,305,6.430840328815977,QR,Grocery,UK,15,0.0444750797957634,0.12687218929008226,0
6631,486,105.29514298330996,Online,Food,FR,9,0.03145430961247584,0.03246968225347386,0
859,452,69.7622711442471,QR,Travel,UK,20,0.11945713235123306,0.1632193314537029,0
7651,699,140.81306268862664,ATM,Travel,FR,6,0.09772652893966138,0.04179146064924984,0
9654,900,26.09872374987454,ATM,Food,DE,18,0.11913642550813618,0.01024168168184936,0
2269,648,186.36429149273823,QR,Food,UK,8,0.4461269919266294,0.061762822695790594,0
1678,897,17.165668415368934,ATM,Grocery,US,8,0.014830615564523995,0.06728519696560178,0
765,386,353.1297289902936,Online,Clothing,DE,13,0.37108634760093845,0.11336859903791253,0
8345,12,478.04601504893964,ATM,Food,US,20,0.058167268646488204,0.09280302657520033,0
690,276,116.50652941333449,QR,Food,UK,22,0.43171390694552636,0.3611959925482834,0
8952,119,23.16235475963695,Online,Clothing,TR,20,0.051560542327768376,0.20277552926778622,0
3571,648,112.40155846540303,Online,Grocery,US,18,0.11950317989625038,0.024912036555218373,0
9812,927,219.2838868992825,POS,Clothing,US,20,0.019168376807638908,0.25638719225365725,0
6174,398,411.5593762133836,QR,Travel,UK,20,0.15549332153792203,0.18357015123743992,0
7275,263,3.6067488743394827,POS,Grocery,DE,23,0.04862643123140893,0.018554848554516504,0
842,184,116.22835090349157,POS,Electronics,US,8,0.12876513511460508,0.15084362670276794,0
9086,582,8.855960804155572,ATM,Travel,US,21,0.11798557332628677,0.19543411637736455,0
7869,526,5.363432481805138,ATM,Electronics,US,7,0.0983523361092515,0.20184393139141601,0
2341,391,3.1384872924078024,POS,Travel,TR,17,0.217411877911104,0.06680441500256934,0
3282,564,114.79619758901514,Online,Clothing,UK,16,0.41461314227267787,0.22432858705036088,0
2150,92,3.4310109024128868,ATM,Clothing,UK,22,0.052004734949496034,0.006147964210454656,0
3347,533,695.8047988090341,ATM,Travel,TR,21,0.022380688526040977,0.2421465147028521,0
3752,782,51.914589133456836,Online,Travel,US,15,0.23384161922010419,0.11410446099251187,0
2974,140,4.081307972870714,Online,Travel,UK,15,0.020583748572817723,0.19860914135406077,0
5646,361,16.821171362945687,POS,Electronics,DE,13,0.1680057650394488,0.43396621584579875,0
5410,601,269.5332650547557,POS,Grocery,TR,22,0.21524504436504593,0.47056953203158464,0
548,582,67.20000487520052,ATM,Travel,FR,15,0.053451100864967994,0.023528055751437852,0
9555,970,13.406791697409295,ATM,Clothing,FR,19,0.293603708259741,0.04380456665565055,0
6082,850,310.19792950649276,QR,Clothing,US,17,0.2731057873822782,0.1180703289571622,0
5562,102,5.725908099720459,ATM,Travel,UK,23,0.1978878522526463,0.3360594670423608,0
2148,727,15.421426137455832,ATM,Grocery,DE,12,0.11569590208556177,0.19786653453335434,0
5955,807,79.45457966252941,QR,Travel,TR,17,0.08643549467807088,0.09739962849689839,0
2895,684,119.9556510937092,POS,Electronics,TR,13,0.1521608410249786,0.4073646783803184,0
8044,609,67.71883760440038,QR,Grocery,US,18,0.024677279186583877,0.1385179969209931,0
5517,373,100.94883759482263,ATM,Clothing,US,10,0.12207497451889676,0.09008854586151392,0
697,175,91.66462594103434,Online,Food,TR,14,0.23250155482858528,0.14564378614280374,0
9715,101,50.81205846386968,POS,Electronics,UK,16,0.11233200456966727,0.27784247548112256,0
2605,251,70.89214582253575,ATM,Grocery,DE,2,0.02848352745040114,0.14150103775713554,0
3290,855,75.33197559362571,QR,Grocery,US,11,0.22185466729460748,0.14225963898829627,0
601,962,206.0919738476115,Online,Clothing,UK,8,0.2716164430510239,0.3973639177779167,0
6637,200,110.18872052995492,ATM,Electronics,UK,19,0.23177038252944732,0.3003960893010241,0
9848,805,1.0896925236609158,POS,Food,DE,14,0.22394411848887227,0.09172634164315427,0
7388,251,130.4323283107463,POS,Grocery,DE,15,0.17172191190855612,0.16980912773831477,0
1096,610,153.56338809315218,ATM,Clothing,UK,22,0.025133424159520842,0.052459191360400975,1
5822,652,294.4432578145871,POS,Clothing,TR,13,0.1780211596258218,0.45778834684846376,0
3392,355,9.598092136825429,ATM,Electronics,TR,22,0.09338223539044146,0.04374066346503794,0
3275,117,23.756697232882455,POS,Clothing,US,13,0.02441902601508457,0.06102578715305205,0
1127,707,12.087905859781092,QR,Travel,FR,22,0.19151005693916157,0.07275579258083734,0
9424,236,558.8480020200321,Online,Clothing,DE,17,0.27645527913532797,0.2035281879094605,0
7575,884,99.58337330039089,ATM,Grocery,FR,17,0.0661767001522788,0.0807853648470454,0
9974,669,165.9107675521505,Online,Clothing,DE,21,0.007201962233203509,0.12316192736421747,0
7640,782,430.09108434539365,POS,Food,US,18,0.09105667487703697,0.3030627772539058,0
6962,497,144.44103536135057,QR,Travel,US,11,0.17947916142842696,0.03696865807932546,1
5862,156,196.10429622005674,ATM,Food,TR,14,0.2821689376713409,0.08535307399074515,0
366,689,60.61775996289339,POS,Electronics,FR,22,0.06040903799606794,0.02598591796225918,0
3357,236,213.73941888591912,Online,Travel,UK,13,0.17840342515185778,0.11589189370509288,0
1920,945,54.74214766047975,POS,Grocery,US,5,0.38849695833921544,0.41670317638644067,0
1446,888,117.08160046362639,POS,Grocery,DE,16,0.5903019642815396,0.15285073545288055,0
2214,865,88.28397870376274,POS,Grocery,US,20,0.355174343925914,0.10358069323136332,0
7932,985,69.11386523975585,QR,Food,TR,15,0.015782449595180232,0.024062975958197737,0
3080,413,36.37040800759596,ATM,Food,DE,11,0.05993392352684534,0.09867950321292042,0
1375,823,120.58882532975323,QR,Electronics,FR,15,0.48214633665008166,0.22987243141297142,0
8561,960,26.71426974801282,Online,Travel,UK,10,0.028395861647760933,0.16561803349190515,0
4631,236,767.0414244300366,QR,Clothing,TR,15,0.7182210542620686,0.21518466467755035,0
5556,116,120.72679242703128,QR,Grocery,TR,17,0.10345378539498536,0.1096684455554194,0
7226,924,285.8075923510906,POS,Electronics,US,3,0.4504932153394776,0.4419082738744369,0
6057,72,163.4713735913237,Online,Travel,FR,16,0.028611697264845765,0.14060066758472908,0
9736,877,61.54373910122033,ATM,Grocery,US,23,0.03271340256143982,0.147292918329352,0
2067,627,143.8999433243227,QR,Electronics,TR,17,0.04476741950844088,0.3086078669256505,0
2357,11,237.98395375743448,Online,Electronics,FR,14,0.1180542895016766,0.11445972157610133,0
6978,604,4.14419058527358,Online,Food,US,21,0.32292706577761615,0.029499659752984977,0
1054,470,7.733741289873887,Online,Grocery,US,10,0.022276335306267537,0.05616613394014828,0
4811,405,5.826310857210732,QR,Grocery,DE,20,0.12197115055931161,0.1666905906295456,0
5007,94,22.745438974351764,ATM,Food,TR,7,0.18138143883287972,0.2733789905319103,0
964,174,350.43139244388055,ATM,Food,DE,13,0.00798428034371001,0.16523101405753443,0
5416,970,102.38544406993245,QR,Clothing,US,8,0.11988921507231416,0.27717902851339127,0
3828,57,511.58607909850696,ATM,Grocery,DE,9,0.2668698265567804,0.2025497934993703,0
1522,154,40.24016118168721,ATM,Food,DE,23,0.004876818696145276,0.045376759096655804,0
2950,147,55.48779245436599,QR,Travel,UK,12,0.3490309838895132,0.4584559811965495,0
2151,210,82.40039425739445,ATM,Travel,TR,15,0.18068470801488912,0.26234379245636497,0
6758,729,234.95865824261986,Online,Electronics,UK,5,0.2725169231089497,0.07357446010225456,1
5717,199,241.24785942728715,POS,Travel,UK,19,0.4030741631716646,0.4401283803380357,0
6315,912,501.305444690762,QR,Electronics,FR,11,0.18441801601986882,0.11543937299101639,0
2841,554,165.7813125490115,Online,Electronics,FR,11,0.14816046693712395,0.07609435054468872,0
820,228,286.69392542943365,POS,Electronics,TR,20,0.17059333020899717,0.0950500207161369,0
8549,996,31.502112818498542,QR,Grocery,TR,13,0.4296016341471333,0.33649431414302283,0
8714,572,3.881828644755224,Online,Food,UK,20,0.07454023352879963,0.1368495910495713,0
4722,879,83.5453786149954,POS,Food,UK,16,0.2333481358460839,0.03162107198057561,0
1743,72,168.05623563194297,QR,Grocery,TR,3,0.016047464851787027,0.30865422566073286,0
6644,108,16.82349897329422,POS,Grocery,UK,19,0.08350788181441963,0.01272136824171859,0
7785,282,83.73543891316852,Online,Travel,UK,12,0.001897695518051324,0.01827338579584654,0
4745,60,201.69630276746886,QR,Grocery,TR,7,0.13681026120095943,0.13623703680520804,0
9539,794,30.22167040656547,Online,Clothing,US,19,0.31167765772826467,0.08873863723848152,0
7197,687,204.8360406190506,ATM,Grocery,FR,7,0.09083268001636273,0.5883086812096914,0
7813,108,34.185076104473815,POS,Electronics,US,17,0.2197744907534479,0.02093185552994132,0
8823,929,346.37652268090494,Online,Clothing,UK,22,0.3036968882292418,0.07569464423595441,0
6854,117,51.04694379878025,QR,Food,FR,10,0.18033001300818596,0.08727954126020081,0
1197,835,80.14093390847152,ATM,Travel,UK,17,0.10655453328044087,0.07578915849354355,0
3811,672,74.83549895518345,Online,Grocery,DE,4,0.04877424450620839,0.13363218183662035,0
8802,888,11.10608346581068,Online,Electronics,UK,17,0.06115681649051424,0.03719936949215245,0
7758,309,50.04580994502686,ATM,Travel,TR,8,0.1799932676901434,0.16208768476039073,0
4338,822,100.97490134859073,Online,Food,US,17,0.16534721385812184,0.09546520726791463,0
4786,70,121.21459436252664,Online,Electronics,FR,10,0.12449075878179741,0.6425305948673953,0
8854,282,7.882879852652607,ATM,Travel,NG,15,0.42809791408812636,0.05423664317823534,0
585,333,318.30449773126423,ATM,Clothing,TR,20,0.19854639284575798,0.1624047193545935,0
5000,201,43.63093651003498,QR,Travel,UK,18,0.10998489197844737,0.11706504208759526,0
3220,757,12.081444229868941,ATM,Travel,FR,17,0.07513302168711374,0.26122194243842667,0
7757,620,219.96523476807025,QR,Clothing,US,20,0.4314153945634419,0.19388607160571478,0
4188,731,109.0551852772529,Online,Electronics,DE,15,0.3664969418274657,0.2574071422576442,0
9434,263,332.5701612777211,Online,Grocery,FR,23,0.09319118563208915,0.03630680975422068,0
3601,967,50.616700048057574,Online,Electronics,UK,21,0.24324858002717675,0.06896926895639004,0
9394,862,278.2349334277674,POS,Travel,US,21,0.18028289522887722,0.2436604684198042,0
1024,509,173.2823488653114,ATM,Grocery,DE,9,0.04958713265540956,0.0557226140193703,0
167,662,893.8130104238995,ATM,Clothing,UK,10,0.4904402135309914,0.2514208461458465,0
1687,699,326.88931684481895,QR,Grocery,US,16,0.05808795729409049,0.4471036035068815,0
9634,45,2.08110052865449,QR,Grocery,UK,4,0.053200583645996655,0.08614063797069502,0
5262,295,46.72993508571114,Online,Grocery,UK,14,0.010635135814738635,0.01328832344588166,0
447,858,15.239891630082923,POS,Travel,UK,23,0.0686991855985249,0.026322447116835797,0
8379,597,233.43628233385635,Online,Travel,US,10,0.09136390680001087,0.018903093877714775,1
5686,585,450.2004232185661,Online,Grocery,UK,19,0.41846261520341516,0.47925011545935986,0
986,154,452.585320421676,POS,Electronics,TR,14,0.1119610598165562,0.12069596182246187,0
1382,2,328.0535122179507,Online,Clothing,US,21,0.20293700615176766,0.5505484947603937,0
1128,39,25.29676765111624,ATM,Travel,US,19,0.012847267765817856,0.08059881273797,0
3783,228,5.555501453858461,ATM,Travel,UK,20,0.08822933075149136,0.13547479518562727,0
6685,860,26.478605298759803,QR,Electronics,US,21,0.14870664955867932,0.12017033637034677,1
3323,252,7.873829621270681,POS,Grocery,TR,16,0.022602872313272484,0.0003848778778461049,0
46,747,956.7261691158669,ATM,Grocery,FR,20,0.3099851419172172,0.712442545260067,0
349,875,173.94493130329042,ATM,Electronics,DE,8,0.3423152394004228,0.3262742379214828,0
2449,361,27.42226286170766,ATM,Grocery,NG,18,0.19214508750418455,0.15628731138653998,1
8358,528,630.6072507261606,POS,Travel,FR,4,0.4251107346274408,0.31735936785099245,0
4619,292,31.420215603093332,Online,Clothing,DE,8,0.03777213163346549,0.07542021819205809,0
665,205,229.73681291207777,QR,Electronics,TR,18,0.06262644205460088,0.2713444374263906,0
7485,108,228.90260056178954,POS,Electronics,DE,21,0.06108697413040126,0.06657319515487703,0
9043,508,813.7245844331009,POS,Food,DE,21,0.2490898376631268,0.24662482369478633,0
5115,515,17.582607624406798,Online,Electronics,FR,12,0.03566869538461077,0.041461001258926385,0
1119,6,307.56126132089554,POS,Food,TR,13,0.3141180513736795,0.42877461178941645,0
6904,144,258.5276235478048,ATM,Travel,DE,15,0.23283159598131054,0.1386109748303688,0
6397,732,194.91823415742672,QR,Electronics,FR,20,0.31625139526684676,0.20642345639176485,0
6291,563,69.02054046730579,POS,Food,FR,16,0.14917843983042695,0.4480229018812601,0
8427,722,12.528006806206276,QR,Food,UK,3,0.07460894365362186,0.08691551230701255,0
7491,642,133.10903395872947,Online,Travel,US,20,0.1323283491029747,0.10349489279972562,0
8320,580,13.252312364030422,POS,Travel,TR,18,0.08386084917447638,0.22613903237142755,0
6810,617,29.492889407843144,ATM,Grocery,TR,14,0.19264605067797982,0.07467853310813731,0
4498,420,41.911316798998264,Online,Grocery,DE,18,0.17327573664721177,0.09081544772986504,0
7571,929,135.76286609757167,QR,Travel,TR,23,0.06449119068790381,0.06245836432941158,0
1887,525,514.9231279150024,QR,Food,UK,15,0.013554061745276397,0.028005328745227848,0
5163,509,277.69391247410596,POS,Food,DE,17,0.07461375128641465,0.09803053523183469,0
1649,275,142.08913035138775,Online,Travel,US,19,0.10815614393154412,0.3626262154350439,0
9559,491,69.37199729908414,POS,Clothing,TR,9,0.2158916438576649,0.07560321401185671,0
8511,169,242.4915923301346,POS,Food,NG,19,0.5727027592074551,0.23590255695970394,0
3802,293,36.29362631786528,POS,Clothing,TR,21,0.16117230017367706,0.10704450641447082,0
1943,312,671.0877014597953,ATM,Clothing,FR,20,0.1816124854184255,0.37426932919637906,0
6054,463,23.116312203342336,Online,Travel,FR,22,0.37963621123282926,0.21747449252400838,1
4798,191,801.6416023529258,POS,Food,DE,9,0.9571137313180308,0.37271889207724035,0
9214,642,409.97483155854513,POS,Electronics,UK,18,0.4549102541344933,0.013471747262533234,0
6991,473,142.80078210233953,Online,Travel,UK,15,0.1457914535683277,0.15076466088973306,0
5922,233,176.67971759107033,Online,Electronics,US,21,0.07019290932849367,0.3350462575953121,0
4955,753,125.56460654921135,QR,Clothing,US,9,0.45489069438882707,0.30967544833840943,0
9444,650,47.405628125824634,Online,Grocery,US,10,0.2586693241651292,0.058792670700807084,0
6222,240,21.211771556851915,POS,Travel,TR,20,0.22433793270136923,0.162349719421064,0
2088,396,170.65113847979433,ATM,Electronics,US,10,0.35929967167070953,0.14280271690741134,0
1279,554,91.5325782795597,QR,Travel,DE,10,0.41055610070747356,0.13120118670277126,0
2923,742,18.403914898525255,QR,Travel,TR,4,0.03398346336077447,0.17810916488155626,0
7729,63,111.92615352659567,Online,Food,DE,11,0.2797564103774788,0.30952830125661,0
1712,548,23.320428973440833,Online,Electronics,FR,15,0.1536931161405939,0.09730234227189177,0
6312,92,75.28674599558967,Online,Electronics,DE,8,0.32309001909534363,0.13660622258352867,0
9308,946,135.05195901734825,Online,Food,DE,8,0.2579721741326508,0.6993210523389738,0
8579,697,46.753462727372934,POS,Grocery,US,16,0.3649305887786046,0.04913340140934608,0
9491,567,19.33932452804245,QR,Electronics,DE,20,0.3812354822564342,0.2451270414600399,0
4665,43,194.77292315394737,POS,Food,UK,7,0.14281239286125724,0.30139560833612894,0
9084,580,117.26784397595546,QR,Grocery,FR,16,0.100018903647345,0.3829890479719703,0
545,188,555.27326342826,ATM,Electronics,US,11,0.011241737059282135,0.12338528239431887,0
3739,720,38.48451664551704,Online,Travel,FR,17,0.06782901114481402,0.29009306662424783,0
4317,566,321.0994749647813,QR,Travel,DE,13,0.1310537699541799,0.03888507970597044,1
6884,973,128.40634769053736,ATM,Travel,DE,22,0.13732157710772555,0.16735274088009575,0
2730,904,407.0097287188706,QR,Travel,DE,18,0.04993762126198549,0.08277871272873633,0
4753,891,82.6353820620897,QR,Grocery,DE,20,0.22908861025732144,0.2328714367280409,0
988,567,201.45852832932755,QR,Electronics,UK,16,0.027328407898134614,0.47879311508975136,0
1118,113,456.3450015972517,POS,Travel,DE,4,0.035542118799380684,0.43790768090330195,0
8302,527,3.78673394358751,Online,Food,UK,17,0.38238034694522766,0.07056662580174734,0
8406,113,245.81627110996908,QR,Food,US,15,0.05436339359145058,0.08078738689767223,0
3607,621,105.36429839502424,Online,Food,US,2,0.12212366692858852,0.6676667216138612,0
4661,774,205.0344613114578,ATM,Grocery,US,21,0.09064212059342244,0.15016732217148465,0
7303,208,479.66716477867107,QR,Electronics,DE,21,0.998736630233235,0.1146033629032448,0
9458,117,291.02342592028543,ATM,Electronics,UK,7,0.6088087108798883,0.03698573241405573,0
9097,387,38.7962704941052,QR,Travel,UK,20,0.09403277260293551,0.05530623798326234,0
7514,810,62.22027470285758,POS,Clothing,FR,11,0.26594394654838416,0.3826371947246834,0
958,207,42.37907744522406,QR,Grocery,FR,16,0.3965697289800853,0.23167596060840645,0
1815,690,124.3549103443604,QR,Clothing,TR,4,0.1616908488449742,0.23908637172727334,0
9965,898,157.64416801453655,QR,Electronics,UK,21,0.038049515264522674,0.1298872060411264,0
9534,599,2.461982760381858,POS,Grocery,DE,15,0.07663523170488878,0.10118490242726454,0
28,387,157.47917494297343,Online,Travel,FR,19,0.12197675484115038,0.13101205778115574,0
3341,758,59.27824882815697,QR,Travel,DE,16,0.02706807103282041,0.17641084597209314,0
4060,681,43.54869205988965,QR,Travel,TR,12,0.11360796828339959,0.021983780192408982,0
3171,255,35.77155905643332,ATM,Grocery,TR,9,0.11203502401754155,0.028175129985037517,0
6377,307,1.5559006169784366,QR,Grocery,TR,15,0.02392848535051901,0.013241814163672247,0
328,34,3.93078464656711,Online,Electronics,FR,3,0.1542581853075082,0.20380356532707292,0
4736,786,128.90751023753432,POS,Electronics,UK,7,0.10476048006106412,0.23983497940271872,0
6442,427,319.89649297794256,POS,Food,US,19,0.06650337153035757,0.04048284322946255,0
4996,873,37.57880943454103,Online,Grocery,FR,17,0.2030910171191421,0.0805212469482521,0
9042,452,138.40185982582332,QR,Grocery,FR,11,0.11836669669331837,0.15657858764200427,0
3209,681,114.48531916002568,QR,Electronics,UK,15,0.10526635861215937,0.35701731710098944,0
6489,479,64.53668911946514,QR,Electronics,US,12,0.13802417297418232,0.1360665997230332,0
2656,554,135.83675795203996,QR,Electronics,UK,12,0.5418144560714044,0.4040192645461217,1
8476,581,51.54733412152071,POS,Clothing,FR,22,0.03440634022461743,0.003010766246871769,0
5615,451,1.5819010468852073,ATM,Food,DE,22,0.32857019016391925,0.686533550958594,1
8276,507,861.0352993420636,ATM,Food,TR,6,0.07367986782222576,0.3741377466308123,0
4001,37,171.8846105079795,ATM,Grocery,US,16,0.139565827667026,0.20751725199358986,0
5413,537,161.73354446035256,ATM,Electronics,US,14,0.5005460215711317,0.192959921572364,0
5940,33,159.5639625680538,QR,Electronics,DE,12,0.5883303999922972,0.08675794712358008,0
4327,983,388.31502617394494,Online,Grocery,TR,13,0.31371680005027747,0.3942669488012678,0
3371,605,60.06797699402555,Online,Food,FR,23,0.15756191713059378,0.4677085708641362,0
5839,711,12.726489252263567,QR,Electronics,FR,8,0.20785788953096956,0.027147018436736337,0
3458,438,3.7818554583640993,ATM,Grocery,UK,5,0.4934395353499164,0.29538382349846914,0
6146,946,3.0897574314304848,POS,Grocery,US,12,0.1527292298710276,0.13945263828004759,0
1918,258,103.93654394754579,POS,Travel,FR,22,0.051986488375743746,0.24640112758272878,0
2392,535,77.17791117458555,Online,Travel,US,14,0.5091163556409066,0.1749931221935896,0
4289,374,10.11104871163006,ATM,Travel,TR,7,0.3510044154962249,0.26633276000348255,0
6945,904,10.53661530557267,POS,Grocery,FR,11,0.3456347865470182,0.3646897882853805,0
5730,544,565.5027309708576,Online,Grocery,FR,13,0.1263872651565228,0.4341564891017389,0
7858,640,142.16524318658557,Online,Grocery,DE,21,0.2610683394153346,0.16929432426739285,0
3972,48,89.6313281948227,QR,Grocery,FR,23,0.10263104971753828,0.086257276637576,0
7129,487,177.34595765476317,QR,Travel,FR,16,0.6143605878801089,0.10204894964694518,0
6653,663,314.31483293356763,ATM,Food,DE,21,0.1675596420611726,0.2297800586626787,0
527,870,25.94217747286803,ATM,Food,US,18,0.32028988917755696,0.03159939446233235,0
533,976,162.1721319783576,POS,Food,TR,6,0.22183153069006115,0.020514907021822845,0
9897,613,490.3383236442082,ATM,Travel,UK,20,0.34310327483528297,0.28056805036836324,0
8045,584,509.26807803397867,QR,Travel,DE,18,0.512021350090908,0.12293775496283679,0
9239,909,153.7881164828364,POS,Clothing,DE,17,0.42400083160007607,0.41960753424942193,0
3959,703,130.95722846055187,QR,Electronics,DE,23,0.20822007393821373,0.16472769446056212,0
7433,197,580.961641264374,POS,Food,US,21,0.11535271267016625,0.2500761939410174,0
9183,520,225.08612886046856,POS,Clothing,US,22,0.06319282813255156,0.03210290153745799,0
6531,893,388.71835062208,ATM,Clothing,FR,7,0.46018095898346556,0.189819377831066,0
1987,148,305.2296782854888,QR,Electronics,UK,14,0.05297839714658625,0.025048584511491955,0
4637,869,101.04509906443634,POS,Food,US,16,0.06139483541769249,0.285222116259684,0
8861,790,149.59610203908136,QR,Food,TR,13,0.027400631568869342,0.008951521729534593,0
7083,996,462.22371319402146,Online,Food,UK,3,0.4962799885833394,0.4073876260113333,0
6828,158,82.18872376294688,ATM,Electronics,FR,17,0.32206649079049426,0.18912565684762772,0
461,742,31.653667760213587,Online,Travel,UK,19,0.021842090697333293,0.09465437681875724,0
2831,216,180.71587408709874,POS,Clothing,TR,10,0.0847430093800986,0.12121610957855711,0
1890,329,4.375783585097754,ATM,Grocery,US,15,0.016622320848154994,0.12208567314661996,0
4560,353,82.8399914694111,ATM,Food,UK,16,0.28534567890508605,0.04765864679376391,0
4636,110,210.3135557558554,POS,Food,FR,9,0.09483171121035404,0.11426969239759087,0
8151,42,273.8455075462475,ATM,Grocery,FR,16,0.17610345119121742,0.252833415355008,0
1726,614,282.05661011245735,Online,Grocery,FR,20,0.2133830572443446,0.2615578194397378,0
2124,686,20.541861871938014,ATM,Clothing,DE,21,0.0981478201774985,0.29148567802794145,0
4108,258,142.7419534848545,Online,Clothing,UK,20,0.048927202117977985,0.29999292119636395,0
9239,575,15.962013535726195,ATM,Travel,US,23,0.14728015450201942,0.2998205946977816,0
5577,962,133.04950104711975,ATM,Travel,UK,5,0.170869933127168,0.20273273662460475,0
5438,991,209.90235154045772,ATM,Clothing,FR,17,0.27536763414058657,0.2885843416357767,0
1602,768,217.8649477454368,QR,Electronics,TR,22,0.28780311339859976,0.6047817827088685,0
7355,746,38.272371549698654,Online,Electronics,DE,14,0.3092245019223122,0.15526505987956551,0
7767,28,311.56930377807237,POS,Clothing,US,3,0.035756479694848596,0.022075300335195613,0
4786,752,76.5538584043185,QR,Travel,TR,21,0.3108265024775556,0.0729708465117452,0
2152,738,277.41242259125977,POS,Clothing,US,14,0.07433647760136751,0.12336644612703473,0
7478,631,489.6013144496043,POS,Electronics,UK,10,0.02843155661209326,0.04878057360077202,0
4790,201,480.4771397842242,POS,Electronics,FR,22,0.12404818213987334,0.11778091548714757,0
4277,395,1.3227813798790855,QR,Grocery,FR,15,0.002523347696496663,0.007163208178794035,0
2444,328,461.8873915888848,ATM,Travel,US,7,0.062296976211010574,0.06248953314575644,0
5,701,16.644856320535578,POS,Travel,US,9,0.0798956759364304,0.21825879489652616,0
3829,418,12.322073648864656,QR,Food,DE,17,0.06315865451433733,0.05311948135984649,0
258,458,135.7226153547482,POS,Electronics,DE,18,0.20446317014286236,0.5433423538966624,0
8864,420,428.3632912454449,ATM,Clothing,TR,17,0.06282848318486674,0.10004359703662206,0
7941,421,204.92473109797155,ATM,Electronics,TR,4,0.22210235070129142,0.17014931587202464,0
1044,241,64.98799960651262,QR,Electronics,TR,21,0.03236787470481241,0.1833083237441469,0
4542,37,199.86174302660137,Online,Electronics,TR,20,0.3124976008308553,0.10885753015372787,0
7019,163,74.3909510725669,Online,Food,TR,8,0.021385155622886478,0.01690962231560434,0
9083,760,468.19205010129525,ATM,Travel,UK,11,0.2770944245750964,0.5586336259511518,0
8862,128,84.77559307189112,ATM,Electronics,FR,11,0.29274155598996965,0.08288224347330664,0
719,876,319.5981669822774,POS,Grocery,TR,18,0.10155426187124353,0.05394410282097215,0
7045,432,273.9746726152279,QR,Food,FR,19,0.1833055895452649,0.18092685884334683,0
4309,877,477.47498580773464,QR,Grocery,FR,15,0.08395745158566732,0.09305955093782091,0
54,546,145.87918827199996,Online,Food,FR,18,0.4223902009615943,0.25327519987258335,0
7836,516,473.8273652552196,QR,Grocery,TR,5,0.38573354244777036,0.19979410370844392,1
8703,814,8.048238912258183,Online,Electronics,UK,23,0.10205839488894891,0.12977150261034487,0
9549,19,468.93388427032505,POS,Travel,FR,13,0.1272921483427536,0.02007697288104716,0
8277,87,86.15349569045901,QR,Food,FR,17,0.2762047297727821,0.11151418458290173,0
834,24,25.90413197188053,ATM,Travel,US,12,0.018447785225721665,0.07292275122883689,0
4771,284,18.347040456572287,ATM,Food,UK,18,0.03854701538135147,0.1779565863760814,0
4673,170,168.95873190738874,QR,Electronics,US,8,0.2951787447175707,0.20651538072420517,0
9364,743,193.85084667412227,ATM,Clothing,FR,21,0.12294240995603238,0.0869761271023521,0
6892,904,169.0628430388817,POS,Grocery,TR,13,0.1868715429827416,0.6228740058708004,1
6519,540,171.87065374619633,Online,Clothing,US,9,0.03091803541753351,0.15544362913860718,0
7467,556,112.92687919006636,QR,Grocery,TR,15,0.06619471121671532,0.18949669532644814,0
5056,190,253.5084066618199,QR,Clothing,FR,16,0.05807570199918434,0.08679011934849884,0
431,59,396.37678401325337,ATM,Grocery,FR,15,0.169876986251284,0.5768121585379148,0
7374,199,1.5579067465122436,Online,Grocery,US,20,0.008545142581132068,0.13360781735260663,0
2086,608,246.86651702915347,ATM,Travel,FR,20,0.22130615551053293,0.1542908238214699,0
3978,344,508.9514897933524,Online,Clothing,DE,13,0.13151768717318332,0.3969550456114605,0
6974,876,2.8301424130640864,ATM,Electronics,TR,16,0.01980023412666931,0.1512557020711292,1
8427,312,80.35740207535149,Online,Electronics,FR,17,0.04162431175595643,0.07427101603008386,0
7570,699,17.56946381469763,POS,Electronics,FR,10,0.08371934001537545,0.2840246690135124,0
8355,105,79.68259603344862,POS,Clothing,DE,20,0.010263583862161252,0.04566608137481326,0
1573,903,20.556998074556112,QR,Food,TR,11,0.09225359853638111,0.022056193049537924,0
6329,361,214.18414188453585,ATM,Grocery,TR,10,0.113450838280631,0.06973068676951885,0
5388,123,43.09392652280424,QR,Grocery,UK,21,0.08982806549952203,0.05199677067294549,0
5089,779,146.5849450794742,POS,Travel,TR,16,0.1893955749071685,0.11796875877895115,0
8597,475,79.90355777937023,ATM,Electronics,FR,12,0.3755087139659806,0.3234459205606006,0
5853,962,91.81119052460112,QR,Travel,FR,19,0.18468648481749914,0.36968128079076434,0
1737,86,230.50418019568843,Online,Travel,US,17,0.31279886273804014,0.4512648701200475,1
1181,218,5.132802321392351,POS,Electronics,UK,23,0.17458639614429933,0.014711169748062004,0
8928,228,288.2986569015157,QR,Food,FR,9,0.23904428174010942,0.3709852844182724,0
6397,440,419.0284662908049,QR,Electronics,DE,19,0.2610320429477361,0.06713355898225226,0
6536,273,432.34454749432484,ATM,Travel,UK,23,0.3816735464155012,0.9176205378749478,0
4249,103,7.707330755228092,POS,Clothing,UK,9,0.00937846911749762,0.018818703778822807,0
732,48,477.0241703487118,QR,Electronics,FR,22,0.08082052457076862,0.2683992404468397,0
9251,855,164.65382674383946,Online,Grocery,DE,11,0.2825622140786636,0.4542801748488472,0
9784,355,71.31705948175458,QR,Travel,TR,17,0.22357044147325664,0.08148909948102433,0
7149,588,77.47914767834509,QR,Electronics,DE,8,0.38047344034274366,0.211032575557657,0
9831,503,442.8724640060037,QR,Travel,UK,19,0.1097816111686708,0.08382303431290862,0
8976,389,4.70342699750342,QR,Clothing,DE,23,0.06233765140924685,0.02076517647221403,0
6779,774,91.84718086173254,Online,Grocery,TR,12,0.03245536974679339,0.13372112323960705,0
4725,744,61.91070123317876,Online,Grocery,US,20,0.0862060241409663,0.08516427783437051,0
2705,556,67.08150090746771,Online,Clothing,UK,19,0.2103158608297564,0.021739296293661982,0
1154,450,11.542652950736166,ATM,Electronics,TR,23,0.019402589443854805,0.1094978902722191,0
7572,529,126.81754553658568,QR,Travel,TR,14,0.2201743337739002,0.18749219867322373,0
6867,236,20.2613534478128,POS,Food,US,7,0.24152605459732293,0.4898438914969471,0
9625,82,61.707605015756734,QR,Electronics,UK,15,0.13272246867121532,0.025880743649874544,0
6715,146,42.998450230846615,ATM,Travel,FR,7,0.2154556977589445,0.14760920526325075,0
7232,774,66.69928046359583,ATM,Grocery,DE,13,0.08434415565395771,0.08310038306541727,0
5795,786,359.7489153376621,Online,Grocery,US,19,0.1509225049882531,0.18544294225721714,0
1568,907,12.30292778045155,POS,Electronics,TR,18,0.06811534132512817,0.006720451394533907,0
1426,370,270.9001896100204,Online,Food,TR,16,0.18244998045846417,0.2671190908377242,0
9008,988,261.01182754250766,POS,Food,TR,22,0.30142248581874626,0.09094917620745728,0
8861,807,559.9220172155516,QR,Clothing,US,18,0.09348778651184661,0.08210771825282914,0
4166,557,158.4903995489915,POS,Travel,UK,1,0.22359704151854892,0.11684773945582272,0
3017,904,222.1363223413616,ATM,Electronics,UK,20,0.12311708266551616,0.5938940659803156,0
3436,860,231.83167520802746,ATM,Travel,TR,21,0.013660335330736632,0.21696980007884725,0
151,22,6.171540781859001,Online,Clothing,TR,16,0.03602405219634639,0.0291431267348161,0
4615,488,30.625149901749793,POS,Food,FR,4,0.0338102407288796,0.061103894819792316,0
6493,74,3.5883222178667826,QR,Travel,TR,23,0.045013655559694644,0.049812654876093515,0
3814,14,875.9995475890474,Online,Food,US,16,0.22413991315610154,0.35663140810114985,1
3507,56,1.9235751971198427,POS,Grocery,US,8,0.1437223014775075,0.09549974432101914,0
7270,160,196.48629516869119,Online,Food,US,19,0.22002097426361816,0.1416963434755423,0
4400,536,117.71066665343754,Online,Electronics,DE,23,0.2391321403791515,0.010493090365265488,0
9995,965,36.17833943222919,Online,Electronics,TR,21,0.3015569424457539,0.09332224774960887,0
9429,174,79.05804490379046,Online,Electronics,FR,17,0.17652029511702397,0.05842214071256942,0
2503,758,258.1534440538799,Online,Travel,US,16,0.17072451608368955,0.020486601478205347,0
8155,213,381.2592542033702,ATM,Clothing,DE,9,0.12579159624427902,0.4069270576881965,0
7803,538,2.841406428539366,Online,Clothing,US,11,0.048518467226220816,0.24392353303769157,0
9615,180,143.74276983177188,POS,Clothing,TR,20,0.09515914661643268,0.4274458041666112,0
9466,775,148.5861375402206,POS,Travel,DE,21,0.7203969347220952,0.2546287298222669,0
4388,557,70.07570930710042,Online,Food,UK,18,0.05594902667290569,0.0330459171472451,0
5264,628,11.099535070470896,Online,Travel,US,21,0.06923070735609341,0.10291807329450631,0
5142,427,87.33404934434206,Online,Clothing,DE,22,0.059684255604627326,0.1856274554476139,0
4709,498,29.80391673238715,QR,Grocery,FR,7,0.27746394590329554,0.040447386579754364,0
8300,333,95.09220076400722,ATM,Travel,DE,22,0.06358064692028222,0.2568463354058759,0
4435,959,404.3057044476589,Online,Electronics,FR,22,0.39126753099435374,0.16991738399319156,0
7774,19,53.41125131760236,QR,Food,TR,19,0.3437396414456875,0.20293290408408343,0
4230,92,34.607916252214004,ATM,Clothing,UK,18,0.04813212333173398,0.07100428564424764,0
9812,529,152.9398411763682,Online,Electronics,FR,12,0.10643547317671884,0.23256323882866478,1
2477,825,4.994915652782795,Online,Food,FR,15,0.20619681872108273,0.10869707430276246,0
2270,281,642.741388916955,ATM,Travel,DE,18,0.1052921228609432,0.5034431814550046,0
1142,165,44.65530008773404,ATM,Food,DE,8,0.8314620689522979,0.3601300589193482,0
1379,179,21.304964528444355,Online,Electronics,DE,22,0.14031800588112905,0.055238143687406024,0
2819,566,43.3387508435634,Online,Electronics,DE,18,0.42946322802289527,0.026954424406485374,0
7255,420,188.39037400795502,POS,Food,FR,21,0.08540867896454594,0.8281336464483914,0
7458,568,119.41713546914211,POS,Clothing,US,17,0.8063024745147832,0.4495785405774918,0
2343,258,269.7763360110868,ATM,Food,DE,21,0.8589668629828817,0.6964183508457051,0
9583,129,35.9309700624159,ATM,Electronics,FR,13,0.06720301395661096,0.036170863431460004,0
8417,533,15.277817054972031,Online,Grocery,US,8,0.04422459241446499,0.09329848474008298,0
5933,943,52.576924643654436,Online,Food,US,9,0.03958323870265151,0.04864681661577721,0
6203,555,2.776827251958394,POS,Food,US,17,0.33233789032513766,0.2122030231407465,0
4521,503,2.501218620817978,ATM,Clothing,DE,18,0.056078005380529414,0.022051238886626384,0
2960,230,34.714989545275216,ATM,Grocery,US,17,0.07067051104934818,0.09030119492209168,0
8388,856,164.40462991319575,Online,Clothing,DE,10,0.34977957741789567,0.08128373741030875,1
8693,245,222.99680535834048,ATM,Travel,DE,6,0.1633929481919867,0.03739489938293014,0
8985,156,171.25488954659977,Online,Clothing,TR,15,0.44039722800808767,0.3813035724288169,0
5856,698,211.60683953730506,QR,Food,UK,10,0.18109916132498088,0.06615192969984393,0
2144,425,63.147573096635966,Online,Grocery,TR,16,0.0751564956483345,0.2884388447350231,1
2137,604,37.167921669207786,POS,Travel,TR,17,0.06472854009111988,0.2880339347895768,0
7389,707,331.51941207791606,POS,Grocery,FR,15,0.43427273887330226,0.22415383490689755,1
8020,602,51.92865495962225,QR,Travel,UK,13,0.02610505171465736,0.1697694029012208,0
3336,298,60.95866307718326,POS,Travel,DE,7,0.05189937369967797,0.3596097472787691,0
8012,690,224.73912864362734,QR,Electronics,FR,20,0.2554449255157578,0.40417704595693865,0
7169,428,13.504186484512028,ATM,Grocery,FR,20,0.614182952061971,0.22933238767164008,1
9112,708,8.154752368732458,POS,Food,FR,17,0.07702851897505622,0.1360091451076533,0
2488,673,734.544550813094,ATM,Travel,US,19,0.25072893186872824,0.3212583933942026,0
4651,864,2.665933867893638,QR,Grocery,DE,16,0.024647716201059003,0.14245135296734912,0
6500,197,15.974144268671937,POS,Clothing,DE,9,0.18157845986873353,0.44638439170754235,0
4043,282,39.28381343736016,ATM,Electronics,TR,9,0.06418863330095068,0.39238597359059485,0
820,383,627.1241747383033,ATM,Clothing,DE,10,0.09527539089737401,0.1411487718006285,0
5692,922,274.4250169866475,POS,Travel,UK,13,0.383736700795139,0.1611529594518376,1
3097,262,111.85413098653054,ATM,Grocery,FR,20,0.03282395441631763,0.3244365432808816,0
2058,361,241.77225725945988,ATM,Clothing,FR,23,0.04366148410942421,0.1945739895586332,0
2164,632,2.9595008370375093,Online,Grocery,FR,23,0.03909606210350261,0.11670253646776052,0
2723,64,266.71087400102647,Online,Electronics,TR,8,0.16917437743177488,0.23136215385006903,0
4231,537,196.95848112857453,POS,Electronics,TR,4,0.1340791873574925,0.1557440744360441,0
733,211,15.783113004994936,ATM,Grocery,DE,8,0.0800043723718257,0.13167565622128546,0
8717,788,263.4753727835873,QR,Electronics,FR,6,0.19539649384796276,0.06233001111012491,0
5443,854,1.3929008599041364,POS,Grocery,UK,7,0.039655600676522795,0.053340738226967756,0
5019,182,302.2064533868947,QR,Travel,DE,8,0.17481582362237555,0.15047524100786608,0
5393,449,44.13775800309956,Online,Clothing,US,16,0.09520749066354996,0.1060134284669417,0
8523,163,425.23542325007355,POS,Travel,US,19,0.09111344706215968,0.2467755491706343,0
7572,629,596.4616982175436,Online,Clothing,US,18,0.2597907401578366,0.5914655109522337,1
7143,208,2.049459505237607,ATM,Food,US,16,0.14577424172371112,0.17522793878387818,0
2413,183,33.028969906153606,Online,Clothing,DE,7,0.03422861166287594,0.24622883727370598,0
6597,812,4.760455682860704,Online,Travel,US,21,0.0792578877928084,0.045695275427630425,0
1241,354,351.9467236088117,Online,Food,FR,8,0.10606878233771956,0.3107447973135977,0
6620,358,41.564541573809656,Online,Clothing,US,20,0.33490405763010683,0.2513148496111278,0
270,633,21.403960224776704,Online,Clothing,DE,9,0.009218701540986876,0.04038347595510587,0
472,655,346.01127463890316,POS,Travel,DE,21,0.2247451422848412,0.18373780952116006,0
4800,497,352.5478347778595,ATM,Travel,DE,11,0.7484752930515461,0.0661660202832443,0
2884,58,347.3867111412741,POS,Travel,FR,9,0.10142026335818109,0.038268094454354584,0
6154,796,15.122243056797393,Online,Food,DE,17,0.0776856531671386,0.10899460441608866,0
4726,551,158.08236158438257,QR,Food,US,7,0.7085364869890594,0.21828237630678304,0
381,121,854.7314773265763,POS,Grocery,UK,8,0.12549076590111893,0.1118137779239687,0
480,973,91.35064494942802,POS,Clothing,US,13,0.11529263577706363,0.05163877925042282,0
1491,599,123.08671191747186,ATM,Travel,FR,11,0.21565766937411307,0.26275580672403376,0
242,767,89.67587413349868,QR,Grocery,UK,5,0.19496931856412944,0.2604917220390067,0
8268,273,23.835649884697013,ATM,Food,UK,18,0.01051796878343781,0.23814346518009183,0
3891,356,34.59965889316958,POS,Food,TR,22,0.043937158630852416,0.03459688713206754,1
6320,444,304.81448881766477,ATM,Electronics,DE,20,0.1266833513562713,0.20483750894817107,0
7648,9,553.7294339469099,Online,Travel,DE,17,0.43782096121805664,0.07277569690817286,0
3181,947,94.07655374796731,QR,Travel,FR,17,0.15492326069440412,0.1038837914287698,0
7979,6,136.62349087401134,ATM,Travel,UK,19,0.21172184317559964,0.3174250139756864,0
8251,160,9.41716031543877,ATM,Clothing,DE,17,0.04943104145401531,0.01197209022308271,0
9829,352,362.54167569377023,Online,Electronics,US,13,0.08312124432401644,0.15117697715160874,0
2974,867,58.14179453516763,POS,Travel,FR,22,0.06479680004517135,0.010846687269903437,0
4998,676,202.06518696472858,QR,Grocery,TR,11,0.18924180159870438,0.18730488367538023,0
841,254,42.13841498922703,ATM,Travel,DE,17,0.05237252946177569,0.09670945116243443,0
3525,534,17.742869295566848,ATM,Electronics,DE,12,0.04455611911882388,0.03597719505533329,0
452,304,47.29967140302342,Online,Food,UK,23,0.035674561555729165,0.07924041034987413,0
9736,584,126.7470681238889,QR,Travel,UK,21,0.3371333512132845,0.24895652111424663,0
3914,751,735.7290493264857,POS,Clothing,DE,17,0.998736630233235,0.34822320667603496,0
6613,85,163.96775781349265,Online,Clothing,US,22,0.18212764703684348,0.31353834721336005,0
7947,765,468.1362046542782,Online,Grocery,US,19,0.025748393487398973,0.15147347847475434,0
5480,662,37.20706148120515,POS,Electronics,FR,21,0.13125899241133474,0.1682795447057248,0
530,597,789.6942846994486,ATM,Travel,FR,4,0.1474892294346069,0.12471924440453168,0
3698,966,495.71576388073447,Online,Food,UK,21,0.6841594136510895,0.24479776013353596,1
300,565,123.00474560492908,Online,Travel,DE,11,0.045619815945005214,0.2246974442017714,0
6429,310,112.15022520382594,QR,Clothing,DE,18,0.4418006109233557,0.22099541350489488,0
6406,829,655.2207102975017,Online,Electronics,US,8,0.6614785506982787,0.5535307459250624,0
6818,863,70.04628998714126,ATM,Electronics,UK,2,0.034412204590327976,0.0011622569332837363,0
3705,129,639.5084314275113,POS,Clothing,DE,20,0.1349487823996388,0.4684960317448357,0
4954,790,89.70350052177245,Online,Clothing,US,17,0.026393648645879852,0.04954980940443594,0
7021,979,8.808506130488066,POS,Travel,UK,20,0.0038844585001743307,0.1437655616923369,0
3857,570,333.0993885577186,POS,Clothing,US,22,0.21186893055693776,0.18681278865232198,0
2919,666,62.8561179981779,POS,Travel,TR,11,0.21185995482392408,0.3932042120725288,0
3082,366,34.38231422116746,ATM,Grocery,DE,14,0.20641532957475156,0.05138291327463971,0
168,788,3.3070901338122543,POS,Grocery,FR,18,0.0417300522289488,0.024063403724000072,0
8508,198,205.63447641978894,Online,Electronics,US,22,0.27426206942108944,0.15588615296836536,0
9069,129,15.615711824838097,POS,Clothing,UK,12,0.05250559725511687,0.016627083733764612,0
8638,618,43.96617680153818,POS,Food,DE,21,0.41787902693971773,0.07456652176056647,0
2682,627,10.487360443579252,QR,Travel,US,17,0.08821190155487381,0.06743932290727747,0
8822,115,10.529287337669818,ATM,Food,TR,11,0.13518827547303092,0.06085667664230032,0
373,296,275.30142637634174,POS,Food,UK,7,0.16664928371364712,0.1831999604018687,0
9462,960,101.98885596699142,Online,Travel,FR,21,0.25234229121508195,0.0754486156781652,0
4920,627,388.3559318546282,ATM,Grocery,TR,13,0.33671882496262306,0.26402255377021966,0
6872,982,76.16812483099818,QR,Clothing,UK,23,0.10248949248486994,0.076043244308891,0
7589,391,79.17545544798156,QR,Food,US,23,0.3406164179827689,0.681561253137296,0
5491,269,380.9203663295682,ATM,Clothing,FR,8,0.2390194177526583,0.49169008945372267,0
9577,221,118.41996137873673,ATM,Clothing,FR,22,0.1893937824141733,0.048008467975577784,0
2907,323,108.88814683734984,Online,Electronics,TR,17,0.000595041676336762,0.07745747666806904,0
6510,649,71.39761402767782,QR,Grocery,TR,13,0.28031695430704084,0.46650306956055104,0
2011,810,33.37488901252337,Online,Electronics,US,23,0.18797597490005935,0.07834173199436344,0
7266,937,174.0636165565494,ATM,Food,DE,9,0.10837814887237279,0.16335157948433607,0
7324,205,23.465394542151856,QR,Electronics,FR,22,0.008766470146284492,0.02107887310969415,0
2403,302,431.72506204103354,QR,Grocery,UK,8,0.08888785088834472,0.4779572999419618,0
3632,363,48.729870147548255,QR,Food,TR,19,0.050561575275080234,0.04321305724911401,0
6977,145,160.03564808510095,ATM,Electronics,US,1,0.10071698133826491,0.08741287701163312,0
9333,186,97.33272214068663,QR,Clothing,US,14,0.16755600397434595,0.10890911717915552,0
5204,690,62.35037901152755,POS,Travel,UK,12,0.31007976937814347,0.16220042658724154,0
2361,350,7.695886656415201,QR,Electronics,DE,13,0.14869933505835903,0.06225598667473161,0
3326,460,364.05393991489956,POS,Food,US,11,0.09382060655127229,0.04866261053227965,0
9922,46,82.6217306946793,Online,Food,DE,2,0.2051653458616856,0.1035817731714659,0
2381,618,46.948536482186675,Online,Grocery,TR,19,0.12137610886532932,0.094358789512244,0
9516,350,16.278986504728447,ATM,Grocery,US,23,0.11204877538426702,0.20540051026672995,0
6689,285,44.5671655946403,POS,Electronics,UK,10,0.21362826468502596,0.23659285231164096,0
3852,382,108.63025018943794,POS,Grocery,FR,17,0.10021510042369512,0.16517492324213925,0
355,560,383.50050006523475,QR,Electronics,UK,9,0.24150011198395172,0.1703886539056709,0
3455,652,148.42199755911287,Online,Grocery,FR,19,0.220333180260988,0.3270566745962543,0
6000,920,9.873934592896363,POS,Electronics,US,21,0.09843630767523635,0.3991548902185331,0
1682,485,268.64309847786217,Online,Travel,UK,20,0.0797732111502104,0.5708589575199228,0
5694,518,11.814803216277644,QR,Electronics,FR,7,0.0544451551394593,0.09041727859647551,0
3465,431,120.5948964924987,Online,Food,TR,6,0.13054769728805365,0.18051858044162755,0
8143,546,1.0987168686475506,QR,Food,US,9,0.060457788899297975,0.33697454034569113,0
92,378,88.01188207061375,Online,Clothing,DE,16,0.02915734283525652,0.1078452572800258,0
1727,967,8.220251827817222,Online,Travel,UK,23,0.3297843811781231,0.03131581431227155,0
5380,874,126.89511091848279,Online,Travel,US,19,0.17251557932419176,0.13595709752297078,0
5542,504,39.78371874452209,QR,Electronics,TR,4,0.14356078611863482,0.13453718193176295,0
1766,475,11.095677353930014,ATM,Electronics,TR,19,0.002340261859066456,0.023691017390799936,0
6485,100,300.01698555746435,ATM,Travel,US,23,0.19338367367892895,0.06056043218950929,0
229,490,48.229660943852366,Online,Food,TR,20,0.2622567053881086,0.12453538861440173,0
900,420,13.970199251891739,ATM,Electronics,TR,23,0.11689649589860099,0.12888847003484474,0
9250,873,767.0562171909468,POS,Food,FR,20,0.10292263378208864,0.13090635256053518,0
4664,825,98.90108205332857,QR,Clothing,TR,9,0.054559752856990315,0.026727084135100613,0
6417,128,36.71638804252763,QR,Clothing,US,22,0.09633964214117095,0.2989834582955775,0
2025,662,137.9094860458598,ATM,Travel,US,5,0.2765321147654125,0.1328201833178153,0
8369,557,328.53047000786717,Online,Clothing,FR,22,0.3946678201161209,0.9996026492679309,0
9315,420,79.03716349867427,QR,Electronics,FR,23,0.006691744302984727,0.04954815191423965,0
5306,567,104.48992681176033,Online,Food,FR,10,0.04589472653565356,0.2678241113043328,0
5115,337,222.59969358952353,Online,Grocery,FR,22,0.29339686373877927,0.1236659324159032,0
6942,884,1.01930627172413,QR,Electronics,FR,19,0.16821095861318272,0.021373917262992186,0
8350,309,380.5117577904764,ATM,Travel,TR,16,0.108656932456115,0.31669737925325075,0
8455,64,37.962763870429235,POS,Travel,TR,4,0.006522281053201737,0.007894283461377372,0
7786,739,52.51040750974313,Online,Food,FR,14,0.02296582691371811,0.08554237839375156,0
5504,729,183.32318275364784,QR,Grocery,FR,10,0.07913920288845276,0.27272109744088957,0
7441,441,143.97923746122922,Online,Clothing,US,8,0.06078889747406521,0.14416908511663937,0
6866,749,42.44042170447217,QR,Food,UK,10,0.22723852876448042,0.40024734991491434,1
9180,914,1.2410771655437067,QR,Grocery,TR,23,0.00498835429166516,0.015023088931621253,0
1632,564,283.3353673236098,QR,Electronics,US,22,0.034060589306613064,0.08725639675861974,0
2442,500,10.762361330402937,QR,Grocery,US,1,0.12741511997305996,0.1184017389735756,0
8605,160,62.56353736114603,Online,Grocery,US,14,0.00881395033731181,0.12520102682313874,0
3879,122,1196.8275950999584,QR,Grocery,TR,16,0.7976809944223626,0.39092935660983485,0
6497,408,233.75308629226282,Online,Clothing,US,13,0.051285594460521174,0.5217618201622254,0
1548,517,237.96695391912112,POS,Clothing,DE,8,0.6328978089598444,0.1519380549107826,0
239,74,137.11878937149973,ATM,Travel,UK,6,0.12242181080568969,0.4030636686610644,0
8744,976,78.49801712359746,QR,Clothing,UK,12,0.0185884707265696,0.15863122684125547,0
9362,232,174.61502871436474,QR,Travel,FR,20,0.1554962381483445,0.09593396723561452,0
1920,151,183.04303556961412,ATM,Grocery,US,10,0.0520366434423545,0.021342700771600037,0
5089,591,33.74728712180887,QR,Electronics,TR,2,0.2746998558069411,0.458395971820203,0
4266,375,25.160629111337524,ATM,Food,FR,17,0.06621320890181549,0.07209269620756292,0
528,243,13.451521885517806,ATM,Clothing,DE,23,0.047887975968813945,0.17663902692972985,0
8905,24,144.41066296314276,QR,Clothing,UK,19,0.39081594620478105,0.3524579213757222,0
5244,361,1049.0487665197147,POS,Grocery,UK,4,0.11807429494366832,0.10393756859717558,0
815,768,922.5965179327011,ATM,Travel,UK,20,0.21628580046802007,0.1160975892393537,0
9662,915,4.266523725202086,Online,Travel,US,23,0.09523352127484531,0.04338462401349232,1
8989,401,188.97619786751812,Online,Travel,TR,10,0.021990657064342996,0.10323541382730869,0
609,935,106.88808469613977,QR,Travel,TR,14,0.23041329177456554,0.23317661868278128,0
6501,916,1130.6625005427634,Online,Travel,DE,9,0.15058317489573078,0.1239089423030173,0
4838,55,3.236640751956046,QR,Travel,FR,20,0.028629045329272764,0.019731891420756185,0
8563,354,143.48334115669846,QR,Grocery,FR,16,0.15063990687714807,0.07748197412967728,0
886,335,11.964753130296218,ATM,Travel,TR,20,0.14276880544000184,0.5310119973271789,0
8080,880,43.4410662957898,ATM,Electronics,TR,13,0.1182929344032635,0.11572810843206356,0
6533,871,236.20886530440043,Online,Grocery,US,10,0.07639327311906115,0.039402671836304956,0
8538,166,411.95886015726467,POS,Electronics,FR,20,0.15547328395267263,0.045304838210675207,0
1110,281,10.16537718174595,POS,Food,UK,19,0.16442881779948898,0.7787937914581341,1
426,716,12.477440502859867,Online,Travel,TR,18,0.09104123189854692,0.030904785667082164,0
7435,157,7.079531987259274,POS,Grocery,DE,16,0.11488607189514188,0.08776475848325486,0
3073,761,152.3072680933858,QR,Electronics,TR,12,0.018813538401016343,0.20874046969196308,0
7247,559,70.86315116690467,POS,Electronics,TR,20,0.04670144378539549,0.5285015635135485,0
251,793,57.71778273304767,ATM,Grocery,FR,9,0.11091356213120272,0.35585306846722614,0
7667,282,43.71405407276022,Online,Travel,UK,20,0.17609188470491002,0.42843609013841083,0
5568,282,351.35752048199237,Online,Electronics,DE,21,0.11860282004536228,0.137443172702956,0
3146,799,223.03710519350872,POS,Food,UK,18,0.4390356730620057,0.6377776643483073,1
3484,312,122.89441078501414,Online,Clothing,UK,18,0.056156410852279154,0.06960567217516361,0
2415,395,148.97479062214623,Online,Clothing,TR,16,0.37176479923525346,0.09703511040880912,0
710,869,175.6181559130055,POS,Food,TR,1,0.19245700586967568,0.1328606848165952,0
8828,525,138.69080696205526,QR,Electronics,NG,8,0.7705689100058728,0.2069088815112847,0
2368,446,19.08477869785641,ATM,Grocery,UK,15,0.11010820042679204,0.0009925539020975917,0
2876,12,384.38100290355965,POS,Clothing,TR,13,0.20755718493962486,0.354842384747627,0
1075,27,423.441695000739,ATM,Grocery,DE,10,0.07572386606501823,0.22333765849878814,0
415,11,414.8543256126403,ATM,Food,DE,3,0.5268270143259366,0.5544970493618665,0
7213,918,27.778543248243494,ATM,Travel,UK,20,0.20861213094915576,0.19207524943625692,0
8420,334,520.7280926631973,QR,Travel,TR,9,0.19802314147406966,0.12435168009042381,0
390,263,14.177752709851703,Online,Grocery,UK,19,0.06073723517898071,0.12516203114309604,0
9828,182,544.1984389069844,ATM,Travel,US,3,0.34558917436703945,0.05937148490634743,0
7040,87,1.48531913277254,QR,Food,FR,22,0.08384777688096534,0.09518770656534509,0
1888,781,40.29495765270563,ATM,Grocery,US,19,0.41256816435446253,0.33519300322090284,0
4538,71,6.4201853609249975,QR,Travel,FR,23,0.07541652248384251,0.28868040308042364,0
427,272,6.637150220806648,ATM,Food,FR,21,0.44425977513315495,0.4005378319336769,0
8138,425,95.9998103462265,Online,Clothing,DE,8,0.03462657520774477,0.14080513609596504,0
5560,462,1.0664975287375975,ATM,Clothing,US,5,0.06883336473050311,0.05950632683688904,0
8006,593,76.11664085967797,Online,Grocery,UK,3,0.18126238447304716,0.5407657175516202,0
3123,396,160.6290239039141,ATM,Grocery,US,12,0.08424320271235566,0.20522917389961673,0
2578,818,990.734222690224,POS,Travel,FR,16,0.3096935194640439,0.5741099532646923,0
8949,720,633.4988871040383,Online,Electronics,UK,22,0.20586471821670962,0.4914219557625748,1
1669,266,38.51644564391159,POS,Grocery,FR,9,0.054657250824873216,0.16778014356114862,0
3330,495,20.7157421350527,ATM,Food,TR,9,0.020684805272085723,0.1063261858746914,0
5325,334,331.6465448564534,ATM,Grocery,FR,5,0.1942890354773638,0.15848971842005005,0
1192,837,2.8362169583670056,Online,Grocery,DE,10,0.09079668503158074,0.33808439466092255,0
8041,949,46.65582994747585,Online,Travel,TR,13,0.045064017413041606,0.06607148073453142,0
5539,373,71.18140241323542,QR,Clothing,US,11,0.19871936059225193,0.21876204081063352,0
7405,236,50.908585059575415,Online,Clothing,TR,21,0.07327544191259182,0.23357735016727998,0
1800,440,270.1497070657265,ATM,Grocery,US,23,0.12728851350057568,0.06184292860783127,0
7961,373,226.47882257101614,Online,Clothing,US,11,0.09051948230878273,0.016821309861207466,0
7545,757,447.90999376895223,Online,Grocery,TR,23,0.13907204477364823,0.2823891451599069,0
2719,55,135.6594696357597,QR,Clothing,DE,16,0.24201073328068812,0.22177505731712135,0
6467,319,20.86820744618845,QR,Electronics,DE,10,0.3057171304397949,0.5013044740323127,0
464,811,273.9902648835994,POS,Travel,UK,10,0.24622049309875027,0.5417983014135175,0
8994,181,10.710194260633294,POS,Food,FR,21,0.12127550090861294,0.2061290275395188,1
9626,208,3.129327246523043,Online,Grocery,TR,15,0.05792203763759131,0.1628228405075404,0
8461,109,115.53331090129791,Online,Electronics,UK,21,0.08780475138318924,0.1401513559079106,0
6144,264,89.54002582128426,ATM,Electronics,US,17,0.19351940557794137,0.07889375104159595,0
784,294,1.0719398210960447,ATM,Food,US,19,0.06334163281616327,0.08459018157568296,0
2515,797,398.5399243854751,ATM,Food,UK,13,0.19937260570132098,0.18794105316180273,0
5384,41,16.73133001375772,ATM,Food,US,17,0.04957194574935758,0.10471688384803443,0
3277,934,111.35286393538692,POS,Travel,TR,17,0.09638736767414616,0.14545376632442386,0
8536,791,35.70360692572819,Online,Grocery,FR,21,0.0846834718136885,0.27245016635916625,0
2164,646,165.54831356824283,Online,Grocery,FR,22,0.265698154862449,0.09179010197771177,0
7521,408,718.6708366006313,POS,Clothing,TR,17,0.2209915870892027,0.3015357685860557,0
7251,984,258.2870650817859,Online,Electronics,FR,16,0.606889528955978,0.22454641880016016,0
2029,31,42.03034532433337,POS,Clothing,TR,18,0.15078273541932816,0.07749517963800645,0
5647,760,30.507348192061656,POS,Clothing,DE,16,0.0993068007132442,0.0251616146235084,0
5436,887,20.16715629785365,ATM,Grocery,TR,5,0.043470202557860604,0.2974649318388857,0
356,44,36.408883604214346,QR,Clothing,DE,7,0.1302438551218341,0.06936385011146033,0
5926,264,23.494828967797844,POS,Travel,FR,16,0.33969586648489664,0.1437099892926427,0
5339,482,177.06744167863118,QR,Travel,UK,15,0.03504618214332954,0.17869396206273905,0
1731,235,12.506492758844626,POS,Grocery,FR,22,0.03546548357756171,0.23158930272378603,0
8928,501,14.40117311985877,ATM,Grocery,US,21,0.12155552980597041,0.11596952966639684,0
4452,157,42.22610245100681,POS,Electronics,FR,19,0.07382404821234088,0.02408227511701693,0
9677,700,278.87784738721615,POS,Grocery,DE,9,0.20381804387410557,0.20123219737393513,0
4902,717,92.07047580528793,ATM,Grocery,DE,17,0.28421040920423024,0.14348898471014684,0
2595,969,24.57960384540155,ATM,Travel,FR,18,0.22616516499602315,0.026590868305286078,0
331,366,193.3794253332465,ATM,Food,DE,20,0.0977975240632671,0.11267731895826512,0
8393,208,40.20471563375086,QR,Clothing,DE,20,0.2255298325739806,0.22022490217893834,0
4807,972,808.2552144548479,ATM,Clothing,DE,17,0.46771381041399396,0.4178063047631302,0
7159,514,437.76166965373807,QR,Electronics,UK,14,0.9541844537129057,0.531910025174245,0
5517,658,1.5993762345041098,POS,Grocery,US,19,0.07864157823069635,0.07235005212233307,0
1609,610,37.30084774668879,QR,Travel,UK,22,0.035274432374721255,0.13886194377020888,0
8763,628,11.066484754655466,QR,Travel,UK,20,0.042871072134258566,0.12481868484667731,0
8352,815,117.03322289164167,POS,Food,TR,14,0.01611234238614755,0.45160487425781093,1
673,556,1034.030001714241,Online,Travel,UK,7,0.3951178183798827,0.5131743125394074,0
3060,208,49.7831968069433,POS,Clothing,TR,16,0.11789111330534253,0.2749536610415479,0
5710,97,232.56149238359868,ATM,Food,DE,11,0.20819842871281527,0.4763392785816702,0
45,302,255.7905594353083,Online,Grocery,FR,10,0.034515031322253004,0.10270016858881297,0
3892,811,1.7046527299514853,Online,Clothing,US,13,0.19938431598435918,0.007978522680689784,0
1099,692,331.94806634408894,Online,Clothing,UK,20,0.045166889512097394,0.25372761071383687,0
2219,856,206.89116071049946,Online,Food,FR,16,0.17400875209668498,0.12881170541461467,0
6799,914,276.25387662751007,QR,Clothing,UK,8,0.17086979644801495,0.056542764950006076,0
2349,934,225.72446011879657,Online,Grocery,DE,9,0.13581654976547122,0.21332859777699445,0
5741,278,36.2774898480742,Online,Clothing,FR,13,0.05793416508239559,0.07377106785590999,0
6268,760,330.1594749945702,POS,Electronics,US,18,0.0236807671349549,0.05189377615100858,0
4499,551,93.69850160733758,QR,Electronics,FR,18,0.02172377219314195,0.17323594606086445,0
4657,111,233.4304622550484,ATM,Electronics,FR,17,0.30196056594438564,0.24305046583825637,0
430,845,10.880150336917913,POS,Food,DE,16,0.06835112354602965,0.12937407546093443,0
829,654,25.94787004720927,ATM,Electronics,TR,7,0.5664408971440775,0.09968955999006003,0
306,19,57.989377707878454,ATM,Food,TR,21,0.2728397717455413,0.19696784608174134,0
3751,469,9.64713864570827,POS,Clothing,TR,13,0.04550708146480908,0.02198283349740365,0
775,890,4.329505888458104,ATM,Clothing,TR,21,0.1243728071338646,0.24114270895926238,0
5312,310,4.773309156911163,QR,Clothing,FR,20,0.23132936296903464,0.16586080367419487,0
3405,440,111.72710115062681,POS,Food,UK,19,0.06002125008722333,0.08597608330258556,0
8850,98,206.4702694778202,QR,Food,FR,18,0.1448063810314714,0.08559439656710953,0
8634,148,13.419341680047578,Online,Travel,UK,18,0.21460631681169545,0.011347943425925454,0
4723,617,128.49631047796254,Online,Travel,TR,16,0.4574358103144667,0.20903363555307475,0
7959,887,17.54930636273411,QR,Electronics,TR,21,0.20243717518444052,0.1510474642754756,0
3712,503,854.8022493232949,Online,Electronics,UK,22,0.998736630233235,0.3777183022511098,1
9106,446,111.5615734844798,Online,Electronics,US,8,0.13999880590581423,0.19248559334064766,0
3685,802,160.05500061379428,QR,Travel,FR,23,0.22663337854137788,0.16467537990101577,0
3500,186,485.9570870509709,POS,Electronics,UK,21,0.1385264854167953,0.30889302497482274,0
9404,65,530.8944149553371,Online,Travel,TR,21,0.15479858283453618,0.25870229733063344,0
6683,524,516.1051053932964,QR,Electronics,UK,12,0.05536908611444328,0.04198411250291756,0
4265,412,6.329983595741651,ATM,Clothing,FR,9,0.37584121316862895,0.09247723897928098,0
2661,644,128.06774685809285,POS,Food,UK,11,0.23082055331981532,0.059433538951831226,0
3193,466,30.794719576249317,POS,Clothing,FR,13,0.15765849733096032,0.03770370005246812,0
3301,673,196.31260315547465,ATM,Food,DE,20,0.09848312654538768,0.15487707924504535,0
3930,275,55.95178539566474,QR,Grocery,UK,17,0.08819988943781493,0.14223320593198005,0
1249,422,475.02463250906294,POS,Electronics,TR,7,0.33718676628743227,0.36007586680848114,0
998,274,131.99089548601225,ATM,Electronics,DE,13,0.13976356722250471,0.4443572776558204,0
2185,460,154.99544014335777,Online,Travel,UK,5,0.020075256777069752,0.050757056079366716,0
9421,969,157.88375888977023,POS,Grocery,TR,7,0.17292829442504185,0.06811101096685387,0
1365,161,286.8779827391212,Online,Grocery,DE,16,0.10611936078297154,0.10408875847597951,0
7187,348,71.00823120911961,Online,Grocery,DE,8,0.13635103189897776,0.6430052155137825,0
2099,713,95.57897402408473,ATM,Clothing,TR,19,0.031419335591680614,0.1266756667225406,0
7485,101,116.03452310216507,POS,Grocery,TR,11,0.1504637919884057,0.2614351180872409,0
781,356,15.087749408418444,QR,Travel,FR,20,0.05575100795876829,0.03317153151887942,1
1058,513,195.9916536190327,ATM,Food,TR,8,0.2221806259439512,0.39590660070374084,1
2200,192,111.24059704993839,POS,Clothing,US,16,0.021991017024253337,0.1401336033681727,0
700,874,195.2841774702787,POS,Grocery,FR,2,0.08817715250082889,0.06809519617810852,0
6001,93,67.73391902688009,QR,Electronics,DE,14,0.2607107724821182,0.020105309330382945,0
6765,772,1170.0236262265796,POS,Grocery,US,11,0.15661062760316533,0.03761714722542243,0
3806,611,200.22794479573324,ATM,Clothing,UK,4,0.0689113611205566,0.2390755416400095,0
8530,222,39.84914295946496,Online,Grocery,DE,20,0.1660610310607567,0.2129259703612283,0
9518,245,9.93211264070199,POS,Electronics,FR,8,0.11481867189223405,0.08818170197610418,0
946,910,571.7536453868223,ATM,Grocery,DE,14,0.08622751028176186,0.30694223737594306,0
895,677,447.8411073461701,QR,Clothing,US,12,0.3330610744167771,0.40266651594411956,0
9630,751,49.7641300547063,Online,Electronics,TR,21,0.016619123312058066,0.06809803397936576,0
2543,165,418.6432430077919,Online,Food,UK,0,0.15080855612443905,0.23056622952900363,0
4934,71,709.4225924769569,ATM,Travel,US,20,0.05986588905162468,0.0645064269718752,0
8292,412,292.7293302779641,QR,Clothing,TR,12,0.25410536561961583,0.58744781301552,1
7561,367,7.109293613632743,Online,Clothing,FR,22,0.03181518190274115,0.251428777167436,0
1049,957,235.26656312223918,Online,Grocery,DE,20,0.08919922449581685,0.4015811462008721,0
1896,442,81.99152975621527,ATM,Travel,DE,19,0.2524769649059484,0.2964449936133487,0
7819,253,61.31663263072483,POS,Travel,UK,21,0.08228240080742656,0.051592182475101465,0
8680,458,672.426540793104,QR,Clothing,DE,12,0.21142453358785598,0.38834036146692286,0
433,134,11.065682116035129,POS,Electronics,DE,6,0.09031760931546942,0.05005101569581663,0
718,41,66.92046112291305,POS,Electronics,TR,14,0.2816048365974913,0.28385676575664526,0
1184,426,242.66769937215957,Online,Travel,US,19,0.059084075881952754,0.5442812316625003,0
6374,941,196.017651201949,POS,Grocery,TR,12,0.21277638394665216,0.19959352458535054,0
1193,298,287.59460328693297,POS,Travel,FR,3,0.1414952548614963,0.11307268632696085,0
456,802,191.36753718552373,ATM,Electronics,UK,4,0.3354605268786126,0.39784459330645255,0
5676,162,50.59475585216637,POS,Travel,TR,20,0.25716330323502345,0.0523286764774987,0
2776,322,76.0543862884479,QR,Travel,FR,9,0.17056644504526844,0.06199319594964676,0
8173,765,120.31081662412576,ATM,Travel,FR,13,0.21859282309538675,0.2267870478109561,1
4071,527,330.8008236650884,POS,Electronics,FR,22,0.1606174381618654,0.2648866574792522,0
3654,138,20.386398238019087,POS,Clothing,US,20,0.1401697889548432,0.03361232926993061,0
3910,844,57.38526217642512,POS,Travel,US,13,0.0724145005702607,0.10396247174163059,0
96,301,323.68293395797855,POS,Grocery,US,14,0.1793865187646494,0.2077225946613664,0
2118,137,129.39991434676517,ATM,Food,TR,18,0.05020187522665183,0.10090569853305864,0
8280,678,229.2485855459393,Online,Travel,FR,20,0.42467314034642833,0.11294198469372918,0
6723,679,106.12216568624467,ATM,Grocery,FR,22,0.3071777874808212,0.11322498681471488,0
7736,481,116.58192880336071,QR,Electronics,TR,6,0.3167601300043857,0.16517374617583552,0
4388,399,280.14765263234347,QR,Grocery,UK,3,0.18152412878947602,0.37520928516064533,0
8701,454,59.39780267741418,Online,Travel,DE,18,0.24551142801436257,0.3041827057924495,0
4080,48,195.45602555478916,ATM,Clothing,DE,11,0.25804648220941756,0.09399077809185297,0
4055,883,410.32988848959934,POS,Grocery,US,20,0.22224169001326924,0.23269285287729227,0
8482,287,81.11829448996832,ATM,Grocery,DE,20,0.04683433745874595,0.25868928521641477,1
6526,223,450.1606718161476,Online,Electronics,UK,14,0.1684892415679943,0.4081201694484671,0
9333,47,667.2268946208603,ATM,Electronics,FR,19,0.12910196702886148,0.06391911580382688,0
5450,951,650.1586398778909,QR,Food,US,17,0.37984354630675515,0.20164445860365424,0
889,270,50.877229618627986,Online,Travel,TR,20,0.00038121472272126245,0.053254174334605185,0
7327,294,6.580110202509737,QR,Electronics,FR,14,0.14453558229157598,0.22855338675722417,0
1617,31,46.068691545288324,Online,Clothing,TR,21,0.07257297428074211,0.07074965464669432,0
4137,481,264.027993506831,POS,Clothing,UK,20,0.3530139960582713,0.22637032226189674,0
5854,753,168.89957888745334,Online,Clothing,US,4,0.3319804408099603,0.24621717090035067,0
208,845,4.097254533161551,ATM,Electronics,DE,17,0.05130348760984463,0.04684368943122669,0
3604,703,19.784730674474673,POS,Grocery,FR,22,0.0540738295896171,0.18595628367180683,0
8484,409,61.097967107184864,POS,Clothing,UK,3,0.0446964471302491,0.03312264133247503,0
3047,677,73.97292759159265,QR,Electronics,US,5,0.1306947383633819,0.13561825244333206,1
3350,243,3.6883507081259195,Online,Electronics,US,20,0.15914904195678356,0.026155805094840934,0
651,221,37.006469336765804,QR,Electronics,DE,14,0.12255677824259682,0.03524499399426467,0
2403,14,23.20690372699049,POS,Clothing,DE,22,0.2387730606262129,0.22521536833173186,1
7243,26,181.06324871090942,POS,Food,US,15,0.1311143609727784,0.21278626713372598,0
5358,610,65.68955140633084,POS,Electronics,US,17,0.06736069847406144,0.1873097054737011,0
9683,113,407.147801998632,QR,Travel,UK,21,0.24811699887082306,0.46174205292840464,0
3987,871,42.09729084584,POS,Electronics,FR,22,0.01924011162532546,0.06257030082027934,0
3911,275,5.753976895931165,QR,Food,TR,23,0.05234067276698689,0.05024762627080565,0
9597,430,162.20939727585557,ATM,Electronics,DE,15,0.4638192755933122,0.14186918353170624,0
6020,103,41.264123899827325,POS,Clothing,US,21,0.09612728385426829,0.1799475580395167,0
6382,378,26.522170380474755,ATM,Electronics,US,12,0.10078934365074275,0.021790886815095965,0
1154,315,287.49427467101464,QR,Electronics,US,20,0.16944599131331753,0.2456167257445618,0
9447,248,24.667725600822628,QR,Travel,FR,22,0.05812521897269207,0.04524212754190706,0
9849,281,13.515266699154585,Online,Electronics,FR,22,0.0201867041692764,0.09852701016818467,0
6964,491,285.38534444247637,POS,Food,TR,17,0.15168930711775788,0.19021416471248373,0
8323,852,27.49625384267557,Online,Travel,FR,19,0.14306469474500175,0.46462405266255696,0
1571,484,142.09451872619022,POS,Food,TR,22,0.37287763289006576,0.13313402931317003,0
4618,277,241.95154916567282,POS,Food,US,15,0.37926557663946286,0.21313446509944942,0
9436,371,232.73778066450924,Online,Travel,TR,20,0.14571213542461298,0.09332456855208525,0
8155,181,380.419020960045,QR,Electronics,DE,16,0.07426525769327214,0.025623713465259244,0
3815,205,223.98288382153223,QR,Clothing,DE,6,0.0752538245582613,0.23692111920794431,0
6659,330,27.912865352375025,POS,Electronics,DE,6,0.35140174003382013,0.20925652148554955,0
8872,626,63.06916343050856,POS,Travel,TR,22,0.019233798722417303,0.35126196103955126,0
2219,532,435.83901598470464,Online,Food,DE,5,0.0658545250749262,0.08626094791430496,0
3441,262,267.16759231882645,QR,Grocery,US,20,0.29376752245645055,0.1569791865340964,0
7670,84,89.23175972475302,POS,Food,US,23,0.14896117969925374,0.7446698223113101,0
3466,54,706.8119873578055,ATM,Food,DE,21,0.4121086312068062,0.9886559069517066,0
8505,835,10.884959764485442,Online,Grocery,US,21,0.16167829676183068,0.02946782235306784,0
9852,110,365.75929817851915,ATM,Travel,DE,23,0.3366718913697232,0.19074644159210363,0
4393,855,50.14660529767971,QR,Electronics,UK,17,0.06635215126315958,0.05820385250798429,0
9139,684,29.47367440392157,Online,Grocery,FR,19,0.03827843013716688,0.15020750006520311,0
5916,649,374.03645038422536,ATM,Food,NG,22,0.36950338031430724,0.19144017938076854,0
8356,71,87.26412272573067,ATM,Electronics,UK,23,0.1268855213206715,0.2372937839837387,0
9811,806,623.0185726990396,Online,Grocery,DE,5,0.4065268934902827,0.0182714715670386,0
7593,108,287.4570018938852,QR,Food,FR,12,0.08898875433015006,0.0883353361115055,0
8548,922,23.262232664879654,QR,Clothing,US,22,0.18511427740869632,0.0456723240627805,0
9509,372,42.854280881396136,QR,Travel,UK,6,0.014005797352471264,0.16897101715896218,0
4329,699,474.2205308126805,POS,Clothing,DE,22,0.26612523337895483,0.21513536580116863,0
8910,270,326.2385703506751,QR,Grocery,FR,21,0.3024199377291165,0.27692258525136654,0
1709,479,170.08678605556855,ATM,Travel,UK,12,0.23674637656200898,0.19725994672444683,0
2886,886,214.44268109577155,POS,Clothing,TR,23,0.042668512695864635,0.025921886085057747,0
8101,620,38.56755248180095,QR,Travel,US,10,0.07687935212488059,0.2644541167579186,0
1998,355,432.3807022350424,ATM,Travel,US,11,0.3401024388358462,0.48271215921266586,1
6044,231,262.9598401389332,ATM,Clothing,FR,21,0.3139472623591413,0.28933613187204593,0
7322,103,1.7548609057283073,Online,Electronics,US,9,0.1043231949647696,0.18937249168781908,0
4746,234,129.8522462745877,QR,Clothing,FR,20,0.42509225128464306,0.107812054034438,0
6084,408,79.11685854576565,ATM,Clothing,TR,19,0.10997196460906235,0.22326561093226488,0
7700,711,4.798676739032947,ATM,Grocery,FR,10,0.001610800256835401,0.015977020739543046,0
9204,426,1.128010043118911,POS,Clothing,FR,18,0.0832414403846286,0.0310698281808022,0
545,308,288.15910603547644,POS,Grocery,UK,21,0.7106837404868233,0.3677607763160262,1
6994,155,348.4499140219487,Online,Electronics,TR,14,0.12253662865034062,0.011658596197921627,0
9009,619,29.70620835812465,Online,Food,UK,5,0.056985178854353384,0.0854671459354083,0
4211,784,153.66614625176638,ATM,Grocery,DE,19,0.2790666000346786,0.14660517307412513,0
3810,875,15.590526394270727,POS,Grocery,UK,21,0.055360012462692336,0.12222362109582646,0
5875,386,9.19869210259406,ATM,Travel,FR,17,0.04603261171643298,0.17231731667702369,0
3902,234,151.8345654010411,Online,Food,DE,20,0.46144992155947717,0.2646670257614133,0
3256,193,292.9798779812853,Online,Grocery,DE,14,0.07742473507148202,0.40958696359031843,0
2023,794,204.54504770990027,Online,Clothing,DE,11,0.20013132983168466,0.17052808571577777,0
3934,823,129.401618882362,Online,Food,TR,12,0.3418019302783069,0.7853253835526494,0
4560,53,482.9770735268193,ATM,Food,DE,16,0.04560266622156885,0.0535812394101621,0
5863,161,43.84476001829539,Online,Food,FR,23,0.13969815472025665,0.1895829300381504,0
6525,567,39.82709203297477,QR,Clothing,DE,4,0.3290908100035241,0.35164276391917115,0
5714,479,789.8992897102255,ATM,Grocery,UK,14,0.4132507764296967,0.5327818519510044,1
6181,437,6.868235751404377,ATM,Travel,FR,17,0.02949110551711961,0.0697907218207486,0
9400,657,160.06100975739108,ATM,Grocery,DE,18,0.14616205608854857,0.35561929179144663,0
7553,666,1.904637085149351,Online,Grocery,UK,23,0.006607081414388172,0.02924014312290182,0
7132,296,35.59251995456601,ATM,Travel,US,13,0.07175299870480246,0.08191293547111166,0
8593,113,164.24577342920168,ATM,Clothing,US,3,0.1956643221964949,0.06847100991011666,0
1919,721,22.733315256519816,POS,Grocery,FR,10,0.10383302332714547,0.1395021039054536,0
8642,523,223.73351959614345,POS,Electronics,FR,9,0.07106959520232822,0.2677708347008471,0
5950,929,30.68450397036786,QR,Grocery,DE,6,0.1323258751280966,0.01888710759308448,0
3157,400,7.838214381712109,QR,Grocery,TR,8,0.039591792332627634,0.3132271918887143,0
8704,4,118.29613140160717,POS,Clothing,TR,11,0.1767741360107073,0.2157774069314835,0
4990,288,259.81076336247145,POS,Travel,DE,14,0.6106593204217077,0.2649014734426294,0
4003,228,18.578216475032825,ATM,Travel,TR,21,0.06808468634073934,0.028201787482266382,0
7450,656,18.803531667673976,QR,Food,FR,22,0.050950466073028416,0.06880249748070791,0
8011,788,185.5449148241984,Online,Clothing,TR,14,0.22193148815578692,0.15212422617249938,0
7114,308,1.7348305585867987,Online,Clothing,DE,11,0.004468166967232799,0.14053069234879917,0
4754,377,131.91544437188327,ATM,Food,UK,10,0.11238346028702911,0.29052811309195486,0
8179,799,49.62603903180207,Online,Food,FR,11,0.008927454506731977,0.06029954675757289,0
8523,782,84.7805481427244,ATM,Food,US,18,0.28583903721970666,0.21957474337845412,0
8534,865,185.63397210919163,Online,Travel,UK,14,0.17432421906095064,0.5182207300176928,0
1552,256,259.94723286014795,POS,Electronics,TR,11,0.1762773099764537,0.3287133147408828,0
6387,200,131.6534922585593,Online,Clothing,TR,13,0.004878057354092897,0.054819755219859635,0
7467,603,97.3506921222551,Online,Clothing,FR,16,0.02889854955214229,0.0654587856460424,0
5412,70,8.716701792055108,POS,Clothing,UK,6,0.01482575760909402,0.22871091044942693,0
5249,617,154.73012810446824,ATM,Food,FR,20,0.35343006338049004,0.08203554951635653,0
9376,513,9.882389893001697,QR,Food,FR,21,0.13491348677566034,0.054193024725785854,0
1253,6,493.2615139799315,ATM,Travel,US,19,0.0175985183515777,0.03934866025187489,0
2036,355,93.27252095841521,Online,Travel,US,23,0.113528277135059,0.3090319693620421,0
4440,962,36.92717974493785,Online,Clothing,FR,20,0.07900181105785044,0.02054398990701895,0
9677,158,15.004995664279047,QR,Travel,DE,14,0.5508457889765583,0.16860715726291076,0
9270,33,26.925068484670444,Online,Grocery,DE,21,0.2772659128225616,0.0487995261205424,0
7737,515,1.0000951578330681,Online,Food,UK,22,0.06993853497861491,0.07297905372641512,0
3211,928,593.7094354286663,ATM,Food,TR,13,0.11751622440953526,0.03510412737074797,0
5246,124,273.04863319677173,ATM,Travel,US,21,0.21255410050007886,0.09303600008906944,0
497,257,39.83805943424178,Online,Grocery,DE,16,0.04873191703154428,0.019219930116648114,0
6276,854,339.2932355020183,POS,Grocery,FR,15,0.20885815473022482,0.20155335311317413,0
6204,329,73.77809132039182,QR,Clothing,FR,6,0.19627603013186798,0.49758182220310476,0
1574,959,170.47363769863964,QR,Food,US,18,0.25922063394611666,0.023364134001543527,0
4283,725,139.24657265723596,POS,Food,DE,17,0.2216451632467917,0.06004773764976322,0
3653,686,440.1951488738615,POS,Clothing,US,1,0.05644143844901577,0.3801655586288979,0
1952,807,8.82229535523818,QR,Grocery,UK,18,0.025722057023889036,0.025397984324150562,0
1375,67,34.76729897984626,POS,Electronics,UK,12,0.0982029715285808,0.03065741703968887,0
7645,605,109.28545214788677,QR,Grocery,FR,17,0.6709881528530681,0.7180040333199749,0
2349,61,71.86144049224535,Online,Grocery,DE,9,0.07375087725888364,0.4959823098209223,1
9856,229,22.782391521569995,Online,Clothing,US,12,0.05973685181956981,0.06806409576901531,0
8182,214,123.3459976530129,Online,Electronics,FR,8,0.03227535162379336,0.12291600200266511,0
7803,83,278.78160449419255,ATM,Grocery,FR,22,0.04667786127532765,0.20361843553327333,0
4706,976,141.6761228783263,POS,Grocery,TR,10,0.0548529447335393,0.06453223886820195,0
7905,741,253.87756282533638,Online,Travel,DE,17,0.2683014465363718,0.08619976110083905,0
1091,293,113.7806693599259,Online,Grocery,DE,18,0.23943835073000921,0.07627627165956812,0
5840,887,792.8727182826848,Online,Food,FR,21,0.1631582654065563,0.3239944565587702,0
5754,749,249.73658666690147,POS,Clothing,DE,21,0.5911772611098441,0.21003778754028463,1
5565,214,489.860720428483,POS,Clothing,TR,18,0.03024195555350379,0.33433211929594514,0
6457,367,1.5670965135668584,Online,Clothing,TR,19,0.06802851906693745,0.057471948425003104,0
5264,15,2.1209516547638554,ATM,Grocery,TR,20,0.18076504971923693,0.08833582959818022,0
8020,588,1.4179159084334203,POS,Grocery,TR,13,0.13553928398965923,0.10225500953759013,0
5474,110,1.705209042067283,ATM,Grocery,US,18,0.09549846601513778,0.043634312615153215,0
9338,67,71.79015679422636,POS,Food,DE,13,0.08838596813826882,0.03844326775372395,0
1977,734,180.37681402807735,POS,Electronics,UK,15,0.30461765818875247,0.2806567073008102,0
5292,850,94.74326849121071,ATM,Grocery,US,17,0.3475642613990743,0.2468423773759509,0
2333,984,7.07649097623892,QR,Grocery,FR,5,0.08684310193269495,0.33060986691804833,0
758,850,406.07059570157367,Online,Electronics,DE,8,0.15165486418481394,0.3436925626033797,0
4735,659,388.13196434737813,QR,Travel,FR,22,0.10070509115262434,0.1864716100616005,0
2663,326,66.64672809843313,ATM,Food,TR,6,0.13858798291671415,0.05522232487761244,0
6718,572,302.41635381164303,QR,Electronics,UK,8,0.09182848124579425,0.03633038869027114,0
651,376,53.883398262467594,POS,Grocery,FR,1,0.05652751223569892,0.05823674799025211,0
6338,431,72.68101899889164,POS,Travel,TR,18,0.016149094296987816,0.08828623485939376,0
3420,261,61.012724293084275,ATM,Electronics,DE,21,0.21895741262112894,0.20345752349139806,0
7258,919,323.43554460090076,ATM,Travel,DE,16,0.01569983389414022,0.04885366171480502,0
5068,576,61.42500812688435,ATM,Clothing,FR,19,0.2724542816988182,0.1268766378858533,0
679,581,212.23734012317743,ATM,Grocery,TR,18,0.07265939992637113,0.48300764271190966,0
5015,692,73.147152292249,Online,Electronics,TR,21,0.013875026668415504,0.28451179522916137,0
467,649,61.84810038359754,POS,Clothing,US,10,0.29065521419076235,0.48977724729472566,0
8025,891,5.870235192577372,QR,Electronics,DE,3,0.10168368623905619,0.21600974608105405,0
7402,291,386.9242903756093,QR,Clothing,DE,1,0.49699499143048226,0.4453193124423911,0
7117,857,3.931593957370908,POS,Food,FR,21,0.09720787194503232,0.047179553311546274,0
8908,567,4.716674842544304,QR,Grocery,UK,10,0.028841522552689215,0.10564872153840749,0
6805,782,82.75972927253336,ATM,Clothing,DE,23,0.841472707532268,0.10810026374157404,0
31,455,5.956607739787203,ATM,Electronics,FR,18,0.4101910576899898,0.1612509707178448,0
2708,619,269.5563875347107,POS,Travel,US,18,0.3418433694967229,0.06890934103781522,0
7859,260,18.91707012050428,ATM,Food,FR,9,0.15362350333947405,0.3527687527933676,0
788,578,5.87884307456994,QR,Electronics,US,23,0.2594195494616222,0.03618654861217476,0
8807,842,144.92809723093507,POS,Food,UK,7,0.11344136320498412,0.08762694119633517,0
89,75,35.35736819994147,ATM,Travel,FR,16,0.18357577104236814,0.10006596293296255,0
7257,527,246.49776594972278,ATM,Grocery,UK,22,0.7668912896744835,0.41924229669851226,0
8305,167,252.0142551347043,Online,Travel,TR,21,0.10160699697454016,0.015372105544150489,0
8458,641,71.49543594007211,ATM,Grocery,TR,17,0.21049252113167347,0.14843407395204078,0
3424,628,237.11859010044486,Online,Clothing,UK,19,0.21802974777044232,0.14328619858398062,0
9171,826,490.1044499007505,POS,Clothing,DE,14,0.10177253662353163,0.17922254454525932,0
9992,238,231.12776606950237,POS,Grocery,US,22,0.029649762457072796,0.18202788544965218,0
3195,992,85.46864644587478,ATM,Food,TR,15,0.2714899983885579,0.4850529980372062,0
480,6,24.983448155907986,QR,Grocery,DE,6,0.22342045841770278,0.027822225920915128,0
6420,638,55.82611894932764,Online,Clothing,TR,20,0.22211891513601792,0.15402608794192418,0
6332,693,36.968318776131305,POS,Travel,FR,21,0.14731879734215844,0.2137301435783099,0
305,50,15.376943760704028,Online,Electronics,US,15,0.0775854013703648,0.4433957042448223,0
1027,647,438.11215063554954,Online,Travel,US,21,0.056787982175138106,0.4738198652789338,0
5709,379,57.06099068750463,QR,Travel,FR,12,0.17776918710709855,0.3134678832316753,0
2527,939,23.934338493955934,QR,Clothing,FR,18,0.05284980974986502,0.19722874557853526,0
1892,287,63.1966599490076,ATM,Food,FR,9,0.12210242946932619,0.1897638534398138,0
9760,830,22.23030281214607,ATM,Food,DE,7,0.41592840053949953,0.26062693040681867,0
9259,108,137.89781489885192,QR,Travel,US,12,0.8298237350835888,0.08902977435819125,0
3225,843,604.1551541832182,Online,Food,TR,2,0.6117576469283363,0.7476881042440352,1
7334,208,4.541764207132248,ATM,Food,US,22,0.0867550855848312,0.17809218703855106,0
4430,296,27.96410952145197,QR,Grocery,TR,15,0.17879033995658847,0.17540368000304946,0
550,387,257.23162929408045,Online,Travel,FR,12,0.05733543695096664,0.1019930472399607,0
7966,987,159.91135953952684,Online,Travel,DE,5,0.31065531597939383,0.22418329228025294,0
4931,83,281.7563537087122,ATM,Food,TR,12,0.09883209800518841,0.14927738429036833,0
6720,339,166.21947305232308,POS,Food,US,18,0.241806515372901,0.1693993172491065,0
4090,192,28.52522368955729,ATM,Travel,UK,12,0.09618425043968898,0.36993167432734464,0
7192,238,129.67944463943257,POS,Travel,US,15,0.20068047716705426,0.12488107094378302,0
3399,889,213.80588247449114,Online,Travel,FR,21,0.1272064642999199,0.028922650162940763,0
6432,907,105.03281547161455,Online,Clothing,US,16,0.1670685318798751,0.48081160345861906,0
5747,834,354.5614818419986,Online,Food,FR,1,0.04512831705523761,0.11068909896549971,0
4607,63,57.69505306963334,POS,Travel,US,16,0.05900806611507779,0.06009086137306652,0
1818,414,216.53592819170512,ATM,Electronics,FR,16,0.25603784368621546,0.13252343296761102,0
6996,85,58.88892708699482,ATM,Clothing,TR,22,0.11371525805712315,0.5528650574062941,0
6255,849,152.99468597514806,Online,Food,UK,10,0.39134079239486885,0.24258274264826002,0
8602,109,291.6540517653699,QR,Electronics,TR,23,0.10672350770511532,0.5431601404285534,0
3930,798,345.0217378962407,QR,Food,US,20,0.10128031885482844,0.059924924555076434,0
1265,28,503.0413830184185,Online,Travel,DE,22,0.19004518440145957,0.031053622738237203,0
1277,675,188.73774999284146,Online,Travel,FR,4,0.1916543312883821,0.08128381397917374,1
6802,568,24.997053054296686,QR,Electronics,TR,20,0.16873036112575335,0.04173818556428528,0
6468,801,18.537509398051352,ATM,Clothing,DE,11,0.03558938630607313,0.3794253942904325,0
6444,668,39.56085087365139,POS,Grocery,FR,15,0.16283557660895065,0.3455572998040503,0
4099,562,719.9602971460071,POS,Clothing,UK,7,0.17829649294280892,0.611164726584205,0
8559,435,289.38493062483684,ATM,Electronics,UK,14,0.16796965614845163,0.0235862891357244,0
4483,585,39.82986719625157,ATM,Electronics,TR,19,0.06964035765740523,0.041024699828914366,0
5801,407,757.6587387976041,Online,Travel,DE,10,0.5381615735919064,0.6501390319121558,0
9132,474,19.52528139761014,Online,Grocery,UK,8,0.30282046406366875,0.08302249053621567,0
7866,11,8.859410308326655,ATM,Travel,DE,5,0.10422264305061532,0.048239478053525076,0
1156,489,32.55947126263498,POS,Clothing,US,20,0.09768321633638691,0.07563819392504445,0
2931,384,2.546329519867355,QR,Travel,FR,18,0.057820129875281415,0.13476255208461071,0
2406,435,10.66273672427174,QR,Travel,DE,23,0.035248994171852475,0.15361015246927098,0
8982,694,341.3452434743316,Online,Food,DE,19,0.2754826460788446,0.44465521642338124,0
2953,435,298.3743801358635,QR,Travel,DE,8,0.2185465900927061,0.11215721640596138,0
7329,51,79.76286938845774,Online,Food,UK,15,0.3875437440067153,0.4743540129225382,0
6150,919,85.28155773041895,QR,Clothing,US,6,0.04901292744960994,0.21626711363872358,0
3528,213,49.064168818554656,POS,Grocery,UK,23,0.1978092394094382,0.1294207202634727,0
7581,749,42.25701552190099,QR,Electronics,US,5,0.05626160855979442,0.10682093962290976,0
3323,609,438.90259007391313,QR,Grocery,DE,7,0.021485677802815142,0.14159222616519224,0
6271,355,462.2762531114777,POS,Food,US,19,0.1683617970770991,0.6827668512051285,0
6218,532,13.743085908684067,ATM,Food,US,18,0.12157559153645794,0.33546726355282436,0
9012,433,1.0458027034576334,QR,Travel,US,18,0.05325636782181893,0.0653837371025715,0
6813,158,5.321838294718717,ATM,Food,DE,7,0.285274173257675,0.1483723047073665,0
9290,410,16.49668256138041,ATM,Travel,FR,16,0.19397069868256428,0.2448099192979914,0
2757,906,123.37590801118961,Online,Food,DE,12,0.15914317758674726,0.03606653790278743,0
8774,834,194.07275412940282,QR,Clothing,UK,16,0.03649622989076408,0.33355719783310184,0
8833,914,1.554859868793995,Online,Electronics,DE,22,0.18289948096187789,0.553601036004628,0
2734,598,1303.5310881112835,QR,Travel,UK,11,0.179711379515893,0.18795569695903636,0
8980,46,1.0604909342032358,ATM,Grocery,FR,10,0.008598088768633844,0.026361251985277542,0
7299,679,291.61098540164124,QR,Grocery,DE,18,0.1096298053017636,0.20789933138321842,0
1718,888,8.379417088892906,Online,Clothing,UK,21,0.058392500364510116,0.12278277580549213,0
7826,835,138.00429153795076,Online,Grocery,UK,7,0.07282014848785982,0.18402475145600175,0
7596,180,14.276068844488686,ATM,Electronics,US,18,0.12397788148878391,0.1974091759047838,1
4873,119,521.2374003683792,QR,Electronics,FR,20,0.5642926422645347,0.27238242840574933,0
6753,337,1.4099416793142545,POS,Grocery,US,16,0.29891430772121286,0.35939472189912036,0
1938,247,414.63009927360827,Online,Electronics,FR,13,0.05800654450939341,0.1264364051079645,0
4080,662,230.75230539021047,QR,Grocery,US,16,0.3391026510947396,0.10358360006703249,0
3493,632,2.816725767791417,QR,Food,FR,23,0.14856246130298004,0.18787147754646844,0
7254,46,14.030682527056184,ATM,Food,UK,22,0.22340186308475135,0.20924431540523947,0
3923,152,75.5475205404823,POS,Travel,DE,21,0.07198418922336104,0.11185983072499868,0
3522,19,70.35744758062596,Online,Grocery,TR,13,0.10798989988287698,0.006249030013193777,0
4855,537,24.29402179435466,Online,Food,UK,20,0.03604009249209533,0.07141628304893073,0
3189,777,110.31218302457866,QR,Travel,FR,13,0.07346420418988261,0.10629938536068398,0
3311,742,13.216596373793543,QR,Grocery,US,21,0.23665624553044046,0.04365114262120149,0
9151,579,194.818800697485,POS,Electronics,US,14,0.39584733677333206,0.21379858866793933,0
4381,942,2.940740078894422,Online,Electronics,UK,19,0.013253866284839376,0.0077519397774511835,0
6833,870,30.789452137632747,Online,Clothing,US,10,0.05163802681551909,0.01699690226475231,0
6673,43,228.29471318376306,QR,Food,DE,22,0.11832808114443455,0.24675400856282276,1
130,978,174.72070992319613,POS,Clothing,FR,20,0.11008390205464369,0.16722567117366935,0
1967,733,22.604537363861038,POS,Food,DE,20,0.03692057575577963,0.030537643295140693,0
5395,201,124.8941253700123,ATM,Clothing,UK,23,0.15751789773524633,0.15858470907485364,0
4460,94,417.95714239451945,QR,Food,DE,17,0.13699043811190287,0.15666346785060026,0
7033,840,153.99692804583268,POS,Travel,TR,13,0.0880555881601288,0.028532751337464756,0
3578,927,266.12291311774777,ATM,Electronics,US,13,0.08231117291161218,0.20659850563857177,0
2010,12,134.23557629532064,ATM,Grocery,UK,10,0.2961817694642445,0.11569627752531446,0
693,0,469.86568079515115,QR,Food,DE,23,0.17525009943699915,0.0786759173115734,0
5765,321,296.56089678902146,ATM,Grocery,US,21,0.43132099118164613,0.04498536265130823,0
2732,914,16.913476634602677,Online,Electronics,FR,22,0.1181442564132176,0.22918048226951082,0
9412,10,47.99136618882547,Online,Travel,US,6,0.14090267192768613,0.07178530957583842,0
1853,25,15.41049202099491,ATM,Electronics,US,12,0.07695986902313337,0.07693418756336855,0
8688,937,9.086851576754817,POS,Food,FR,19,0.4064762215944279,0.12936240261317516,0
7773,484,71.70833430540884,ATM,Travel,UK,2,0.1349745006179614,0.34004464117561317,0
6722,597,62.249424391016944,Online,Clothing,FR,21,0.21074689920023423,0.15091895566457403,0
7672,64,79.96394985951113,ATM,Electronics,TR,7,0.32482591660348453,0.15414885681102986,0
5991,308,223.15667811630541,POS,Travel,FR,7,0.02344621497524213,0.10431063811211327,1
9533,98,145.09591747994097,POS,Clothing,US,6,0.17900735089231112,0.2418162648778236,0
2487,208,11.378298919693803,QR,Food,UK,22,0.4160889045809037,0.014346182445191074,0
8224,103,27.79502432564434,QR,Clothing,DE,10,0.15047000419611106,0.18966427156678078,0
2570,508,71.00881042552355,POS,Clothing,FR,21,0.06292716299320261,0.24109070561306475,0
7691,943,4.497335033730694,POS,Food,TR,11,0.22349450001671045,0.15924932467319755,0
6527,677,1.275858579759152,QR,Electronics,DE,17,0.017591021745240593,0.12915019666365485,0
1563,853,246.37076341788324,QR,Travel,DE,4,0.10578447760880631,0.20459596152525106,0
3188,944,121.14546078069232,QR,Electronics,DE,10,0.33475145355516267,0.029381499558408908,0
605,280,83.24521696901479,QR,Food,UK,6,0.16504952156743638,0.013886385538099122,0
2885,106,78.08432648966821,POS,Electronics,DE,17,0.27949032669853174,0.1612450407484363,0
7226,535,981.058631355939,POS,Travel,DE,1,0.07329120610350114,0.24026983592076642,1
7912,543,217.01889899039654,Online,Food,UK,18,0.18028198788514294,0.27525847871829184,0
1717,436,1.167540877854969,POS,Electronics,US,23,0.07892418600727855,0.06597965637678253,0
1065,306,1.1213349655544513,ATM,Food,UK,16,0.3398534031745652,0.08970617502944017,1
2178,970,95.41102846878549,ATM,Travel,TR,7,0.12073401278779912,0.0806452020611709,0
4605,962,89.3945060556629,ATM,Food,UK,10,0.6089436548848736,0.2767783259616075,0
1480,310,50.212594504073124,ATM,Food,DE,14,0.21333202727048725,0.2579971719721921,0
8809,326,126.0585063927123,ATM,Travel,NG,13,0.12917474417481306,0.08137296878217834,0
1762,284,306.50968199848677,Online,Travel,UK,20,0.0858030572848318,0.17490585890461474,0
1774,187,511.5565552454893,Online,Travel,UK,19,0.5141739050626638,0.3542267684903288,1
1743,576,28.02413673128619,POS,Grocery,TR,21,0.05011647361110238,0.013613508285871465,0
6091,206,627.1133009040618,QR,Clothing,TR,19,0.33115040109988836,0.3795355924715682,1
5842,26,908.1916915010353,QR,Clothing,FR,13,0.26974479868501106,0.26605269633039236,0
2606,480,91.40736772855897,POS,Travel,FR,10,0.11164297587801039,0.1275899884142174,0
6055,137,803.1023963555873,ATM,Grocery,UK,20,0.5800016542922384,0.1374121643205702,0
8849,491,125.07395217019113,QR,Travel,TR,9,0.2978873840479853,0.47074691363520044,0
3297,504,294.6361920939082,Online,Food,TR,20,0.15074294051382314,0.3943557200177568,0
9554,398,48.40668631898051,POS,Clothing,TR,16,0.0722961398918,0.08011456303378282,0
2031,198,178.5851557024867,Online,Clothing,TR,23,0.11836734125873527,0.6567886730934431,0
7213,246,83.36718899830227,QR,Travel,UK,12,0.010892878673049285,0.10597777412887047,0
3006,485,77.85718702964382,POS,Food,UK,21,0.028041312551248202,0.02133664369975773,0
3486,735,25.98068918580611,ATM,Food,FR,18,0.06193486595645175,0.045405117699699585,0
3858,855,108.49942842233575,POS,Food,DE,17,0.02529326156829593,0.11245122104306232,0
5317,601,143.10459185286848,POS,Grocery,UK,21,0.051796595469509696,0.048026122705141415,0
3270,490,465.66199530949706,ATM,Clothing,DE,22,0.06696249329735304,0.26277262319244427,0
5702,71,466.8396602109085,ATM,Electronics,US,16,0.06972259204005016,0.48525131363699675,0
3800,693,16.045891014702818,QR,Electronics,UK,21,0.14056094955114032,0.011195643546484849,0
9778,328,77.5607572072476,QR,Electronics,DE,23,0.27440056452128375,0.19745103329238978,0
9692,447,163.85724066329217,POS,Clothing,UK,3,0.38085309197394235,0.09550336309383178,0
1972,765,544.921586071214,POS,Grocery,UK,7,0.07431495598059537,0.23822121413547637,0
1252,547,187.0842386372683,ATM,Electronics,TR,23,0.10399518080327724,0.11960854177684853,0
3789,570,236.06040190326152,ATM,Electronics,US,21,0.21396893858816515,0.15237399642914906,0
4996,867,599.8329395606339,POS,Grocery,US,22,0.6225288450586589,0.09529892589841382,0
7054,10,18.36223825074198,QR,Food,DE,20,0.12995610562102103,0.4354853249866156,0
7208,918,1.2964945800854906,POS,Food,FR,19,0.19735653271442544,0.05943154508489755,0
2829,306,72.94694153932946,Online,Clothing,US,19,0.39225472308285614,0.32066664488864793,0
1543,365,24.30994690174638,Online,Grocery,DE,15,0.11520889088246253,0.21618279412201685,0
128,237,115.68514414277954,POS,Clothing,UK,22,0.007058434682618887,0.13287376260402983,0
9956,426,3.909224750150948,Online,Electronics,US,15,0.07295730710129317,0.14200214124462412,0
8064,371,736.2002170003734,Online,Food,US,10,0.2392226571601315,0.009067603833789763,0
1026,247,731.1412606901717,ATM,Travel,DE,14,0.27128990825409494,0.3787901619046775,0
3890,265,358.6021564652787,ATM,Food,UK,4,0.043292313615082054,0.2992928666426743,0
1763,743,46.6510905814364,QR,Clothing,TR,9,0.055036262154701435,0.10902739930241015,0
3973,278,24.14418647102249,POS,Electronics,UK,5,0.3747378326560807,0.1935161571150468,0
8512,342,14.422279959933263,QR,Electronics,FR,20,0.34577501487609175,0.28751893108725346,0
4881,53,79.83036103033386,POS,Food,FR,16,0.38631072156319396,0.052303848363657174,0
8885,37,17.845191765408213,ATM,Travel,TR,19,0.15637069154040914,0.08112981831547075,0
1856,284,113.62833972971565,Online,Electronics,FR,9,0.030129802043989903,0.21535686545906702,0
424,899,6.594149213086505,ATM,Grocery,TR,23,0.032488453389361585,0.1541497545446632,0
950,186,224.38404324624878,POS,Travel,DE,23,0.15748519908353262,0.1732012176922782,0
1668,854,12.206479256590786,POS,Clothing,TR,19,0.16772178851659045,0.11298097617127585,0
6141,454,178.49203607361284,ATM,Clothing,FR,16,0.10049780767728116,0.29151988633439224,0
4317,727,309.66715200010964,Online,Clothing,US,14,0.13852865856897495,0.21606814149061834,0
1258,25,178.6761216865066,POS,Food,TR,22,0.28708089725470626,0.14664903207421898,0
4091,205,475.63274788463684,ATM,Food,US,16,0.09044257445161616,0.08462246116632562,0
5714,100,119.11922095397445,QR,Clothing,DE,1,0.03130778671586553,0.05571116866922156,0
312,981,411.746699492704,ATM,Food,UK,15,0.20208093363395713,0.31491671152001466,0
4212,379,28.85619748363761,ATM,Travel,UK,16,0.17758305446384423,0.14219692644000156,0
6707,157,129.28137031559856,POS,Grocery,TR,21,0.07251448052280861,0.04139620004218745,0
8983,306,175.9458694218102,QR,Clothing,FR,12,0.40828256411023167,0.07957150435066254,0
255,916,55.39870910788747,QR,Clothing,US,15,0.29859360926417494,0.07622639601788743,0
9811,749,48.84753973439321,ATM,Electronics,FR,20,0.23562006627558282,0.1785192859112287,0
1757,500,372.2618432338994,ATM,Electronics,US,21,0.3553209960780944,0.19665508180573088,0
1207,109,165.4503345118715,POS,Grocery,TR,18,0.14868335121601117,0.12733487384679773,0
3661,7,234.41000133657087,POS,Travel,US,22,0.0375493705660358,0.13819963155864695,0
3831,690,304.0428800766604,QR,Grocery,FR,19,0.42111954474477087,0.27581684846300797,0
8472,207,104.71906262673242,POS,Electronics,UK,21,0.1865132691122252,0.13198673480489337,0
5102,755,103.55773356917003,Online,Travel,US,21,0.01173877739267932,0.025104787938940425,1
5917,479,129.04987768957267,Online,Food,US,21,0.6323469587714068,0.044196233352404884,0
7484,235,1.109763859598693,QR,Grocery,TR,13,0.05708468329349523,0.01053341822870545,0
6922,277,500.014169674225,QR,Electronics,TR,14,0.1598028302419202,0.166349444482146,0
9029,320,224.5167963143217,ATM,Grocery,DE,3,0.32419212857890883,0.023156058430782146,0
9758,347,166.02089633173736,QR,Clothing,DE,14,0.2794275532214125,0.1800119826615338,0
688,751,157.81119714837584,POS,Food,UK,21,0.4046608341545235,0.16517805402977348,1
9110,539,178.61856625904355,QR,Electronics,FR,11,0.11958434240996775,0.04707543382913549,0
438,624,1.946144703565993,QR,Food,FR,19,0.07039271250790309,0.0027398912117031697,0
4529,386,325.8969634341739,POS,Electronics,FR,15,0.33297123175950677,0.10270227930982118,0
9485,501,110.29890508580948,QR,Clothing,TR,13,0.09981768055940325,0.16550887281752236,0
7717,838,1601.5741327724613,Online,Food,UK,0,0.2873342037223281,0.6624170117344168,0
2785,719,184.82804736972523,QR,Grocery,US,12,0.1424783663177686,0.08782222970522237,0
4231,663,53.662439191027204,POS,Electronics,NG,17,0.17271750257137383,0.05297019003208277,0
9062,353,6.791902285389793,QR,Grocery,TR,9,0.36108254946351975,0.23608106127509873,0
6440,282,30.782821041923413,ATM,Electronics,UK,17,0.016974593092544937,0.011742318072514035,0
2456,729,514.99313046111,QR,Travel,FR,19,0.3897569344039371,0.2518996048893502,0
9384,441,28.67357046185562,POS,Clothing,UK,14,0.22698006669333184,0.05060606752250457,0
4511,78,1.6663810072903469,Online,Food,US,22,0.08026542449115766,0.02648610814193228,0
8946,730,254.5257488856518,Online,Grocery,TR,20,0.1242599826383525,0.1831816458579812,0
506,187,421.27450433565633,Online,Electronics,DE,12,0.10679599872469095,0.5988689934978593,0
5951,569,183.08953087661237,ATM,Travel,UK,9,0.4522126226003625,0.6737651707261495,0
8794,519,30.141090757226802,Online,Clothing,UK,21,0.15326160243018458,0.6708578218919276,1
9885,635,228.74557978808124,QR,Clothing,US,14,0.08160747566515238,0.06912002630660727,0
2215,144,202.7308372831511,QR,Clothing,US,19,0.21112256981760433,0.18450012271879918,0
9261,41,11.53663955381799,Online,Grocery,US,20,0.006009023692267779,0.02870338830358113,0
5635,724,42.99719510761367,Online,Grocery,DE,16,0.1514188385787203,0.5502661309574071,0
3145,374,45.26147658042975,POS,Clothing,FR,17,0.007119466519154734,0.1571956777398574,0
2680,295,13.242019895021983,Online,Travel,DE,22,0.04248867370245541,0.23824643230629935,0
2968,438,163.96007050563148,ATM,Food,FR,16,0.19947090198007528,0.11711922447855748,0
8392,638,203.30409743837146,POS,Clothing,TR,4,0.14103473887303944,0.1048852025830847,0
728,335,9.815536614484099,Online,Grocery,DE,23,0.02435165641232882,0.0719723909902617,0
7249,97,502.73882969011777,QR,Grocery,DE,19,0.18942876635308045,0.15292850931888954,0
147,802,313.97868722551385,ATM,Clothing,FR,13,0.23876198149371844,0.22722643501906928,0
5004,454,785.7719797921316,POS,Clothing,FR,21,0.15094751507379553,0.12189003808334914,0
6838,762,659.844567527171,Online,Clothing,FR,19,0.23513288775822724,0.3193077223462215,0
3914,272,117.193051663093,ATM,Food,FR,11,0.0979202636699546,0.020610894376870543,0
4421,131,488.7725877563626,ATM,Electronics,FR,23,0.2117656899723664,0.15235313927600427,0
2378,884,33.52211342523783,Online,Clothing,FR,16,0.024094633939007865,0.2734165835896515,0
8415,510,100.1705587605378,POS,Clothing,UK,5,0.09040935053775183,0.050986022991474304,0
6946,335,152.37577870158614,ATM,Clothing,UK,21,0.10796964896268539,0.09971639876946413,0
6184,90,89.25880042129062,QR,Food,FR,14,0.2983444078606069,0.400238995255616,0
5420,775,238.63412313614398,ATM,Food,TR,6,0.13257408268284834,0.07230060341130858,0
7472,323,178.5448683342975,Online,Grocery,DE,14,0.1326391376221709,0.3091705179272666,0
407,107,26.081698652548347,Online,Electronics,FR,22,0.06937393430500127,0.01318075563833404,0
8493,502,1.958253492194336,ATM,Grocery,US,11,0.07538557379474947,0.10569054928720485,0
5494,331,232.59879922867069,ATM,Food,UK,20,0.14588499728958867,0.0701509642911969,0
4925,589,166.59022226950162,POS,Travel,US,15,0.37592411580037177,0.13699756734721794,0
88,643,391.689061070819,Online,Clothing,UK,15,0.04309664193042049,0.39806883055166487,0
7319,199,390.98080044679045,QR,Travel,US,18,0.4507785774408707,0.1337273381132236,0
2191,692,440.19397714393375,POS,Grocery,DE,2,0.13357035196819608,0.40563591575121605,0
1629,245,339.20158474281766,Online,Food,US,23,0.15005889123278873,0.15801138962522648,0
6700,746,125.09072281460172,QR,Clothing,UK,12,0.06860650571108305,0.12467339010979374,0
847,284,16.218147489363968,POS,Electronics,DE,19,0.04984050355993873,0.17167411361335022,0
2106,573,347.4204150304759,QR,Electronics,UK,17,0.07697003227102718,0.349689630171388,0
4001,987,63.29446345527298,ATM,Clothing,UK,22,0.04393180685899622,0.11025179269611929,0
2991,216,22.22901483046932,POS,Clothing,TR,19,0.2538429145944712,0.008330912323086664,0
3041,1,154.72335674415618,ATM,Clothing,DE,23,0.22755933609168122,0.254608111499759,0
3561,826,170.70306146688515,Online,Grocery,FR,22,0.20396647597502437,0.13587193595157343,0
2974,629,58.122078587191865,Online,Food,TR,22,0.2900687498046276,0.11026644662057276,0
651,262,169.54182260985658,ATM,Clothing,UK,8,0.04011722005302584,0.09240156462815677,0
2819,317,106.1686040179639,POS,Clothing,US,6,0.16080726038413065,0.07782934882286843,0
9681,205,389.47297521513326,ATM,Travel,US,20,0.2564950345771826,0.41278862067190475,0
4931,174,17.04014060730362,POS,Electronics,UK,17,0.15368187004179365,0.011510626056050792,0
7489,975,54.02167059395839,ATM,Electronics,UK,11,0.18799232780510866,0.3616772562711648,0
1257,609,57.99084660045799,ATM,Electronics,US,20,0.4243302409422077,0.3603677804023112,0
1559,648,43.18662389334155,POS,Electronics,DE,4,0.06042382439501153,0.18097515073876164,0
9396,47,208.98519131903507,POS,Travel,FR,19,0.6605492814741045,0.618788876000988,0
2487,409,50.93923533534869,Online,Food,FR,21,0.1201692867265165,0.2352010833297768,0
1373,702,263.187008422516,QR,Travel,US,23,0.07170770222098338,0.35287644764628057,0
3724,382,341.3840910422977,ATM,Food,US,9,0.35834082564305536,0.24559247317562466,0
1514,749,103.19153575756565,POS,Grocery,DE,12,0.7146654611408279,0.19352084972669764,0
2284,331,24.461560608959868,Online,Grocery,TR,11,0.24900171567500637,0.552705846552494,0
5385,65,32.00611588112851,POS,Electronics,DE,5,0.14592636225468558,0.057693442554897494,0
4297,953,190.08075355027526,ATM,Travel,TR,23,0.02339068319431574,0.13823237534102703,0
4391,378,291.2109982919225,POS,Travel,UK,6,0.2351103707749595,0.14373932747805293,0
6128,489,10.92104468291437,POS,Electronics,US,23,0.12027711726719276,0.027570223504434093,0
2730,174,223.49858976720267,QR,Clothing,DE,17,0.48078735138808865,0.4758188083944106,0
2187,389,117.63296737889009,QR,Grocery,UK,10,0.021308784015750752,0.007407423261531802,0
9275,420,67.95132698185827,POS,Electronics,DE,21,0.04731939425395394,0.1758511365468613,0
1520,198,171.6640187687982,ATM,Travel,US,17,0.19108113191036463,0.0635427667944023,0
7602,633,31.743541935402114,POS,Grocery,DE,14,0.29331920967980074,0.0634265752157555,0
3501,119,330.60266189677395,Online,Electronics,US,16,0.4135963747031836,0.2546454665880723,0
1751,419,318.71768040418203,ATM,Clothing,UK,5,0.32848960648370884,0.48824235710790764,0
9816,511,246.22520602587642,POS,Electronics,UK,19,0.03935399655207295,0.04901750634468602,0
9572,59,48.49330426326429,POS,Electronics,UK,19,0.02214753317347341,0.14998151768279208,0
2473,174,557.1139980391491,QR,Travel,TR,9,0.1244448115828393,0.008297379953135862,0
9703,771,98.00348306422754,QR,Clothing,FR,16,0.20478639950285832,0.2643133338906765,0
3790,515,308.8441865105837,ATM,Grocery,US,20,0.22309837338482016,0.029674307393777292,0
7754,931,290.4242876641237,Online,Travel,UK,17,0.48057291771069455,0.7520830085188238,0
2562,741,197.01472398840286,POS,Clothing,FR,14,0.11843556156301872,0.1014679178891604,1
5899,842,140.03434605896175,POS,Travel,TR,9,0.1613528442952819,0.09632361929007596,0
5314,11,14.657303842814171,Online,Travel,TR,18,0.08427297881522297,0.13397174636982695,0
7344,162,20.019600544286266,POS,Grocery,DE,22,0.5980938964977276,0.1442262576472563,0
3180,102,22.661233891282652,POS,Grocery,TR,11,0.4182777622102725,0.04785572439459966,0
188,641,307.68364348123,POS,Travel,FR,6,0.09017445174402572,0.07701201670646511,0
4147,920,243.00962504197977,POS,Travel,TR,20,0.2795164313478821,0.2596482820560379,1
1808,885,30.571002181856276,ATM,Food,TR,18,0.1335986690408174,0.0006860564927912689,0
4278,330,94.96865307236635,POS,Food,DE,21,0.057106611196660766,0.20580510504011854,0
9442,989,408.9702261094149,QR,Clothing,US,18,0.22470481046892316,0.26428594571989816,0
5663,82,81.57986059255857,POS,Clothing,UK,15,0.00635445420067476,0.10522514580908282,0
5903,711,99.8712694169142,POS,Travel,US,22,0.37273862367549204,0.13255265878470077,0
9560,198,503.0419061404408,POS,Electronics,US,7,0.013304515965284789,0.3773455037481988,0
2977,72,63.30733567096131,ATM,Electronics,UK,18,0.07726202079317827,0.20221725950643854,0
2806,125,20.153148950065926,Online,Grocery,UK,13,0.1229921713084264,0.0464691759483816,0
1808,508,252.68632185896462,QR,Grocery,TR,6,0.24147995233043168,0.4698753959904364,0
6521,645,34.797425614586736,Online,Grocery,US,12,0.18574754943753943,0.08159559514182323,0
9984,610,22.090353592055518,POS,Clothing,US,5,0.03193247722508117,0.10361896956244691,0
1108,186,232.30274834184326,Online,Grocery,UK,22,0.07045389132281127,0.09901958247729774,0
3470,838,225.93224597870224,ATM,Grocery,TR,18,0.3188468100578781,0.08800491896640979,0
5807,657,205.88146716305388,POS,Electronics,FR,19,0.2675856332155423,0.16555881155596616,0
2198,587,24.512526439046525,ATM,Food,TR,23,0.06796960859651183,0.05247245476773274,0
4550,896,49.98371107890826,ATM,Travel,DE,6,0.22056587666213043,0.38482258248862816,0
3277,317,475.56586516105085,Online,Electronics,FR,20,0.16998695662128022,0.24943802373682744,0
6451,911,38.54295892385376,POS,Electronics,UK,22,0.07720170857715446,0.24188728511759636,1
8327,92,6.506484407058307,POS,Grocery,FR,7,0.04122645429908329,0.1790815748721101,0
7282,414,123.22321205060558,POS,Clothing,TR,5,0.06755800827296918,0.03633928993507261,0
8636,156,43.51998739362838,QR,Clothing,DE,5,0.32617362942354733,0.08709316424827714,0
6051,6,321.9459480861226,QR,Clothing,US,12,0.20965140733856832,0.29471432240073064,0
5735,823,17.594670975581195,ATM,Food,FR,23,0.08192603366724643,0.20351256559219166,0
1343,552,231.36319530991824,POS,Electronics,TR,12,0.3842595040427366,0.10382665918953392,0
5014,824,100.2105998729244,QR,Electronics,UK,20,0.28730087552164535,0.15196966823418723,1
4625,938,532.7625019110135,Online,Food,TR,18,0.08192121083489132,0.024001147671662643,0
1603,573,335.68109938470195,QR,Food,TR,19,0.27088989194858676,0.272711198912421,0
5579,270,888.0182542271693,POS,Food,FR,13,0.16629555887129446,0.6959750556313221,0
9036,701,327.0509651255208,QR,Clothing,UK,16,0.10331203918584474,0.3497994591851574,0
7772,548,999.6164164924018,ATM,Grocery,FR,14,0.2356663833741422,0.1909123792577006,0
3876,26,154.1774240871954,POS,Clothing,FR,13,0.17728503239693535,0.40999040472431536,0
8023,221,8.45163277317703,QR,Food,US,13,0.10372342889023366,0.13078293722234563,0
2840,788,135.855098603776,POS,Electronics,DE,21,0.48532147032623113,0.047423657749592854,0
980,317,198.4758895942972,ATM,Travel,UK,9,0.3179183365527745,0.4649859830758025,1
49,420,12.702073371546978,Online,Electronics,UK,8,0.10903207949502688,0.03780560962051109,0
1995,165,306.890992997686,POS,Clothing,NG,19,0.34625054971333535,0.31657403384068356,0
4768,11,698.9604720754241,QR,Grocery,TR,20,0.9441922993627809,0.08737821662537905,0
3406,888,105.03953516689285,Online,Food,UK,21,0.02742756313367975,0.13316504999277795,0
4692,103,20.224576134624694,ATM,Travel,UK,13,0.09533397495898761,0.587371684633718,0
1921,955,22.43810498368796,POS,Grocery,UK,22,0.01985644100221898,0.04843370494675274,0
7179,37,43.07754301191165,QR,Food,FR,19,0.046519378434838735,0.0876230803774968,0
6879,916,1.3198143429376843,ATM,Food,TR,12,0.10557729529829159,0.11917580343330178,0
5256,955,120.98129419949369,ATM,Travel,TR,20,0.410156967479435,0.004884272616371411,0
6016,510,84.53283198768888,ATM,Electronics,TR,7,0.023781578949309778,0.10251840494618727,0
1865,163,729.8435897480816,QR,Electronics,US,13,0.3699955382983687,0.3738705444211792,1
6662,890,227.7712032324604,ATM,Grocery,FR,1,0.22192615579424155,0.5599405414826659,0
245,432,1.530400209261479,Online,Grocery,DE,17,0.3811115169213616,0.1503341979390104,0
8343,856,65.3391493628928,Online,Travel,TR,16,0.23593968013976732,0.050419627523118384,0
2223,841,508.3780243769599,POS,Clothing,US,22,0.3169829769732741,0.04291883293206235,0
7616,976,110.48048461667763,Online,Grocery,US,16,0.11004005650097093,0.18194947606047046,0
1577,116,133.36731439925182,Online,Food,UK,21,0.6071294792988695,0.8500455427195197,1
3851,674,143.5559133775256,POS,Electronics,FR,2,0.29231254087818925,0.171101018546266,0
7583,614,342.61463563629854,Online,Travel,DE,23,0.3840796238645079,0.13365481143015878,0
697,75,116.5776333110722,Online,Grocery,TR,15,0.29979477094359686,0.15428840503266714,0
3506,741,48.776844336716344,POS,Travel,TR,17,0.17141980435437265,0.2547505665670772,0
7280,190,49.028881757976635,QR,Food,US,19,0.13528323398973024,0.05376166022301073,1
5418,579,71.55087784363725,ATM,Clothing,TR,19,0.2920104263248536,0.06327077662481576,0
4257,358,354.3663294507213,POS,Food,TR,19,0.09695942567030133,0.17091979892900616,0
1699,27,2.732148894737807,QR,Clothing,FR,20,0.048210536302041,0.026236015259728882,0
1610,456,83.86885726625188,Online,Clothing,DE,8,0.47319454066511696,0.7319046373084088,0
2694,586,341.33181242924877,QR,Electronics,US,20,0.37423214180247033,0.2097195702528987,0
4325,437,147.29828072797125,POS,Food,TR,9,0.08323495274289472,0.07856784829439147,0
3757,661,52.86241224527448,ATM,Electronics,TR,13,0.6869549709871647,0.44916808672539155,0
4470,224,17.350164521647837,POS,Travel,TR,18,0.07867826465618534,0.15296627853753533,0
2517,964,13.795534599731118,POS,Travel,FR,20,0.10132687791711023,0.05425911776736196,0
2926,182,63.48245261199697,QR,Travel,FR,6,0.09052346721564639,0.08734821684467402,0
2799,198,524.0561982362309,POS,Electronics,DE,21,0.3804124095962934,0.32780440885030665,0
1865,273,1.1346495119086517,ATM,Grocery,DE,15,0.17366084291612024,0.31793301658802087,0
2436,470,12.970038949469563,ATM,Grocery,US,15,0.3122965553077802,0.26761997404605026,0
1216,897,27.294719461537863,Online,Grocery,UK,18,0.16077491544191116,0.07055600988499745,0
2609,360,502.7279401743352,POS,Grocery,FR,23,0.5053418179194412,0.5836830183186321,0
3074,679,20.753401111599963,POS,Travel,FR,18,0.5171595237863091,0.25242156324273407,1
8672,288,185.771965991777,Online,Food,FR,17,0.033514165347836605,0.04456026930604434,0
1119,514,309.5147596326647,Online,Travel,FR,21,0.30028499470040687,0.22960281050005005,0
6056,164,60.93895440149734,ATM,Travel,FR,23,0.004190023560599818,0.10393019983920146,0
3159,482,36.2681636953632,Online,Travel,US,21,0.250033779235779,0.024188609944517957,0
8920,9,190.55679094711107,Online,Food,DE,22,0.4924582181433658,0.5817354631996399,0
4015,358,102.16418443485283,QR,Electronics,US,19,0.4140364773406099,0.12209116781874192,0
1154,952,15.857421593085382,QR,Electronics,TR,21,0.0920211834484556,0.04466376723674074,0
8272,283,515.0209853593809,ATM,Travel,TR,22,0.04308554529814005,0.15844623175987213,0
6270,578,103.8094021629742,QR,Electronics,FR,17,0.10743533996143365,0.0011642631293083945,0
5805,425,61.90188876032973,Online,Food,US,21,0.061249255348082086,0.13691721142419946,0
3043,270,227.4041702592516,ATM,Travel,FR,8,0.16734279393553003,0.08945984959564636,0
9518,912,358.49463482042574,Online,Clothing,TR,9,0.8308650565928059,0.5339322763425727,0
776,274,65.57073964798005,QR,Electronics,US,8,0.04896309605057331,0.09666997865188755,0
7412,517,66.99807325619118,POS,Food,DE,21,0.06063537235101657,0.0206606569865103,0
2375,856,82.82098368554334,ATM,Clothing,TR,20,0.236158657394732,0.25937975000161007,0
5191,402,499.36994649832303,POS,Clothing,UK,14,0.22746841493367984,0.4583337909126844,0
6268,781,138.01060460208336,QR,Electronics,UK,21,0.1578152638607395,0.2961815512117128,0
7955,731,287.53393984574905,ATM,Clothing,US,22,0.2508030870997347,0.2268324998933407,0
8506,483,68.67894983841148,ATM,Travel,UK,2,0.0806400103405046,0.3236407071431938,0
6161,558,87.95895289694494,ATM,Travel,FR,11,0.05790538916539234,0.24240506953144605,0
6415,645,201.96792916327752,POS,Grocery,DE,17,0.15515081927480068,0.24266898505553672,0
3599,991,145.56582579466036,POS,Food,FR,13,0.0556696129492801,0.5792267228228554,0
7580,715,718.1550240863415,POS,Clothing,TR,8,0.3390072738083849,0.08970029076725691,0
8616,742,5.704525183576892,POS,Travel,DE,19,0.04731002713812791,0.09203307810316036,0
4845,21,149.58479122908062,POS,Travel,UK,13,0.14345273575997755,0.1605351619557665,0
5294,912,210.2761812849675,ATM,Electronics,TR,8,0.12843131459551668,0.3940401271274488,0
8149,317,11.001656922374913,QR,Food,UK,13,0.16986814427060762,0.2678372607222551,0
3817,928,106.89914656238483,ATM,Electronics,TR,18,0.0338792655315711,0.11513857113990099,0
7207,375,142.6222081473619,Online,Electronics,US,21,0.18278149477622732,0.3698322530229588,0
7786,309,196.57086928374966,QR,Clothing,DE,20,0.20989988016145764,0.05657657655324641,0
8917,388,124.50183676708937,Online,Travel,DE,6,0.37786308204052005,0.10246278580746235,0
991,632,693.2494795793476,ATM,Travel,UK,11,0.7825410186998155,0.4989675662003198,1
1483,801,125.06037412253411,POS,Electronics,DE,17,0.10754874565996914,0.03795823278000199,0
8195,686,454.32266757520495,ATM,Travel,US,15,0.13632788605756,0.13876541012856972,0
9800,367,9.177778646501398,POS,Clothing,UK,20,0.06310827467164568,0.04944856638374164,0
1600,157,145.02236049455578,Online,Electronics,UK,13,0.05573941324909406,0.05291829775629961,0
5841,377,37.863585478450815,Online,Grocery,US,22,0.15253296645561323,0.12216056341051608,0
1487,611,7.921106607444378,POS,Electronics,FR,21,0.32005306420911506,0.16149857934404474,0
4745,18,10.481679783386632,Online,Clothing,UK,8,0.14808423826942638,0.127258240195791,0
2684,163,105.64455060557668,POS,Electronics,UK,15,0.2384075113031499,0.11401882174591174,0
7606,639,502.53886462992597,ATM,Travel,TR,21,0.40453108316095465,0.6414943609555284,0
6120,164,188.2577617552079,POS,Travel,UK,23,0.09957581084293003,0.45203483524652666,0
4518,61,93.03843293247719,ATM,Grocery,TR,15,0.25817391413497176,0.0979372261503162,0
7423,504,58.73250854443781,QR,Electronics,TR,18,0.13334660828604408,0.12063757348463786,0
2236,985,239.5109931370542,Online,Clothing,UK,19,0.10898077545615734,0.40762303866757654,0
2697,367,175.19638257264833,Online,Electronics,TR,13,0.16099647373468082,0.37551341043534964,0
8228,185,522.9215268564645,POS,Travel,FR,23,0.17638912193712872,0.9996026492679309,0
3317,521,279.7972171707016,ATM,Travel,US,21,0.20401644107905992,0.023209119400716027,0
8994,951,38.51880734054276,ATM,Travel,UK,14,0.060061014060419096,0.014296151334813285,0
1077,512,22.839910214143465,QR,Clothing,DE,19,0.1017001582050515,0.12152357146643254,0
4681,718,57.91767646731813,POS,Grocery,DE,21,0.04895531503165242,0.12549449359561565,0
4099,888,14.85051399288551,ATM,Clothing,UK,19,0.34942061096954447,0.3916141627916187,0
1305,177,336.97642203935396,POS,Electronics,DE,19,0.4991686712539538,0.3553852724108607,0
6254,559,99.02173921753872,POS,Clothing,US,17,0.056685837630943876,0.28169345433965737,0
1562,47,2.6892889633416095,ATM,Grocery,TR,15,0.14548120379540758,0.1523314800813855,0
8393,497,59.50302245212435,Online,Food,UK,20,0.202263040256292,0.1482710413760754,1
5333,342,271.51545802504137,Online,Grocery,US,19,0.18856872194920984,0.373114019188013,1
3590,48,21.947783120039247,ATM,Electronics,FR,16,0.11540242508999979,0.14442839869304808,0
5684,649,43.77224770075773,QR,Electronics,US,23,0.1529869164187411,0.08223057790487641,0
6191,479,305.323564118645,QR,Travel,DE,17,0.09424337938805682,0.1894594216120789,0
2717,641,3.9544405647757745,QR,Grocery,US,17,0.12423344951648647,0.21152817584899142,0
1047,475,116.1694366122028,Online,Food,FR,19,0.2486567878454527,0.25548046498456634,0
377,854,89.1959015058266,POS,Clothing,UK,22,0.19026358473475932,0.4471976189988561,0
5997,13,742.0269434552145,QR,Electronics,US,21,0.44165511187043416,0.4045713257138054,0
3273,764,223.7054555410699,POS,Electronics,UK,22,0.0841730375530662,0.12196445070302195,0
5613,762,3.395042293219912,Online,Electronics,US,19,0.2504590146201549,0.05064876560087137,0
1646,172,633.2195372712722,Online,Travel,US,10,0.03733283585492095,0.0947651111885543,0
8217,755,29.542782476313835,POS,Clothing,US,11,0.1189888821228486,0.03502313200033202,0
1145,459,137.39407408041717,QR,Clothing,UK,23,0.461697294391329,0.09386948551157649,0
7400,463,316.0318624782767,POS,Food,UK,17,0.03227680570617968,0.04815399760075657,0
9490,939,47.027774362355544,POS,Grocery,FR,20,0.17076399649785826,0.0020699737001700722,0
3938,211,72.47719772507749,ATM,Travel,UK,5,0.3290320185947442,0.13786515315315662,0
2292,848,239.9755249728968,ATM,Travel,US,9,0.2947690231617366,0.18706297829898144,0
2700,112,54.61865310493121,QR,Food,FR,12,0.07593310583461778,0.18182537073959307,0
9144,168,201.91420515620229,Online,Grocery,FR,10,0.18169691652248,0.03650056141741991,0
6008,432,2.3848103775190332,Online,Clothing,TR,12,0.17239143522586672,0.7063300527405,0
5539,508,25.8221314351156,Online,Electronics,TR,15,0.03515705659136931,0.1493600746397739,0
5116,307,10.242887998877961,Online,Travel,US,7,0.043157520320031,0.01923634914419117,0
9290,815,259.2151093700273,QR,Clothing,US,8,0.49192288552594876,0.18397519187590855,0
6413,299,131.56071356160984,QR,Electronics,UK,10,0.21428332813106957,0.19940797918754757,0
6917,669,225.8531545244675,POS,Travel,DE,21,0.3083301081688298,0.09386108471329295,0
9329,541,168.37913798112984,Online,Food,FR,4,0.7244730266708409,0.6948725950396897,0
3629,354,27.681616893777537,ATM,Travel,DE,18,0.006083242347395018,0.03185882659756388,0
2156,449,62.28075718764995,Online,Food,FR,23,0.3348038682949727,0.09914727036326965,0
7640,897,48.55685659248657,QR,Electronics,FR,11,0.12165264503188421,0.19293125539931416,0
4158,927,355.8767559000252,ATM,Food,DE,17,0.0427651495355953,0.44382465711747304,0
1941,972,156.14028175869925,ATM,Food,US,14,0.2563120896808846,0.26226120934808245,0
8262,57,34.43101454185536,POS,Travel,DE,16,0.11693447009747315,0.05174673845201246,0
761,786,112.85999963710618,Online,Travel,UK,19,0.019021264136682984,0.04518536920826989,0
7679,75,98.87522352506228,Online,Grocery,US,2,0.044092350037541514,0.43491010384828016,0
3020,332,48.52581473994277,ATM,Electronics,FR,8,0.13766715402496965,0.01413922772283872,0
8627,204,4.508779658636882,ATM,Grocery,DE,21,0.2535018938254252,0.04500140695665555,0
8140,643,388.3035282340772,Online,Clothing,DE,18,0.07831163276168258,0.7741125961963052,0
7818,406,277.2306838010109,QR,Travel,UK,10,0.40959171829223806,0.2081241486523458,0
6971,581,84.35802686873603,QR,Grocery,US,19,0.03762028570889867,0.06795842409250193,0
8596,111,44.252255873585455,ATM,Clothing,US,10,0.05936297731577826,0.07094156986359113,0
6207,118,202.02653671758026,QR,Electronics,UK,22,0.038352550453526944,0.04394000209483523,0
4124,620,2.9863078944306545,QR,Electronics,FR,10,0.03304273113739909,0.21257982047178428,0
9750,184,1120.4962968010461,ATM,Clothing,UK,17,0.24948528892500013,0.5094122420453557,0
1124,446,394.1538602192527,Online,Travel,TR,22,0.052499140809147755,0.039248600159837874,0
4877,996,13.893307288490671,POS,Food,DE,21,0.24060914259077018,0.15788975323437313,0
4576,319,171.80114386981393,POS,Grocery,TR,13,0.2755409083307068,0.06127710035384115,0
1328,689,123.33403941461259,QR,Electronics,TR,7,0.3459568736525374,0.15943780675893138,0
5394,366,349.8037185966097,QR,Clothing,TR,20,0.7399533227182944,0.5478679075714157,0
8232,372,35.262568451275065,POS,Electronics,TR,16,0.026975787950478943,0.024358824420841856,0
826,930,102.66470043970303,ATM,Electronics,FR,10,0.21386556976798823,0.1705356838935381,0
8570,865,1019.4872655922039,POS,Clothing,UK,2,0.33342371631971224,0.8303949526350762,0
2372,613,43.009892327317836,QR,Travel,FR,13,0.04350526553933688,0.009730953350672061,0
1084,729,100.47452290326271,Online,Grocery,DE,17,0.02045713696916484,0.055610744719786595,0
4626,722,40.86748360102523,Online,Clothing,FR,2,0.09413622306233935,0.07636574202121456,0
5642,263,383.28988558435964,Online,Travel,FR,21,0.5111583802977789,0.37592455909607636,1
6489,253,175.0740472716719,QR,Electronics,FR,23,0.20922302236495707,0.16299812280907505,0
9543,434,177.68658319215743,POS,Grocery,US,10,0.027009413302516955,0.41879151517290153,0
6353,293,276.1298410506766,Online,Electronics,DE,10,0.09300758025997606,0.07241783647951748,0
4324,110,607.4158772523831,ATM,Grocery,FR,20,0.11411429151431106,0.1648457108122147,0
8955,248,156.35215811396031,ATM,Travel,DE,22,0.17833196092838643,0.06689324515561519,0
5426,753,22.714676217139584,Online,Travel,FR,22,0.047114152016690385,0.25105589565569364,0
7558,364,254.04202383038842,Online,Grocery,US,9,0.12631432070048934,0.2609407942802362,0
5749,999,31.874947246070608,POS,Electronics,UK,19,0.245253269279155,0.12417774942682018,0
5555,637,104.29815249029593,ATM,Grocery,US,22,0.011669844719861823,0.04332199370537037,0
7820,636,8.061905977061246,Online,Electronics,TR,23,0.11312979204644277,0.1910560737457175,0
8666,27,26.05772969026209,Online,Travel,FR,19,0.4178305286095883,0.17771074394961262,0
7547,833,207.6941855081495,Online,Clothing,UK,13,0.2748258694682504,0.17660549716151042,0
2036,188,3.4540891240293994,Online,Clothing,TR,23,0.12180479903880789,0.012286322350800263,0
7550,966,634.4183280111414,Online,Food,UK,6,0.5619331585012796,0.2504551184655289,0
4453,615,100.47387521448732,QR,Travel,TR,21,0.3601332196204121,0.40532094860609097,0
9635,927,8.280663587835901,Online,Travel,UK,21,0.15985538790743728,0.1319784340349077,0
1265,442,6.3762916461697134,QR,Grocery,US,9,0.08026073053848198,0.545982272757068,0
1701,181,10.119801421880135,QR,Electronics,US,21,0.11985618263180801,0.11881564153114808,0
7953,446,115.32146532497975,Online,Clothing,US,18,0.3169887460685945,0.07369315836636442,0
4493,489,244.56020461403816,QR,Travel,FR,18,0.7136280392281366,0.5454627205091171,0
6081,392,451.81699603001334,ATM,Grocery,FR,1,0.2566059510445957,0.25071000894755313,0
9331,734,1.2199064748773176,POS,Clothing,UK,21,0.03973631227588206,0.00928341164172838,0
6366,840,16.053640007175815,POS,Food,UK,5,0.06699646989381351,0.15572416015316576,0
8490,119,61.32200199048267,Online,Food,US,22,0.1939175810559735,0.37493684287789336,0
902,502,69.74264554731454,POS,Electronics,TR,21,0.2927912933522097,0.3841854635259844,0
5176,684,220.88937548981113,ATM,Grocery,UK,15,0.09578634497514124,0.20640879077471083,0
9879,695,124.42284600494048,Online,Clothing,US,13,0.05599814725591102,0.06283007507035342,0
6554,435,50.61138230208335,QR,Travel,UK,23,0.20662096541770084,0.04220400630053776,0
1812,678,236.05974744373935,ATM,Electronics,US,10,0.28115403818216445,0.6232648684114855,0
2964,687,32.462027390144414,QR,Electronics,FR,21,0.05503514799048103,0.0008581029035747126,0
2471,904,23.796976814883237,QR,Electronics,DE,14,0.027069926645959714,0.05269205076999249,0
8621,215,260.705993173332,Online,Electronics,FR,22,0.0835732068772778,0.299167133351089,0
6336,75,46.101742732527015,QR,Grocery,DE,11,0.1812715772296586,0.026783563214627333,0
5028,942,38.39006955992152,POS,Clothing,TR,22,0.1825576859794776,0.21387232528506012,0
3729,719,31.308706115816737,ATM,Travel,DE,6,0.0510760659289123,0.10191985950152443,0
6252,400,311.9148262666918,QR,Grocery,US,17,0.3511040083357133,0.10339683253961668,0
3077,720,3.6170780921334997,POS,Food,FR,22,0.22344493992556136,0.07523481896481254,0
613,627,335.3938948342192,POS,Electronics,US,19,0.08603853342535962,0.18679510722818882,0
3419,489,19.983067553552143,ATM,Clothing,US,21,0.10592486499332035,0.02317117982916815,0
196,103,309.72761706270643,ATM,Electronics,TR,7,0.20980387253727698,0.09004818553349216,0
1834,90,1.1817176892672094,ATM,Travel,TR,16,0.03354408417530321,0.04813773490738584,0
3387,539,198.84690053314347,ATM,Food,FR,21,0.09980879099984644,0.06375425572506652,0
1920,142,16.42670617704173,Online,Electronics,FR,18,0.523141047306372,0.11002746562891398,0
7911,82,31.632994363449107,POS,Grocery,TR,14,0.010172388582798186,0.15151071493263596,0
8567,907,4.0018016405100445,ATM,Grocery,DE,12,0.12307515779459612,0.5079305709950281,0
8846,23,93.42111564831428,POS,Grocery,TR,22,0.012864988589627155,0.030643411163185322,0
1546,551,347.36603957639215,POS,Clothing,FR,22,0.010179269268791369,0.012109734454737835,0
6165,528,1.9588253111300977,ATM,Grocery,DE,7,0.11319184144016894,0.15292417404513456,0
9150,922,84.95185893794586,QR,Grocery,DE,17,0.03147912453576223,0.19266487003202123,0
3046,541,374.8541473500285,Online,Grocery,DE,18,0.23356724819681324,0.6315906700412314,0
9066,847,31.16537700191887,ATM,Grocery,TR,14,0.017010250597831948,0.32938292721923695,0
8032,315,6.949755313580559,Online,Electronics,FR,16,0.058125698731709814,0.042057426391777335,0
7969,9,976.1229402342054,POS,Electronics,FR,21,0.09533481129456896,0.17052680186016503,0
4552,889,16.210239652730984,Online,Electronics,UK,13,0.10463175112396207,0.11103300049142104,1
3313,274,221.14439325018176,POS,Food,US,21,0.13896773716432914,0.157310243535977,0
8103,849,7.831593426289151,Online,Electronics,US,15,0.14713561008276885,0.053218904062718564,0
8163,681,38.24681617307086,QR,Clothing,UK,3,0.1410284125011982,0.054281980455270024,0
8903,216,19.397943127386025,Online,Travel,TR,12,0.01425809548195969,0.07244239236573334,0
6332,721,234.6586259798933,ATM,Travel,FR,20,0.26197856587702695,0.29323936062830913,0
4380,22,194.11578529939268,Online,Food,DE,22,0.16352680345109835,0.048772230846953264,0
8692,20,196.65585465124008,POS,Travel,TR,5,0.06659112604040796,0.02673442173117782,0
6746,107,112.55698211031091,Online,Food,TR,21,0.019450067007465714,0.09620788570334173,0
5519,660,297.44485129361635,ATM,Travel,UK,11,0.01425588345617317,0.03187524098994344,0
1635,438,234.65668859182625,Online,Food,DE,18,0.3591511242029481,0.10755459385425312,0
7686,384,111.78394225201096,POS,Grocery,TR,19,0.007351312468054738,0.14927436185034273,0
5532,264,21.438536987953754,QR,Food,DE,20,0.25217717036728776,0.2805023391760579,0
8184,902,387.84041060925557,Online,Grocery,US,20,0.02415675318115606,0.20067146800862906,0
7249,309,68.85674712722346,Online,Electronics,TR,8,0.13088902743349132,0.5325099849272483,0
4664,656,316.7978157352769,QR,Food,DE,22,0.2968632047889158,0.3629284466594166,0
7533,0,179.10854364585805,QR,Electronics,UK,22,0.3173302815042278,0.30445164169168487,0
8350,877,8.267102301068572,QR,Clothing,UK,8,0.18240994631043675,0.2531332237274206,0
2758,64,62.791323790809365,Online,Clothing,TR,15,0.12345846064709112,0.42509165484496375,0
912,834,64.38372386715456,QR,Food,UK,1,0.13509498213250842,0.22231711700916001,0
3301,310,403.19664921229815,ATM,Food,FR,12,0.06869313486348647,0.10694433221160576,0
2963,488,2.071970721987876,Online,Travel,TR,21,0.0662748731549539,0.29039025662059265,0
4490,195,96.22495293715193,Online,Travel,UK,10,0.13875338589114966,0.07095478969180109,0
4842,530,10.121990990236348,Online,Grocery,UK,15,0.17772589280624776,0.15295497796084853,1
5224,616,277.7324109867359,POS,Food,UK,6,0.4057650379149996,0.3043929097757056,0
2197,738,7.40972751862875,POS,Travel,FR,3,0.08979997656038918,0.4505401629301237,0
7459,851,795.8157605194241,ATM,Grocery,UK,22,0.19433736251534833,0.17843163685342875,0
6204,341,83.48075728715857,POS,Clothing,TR,18,0.11019959271532537,0.1357463181924004,0
8093,201,170.4100259928134,ATM,Travel,US,5,0.3253062923604925,0.3373237910607531,0
2976,880,162.76407457834733,Online,Clothing,US,16,0.10028831220265116,0.1345081206743529,0
2698,769,85.07655478955505,ATM,Travel,DE,17,0.20363207146539813,0.1164934127121579,0
2163,188,442.58824111552946,Online,Electronics,TR,19,0.02516794658119857,0.019881931360589567,0
7450,928,57.47476176938155,ATM,Food,US,21,0.030483333723171215,0.13734785131197075,0
9386,811,149.21428732468235,ATM,Grocery,NG,21,0.1007822914543855,0.12085706767372055,0
8767,876,191.31835435973414,ATM,Grocery,FR,18,0.039625854589964774,0.1390847219146565,0
7442,819,150.19633989868757,POS,Clothing,FR,11,0.12634351595085064,0.1708562259614021,0
7627,200,124.2014589840845,Online,Travel,UK,16,0.2778844145055851,0.22697673218522424,0
1164,736,5.533884559400942,QR,Travel,DE,20,0.02949025334311568,0.19736086199744135,0
306,693,180.80035139020939,QR,Electronics,FR,12,0.031834790410037866,0.39578872679213856,0
7075,186,59.965266797550235,Online,Grocery,US,19,0.20929359605769454,0.09829585695140414,0
1766,332,88.87998572209443,POS,Electronics,UK,19,0.1070867701368283,0.018795326396384177,0
9539,5,66.72064286649471,ATM,Electronics,TR,12,0.06084958777540127,0.09049658631219913,0
5208,938,170.15864201945857,Online,Travel,FR,21,0.09612296523366498,0.35822572319589446,0
917,175,16.63018283985685,ATM,Clothing,UK,21,0.07829519300938373,0.14700988853272692,0
6875,539,3.2197545677787875,QR,Travel,TR,22,0.1510781690765729,0.04788357113644092,0
1190,232,9.82467247030008,POS,Food,TR,16,0.05535863149183397,0.5261272134611452,0
5168,432,63.54227796864668,POS,Grocery,FR,20,0.06585438712842591,0.00741247771308788,0
3025,990,92.67804400832392,QR,Clothing,TR,22,0.04135685962076487,0.026591744333265915,0
4726,105,233.61368033758515,QR,Food,FR,5,0.15630202918219224,0.4377770281256036,0
1841,605,122.70553537164592,ATM,Food,US,22,0.06646333222943783,0.10048783504017933,0
5476,82,114.30947832877463,POS,Clothing,FR,22,0.07191720879502525,0.3647117487546359,0
8520,10,71.77660502508942,QR,Clothing,UK,19,0.1572438342214757,0.16291371626010576,0
8937,156,253.22553571737322,ATM,Food,US,19,0.1326062498953766,0.4914369579116888,0
6894,42,307.7158262879573,Online,Food,FR,13,0.7749158297147174,0.09036237641911385,0
596,524,190.77234541299944,Online,Electronics,DE,19,0.11286491526362195,0.825363038452182,1
4745,170,823.6012537734535,ATM,Grocery,UK,12,0.29634728389459314,0.28237755996454106,0
5945,279,333.1839897718117,ATM,Food,TR,22,0.0320681915663565,0.07979155570501444,0
6131,908,172.59526163101987,Online,Clothing,US,20,0.08265049754212599,0.055144686424247434,0
326,707,34.59406851004376,POS,Food,FR,3,0.0490981859377621,0.15721805578951678,0
4782,92,80.4881999360964,ATM,Food,DE,15,0.01948287966820453,0.0421514505266167,0
235,309,136.62533916927197,POS,Grocery,TR,5,0.04601770085916875,0.07697564224545461,0
2203,214,1.838406073946018,QR,Food,TR,18,0.11372992240356875,0.014736671698298828,0
7862,403,1.0424514863415675,POS,Grocery,DE,6,0.09310436166326147,0.059426011933067666,0
9934,916,793.7296314630054,ATM,Electronics,US,21,0.1418406846727916,0.217702363829335,0
8481,871,132.55373785992666,Online,Electronics,US,10,0.26934272853015767,0.24080222338316917,0
3830,796,7.9384100778178786,QR,Food,FR,11,0.2738707130728543,0.1345445176589135,0
9089,514,51.5750967491253,ATM,Clothing,US,15,0.012294967428071289,0.3095571326943733,0
5298,207,410.02584138167487,POS,Grocery,UK,2,0.2356276464460707,0.1475222630669021,0
2914,142,127.99117861175544,POS,Food,US,14,0.016545516155418178,0.34907480163206117,0
631,509,159.1795966778139,POS,Food,FR,23,0.026670882355570642,0.18385415860038096,0
8549,708,285.171637111193,QR,Electronics,US,21,0.01369600304421198,0.4372918899388856,0
3532,671,397.96118742686104,POS,Food,TR,22,0.057779219147628715,0.5607210762075627,0
2446,283,326.6743272124705,ATM,Grocery,US,12,0.11803877517475624,0.3962387413483069,1
2911,649,97.12760797993042,QR,Food,FR,18,0.29445823596160553,0.06623069358177745,0
7527,497,148.51418281899169,QR,Electronics,FR,19,0.19223165960096364,0.15754286735473258,0
98,73,34.240483221321824,QR,Clothing,TR,22,0.20077948148120994,0.04753470430104269,0
4087,412,61.306250764320104,POS,Food,US,15,0.1433019624889285,0.24097647409146816,0
8329,907,98.10873788823616,QR,Travel,TR,15,0.24011037560639567,0.026595913299700003,0
8267,33,635.401655750778,Online,Clothing,US,4,0.5133067536573069,0.1272778018053323,0
4386,833,1.4804829584185337,POS,Electronics,TR,12,0.01712440003920917,0.2272059954736203,0
5101,428,199.3267982596247,Online,Travel,TR,3,0.5139451581093357,0.12351591603646524,0
8465,60,635.4176466197896,Online,Electronics,TR,15,0.010766599571828682,0.18700840111403008,0
8589,730,153.51504636619956,QR,Food,US,10,0.029843349267324962,0.18166713096202888,0
54,136,210.0075326453714,Online,Clothing,FR,8,0.4827506325582267,0.17234179921895898,0
5797,787,214.84974205350966,ATM,Travel,TR,6,0.15845553274492777,0.09554652870723071,0
9394,700,306.42609623849984,POS,Food,TR,17,0.48092167369797517,0.3266689476736384,0
9079,340,42.04874792595964,QR,Travel,US,21,0.1916001943445165,0.0645248109517806,0
1009,127,172.68323092019227,Online,Food,US,10,0.5197443382816043,0.3555429318004907,0
4186,150,75.54353023131502,QR,Travel,TR,18,0.0433305167627748,0.36161243635526086,0
5983,230,164.00534112725884,ATM,Food,TR,14,0.21460880654112008,0.8576454942823397,0
2877,404,368.2884355802784,Online,Travel,UK,17,0.10090946351392162,0.21408582869226217,0
4779,58,91.37592365463793,QR,Electronics,TR,23,0.052715298648363884,0.24872555676669253,0
9962,778,63.69489936382178,QR,Food,TR,18,0.15940139481126117,0.21694830485605943,0
142,222,153.20160467171206,POS,Electronics,UK,18,0.047872878685833585,0.06277988630511253,0
1311,158,35.938290576451266,Online,Travel,UK,10,0.34589217516574383,0.023344748058903457,0
795,847,198.1244950057706,ATM,Travel,US,21,0.2716527678414273,0.4445119045326441,0
8750,435,252.1132268958327,Online,Food,DE,23,0.07042832396325395,0.12269647623233863,0
9832,909,41.69450122812513,POS,Food,DE,18,0.052311908012758764,0.009890086040971358,0
8963,283,466.7146622805103,QR,Clothing,TR,10,0.09794453261480086,0.08405871550511511,0
9912,19,8.993102924841235,QR,Clothing,UK,10,0.32829226663678357,0.07986303208765365,0
5472,824,59.33871091233842,ATM,Clothing,DE,18,0.13105192778816288,0.12972684508723703,0
474,990,188.9644085221149,ATM,Electronics,UK,22,0.027104238679437554,0.15132372987562392,0
6938,91,255.79304029445882,POS,Grocery,TR,18,0.16113398340326285,0.31472523867307,0
7331,605,186.80627157576015,ATM,Travel,TR,2,0.23033446101738342,0.09549045459186141,0
4533,222,312.5423998201149,QR,Travel,DE,10,0.1608877792744306,0.09594564856240534,1
4550,279,1.0641711108691823,QR,Electronics,DE,21,0.07103650315519398,0.05518503142548057,0
8829,365,15.534094739329829,QR,Electronics,FR,19,0.28928157764319073,0.4182914469924918,0
2170,644,391.7067645872282,POS,Grocery,FR,20,0.24524425815038003,0.03180538939174931,0
1849,273,23.238850935252625,ATM,Clothing,UK,21,0.07067009431941076,0.12302879094711291,0
2695,907,178.6124974578483,ATM,Electronics,US,15,0.10852919010881312,0.003591994901024016,0
6886,294,264.1337578046056,Online,Electronics,UK,21,0.16450679989697864,0.35869343769238615,0
7053,414,4.2624642031537165,ATM,Food,DE,2,0.34074531824982013,0.26289105512458677,0
6442,203,606.8639760407303,ATM,Clothing,TR,20,0.18405173306580613,0.34188496417037567,0
5162,755,62.6303403121182,ATM,Grocery,FR,10,0.013385225935708027,0.10257226045477978,0
8087,325,8.69971269623425,POS,Food,TR,13,0.23026429522625297,0.24935747116789875,0
5185,687,20.079181900627507,Online,Travel,DE,21,0.14975767199739598,0.36105550969255,0
8330,745,200.22097090581912,POS,Travel,US,8,0.27208947291492824,0.44321522455342455,0
7637,554,15.537896691139483,QR,Clothing,FR,22,0.005835579207925484,0.05919060744506048,0
7176,881,434.24614250326886,POS,Grocery,TR,11,0.06075996896009728,0.18547061073868595,0
1979,20,50.26537345306503,Online,Travel,UK,7,0.15786028482662992,0.1761424090124638,0
3695,573,333.177138697519,Online,Grocery,US,18,0.3782628748818343,0.3095459622969224,0
1522,884,44.42861453911633,QR,Electronics,TR,7,0.04786270136326935,0.14666211549958072,0
986,557,146.2527588367077,ATM,Grocery,TR,21,0.31064347366509865,0.13309828894471754,0
9898,214,48.17539880802794,QR,Clothing,US,22,0.0831798881689899,0.12615132077908267,0
8529,329,49.7528783174718,QR,Electronics,UK,5,0.09667715963516713,0.1493167735250886,0
8820,309,21.30563051583992,POS,Travel,FR,23,0.16932445994104078,0.11641415677643423,1
2251,535,734.7653013881082,POS,Clothing,TR,14,0.4040883704110198,0.9996026492679309,0
1628,234,43.322944292349334,Online,Clothing,TR,22,0.08572180627463206,0.16048327832107825,0
2365,185,339.52810160031896,QR,Grocery,FR,18,0.21137362668945023,0.15766602744888897,0
8909,156,88.48054035675564,ATM,Travel,TR,20,0.0950652990206691,0.10671661682661779,0
5039,44,1.8038918187962698,Online,Food,UK,22,0.13306868249740544,0.05582143029362322,0
830,516,96.93911259442402,QR,Grocery,TR,19,0.11950609077962587,0.0043676522711377066,0
7507,527,15.978033833460973,POS,Food,TR,19,0.1686371572153942,0.15512175515694887,0
4126,912,259.8529374924231,POS,Grocery,US,3,0.04431096210466104,0.13884825062384487,0
4022,844,111.70278282187715,QR,Electronics,US,5,0.20569600065862803,0.2281315429067195,0
677,749,395.45189836436447,ATM,Travel,FR,22,0.1739153864170865,0.22533431815635707,0
7523,121,47.811962673217415,QR,Electronics,US,20,0.12184711819559446,0.20660778530453772,0
9762,395,112.73807503877667,ATM,Travel,TR,17,0.07125803294841869,0.049200291385424415,0
3299,911,54.37671875457932,Online,Grocery,UK,21,0.1501857230035037,0.26539634609091634,0
3468,387,93.41959565922994,QR,Clothing,FR,8,0.15611676264099547,0.15187810087392714,0
1865,738,66.89367734777521,ATM,Clothing,UK,22,0.32003440335906475,0.15757880900764484,0
5868,250,117.3615929662713,ATM,Travel,TR,16,0.162597967027907,0.048847964337872356,0
7374,823,44.28812081730791,Online,Grocery,FR,18,0.20595741354022212,0.19062176327975322,0
5260,64,154.76468729775527,QR,Food,DE,13,0.049340142226894125,0.09792131389701184,0
4201,939,11.001322266859304,QR,Food,US,15,0.07926224504656541,0.05802561851398185,0
6587,621,433.7680199969023,POS,Travel,FR,20,0.49067587904755383,0.4473154322334211,0
3916,886,504.9860812030806,Online,Grocery,TR,7,0.23215452682539484,0.015415159879532504,0
6853,578,240.31321524949837,ATM,Clothing,TR,17,0.15118668385835662,0.5010484103490049,0
8028,470,197.41229811530619,POS,Electronics,TR,22,0.07650899723586135,0.2478062859618023,0
1020,362,272.1911108913674,POS,Travel,TR,16,0.22429936595836594,0.10605186629795432,0
6781,523,558.1486023411499,POS,Clothing,US,12,0.13007709191713976,0.19943330925805788,1
274,418,92.24874583550432,QR,Grocery,TR,21,0.2170380920151402,0.16477893078241412,0
524,648,27.10069396753742,QR,Grocery,US,19,0.13338390199747902,0.012384353269047167,0
2185,52,73.22674095954629,ATM,Food,FR,14,0.45979304662863724,0.13068072599509653,0
2818,949,178.24670843323668,QR,Travel,TR,18,0.0628400111870476,0.12708734878672207,0
2382,78,355.811319414392,ATM,Grocery,TR,1,0.22239413958387377,0.10804876404936684,0
7575,962,136.22767582248636,QR,Food,UK,8,0.020686854078243715,0.020507795933670185,0
5139,560,12.245984542682901,Online,Grocery,UK,9,0.027757286822217703,0.06517245200318456,0
5986,43,587.6850290127775,ATM,Food,DE,2,0.11468223300872678,0.22524940651025122,0
2494,137,43.87340996825041,Online,Grocery,US,13,0.0012184793687434652,0.20227628066231237,0
2283,15,111.90637521107502,ATM,Clothing,DE,16,0.23444765295816436,0.32184963845912096,0
5614,667,54.61742035061018,ATM,Grocery,FR,18,0.06277276665105128,0.09603609731885658,0
9725,993,2.371077194580504,POS,Clothing,US,20,0.10073744773246843,0.01891131154917902,0
739,460,101.8230225512587,POS,Food,TR,20,0.1813174631419905,0.17720612861341703,0
8719,813,22.736419638346593,QR,Travel,TR,12,0.10397489960378893,0.3522702983110138,0
4766,393,373.2214603945565,Online,Clothing,UK,22,0.5869229996176158,0.38037892948988167,0
1728,932,16.731502186570083,QR,Food,US,23,0.38714601459951287,0.07781644035266193,0
3163,980,286.9130746420091,ATM,Electronics,UK,0,0.12624593256086183,0.0508310154973436,0
4975,648,14.782645941739736,POS,Grocery,DE,2,0.0015356213697089306,0.02463951216675746,0
8934,721,46.67826863489677,POS,Travel,FR,17,0.20818221049130614,0.07596924902617468,0
6360,736,347.99684901399786,ATM,Clothing,US,13,0.40122838542107797,0.07375806871561315,0
1648,45,21.864540454233044,Online,Food,DE,22,0.10552629157091722,0.3065097214450518,0
8276,817,161.00957697873184,ATM,Grocery,FR,20,0.54414775078694,0.1977216539052139,0
2015,814,16.9803380953721,Online,Electronics,DE,23,0.1916831906778095,0.06380288124770993,0
3706,334,16.505896980440976,ATM,Food,US,19,0.6100048914082958,0.10107029840853472,0
8227,777,35.771886823146495,POS,Electronics,DE,6,0.33189043457526457,0.040156326172301325,0
3558,720,282.4214440839398,POS,Travel,DE,18,0.4528654974163904,0.3996894265167155,0
3520,236,678.1652107616645,Online,Grocery,US,14,0.25297677795081674,0.40369826288889393,0
1119,842,259.5940481595751,QR,Grocery,FR,15,0.2937891621158639,0.07080335918837206,0
8346,566,266.6233799400422,QR,Food,UK,8,0.06937069823081098,0.15881476769126016,0
1307,98,66.6358407020293,Online,Travel,DE,22,0.06952563990420994,0.2829822137079754,0
6990,337,312.0737436502106,Online,Food,TR,16,0.1401345766708815,0.10030319389992855,0
960,274,4.087762001266668,POS,Food,TR,22,0.0257395802534783,0.22653459924308095,0
3515,990,43.41626686802167,ATM,Food,FR,4,0.04776057698086163,0.12585372270738973,0
3113,11,177.65131944252997,QR,Grocery,US,19,0.02046449148524503,0.03801169525610393,0
7659,186,483.308356438719,POS,Food,FR,14,0.2852645810372511,0.21885706686166007,0
7771,180,453.17340611799193,QR,Travel,UK,22,0.23375732295049337,0.7330349934730669,0
8230,824,30.50926523399789,Online,Grocery,UK,12,0.08841002612974698,0.23915426040769788,0
84,348,317.6967234953471,QR,Clothing,UK,14,0.4954503114685691,0.29833736182095183,0
5409,179,86.52377170186377,POS,Clothing,TR,15,0.14312246156981803,0.14148087069566045,0
960,964,49.61507732113261,QR,Clothing,US,7,0.2774187384719825,0.16004590180469366,0
6753,647,68.19948520951357,Online,Grocery,UK,8,0.15919656176694313,0.17337090478128067,0
1863,73,572.5570093374922,Online,Food,US,8,0.42567000245847814,0.4766195575722885,1
1870,497,119.28466600501378,POS,Travel,FR,18,0.5097939237394122,0.40022826312617865,0
6800,702,329.25150010863507,QR,Grocery,US,6,0.24064358379389728,0.17140817120799481,0
2867,648,25.05651525375405,QR,Clothing,DE,7,0.5490424610634873,0.42870104177628143,0
2057,374,77.9773738810159,Online,Electronics,FR,15,0.13450097228891775,0.010236786161318671,0
6464,757,54.744625154821776,Online,Electronics,DE,9,0.17694300075174466,0.5187510673493628,0
4820,678,1.9398984967166213,Online,Travel,UK,13,0.018791592332007924,0.16958015397275258,0
2487,337,31.913480523743072,Online,Electronics,DE,14,0.20449199088602849,0.36568435754134593,0
9311,68,69.59244388535326,POS,Grocery,DE,21,0.05500229100445214,0.1544362011710178,0
4631,430,718.8946168828418,QR,Electronics,DE,14,0.15463337642851363,0.19246594512208584,0
5622,197,104.67750765987564,Online,Electronics,UK,20,0.02154350693697558,0.18868797288681133,0
3811,859,465.4836961846035,QR,Electronics,FR,19,0.31297455564236815,0.15737479006783225,0
496,181,13.266623892781588,ATM,Clothing,US,3,0.11819041847289324,0.12422671988990575,0
824,913,11.361580142493803,QR,Electronics,TR,21,0.11852293260348686,0.06281134111320745,0
7959,893,313.1354318679042,Online,Electronics,UK,13,0.42422988884974194,0.45641160084913707,0
1347,217,124.63972318616484,ATM,Grocery,FR,14,0.11556706892859521,0.055026816839428304,0
4161,40,4.18987115165738,QR,Electronics,DE,20,0.002505302748470365,0.04505618901830464,0
8264,760,13.971065701805781,Online,Travel,FR,22,0.2598339174269206,0.008924031149226148,0
8198,870,125.53790000480174,ATM,Food,UK,14,0.16189455980775927,0.017224714463110496,0
6279,438,91.19613511999533,Online,Grocery,DE,11,0.13267963941694483,0.09519908718397437,0
71,620,167.9389140713557,ATM,Clothing,FR,16,0.07823743379574447,0.07937611489273083,0
3207,7,159.1771761767512,ATM,Grocery,US,15,0.5241383835955952,0.1691931211792774,0
8822,651,5.61341511495367,POS,Food,TR,20,0.007878417996335827,0.02209690343840302,0
3337,890,59.17265920478329,QR,Travel,TR,21,0.020731909624035427,0.10724218722521599,0
1191,537,64.4376038162994,Online,Food,UK,17,0.17030758038566948,0.5336689256863029,0
3772,590,40.724373588646465,POS,Food,TR,9,0.28355479777791887,0.22014912813391835,0
7725,257,359.6801824431737,POS,Clothing,FR,22,0.28625035849927294,0.2649602585366934,0
8150,991,3.106173873354178,POS,Travel,DE,7,0.1616841865762269,0.15568798348905116,0
4242,158,84.28440323930091,Online,Grocery,US,20,0.0950156723998001,0.12450371357017524,0
1481,965,117.40361101118185,QR,Grocery,DE,22,0.11074243475616774,0.10993231300492667,0
3825,255,23.91619459008525,QR,Grocery,TR,8,0.24934168518417518,0.16564472134048708,0
6725,812,11.384621770304166,QR,Travel,DE,11,0.22559085481549193,0.04343580040636225,0
4537,301,441.43414725676996,QR,Grocery,DE,17,0.35792770640437277,0.3612537766039052,1
2673,848,46.931746763954365,POS,Grocery,DE,22,0.2883477863359488,0.2284062609678167,0
9794,413,243.20434740712764,Online,Food,UK,9,0.11893007852643757,0.2750112753832752,0
4313,322,471.83091551401975,POS,Travel,TR,21,0.23878410441986622,0.17073343688876205,0
4877,687,97.22138979592947,Online,Travel,FR,1,0.2655016392383137,0.5966567370508913,1
6070,655,96.08936907114654,Online,Travel,DE,23,0.10340634594002737,0.06096262511744325,0
8841,58,103.09991284839147,ATM,Food,DE,16,0.5043142423458309,0.2660345007572185,0
8888,126,65.77530376549169,ATM,Grocery,US,19,0.28299912609839517,0.1398538553291393,0
1292,594,232.56985584601128,QR,Electronics,TR,15,0.09683334345171582,0.4653259320275539,0
1122,21,1.2547653955090543,ATM,Food,US,22,3.0274785175044003e-05,0.04445230038764544,0
9125,409,193.91469789613623,Online,Food,US,20,0.08610743249819029,0.1723569094517474,1
1617,865,34.48489491981536,Online,Clothing,US,18,0.21200770653471174,0.0549862407537207,0
9289,308,166.21242337259517,ATM,Grocery,DE,19,0.12060277497724797,0.24577512738528492,0
9068,745,8.079191316120209,QR,Grocery,UK,14,0.44364813050460916,0.0364182535807017,0
3206,379,159.32687355246824,Online,Electronics,FR,17,0.0069710639676057945,0.047104133904012774,0
6121,607,64.29012708031257,ATM,Travel,FR,22,0.013738074898178219,0.27440903324014354,0
7116,704,75.65381427660672,POS,Travel,FR,23,0.018985266118022776,0.09310153725244637,0
4801,336,769.3064361712915,Online,Electronics,DE,11,0.21130835424640348,0.2218355394483267,0
6831,34,3.9652399650580015,POS,Food,TR,4,0.2308537708449185,0.06892999652592711,0
2774,445,29.98695116498681,Online,Clothing,US,22,0.019337126957620306,0.012186494799506665,0
7407,966,25.529914466669755,ATM,Clothing,FR,20,0.07659911831513552,0.139242701222957,0
8411,108,8.182660474303459,POS,Electronics,TR,9,0.11445153586523624,0.03263262494224448,0
5635,799,43.73514344055227,QR,Clothing,UK,21,0.2934304882535207,0.23596022225664046,0
4920,150,140.55602637002627,QR,Food,FR,21,0.16731174147101527,0.15080605469594213,0
8816,797,303.03594460884267,QR,Electronics,FR,21,0.06584054351751518,0.07218243167569452,0
4296,233,43.79681341814187,Online,Clothing,FR,22,0.14113574942425933,0.11793239544284435,0
4131,414,51.39864197539243,Online,Clothing,DE,17,0.06556270672493425,0.06159900632124579,0
8062,855,52.09302395564908,POS,Food,FR,7,0.1948470403816944,0.04254987550788391,0
3283,420,1.68316096852512,Online,Food,UK,13,0.08455197485412469,0.14854634366214337,0
6506,79,17.353136468973947,POS,Clothing,US,7,0.09541803648169356,0.3962181731958134,0
4339,881,13.121186285791133,ATM,Electronics,US,14,0.04736067715322028,0.28791187384741135,0
2272,272,165.75459208106054,POS,Electronics,FR,12,0.19167619002432365,0.05609865127574416,0
3920,700,212.51636529109132,POS,Electronics,US,12,0.06258644483682226,0.003143891805177098,0
7582,244,79.18333675258627,QR,Clothing,US,19,0.17604551615477324,0.11867329872331923,0
7991,324,2.766533970474371,POS,Clothing,FR,10,0.08864088811070439,0.0374780299822918,0
1832,656,220.8059890658343,POS,Clothing,DE,17,0.08667437432717075,0.35601279602956337,0
5265,567,307.1802518390452,ATM,Grocery,DE,17,0.11517886298073217,0.07022096427958051,0
6810,597,378.21422511155555,ATM,Travel,US,20,0.15022370850520184,0.16902896875692788,1
2377,353,117.8632345959512,POS,Food,US,17,0.641140941011914,0.6667415656619015,0
9971,624,241.63946498390578,Online,Food,US,6,0.1164374968214463,0.1640798341729549,0
8157,306,113.846266772633,ATM,Clothing,DE,16,0.12441570665058876,0.09447052880599194,0
4728,523,216.57045029546262,ATM,Clothing,US,17,0.2975678179810999,0.15129028057706945,0
2549,647,556.6655012839839,ATM,Clothing,DE,21,0.998736630233235,0.18695754928096892,1
8929,800,538.7902876590465,ATM,Travel,FR,22,0.3847479446206103,0.3775125705827745,0
2391,920,164.50001329185017,Online,Grocery,TR,0,0.276530780695653,0.10466485209241373,1
887,387,372.25572722506126,POS,Food,DE,8,0.30060616054722017,0.24618344865169184,0
6165,663,202.00140998975425,POS,Food,DE,17,0.07891886512390764,0.25914501733591105,0
6495,986,302.91025532354575,Online,Food,TR,16,0.0720757887324785,0.03211160764477304,0
9568,540,49.76752679358317,ATM,Grocery,UK,19,0.12232252425310118,0.26495266479720936,0
1496,782,190.35362612863392,POS,Travel,TR,19,0.3991183780105349,0.11901031952687867,0
9156,477,31.11965502455329,QR,Food,DE,17,0.1496160261296954,0.2505155606996755,0
4796,918,178.83636488068623,POS,Grocery,US,19,0.13258541346714686,0.17336969068932692,0
8566,421,166.56904099767473,Online,Food,DE,7,0.044896753723471905,0.2201800336881322,0
1258,611,368.3191715591538,ATM,Grocery,DE,19,0.19887053091686582,0.2987008215504376,0
1474,217,60.045312463159966,Online,Electronics,DE,20,0.10156944797212547,0.08828564195449551,0
4830,925,163.35817055325748,Online,Travel,FR,17,0.48161439349147356,0.2830361490979309,1
6610,62,108.72206333003972,POS,Electronics,DE,6,0.06990189112355051,0.023881701230297325,0
1144,432,302.87268931853174,POS,Electronics,TR,17,0.9258602146084223,0.38396411051717394,1
622,210,116.84542589592428,QR,Clothing,FR,20,0.04739529691879886,0.11040964038983504,0
8822,764,123.63040702081213,QR,Electronics,DE,6,0.028430162472454522,0.16196379157352314,0
9111,976,227.15703702654537,POS,Travel,UK,21,0.10167283821653836,0.025074005662841427,0
1589,421,35.565661334957,ATM,Food,US,10,0.4367695360130283,0.28307913792386763,0
2535,602,354.4957020285795,QR,Electronics,UK,22,0.18209177723332406,0.15127639582118954,0
9468,236,124.37500376176908,POS,Electronics,DE,8,0.12168584625716265,0.07475038435825615,0
2205,193,318.56864528102835,Online,Grocery,TR,10,0.055085752066028996,0.12054706754719767,0
7977,348,10.006353979065729,ATM,Clothing,DE,18,0.05800185639462938,0.01657161452813317,0
6883,914,53.973550045852235,ATM,Travel,DE,9,0.021179984500100214,0.18727140207899287,0
4019,924,61.50728021599827,ATM,Grocery,DE,23,0.11847520831046672,0.5455267952591465,0
4617,55,71.04457949564754,QR,Electronics,TR,17,0.10405550211377165,0.10372042351496057,0
3982,114,126.67138374491303,POS,Clothing,US,20,0.057484415635455435,0.16887582072943985,0
4512,92,477.911301544694,POS,Electronics,FR,3,0.11713924387652226,0.029981614089753687,0
2979,264,66.8749777763762,QR,Travel,UK,8,0.18110228919057964,0.13389880706485677,0
4441,127,30.972469185164993,Online,Electronics,UK,22,0.2142766985925696,0.021921248460544013,0
6954,626,5.438595208574553,POS,Electronics,TR,22,0.0942666679953421,0.13229001876811652,0
8913,660,32.76523422419983,Online,Food,DE,19,0.06459971923385605,0.33102370071978693,0
24,619,18.014648235836948,ATM,Food,DE,15,0.23857043374278955,0.15588778515524102,0
1844,389,27.78928163463893,QR,Food,UK,16,0.24428762627848058,0.4596171037350469,0
894,145,257.7709303636495,QR,Grocery,US,6,0.16138964916997586,0.19991933571190879,0
8333,174,113.83108595203824,POS,Travel,TR,16,0.24847054565369558,0.13948228886198868,0
4890,864,204.2834594035364,POS,Grocery,FR,20,0.08080724483448065,0.13016167282359964,0
2951,864,174.05098147410624,QR,Travel,DE,17,0.14755875623362774,0.1299049019232197,0
926,692,45.297003650092705,Online,Electronics,FR,5,0.025207097888859317,0.17406588393831984,0
1257,37,181.41440427190668,QR,Electronics,US,23,0.025904751992340644,0.020560428882442926,0
8353,313,198.33436274401876,Online,Clothing,DE,19,0.4109962951773311,0.051966140935569866,0
6636,611,47.37063325561631,POS,Food,US,10,0.8296113337374557,0.30552782708596077,0
1265,332,54.21219264154663,QR,Travel,TR,22,0.23019184470396198,0.012906737683541739,0
601,339,15.417502890076634,Online,Travel,UK,18,0.05666856353316442,0.046828554537504154,0
6340,951,19.703831005635625,POS,Food,US,20,0.011256061888208036,0.061898252284282536,0
960,517,72.85616309190691,Online,Grocery,TR,13,0.07786978614222233,0.008635352322956653,0
5013,254,89.76021888230024,Online,Electronics,DE,14,0.07445315661229118,0.011073945793614877,0
2798,925,303.7784778863779,QR,Clothing,DE,19,0.13681833892510026,0.10783120722417965,0
1050,103,55.94472598539574,ATM,Food,TR,22,0.07363513267105211,0.1819536799553059,0
6797,249,5.6689821002653575,Online,Grocery,US,21,0.01858850554722238,8.804990376776178e-06,0
6348,55,95.11057492914237,Online,Grocery,DE,15,0.32051750313952665,0.25372843144405755,0
7299,581,79.73513872620528,POS,Clothing,DE,18,0.30100393519013363,0.061182153491883835,1
3471,849,165.96082156094633,Online,Electronics,UK,20,0.2467674494140654,0.12464324643354631,0
9858,876,48.39580620375304,POS,Clothing,DE,16,0.08442888506945201,0.13830161208149253,0
772,753,94.17302885684161,Online,Electronics,UK,18,0.11593906132672488,0.1380991368754215,0
5902,68,196.85892795630028,POS,Food,DE,20,0.808827620536133,0.21930849611176226,1
5150,438,417.13367714170744,ATM,Clothing,FR,18,0.2097572838405797,0.4171389428489597,0
6529,64,1.4050391423485933,Online,Clothing,TR,18,0.17232344662381238,0.032596205231310856,0
2858,588,152.73199826942147,QR,Grocery,FR,19,0.4692071115212963,0.009293534723490572,0
6179,3,337.1919546595814,QR,Food,DE,3,0.34004751747427236,0.2838202476342906,0
510,133,4.570981621654544,ATM,Grocery,UK,12,0.058161906785426494,0.08574417250371658,0
8528,464,634.1464361534781,QR,Grocery,US,19,0.2697386183591857,0.10663941437097196,0
7957,194,16.838682413741637,QR,Food,FR,23,0.22773687132268328,0.16407137696358895,0
9043,27,74.38189803722655,Online,Grocery,UK,17,0.14915356273010924,0.20821319805900174,0
2080,308,514.7462025607182,POS,Food,DE,22,0.09238936585262886,0.3251744818118098,0
2210,971,88.28955380651698,Online,Travel,DE,17,0.18529234928504756,0.7537988008063004,0
5065,712,325.1930847398219,QR,Travel,UK,17,0.2661238110432195,0.3680786515222756,0
265,514,123.23385332664432,ATM,Clothing,TR,8,0.08930230275761197,0.12760384409282938,0
5377,752,1.3270880629738022,POS,Grocery,FR,22,0.11425372921722222,0.07387185097712652,0
9341,892,43.86134998601309,QR,Clothing,UK,19,0.11585040284082623,0.3235023100603569,0
252,249,145.5180004534509,Online,Travel,TR,15,0.2750518686762219,0.22276385311254526,0
7058,414,11.474546755463814,ATM,Grocery,TR,11,0.1358407406966598,0.04812942064892216,0
1504,248,110.23935256812358,QR,Clothing,FR,19,0.26998259712416733,0.04161007512333206,1
6163,916,155.46557959015016,ATM,Clothing,TR,17,0.30511620582510235,0.08023737017668982,0
7542,675,45.81173128635112,QR,Travel,US,20,0.05541637248067589,0.1620930162327447,0
47,293,5.111138179407491,ATM,Food,US,22,0.01686738275583947,0.2898976122049752,0
6131,68,11.844893064876828,Online,Travel,FR,17,0.08592573923703258,0.12321986624700414,0
813,759,242.51053486754068,QR,Electronics,FR,6,0.3778554954321533,0.1295271269655323,1
6818,138,91.12324678121341,POS,Clothing,DE,19,0.020457851389518274,0.050321999909304034,0
1727,33,27.01518874868078,QR,Electronics,TR,3,0.3518646506575225,0.15428470584758547,0
6469,888,788.6758224990339,Online,Grocery,UK,17,0.4332685092869783,0.48006257306231676,0
103,386,257.4719698597975,QR,Food,FR,2,0.11692841495194738,0.1794754241798321,0
9498,13,358.6944897075994,Online,Travel,TR,12,0.21921901478503297,0.4070677986470518,0
548,565,307.0801564429855,QR,Food,TR,18,0.4001289563836829,0.1751254367786618,0
8439,153,9.661480568320316,POS,Travel,US,9,0.11169582233621135,0.15481018481230607,0
1201,861,97.19962040709686,QR,Food,TR,14,0.2593656881226002,0.09598361262952977,0
2003,900,212.91707829808922,ATM,Grocery,TR,8,0.2333036524743877,0.2977529196775505,0
6236,680,88.24139165519183,Online,Clothing,UK,11,0.1735774281025793,0.07015187090087599,0
6394,475,388.31102100771926,ATM,Food,UK,13,0.08158848817417179,0.015791926962918614,0
9674,163,72.59378402324441,ATM,Electronics,FR,9,0.18524134878004864,0.12957160721997,1
1935,77,598.8947955998873,POS,Clothing,TR,20,0.21241349136309456,0.26806361951285285,0
5475,316,102.55367202081844,Online,Grocery,FR,4,0.02566548969495914,0.09243342993807875,0
3770,460,18.972967493309827,ATM,Electronics,US,23,0.02648110887774925,0.14755359218742142,0
7062,981,191.37176865108927,QR,Food,FR,17,0.045563528950221185,0.04569436823140614,0
543,143,101.92867097364221,QR,Clothing,US,22,0.20695488047775287,0.1564641733896935,0
2477,88,220.43865577709488,POS,Electronics,UK,15,0.03556096309993181,0.002640044881142115,0
8370,991,14.170615362030212,POS,Food,DE,5,0.09379480919918641,0.14197255999096237,0
4398,967,217.61593234802757,QR,Grocery,UK,5,0.061708531114218756,0.2753845886753622,0
2256,197,84.35504619539972,QR,Grocery,TR,13,0.044029476558739934,0.03934100425254305,0
7621,207,814.2851878522004,Online,Grocery,TR,22,0.15207925689232302,0.04807127158912334,0
1271,663,79.53781022422964,ATM,Travel,FR,16,0.021974847093589628,0.05271835629785014,0
5267,341,7.19021684309874,POS,Clothing,TR,14,0.020706190403319485,0.15652923134889224,0
8311,129,5.437519081485021,ATM,Food,US,16,0.028067390383820105,0.03994136285180132,0
3980,341,75.3776464722478,QR,Travel,US,13,0.06050588873250162,0.06616970265514423,0
8303,697,148.60971652167558,ATM,Clothing,US,20,0.1384772862347618,0.3427190186645919,0
4598,488,301.557140552909,Online,Electronics,FR,18,0.1801085049223462,0.22614806113332003,0
9343,837,295.58115909083057,ATM,Clothing,FR,18,0.009515603790460648,0.11369150860972563,0
1116,310,115.28889823104639,ATM,Food,DE,20,0.6975987939555505,0.1833324289905553,0
980,248,53.036142423317145,Online,Travel,US,18,0.047884790796359274,0.11866838357514888,0
6093,618,277.224454896821,POS,Clothing,US,2,0.09845479329972726,0.17725804790263483,0
6673,611,24.96160956958796,ATM,Food,UK,11,0.03135973475170319,0.020510774255544685,0
6072,752,353.0703989670291,ATM,Grocery,TR,17,0.10484803052581705,0.12137764367416175,0
963,53,260.3788470252462,POS,Clothing,FR,9,0.193867008191287,0.4515288567202801,0
4663,750,82.90440476739187,POS,Electronics,TR,16,0.09812504272573618,0.07505591647575945,0
1826,143,107.6459731603439,QR,Travel,FR,19,0.18603854789093888,0.4251300297372171,0
8769,803,27.368293899090904,QR,Travel,DE,14,0.010512786785547047,0.054935907339247206,0
2003,811,90.9194194506369,QR,Electronics,FR,15,0.10347890072445914,0.2579169761430041,0
805,201,15.857112582835624,POS,Travel,DE,13,0.24826784192251725,0.3129109667848079,0
5673,972,187.2432718816233,ATM,Grocery,UK,23,0.2972857073981334,0.1822215360336774,0
5462,451,473.73650303073293,QR,Travel,US,22,0.22903489537385566,0.05121539656744179,0
7983,46,50.97706823329026,QR,Food,TR,14,0.1614551777218996,0.06591929325926286,0
5640,169,296.3645170203909,POS,Grocery,UK,10,0.1041960789524272,0.018542493787883745,0
4811,179,81.24578719467782,Online,Food,US,20,0.07260248138020581,0.07179145609977226,0
626,45,110.33323691613343,ATM,Food,DE,22,0.030664689239376385,0.5326705164186599,0
8130,900,33.28710576816676,ATM,Grocery,FR,22,0.45634485343206566,0.30132598058369026,0
4738,756,244.4732393248683,Online,Travel,TR,15,0.13395795204802308,0.051567672997765955,0
5108,219,25.46121918123437,POS,Food,US,14,0.04686953736251458,0.22076608961576458,0
2630,103,282.07442423615305,POS,Grocery,US,20,0.0971906151219728,0.008033798708324703,0
6236,15,5.862784464150466,Online,Travel,UK,19,0.04890152754799549,0.34550708293974103,0
1578,617,127.04578382103442,POS,Clothing,FR,15,0.33614486900462065,0.08262996547764664,0
6264,67,127.22307810582684,Online,Food,US,18,0.750414196519282,0.9996026492679309,0
9896,600,622.3264335489595,ATM,Travel,UK,21,0.06978287116141887,0.16438736505333454,0
5301,408,162.19535114327624,Online,Food,FR,6,0.36665850042764125,0.5239866904079604,0
8161,320,66.69426951136728,ATM,Electronics,FR,17,0.1300579380978787,0.08287796983418139,0
1367,12,473.2574419595356,ATM,Clothing,DE,18,0.22698631005792252,0.21531872899053153,1
5679,859,1.3149278395478097,Online,Food,TR,19,0.050483658174729135,0.10674311193964195,0
6072,638,140.5647201190185,POS,Grocery,UK,8,0.16767332156288722,0.13897387342971962,0
568,746,548.1172558300349,POS,Food,US,8,0.09794187822071113,0.16386690379989535,0
2354,539,127.11615263034359,Online,Food,UK,18,0.20703321758319526,0.09051859875382545,0
5428,99,66.79451447637744,QR,Electronics,TR,5,0.101346830628572,0.13690512369656635,0
2753,488,184.2010398346407,Online,Travel,TR,18,0.03893570073306168,0.11210320611225276,0
451,252,237.48132534193942,Online,Travel,UK,14,0.002648066644275459,0.16488732704039427,0
9787,985,225.23948911062197,POS,Grocery,DE,2,0.208275390113408,0.09838539582762575,1
3199,573,284.7474375506674,Online,Grocery,TR,11,0.16130992323685836,0.10682746033421521,0
5293,110,138.2520173054866,POS,Food,TR,15,0.04541527889994867,0.19979598567932938,0
1523,806,42.323929544866125,QR,Grocery,UK,7,0.08489593783498495,0.15196515128970353,0
1467,824,35.19022432913601,POS,Grocery,DE,16,0.26793998299090815,0.4047346920665515,0
8430,496,82.69379446284736,Online,Grocery,US,15,0.06758104513821417,0.03845405999383235,0
2798,138,327.7238192923105,POS,Electronics,US,8,0.08643647966707918,0.08129590974402208,0
5988,980,14.84302547187668,ATM,Grocery,FR,13,0.10247904349084859,0.20826982934057775,0
2789,320,219.10309069584568,ATM,Grocery,US,18,0.19398930366817907,0.29110148549035575,0
9964,257,158.623995444603,Online,Travel,UK,20,0.18525075823853787,0.1773132833831582,0
9939,870,34.82482091783767,QR,Food,UK,20,0.10460086040103907,0.040865732219159456,0
4037,366,34.45356558659318,QR,Electronics,US,3,0.22756930403356204,0.048396104525355366,0
1645,753,58.82396985690134,QR,Grocery,US,11,0.22863810923186892,0.15746603285155983,0
3799,944,176.57679241344104,QR,Grocery,TR,20,0.12892573984621672,0.34536469626851435,0
6719,825,204.80485363973688,POS,Clothing,FR,7,0.044201427004516035,0.02767044145774902,0
3454,210,75.39204785047028,QR,Travel,DE,11,0.048919130868878564,0.11577174675453503,0
6188,725,377.90179310464896,QR,Grocery,US,23,0.31445121001340537,0.26676695530326056,0
8513,393,142.30270366456077,POS,Electronics,DE,9,0.25168040026197624,0.1556560574645987,0
9788,698,153.67833285493106,QR,Food,FR,2,0.12023903260495475,0.16961246444725978,0
1508,422,30.429704475601486,POS,Clothing,FR,11,0.12829316126847154,0.14383616236315694,0
9843,117,5.548777417671329,Online,Grocery,FR,22,0.006979476586937967,0.013017253379537939,0
9300,381,242.83960402768798,QR,Clothing,UK,22,0.03265716342583014,0.29018010184513454,0
9488,756,3.90021325151905,POS,Travel,TR,16,0.051170212586970486,0.05416375256658015,0
7665,609,298.0638025465886,POS,Travel,US,7,0.13230161202205293,0.3166285685881196,0
6969,49,104.22529333875379,POS,Food,FR,11,0.06033157331081354,0.06926009901973072,0
7848,555,101.70257278661207,ATM,Clothing,US,20,0.25129012393735983,0.10924033909932652,0
1353,962,162.746684689,Online,Clothing,DE,20,0.19658508881046172,0.28175471183029216,0
2412,166,618.4292119545203,Online,Food,UK,12,0.5810434732433438,0.7162217081326671,0
741,237,405.37579561408955,Online,Travel,DE,1,0.34185570233248797,0.020173878815035684,0
7835,909,140.84959726109938,QR,Food,US,5,0.08608174427636006,0.014989997630767433,0
6945,113,977.6126508651602,ATM,Food,TR,8,0.16342832298468984,0.6008983048967019,0
9285,796,72.1675129540587,Online,Electronics,US,5,0.0992841421638121,0.04010538173899036,0
8170,789,16.112969249237704,POS,Travel,TR,5,0.006929924095274723,0.09161054243277474,0
1401,146,941.2794437132683,POS,Travel,TR,19,0.2432549172401277,0.427154634924353,0
1323,40,22.45770265091594,Online,Food,UK,10,0.26994915608405373,0.23546650299046806,0
3523,870,62.34754244855615,POS,Food,DE,17,0.2325344468347455,0.09424907651620147,0
2646,275,186.10205329128868,ATM,Clothing,UK,21,0.23162229805805232,0.053157473037210926,0
4879,404,141.51649617896712,ATM,Travel,TR,3,0.11832624382942533,0.03074301953803775,0
9468,128,594.8982945038451,Online,Grocery,US,15,0.21511296287700277,0.19225261617487135,0
5707,408,362.6857299215517,ATM,Clothing,US,20,0.23183363297861664,0.24728608272615132,0
7206,389,1.2534412464071978,ATM,Travel,FR,23,0.09623861545279062,0.08353879616918235,0
2774,207,57.91043796362337,QR,Clothing,FR,18,0.48777870187309036,0.37759835109844514,0
9392,782,189.12538051979027,Online,Food,DE,21,0.4319690716585697,0.18959223482279627,0
8213,721,39.76240628143349,ATM,Travel,DE,10,0.11862141657752981,0.03373439966986055,0
4757,356,811.4968828000045,QR,Grocery,UK,5,0.05311732997940512,0.10127767909673951,0
5861,745,80.41967436349834,ATM,Travel,TR,21,0.2736531722718243,0.3535921276335617,0
6557,199,227.41926315073752,Online,Travel,TR,17,0.6679928309822072,0.900682807879237,0
2967,712,132.27956215592303,ATM,Food,UK,21,0.03872281700422244,0.2619069127504459,0
4662,919,448.5786567930434,QR,Electronics,DE,21,0.19696256571073958,0.17144037783447158,0
1217,678,6.549196487740996,POS,Grocery,TR,19,0.10768919533831055,0.05400254394300234,0
7485,455,7.670308639860627,Online,Electronics,FR,11,0.03480812746645018,0.1684468976782434,0
6754,724,5.653352439754069,Online,Grocery,TR,21,0.025499877367290636,0.087590433037773,0
5762,559,37.70050082321219,QR,Electronics,US,12,0.047872651725871955,0.11558693145658774,0
2829,595,93.62194475546227,QR,Clothing,FR,17,0.13353719241412862,0.05059368829418009,0
101,775,54.26641109788147,POS,Food,US,17,0.44718463730003283,0.2732507495977526,0
1867,163,73.26318681260926,QR,Travel,US,22,0.15317138260423097,0.126932490219975,0
6552,607,448.1055217410674,Online,Electronics,UK,9,0.228636216337569,0.3342252777114965,0
4617,1,137.4577760060564,ATM,Clothing,TR,2,0.17679176839618876,0.044031138388793536,0
8481,864,58.536379627052696,QR,Travel,TR,18,0.06264515900533975,0.07487266587091113,0
3267,433,123.85628647010216,POS,Grocery,DE,15,0.057121520541361215,0.15917041596567366,0
6439,910,42.55582879289553,QR,Electronics,TR,16,0.20496416030208875,0.335474094885248,0
7273,732,691.9525379914555,ATM,Grocery,FR,7,0.39835984562464355,0.6487409239873949,0
7168,507,63.88457810798526,ATM,Grocery,UK,20,0.21868725420638024,0.013176826783711758,0
5746,597,1.4853008308881241,ATM,Clothing,FR,17,0.01157466411107614,0.0549995273010655,0
6684,165,193.16395508014912,Online,Travel,US,20,0.1279719449634191,0.03370674834510896,0
5339,938,21.21138640489123,ATM,Electronics,US,21,0.052034620466818754,0.002484385795622592,0
3578,430,36.957345888421735,Online,Grocery,US,17,0.03906454041817758,0.1552420984606931,0
6842,389,984.8300637871504,ATM,Travel,FR,10,0.02811147873202721,0.1188313771372987,0
8234,999,10.137961119666898,QR,Electronics,FR,17,0.02779705198597012,0.23415039455573577,0
4946,651,22.671900775954303,ATM,Grocery,FR,16,0.19824019343776816,0.09293130915301685,0
7958,351,283.4445043527527,ATM,Grocery,FR,16,0.15082267917045059,0.06781425411208229,0
6681,440,84.01046573695618,QR,Electronics,UK,20,0.06106239569185717,0.055862163792047365,0
5781,885,2.338140857293917,QR,Food,US,11,0.05094265025142846,0.06301100022924876,0
4735,914,86.39005978933677,ATM,Clothing,UK,17,0.32937601457719323,0.45772983961248703,0
1727,657,2.2850510783811186,ATM,Food,FR,21,0.062103688315132737,0.022407109849671876,0
4579,329,354.30620561703256,ATM,Food,TR,22,0.01935125318976569,0.03794136580810816,0
747,282,119.92602493845827,Online,Clothing,FR,16,0.31757461772681833,0.1226105130230849,0
9384,581,260.6983663879294,POS,Grocery,FR,13,0.26444422269042683,0.3501725469707738,0
3441,415,312.7446709283838,Online,Travel,FR,22,0.17207970639870795,0.16929644743195735,0
6655,519,295.43214716007657,Online,Clothing,DE,20,0.0501877046695617,0.2216161039161787,0
1448,819,154.30071055114976,ATM,Electronics,TR,20,0.14878562014790872,0.1625891840870402,0
4995,886,265.50600716445774,QR,Travel,UK,8,0.08489895917356696,0.06601607833175979,0
1160,815,67.06574740148484,Online,Electronics,TR,20,0.004931859794196741,0.020218554877579346,0
7181,585,22.002557500778675,QR,Travel,FR,11,0.17199456299566296,0.04334960466343048,0
4964,32,167.2258021200886,POS,Travel,DE,6,0.15012417254508847,0.05796696326193347,0
9686,458,453.6065531967051,POS,Food,US,16,0.6091963311975371,0.042980160058454134,0
8505,432,264.28071150320574,POS,Food,UK,7,0.050118681701240085,0.3417322925345623,0
4271,777,201.74386354109689,Online,Food,UK,3,0.048417510443218584,0.2594427637802329,0
7046,323,212.91924653485623,Online,Clothing,TR,22,0.04451715239000601,0.45365445394532916,0
3815,470,198.50583864260514,Online,Clothing,US,11,0.3561257829388669,0.4121213228939284,0
2948,293,548.173494934,POS,Grocery,UK,21,0.11709789003108048,0.36466525839699226,0
6758,667,10.591025685529635,ATM,Electronics,TR,21,0.026624849466958405,0.02186465661166985,0
4909,823,546.3419214327074,QR,Food,US,21,0.12726574903867074,0.4083526491647447,0
1180,265,204.29841738766942,ATM,Travel,US,15,0.12942665503900563,0.050092641402196214,0
2131,73,341.90431902613705,Online,Clothing,UK,7,0.15571102802480488,0.41190732660696633,0
4762,731,60.327615029433574,Online,Travel,FR,20,0.4468338692350153,0.19502074205009443,0
9610,58,197.97854405075023,Online,Clothing,DE,15,0.14185148778567983,0.07892271135220114,0
4224,813,240.4596090686351,QR,Clothing,FR,10,0.1502982944640774,0.9996026492679309,0
9316,987,148.23019040115244,POS,Grocery,US,21,0.6397912235435843,0.26393115048415783,0
7633,201,5.342938457753203,ATM,Electronics,TR,21,0.16829074699288737,0.05128197687852813,0
1488,892,70.51365072136907,QR,Electronics,DE,8,0.031406710996312495,0.16601293071234158,0
6838,913,490.1887620975505,POS,Travel,UK,13,0.049064102442606526,0.16331205078931277,0
1164,412,44.141475503054764,POS,Travel,UK,19,0.025379626231675653,0.18440543828190661,0
613,619,218.49922947882084,ATM,Grocery,UK,8,0.25859122490400827,0.3684349698588087,0
4414,824,47.375855115320604,QR,Grocery,TR,14,0.1907618067457837,0.04491812192448046,0
1212,606,27.161435508147747,Online,Grocery,TR,23,0.03922437619165218,0.015190245296358734,0
3680,53,81.17244555818101,Online,Grocery,US,6,0.07874326690359208,0.3197919996587821,0
1762,629,1362.9259104607352,QR,Clothing,TR,17,0.024017849183084035,0.28124271191550404,0
5579,529,5.976780062184801,ATM,Clothing,US,22,0.2915860402315863,0.3169218520028858,0
9800,134,287.59616785774557,POS,Grocery,US,23,0.43966896285929974,0.11996265700707308,0
6533,676,182.3229853881821,POS,Electronics,UK,22,0.13067292200659433,0.11382035072272485,0
1201,201,309.7085163689888,POS,Clothing,FR,23,0.1579728042142567,0.1363187982262686,0
2517,117,26.684931254047324,Online,Travel,DE,7,0.012177007280542294,0.1882650017598129,0
8482,585,23.27622763881518,POS,Grocery,US,4,0.04019532974886933,0.04875329743335999,0
2447,569,18.802992031005058,QR,Electronics,TR,16,0.19654033213370814,0.07129729564571573,0
1901,892,614.616767489164,Online,Food,UK,7,0.5168675941563418,0.09217987587740292,0
7960,203,202.38916112996608,Online,Electronics,FR,13,0.22423313856802055,0.22740220483821208,0
5258,336,55.44699175881106,ATM,Travel,FR,9,0.15690858889078527,0.2478079256386513,0
4298,935,12.314475719501308,POS,Electronics,FR,9,0.03600578422572335,0.001644458909931726,0
7514,73,143.92172740900193,QR,Electronics,DE,21,0.13008394915359328,0.1764473543110494,0
8762,666,211.73512103613936,POS,Electronics,TR,15,0.1601493839232647,0.09626078533863945,0
3875,389,690.2324296798283,Online,Travel,UK,21,0.3146830161858485,0.1762374598525578,0
5364,767,267.2719520810635,Online,Grocery,DE,23,0.27933809088783934,0.1778946602496722,0
9854,190,686.2276993430349,QR,Grocery,US,22,0.10154966743095171,0.28979955403213054,0
5491,469,106.46864846277764,Online,Travel,UK,11,0.18828583434669305,0.06464218291183033,0
6466,933,333.8509757106535,QR,Grocery,UK,21,0.22898835155607464,0.42666427071446866,0
6117,329,151.6794267823608,POS,Clothing,FR,11,0.2108952188478334,0.19358125623360753,0
591,110,946.222635347718,POS,Electronics,DE,12,0.29927840411840195,0.345835717465913,0
7485,936,186.59163693047267,POS,Clothing,US,16,0.18774787228673442,0.138016272184559,0
6281,901,5.044174194036766,ATM,Electronics,DE,11,0.2058513011093901,0.18347814475114155,0
8592,860,113.36353862468893,ATM,Food,UK,19,0.05276648019573306,0.0885384127131774,0
6477,912,569.2897481041081,QR,Clothing,US,22,0.13657315042818188,0.22314221082987612,0
8402,818,33.93054628276285,ATM,Travel,UK,12,0.09461583986700006,0.26077951360295903,0
3189,758,377.5053635105911,ATM,Electronics,FR,16,0.411701459288139,0.07475258011573631,0
5453,656,382.0210103585306,POS,Food,DE,20,0.13088013550267777,0.018908954745773386,0
4151,736,36.00861778474315,POS,Clothing,FR,19,0.046587238774524205,0.1600690908891381,0
7649,545,69.47225589884167,QR,Food,US,14,0.13537032571562616,0.2938031597753754,0
2326,569,7.889328279078753,QR,Clothing,FR,23,0.15924488662441896,0.019153432297708994,0
6441,944,117.7180837387497,ATM,Clothing,US,17,0.14271329499143612,0.27216692076250426,0
4127,789,16.775819475879107,Online,Grocery,DE,22,0.1561391462480461,0.03272795525087868,0
8757,691,68.48594364209158,Online,Travel,US,17,0.2083442040387378,0.5302177781632643,0
5934,490,282.1018791560992,POS,Travel,TR,23,0.05276579172243677,0.03016447428400604,0
2021,588,20.005837056728502,QR,Grocery,FR,10,0.2543441475475963,0.22682388580635654,0
6921,234,2.2364937581382267,QR,Clothing,FR,21,0.32222677313826,0.18532268360843152,0
3349,537,610.5732626330364,POS,Grocery,UK,13,0.48239939515492525,0.24761860909773237,0
2823,91,630.6286678035781,QR,Clothing,UK,18,0.24866066229555475,0.23864821354641028,1
4989,838,4.4313393658746145,POS,Food,DE,13,0.024483385345445512,0.08111593969277649,0
4721,533,342.1949082132979,POS,Electronics,US,22,0.37324336451930673,0.14613984493106702,0
874,61,133.72044497377019,POS,Electronics,DE,15,0.25129396431311946,0.1224925929496991,1
291,9,127.12811217685426,ATM,Travel,FR,14,0.13358241258203463,0.02074347942065994,0
8896,294,10.503148861647988,QR,Electronics,TR,4,0.17983241123889215,0.02856427905025404,0
2262,129,1571.3407172769166,POS,Electronics,US,22,0.4511476961464385,0.3213280756014079,1
7724,109,186.53912217958222,ATM,Electronics,TR,21,0.11525773322844414,0.018371679834630228,0
697,730,674.3873439233095,Online,Travel,UK,16,0.16998283553598167,0.18119892953947844,0
766,993,116.88456300135948,Online,Grocery,US,9,0.05347787519683505,0.03812631481719937,0
2515,174,4.7987885252597735,ATM,Electronics,UK,21,0.005184439581063125,0.01802013837758874,0
9857,342,9.007700232190457,POS,Travel,TR,13,0.18983219094038975,0.13051916994246895,0
7160,904,67.40609664565174,QR,Food,US,23,0.05265636017997664,0.2818791126762357,0
602,755,96.2254895035717,ATM,Food,UK,18,0.16968038594325147,0.31414386413898326,0
6726,440,163.32486718559798,QR,Food,TR,20,0.11086912534891144,0.21401515177465913,0
8515,896,1.9777147365855023,QR,Clothing,DE,19,0.018186857034297194,0.01407931331948701,0
5836,579,1.9670914076514656,QR,Food,FR,11,0.12339155918497606,0.33628231191682,0
563,87,3.380100390265469,QR,Travel,UK,16,0.061609437445765684,0.23164202879721607,0
8215,595,88.03414335337463,POS,Electronics,US,7,0.3186115520454931,0.5891758264504935,0
5329,824,259.5428717072277,Online,Travel,UK,21,0.4278568727629207,0.16120452637091198,0
6386,333,55.65346099934178,QR,Grocery,US,5,0.05670759129922817,0.15892391444383128,0
3365,18,74.57682135051438,QR,Electronics,UK,16,0.2546022168880251,0.11209026441563712,0
2886,401,93.91280160818958,Online,Grocery,US,21,0.2228187617867632,0.14167138013407926,0
2587,610,20.62281827313653,POS,Clothing,UK,19,0.42721806949965746,0.1427508594554499,0
7871,609,3.4429289016256717,ATM,Food,UK,13,0.03263459391672409,0.07210005810834501,0
7785,69,13.54541148190406,ATM,Electronics,US,8,0.15680419250674066,0.15348487842754824,1
9306,612,40.49941305072996,QR,Electronics,UK,20,0.3344628688640169,0.10283062448263253,0
1201,487,32.842566741435775,POS,Food,US,23,0.25098272431364355,0.08166052249782278,0
5455,212,428.7417248073911,QR,Grocery,DE,19,0.29972496551208483,0.4400353754116075,0
8919,720,110.8502343384783,QR,Grocery,US,15,0.0712424722491567,0.05991340090931785,0
5781,138,24.290420025390635,ATM,Grocery,DE,20,0.2936369295264395,0.3623900663263613,0
9921,558,370.2753911204911,POS,Grocery,TR,9,0.3260760429055418,0.21141813259323355,1
5287,826,166.72228066322785,POS,Clothing,TR,22,0.6007740786574541,0.01967939507954485,0
4415,904,19.162670578471758,POS,Travel,US,21,0.10832346749057063,0.13197756594424037,0
581,6,23.135921724717903,ATM,Food,TR,18,0.0019462663194834361,0.13044840445937136,0
1285,605,176.17490731178302,ATM,Clothing,FR,3,0.26929580677511933,0.4945326847015094,0
3305,546,84.38298955966027,ATM,Food,US,15,0.13364935263513472,0.020803019231211643,0
3176,696,286.82522467611324,Online,Clothing,US,22,0.12254544302938139,0.20885120130444615,0
6016,428,35.473119382010815,Online,Clothing,DE,19,0.1012662287018542,0.15087616331826323,0
3664,817,889.3783540299659,QR,Electronics,TR,18,0.09009448125588962,0.0813895280136247,0
8349,86,229.70921733671793,ATM,Clothing,UK,17,0.349607383343666,0.4741672840368958,0
7781,877,312.0259839050284,Online,Clothing,FR,21,0.2552596923154826,0.21102992417100608,0
3815,609,20.096671675629135,QR,Travel,US,14,0.2748178884525733,0.09966885553836828,0
7101,445,41.267619618215925,Online,Travel,UK,16,0.0027652498839997887,0.04435558270235043,0
9997,411,175.5788092309644,ATM,Grocery,FR,5,0.3350628016168418,0.133536036741605,0
2975,874,1.1821375714404094,Online,Electronics,FR,14,0.24801069587122912,0.02049780927095263,0
2764,884,12.241201681450525,POS,Travel,DE,15,0.1766148709645245,0.3275627846807305,0
3986,298,226.45977547829085,QR,Grocery,US,9,0.7845703438230411,0.3337386122894692,0
9131,291,22.43078714381184,QR,Food,UK,12,0.23513244212922543,0.07216445258609842,0
8781,819,19.26048971635332,Online,Grocery,DE,18,0.06290946365697869,0.07340112203191332,0
3220,267,31.82321154412925,Online,Electronics,FR,13,0.06361330552109513,0.08931488619379288,0
1586,93,154.62147194113507,Online,Clothing,TR,18,0.2723379431524094,0.06791700856908942,1
1995,277,170.7004816208873,ATM,Clothing,US,8,0.3573710541705405,0.3374096249134755,0
590,717,148.55602851226294,QR,Food,DE,8,0.06169430621677049,0.08729635743905517,0
21,782,94.77530028736928,POS,Clothing,DE,19,0.026377270276322487,0.12262539821485212,0
3723,962,305.9906064888343,ATM,Food,DE,21,0.07554971979774258,0.0993777113032466,0
6441,478,10.852425162439173,ATM,Grocery,DE,15,0.3135420648490739,0.18546725966102373,0
3121,617,49.42142838547075,Online,Grocery,TR,20,0.26347194079829006,0.1445863439378411,0
5703,484,171.33957451404976,ATM,Clothing,US,22,0.06563434787409977,0.15893025712638828,0
8823,637,96.7428298019052,Online,Electronics,TR,17,0.03141474783405774,0.2759679968539566,0
1437,292,102.95943623789044,ATM,Food,US,12,0.07407708857412718,0.10171487373023667,0
7195,945,177.4015519809386,POS,Clothing,TR,5,0.05400612725059928,0.2210728826373298,0
5694,422,69.83908155996566,POS,Electronics,TR,13,0.010725958772267919,0.17142516566713728,0
2384,132,2.5800651083589914,QR,Electronics,UK,21,0.27349219727432905,0.04948336838395629,0
1329,551,10.910388209173362,Online,Food,UK,18,0.06515620482937395,0.11562621621567225,0
2154,413,105.80221148807087,POS,Grocery,UK,18,0.03257802697026659,0.03174309113598771,0
4833,592,33.10813698956559,ATM,Clothing,FR,12,0.07677049776656217,0.021516416847220797,0
3268,843,2.998006236123245,ATM,Travel,FR,16,0.06208082651706248,0.07356990280069974,0
9417,891,424.6705912670655,ATM,Food,TR,12,0.22791897565669395,0.3567943504122824,0
5269,547,98.60106203374474,Online,Travel,TR,21,0.3526945646667047,0.23745367696968353,0
3482,972,120.2447147870434,QR,Travel,FR,14,0.2483702547692365,0.115491053995585,0
6932,742,171.18869823368706,ATM,Travel,US,23,0.1520999910482145,0.09800525148375011,0
5497,272,157.56398877300526,Online,Clothing,UK,21,0.3616816494716117,0.17174531946029972,0
8138,266,129.01733386331,QR,Travel,FR,14,0.33481115478806,0.19521668998226285,1
8154,908,25.76697390310677,POS,Travel,FR,11,0.18059789676076732,0.05465812928342162,0
5061,956,152.47239570176106,POS,Grocery,US,9,0.34068192350446674,0.5244067257600294,0
3808,747,84.84824038728703,ATM,Electronics,DE,19,0.29418529776543084,0.159588293473207,0
5461,170,124.07832545944107,QR,Food,DE,16,0.5651767899112298,0.2058409636517468,0
7151,829,4.191968161649916,Online,Grocery,FR,10,0.004629892668602265,0.08570752059898583,0
3556,225,14.386015060932843,ATM,Clothing,UK,10,0.4341700339800771,0.12638032734000806,0
9557,22,161.55925625349235,POS,Electronics,DE,9,0.2933410847700556,0.0958636040962616,0
1674,134,169.17475971068316,QR,Food,FR,4,0.10849100625058175,0.3762627191660128,0
2512,867,7.239761643458243,Online,Grocery,US,19,0.2736840709125248,0.33131676447202263,0
7947,780,71.65305504273876,ATM,Electronics,TR,17,0.21578482014416922,0.04114916169702164,0
7249,956,309.5805536262705,POS,Electronics,FR,16,0.10807103758572591,0.19676934394725826,0
3988,700,109.18656228770891,QR,Food,DE,12,0.06800199083855414,0.24244594785981566,0
2388,269,44.460132648509976,POS,Grocery,DE,18,0.05079402910436148,0.19415132620079303,0
9954,865,27.082680219995442,POS,Electronics,TR,18,0.12314042842742601,0.2306554845583554,0
9032,998,4.574674399213488,Online,Grocery,UK,15,0.0887904063173619,0.5076121734960578,0
5857,922,27.284023160982024,POS,Grocery,DE,1,0.05785839076801087,0.11134038110720941,0
1739,546,26.451165176927987,Online,Food,DE,7,0.2590485440342088,0.13683114957645237,0
3905,689,62.05968085737549,ATM,Travel,US,11,0.3344921365512833,0.3290410382207009,0
3568,909,187.49976276581955,Online,Electronics,TR,11,0.467452624910238,0.9574008568690553,0
7387,541,209.7083311147032,Online,Electronics,FR,23,0.26408035140732977,0.009902836815577201,0
1589,790,53.463441336689264,QR,Travel,TR,8,0.28698041110388584,0.3150655640615596,0
5596,494,51.572086304621514,POS,Electronics,US,10,0.06098840433283708,0.25680542511183574,0
415,182,617.309615449997,QR,Electronics,UK,21,0.2249128356642901,0.39563564772178467,0
3555,631,24.958595301161363,QR,Clothing,TR,11,0.025807372126573167,0.22061101587194565,0
9956,283,34.24374116293365,POS,Travel,UK,14,0.10715998167604726,0.08116938490671428,0
8866,843,62.19269230113158,Online,Food,DE,14,0.18511537166623593,0.1151919384235826,0
5186,650,280.49870252017683,Online,Electronics,DE,22,0.05709313860423984,0.10210926200368738,0
4304,12,16.822480275472504,POS,Electronics,US,23,0.40425510722565283,0.0441314201280124,0
7497,393,90.68876623047571,ATM,Grocery,US,16,0.13675196487124966,0.03737392265133246,0
5846,475,16.22371074251732,QR,Grocery,FR,19,0.10593257408033897,0.04109948263158961,0
310,882,85.96048071152828,Online,Grocery,TR,9,0.32752314115627207,0.24621556975304412,0
5822,511,41.0118161755216,QR,Food,US,12,0.16549292868156235,0.07059514051900015,0
312,192,32.79484733339136,Online,Food,US,19,0.030316002454105064,0.05855231859770071,0
4961,497,11.067043791702773,ATM,Grocery,DE,20,0.29358219401330876,0.14406321519608006,0
8044,290,85.77833211383935,QR,Grocery,TR,11,0.5034603952723965,0.19803570047303903,0
5921,228,48.875512378879435,POS,Grocery,TR,22,0.048190668397181995,0.1577525043868667,0
5930,944,1.0784085375008436,ATM,Travel,UK,23,0.05991155221325315,0.1426067841498764,0
4511,409,579.3372592854139,QR,Travel,FR,20,0.38573406103244917,0.0989760083806189,0
9808,313,139.05668327495738,POS,Electronics,FR,7,0.6061901020167725,0.05997259456764755,0
2620,203,57.87420002186845,QR,Food,UK,23,0.41191687825488676,0.07972467402026671,0
4240,819,732.5549710379777,Online,Food,DE,11,0.20621851211348896,0.4264889994761159,1
6387,802,47.13889316875057,POS,Travel,DE,12,0.06935948458871344,0.1651074184448994,0
8994,593,231.53398145647478,QR,Food,DE,13,0.15005781867466858,0.011595873693024342,0
462,181,326.248053588076,QR,Electronics,FR,23,0.5612639059068648,0.22192099005504967,1
3062,71,72.1268580143486,POS,Clothing,UK,17,0.11377557278553016,0.1838222920668538,0
4012,374,47.97708171020241,Online,Electronics,UK,23,0.2275218021909981,0.008524914679676431,0
8213,462,397.36487478754503,POS,Grocery,TR,10,0.5626460757017939,0.4053074573944466,1
4133,395,72.9469917118092,Online,Travel,TR,18,0.17305203333115415,0.05286237744770262,0
6799,693,276.04726625647413,QR,Food,DE,5,0.09441979087653697,0.21631303897777832,0
4318,738,20.307411716110266,QR,Clothing,FR,19,0.2711595776561796,0.1602335012257289,0
7087,848,46.51434915487941,POS,Food,UK,19,0.12453705175424533,0.07171230606290627,0
7446,519,302.39861447148274,ATM,Grocery,DE,16,0.18417024170479923,0.32636490961524856,0
7757,943,15.591455395923981,QR,Grocery,TR,18,0.0035064478210988766,0.03079175001047048,0
2019,523,96.23455115273981,Online,Travel,TR,7,0.01802090411425427,0.17540792782913533,0
9578,681,14.922477157079316,Online,Electronics,FR,22,0.06440646293080068,0.3043433814407467,0
4487,21,252.93269851001313,QR,Grocery,DE,17,0.2060755549077316,0.2222992629677644,0
4640,734,333.09097081191686,Online,Food,FR,22,0.2958573676001534,0.6973731516992023,0
4833,656,7.595600319017416,ATM,Electronics,UK,19,0.23928543888173343,0.15213234999352285,1
9581,946,11.810457084881191,POS,Food,FR,19,0.221070432653393,0.30096798461396235,0
8704,734,64.96634789896805,POS,Food,FR,10,0.32123867815523516,0.06812599139239144,1
6415,440,104.62902134530404,QR,Food,UK,21,0.4588443391007278,0.42623760867074745,1
9785,187,126.29526463345945,Online,Clothing,US,10,0.15948841998587307,0.04878205288231965,0
3713,732,19.78819592070372,QR,Clothing,FR,18,0.18401369424970795,0.08108193172310393,0
5769,81,192.12943073886603,QR,Travel,UK,14,0.4116967896538373,0.240526178776897,0
4742,463,109.13247162929186,ATM,Travel,FR,18,0.5537221171870996,0.29441318691232377,0
6400,709,145.44163471750113,ATM,Food,US,3,0.20997933230098145,0.04068799069373456,0
9313,949,362.2032607485673,QR,Clothing,FR,17,0.188209026099147,0.11384126033652392,0
2369,848,27.02831687721598,QR,Travel,US,17,0.11556841541224074,0.3244947466656831,0
238,529,182.3922899899356,POS,Travel,TR,5,0.26927143706970047,0.16496619150771022,0
3499,167,219.48021580539253,ATM,Food,UK,20,0.03503770592064101,0.08556830320637657,0
3922,432,245.79102866643464,POS,Food,FR,17,0.1658218669517916,0.3685820695205829,0
3113,59,33.99191364923611,QR,Grocery,TR,6,0.07926406151558962,0.08917489615122755,0
6126,595,1.9525022668448813,QR,Travel,TR,14,0.0705380797150688,0.12860861006115698,0
4673,331,12.025265876089756,POS,Clothing,UK,12,0.1007667535742382,0.13590514229624753,0
4896,672,296.0541950945186,ATM,Food,UK,21,0.14329475696409522,0.5409038506355784,0
2805,329,123.91508818849162,Online,Travel,DE,11,0.21828617187605037,0.1221029732205261,0
5590,544,293.9386248828166,QR,Food,FR,9,0.048629701087746516,0.22563575699426108,0
1920,589,8.180810621079633,QR,Grocery,TR,1,0.04871021267851892,0.21173763125761316,0
279,712,132.47093508413658,POS,Grocery,US,20,0.77741147401075,0.6383935306584176,1
9135,532,46.36060806169286,POS,Travel,DE,16,0.11346060512694624,0.233027714631468,0
7805,959,143.2653218176901,Online,Clothing,UK,20,0.9490782266135649,0.494520468183364,0
7420,261,37.279108754594745,ATM,Food,US,23,0.22425750310027742,0.2084510793756481,0
3276,527,42.102279287992275,Online,Clothing,FR,16,0.10837593990061142,0.824511792752315,0
8848,475,359.2035194397713,ATM,Food,UK,12,0.1752545430580139,0.2336774642154008,0
3856,335,176.8594856528629,ATM,Clothing,UK,23,0.019635834065793074,0.11875572665900395,0
2028,465,136.86214908260212,POS,Electronics,UK,22,0.2471520543640777,0.1150967879974549,0
7718,534,23.424012535297294,ATM,Clothing,US,22,0.09072366029071006,0.0840636879006396,0
36,573,17.512897791986255,ATM,Travel,FR,18,0.02643280914124018,0.08955752976131028,0
9671,666,113.205778493194,POS,Grocery,US,13,0.1506991136605952,0.19031592402436365,0
5568,699,758.7534665016541,Online,Travel,FR,21,0.22065316495478332,0.4630092524336077,0
2646,33,14.490456625832913,ATM,Electronics,UK,22,0.1617297333759397,0.18467727730212047,0
8623,743,78.77927828112753,ATM,Food,US,22,0.08807777059107333,0.05492516288001412,0
2513,94,371.0555678727387,ATM,Food,FR,11,0.1484159980519647,0.32119990288833594,0
3189,689,138.7850080959892,QR,Travel,DE,4,0.22235255102527815,0.12899849741195898,0
8072,149,6.265235932991692,ATM,Food,DE,6,0.13687462435810016,0.1540667266429056,0
2610,498,90.2358561784333,POS,Food,UK,4,0.18099759215750935,0.061116511187704996,1
920,840,7.8390951819233035,Online,Clothing,US,13,0.07095211343841204,0.11051735025043812,0
4297,514,638.2845423323982,POS,Clothing,US,12,0.14915552144574823,0.3916039101606053,0
2482,743,197.89444265679785,ATM,Travel,US,7,0.6362358662006125,0.16230061495706052,0
4549,233,238.60295443697086,Online,Electronics,DE,19,0.015941298388876455,0.2427325596564957,0
3379,136,100.84263385244031,ATM,Clothing,UK,10,0.31204377121414534,0.5088646162633241,0
1212,314,57.23087476068465,Online,Food,US,21,0.07824940519762755,0.4294868671604459,0
6356,441,4.791090435712263,POS,Travel,TR,23,0.06678132658779187,0.3471184868704566,0
7459,693,116.07419673888256,Online,Electronics,UK,18,0.15764681569940006,0.5791631319907047,0
5009,87,362.23215703810524,QR,Food,DE,18,0.5156461176133644,0.2532291871958133,0
9268,986,42.98884054879925,QR,Food,TR,8,0.4974025728612212,0.26339438433424117,0
8825,686,12.359648725903789,ATM,Clothing,UK,9,0.2517646613583874,0.05517421642639893,0
4327,233,190.83423472505567,ATM,Electronics,US,22,0.10048593021164438,0.03090631467401954,1
9628,27,416.2153900238548,Online,Grocery,US,17,0.2750156166713534,0.16985784040986374,0
5656,595,218.4908776268015,Online,Grocery,UK,12,0.10455305269170186,0.3323780411692872,0
9447,698,51.49821426726652,QR,Electronics,FR,19,0.056978609909918015,0.11497740615747716,0
7719,153,428.8825422149711,POS,Electronics,TR,5,0.1333048410394256,0.719443957406612,0
9488,734,310.1413508560094,Online,Clothing,DE,20,0.5803057639644934,0.045669618552326235,0
4649,536,3.941748073611959,Online,Travel,TR,17,0.22821066609953397,0.296349586143624,0
4684,620,54.504291372629574,Online,Travel,US,21,0.07178636170444076,0.11859290473227162,0
8703,716,326.5925345498632,POS,Grocery,TR,16,0.14416008584123471,0.35020297732201777,1
2078,872,294.3169770266098,QR,Grocery,TR,1,0.19776376652023955,0.1436697807444493,0
9246,528,49.96526101720754,ATM,Clothing,TR,13,0.11035898468666959,0.012358272664058569,0
5327,527,173.76861186584847,Online,Food,FR,7,0.10979111904589405,0.08561079903041657,0
5370,481,201.3649463735214,ATM,Travel,DE,21,0.11504376136642076,0.07679587274112157,0
3494,496,202.15878772919572,ATM,Clothing,US,16,0.4204741479698249,0.16506635864941266,0
4999,282,946.0480078942613,POS,Grocery,FR,18,0.4703461528137996,0.28490238850122634,0
7999,31,168.10873996825092,ATM,Grocery,TR,22,0.17150510015992756,0.1700214134598821,0
2671,317,13.8772885593655,ATM,Travel,US,19,0.05453382804375996,0.2696795105372607,0
1588,301,172.11300434222395,QR,Electronics,FR,20,0.05780766307748203,0.06537708426095187,0
748,991,71.65942043210532,ATM,Food,US,19,0.24313918112565758,0.0631132810025376,0
2821,117,15.354059061870597,ATM,Clothing,DE,18,0.019397971259370934,0.08541519615825888,0
9393,600,1.2581689186510627,POS,Electronics,US,23,0.02916775653147903,0.02209875917430497,0
921,191,78.16566040734007,QR,Travel,TR,16,0.2306948524091795,0.08071675012409422,0
1183,409,186.64710187975896,ATM,Travel,DE,13,0.03585867273158859,0.09630163467523274,1
8123,48,193.65470671386458,POS,Travel,FR,18,0.42776588898272017,0.4401959402227734,0
9075,913,8.520668081384585,ATM,Electronics,NG,8,0.08785046626729744,0.04008081866356468,0
9626,609,166.51246683892668,POS,Grocery,DE,14,0.05831778477000901,0.6007346123862958,0
8491,868,51.95850399214991,QR,Clothing,FR,15,0.13968277668100798,0.18770019205781516,1
3998,918,249.38217325031755,ATM,Electronics,US,16,0.08129707965117197,0.2565707235738554,0
7388,574,720.4142530103345,Online,Clothing,UK,9,0.10676485903616878,0.2582722898659446,0
4208,183,5.71431693640351,QR,Electronics,DE,16,0.0415216182519308,0.018855159691030892,0
1957,791,70.34075922218526,QR,Electronics,US,14,0.049031047779210954,0.06367604936853054,0
5095,374,147.89979250291043,QR,Food,FR,11,0.22418785265077507,0.06366735045008223,0
3486,719,689.1283465768256,ATM,Food,DE,11,0.2107470080270808,0.42249466124425783,0
7938,677,269.3732119935766,QR,Travel,DE,11,0.22102806211693937,0.0303553849009884,0
9614,143,92.78311501578372,Online,Clothing,FR,9,0.17327072977713795,0.2688965867941738,0
8205,975,227.31043601841696,POS,Electronics,US,21,0.18457040658510898,0.0332183438922967,0
4424,526,16.592740975989685,ATM,Clothing,FR,11,0.21765668874263314,0.024321426572378905,0
8369,860,42.56967385868185,ATM,Food,US,16,0.014678930639233232,0.11712486994129721,1
862,713,66.78502363230928,Online,Food,DE,9,0.09682408385089698,0.15252353210847627,0
1379,480,6.31341127633344,POS,Food,UK,13,0.22187081929564503,0.14579198200221447,0
3096,446,20.322699040803013,POS,Clothing,FR,12,0.057311197571330776,0.23855003235769728,0
1768,125,24.999520368608845,POS,Grocery,TR,18,0.3736294333013821,0.1814539382354871,0
3670,813,322.1219805279155,ATM,Travel,DE,5,0.217779711414546,0.4070495620081531,0
5888,204,359.38089871583134,POS,Clothing,FR,19,0.33922070022765227,0.12188406021061994,0
5357,233,158.8744203501004,QR,Electronics,US,14,0.04726279407555242,0.08503550249030863,0
3560,606,132.50762004343153,POS,Grocery,DE,17,0.16012016716598934,0.11291764617521678,0
1894,824,285.7205748016481,Online,Grocery,DE,20,0.09124251405760221,0.04682131822274615,0
9843,869,49.651032587498634,POS,Grocery,FR,10,0.048763520390594506,0.06691242180931989,0
3298,404,367.1855384039248,ATM,Food,DE,16,0.44788805389926073,0.2338962905048596,0
8272,722,236.63794349356152,QR,Electronics,TR,9,0.07832773744370437,0.24818774334488244,0
2248,282,31.247481352747485,POS,Grocery,US,13,0.027225853575295188,0.008391284744688081,0
1929,501,283.0163014074916,POS,Electronics,UK,22,0.11941751519622427,0.12913512923475384,0
2553,62,5.27282136201171,ATM,Grocery,UK,6,0.07636858217189832,0.11517734703347604,0
4322,572,276.5932489806232,ATM,Grocery,DE,4,0.4313083550454705,0.17063084086257801,0
2031,946,84.51045636156624,POS,Electronics,US,12,0.20653458842602565,0.14306713406294583,0
3599,103,280.2358338724694,POS,Grocery,UK,8,0.06517528270207301,0.15653508985502781,0
733,592,58.55655806736781,ATM,Electronics,FR,21,0.08153199261777068,0.0420205593321503,1
6894,623,181.1396725462695,ATM,Food,UK,15,0.1886602062256788,0.11561024317248082,0
4806,827,1.3960448056626213,QR,Grocery,TR,10,0.014158209702465025,0.010287810865150921,0
8591,955,56.91065988111149,QR,Food,FR,22,0.03287962685565064,0.13918994865854503,0
4111,792,222.37962512087134,ATM,Travel,US,7,0.08452272644551136,0.18285611815868752,0
9834,459,3.003392838437807,Online,Food,TR,15,0.06798283803185348,0.08537494467198474,0
5693,635,430.89869598390743,Online,Travel,TR,22,0.1251368387621799,0.22051456656323973,0
5319,354,56.37028566469484,QR,Grocery,UK,16,0.07025770675184273,0.06912302126892876,0
1785,567,1.0079162567284532,QR,Travel,TR,4,0.011132206690268568,0.015729368732054508,0
6095,29,264.9305883587557,QR,Food,TR,21,0.22686048981348422,0.17906378420687466,1
7731,264,20.02995655284076,Online,Grocery,UK,8,0.03079776378823432,0.03288653591646538,0
757,294,413.6319339983925,Online,Clothing,FR,22,0.06209639287315331,0.12088532518272208,0
413,87,136.68700219318757,Online,Grocery,TR,13,0.050524467777708706,0.12346242791571362,0
8134,383,92.22395973924421,ATM,Electronics,DE,13,0.5179754820766516,0.30617467807671883,0
3019,410,146.58676073215085,ATM,Grocery,US,23,0.4302951246300518,0.21026889437608023,0
5486,593,299.4737752350809,QR,Clothing,UK,16,0.1692046782357686,0.058313430871435444,0
3244,231,177.04903425655866,Online,Travel,FR,20,0.541156345489189,0.4213219483982156,0
5576,698,108.58330455905552,QR,Clothing,UK,16,0.035463884012414085,0.17765527629969158,0
3015,919,76.6126164171561,Online,Food,TR,19,0.22450412022038724,0.08923428912386372,0
4655,46,349.5629921135157,Online,Electronics,UK,12,0.096850400164945,0.3696468152199314,0
1494,182,24.557076622659995,POS,Clothing,US,23,0.11961515583615444,0.15632412631911904,0
8595,125,623.0383686010246,ATM,Electronics,DE,14,0.28141471546874736,0.23689515627122412,0
7567,78,402.9144336534263,Online,Electronics,US,20,0.28906480437302523,0.15206567913595395,0
5731,499,59.61807414006509,QR,Clothing,FR,12,0.07295247695815804,0.1287597037347094,0
3247,790,13.805231110707764,Online,Food,TR,22,0.14432250890084056,0.15166572710988746,0
6980,310,31.620872942995977,Online,Grocery,TR,9,0.2823132630924277,0.18907180208961227,0
7853,844,9.337794070236859,Online,Grocery,FR,13,0.12554353583939923,0.0068131521822122456,0
8085,23,24.409912859183148,ATM,Grocery,DE,20,0.08802244233964701,0.22773436706688105,0
8395,55,723.9932426721165,Online,Electronics,UK,7,0.4392133499236505,0.27278273967848304,0
8019,953,18.36489632524538,ATM,Clothing,UK,8,0.16522653472772988,0.07174842728049856,0
9710,423,2.3348037038538503,ATM,Clothing,FR,22,0.028665417621916763,0.024028835314631184,0
4526,88,276.8380216826373,POS,Food,FR,19,0.12048485141046301,0.2799225922611184,0
9923,52,1.0143679925035092,POS,Electronics,TR,7,0.07376624534401784,0.05813763818415439,0
4703,728,93.00330931727156,QR,Electronics,FR,12,0.17922773974313927,0.06550743190003543,0
1209,55,211.4229562359414,QR,Grocery,FR,5,0.10095934468273512,0.12444769337593169,0
1453,666,10.928086444969374,POS,Grocery,US,17,0.18584563843067703,0.09544269348814469,0
7946,71,54.188506046110575,POS,Food,DE,15,0.12715890054142007,0.02539026487303805,0
4904,565,103.81814067594615,Online,Grocery,DE,16,0.42987818059978167,0.2615651133220089,0
6169,565,42.70843821985853,ATM,Grocery,TR,23,0.10874991688647008,0.13933720311251777,0
8616,805,290.1857915078618,ATM,Clothing,TR,21,0.3991598942181211,0.05464214161298942,0
8584,830,14.567921534043222,POS,Food,TR,21,0.004982442712296775,0.0771014438360006,0
2237,336,27.82208664715704,POS,Electronics,US,23,0.2333279161855964,0.13495175359237624,0
5288,753,27.44091648015871,Online,Clothing,TR,19,0.414034213240665,0.07795218235110893,0
7587,103,341.183882956588,Online,Electronics,UK,10,0.28554318669848183,0.27818966796235883,0
2414,149,48.544348309069875,ATM,Grocery,US,13,0.04087077240303067,0.06944958787433626,1
5506,607,7.216242642779649,Online,Food,TR,11,0.03680106876380624,0.049803105736301964,0
8117,421,202.94968663590944,ATM,Electronics,UK,14,0.05797894392638086,0.29141393450856495,0
9007,487,28.617645733463743,Online,Food,FR,15,0.2544513013316063,0.0437189330056471,0
3320,830,297.086941367965,Online,Electronics,UK,9,0.1642474221359245,0.19370988366674538,0
5590,402,5.53010079913027,POS,Clothing,US,19,0.0877380682264157,0.030093309436058067,0
5032,238,522.4631703341148,ATM,Travel,US,3,0.09417810483517412,0.3600590813415099,0
4657,566,273.1480096374242,Online,Clothing,UK,15,0.5939325636892295,0.02446851042288305,0
2577,275,24.673145195454815,Online,Food,DE,21,0.004945991190193115,0.1582276067630989,0
9760,844,10.477119571591556,ATM,Electronics,FR,7,0.4967108503963246,0.1740842773888368,0
2314,989,346.43767146175907,ATM,Grocery,FR,18,0.007748259468402799,0.0334915745952659,0
8824,727,89.20173415432328,ATM,Electronics,US,12,0.06309238830221595,0.34723646945062553,0
901,796,9.021836570028217,ATM,Electronics,UK,15,0.4057355062986121,0.04413228789657569,0
2124,397,607.4775502365486,QR,Travel,TR,9,0.15972362571894658,0.2013358922548334,0
3860,273,50.58439030240358,Online,Electronics,FR,11,0.0803519664362392,0.12657987859860267,0
4783,912,53.57907860325636,POS,Clothing,US,11,0.06103165330577964,0.011857968577069972,0
7523,332,1.795390924987309,Online,Travel,UK,15,0.05693831504684781,0.2774001178193976,0
6178,789,39.174505688640316,POS,Food,TR,13,0.006070124197404456,0.015348169102444388,0
6827,328,237.1120801590769,QR,Food,FR,9,0.17603339895499842,0.24740005822655126,1
286,479,113.16562201154818,Online,Travel,TR,1,0.23673332752070722,0.4108967671691838,0
1153,910,43.94115910735079,Online,Travel,FR,6,0.10661582738859114,0.1576906546178401,0
4041,725,40.42311962188085,Online,Grocery,TR,22,0.06878120810077733,0.12107386399592435,0
9932,992,122.55476207594243,QR,Electronics,DE,16,0.1484767055850727,0.32398121500205834,0
6105,676,5.995382265882792,POS,Electronics,TR,21,0.04361975172737059,0.07667511117922851,0
793,795,23.723331759639933,QR,Travel,US,17,0.03758025084047704,0.056421795043001356,0
9918,529,1.3645127036148708,Online,Food,FR,9,0.05172833761704055,0.06300026508348872,0
7994,680,10.846311940651464,ATM,Clothing,TR,21,0.03941989493416041,0.38209921657402285,1
2756,31,64.6581531121083,POS,Travel,FR,17,0.1411082566618629,0.11615453130643835,0
2409,880,116.5460545172081,ATM,Electronics,UK,9,0.2215502290223779,0.11672767158637326,0
2056,174,28.990168414829682,ATM,Food,US,17,0.08220117090798441,0.04120462896557425,0
1016,216,233.79562055676084,QR,Grocery,TR,10,0.016002391870227933,0.022592978683809398,0
3339,93,2.6886732108377154,ATM,Grocery,DE,16,0.020091014553981386,0.16998427258507667,0
5798,355,205.9906094786843,Online,Electronics,TR,22,0.08763410784521791,0.02938628481945086,0
7529,936,1.608839950933849,POS,Electronics,US,23,0.2633693188123712,0.024615086633738615,0
8400,206,67.38975353415324,QR,Clothing,DE,16,0.11779881071316294,0.06878327461663944,0
1037,594,20.12120970564961,POS,Electronics,FR,21,0.07543362295249652,0.09394676626757126,0
5826,339,454.6629075813783,POS,Grocery,US,16,0.1677310037322402,0.16348089877139582,0
9002,792,42.76077110312455,Online,Food,TR,8,0.16356384195302354,0.363900593365838,0
4759,68,32.35360382028887,POS,Clothing,TR,21,0.1328149137583454,0.30994030632191727,0
5049,185,316.0309111613886,QR,Clothing,UK,22,0.11652676494228155,0.18002310892474238,0
6815,451,43.66622630641157,QR,Electronics,UK,12,0.1101748264328704,0.11262300761759118,0
239,914,2.933339927259686,ATM,Clothing,DE,20,0.16507006414229236,0.13791467890857087,0
1837,640,166.59717745863733,QR,Food,DE,16,0.5033595264628614,0.17394712982541619,0
6593,722,9.871408955402602,QR,Clothing,US,13,0.1391948049785818,0.29116028905999175,0
352,944,56.69773840327027,POS,Clothing,TR,12,0.582344724390064,0.462375116038027,0
6572,980,275.54075508308057,Online,Food,DE,8,0.11913259327546048,0.3585581039594583,0
3596,659,366.2992665101563,QR,Clothing,FR,15,0.27886641856338373,0.05599480210160967,0
6781,138,27.809099601763204,ATM,Clothing,UK,19,0.024808206880054258,0.06340574332817182,0
2657,68,2.2733203930033548,ATM,Electronics,FR,20,0.09488627709725496,0.3774894579285169,0
3256,451,3.04795904978052,QR,Electronics,US,22,0.04720548891374128,0.003407014829655949,0
3755,216,503.74749320284894,QR,Clothing,FR,16,0.2173708118810123,0.26854239903396054,0
9716,715,103.40934559218987,ATM,Electronics,DE,22,0.021874155748980464,0.07616309931467019,0
2457,124,427.57099728977886,ATM,Clothing,DE,18,0.18267587440117644,0.4709837217582996,0
8883,222,36.579692091047974,Online,Food,FR,21,0.2770131765861727,0.22536722943160759,0
4705,621,16.05448315178048,QR,Electronics,FR,18,0.5994683042921287,0.5037894111179061,1
9980,24,152.26580909940193,Online,Travel,TR,17,0.40029207639952724,0.13937832590617627,0
2575,467,44.713972531456584,POS,Grocery,US,9,0.06083688687460781,0.26302959113871527,0
6985,390,167.26407031367341,Online,Grocery,DE,23,0.07398678663469907,0.17725540145579058,0
1169,157,106.9132246662057,POS,Grocery,DE,15,0.2584968039709016,0.4918965751131832,0
6599,970,139.86081655117758,QR,Grocery,FR,22,0.30117782878383015,0.14738835723510746,0
2901,713,22.945953369543822,QR,Grocery,FR,15,0.008249183695080776,0.10869134891481848,0
1054,257,13.762581393373924,ATM,Clothing,UK,23,0.4264911872612375,0.2002996300385326,0
2472,121,403.6581016830426,Online,Electronics,US,19,0.43472364114212425,0.24956865299562808,0
9959,313,492.017859730558,ATM,Clothing,US,23,0.06814861568606476,0.11855811798323902,0
461,749,341.02349469375105,QR,Food,US,22,0.09000701664223379,0.025271333557115427,0
5217,371,180.48402069962535,QR,Travel,DE,17,0.2629731022831404,0.1443008349814627,0
5043,998,36.0254586597418,ATM,Food,UK,2,0.06734213718554202,0.1292161196819117,0
6745,411,44.699291112645376,POS,Food,US,14,0.14250218035814935,0.0077885017751367904,0
1450,347,85.38699898993566,QR,Clothing,UK,16,0.12342574823534658,0.0502734510787445,0
3660,789,111.09289167923869,Online,Electronics,FR,11,0.11956847142034986,0.048888951989246324,0
2627,887,404.28935745049785,POS,Travel,DE,6,0.5557761804644548,0.14233321593635936,0
1006,604,11.52541618581374,QR,Clothing,NG,13,0.2487713631523829,0.12190047716400353,0
1291,692,67.06810490822008,ATM,Grocery,FR,10,0.09378376785876814,0.03612188063486609,0
6965,282,373.20154734332414,QR,Travel,DE,20,0.09743880617380317,0.060662857103247356,0
1749,605,22.456769716558536,ATM,Food,UK,7,0.11576244167055591,0.3744994933276006,0
1933,719,483.57445760474974,POS,Electronics,US,13,0.21400238039927857,0.5563192878214087,0
2724,75,95.757512568155,ATM,Clothing,DE,15,0.5748069963499329,0.34854337519262224,0
8945,593,1038.2508192950877,POS,Food,DE,6,0.12394671271176234,0.01459080139538588,0
2946,656,1.5313609021299963,POS,Grocery,DE,17,0.03551521025254653,0.08469050180802423,0
6170,782,110.69207881137599,ATM,Grocery,TR,23,0.1984769182321528,0.10322738689035281,0
7148,876,18.544469729537436,POS,Electronics,DE,18,0.114737360032568,0.4322570110508025,0
6122,76,362.9723988955308,ATM,Food,UK,16,0.26753923548271263,0.21517853379745683,0
593,269,92.3699058648599,ATM,Travel,US,19,0.048734020383867725,0.06957887909255235,0
7342,221,80.46058504141958,ATM,Electronics,UK,13,0.06694273814412514,0.02482831080346834,0
1236,64,126.14943081729118,POS,Food,FR,21,0.7254125923269863,0.5661797338517466,0
3868,466,215.49616928451218,POS,Travel,FR,18,0.008957102095687099,0.1826576716766826,0
8557,735,238.69032546795438,QR,Grocery,UK,14,0.3791454447333158,0.38027379171321307,0
8360,675,18.974496165591358,ATM,Electronics,DE,20,0.04120479124880672,0.12658886777377024,0
7577,492,416.591391569916,QR,Clothing,DE,18,0.0988565865878172,0.04740556648707147,0
9704,232,391.97042085650605,Online,Food,DE,19,0.3107302406082363,0.39148972702362655,0
1236,807,60.49090884461959,ATM,Clothing,DE,16,0.10900606826484345,0.14424105343958138,0
2119,509,91.14644741116636,QR,Electronics,US,10,0.11822250983128456,0.3190188320937812,0
2533,217,154.4015260818597,ATM,Grocery,TR,21,0.17658288709384162,0.28879889847624013,0
1387,85,67.10015799889986,POS,Electronics,UK,10,0.0766330592445414,0.04916573886665583,0
4754,734,410.9704268533465,QR,Food,TR,7,0.2529744894346268,0.3037660332914811,0
2524,330,127.3753691262014,Online,Food,UK,10,0.024007316955533663,0.22800001044783796,0
9702,732,7.443492438167981,ATM,Clothing,FR,18,0.08389025585964516,0.11166952986301515,0
6297,535,433.8485485142341,ATM,Electronics,UK,16,0.17882512079118754,0.3856506959492412,0
5871,527,92.68947740587777,ATM,Travel,US,17,0.08930725048644357,0.10033630917083436,0
2188,362,2.685693492505729,ATM,Food,UK,18,0.05599522683122848,0.13657132337892613,0
9729,307,90.47889288937327,QR,Grocery,US,20,0.059478422622625135,0.30167031567636493,0
8214,350,313.6944555919404,Online,Clothing,FR,16,0.2310549174552724,0.34812664629132417,0
4254,28,24.189155666834093,Online,Food,FR,16,0.3013292161090537,0.1086190355731935,0
4144,760,70.82538050477719,POS,Food,US,15,0.046186019083266056,0.009648515791413396,0
7387,702,51.92343884344324,POS,Electronics,FR,23,0.025732618142123374,0.03720965974540245,0
9648,129,280.6035483281966,ATM,Electronics,DE,14,0.255537475842675,0.4711031164389886,0
3586,921,159.25314935987421,POS,Electronics,FR,13,0.25744624996201476,0.08780343403833375,0
8321,491,23.213107829756527,ATM,Food,US,21,0.2832614157710684,0.14630472180267687,0
5493,231,300.6065998134956,ATM,Electronics,TR,12,0.1291738305982273,0.17724267345462685,0
1251,600,80.12902192879842,ATM,Food,FR,22,0.5628535837689119,0.1305394545758932,0
735,888,9.74618138283962,POS,Clothing,US,14,0.16531492130533,0.5820674305853134,1
8251,588,618.6131311125907,POS,Travel,US,9,0.052865126412753635,0.11428699758650514,0
997,589,346.8269244201283,Online,Grocery,US,18,0.340395498912452,0.30250666569352996,0
6791,382,108.39794695546507,ATM,Food,UK,21,0.1563127922557082,0.09102823040285479,0
3457,826,6.860785134638442,POS,Food,DE,12,0.06752274327878081,0.07678493829887116,0
9486,765,504.1323993551845,POS,Clothing,DE,14,0.3825914988237868,0.5598413697035016,0
4349,103,17.24150523439231,QR,Food,FR,20,0.06412659886194437,0.06639437053533769,0
3770,567,2.073512951885903,QR,Clothing,UK,23,0.04769097991587863,0.04352429226864575,0
4494,646,85.85530499524408,QR,Food,US,13,0.03812633660294183,0.03939445433943387,0
6885,363,84.28599686893796,POS,Food,FR,13,0.08572541251327376,0.0927996404654265,0
8583,650,9.761103503492562,Online,Travel,TR,10,0.2139291577785283,0.06320572144455208,0
4114,886,193.0987005034355,ATM,Clothing,UK,16,0.24795365418227433,0.13268719659849149,0
9689,939,45.76629596896631,Online,Clothing,US,8,0.22305861843171446,0.3805422230830833,0
427,975,84.46555923988062,QR,Food,US,15,0.005218136305500996,0.0972693614336524,0
1936,51,300.5185478652207,QR,Food,TR,14,0.22054062463688853,0.39795438994586985,1
4415,363,123.67524612733123,POS,Food,DE,4,0.13956484023691806,0.20765293357895356,0
7040,69,29.105644314272485,Online,Food,UK,12,0.18195962806712623,0.23151762905105197,1
9919,809,221.12271398489034,QR,Electronics,DE,19,0.09498614876287702,0.20993054004802675,0
604,283,275.0916466525139,QR,Travel,TR,23,0.2172979642288501,0.5649792094078774,0
6619,45,131.07258554412866,Online,Grocery,US,11,0.2815817095444288,0.15034359491748625,0
6622,496,43.03479671189034,QR,Electronics,UK,20,0.6141223562649307,0.07570013109939212,0
1361,611,51.32275456876719,ATM,Travel,DE,18,0.1745963117166192,0.04035485015632883,0
4397,809,54.99881430980813,POS,Food,FR,17,0.11541779035448878,0.14968760607389714,0
899,513,426.04204118886713,POS,Clothing,UK,11,0.4043585274036602,0.281749720603644,0
4660,532,11.054965169800846,POS,Grocery,US,8,0.029786247672833194,0.05220376602362042,0
2382,757,79.54952920957105,POS,Travel,UK,13,0.16439574049999084,0.06027806689126578,0
2468,365,23.962832779877687,QR,Food,TR,4,0.2911733345369654,0.4530327219055463,0
5766,11,13.48372751266333,ATM,Electronics,TR,4,0.10010427714520799,0.06555939895186451,0
6617,63,126.4084090000573,Online,Clothing,DE,18,0.06873638961715241,0.20797502256899877,1
3742,28,92.69367602669962,ATM,Food,DE,18,0.26202788535536553,0.2435759331435869,0
235,444,116.81927792647123,Online,Food,US,9,0.7078506650049589,0.07113937335476685,1
7967,266,124.64587767522619,Online,Electronics,FR,19,0.4546068140316436,0.22958053291401526,0
7145,769,57.39061137862274,POS,Electronics,US,20,0.07288480852198338,0.026615757735667156,0
1488,201,4.826818536052824,QR,Electronics,DE,4,0.08126002646135329,0.033870443377933386,0
6163,409,7.405426826874576,Online,Travel,UK,12,0.033502103974737525,0.0031287118608549977,0
4874,410,275.0326733955035,QR,Clothing,FR,16,0.2305582870720281,0.4135212186451832,0
2985,962,262.7635982468719,ATM,Clothing,UK,17,0.3724630656642547,0.5477538672435149,0
9473,373,31.897376437367466,ATM,Travel,FR,17,0.18783595516922189,0.003713001360804687,0
3120,656,198.18668124509594,QR,Electronics,UK,21,0.21443973746662007,0.1532612348013776,0
8506,788,93.08050627486695,POS,Electronics,DE,21,0.2017113693765425,0.5100866486351401,0
3286,524,46.42245315919617,ATM,Clothing,UK,17,0.3184620239119965,0.26658510204263186,0
4880,646,117.30194658963792,QR,Clothing,UK,22,0.30888330945641584,0.2004694924419956,0
3979,693,154.72771553189727,QR,Food,UK,22,0.8131159307748769,0.6667235213860425,1
1451,8,603.0428036248983,ATM,Grocery,US,3,0.03847454407912797,0.14472297688805272,0
4894,68,299.12554295765796,POS,Clothing,DE,21,0.07901398829480002,0.2149989747350805,0
1462,400,879.0953139813321,ATM,Food,UK,15,0.2778259909846825,0.23159674455816404,0
2911,402,27.475054852843698,POS,Clothing,UK,21,0.060362441060578004,0.07488511134981832,0
3766,980,20.600465493512857,POS,Grocery,FR,20,0.044111369870712146,0.1274280566212384,0
7582,158,20.35176724897057,QR,Food,UK,22,0.39328255393292816,0.18167341686570337,0
1456,16,1255.6912176094745,ATM,Travel,FR,22,0.4250766308678543,0.40742608083661086,0
4430,857,188.38376438283407,POS,Clothing,US,15,0.09511373469804872,0.11184262346163319,0
5511,494,27.521314256873907,Online,Electronics,FR,20,0.41495734581631516,0.19925226085238315,0
606,871,385.2944443589973,ATM,Travel,TR,17,0.13019569941553283,0.1541377200079384,0
6292,870,35.69111850398943,Online,Grocery,UK,5,0.07820050027320762,0.060064016219563005,0
2207,165,533.3373313140961,POS,Grocery,TR,2,0.24819206926342713,0.4427157023807358,0
790,999,306.3094813815691,Online,Grocery,UK,1,0.08216608990440945,0.07044280108883787,0
7530,605,233.37209611717373,ATM,Grocery,US,15,0.26138579894287534,0.34314140651839614,0
2262,260,23.16865662215346,POS,Electronics,DE,21,0.13593945237620916,0.15625853669570663,0
2742,420,21.64357427503392,Online,Grocery,US,6,0.5432198808152098,0.5284662844264563,0
2294,790,88.14166641908923,Online,Grocery,US,15,0.13384853920170883,0.2165791765247863,1
8497,737,113.92009639669055,QR,Electronics,UK,19,0.11121521334384155,0.08343339078747787,0
2829,779,130.61874672564485,QR,Food,TR,3,0.12529671957078153,0.18813858522108742,0
1279,644,468.4358059799799,POS,Electronics,TR,12,0.018300762037264464,0.08670516211742987,0
5362,332,26.641812311480734,POS,Grocery,FR,15,0.15489837492335223,0.004551494267046484,1
7894,257,463.20453257773585,POS,Clothing,TR,20,0.6144859762059913,0.30931279338875833,0
9082,566,4.8268994487598285,Online,Travel,US,16,0.347486636759293,0.24647878456391564,0
464,246,253.07141924660493,POS,Travel,FR,20,0.09916637939130718,0.005974502462979702,0
4658,674,438.8539141556455,ATM,Electronics,FR,11,0.5750588424984371,0.4708476283023973,0
3693,777,53.4949459727299,QR,Grocery,FR,20,0.6906384976393904,0.4649716000713173,1
6902,588,156.985735343639,QR,Grocery,FR,16,0.2503295419571343,0.18142231766602218,0
166,484,69.67829521739287,Online,Electronics,US,18,0.050782888857256375,0.25761780912854637,0
4042,271,269.0223789298919,ATM,Travel,UK,23,0.2237774164428159,0.4854503284057769,0
5194,157,21.596023791983626,ATM,Electronics,NG,15,0.1341290887333568,0.06109661112186221,0
7471,196,49.87302671895648,QR,Food,UK,9,0.047148748517994825,0.06015461812558697,0
7415,573,155.01094347003433,ATM,Clothing,DE,20,0.13116779675360174,0.21022961085582204,0
7952,494,267.13814816936843,ATM,Electronics,UK,14,0.5604087223809477,0.1790574532280269,0
1354,475,388.83190165963254,POS,Grocery,US,20,0.1900649277804676,0.3042545867628185,0
9054,232,11.570285581118885,POS,Electronics,DE,16,0.06830563125203873,0.4158222546907571,0
320,274,15.06332260282032,QR,Grocery,FR,21,0.3475325642253691,0.3524495507204352,0
7439,534,85.75769457947622,Online,Grocery,DE,7,0.06447321899471062,0.12004483035985669,0
5839,528,85.33681964635691,QR,Electronics,TR,10,0.7877669638605271,0.1938169800821232,0
4900,28,20.84619386063244,QR,Grocery,US,8,0.010869763670355019,0.04043398813551767,0
3017,584,21.175225923980058,QR,Clothing,US,7,0.060565990390315606,0.17788132290752373,0
1472,232,33.96356410515279,POS,Food,UK,17,0.14996986730329165,0.33803609846708127,0
6610,688,41.8237820721278,ATM,Clothing,TR,16,0.11186960224180525,0.303265324751932,0
3577,739,239.01815583164657,POS,Grocery,UK,6,0.006865492103189198,0.1485689159342931,0
6139,771,590.3001366314306,ATM,Food,UK,17,0.08107467853894157,0.2764313010547195,0
1205,189,54.09139177016541,POS,Electronics,FR,7,0.35428879338007185,0.04766966315634901,0
6823,851,209.70380218147622,POS,Travel,US,21,0.13772760575257872,0.12721887529341377,0
5375,803,107.26810960391055,POS,Clothing,US,15,0.21862514558533708,0.13478087002776135,0
5241,530,135.53018414455954,QR,Travel,FR,15,0.2632796385253256,0.2894294781680489,1
6373,451,51.9940607434645,POS,Food,US,9,0.05772220618602114,0.09651117008897817,0
1653,50,223.06978726822237,QR,Grocery,DE,17,0.27839246346442226,0.5668422122616882,0
8767,157,59.24875764224891,Online,Clothing,DE,17,0.14767077488488228,0.19761289239166188,0
9109,341,71.27165326230367,QR,Electronics,US,14,0.18117668091080738,0.07011419867809571,0
7574,674,144.28494562317778,ATM,Clothing,TR,8,0.6107978816234219,0.04816545603924435,0
3098,187,498.88084330690134,POS,Clothing,DE,20,0.16711736860005613,0.14961003684592739,0
7693,912,58.935931572592985,QR,Grocery,UK,14,0.2038303048790899,0.22518087193217196,0
9728,452,40.001569980878486,ATM,Grocery,US,13,0.14080082134473623,0.2381911389087186,0
68,367,25.330875026900618,QR,Grocery,FR,9,0.21839714530222584,0.35294389008572646,0
8533,880,188.46509284551513,POS,Travel,FR,17,0.31533555890826465,0.08757758099410458,0
2306,792,129.54401153218797,Online,Food,DE,15,0.47549598404757093,0.15467141511544105,0
8336,735,930.8489570960517,ATM,Grocery,FR,20,0.1029983111952452,0.26304278788894886,0
6285,555,6.776673672543659,ATM,Clothing,US,20,0.064609979300566,0.07821575983416955,0
7035,681,194.70503810783876,POS,Food,NG,4,0.17874631945995242,0.1299719270536408,0
5548,380,508.0722554140916,ATM,Food,DE,17,0.07232887048273821,0.18508065003217436,0
2985,531,1.3088604587434862,Online,Travel,US,16,0.023230467072777056,0.08313968652582783,0
5413,140,235.64172406306275,ATM,Electronics,US,13,0.17341139992181726,0.3035612597738983,0
4214,887,1342.0791991220792,QR,Food,TR,5,0.22665453431715393,0.17099438191812877,0
6079,298,219.32869356052944,Online,Clothing,FR,20,0.693249354570047,0.06017735762986197,0
1255,863,186.96674896027642,POS,Grocery,FR,10,0.15767147766892184,0.13335686149689693,0
3154,979,14.85266912219709,Online,Electronics,US,20,0.07714794022687226,0.11003692980850838,0
5102,385,261.0279391286611,QR,Clothing,UK,14,0.7385657719632169,0.12362823992097423,0
4053,521,54.23089674467178,POS,Electronics,FR,17,0.20297391657189473,0.1901148043411346,0
8202,583,22.748662539381666,ATM,Travel,UK,17,0.0811357525211136,0.24623294552274738,0
823,426,106.41438521168344,Online,Travel,US,22,0.18263646117853846,0.17240291007727596,0
1157,192,27.897822518148867,Online,Clothing,FR,17,0.03521559785349464,0.1582523599146167,0
4197,404,208.99842897912387,POS,Grocery,UK,20,0.23666506013483485,0.14221206154240548,0
1286,379,15.490743704458177,ATM,Electronics,DE,16,0.08064163778915875,0.03650569633398389,0
5439,218,18.10453303673821,POS,Grocery,US,10,0.3557647830522801,0.07781486723404982,0
1250,15,42.943385755489246,POS,Clothing,US,14,0.1340121004859464,0.1069470702107845,0
1095,307,77.56035177855361,QR,Electronics,FR,19,0.1717315060235791,0.03389220051526317,0
9834,830,23.162406464010903,Online,Travel,US,20,0.5840315545308375,0.4428141588307862,0
7761,354,4.316224388681156,ATM,Electronics,FR,7,0.0899074682452472,0.018784344699240403,0
4092,546,80.73329004488563,QR,Food,UK,14,0.5644677591526706,0.1434716006729654,0
6486,602,363.76384946479106,Online,Food,DE,16,0.19986428974119208,0.05315763485625603,0
4869,674,9.021543054945829,Online,Food,US,22,0.009500240851941948,0.017169928229314596,0
5993,238,42.02390495616122,QR,Grocery,TR,22,0.01663885897029666,0.044391590540430154,0
4962,603,402.8993489199179,QR,Food,UK,21,0.10009230536160582,0.4760260976570458,0
7439,561,277.8127988704239,ATM,Clothing,FR,19,0.2968717412611031,0.8240154323785354,0
7316,90,24.280846543235914,POS,Electronics,FR,22,0.19252971722438272,0.009592222130725435,0
5718,425,115.64165495902688,POS,Grocery,FR,19,0.26025352891308867,0.04049805748933296,0
8921,583,43.428199411141435,QR,Food,US,11,0.06969622521042403,0.13934664452817927,0
9937,942,334.92420570433615,QR,Grocery,US,10,0.026179819810551935,0.22617071403787875,0
1234,187,9.700403328987003,QR,Clothing,TR,17,0.2958515155622494,0.08685751546174399,0
2705,193,44.15696073784168,POS,Grocery,TR,12,0.04905929485059462,0.09640338548743038,0
242,427,367.97343646536143,POS,Grocery,FR,15,0.04018222321539337,0.06122996666515834,0
8629,922,2.1552466245504363,POS,Travel,TR,22,0.041444335896550534,0.010023046730568023,0
2372,198,433.0864818914336,QR,Electronics,US,8,0.07992489799978403,0.06847158138762872,0
9627,435,194.0099991969467,Online,Travel,UK,7,0.2750696135475119,0.04609999966195755,0
1524,252,270.73291169345487,POS,Clothing,UK,18,0.07640588329904628,0.03639424520732364,0
6495,882,163.2526068311692,Online,Grocery,TR,17,0.01581269521462248,0.018437874762193468,0
4746,0,111.54129966836274,Online,Grocery,TR,20,0.011361641936550784,0.01263744135464992,0
476,294,284.7324502568618,Online,Electronics,US,4,0.23636364454036804,0.03247785306192233,0
222,650,12.677020067390737,ATM,Electronics,DE,11,0.018198320100330335,0.03589654978646511,0
66,95,47.43620327158352,QR,Electronics,DE,1,0.07885884027648263,0.10731305513136241,0
5065,275,18.879723645298103,Online,Clothing,TR,12,0.006219545287746636,0.05394371569575239,0
8784,353,1.7620764783746956,ATM,Clothing,US,14,0.10369938821117743,0.013517300994638111,0
8916,387,16.20194544054542,POS,Food,UK,13,0.41360356978872015,0.03387442891145175,0
4716,511,24.744470625602137,POS,Clothing,TR,23,0.08406294275006683,0.042447665723860765,0
5943,475,427.37926794770726,ATM,Travel,US,15,0.19209340622150511,0.06382257414017552,0
799,209,412.6923994964976,QR,Clothing,UK,6,0.23172464036807694,0.47067935781436093,0
1092,974,561.9258007333128,Online,Grocery,US,19,0.7226609495852255,0.399643545355654,0
2651,72,298.31701544304553,Online,Grocery,FR,13,0.3657639835446549,0.2990528559480381,0
7998,165,306.056307769289,Online,Electronics,US,22,0.017287952947206368,0.05239263412691532,0
4259,567,47.2593982921277,QR,Grocery,FR,10,0.1769305056838559,0.3753746708504878,0
5130,465,14.231702832799586,Online,Clothing,US,15,0.42176100659386356,0.46898618680107745,0
688,685,34.55340003430541,POS,Electronics,UK,21,0.15807280582644484,0.13530331204998966,0
7931,507,108.1940183571633,ATM,Food,TR,11,0.005876571469097209,0.010034043015955937,0
5931,430,17.721936546456693,ATM,Food,US,20,0.15637936468233604,0.03609224350070761,0
8415,832,396.6841040562998,ATM,Travel,DE,18,0.2782097552781468,0.021369157227332774,0
3658,283,157.5753145901347,Online,Food,TR,13,0.3190623444256966,0.29180114843685506,0
9920,134,19.634122927936136,ATM,Travel,FR,11,0.016150416939086646,0.023799492619829943,0
7779,573,63.41071209651065,ATM,Grocery,UK,17,0.337063661002919,0.23793268585504038,0
8016,438,128.75849290052585,POS,Clothing,TR,3,0.02819721674357892,0.20789540400656528,0
7152,252,111.7622744858641,ATM,Grocery,NG,17,0.0907490130476819,0.15341115999429042,0
3494,777,294.557939163444,POS,Clothing,FR,9,0.13414660339055945,0.047117141089566945,0
3285,451,458.3500659260305,Online,Clothing,TR,13,0.2458047834329164,0.37845098304412783,0
5402,849,618.116375552943,QR,Food,US,7,0.37737594745052583,0.05116241718497531,0
5435,95,119.17192928543938,Online,Clothing,DE,4,0.04949600310587326,0.42514855726696565,0
6953,258,100.8314434522308,ATM,Clothing,US,14,0.18235082318848622,0.22273647574822425,0
9303,975,57.11678300715587,Online,Grocery,UK,19,0.0995475931988685,0.22533236556542616,0
1157,205,327.2054217148158,POS,Food,UK,23,0.133563712121525,0.03645890982811797,0
3840,4,2.824758882616796,Online,Travel,UK,23,0.03735036199322207,0.1920749340073821,0
6117,73,257.65757690022554,QR,Clothing,FR,21,0.263845600783907,0.17173162690752541,0
3861,129,94.75120582695621,ATM,Travel,FR,9,0.33798550427940643,0.03769186410565106,0
1239,113,745.5284925142272,Online,Grocery,DE,17,0.25045843635232873,0.36874914459896085,0
8551,85,1.6174259170921654,Online,Food,FR,22,0.017845576877757573,0.10295483807538938,0
3162,212,26.40719266835495,Online,Travel,FR,17,0.24653453687837015,0.0787229920505594,0
5212,249,17.428297429099576,QR,Grocery,TR,23,0.33597520440498385,0.1270931308493945,1
5177,308,298.6714483594861,POS,Electronics,FR,17,0.22371002463909576,0.06861760541049947,0
9477,725,204.06333927292835,QR,Electronics,FR,9,0.15757366765942893,0.043083865665526064,0
1522,823,35.344290610586775,ATM,Travel,DE,8,0.6091099371331656,0.02737967809126085,0
1638,789,31.07489007876799,Online,Food,TR,19,0.10584433345083798,0.36513414612503264,0
8700,335,1410.6116911811487,POS,Travel,FR,4,0.3922685141072122,0.22772531536942675,0
7336,202,114.4474150056327,ATM,Grocery,US,21,0.23698485459546237,0.23654627573900622,0
8600,159,244.60080154898222,ATM,Clothing,US,18,0.21081886735794667,0.22932039688163514,0
7927,786,117.47693873141866,QR,Clothing,DE,12,0.20271252895699918,0.15666158639083894,0
1646,473,179.2693750706538,POS,Clothing,DE,17,0.00664481619566296,0.01637072867179678,0
9683,411,1353.938253880916,ATM,Food,TR,19,0.34545814763378946,0.18675764997605915,0
8922,718,142.69970058058888,ATM,Electronics,UK,18,0.170496276559139,0.23813594069541294,0
5456,186,2.8149531641875014,Online,Clothing,UK,14,0.06748814974682298,0.245947797037739,0
4303,25,208.69137410848856,Online,Grocery,DE,2,0.1363580479422939,0.10892219172544881,0
4861,6,490.2814784639076,ATM,Grocery,DE,14,0.16229095706399085,0.14141465640440903,0
6690,232,393.1617063262766,POS,Clothing,US,20,0.30678666377540387,0.1332747232549821,0
4052,821,184.09172378982367,POS,Clothing,UK,18,0.12314175905625721,0.18677061149025292,0
1337,524,186.15331015157292,ATM,Electronics,FR,10,0.15072147524520393,0.07464508215231158,0
6192,980,3.3164531307396996,POS,Electronics,DE,19,0.22474147801441732,0.05639147023394581,0
9863,757,71.31192572831628,POS,Travel,FR,22,0.07779863836780769,0.08655581982381048,0
9390,504,31.345646775878862,Online,Travel,FR,19,0.03317777391219163,0.06475421518570075,0
5433,431,417.68970272234594,QR,Travel,DE,18,0.17069811518283412,0.1567633295952883,0
5595,377,266.26831646487256,POS,Food,TR,14,0.22063691480277994,0.0820085286067238,0
5715,29,267.15700694235323,QR,Electronics,UK,20,0.2499922773444042,0.17276099448669535,0
6882,122,42.41882271633674,ATM,Travel,UK,18,0.034792974858406725,0.036250354982024585,0
6832,26,141.1956828885138,QR,Electronics,FR,3,0.2469354670323546,0.044536947419453514,0
5261,692,299.85668354517145,ATM,Food,TR,21,0.08028501758665374,0.03716788901343053,0
772,954,356.78092505965435,ATM,Electronics,UK,19,0.0287294120754194,0.2034132955748349,0
4852,477,25.033436831055226,POS,Grocery,TR,20,0.02273521268706638,0.04871511696751066,0
6993,226,136.16767056691214,POS,Travel,DE,20,0.11832409232138823,0.1326171838289319,0
6170,609,29.161970933771354,POS,Grocery,US,23,0.010974905542323778,0.0067663784684709105,0
6875,659,14.153456491416119,ATM,Food,FR,16,0.030201615425758572,0.11587372397876385,0
4997,860,146.10452334636983,ATM,Clothing,UK,22,0.07387527660929155,0.21689621259429245,0
9985,768,173.68040693115182,Online,Electronics,FR,9,0.13005382052809997,0.16583415301186638,0
232,985,433.96986476510625,POS,Electronics,DE,9,0.014047476499454979,0.11686006704456876,0
2985,958,188.83468644207122,POS,Clothing,DE,8,0.30380024479649254,0.27953393236495133,0
4065,110,32.243111291336284,QR,Clothing,UK,20,0.02875277589925677,0.11150654142640588,0
2872,428,256.0500658106397,QR,Electronics,TR,18,0.012889310612399526,0.057005137687143353,0
7397,6,5.533090287289043,POS,Grocery,FR,14,0.024664911421416143,0.009277518186224517,0
752,961,33.49128746021352,Online,Food,TR,19,0.05476840280091771,0.05146738797623945,0
4505,5,78.1140198999842,POS,Food,US,16,0.0221903464530379,0.05624391764616952,0
7962,581,116.219687820376,Online,Grocery,FR,8,0.3399502883972383,0.23985316816907634,0
2960,309,29.250932981748793,QR,Food,FR,3,0.17888008661839355,0.017261835169185863,0
9151,982,3.7259683785490574,POS,Grocery,FR,17,0.0166967545296112,0.14845244984573927,0
3960,90,77.89546565731924,ATM,Food,DE,4,0.4567959193757819,0.30543672974067954,0
3659,331,275.4356084754588,ATM,Food,FR,15,0.09027321694014549,0.04216238197920199,0
834,979,39.72082086290179,Online,Grocery,US,23,0.2867319905280307,0.07019457132674768,0
1237,211,156.72314944808107,Online,Travel,FR,7,0.03288522312704916,0.10063117395005766,0
7902,136,1.7730551778473083,QR,Travel,UK,19,0.029960094825202035,0.06873562138174133,0
7052,573,103.85002217609528,POS,Food,UK,21,0.06760522417084641,0.12072443660443938,0
1515,519,28.28679347335401,QR,Grocery,DE,9,0.14333535411551837,0.11414977035859053,0
2433,220,19.393775501022787,POS,Food,FR,18,0.05509898273017504,0.04657403553904916,0
7139,249,50.17147845155332,ATM,Clothing,NG,13,0.24755840671256152,0.13973536302850822,0
5176,235,22.638551938815755,Online,Travel,US,11,0.28388199684924265,0.23516248552141392,0
9560,725,237.86854949812212,Online,Clothing,FR,5,0.4759655638006614,0.1739924871099822,1
4214,551,189.01676638140827,POS,Travel,DE,14,0.23555915666844732,0.13512005235762056,0
5429,427,158.26145877647306,ATM,Clothing,US,2,0.14173144104595078,0.046880575890598596,0
8236,278,125.41975117000796,POS,Food,US,16,0.25688705219818897,0.1554546272308798,0
7657,919,644.2094598294659,ATM,Food,NG,2,0.049907319199377576,0.11141340451770917,0
4551,13,81.24695076795551,QR,Clothing,US,21,0.04801079155342118,0.26153185278721913,0
1511,372,1.4343281049123076,ATM,Clothing,TR,12,0.10864535511798551,0.5438527916882931,0
1095,981,62.80309338515314,POS,Food,US,19,0.08025123373363054,0.11047978742194717,0
3748,406,107.28762840399274,QR,Electronics,DE,21,0.05259576653767852,0.16259699601308655,0
959,204,1.2014700812241037,Online,Travel,TR,22,0.004380034772339985,0.001794894771743783,0
9885,0,22.429150036490466,ATM,Grocery,TR,22,0.06602976732669116,0.09956967569762652,0
7756,105,1.3418773148133112,QR,Electronics,TR,15,0.02679368815779787,0.028171467432113153,0
9493,490,273.619344614624,POS,Grocery,DE,23,0.4546196250711836,0.3011492101907775,1
9019,854,1.6253748681809672,Online,Grocery,UK,21,0.09324342683881165,0.07509727001575656,0
7157,330,593.0531274551605,QR,Food,TR,2,0.4195708966810603,0.22065249872381065,0
1099,196,332.603906969804,ATM,Electronics,DE,22,0.3253675757124769,0.10705773662932166,0
3230,698,199.15483713855093,QR,Clothing,TR,16,0.024227986562146656,0.02649339816702933,0
1992,484,124.78901282402794,QR,Clothing,TR,5,0.3959627869375407,0.13526925288389746,0
4301,924,94.61582105213142,QR,Grocery,DE,7,0.48680973656424587,0.34152723258847517,0
5943,184,479.6718867537219,POS,Travel,TR,12,0.2233770621030435,0.2622881450091466,0
5454,559,166.38945954810603,QR,Food,TR,23,0.16821191771320498,0.10417455014813748,0
5305,118,18.009156974619565,Online,Clothing,DE,23,0.3971197284704194,0.33536707635527185,0
7693,268,476.0789672744978,ATM,Travel,FR,21,0.16276447422113566,0.25214050153276657,0
2952,256,534.2897099824637,Online,Clothing,FR,7,0.9450188199933652,0.31877842228332354,0
3230,539,1.1440012654247955,ATM,Food,FR,10,0.050014925966188624,0.09121387295886853,0
6796,8,42.36944412768454,Online,Electronics,TR,6,0.10265527420027522,0.12678540116791454,0
6903,355,306.6493656696408,QR,Food,FR,22,0.9164868357779216,0.22186441590026362,1
6116,852,357.3602774663545,QR,Food,FR,15,0.6025100083647017,0.1470906188439077,0
1937,133,841.8719537998135,Online,Travel,DE,20,0.23316959941633353,0.15989164312002244,0
3738,300,119.98521062663168,ATM,Clothing,TR,8,0.004517075945785524,0.306830606318151,0
1856,173,185.597573150936,ATM,Clothing,TR,14,0.3703770838276336,0.028889463404285307,0
1300,229,60.93745157720457,POS,Travel,DE,8,0.08810791110578352,0.011194657658808057,0
4249,330,91.72348675530486,Online,Grocery,UK,17,0.0311406987034418,0.02065547705746452,0
518,681,22.472476465623135,ATM,Grocery,TR,10,0.05775814830188231,0.19303335969064608,0
3831,355,287.22000181694784,Online,Electronics,FR,20,0.09891227478035301,0.024108696827647283,0
786,600,59.020597622050516,POS,Electronics,UK,12,0.27590720480038433,0.4534550987891195,0
9276,183,29.29997360773183,POS,Food,UK,17,0.10799065651234936,0.14901087602695906,0
4126,777,228.17236956852796,QR,Electronics,TR,12,0.07172984776314796,0.26020581587320096,0
9761,57,55.54424357489733,Online,Clothing,US,12,0.14129532592555602,0.23997358550834294,0
3955,579,154.18193188636462,QR,Electronics,US,22,0.3477318025122396,0.10333547499879496,1
3371,390,153.32358359321648,Online,Electronics,US,14,0.056200395783932565,0.1244003153726345,0
8049,909,104.21730394948449,QR,Clothing,DE,16,0.16044073896515998,0.25381052286005495,0
1627,899,157.60584941561368,Online,Grocery,TR,16,0.9257612211746875,0.28704367078163473,0
7618,216,78.4743528190658,QR,Electronics,TR,11,0.050393902818207055,0.14208945671354864,0
8103,400,9.458218031956624,QR,Clothing,FR,10,0.14561300400049831,0.26413379904109036,0
905,805,102.04000255790166,Online,Clothing,DE,2,0.2364416161368553,0.6496421645597451,0
3057,916,12.187636019473306,QR,Electronics,UK,3,0.05088150564104589,0.07659891610888389,0
4662,46,129.87972196237732,POS,Clothing,TR,13,0.3256992697255551,0.11620373553869652,0
7681,158,2.108149050982849,ATM,Travel,US,22,0.3075152944181197,0.16965189203775938,0
3095,156,38.657026997266485,Online,Food,US,6,0.06460701177059164,0.01936881180241704,0
2737,609,27.4526314664904,ATM,Travel,UK,13,0.2816307565953507,0.2770972843289319,0
8,408,6.299976809954907,POS,Clothing,DE,23,0.18335359029798526,0.045519020337964344,0
9782,428,187.3311684872474,POS,Travel,FR,21,0.1795337306555987,0.16026363459697507,0
5255,863,64.6922720187496,ATM,Electronics,FR,7,0.032908594801158104,0.05035154771472232,1
520,42,16.206291680666116,Online,Grocery,US,15,0.2509134056872721,0.15277443140242933,0
4950,751,4.7092891045293985,POS,Electronics,FR,14,0.20480114796573456,0.06727177111784753,0
3922,201,65.19261502682184,POS,Clothing,DE,4,0.12828172190979417,0.27060593482975104,0
5414,742,27.191985080613083,QR,Electronics,DE,11,0.09753055840677465,0.05721521988982438,0
890,203,15.909595157647413,QR,Travel,FR,17,0.05333052127367911,0.1359996025268218,0
7820,370,21.351249880278004,ATM,Grocery,TR,16,0.11373930751847502,0.013552679146440566,0
4658,744,49.084675371548,QR,Grocery,UK,15,0.04577181303763235,0.48444747990205583,0
3467,103,25.5749834441365,ATM,Clothing,UK,13,0.13021851704040602,0.05869796978487321,1
8773,485,4.603459170756043,Online,Travel,TR,10,0.13664437215790884,0.1388862392234995,0
4245,149,66.6473905734886,QR,Food,UK,22,0.057044659017768486,0.08616037597291835,0
8553,727,190.89440336053744,Online,Food,TR,17,0.1475762102862709,0.17004775828211088,0
6636,21,146.33588431928973,POS,Food,US,18,0.05592118317611705,0.03258466412255726,0
8248,452,247.45880552693154,Online,Electronics,NG,12,0.2720823530881607,0.25191016104134994,0
3849,644,22.230306551562688,QR,Food,DE,10,0.045532382043857074,0.13028566642513087,0
3588,3,16.587602899693398,Online,Clothing,UK,22,0.03677282626109298,0.22985716377726906,0
2899,625,66.70061547361762,QR,Grocery,UK,21,0.09312046736302884,0.04968145231869194,0
7757,526,504.1156095439901,ATM,Food,TR,22,0.023847615270050453,0.0935299296520741,0
2671,247,105.20548993685641,Online,Electronics,UK,14,0.04877283768876757,0.04035369620358338,0
1653,391,242.1462272185748,ATM,Electronics,TR,21,0.26087146125872746,0.5902212425553923,0
2499,839,5.211678612603964,Online,Clothing,TR,15,0.021012905581024425,0.006197793694449757,0
7704,585,339.5238061174158,Online,Travel,DE,21,0.09688199255514837,0.020175326388380137,0
2156,300,28.57592517742039,ATM,Electronics,US,15,0.08528780998791663,0.09909768231924525,0
6566,31,1.4828301046015109,Online,Travel,DE,22,0.1295708529003693,0.009006430727829647,0
8249,927,21.183973889550153,QR,Electronics,US,12,0.07302200052083527,0.11260631003071746,0
5901,333,308.91317700114007,POS,Clothing,DE,18,0.03077530104730962,0.09153866632158247,0
8309,479,12.766768906418404,Online,Electronics,FR,21,0.14572466504629716,0.1618303761165674,0
7232,543,344.2632265584246,QR,Clothing,UK,3,0.07785050658902666,0.15075352777321102,0
6178,893,38.12956649012842,QR,Electronics,US,17,0.19130492871645297,0.1490457340192506,0
424,819,66.8647308603617,Online,Food,DE,11,0.17230738380523952,0.29669963978928865,0
7538,564,153.13747184860244,Online,Food,DE,11,0.09944152628449542,0.12492731745443121,0
185,787,23.222188234937672,Online,Clothing,TR,19,0.1693563384449621,0.2011608607624601,0
8761,328,135.71012522258687,QR,Electronics,UK,9,0.11918018539974495,0.010559401250637597,0
3827,39,227.21874248764502,QR,Food,UK,20,0.10457053584902329,0.3790980454173619,0
6313,987,96.89571808364299,QR,Grocery,DE,10,0.10729092208452676,0.11610344983215505,0
5117,329,133.0543325526291,POS,Electronics,FR,23,0.016953686105790722,0.09788738072815219,0
5303,837,150.3758898903945,QR,Grocery,US,6,0.461192847876013,0.22675603406862935,0
8418,280,442.26103270964313,ATM,Food,US,21,0.37227219764797537,0.18909420754790796,0
6451,768,62.7400387504518,POS,Grocery,FR,23,0.17105088046398068,0.4297255309057044,0
4652,843,126.23504323744773,Online,Food,US,10,0.4206279371222692,0.20818193272568356,0
8205,437,36.32487930403055,POS,Clothing,UK,8,0.003657875061543202,0.03211539844943761,0
1856,606,40.57568665816554,QR,Food,US,9,0.0849917069749192,0.05400040073158284,0
7989,394,47.742379564571216,POS,Travel,NG,21,0.07811600225638314,0.026766783449656807,0
475,143,51.04016129039429,QR,Clothing,UK,23,0.06984535674150583,0.13230744621714588,0
7380,612,1.6149337898474283,ATM,Grocery,US,12,0.060400053525172304,0.12733667637596038,0
435,531,2.7285286061380134,ATM,Electronics,FR,16,0.18012378945351115,0.23383451992245188,0
8894,685,38.70805518038627,POS,Electronics,FR,7,0.20949849893331762,0.13179344912580748,0
1344,53,122.99405600678317,POS,Food,DE,15,0.2750094692307567,0.13628518217976154,0
8239,336,143.59703362697607,Online,Travel,UK,16,0.14993953889188152,0.004069278124414162,0
2003,781,412.667832968607,POS,Electronics,TR,22,0.08998130294602688,0.12485993673699745,0
8023,806,348.2149229910387,ATM,Electronics,DE,20,0.1594907749613122,0.07100439924818087,0
5862,411,876.9948982018759,ATM,Grocery,UK,22,0.2626890440454885,0.6258005161294996,0
1874,990,418.17179156372436,POS,Grocery,UK,13,0.13155800358531672,0.384877636200447,0
8593,97,232.3287800615353,Online,Grocery,US,13,0.16242876826082558,0.08556276177219856,0
7250,363,52.33363433459415,Online,Food,TR,9,0.0788560467130633,0.056449986870351965,0
1650,99,202.78529455989317,POS,Food,TR,17,0.17155263460040932,0.3291890227089054,0
2103,93,23.12948288569526,QR,Travel,DE,8,0.4765122433099517,0.220100610280542,0
4389,565,53.60469747764826,Online,Clothing,DE,10,0.22224711089758514,0.19223333003218981,0
6301,824,330.45365729771146,ATM,Food,TR,23,0.2108513618621169,0.136247154323812,0
9787,485,595.4397403787602,POS,Food,UK,20,0.34222897383094825,0.10658702481801495,0
2915,281,120.51418567543729,Online,Grocery,UK,18,0.17020886343623168,0.0257282411663802,0
2481,550,879.7630680903349,Online,Clothing,UK,16,0.20059200999385957,0.7886666727301368,0
5528,330,297.1916964386814,POS,Grocery,UK,12,0.15664712301222253,0.24324149526888608,0
2607,344,301.92617082679084,Online,Clothing,TR,7,0.10753116605215418,0.262554893600565,0
4766,893,226.20013664883513,ATM,Grocery,TR,21,0.10795124037407945,0.09301664351053505,0
3237,619,12.555006466322387,POS,Food,DE,17,0.0840748926996205,0.10050231825055293,0
7567,616,200.41992036121883,POS,Electronics,US,22,0.02015134588895486,0.31085363697746415,0
3927,140,85.17128684261564,QR,Clothing,US,17,0.08799887686992927,0.06159979093385737,0
566,673,296.6433788285218,Online,Electronics,DE,7,0.10193183704656567,0.5466006311604562,1
5574,779,5.863319194472807,POS,Clothing,US,21,0.48561957732600974,0.058500718077452496,0
9475,208,257.33443266500024,ATM,Travel,DE,22,0.1189924217748024,0.117053446031874,0
1551,124,124.26888119680471,POS,Food,DE,23,0.03922101420188746,0.036351277329348876,0
3680,753,319.62259637089346,POS,Travel,US,12,0.11218974303992298,0.22487925525976624,0
6869,621,29.26002296040381,POS,Travel,FR,22,0.39207006893201996,0.9996026492679309,0
7792,936,231.63796294411128,POS,Travel,TR,15,0.20289503752558846,0.07215737201697052,0
9047,722,123.10264338043137,POS,Travel,DE,6,0.09320881261585909,0.0602416072138577,0
4911,21,489.20548049553355,POS,Travel,TR,19,0.175620035362638,0.14465909286253828,0
9222,684,18.311607517670662,QR,Clothing,DE,22,0.037670318992210176,0.019312057949631447,0
4601,297,123.77753734389063,QR,Electronics,US,10,0.13254727127142144,0.17108453081280675,0
2898,706,54.48413841440579,Online,Grocery,DE,13,0.011851911903928253,0.2189291890253197,0
9864,564,253.7179367159354,ATM,Electronics,FR,22,0.21939209792725617,0.08937228530609373,0
9328,953,50.20679222292675,Online,Food,DE,8,0.0261686393212942,0.09361972572596883,0
8162,673,89.53588213856042,Online,Food,UK,3,0.12178604569574243,0.18408261545660815,1
8824,482,66.07302245494559,POS,Clothing,DE,18,0.11122670453338525,0.13297209205335567,0
6113,578,1.871211170658737,QR,Food,TR,10,0.008586671633448787,0.05081846082664425,0
285,609,53.051568592010426,QR,Clothing,UK,12,0.1376964256967005,0.42921948295502693,0
8960,200,117.88211759437621,Online,Travel,UK,7,0.06706915147307917,0.24185335069453676,0
9592,13,790.618440958255,POS,Travel,TR,19,0.12342067135239779,0.20260429192436522,0
7805,782,605.8594982481616,Online,Electronics,TR,11,0.3296745325563683,0.9996026492679309,0
2187,914,32.459599794065845,QR,Clothing,US,10,0.037643166024736024,0.051265137063914765,0
7577,366,6.606581158593728,ATM,Clothing,US,21,0.042860657194794954,0.0606406175244125,0
4777,52,78.24708539734294,Online,Grocery,US,13,0.09646623528692566,0.22846014935888098,0
942,595,112.74179525923502,ATM,Travel,TR,10,0.02092023002455787,0.14921897708223947,0
6697,143,145.67079319427074,POS,Travel,US,13,0.05229242436502283,0.14481477220177447,0
1622,48,78.32644397791034,POS,Grocery,NG,12,0.06437546396693475,0.18201922413482552,0
9756,328,23.812135135769633,POS,Food,DE,23,0.029728197971550532,0.013593597160792531,0
4967,414,486.7103373690101,POS,Electronics,DE,13,0.09644669379213862,0.6196637979098207,0
2243,686,71.2409948210196,Online,Electronics,US,13,0.4162157116253951,0.3903727627091612,0
2,379,1214.3884099504462,ATM,Clothing,US,13,0.38120976171712523,0.26706082441426626,0
4842,226,98.36261509962677,Online,Food,FR,22,0.005414538644631783,0.0256008696957835,0
371,676,6.492811886973529,Online,Grocery,US,11,0.07773340466932611,0.0889869457182592,0
8520,591,558.2693299180096,POS,Electronics,DE,12,0.23320989974510803,0.24012844628736146,0
3323,507,97.89588770951153,ATM,Electronics,TR,16,0.37435104470593117,0.4242278572713664,0
9233,802,94.82932110936729,QR,Clothing,US,18,0.013432114301635332,0.13205208486298237,0
9902,698,88.08730751846538,ATM,Electronics,UK,14,0.29615014035684967,0.2336022016636732,0
551,981,543.3235728017984,QR,Electronics,FR,21,0.12176932130904342,0.1382733990863888,0
9281,232,53.62267620059539,Online,Electronics,US,14,0.3489377564355511,0.05736590240038741,0
2828,320,194.46400716684644,POS,Electronics,TR,13,0.26427747651986055,0.11836751774348486,0
9066,637,390.8634109866907,QR,Electronics,DE,10,0.038359223171870384,0.16579938226708912,0
2131,776,5.0775241884197735,QR,Food,DE,16,0.06392833541431706,0.12141051320894582,0
5554,951,108.55471071049897,QR,Food,TR,11,0.19688896369099282,0.29802056708733077,0
8737,637,133.14670808170575,Online,Food,UK,10,0.1530117567028068,0.17226467615757765,0
5488,510,83.90944080740638,ATM,Clothing,FR,17,0.1334814421538617,0.021591558944223876,0
4854,433,17.047143702580048,POS,Electronics,TR,18,0.1320814488083383,0.019777101849663088,0
6339,791,20.799554165142002,POS,Electronics,DE,18,0.04236982151611159,0.22247726585339542,1
6018,412,17.119217477159317,QR,Food,US,18,0.30951239445617834,0.3290422474316699,0
7423,536,149.4052955427908,QR,Clothing,US,18,0.26946574686909025,0.1466894997174721,0
4527,877,166.36110172228976,QR,Electronics,DE,7,0.19879205296417352,0.2781850015657968,0
8297,93,530.3545037588964,POS,Grocery,UK,6,0.244285849246688,0.41425998723762647,1
3224,467,2.470763585977379,Online,Electronics,DE,3,0.2063906836368893,0.16096135999979613,0
6284,997,4.983572732140757,QR,Grocery,TR,21,0.5481082625635229,0.047558120189658055,0
287,258,127.05555097228765,Online,Grocery,FR,21,0.039763445120765524,0.07007382906074619,0
9879,204,149.94001993233164,ATM,Travel,DE,7,0.07061172027499442,0.24315248321022762,0
1905,724,112.87486525142461,ATM,Clothing,US,8,0.19008328738039293,0.012842628716617895,0
2495,317,551.6676820980178,Online,Food,US,20,0.0602661587890761,0.18124101661636022,0
8827,263,11.4790792850899,QR,Electronics,UK,5,0.0073872506880287,0.15063799091676675,0
852,69,399.39492730453895,QR,Electronics,UK,21,0.09442298294765313,0.2633581467159433,0
9095,45,52.517013307526966,ATM,Grocery,TR,17,0.04372395056264118,0.03750213689333951,0
5889,5,6.973945063812982,ATM,Clothing,UK,11,0.044836934480774866,0.00526848542310368,0
3751,185,2.740944796537581,Online,Clothing,FR,5,0.08802470441722435,0.04642649734347457,0
5406,151,1.4218758071832802,Online,Travel,US,19,0.041565377180586144,0.005208446639705124,0
2741,677,3.63534421257455,ATM,Electronics,FR,20,0.0649999426074483,0.19144147003940692,0
4664,233,133.93049149036833,Online,Grocery,US,4,0.05458993937786315,0.4748387960535027,0
3271,989,52.83478417537027,POS,Electronics,UK,11,0.7586783450758895,0.5477705985396398,0
3508,116,1.3652709891795003,ATM,Grocery,FR,22,0.029642258982757602,0.14832837194305518,0
1223,389,216.90577718613758,QR,Electronics,DE,10,0.2708782597516648,0.22288420576412585,0
494,538,17.080607162563943,POS,Food,UK,21,0.11142310617482108,0.09909034349934692,0
8399,11,220.7527150344725,ATM,Food,UK,17,0.2245925500562679,0.21858892145447187,0
8768,527,196.47192983339784,QR,Travel,UK,2,0.21099007311131343,0.037904688492138267,0
2540,990,96.29582370695518,QR,Electronics,DE,6,0.13649169316385584,0.26071818508644673,0
9984,271,240.6360534182582,Online,Travel,US,4,0.04572473252320218,0.16525946475277276,0
6174,830,66.03068838790446,QR,Clothing,TR,20,0.14125902469318807,0.08489079166352266,0
3319,171,452.50431042135097,ATM,Travel,FR,21,0.10056789089748942,0.18793590007475708,0
4897,17,97.60573048191868,ATM,Electronics,UK,8,0.060124791579163075,0.12442770617062911,0
6204,540,292.0195864673719,ATM,Electronics,FR,23,0.5213118787380374,0.06558930816978795,0
8075,167,204.865417312167,Online,Travel,TR,17,0.27385291979780735,0.12462465267082475,0
9354,51,410.23717447643844,POS,Clothing,TR,23,0.06169189644622459,0.048180565468234314,0
4816,912,146.98852805879173,ATM,Food,FR,23,0.2500192854458012,0.18935262188520446,0
1766,344,336.4274244609498,QR,Travel,UK,3,0.4877132899408202,0.14268732352076136,0
4244,105,10.759452707889178,ATM,Electronics,US,23,0.14981719124914206,0.12363523952324362,0
2665,871,58.6116568595439,Online,Clothing,TR,16,0.2514250794036581,0.25907364088014884,0
4866,778,28.3676907043978,Online,Clothing,TR,20,0.1888915567998558,0.2441769633711792,0
4568,358,55.03403713446501,Online,Grocery,TR,20,0.222484175281215,0.13479292555434172,0
6506,532,345.4004257552433,POS,Grocery,UK,19,0.13624404289017233,0.1896902713149546,0
395,661,162.56721177805136,POS,Clothing,UK,22,0.4035196025494051,0.18919073774785247,0
2085,533,153.47929319575772,POS,Grocery,DE,21,0.09644988187643047,0.037388166268777064,0
6326,210,10.746372306248473,QR,Electronics,US,17,0.2501671058299694,0.32382767297907955,0
5157,773,21.61426869934061,POS,Grocery,UK,21,0.5572019637699942,0.036872126547382846,0
3399,970,86.76156207063048,POS,Grocery,FR,18,0.10031671257468311,0.2836904877580253,0
3171,905,20.78208640900312,QR,Clothing,DE,20,0.14482000280094037,0.36567435720629893,0
694,655,150.66894033735932,Online,Electronics,FR,5,0.2393453086363222,0.1688116457886064,0
8444,807,19.43727440084886,POS,Clothing,UK,21,0.1495130552081248,0.04466307212959128,0
4895,880,98.99671920417052,POS,Food,US,14,0.11795849683728948,0.11948255759160763,0
8075,205,93.09995353269063,QR,Travel,UK,11,0.03468550350206286,0.31480483366562023,0
7259,682,155.8496880124376,ATM,Clothing,UK,11,0.21790029287491117,0.21367168795988528,0
6760,900,1.9971360005917997,ATM,Grocery,UK,6,0.09088270321276738,0.09510661152884659,0
1515,414,150.83148180039117,POS,Food,FR,10,0.20310807322569638,0.07593987905910855,0
9525,837,206.3089210799922,ATM,Grocery,TR,5,0.05442021437030732,0.10736245581062234,0
3800,19,198.37156789813264,Online,Electronics,DE,13,0.019267515949201428,0.025884292824576677,0
6961,208,51.69018908746315,QR,Electronics,UK,13,0.013024412116947244,0.07482790565830323,0
2162,821,203.3868659412417,QR,Grocery,US,19,0.1623205561342577,0.16810466096836713,0
4216,423,42.223641894089184,ATM,Clothing,TR,16,0.3189410416059448,0.19357385138751837,0
9387,379,184.38019047290348,ATM,Electronics,TR,19,0.03779165941166547,0.08194402095479894,0
2228,607,57.728917310489706,POS,Clothing,UK,15,0.10841680810771996,0.3884810967336431,0
9851,588,525.4805919814767,QR,Travel,TR,22,0.24438061285239301,0.052851243127244894,1
8159,566,165.94988465202658,QR,Clothing,DE,13,0.2361700225023951,0.14788481857181665,0
6020,712,57.12941707319907,ATM,Electronics,US,1,0.11449919851049703,0.04544669136511447,0
9769,250,300.7881347492778,Online,Travel,FR,13,0.18552310003436137,0.5552610751341476,0
6542,663,165.16251787737542,Online,Food,UK,18,0.02991002258024419,0.04262354369842408,0
8437,920,419.6772280561462,ATM,Clothing,FR,17,0.14983790449097265,0.20106292260459524,0
7925,900,1.5548207298109005,Online,Electronics,DE,11,0.13837990969507605,0.06695930985076509,0
4497,719,2.250436321141776,ATM,Grocery,TR,16,0.039944184215134154,0.03727722828706601,0
6348,282,200.7172898367153,Online,Food,DE,8,0.24998652111303765,0.1299512567239049,0
8153,48,21.767885122949068,QR,Travel,US,7,0.06279500750807927,0.14757472937127195,0
7064,884,21.834200397804285,ATM,Food,TR,22,0.02766062408734029,0.013116029320508728,0
6754,874,167.9893356436415,Online,Travel,UK,8,0.7208657939211236,0.4124237079869773,0
3448,600,6.334442717016343,Online,Grocery,FR,22,0.15220549077004636,0.20289936674629672,0
2444,334,352.8857126526302,Online,Travel,UK,23,0.09091362537200057,0.16456647861580959,0
9861,789,569.8371675785934,ATM,Travel,TR,22,0.35308899413574135,0.38993379558833796,0
342,193,22.464023160701775,Online,Electronics,DE,21,0.028167842605481042,0.028674042025330262,0
8915,679,70.74313895701245,POS,Clothing,US,12,0.15946632163225857,0.08122316803120776,0
5467,833,30.23178332604739,ATM,Travel,UK,11,0.1495206649208971,0.32604744434599636,0
3812,603,103.90672865328536,POS,Clothing,TR,12,0.04532427832545931,0.12896760555917663,0
3715,180,196.5248259663963,POS,Electronics,TR,19,0.19182461360280934,0.23684147159240687,0
2855,956,7.1535161943000585,POS,Grocery,US,20,0.07041049268972002,0.04712626320006109,0
1463,131,57.86159451585324,POS,Travel,US,21,0.08704925591166922,0.16219831179161714,0
4893,922,113.4434468018806,ATM,Grocery,DE,10,0.1069575490874208,0.14360815349744763,0
93,419,198.96122881008642,QR,Food,UK,13,0.3472100697322239,0.055260656237093114,0
6604,561,121.76649115426116,ATM,Travel,FR,23,0.0044566698592518736,0.15853974026098433,0
6640,109,56.1364502811438,POS,Travel,UK,17,0.08438181901581494,0.05688515614074717,0
3537,446,105.87775675128138,QR,Clothing,UK,21,0.2311605759976704,0.3712560635471529,0
470,210,6.141594051102342,ATM,Travel,UK,15,0.026896116509005925,0.019874563503469844,0
5618,328,71.35616001353426,Online,Travel,FR,7,0.24661327228075972,0.08951675393522103,0
6950,677,109.98174044437592,QR,Travel,DE,7,0.3971042369712152,0.36607368259158074,0
1376,24,17.271803489514525,Online,Grocery,TR,20,0.2754967207628106,0.08133486765929089,0
1793,124,114.4040506033451,Online,Travel,FR,15,0.12770326791146172,0.07036455075655797,0
7058,306,3.186399276608942,QR,Travel,UK,5,0.01407341544074743,0.08926877849839927,0
7383,224,26.048458844899194,QR,Grocery,DE,8,0.19596982279063171,0.09781965391328962,0
786,675,2.9413510920377908,ATM,Food,TR,19,0.1470064407528198,0.022886642877497042,0
6305,833,45.30106196539947,ATM,Food,US,2,0.03853991198823745,0.05976987134118152,0
7305,819,199.92230251475286,POS,Grocery,UK,18,0.138591339808519,0.26119474680793775,0
5985,559,109.96391853755185,Online,Travel,TR,22,0.10819682715488776,0.5115069243729581,0
7381,848,1.380011458211248,ATM,Electronics,DE,20,0.6101402574664855,0.23191805705866245,0
1839,912,118.2246071382962,Online,Food,US,19,0.5759303990078105,0.45197941435724964,0
9953,432,1.3888965784271778,ATM,Clothing,TR,22,0.5728684293157008,0.18993875593033738,0
4563,956,29.299915390942118,POS,Travel,TR,15,0.04828055775909965,0.0698016623813005,1
548,438,3.7707920957758003,Online,Grocery,US,18,0.15891572868741288,0.781211308077465,0
3906,648,8.82138276669107,Online,Travel,US,22,0.08482699888217948,0.1373326446253951,0
7459,679,254.88421950686316,ATM,Grocery,TR,22,0.31717465974493025,0.16831157996976553,1
5734,875,47.71639932626141,Online,Grocery,DE,11,0.14647981264154106,0.06835961930068396,0
9274,844,130.33622110355586,QR,Electronics,FR,17,0.09299521363500514,0.18020609455098166,0
8200,324,224.65568033501708,QR,Travel,FR,11,0.5482032932734937,0.3327963648345633,0
2401,19,254.0748586136218,QR,Travel,US,22,0.139744621486923,0.2554042887323496,0
1053,531,415.28771909284893,ATM,Grocery,UK,4,0.7458641401064314,0.440653536208414,0
668,229,10.902643748735812,Online,Clothing,FR,8,0.025881712067383923,0.09821873706334396,0
8065,131,186.26004944550306,ATM,Food,TR,10,0.26731112285331626,0.7174169154478232,0
9176,554,232.62378928159544,POS,Grocery,FR,12,0.19409899041147177,0.34876841530054364,0
1422,669,19.13260583036755,Online,Grocery,FR,19,0.03725541846310098,0.25021483113239784,0
1458,312,14.776359820455838,POS,Grocery,US,18,0.02866356877872159,0.058636119239859064,0
4151,155,377.2977095954451,POS,Clothing,DE,11,0.13847693290212348,0.1399400394308429,0
3853,67,196.25150015738916,Online,Travel,US,6,0.006588679035969381,0.09677777360917084,0
900,567,84.27143062488918,QR,Food,TR,12,0.12234232724716992,0.023503232422293047,0
6533,729,70.96592754310242,QR,Electronics,FR,20,0.10856740311552468,0.0635881344150236,0
2135,94,157.66804502126067,POS,Travel,TR,8,0.08107000992255847,0.006461780149799963,1
3023,986,29.016181788957798,POS,Food,FR,15,0.2911220824521508,0.05073796120272927,0
1513,446,145.67595354873356,Online,Electronics,TR,4,0.2566760052136953,0.11213318858103957,0
8602,986,812.8811464503808,Online,Electronics,FR,20,0.4304132323692582,0.5558358494057584,0
1452,569,444.54956493216486,Online,Food,FR,23,0.0773055374220366,0.26632956231387667,0
719,693,705.4726844659631,QR,Clothing,US,3,0.10910275879042976,0.08411272929997,0
5819,520,96.84523097891471,QR,Clothing,US,21,0.2270073291292352,0.09998552851040507,0
2152,798,20.35329219955873,ATM,Travel,FR,8,0.08532606321288194,0.038591796909002746,0
4885,820,40.69905319278682,Online,Electronics,TR,13,0.03125500951419244,0.04854060265494191,0
3207,840,7.531036048269497,Online,Electronics,US,21,0.000980468040514302,0.00768909914867318,0
2257,21,112.08285576165814,POS,Electronics,FR,18,0.024625637353673752,0.05201432823095266,0
1364,527,50.07050986266738,QR,Food,DE,20,0.07945540747521272,0.1248884629092963,0
7466,506,139.64735632984434,Online,Travel,UK,19,0.04817732962374695,0.05239630809118797,0
3470,918,220.0807106376092,Online,Food,TR,23,0.24167295756075136,0.14040636008709018,0
133,489,141.76613504309472,QR,Grocery,DE,19,0.11218932300241818,0.2941130470047771,0
9261,142,41.37568894857853,QR,Food,TR,23,0.041933490296844025,0.11968995304589297,0
163,970,15.345519832858798,POS,Electronics,UK,17,0.08475511452599438,0.029854530906918923,0
7257,752,45.123215074448076,Online,Grocery,TR,15,0.04854205584030735,0.07729488077485852,0
8596,57,32.403339750945996,POS,Food,FR,11,0.21608390095544974,0.16940563014384555,0
6233,160,207.18056969873936,Online,Electronics,DE,14,0.04577025080827343,0.4028375998228386,0
5235,207,97.37073895625805,ATM,Clothing,US,22,0.17911307158073833,0.38624808564256924,0
4378,743,322.208739055652,Online,Food,UK,22,0.7199970029917889,0.6291694404796054,0
3399,474,153.4673643532595,POS,Clothing,TR,8,0.07931787290155558,0.4298894629938342,0
3531,520,110.96824218006184,POS,Grocery,TR,23,0.45238026947312215,0.27939783393327183,0
9675,519,112.69101249579111,ATM,Grocery,US,5,0.03867269690833281,0.14610858997721235,0
7518,928,485.805366176121,ATM,Travel,DE,21,0.0802516764094924,0.14514792365028129,0
4418,482,1.9089956740039025,Online,Food,US,22,0.01117620176618193,0.09743090736997567,0
5906,858,68.76133568129731,QR,Electronics,US,19,0.05723327976987168,0.051392338413752736,0
4527,61,14.443170814532008,QR,Grocery,US,21,0.3745445493173176,0.41528944001094076,0
1038,925,7.695242562008753,POS,Travel,US,9,0.08849334791412866,0.1287491389970142,0
6842,263,65.78823413060115,Online,Clothing,DE,20,0.040611860016607645,0.024307145604140226,0
6971,664,2.248119997050451,ATM,Electronics,FR,19,0.12163782475640002,0.22437206547050023,0
4404,473,139.55297070155805,Online,Travel,DE,22,0.07494438667243448,0.33183306006552865,0
9291,478,836.7351311971493,POS,Grocery,DE,11,0.3522663168802755,0.3112814628585978,0
5912,507,1.3959874815361393,Online,Electronics,NG,16,0.21997707716743234,0.2948119974209767,0
2541,299,19.127860806053555,QR,Clothing,TR,23,0.12465502883312138,0.018033922416887383,0
9381,170,60.96676031661643,QR,Electronics,UK,9,0.01790455531842448,0.00463349393067945,0
8190,142,322.5093817246846,POS,Clothing,US,13,0.1788596107345887,0.09561969107914399,1
2508,724,646.880706051282,ATM,Clothing,DE,16,0.31315222867698683,0.0989473918701507,0
6572,451,53.13416970390572,QR,Clothing,UK,12,0.031306202398177226,0.2268630357114726,0
787,491,6.717730959189537,Online,Electronics,FR,16,0.06406572628677695,0.1486137784326899,0
6055,857,101.6249525527054,POS,Clothing,US,20,0.511751320674844,0.0444601421181922,0
1381,989,8.55308548282061,ATM,Clothing,UK,16,0.17804968810310257,0.07833812052994168,0
8422,495,26.0083497923635,POS,Electronics,DE,11,0.027293383995733195,0.11679259550479455,0
7485,139,30.415380705526267,Online,Grocery,FR,20,0.16023957775665368,0.060987064317895724,0
7907,219,99.22286129829102,Online,Clothing,FR,20,0.1660264017458648,0.3330273646455558,0
7437,849,86.52425532979392,ATM,Grocery,UK,23,0.2788937986890626,0.10487606101864458,0
9779,617,441.3881295484459,Online,Food,FR,19,0.6470622628267046,0.11348866968181939,0
5692,973,1267.4687960885162,POS,Travel,TR,11,0.6057833905479728,0.24804336876377708,1
834,976,65.26138852957529,QR,Clothing,FR,16,0.4519618819316706,0.1912972280324192,0
8533,355,155.29741361949758,QR,Grocery,DE,16,0.15652543544063785,0.2507402898158053,0
6940,484,103.41627536900313,ATM,Grocery,DE,17,0.16782441322212177,0.10587236341712011,0
7476,676,54.7305633443091,POS,Clothing,TR,10,0.1667642003071087,0.3452741366049151,0
5360,347,447.19161323942575,POS,Clothing,US,21,0.08983590546566668,0.09341686141713225,0
6264,69,520.3257014958432,Online,Clothing,US,19,0.22089854052923633,0.08131853854464342,0
9159,380,533.8525839376327,Online,Clothing,DE,12,0.48333845694828415,0.13767096387620345,0
4478,529,41.852517279363106,POS,Electronics,FR,21,0.2910796936945698,0.15026224799601512,0
3713,236,244.41118502364105,Online,Electronics,UK,6,0.08782060869711218,0.06324892207274083,0
92,215,17.774136840774723,POS,Grocery,FR,22,0.029099946842390288,0.13757818662491106,0
5086,478,518.6155710643561,Online,Electronics,US,18,0.008322750313517226,0.07084640860972984,0
2753,968,3.491202152497631,Online,Food,TR,20,0.22891765402012318,0.28766515805024584,0
7668,542,42.04983703214355,POS,Food,DE,21,0.19612421420570986,0.11019879124386638,0
2007,157,214.50807051479563,QR,Food,TR,16,0.03544483214955847,0.14886733159009544,0
8257,326,20.093743409830154,ATM,Food,TR,12,0.10311192201812681,0.019443458090773816,0
8637,395,28.399599359657962,QR,Clothing,TR,16,0.09877439782183528,0.29637758149867605,0
6286,483,180.6538218956297,POS,Grocery,TR,4,0.24458387626960149,0.05225983223095096,0
7955,966,30.1163540997152,ATM,Electronics,UK,18,0.03333934953020521,0.07501078508779724,0
8484,7,150.22155422256805,Online,Electronics,FR,21,0.049068400953750285,0.14007533198339417,0
6223,792,157.9770127246015,QR,Electronics,FR,3,0.30084721383715424,0.2102250845082486,0
8498,995,105.88084993933427,ATM,Clothing,TR,15,0.24709907945588755,0.1201620144158874,0
4944,651,115.23599887409783,POS,Clothing,UK,14,0.10148316730539379,0.17023524817901334,0
2737,249,611.121184616938,QR,Travel,TR,19,0.29016254508920514,0.5417699598551647,0
422,650,56.28732928541193,POS,Electronics,UK,5,0.02725905206160134,0.1698113898141469,0
9416,532,240.0584306491447,QR,Food,DE,23,0.3472802973785889,0.3702773084445959,0
4074,977,35.3920737533912,Online,Electronics,TR,17,0.09031270857462396,0.025759820857547345,0
195,999,44.31451514725859,POS,Electronics,US,17,0.06029626738398019,0.030903916710370682,0
9750,524,513.9547763748216,ATM,Electronics,NG,22,0.16587342071206873,0.20354594781956997,0
9927,445,290.4521321956364,QR,Grocery,FR,22,0.054839092639394627,0.016933806220030004,0
3299,555,3.136263575166753,POS,Grocery,US,16,0.20954359107042636,0.04166633439083628,0
9403,915,51.12920826565792,QR,Clothing,US,20,0.38025684926499603,0.008367903131921383,0
5907,869,2.0528643628922705,POS,Travel,DE,23,0.08305400973874595,0.1887142061940704,0
8293,67,318.65493596231437,QR,Grocery,US,17,0.07382876115790812,0.13002699522914504,0
3687,478,438.9180024929401,Online,Clothing,TR,22,0.10389542454916739,0.064274485233375,0
7385,219,43.15191987845487,POS,Food,TR,6,0.06969670394873101,0.09641280362413683,0
6428,546,271.5949604124901,ATM,Clothing,DE,18,0.23249501450964388,0.13679944636269323,0
357,51,90.33420862396098,QR,Food,FR,22,0.2001752423544652,0.12516784739457454,0
1088,404,262.2283753983289,ATM,Food,FR,19,0.6678474659892217,0.14103818625551767,1
6466,535,143.40162660725798,Online,Electronics,US,22,0.04112639970152909,0.15169979147304388,0
6623,413,38.77613897342497,ATM,Food,DE,23,0.15664560423280643,0.37558813081301246,0
7988,489,91.20774887629432,QR,Clothing,TR,3,0.33623396015804013,0.46248510035005685,0
7984,291,313.9121889227566,POS,Grocery,FR,14,0.010966521312856928,0.018502646278917286,0
786,121,149.87432706643605,POS,Travel,TR,12,0.05032510942014602,0.20060269871867806,0
1118,820,78.71492701778739,ATM,Electronics,FR,8,0.4164164958724472,0.21119905892302185,0
2681,873,880.0254191758152,POS,Electronics,FR,22,0.23322947983036632,0.19609982577664914,0
3637,602,91.85440156003132,Online,Electronics,FR,16,0.11886312395233822,0.20577566667598737,0
2683,165,19.947452431641274,ATM,Electronics,DE,10,0.011749013072904565,0.16248013232860606,0
5879,520,150.37473318215683,ATM,Electronics,FR,8,0.11558480670030569,0.20944633572848093,0
3263,404,22.979378845581653,POS,Travel,US,5,0.3706689096346613,0.19423892670941398,0
5450,450,168.26279361517422,POS,Food,TR,17,0.21063403091855404,0.22955236612893165,0
1651,709,121.51038070399501,ATM,Food,DE,16,0.1457817084530328,0.09105586137118574,0
4929,646,27.653833034889402,ATM,Travel,FR,18,0.17318647794124695,0.09609818644055808,0
4320,171,840.1736784812704,ATM,Food,NG,21,0.12250699399212059,0.07705617528112374,0
5998,49,258.0839168570015,Online,Travel,TR,21,0.12278879739908304,0.34130807203026964,0
6670,322,318.2692432531246,QR,Travel,US,21,0.12880352840030923,0.18347726934835895,0
6605,822,375.246167199407,POS,Travel,TR,6,0.0574801067103092,0.009552143202582814,0
3884,933,48.28081118993144,POS,Grocery,TR,20,0.06724405664742426,0.1689561930422148,0
1982,893,3.454075194486206,POS,Clothing,TR,1,0.07623415929312774,0.04064101329015291,0
6137,446,130.66182963008782,QR,Electronics,UK,20,0.028447940030366606,0.3025049850891221,0
6994,729,6.7228211125465505,QR,Clothing,TR,11,0.2170510178801844,0.07819334683757985,0
4635,399,30.678190436223794,QR,Grocery,DE,5,0.19777524353230347,0.19881672790369234,0
4254,19,226.47768925884253,QR,Travel,FR,17,0.30158618236791174,0.5187972367361623,0
4011,336,472.8771122348288,POS,Travel,UK,20,0.3108579601438738,0.38080467478098773,0
5007,685,23.196284498898482,Online,Grocery,TR,20,0.118210171787981,0.14920580993975852,0
3973,462,113.308405411383,ATM,Travel,TR,23,0.5702213204539514,0.2823423219905316,1
7695,301,435.44045970578844,QR,Clothing,TR,11,0.2462070236666287,0.29713570214531504,0
3011,663,162.18458863461612,POS,Food,US,19,0.07255929365507907,0.19587323972213302,0
2594,993,4.563835002264941,POS,Grocery,DE,13,0.08866536814680509,0.1408560810763178,0
3325,663,64.38514373263439,Online,Food,UK,12,0.15570372163716614,0.0374867757250307,0
9291,223,1302.666950020248,Online,Electronics,US,13,0.2239291974038417,0.4527910642595579,0
360,593,854.7927123782292,ATM,Travel,FR,21,0.4100738016635351,0.16692283155818957,0
5524,560,439.85151301561035,QR,Electronics,TR,19,0.2934112511142632,0.40390883353299856,0
8534,29,91.44914109205982,ATM,Travel,US,18,0.1220269664412196,0.28053869788158403,0
19,0,489.71411821939466,QR,Food,US,17,0.1777732401834239,0.21121951099336023,0
270,868,364.9147752316403,POS,Food,FR,16,0.04621187565852763,0.08459052221308688,0
2424,539,2.590076729063083,ATM,Travel,FR,14,0.2590463949131124,0.06731397577521633,0
6803,315,66.11204363281438,Online,Grocery,DE,23,0.0593692368909824,0.5734192035484088,0
6769,149,626.5167328760377,ATM,Electronics,UK,20,0.04992458496002875,0.04379737996597764,0
3408,531,156.88291463390095,ATM,Travel,NG,23,0.15217585390872637,0.3910295489675741,0
9606,166,140.22776996140948,POS,Electronics,UK,18,0.0879778434846477,0.02614103683529592,0
8529,121,1.0746040537679253,QR,Food,FR,12,0.1848964597509317,0.13832797475777545,0
6139,266,159.95958051235274,QR,Clothing,US,13,0.16743874538196052,0.020601801824868128,0
1469,304,17.64013694878471,QR,Grocery,DE,20,0.03555504103343345,0.03140611728869873,0
5717,215,104.26538944240107,QR,Clothing,NG,16,0.3158947672889482,0.06669362226151719,0
3987,226,5.375273168201451,QR,Electronics,TR,20,0.06788895882146695,0.33611454283032516,0
3813,936,67.95947858303145,QR,Food,FR,16,0.5424671176374126,0.19573990976322114,0
4508,131,300.6954795502857,Online,Food,TR,20,0.12766862590878025,0.1704334461162798,0
5382,292,16.384471384171196,ATM,Food,US,20,0.11816290443440648,0.019283884732577153,0
1010,19,478.2368072717708,QR,Electronics,US,15,0.3597918398501112,0.03556760060978277,0
8832,89,38.807079462267154,Online,Grocery,FR,22,0.009977853462511413,0.0073155277389199596,0
3459,278,237.9421254022364,POS,Food,TR,17,0.4180049617980902,0.1942352599743735,0
1150,383,12.195580756003405,Online,Clothing,FR,6,0.0900897238614603,0.04128216525942396,0
3829,223,1.9256518470855828,POS,Clothing,FR,22,0.2849949231174472,0.02897871063402459,0
1623,299,149.36256358109887,Online,Travel,TR,15,0.046298752958622874,0.030116327056665185,0
9968,879,291.341336158893,ATM,Clothing,FR,15,0.1279115177626449,0.4657129012682769,0
8622,527,149.01235431268404,ATM,Food,FR,12,0.11041502790949732,0.02490302081653855,0
251,680,29.408254646043137,ATM,Grocery,TR,12,0.13133420539308438,0.0626774255597898,0
4011,796,218.72408356420436,ATM,Electronics,FR,22,0.11578085431787778,0.09779821876836363,0
9121,880,35.12583386170991,QR,Food,DE,13,0.011411408521069212,0.024134132482557174,0
2934,21,45.326338811941596,ATM,Grocery,FR,12,0.11400422905264107,0.0935903816245753,0
505,738,4.9350599520165535,QR,Electronics,FR,18,0.3111914212648912,0.024764135266214564,0
6226,715,4.642872837835871,Online,Grocery,US,18,0.18126387072617542,0.05324600481774185,0
236,463,1.0809139104409509,Online,Clothing,US,16,0.01451045107530672,0.061395358448349556,0
6992,457,74.47067786766097,POS,Food,FR,12,0.1617097914025522,0.10081943757872759,0
5660,598,226.9416085583622,Online,Food,UK,16,0.17899950640227327,0.09091988139182042,0
4825,267,180.10174009488236,Online,Electronics,US,13,0.04643165477320596,0.08635628356133561,0
5084,613,48.12694988543458,POS,Food,FR,11,0.027813965865610118,0.08340620691672906,0
9072,265,60.81781123348679,ATM,Travel,US,15,0.027438789158667366,0.038094324297503354,0
2806,547,465.0789180461402,QR,Food,DE,11,0.2683266895987583,0.04012616593924,0
6738,503,25.940172573838964,POS,Travel,DE,22,0.10740157664083178,0.09387861392194856,0
3651,362,153.6649201913404,ATM,Travel,FR,6,0.2807053921776003,0.14859382196321888,0
8340,825,2.688494740155523,POS,Grocery,FR,8,0.10731900381586847,0.2722628512923277,0
3432,772,9.289544823876156,ATM,Food,TR,14,0.12030363099208001,0.002822402977789044,0
4500,852,3.345953208063964,QR,Food,NG,14,0.03075045254323271,0.05107420672123807,0
9222,296,102.06947707056257,ATM,Grocery,US,18,0.4002257852386299,0.37240948183741684,0
4725,301,4.8448663292388625,POS,Grocery,FR,14,0.06780659342934257,0.05601228308634094,0
1498,457,34.54904618478459,ATM,Clothing,US,16,0.20326747642203447,0.2146783687365478,0
8956,241,1813.2208199146842,Online,Electronics,FR,20,0.5946083141777334,0.5204516927912157,1
2548,64,12.185916479097763,POS,Electronics,TR,6,0.05025208739789518,0.045056136485311225,0
300,53,242.3972373784474,POS,Grocery,UK,6,0.17426887419889794,0.09082389073408632,0
1723,216,386.6067541241497,QR,Grocery,US,13,0.6991572609959276,0.6438993524646689,0
7484,962,39.78962933895058,ATM,Grocery,UK,22,0.11290928017537523,0.044627769213330525,0
5930,929,394.6187612102237,Online,Travel,DE,14,0.10022686712933865,0.034370614879814375,0
3570,810,160.88343773655515,Online,Clothing,US,14,0.15691861421721373,0.07661063050876574,0
583,94,171.04295802743664,Online,Clothing,TR,11,0.6606181690965153,0.06312334621247173,0
6183,862,265.8017607276681,Online,Grocery,FR,21,0.08244274812554737,0.24608401640603378,0
4398,358,47.13700532855119,ATM,Grocery,UK,18,0.22549024233838977,0.1221184683310801,0
7905,915,83.24137365282228,ATM,Grocery,TR,12,0.18675908770139577,0.44637156918443344,0
4382,727,182.07844777935048,ATM,Clothing,TR,21,0.2383917990845344,0.19254214721401552,0
7321,190,18.33866583561314,QR,Grocery,US,16,0.189629482214857,0.0670266544090119,0
9464,506,54.60267603661699,POS,Clothing,TR,21,0.22385618316151948,0.29231811404933644,0
3094,633,6.761668376463468,Online,Clothing,TR,17,0.4605205516244811,0.281298614442783,0
7901,245,80.80661650634885,ATM,Clothing,UK,23,0.04834409939268847,0.24557966108441498,0
1523,432,323.94443296479693,ATM,Food,US,20,0.037270646874319774,0.059203167027981736,0
9168,28,25.12835711710716,Online,Travel,TR,5,0.09022347205589733,0.07435718073366267,0
62,556,97.76343582642771,Online,Grocery,DE,15,0.2944470455322037,0.49559937306649937,1
5593,962,1067.0930083032652,ATM,Food,TR,19,0.20901737997589806,0.31288385826960313,0
8212,309,147.07378952397036,ATM,Electronics,UK,4,0.1100740492562272,0.33439869905110264,0
2970,588,24.879480476949453,POS,Travel,UK,16,0.042497471773119216,0.17377690824656086,0
8665,957,29.130263315944166,QR,Grocery,DE,7,0.23271036402449471,0.14785482545375847,0
9235,695,387.42470167481446,QR,Electronics,TR,17,0.23450069485246433,0.046995296995509105,0
7622,483,227.4995688825157,ATM,Travel,FR,19,0.6745819180203712,0.34236385074466935,0
7306,528,74.24172138700841,POS,Electronics,FR,22,0.21804187113112122,0.203178264848691,0
7025,337,434.4106177864841,POS,Clothing,UK,2,0.11152053285936793,0.31569390616978743,0
3843,228,38.63657766284824,POS,Travel,DE,14,0.12256934716009192,0.14759913006627798,0
2029,381,15.56104414847955,POS,Grocery,UK,12,0.02644360106187115,0.03511275330748041,0
3890,589,195.0199480370172,QR,Electronics,DE,16,0.21712644419898786,0.2342129122294416,0
9672,2,97.74601556146733,QR,Travel,TR,18,0.017343904532709373,0.12364392779854265,0
484,608,30.952233941851805,ATM,Grocery,US,11,0.11772266721167253,0.07622036948045154,0
4059,214,136.80206447444925,Online,Food,US,19,0.30542188086518757,0.3274228488821764,0
4973,372,4.5879931513404735,Online,Electronics,DE,5,0.020775317267389532,0.09094606810930544,0
7793,565,267.81567918290745,QR,Grocery,DE,16,0.045653861089320645,0.07514573156716076,0
8299,414,36.86018538669796,ATM,Electronics,TR,14,0.8027613153827865,0.17877741499371494,0
1500,993,75.26883067633499,POS,Travel,US,7,0.058383872818203314,0.0630609839804748,0
543,937,230.37881066644204,QR,Travel,TR,10,0.6833819002925092,0.12481730201934281,0
4579,147,236.97740261593026,ATM,Grocery,US,22,0.5197515930342258,0.5050950569453304,0
9593,793,427.42176472374086,QR,Food,UK,3,0.08385168846374122,0.5005990346389377,0
8517,741,748.880498464524,ATM,Food,DE,10,0.42323000460944665,0.08028121497704017,0
250,262,132.61214146594656,QR,Travel,NG,8,0.4626732553517089,0.20293719009334293,0
2625,675,74.11998908654859,ATM,Clothing,TR,12,0.14891777774481005,0.2952394389780023,0
5481,840,440.563989602151,Online,Electronics,DE,8,0.3768899255032607,0.1754100246913917,0
555,567,16.358530698106847,QR,Electronics,DE,18,0.07931003289952275,0.2611119575214138,0
5932,234,142.28903163796255,QR,Electronics,DE,8,0.0673990151442455,0.28913002661404685,0
9499,734,1.8745903075855248,ATM,Clothing,US,17,0.01387411513405909,0.1342054718241638,0
5070,544,508.3148137567889,Online,Food,FR,22,0.23444969056568857,0.2528348759467442,0
2152,857,292.40181271507583,ATM,Grocery,DE,9,0.18969293174885188,0.19097949612269066,0
9532,417,80.27287176389167,Online,Travel,DE,5,0.30004774280380164,0.4841764204814691,0
1861,974,2.7184881572466644,ATM,Grocery,TR,21,0.07500176101082491,0.013658243640414357,0
8568,201,175.22093248079423,POS,Grocery,DE,21,0.005898796044359884,0.10800989789756214,0
813,470,94.05243664211011,Online,Electronics,UK,16,0.13444697696342,0.18966024741153112,0
864,712,23.93810952506804,ATM,Electronics,DE,14,0.21838532693445734,0.6064123402458681,0
682,410,606.2626586508779,POS,Electronics,FR,6,0.6167420381753496,0.4642653580667701,0
4957,949,303.36414168775696,Online,Electronics,TR,14,0.25189730010105643,0.12319034315168187,0
5014,328,78.78451851443995,Online,Electronics,FR,13,0.2799739882374205,0.15756013224745308,0
3874,678,68.9420776111851,POS,Food,DE,23,0.024273752300557346,0.13157450506936066,0
8838,217,273.15609443450245,Online,Grocery,FR,8,0.1588902430887396,0.3776500288786619,0
92,845,447.9009290171663,ATM,Electronics,FR,8,0.3403920933097082,0.42904412176911516,0
4230,639,108.3261806720735,QR,Travel,FR,18,0.12964622631739117,0.044014828517172484,0
7991,191,157.07474490786615,ATM,Clothing,FR,13,0.16088905223395614,0.11331894922772644,0
3388,569,5.984426733011277,Online,Food,TR,22,0.2907761291710307,0.2064223505887064,0
9684,819,68.77102373534353,QR,Grocery,US,11,0.0755651740002138,0.11156600485956626,0
3298,816,127.14393089144973,Online,Travel,TR,19,0.12152647668078888,0.038220950121019906,0
3437,187,25.171871744390305,QR,Travel,FR,23,0.03548796234361128,0.026096125627747855,0
5834,860,26.933334090052742,Online,Food,US,16,0.22586408886546103,0.36215745141859756,1
4436,378,41.42248955366555,POS,Electronics,FR,2,0.028396827202454945,0.17472653250355077,0
209,268,142.04693838483976,ATM,Travel,UK,13,0.167989187312977,0.2303807094668752,0
1753,923,41.53568059510001,ATM,Travel,FR,7,0.048796616491747755,0.08366058705558484,0
2565,114,77.26159285317621,POS,Travel,US,20,0.140757421129628,0.20900095299657687,1
3137,676,183.31017392439853,Online,Electronics,FR,3,0.3303294501729241,0.2826062054671535,0
8196,153,277.4074293748401,Online,Electronics,DE,20,0.32359476960568323,0.05559342805799905,0
721,108,49.06083004487512,Online,Food,DE,14,0.11070198927273829,0.039862741473746834,0
7367,515,48.74050121749739,QR,Clothing,DE,6,0.1756275223207362,0.17784758681140717,0
2701,368,57.023313070061874,QR,Clothing,TR,7,0.007160042681323152,0.12693154949964372,0
8669,877,153.7442857183865,ATM,Electronics,TR,5,0.5376896720903297,0.7543355325445403,1
9916,227,194.7187374228121,QR,Electronics,US,1,0.34062553967433024,0.4780254720610968,1
6720,910,107.15149916032864,QR,Travel,DE,22,0.06364606449819347,0.14577029904237415,0
3862,604,604.3908223727118,QR,Travel,DE,15,0.4771480977112946,0.1664825361217397,1
6731,343,959.3295864225447,POS,Travel,UK,4,0.3171400518104917,0.9516581233681669,1
5904,476,37.39186901640163,Online,Clothing,FR,16,0.03072264079594026,0.07594363695617837,0
9473,546,52.45908150457389,QR,Food,DE,14,0.0847882965217993,0.1672134927326254,0
2201,771,224.6984564838244,ATM,Electronics,US,8,0.1633574975958202,0.06429454598541245,0
352,640,728.00947944982,QR,Food,DE,3,0.21301216702553552,0.23899862739953334,0
2512,227,309.62919426619925,Online,Clothing,FR,8,0.08850398260465613,0.31277531230960304,0
5470,794,299.83801853610646,Online,Travel,FR,0,0.212676242027687,0.11243794551010157,0
4011,572,245.27970318813294,Online,Travel,US,12,0.06766826471762238,0.24826281918330353,0
8482,263,1.0102143237797734,QR,Grocery,US,13,0.05982199994382162,0.09953950544252316,0
8630,257,392.0528269975234,ATM,Travel,TR,13,0.038724867251453264,0.2494550677909072,0
2105,80,152.2505493016571,QR,Travel,TR,10,0.282178922598818,0.0045216338998877335,0
7542,237,9.186319146633693,QR,Food,TR,11,0.16497733722858807,0.14348720598921938,0
9365,874,148.13974840766247,QR,Grocery,US,4,0.05489782244158705,0.1307462785215926,0
9557,538,60.97539739880048,ATM,Grocery,FR,18,0.17092202395165904,0.10090380115402577,0
1485,531,85.56351107578026,Online,Travel,TR,5,0.13457889237139792,0.041118989916078486,0
5692,312,185.24565169341153,Online,Food,TR,16,0.01619913180809471,0.02761505641038503,0
6699,747,3.1965880151768262,ATM,Electronics,TR,1,0.15745925092304397,0.31621670271411983,0
4242,128,76.00216624925274,QR,Grocery,US,8,0.34073733165476405,0.44240127263314183,0
6413,564,127.98704352248032,ATM,Food,FR,16,0.03224976621858241,0.009478665474231904,0
9059,246,52.507367991137,Online,Clothing,DE,18,0.2187064811034734,0.28692261867740826,0
7481,517,95.97892510485984,Online,Clothing,US,21,0.09857993219843059,0.24968406141458338,0
7386,18,85.87247544736354,POS,Clothing,DE,6,0.1502054544639631,0.2644765501222381,0
2543,131,62.42929641049296,QR,Grocery,UK,22,0.05850426998923348,0.12784442017182085,0
3713,533,22.772401091031735,Online,Grocery,TR,9,0.06603826983823573,0.1414020560029917,0
3503,534,206.76312691015679,ATM,Grocery,US,12,0.32980585606782215,0.1384156364451102,0
1750,81,101.71898412224296,Online,Electronics,US,20,0.20671681433563305,0.09321816915867602,0
7621,607,144.87347885865512,QR,Travel,FR,12,0.11423736643104898,0.14622868160254207,0
9338,874,37.33096815394934,POS,Food,FR,22,0.07285199794110382,0.10966601695981752,0
8049,824,43.369856266473626,Online,Clothing,TR,9,0.03413376599546434,0.3187445631591832,0
7136,230,32.095967845410534,POS,Travel,TR,21,0.0728509109563111,0.027545132872888737,0
6911,487,467.8553284841427,POS,Grocery,FR,21,0.07276656218716779,0.29651942026132294,0
7655,518,357.18170767356304,POS,Grocery,FR,10,0.2599049653237333,0.06606178609382007,0
5899,699,126.42091913440143,POS,Travel,DE,14,0.035603331033687895,0.12354673541452595,0
9869,392,355.8761070996667,POS,Food,TR,10,0.2516744479042942,0.08170462273168343,0
7520,865,56.60844004227186,ATM,Grocery,US,18,0.07815640359957238,0.132010123691035,0
5823,630,1.9601665655035851,QR,Food,US,21,0.003086880770347017,0.052051616539254754,0
6764,966,258.70503823384416,POS,Travel,UK,18,0.27521709744574524,0.8396133040334041,0
1196,92,2.5225113858580053,ATM,Grocery,NG,15,0.44550728429684244,0.06152884669916812,0
999,259,124.76035664303025,Online,Travel,UK,8,0.20928862790111621,0.09336271337531454,0
2195,328,42.0336051466325,ATM,Travel,FR,6,0.08100141850116059,0.08321806301660477,0
1596,632,232.75894249700139,ATM,Travel,FR,18,0.22002903238845528,0.18894898764889725,0
4745,244,376.2309804419744,ATM,Grocery,TR,17,0.1425457991393021,0.20003870217574307,0
7883,372,423.1545397954945,ATM,Clothing,UK,15,0.10127942093627504,0.07804159576462608,0
3081,788,288.4547718376063,POS,Grocery,TR,11,0.14476535624171977,0.27042876692379764,0
4202,735,138.8474848197357,QR,Grocery,UK,3,0.062439595237150536,0.030042451359347293,0
1630,445,412.72490500292406,Online,Food,FR,14,0.061694165287169804,0.3092902503414373,0
2298,122,122.5316557828974,Online,Grocery,FR,13,0.1280910124393744,0.3253604700075536,1
373,460,58.693281798526975,POS,Clothing,US,14,0.09712221240816724,0.26021970894863444,0
7354,496,13.120609393742201,Online,Grocery,US,21,0.0483877332860031,0.09441402068809916,0
5931,483,63.26091633365301,ATM,Travel,UK,5,0.09025675106677102,0.12373922041892624,0
1110,255,45.39061109068848,POS,Grocery,TR,17,0.13368528010169747,0.015533990202714211,0
9259,924,3.687767336805136,QR,Clothing,DE,18,0.3240706782729583,0.01852539392773584,0
2162,326,158.18939951736309,QR,Clothing,US,7,0.19013323008526414,0.1663442471221426,0
2546,712,99.87126037398404,ATM,Food,DE,22,0.32926802810366756,0.23941830690456772,0
1214,43,64.12181501414324,Online,Grocery,FR,18,0.018370416619125817,0.018031029286656213,0
4949,342,372.7840554250842,Online,Electronics,TR,22,0.33349400349092606,0.25110472095389325,0
3717,456,434.12061641990476,POS,Electronics,US,19,0.31518175514878216,0.22884552198497382,0
8318,37,272.80108123806025,ATM,Electronics,UK,20,0.028035054081678706,0.08478980639488626,0
5681,514,73.74457879921384,QR,Electronics,DE,8,0.14593739664968283,0.3024823013579446,0
3636,692,121.94171525978584,POS,Food,UK,7,0.174943290710684,0.3779731961450844,0
6216,438,378.8667577165944,Online,Electronics,UK,23,0.42924489217898476,0.19762794180338839,0
8994,40,272.4484541581919,POS,Travel,FR,23,0.07888889331003059,0.20553653509416311,0
7916,280,717.9093157491841,ATM,Travel,US,15,0.2911293709019146,0.45515300508068585,0
5617,288,3.299566669940762,POS,Travel,DE,15,0.16429957114240507,0.06003163383515908,0
3305,9,555.0247780684051,ATM,Electronics,US,5,0.1836530084600942,0.39255678203134853,0
2078,78,419.6924950396903,ATM,Food,FR,13,0.6267441938158722,0.03066998937033387,0
3985,975,64.9904883611783,ATM,Travel,US,21,0.09060857261228038,0.2596022901105344,0
512,852,433.90825774642934,ATM,Electronics,UK,13,0.22136969259719266,0.7167003961224816,0
3643,679,158.0917100938689,QR,Electronics,UK,22,0.09946896202588686,0.08461516940681081,0
1738,392,268.94839313768585,ATM,Food,TR,21,0.015650572615604073,0.04730923127072153,0
281,732,11.398237966302206,QR,Clothing,US,14,0.2924024524019385,0.056704534695478793,0
9036,441,251.9670469027093,Online,Grocery,UK,2,0.3713948435876206,0.40909470894619226,0
4295,825,1.0155548058317276,POS,Clothing,DE,22,0.045075926641067035,0.12726274713354715,0
4562,226,9.410250924848784,Online,Clothing,UK,14,0.08351393006416462,0.02521844487253726,0
1790,703,535.2855523826596,QR,Food,TR,5,0.043713526818850705,0.027873476025709394,0
1337,973,114.54881638588603,POS,Grocery,US,10,0.20362252136157935,0.530320432068335,0
1213,427,172.87939380071145,Online,Grocery,NG,15,0.2747113995227471,0.12386847755816782,0
4213,137,325.1887142248027,QR,Travel,UK,13,0.39602774061969326,0.2085066835437826,0
5767,531,37.5452287568432,QR,Electronics,UK,11,0.29453433463083073,0.10436375369887345,0
5563,777,270.614739728813,ATM,Electronics,TR,22,0.19598470979338842,0.12812205630117932,0
4552,938,8.453386099666286,Online,Grocery,UK,23,0.02715334280656554,0.0486781465629909,0
939,56,9.592806101749286,POS,Grocery,US,23,0.02479411948478542,0.21055193263897654,0
3353,883,135.68841949767858,Online,Electronics,DE,2,0.05289593748628788,0.01397148507289573,0
9372,439,179.62572575385815,QR,Clothing,FR,15,0.18377032045458236,0.12942050744295125,0
8602,350,3.496042191629784,Online,Electronics,US,18,0.1822225479899175,0.27225417513138406,0
5464,204,293.8055627644415,POS,Clothing,FR,22,0.075577193745988,0.02597694447294491,0
1170,769,446.91386243864866,QR,Food,UK,20,0.4472422937085301,0.5484978315419607,0
588,256,35.26230540591947,Online,Grocery,FR,13,0.04329813067113492,0.05104335827308535,0
4986,111,240.32536225699556,POS,Grocery,TR,4,0.48753433083511016,0.21416470985371924,0
2451,378,25.049207494867268,Online,Travel,UK,23,0.1354674704602723,0.03641319393794646,0
4650,633,285.9128187199518,POS,Grocery,TR,18,0.3999924749297815,0.4234453803689942,0
1568,41,8.108604296977095,POS,Grocery,DE,6,0.2934096349287218,0.5702331414912565,0
6221,352,3.0039023521642108,POS,Travel,TR,22,0.12284086030696546,0.5388067404584903,0
6064,609,26.647684298549635,QR,Grocery,US,22,0.14417641433106385,0.03208347583691856,0
7359,270,20.566042911937576,POS,Electronics,US,21,0.3224724613190741,0.06728976214687633,0
4396,629,128.3277956842793,POS,Electronics,UK,22,0.10832611497415885,0.11074234925265977,0
3398,412,314.75933691892,ATM,Clothing,TR,13,0.3099683243972011,0.2950290506874177,0
1016,482,403.2393217970399,POS,Clothing,DE,2,0.24163852062431324,0.5448882967337392,0
1587,127,155.7585054368141,QR,Clothing,TR,8,0.07286250913593169,0.03924129101069777,0
4464,735,1.0400293496146742,POS,Travel,DE,14,0.20868251506708357,0.06760250066246536,0
8229,54,20.495160862809467,POS,Travel,US,16,0.6199821573724416,0.36850025039009304,0
9559,576,297.4773394485333,ATM,Grocery,FR,12,0.2777904088383902,0.18938504587406624,0
2945,703,88.74011626196477,ATM,Electronics,TR,14,0.032397128615045886,0.07874860917156658,0
4803,555,42.610686757027445,POS,Food,TR,15,0.24217504063342488,0.062396766869001356,0
3424,433,26.3565382055988,QR,Food,US,22,0.0059989758094887,0.00321056620779518,0
9043,559,64.89568220024708,POS,Grocery,FR,22,0.01661154131865042,0.15342508931170593,0
9958,512,689.9298129720736,ATM,Clothing,US,18,0.05910122813791172,0.07962881847189873,0
3444,179,55.31104746075484,POS,Food,FR,18,0.07371840273789328,0.06533823371777747,0
5271,215,11.653533775749858,ATM,Electronics,UK,22,0.026386894334275893,0.04756681982784861,0
5491,293,15.924338475341713,QR,Food,TR,19,0.1966188189627005,0.587081269473733,0
5430,95,402.9987681677463,QR,Grocery,FR,5,0.13447393551575842,0.34646099349932796,0
9550,345,205.8753008768664,QR,Clothing,US,16,0.5804689238976083,0.1870706637453921,0
5791,999,10.046969268144741,POS,Clothing,US,11,0.14569484715299694,0.111860757703418,0
8485,861,205.47474070712832,POS,Electronics,FR,19,0.03377694595282446,0.11596193359388189,0
7924,736,28.825791159197234,Online,Electronics,FR,11,0.04149441063698147,0.15868423725202122,0
672,858,497.2596551011694,Online,Electronics,DE,11,0.6586220526503411,0.34656789998579773,0
8656,501,354.87179107191423,ATM,Clothing,UK,10,0.0060663913239083125,0.26575169445193814,0
2168,776,237.5859864886514,POS,Travel,DE,10,0.3516269432056241,0.4232287545184808,0
4077,87,60.9335131866885,POS,Food,TR,11,0.12573817631584086,0.16655226030567327,0
1645,321,67.89959973539042,Online,Travel,US,21,0.187932302061254,0.08638811193603302,0
3774,614,673.9732140585852,Online,Clothing,TR,16,0.07767924018483664,0.26674332263896294,0
7725,555,140.66689144208658,QR,Food,UK,13,0.20210078847405352,0.12480377824811516,0
4796,508,1.4677229441388044,POS,Clothing,TR,22,0.1821557179230263,0.0027508864677733727,0
5554,267,8.483560497476823,QR,Clothing,FR,19,0.004134292700827364,0.21414982055854048,0
750,698,765.6085478769797,Online,Food,FR,22,0.3285002223831733,0.4008806145523254,0
771,601,27.340352226413348,POS,Grocery,UK,13,0.005417539571341946,0.05147808656113465,0
9325,689,33.10058520616479,QR,Electronics,DE,8,0.1220608241171573,0.4480116412276168,0
5011,990,25.822109245588674,QR,Clothing,NG,9,0.10504670762515537,0.5158190912491922,0
4012,607,219.82286129618288,ATM,Grocery,DE,16,0.35630640524195684,0.13381520471062053,0
1926,842,403.9124825656425,POS,Food,US,23,0.42767556862614287,0.5271137324308718,0
8907,686,376.71453144351256,QR,Grocery,US,13,0.07128923809478288,0.19859308585354388,0
6561,355,342.05819047081803,ATM,Electronics,UK,20,0.04310917812888423,0.3709829910784109,0
5638,194,31.700638421932794,ATM,Clothing,DE,17,0.4918443551868495,0.36352786982912966,0
4696,721,348.51547024489423,POS,Electronics,UK,4,0.3822385541027302,0.35283400931662295,0
9753,531,212.93796122547553,POS,Electronics,DE,2,0.1646219274446798,0.23745672573090432,0
4387,142,15.894557834270834,QR,Electronics,FR,23,0.11145808201544408,0.06376766686814012,0
2941,444,80.96520329375512,Online,Travel,TR,16,0.09558137835806534,0.210761924466489,0
3760,610,221.16148154505788,POS,Travel,UK,13,0.2874652373616283,0.04065065778010098,0
5973,388,351.32507495147127,ATM,Clothing,DE,15,0.5827524904416571,0.21231560603176716,0
9996,555,20.24995271745892,POS,Food,TR,20,0.07122983574718138,0.11691291889363349,0
3129,386,164.85297215689633,POS,Clothing,UK,11,0.028223437446075805,0.3279843590384624,0
2528,212,67.76492886215568,ATM,Electronics,US,8,0.2095279070909214,0.0707971384619592,0
9666,204,40.85952173864602,POS,Travel,TR,23,0.04804364854202252,0.11514482523980664,0
8571,821,53.05026748070708,ATM,Travel,FR,18,0.07112444539218957,0.1152867148006002,0
6797,916,40.68545315412607,ATM,Travel,TR,13,0.16731877029677067,0.07210607555371443,0
1005,236,174.28253938700655,QR,Food,TR,12,0.5823788783022951,0.35935318131388105,0
5350,799,206.18170284014232,QR,Grocery,FR,21,0.11717923769661401,0.2529250209450095,0
6104,55,4.150746077201888,QR,Food,FR,10,0.022661730748924906,0.009829563369478392,0
9284,336,73.45063013109876,QR,Electronics,UK,23,0.034136208436762946,0.03368152925926705,0
5425,933,4.456827209911846,QR,Travel,FR,16,0.2634625879995034,0.3188766729458815,0
1922,152,153.86221708559805,Online,Grocery,US,14,0.27102250446253073,0.12781959805711646,0
1198,739,66.45833128921761,POS,Travel,FR,10,0.5065514091517618,0.34437146314460293,0
1277,945,34.30405290934945,POS,Grocery,FR,16,0.21221911601094665,0.046657783884572424,0
6556,848,162.87478024182337,QR,Travel,TR,18,0.2208190793668158,0.33167480526312326,1
2604,753,178.99860049943518,QR,Electronics,UK,20,0.18959419518561751,0.3261088438229158,0
7018,314,49.33715686310738,ATM,Clothing,US,10,0.07362627475274804,0.11096573256444214,0
1195,96,226.77873039868018,QR,Food,FR,16,0.2691476558231458,0.3166183317761969,0
64,34,108.00727569996583,QR,Clothing,TR,18,0.05088301966587596,0.26086878815091796,0
2060,370,378.8042857046222,Online,Food,UK,22,0.8124612863044743,0.2900922769963669,0
7604,389,29.48753451466046,QR,Food,UK,22,0.04430320021072729,0.017909212908527858,0
7527,57,32.18577381606567,POS,Grocery,TR,22,0.07677007049504414,0.14331871428441212,0
8462,397,763.3473251174657,ATM,Clothing,FR,22,0.08589856412755068,0.6305562045302107,1
505,209,95.82330698074642,QR,Travel,UK,21,0.11043487914520056,0.14594605651372614,0
4758,847,290.0496213513939,ATM,Grocery,UK,15,0.1771406801357624,0.08403920270138432,0
1799,514,76.06559141225782,POS,Clothing,DE,6,0.28143867279498036,0.23180953086522657,0
3498,283,150.35809379691554,QR,Food,UK,8,0.7465121601782768,0.5427928871915695,1
5862,803,135.23184694507881,Online,Travel,US,22,0.4040337425264869,0.11096277846115606,0
7999,61,329.36745014404215,QR,Food,US,12,0.16455589520056074,0.37852495735770053,0
4049,680,23.40808750704556,ATM,Electronics,UK,11,0.01989725029599964,0.07860842630218277,0
5896,334,466.50553627053375,Online,Food,UK,21,0.1572955352109905,0.12712440818206225,0
5507,207,61.560813706326165,QR,Electronics,UK,12,0.5641115480085872,0.2370209774542351,0
9854,860,105.87351371373825,Online,Travel,FR,15,0.024312240734491654,0.2594131691143249,0
6807,749,339.1016650380375,ATM,Food,DE,20,0.03783932900098221,0.0661409367672755,0
6290,207,43.22288452875851,Online,Travel,FR,15,0.2312257221491038,0.3757368277761558,0
4831,599,88.92093254091462,ATM,Electronics,US,22,0.29227508942799346,0.15180426073404307,0
8499,693,50.195645122494355,POS,Clothing,DE,16,0.03868513862847215,0.4413723059984491,0
441,268,73.16405175099123,Online,Grocery,FR,15,0.027657568880769177,0.1383074166010257,0
7604,176,297.20997994210137,QR,Clothing,FR,21,0.0646026829616662,0.054952931902489746,0
3591,495,39.6887352606005,Online,Electronics,US,23,0.12325771348479833,0.18668166370399022,0
5366,385,87.49413208315246,POS,Grocery,TR,16,0.010977892927518456,0.0352285893391194,0
9409,699,30.66188530566337,ATM,Grocery,DE,12,0.0006039410223667187,0.02601515584046098,0
9789,707,84.72100331465447,QR,Clothing,FR,9,0.028600395299312402,0.27434818535751837,0
4799,293,122.8961975872783,POS,Clothing,DE,17,0.011361196347095374,0.042881577742993865,0
6367,435,88.79515290570184,Online,Electronics,TR,21,0.10172902345423183,0.03833261917188224,0
1481,438,62.29855151402814,ATM,Travel,DE,21,0.08299481901682983,0.024705239634478845,0
3658,196,40.222738321086695,ATM,Food,FR,19,0.1628729546565512,0.09508930644795187,0
2330,614,1.5609579305086418,Online,Food,FR,20,0.08366059950927905,0.09110181563911135,0
6951,539,414.86611476907825,Online,Grocery,DE,13,0.1954539867729018,0.2316862326004763,0
2940,899,325.4071431509896,ATM,Clothing,US,17,0.1990366819774115,0.08649819272142503,0
8164,652,26.63789813023016,POS,Food,DE,10,0.09019997908066323,0.025724562834173903,0
1198,183,571.2097050317046,ATM,Electronics,DE,4,0.16610486585581694,0.3656933477670683,0
5011,666,216.95800886121958,Online,Food,US,17,0.04626750118219809,0.07807603255158561,0
1880,162,150.76197901983372,QR,Electronics,FR,18,0.34239869615525464,0.2806507495567295,0
4975,998,36.21528082971491,POS,Travel,TR,5,0.26499848627983175,0.20519453346121805,0
7738,94,29.58919415623596,ATM,Food,TR,19,0.319778967662958,0.08749043996890206,0
5239,441,190.80864827656757,Online,Food,DE,22,0.41883501604070844,0.43078687201012983,0
4246,834,5.058607182353079,QR,Grocery,UK,23,0.04585226652579877,0.0596948351195559,0
3561,633,92.48472521972357,POS,Food,DE,10,0.17748472133429735,0.37850521415927463,0
7772,966,190.42792485485816,ATM,Food,DE,14,0.14736916127528932,0.33675365549670755,0
7036,727,402.4189564219802,QR,Grocery,US,20,0.1546965113461467,0.3682513016801919,0
6747,357,110.38341412279432,ATM,Electronics,DE,18,0.13085307821630004,0.3114952241481794,1
1963,762,150.16302221946165,QR,Electronics,FR,6,0.052390364481804556,0.07976883982135174,0
5524,30,22.755183690738775,Online,Grocery,DE,22,0.37469871326064885,0.08739683231528339,0
8978,194,251.32336564119,POS,Clothing,US,6,0.1857370177172477,0.12409178375613349,0
8251,62,24.1002465489179,ATM,Food,FR,17,0.05966078456546715,0.09036626454735203,0
2073,175,38.68136344008626,Online,Clothing,TR,14,0.060758227874956786,0.0953032732079061,0
3165,540,323.90152875627325,ATM,Electronics,DE,15,0.03864604388057273,0.12792434070656086,0
1387,562,1.685447528991204,Online,Electronics,TR,13,0.01616510330008206,0.0286734211273593,0
6217,0,46.68121539342506,Online,Electronics,UK,4,0.08051384333289271,0.24616562571013256,0
2487,132,157.99813481171762,ATM,Grocery,FR,21,0.0002071525073515044,0.011615590397886812,0
8523,802,575.5581284417232,Online,Clothing,FR,18,0.10244409275316674,0.19175843575667917,0
780,614,516.8722337856001,ATM,Travel,US,7,0.16846002159785858,0.1273876013859179,0
8122,308,150.61754938058866,ATM,Clothing,US,22,0.01918964200900868,0.010589948633106843,0
3370,324,92.83940844642864,QR,Food,FR,23,0.2909564685919032,0.06962742140417698,0
449,900,23.606732346033112,ATM,Travel,US,23,0.1273978439255436,0.09789928473981183,0
9977,688,334.0597275995501,QR,Grocery,DE,21,0.19711065222902396,0.10636047396193009,0
2140,295,129.2797835906098,QR,Travel,UK,23,0.1875415624971893,0.10633615441990277,0
2073,155,400.29084602254056,POS,Electronics,US,14,0.2613237794812287,0.12372384261422745,0
7107,547,34.609988731253694,ATM,Travel,UK,7,0.021879233293442515,0.046348160851003295,0
2636,939,66.43404968143302,ATM,Electronics,DE,2,0.014059854526587751,0.006971746557324003,0
1314,502,63.236943827023126,ATM,Grocery,UK,19,0.48431577677868004,0.17897207023535225,0
704,463,69.67150323713524,Online,Clothing,UK,19,0.0890815341372555,0.47752632669344586,0
8796,503,116.86184824681952,Online,Clothing,DE,22,0.3676151869044754,0.20632554099884912,0
4126,518,1.6577419373566835,ATM,Travel,DE,9,0.10998234317382968,0.08587060111730026,0
7471,313,133.15147311543365,POS,Grocery,DE,21,0.12303836675385756,0.2874951295437052,0
4153,803,25.94536873080548,Online,Electronics,TR,7,0.019351877451331753,0.2793795086997178,1
5245,360,34.19532021024941,QR,Travel,US,19,0.07335082974966049,0.01155984715337248,0
9272,757,419.25295048818816,Online,Clothing,US,7,0.3536177090625842,0.1742572107301462,1
9650,536,3.303144339679883,Online,Grocery,US,23,0.3068514905731873,0.054213237838040475,0
8019,172,263.6616579582114,QR,Travel,FR,13,0.5328003799464133,0.025494976707997177,1
1834,742,11.883827977504813,QR,Grocery,FR,15,0.610213935947949,0.40449792651267086,0
2396,893,35.06633552017421,POS,Electronics,FR,21,0.1155743466800981,0.06089315886546792,0
5310,711,76.48927871796077,POS,Travel,FR,21,0.06350210444669192,0.3114238648288619,0
3002,546,15.202161986180542,POS,Food,FR,14,0.03545358503817806,0.24187503834190094,0
7843,926,71.31369271032558,Online,Electronics,UK,19,0.06821999754955244,0.07941188516930758,0
8567,383,12.795309529952977,QR,Electronics,FR,19,0.06998295184878173,0.022067719380940827,0
5079,903,24.288901315889024,Online,Grocery,US,14,0.06297066503432111,0.11048481852078837,0
8981,554,101.75729866003948,QR,Travel,US,23,0.031600886100326804,0.1430885980668271,0
3459,353,313.12027814922203,ATM,Grocery,TR,15,0.06798694269143167,0.02125619908873125,0
6500,970,84.24200584867641,Online,Grocery,US,23,0.2388218092497747,0.05817638780209625,0
3594,138,199.93048036416525,POS,Food,TR,5,0.03378916477662752,0.10588407300186388,0
5436,430,22.49056374568348,ATM,Clothing,US,15,0.08870664009203265,0.1147305684927903,0
2614,367,59.892836087828556,Online,Grocery,TR,10,0.12478703351687431,0.12730680684475731,0
7151,956,107.17886070642592,POS,Travel,DE,21,0.15269482491934208,0.08696299950400598,1
133,914,57.13414221780557,ATM,Food,FR,13,0.2667036817291757,0.4323228933778547,0
6176,758,82.63516236109554,ATM,Electronics,FR,13,0.08479249829624967,0.017828188983269096,0
4670,993,204.40778597649054,ATM,Travel,UK,9,0.0883794670832946,0.06429408488486195,0
5547,625,15.775791095519017,POS,Grocery,UK,7,0.10451087342495438,0.03774625457293454,0
4245,586,1002.4239029716631,Online,Electronics,UK,9,0.2777487491450218,0.8373712875484232,1
1979,499,4.3152653396513685,Online,Grocery,TR,19,0.056036756842687746,0.25243657999717023,0
5948,739,1487.8213898602717,QR,Electronics,DE,19,0.3330935936779613,0.816630754129157,0
1478,516,1.9447688373826688,ATM,Grocery,UK,13,0.06073082899817885,0.05627329083246362,0
7081,88,298.9319871365699,ATM,Food,US,20,0.24927754293586085,0.18572786961375343,0
3142,953,1334.7268183035317,POS,Electronics,US,19,0.4472354293990964,0.47188621207683273,0
4083,198,101.02623631240176,Online,Electronics,UK,16,0.180031514465498,0.15134108491487455,0
7552,140,604.3990862726953,QR,Electronics,FR,6,0.13737322403508426,0.05914161768937414,0
8582,286,296.135381683592,QR,Travel,TR,12,0.198422060040426,0.32103228698675573,0
4074,508,24.18974230828035,Online,Clothing,UK,16,0.16593941916709662,0.07272735117549799,0
6036,857,1.2212956967759074,Online,Travel,UK,10,0.2924016229562002,0.2920568418912417,1
7527,98,177.83268198983922,Online,Food,DE,18,0.3021984958624898,0.06883139964349157,0
6898,417,303.0632002568394,QR,Travel,FR,17,0.10775170707110428,0.1030180099879779,0
8690,117,313.59430835992663,QR,Food,FR,21,0.19357025061754465,0.18805210691247073,0
8829,172,156.6936201093647,ATM,Clothing,DE,16,0.11838698490313089,0.3309530895281186,0
2122,255,407.45116000664615,Online,Food,TR,17,0.362378543252077,0.42157793968080304,0
9672,302,156.53388383017838,QR,Travel,DE,20,0.07981999013896458,0.09823737315435561,0
1692,519,14.66541114174036,Online,Grocery,UK,17,0.24661963473068227,0.07954063395044908,0
9907,902,104.73141355263444,Online,Food,DE,19,0.503830058240762,0.13673040600362993,0
3415,570,11.089369107238419,Online,Clothing,FR,10,0.06032032686194124,0.12896287091124345,0
1833,355,205.19492495424842,QR,Clothing,TR,22,0.12871566674598528,0.00798213352404293,0
3155,715,172.41573149835745,POS,Food,FR,0,0.08119937932095561,0.013543765617430998,0
3018,334,66.57951705785172,POS,Clothing,DE,7,0.1964459737772311,0.3009266451225508,0
1274,568,37.15559719198424,QR,Travel,TR,16,0.10938439865327573,0.15450693360844187,0
3551,110,768.6761134843758,QR,Electronics,TR,17,0.2857190140773119,0.0786454131163422,0
6681,187,294.23292870483374,Online,Electronics,DE,11,0.22626134846349744,0.5695030026433754,0
4638,705,39.950854645110844,POS,Grocery,FR,22,0.04624503373084111,0.10172415545785342,0
2042,180,202.76326330658168,Online,Food,UK,14,0.13431044510437082,0.006869087846831524,0
967,445,22.026413345133825,ATM,Grocery,TR,20,0.15760414044522353,0.023132716510581606,0
5344,610,48.533916800440885,Online,Food,TR,22,0.17460452335607793,0.18770031995666603,0
7870,359,4.058983047459836,Online,Grocery,TR,4,0.062061113047907034,0.09790413647485297,1
1405,663,151.31782683569747,QR,Grocery,TR,22,0.7073052406102616,0.34494137642345835,0
4665,874,40.94115560497173,ATM,Grocery,FR,10,0.02766993760624065,0.025726984985117433,0
5658,158,767.0634317699404,POS,Clothing,TR,11,0.08879813741557131,0.19919835932367877,0
9227,915,10.038617691062278,QR,Travel,NG,9,0.1873849948698933,0.28346957667520933,0
7438,765,459.948338656493,POS,Electronics,UK,9,0.1169807110753528,0.08458764504640377,0
5099,238,65.09002605654155,POS,Electronics,DE,11,0.0697257267492993,0.14684553780211798,0
1258,314,221.682039423901,POS,Electronics,FR,11,0.28693700260761223,0.1733768813758544,0
7465,119,9.487035277343852,POS,Electronics,DE,17,0.31216287754059746,0.2195256580031049,0
8050,140,970.6981730027583,QR,Grocery,FR,16,0.29738119989829626,0.5259693939118288,0
1757,922,116.82314090962144,QR,Food,TR,17,0.16270422581385863,0.35706161043277,0
256,154,467.39263654440293,QR,Food,DE,22,0.11387821260324589,0.30284504586810324,0
1982,400,141.7527541132678,QR,Clothing,DE,13,0.05443666945111438,0.050909664078520246,0
5172,844,12.186596128022593,QR,Travel,FR,3,0.07443949353078343,0.019787584541837818,0
863,958,15.21677611205683,QR,Food,US,11,0.17228668724287813,0.04033886483386134,0
9436,456,2.4822016629033192,QR,Grocery,FR,6,0.15850837929848918,0.3767313600775451,0
1282,654,147.11943108448463,Online,Travel,DE,9,0.0974178069606998,0.010006992494585299,0
6498,443,168.69077559771299,ATM,Food,DE,7,0.5574953514234084,0.1690081674397146,0
4616,171,77.6550118017878,QR,Food,UK,8,0.5569052608269455,0.026346019112459266,0
7515,928,237.59620748463843,Online,Travel,FR,19,0.05221846718022621,0.3129246663988623,0
8612,470,158.46441792100282,QR,Electronics,DE,10,0.07489799325132329,0.0829564576873729,0
6405,826,359.2800811944542,Online,Travel,UK,8,0.24813083329161223,0.11834888582451397,0
4931,914,129.7581047851924,QR,Clothing,US,4,0.1106250194575139,0.09052876354620375,0
5930,771,235.6886411397746,POS,Electronics,UK,22,0.23438242807862125,0.2675204477752234,0
5277,321,57.252515312655305,QR,Grocery,FR,10,0.0605538534561818,0.014385630410616253,0
5905,700,4.495410733947148,Online,Food,US,21,0.5963974179124546,0.07990953816662907,0
9103,532,49.338717895270115,QR,Food,UK,12,0.01693629289988807,0.09736600732428638,0
5524,540,199.98015057622183,POS,Travel,TR,22,0.0566446695692663,0.0905196262415471,0
7233,945,269.07482468165574,QR,Travel,US,17,0.21609796027315148,0.23082238512304773,0
2951,177,38.35735813557934,QR,Food,DE,23,0.11172702383166298,0.29580670383784774,0
696,647,11.664797702410548,Online,Clothing,US,22,0.052397690794315006,0.10782063175103662,0
1676,274,13.887899995870148,Online,Travel,DE,15,0.2665662118710717,0.4440504580459474,0
3302,601,173.73577624575563,Online,Electronics,TR,17,0.10420535414710246,0.2938074169016743,1
1839,672,125.08390851788846,POS,Food,FR,22,0.12826110965070875,0.1887156442628451,0
4524,218,571.6908032476221,ATM,Grocery,TR,19,0.13801060605730908,0.0990673229143789,0
3502,380,100.20056219777288,QR,Clothing,US,21,0.021340862030920917,0.24313056330265395,0
8816,11,577.1577749552124,Online,Clothing,TR,17,0.5037344474793225,0.3440617565020195,0
8406,502,160.47904245052314,QR,Electronics,US,15,0.3315267838463465,0.126498953438106,0
9108,815,42.3647363530894,ATM,Grocery,UK,21,0.1531006639144823,0.22523480754797048,0
2121,567,264.15717118587344,POS,Clothing,UK,20,0.030451741636806647,0.03741317305995858,0
6890,63,1.4608226426090976,QR,Clothing,US,21,0.08060920555676981,0.13247960680844934,0
2592,165,16.769219917414027,QR,Electronics,FR,21,0.07339377166400601,0.09725466485433383,0
8296,839,514.095217410698,QR,Grocery,FR,23,0.4350006888200964,0.10446925593618862,0
5442,618,35.90436049338891,POS,Food,FR,6,0.28795624703424866,0.13941057340466714,1
7581,43,103.28134670204044,POS,Clothing,TR,14,0.25250048281348386,0.049569345780901594,0
5625,509,807.5879189048865,QR,Travel,FR,21,0.09470846324411783,0.2215493385269443,0
22,603,22.674046667272737,POS,Electronics,US,16,0.048204275393686935,0.24783650473911423,0
2885,651,207.08231643001076,QR,Clothing,UK,14,0.07427351141319584,0.09765431577164871,0
6906,522,66.68372032271941,Online,Grocery,DE,22,0.21049952275691716,0.5103043943257332,0
5667,832,10.295404375499858,Online,Travel,FR,10,0.36708336778627404,0.18689232981749862,0
7129,322,18.338888123667683,ATM,Food,US,12,0.008893189315772328,0.015468022291757314,0
6421,415,94.76321238433009,ATM,Electronics,UK,23,0.23104124521780017,0.125364817792994,0
2617,15,82.0565026331137,POS,Electronics,UK,18,0.18566935267019605,0.2654198149971206,0
5652,549,39.23356472559432,ATM,Electronics,UK,12,0.06612168159024573,0.13493987026445795,0
2731,819,89.50970625841526,QR,Electronics,TR,20,0.024526643794060693,0.011224242403588689,0
6187,111,249.0750009795586,POS,Grocery,DE,14,0.18595613278743894,0.10953780957967868,1
1816,357,431.97757788301465,POS,Clothing,US,19,0.2576592616431228,0.9904356550888543,0
8550,622,38.08674343332157,QR,Electronics,UK,15,0.02800666885106579,0.18144420399959515,0
4308,782,157.01215959533803,QR,Grocery,TR,17,0.22411220194558792,0.057804798450018235,0
8708,619,412.02191269991073,QR,Food,FR,22,0.02145111192540318,0.002132833831826568,0
8197,961,183.94630127890673,POS,Grocery,TR,22,0.25958263637991186,0.5377593735109159,0
1240,549,140.8961199457148,QR,Grocery,DE,21,0.863246752036704,0.23078663844336061,1
1397,699,61.1577076469523,QR,Food,UK,5,0.048603839786234254,0.4368946170793507,0
3763,285,138.76799996269588,Online,Clothing,FR,11,0.1767215731557412,0.34744351747433017,1
6456,476,74.21128077883334,POS,Food,DE,14,0.11812822753266919,0.19806504952030216,0
1352,603,142.17345837394618,QR,Grocery,US,16,0.03063667577510885,0.09952344126494754,0
1031,601,80.16689561007836,POS,Travel,US,17,0.1071262292753153,0.11048546981683195,0
9629,717,7.185696290352097,Online,Grocery,DE,23,0.10204377165735214,0.1636612759100752,0
3950,13,127.70693997976919,POS,Electronics,UK,22,0.09065106798259018,0.15504137279501318,0
3049,939,830.326703058674,POS,Electronics,FR,13,0.5168956101854363,0.45061449519609703,0
7408,668,390.2211478719769,Online,Food,DE,21,0.47955797226612423,0.2421843780251742,0
6177,869,304.03472713893115,Online,Food,TR,11,0.13978014754344378,0.060846027576302704,0
4845,183,131.86937359008644,ATM,Grocery,US,10,0.1482105922675515,0.16088014229602512,0
1286,984,313.5883032641331,POS,Food,US,5,0.08787852848824028,0.32659079823468684,0
8388,937,8.170411792318324,QR,Grocery,US,10,0.032453819106022005,0.0197563967494288,0
4955,662,629.6136561452396,ATM,Food,FR,5,0.1792949554004081,0.3017628467292586,0
3795,156,8.74947739463189,POS,Travel,US,4,0.13506817993470407,0.034000754245733594,0
7439,899,279.48489482536326,ATM,Travel,UK,6,0.09052811320052732,0.09252248476325366,0
8438,223,147.90570300663148,Online,Clothing,TR,17,0.1444492892993688,0.08602553527578997,0
8516,522,36.693430535676406,POS,Electronics,DE,20,0.3467103600888803,0.05618957280051711,0
9297,411,631.5334347704451,ATM,Grocery,UK,9,0.052810041283877764,0.5832100812666766,0
4272,72,878.7366641938094,Online,Travel,US,19,0.18188928616466085,0.14658746616571736,1
5563,924,29.24965235365098,QR,Clothing,DE,16,0.1689162888679148,0.26120332032906074,0
4981,658,76.49671608722088,Online,Clothing,TR,21,0.17904079440580603,0.10136845612808128,0
4203,294,35.64366824732358,ATM,Clothing,DE,14,0.44430653504471895,0.3831587849517779,0
1115,363,101.69516132787325,QR,Clothing,NG,23,0.17590318390054754,0.22223327870980883,0
6799,461,265.10828386426846,QR,Food,FR,11,0.15723920189886645,0.3112291572614379,0
7784,937,1.3045629178610119,ATM,Food,DE,17,0.03375688095612341,0.23668416763373684,0
646,651,48.739623048364706,Online,Electronics,UK,14,0.610393736465895,0.2871063525332678,0
7482,923,29.350450653699756,Online,Travel,UK,20,0.3346732237158701,0.23267990784521206,0
2084,893,7.680998180205224,QR,Electronics,FR,23,0.015101136001181913,0.012658830477639195,0
5676,943,145.1454828182541,QR,Clothing,FR,19,0.2739071584487957,0.36716151210586756,0
92,826,13.57963032147098,POS,Grocery,DE,9,0.00918103714464925,0.010258319187076034,0
2241,129,1.1181654433201698,POS,Clothing,FR,8,0.03296057732928547,0.0678411617384464,0
9066,365,12.15438247033372,POS,Electronics,US,8,0.12552968506833687,0.062389424984215534,0
8040,302,212.15217621582372,POS,Travel,DE,4,0.20615075576207917,0.2734092429176123,1
5609,56,301.75737244873125,ATM,Grocery,TR,20,0.154105142639275,0.13860672352304493,0
1564,804,183.6584706668523,ATM,Food,US,2,0.7097629949081786,0.5693747758634485,0
1968,365,22.79569751459493,ATM,Grocery,DE,6,0.11739451846065768,0.07185823009272103,0
2052,474,7.413278047405423,POS,Electronics,DE,1,0.2513610568657741,0.04087236024917304,0
504,543,623.5783936993462,POS,Food,TR,4,0.24236457434756511,0.22029393098569802,0
6687,621,30.964186404092644,POS,Grocery,US,4,0.40261472885634786,0.15296522444343214,0
8904,819,77.76268837255245,POS,Food,UK,19,0.07525161918363016,0.15469417286171258,0
4512,179,9.012286325731514,POS,Clothing,FR,6,0.08506182124661828,0.0299141536353701,0
1500,119,91.25551047998766,ATM,Travel,DE,18,0.04981350733208471,0.2542416924045933,0
2198,5,69.12365975898062,ATM,Travel,DE,21,0.13386807708650222,0.06435120000139846,0
3719,991,56.38472154076716,QR,Grocery,UK,9,0.1298210931102348,0.22325186845773656,0
2487,949,565.4194000817182,ATM,Grocery,FR,19,0.35654448491141505,0.4196007679400482,0
2246,588,264.4414693300445,Online,Electronics,UK,8,0.2592063260647072,0.22385386360700069,0
2200,413,190.6862065737749,Online,Travel,FR,5,0.14416921265508945,0.28620202071036016,0
5903,887,285.60883753878613,QR,Clothing,UK,18,0.22203394480167926,0.19992949141405192,0
1776,87,159.90889623107876,QR,Clothing,US,23,0.35462753780077877,0.13808562950986186,0
9233,140,61.17154075792064,Online,Food,UK,18,0.0025693759918126104,0.545175945672576,0
9539,330,18.27452825466658,ATM,Food,US,19,0.03829281930076381,0.08213176294045531,0
1975,43,126.28622752787896,POS,Electronics,DE,13,0.3336407040401696,0.39220665675320804,0
4819,400,15.838689723867779,POS,Electronics,US,7,0.3980663970292389,0.11398672865902791,0
2174,795,58.639230384871475,POS,Clothing,TR,22,0.037321591542573515,0.11876193592580916,0
402,49,31.241900495397278,Online,Food,US,14,0.12266121359061413,0.07251675455119944,0
9003,539,360.1075576542046,Online,Travel,FR,17,0.19117903190527744,0.1491155914798398,0
286,985,150.44646297911657,Online,Travel,TR,13,0.5265466113766111,0.06219342448531049,0
1986,338,57.85720017367602,ATM,Grocery,DE,22,0.21825301752434623,0.03720817059818741,0
9689,928,25.879276588088356,Online,Electronics,UK,8,0.05945376393338524,0.2147517417815871,0
3694,543,53.17898612359872,QR,Travel,US,4,0.08103368045852063,0.286806296307815,0
9533,109,39.771710453845465,POS,Food,DE,17,0.2009155842298616,0.09952803338912283,0
5778,210,106.16070490099692,POS,Grocery,DE,9,0.1514189760167173,0.11646843100886828,0
3855,336,263.629681238224,ATM,Clothing,TR,11,0.226809635575468,0.4745365100360797,0
3439,558,812.1417925145753,POS,Electronics,DE,12,0.22101258639227242,0.16300989963758683,0
2002,911,26.95009598457159,POS,Clothing,TR,9,0.01492313083944404,0.005691642403146941,0
4575,376,30.34782247345874,POS,Grocery,TR,13,0.046893402799761695,0.029438387730492486,0
141,131,8.351111906181028,QR,Clothing,US,16,0.01017003357426988,0.05638955973530195,0
4807,62,72.10253556599018,Online,Clothing,TR,11,0.37571372551648297,0.428519939162498,0
8099,644,21.859340482309378,ATM,Clothing,TR,16,0.12374160314690304,0.36395127919939935,0
5995,440,96.56618403843102,QR,Travel,TR,14,0.3596164559733518,0.019009291113584507,0
1749,0,85.27914864080851,POS,Grocery,US,11,0.03687146505116392,0.11693719173595524,0
9212,761,25.912865450035873,QR,Food,TR,10,0.015130825188162668,0.004887149521632682,0
3424,894,583.6086160029705,QR,Grocery,DE,14,0.1934143664835232,0.05324489276966257,0
9502,616,31.447163029806408,QR,Food,FR,21,0.3477506072485502,0.04958900102965106,0
1688,792,1.2357984326417062,POS,Grocery,US,9,0.1365072609623714,0.03591026859917866,0
2105,553,144.90911078910537,Online,Clothing,DE,23,0.38500563877576666,0.5156183308395571,0
7712,72,7.089300416101942,POS,Clothing,FR,18,0.1196953296500887,0.07831475711590108,0
517,517,127.60495640319442,QR,Electronics,DE,17,0.15372692584100692,0.36422134373221837,0
7289,375,788.2890442852635,QR,Travel,UK,17,0.306480100149744,0.5277890989365918,0
5986,875,193.4701498872255,Online,Grocery,FR,10,0.03251732916498086,0.18756105487997235,0
2822,990,100.70651453707265,ATM,Clothing,UK,9,0.5323778689964226,0.36874497550915664,0
4856,560,557.0354868005091,ATM,Electronics,FR,15,0.640606351098003,0.5224651684986908,0
5043,595,69.2934408240128,QR,Grocery,TR,6,0.00756527441604644,0.01461734641779365,0
2407,286,496.43846660397406,QR,Grocery,US,14,0.12065169628086504,0.17094671451167825,0
6720,128,44.89705537943219,QR,Clothing,DE,17,0.24547611177304096,0.053905587502805746,0
4651,373,32.34847216264551,POS,Clothing,US,20,0.06805937071488889,0.14607192169079417,0
299,281,273.29302595816546,QR,Grocery,TR,14,0.16213905226241118,0.5057837435140885,0
3618,274,58.1345753319946,POS,Food,FR,21,0.03289463559807189,0.03570456827499182,0
2636,129,29.452751716991287,Online,Grocery,TR,18,0.3523519776684777,0.10143349064512204,0
1253,87,138.5671878946345,POS,Food,US,21,0.10488108828497557,0.2751641150410196,0
3709,194,592.6924550280327,ATM,Grocery,UK,20,0.09791330909503286,0.5207729647627208,0
3249,197,129.1851648116791,Online,Electronics,US,13,0.1091684198384188,0.03085853831722419,0
917,696,196.02164455335677,POS,Grocery,DE,16,0.10503460338504204,0.39796594239856,0
8267,180,15.33652591709567,QR,Travel,FR,14,0.21185139091512953,0.27231511016186105,1
4057,432,150.25352703501073,ATM,Grocery,UK,15,0.3231567780072888,0.08315799830646185,0
2697,756,167.97382507124635,ATM,Grocery,UK,19,0.06937212255641374,0.21899387180526417,0
2463,167,507.70192402494007,Online,Electronics,DE,15,0.10363702453413205,0.2083151378466113,0
1579,358,153.4410144956651,POS,Grocery,UK,7,0.035823583083375354,0.41500561360600075,0
1919,857,86.51971771596077,ATM,Travel,DE,17,0.038353192962946384,0.11414410420458647,0
1540,89,278.70401740639704,Online,Food,DE,17,0.11148580919680967,0.1084069249302127,0
1432,614,38.77270190824275,Online,Food,NG,5,0.16056425974354502,0.24540053398635517,0
9621,819,6.4479042530693444,POS,Travel,UK,20,0.06779186081287211,0.11339282972931032,0
623,370,15.628203903396455,POS,Electronics,FR,22,0.030857714903782755,0.061450133506137455,0
3669,108,15.56044486328557,QR,Clothing,FR,16,0.032365041483302444,0.10825593580615567,0
4741,265,6.958472647470825,QR,Travel,TR,7,0.25579623778104404,0.2959476768204631,0
5571,295,171.97694564662132,ATM,Food,UK,17,0.02573250575570055,0.18167748254186436,0
850,921,299.43682124370883,POS,Clothing,TR,18,0.12742743031486664,0.1281979256113945,0
814,174,160.82495861352737,ATM,Food,TR,16,0.0019915447571346285,0.11661826613365127,0
2583,768,140.45937730752672,POS,Food,US,15,0.10062636056916746,0.14230613388297125,0
3290,682,233.0970415282197,Online,Food,TR,18,0.41854343588328646,0.4829633241003573,0
2291,566,13.117439129169783,POS,Food,FR,10,0.3260939860059743,0.026789707269437697,0
2903,425,121.2225292403304,Online,Clothing,FR,21,0.008465145257666996,0.3404769875836574,0
1765,335,333.2960183357969,ATM,Electronics,US,23,0.015213158400482497,0.061386392758030886,0
5294,191,47.86048381841081,QR,Grocery,TR,13,0.21851883997251578,0.09233000222523743,0
9701,453,46.46268525391082,ATM,Electronics,FR,21,0.17403826730356484,0.02948977917115206,0
3082,944,358.98458239071095,POS,Electronics,TR,18,0.17542684400999825,0.2728293609408851,0
2893,624,528.9546237544982,ATM,Electronics,FR,13,0.21334558835428383,0.5510642307963309,0
3432,257,27.39986064887565,QR,Clothing,UK,12,0.08576779020642265,0.18789401935480246,0
5997,782,225.48408682244818,POS,Clothing,DE,23,0.06811736363635017,0.10853114412874791,0
8469,422,12.923409877659521,POS,Electronics,FR,18,0.1737042121359928,0.17129138368841385,0
1599,672,381.70914923898596,POS,Clothing,UK,17,0.027750834631041128,0.07992036163027433,0
9811,444,286.8608989210292,ATM,Food,UK,19,0.17610561362600485,0.3027896305403645,1
4451,135,348.08399949515746,POS,Travel,US,14,0.38823576849332075,0.14935923338650614,0
5335,579,110.23624948225041,QR,Food,DE,16,0.08779448887434964,0.21716052465246555,0
1360,203,63.29370181829044,QR,Travel,TR,20,0.20693361213916306,0.04996666593213086,0
1420,745,1.0230301610487895,Online,Grocery,DE,21,0.00012954545589867006,0.0048976171067372995,0
732,628,411.0707680203985,QR,Electronics,FR,13,0.998736630233235,0.5966670410729485,1
2979,955,68.66462446819996,Online,Food,DE,20,0.07960744815826684,0.3463606049281112,0
2337,915,26.587225603335657,ATM,Clothing,US,16,0.029651081740795202,0.16786971691813113,0
7403,202,103.77315866441711,ATM,Travel,FR,21,0.06477873411989549,0.10468929380231157,0
4596,528,497.82840713320786,QR,Travel,US,22,0.2243382461162445,0.015634304666597796,0
9186,936,176.0639964835257,POS,Food,TR,9,0.10162032279922781,0.3698863716182741,0
5771,83,335.18528276240346,ATM,Grocery,US,14,0.24640427801653758,0.35195821626607654,0
8806,945,460.37679333086805,POS,Grocery,TR,10,0.4388491966463712,0.2174603737711913,0
7440,397,31.586559634177384,QR,Travel,FR,13,0.10761688673742996,0.2067667666066951,0
2065,618,313.4421005292946,POS,Clothing,UK,11,0.009900502634447689,0.26908958657253845,0
6686,955,20.689454773267396,Online,Travel,FR,20,0.11405198732397322,0.4317670231680544,0
3983,391,462.09376809936407,QR,Clothing,NG,7,0.5046879895568891,0.39080265339959736,0
3420,11,44.1489721916086,POS,Grocery,TR,12,0.25504151657794183,0.05600016571412456,0
4256,856,96.74813238036703,Online,Food,TR,6,0.07327508338119931,0.08054536878590876,0
4394,165,8.849540585570386,POS,Electronics,FR,17,0.3043733690651885,0.15878410839174556,0
4198,759,41.1492372825268,ATM,Travel,US,11,0.04805005663118658,0.12026239817494985,0
6898,498,46.94920971472667,Online,Electronics,FR,18,0.3400681097038609,0.22566797775145925,0
4285,498,348.3574384863468,Online,Grocery,TR,14,0.009017055261673663,0.08848091513505647,0
5623,637,154.00722263022524,ATM,Food,FR,19,0.10750783173725455,0.0932082922852712,0
9259,541,179.87733521148678,POS,Clothing,US,20,0.3852894176090035,0.05740290561391499,0
8435,928,849.1858318387364,Online,Clothing,FR,9,0.3962911038910589,0.4831558025713613,0
3525,795,116.4007918580973,Online,Travel,DE,18,0.19721021542561454,0.18891896631010163,0
8377,447,256.9838242021244,QR,Grocery,US,17,0.2942731296682828,0.5368617974986108,0
7118,177,428.8737933887945,Online,Electronics,US,8,0.18708791239408076,0.15789566627044252,0
5191,851,122.59727379428092,Online,Grocery,US,12,0.08552889094534853,0.092317354858451,0
6172,391,54.137851003870615,POS,Clothing,US,18,0.05681630603423212,0.01751204880072217,0
7382,218,7.761988269852895,POS,Clothing,FR,17,0.07271445440309784,0.003979215513442002,0
2839,494,123.75778051667923,ATM,Travel,UK,11,0.059162099738565586,0.24576068427931325,0
6594,222,59.78422090147983,Online,Food,FR,12,0.19570386134097742,0.05826462416375094,0
5363,586,31.192549272313354,Online,Food,FR,20,0.21847380835569433,0.6183713989264329,0
9848,917,35.59581964253861,QR,Electronics,UK,17,0.08447474688647169,0.08680076830114554,0
6409,373,6.37293421891956,QR,Grocery,DE,19,0.2898373193126227,0.06860468096640394,0
2004,106,82.79714149283063,QR,Travel,FR,14,0.2889438940575632,0.242754549645256,0
5847,291,166.5093613097261,QR,Clothing,DE,18,0.10289455192002588,0.10780978886389173,0
4775,541,100.9821295995936,ATM,Food,US,12,0.2336524646425037,0.1509200581530528,0
5014,893,569.0921896985774,ATM,Clothing,UK,5,0.1076136474295256,0.8964267231575571,0
1478,721,363.276235934992,ATM,Food,US,22,0.5678732346838229,0.19378528974542747,0
7921,381,206.27468079793488,POS,Travel,DE,13,0.24241114476168313,0.030552012823476447,0
8416,627,752.565694873007,QR,Food,FR,16,0.5920796476505066,0.1663637041506673,0
6531,557,220.09419242589024,ATM,Travel,US,15,0.24337940581132952,0.49500657729380637,0
2729,280,6.749250456559334,Online,Electronics,TR,18,0.029072050704341643,0.008676491202100723,0
5334,321,20.608791793242,ATM,Grocery,FR,20,0.07140277978740536,0.4864253477732597,1
7335,836,35.482907664926095,QR,Grocery,DE,7,0.11785385821159824,0.40928769221849515,0
6270,771,337.3678166219818,POS,Travel,US,18,0.04808187792350733,0.22097481338144778,0
7407,397,6.528333428506717,ATM,Electronics,TR,2,0.1341797397046616,0.019435094967346345,0
8437,893,94.45517036800143,ATM,Electronics,FR,20,0.005783422915937755,0.02537567832560396,0
3104,400,1.6991095788638417,ATM,Travel,US,13,0.09577829697038422,0.013010301766843629,0
4490,384,106.26064091489341,POS,Electronics,FR,14,0.2366432226060877,0.3174930796105969,0
5356,55,788.4474627952783,POS,Electronics,US,8,0.12532485901727602,0.262533903662769,0
8485,44,559.0270069396684,QR,Grocery,UK,18,0.27731790160643083,0.015732229565997,0
9798,315,3.3657241881279876,QR,Grocery,US,16,0.25745200368237864,0.005454713762155538,0
9319,157,306.3231290072137,Online,Food,FR,9,0.10913583218910251,0.20423695511312126,0
9219,415,141.10034010302866,ATM,Clothing,TR,18,0.012947152010078289,0.05458401346138057,0
2318,475,109.15137657039664,ATM,Food,TR,16,0.09654308888961771,0.14227472102895186,0
9942,748,113.34446842979152,ATM,Travel,FR,21,0.3381001944188552,0.3419648750458743,0
3405,645,44.96168084428535,ATM,Travel,FR,6,0.10741108568232283,0.022273055422868233,0
9749,186,2.230348820166675,Online,Electronics,DE,16,0.01365613134649464,0.025237586601907402,0
693,470,200.2110458175236,POS,Electronics,US,18,0.030495208365288882,0.13267336992657602,0
2060,386,12.357803361458766,ATM,Clothing,DE,21,0.09698293162651325,0.012370933863132635,0
6456,876,672.6126637092523,ATM,Travel,TR,11,0.09471302397471237,0.062164827865515214,0
7544,518,87.92411724091782,POS,Travel,TR,13,0.22261040155544148,0.09667444071058227,0
8961,839,102.44882556359559,POS,Food,US,11,0.43091719463006295,0.27659426682657057,0
7934,4,9.886068314339166,QR,Electronics,UK,23,0.016111182843501503,0.09283096386494197,0
4043,441,183.20863563823215,Online,Travel,UK,13,0.10304015624151126,0.07997295092049904,0
756,535,109.28106027119182,POS,Clothing,TR,8,0.034539721644894585,0.14927150642816295,0
3951,924,447.6278249286716,QR,Electronics,US,2,0.18744365590023232,0.7559549283117107,0
869,714,10.864743637795998,Online,Clothing,UK,17,0.017155061367523036,0.13063336288662447,0
687,103,129.73697312611992,QR,Electronics,FR,6,0.12260172011189922,0.10982871700174486,0
6707,795,95.74762205355246,QR,Clothing,UK,8,0.02153063694937231,0.2659349835733159,0
4523,61,33.40326019395715,POS,Food,FR,20,0.4533245213026096,0.474698386446051,0
1290,21,150.94799123626245,ATM,Food,TR,15,0.04247932533818657,0.12069950023839544,0
4660,975,277.9690098088458,ATM,Clothing,US,22,0.14916497248172547,0.17896049572213588,0
9930,68,119.31230961857896,QR,Electronics,UK,10,0.07648490236716396,0.05411237237221549,0
6267,498,350.82700170786944,QR,Travel,FR,18,0.03783720853048906,0.08512754799999454,0
4485,38,724.4107447796395,ATM,Grocery,NG,17,0.5620180608728381,0.5944375478178301,0
9368,525,58.26501721194827,POS,Electronics,US,21,0.11531302117288576,0.25252225870369027,0
596,308,20.671925182982203,Online,Food,NG,14,0.2906816567805295,0.24932951722202715,0
7286,545,12.763340304998746,ATM,Food,TR,16,0.017650842067278027,0.011589105145066524,0
690,661,107.08255820450046,POS,Travel,DE,5,0.3621877992971812,0.32294706257265743,1
7152,486,449.6086037588635,Online,Food,DE,5,0.3454766538695103,0.3876261146466399,0
4655,208,390.047894767208,QR,Clothing,NG,19,0.8275159661143365,0.4324320264165774,0
6034,209,21.712195444040592,QR,Food,UK,19,0.024180420644464823,0.05485727880439499,0
908,474,120.43201213539078,POS,Clothing,US,11,0.07876407163884942,0.36252514708628275,1
5007,437,575.1987640720546,QR,Food,US,20,0.2293560769734363,0.7152242783846956,0
5440,833,8.690257365636219,ATM,Food,DE,10,0.004538512216578928,0.32654867868988624,0
5150,18,5.67343583097332,ATM,Clothing,US,5,0.13963111151685478,0.036341095883389685,0
2975,870,297.56766869202073,Online,Electronics,FR,17,0.48906181077437105,0.4704507691167533,0
5659,206,57.24666127219705,Online,Electronics,FR,15,0.06646760039369941,0.4612051208595364,0
5502,658,164.0417189608225,Online,Food,UK,15,0.7958027462115977,0.42341978769754535,0
5087,199,77.30312013289844,POS,Grocery,TR,10,0.08147479769335889,0.2569093446449274,0
3678,525,12.122344989704265,POS,Electronics,US,3,0.31510669637314537,0.04680923797349118,0
3040,832,5.473810027269314,Online,Electronics,US,18,0.07151096293238884,0.07261480589182014,0
3594,278,718.6732196090583,ATM,Food,UK,18,0.11025806639438564,0.11700444991173041,0
693,842,55.96442772071215,QR,Grocery,TR,15,0.04638613651906214,0.07494043693703055,0
5484,136,8.506300641753104,QR,Travel,UK,14,0.08493583378246271,0.05124598331716105,0
2824,276,350.7210774328719,ATM,Clothing,DE,14,0.01845705287183602,0.0769405453410088,0
6510,730,404.2539983812547,ATM,Electronics,UK,22,0.4441968242488966,0.4267512582643851,0
2012,759,330.6172575845619,ATM,Grocery,DE,19,0.15340085342324794,0.0534315670966734,0
3480,690,15.335099217992125,POS,Electronics,FR,9,0.08586669336902887,0.0012083393290697965,0
8395,226,260.5886657018035,Online,Travel,FR,4,0.4370053723910105,0.13774146667856885,0
9143,518,131.21247812659837,QR,Clothing,US,23,0.22036971930012292,0.15962215027739105,1
5463,830,1.3886922368182557,POS,Electronics,TR,13,0.06809913758182315,0.07399104721223931,0
868,548,16.049481551465046,ATM,Grocery,US,11,0.05103788122236278,0.07111536979821002,0
564,56,142.0273930707766,QR,Clothing,FR,13,0.14402894078515865,0.08898915830045677,0
1096,44,8.714691613527824,QR,Electronics,TR,21,0.5861237763623903,0.24798989624579937,0
8053,122,51.19183382844688,Online,Electronics,FR,20,0.02677287521005574,0.20124410372392326,0
344,331,112.45100117753944,QR,Food,NG,20,0.03326116874488819,0.0142713462557289,0
7602,803,52.60497866938463,ATM,Food,UK,21,0.05283491541318023,0.03803637227149268,0
5876,303,20.629450290475148,POS,Clothing,DE,20,0.13098200750284356,0.06343000808835728,0
4136,236,61.167855744984664,Online,Electronics,FR,12,0.10023869263913697,0.31417640957531806,0
7241,462,5.792096078587355,QR,Clothing,FR,20,0.020347109697794758,0.030789581879610707,0
1914,136,416.63929756810137,ATM,Travel,UK,15,0.19229429067116277,0.1002216458188531,0
7354,465,391.0799479104567,ATM,Electronics,DE,2,0.05075002062910002,0.37478118502532803,0
8558,495,63.094378317161514,QR,Food,FR,18,0.1053177176416588,0.0786319455704607,0
3389,521,94.25127571620001,POS,Electronics,FR,9,0.3239069095384598,0.014049667360936512,0
7527,350,36.280364280174524,QR,Travel,UK,18,0.03200515291811676,0.04406603944446907,0
9701,319,9.42620024609824,Online,Electronics,DE,21,0.03292205805559117,0.11885264572878738,0
4325,882,159.6462705721758,QR,Grocery,US,5,0.1688541175670835,0.04577831213486749,0
1186,257,74.59052776529207,ATM,Food,UK,9,0.027370691815749627,0.029574311588567718,0
6682,259,245.4827796672659,Online,Grocery,UK,21,0.248594023553948,0.16125376446562845,0
9302,737,99.11040349113283,QR,Grocery,FR,19,0.19436107585874138,0.2057463499654541,1
6917,682,287.09028005024925,QR,Food,FR,20,0.04545723918057978,0.281016094412487,0
3822,442,15.241900847058998,Online,Clothing,UK,14,0.013028569571371256,0.02922343993419565,0
1246,364,361.90755796634124,QR,Grocery,DE,21,0.4271469569488034,0.30295270422128767,0
9242,60,29.955948255392865,QR,Food,US,16,0.17138613792051738,0.008007996085091888,0
1257,856,312.13264833901275,ATM,Food,TR,20,0.24999618314742034,0.2787003973908802,0
1309,708,25.80713534632229,QR,Electronics,DE,10,0.01685523370835598,0.1481429559420489,0
3581,456,88.68921005904365,POS,Electronics,DE,22,0.09576098313851546,0.5572968804249476,0
7349,606,89.45633402288944,Online,Clothing,UK,22,0.08775937191084425,0.1828034934947438,0
3593,816,8.680587366238042,POS,Food,UK,20,0.09198658941783577,0.11901385537345095,0
9591,77,58.778535623902606,ATM,Travel,FR,18,0.30331907212374604,0.19954606582959816,0
3189,802,339.6117734830096,Online,Clothing,FR,18,0.19908725845195602,0.1421183291743075,1
7347,369,12.12916893525269,QR,Food,TR,8,0.13541132702229763,0.07842104631904817,0
1223,888,1.2468368425542509,ATM,Grocery,UK,19,0.30247212018492176,0.13073140379961634,0
9976,947,143.69282633604107,POS,Grocery,US,14,0.14623166328765325,0.04522824388323336,0
1875,223,126.01091288234406,POS,Food,FR,8,0.2595289112053188,0.3054124179497453,0
8681,804,132.945848147901,ATM,Travel,DE,12,0.013857137132082729,0.22948704509329487,0
6131,737,27.332809876786584,Online,Grocery,UK,6,0.4121803361008928,0.16543650459435832,0
5867,660,87.0174511380991,QR,Electronics,DE,23,0.1340135375015687,0.25439716715980143,0
9367,807,31.031721724172325,QR,Food,FR,18,0.4152123850383911,0.17032665473414726,0
2393,320,73.02659950960998,QR,Clothing,TR,12,0.533031357946495,0.08618572875710306,0
3197,667,61.33487858575371,POS,Food,DE,1,0.06601445577745103,0.022576750197836986,0
5832,364,132.55880422848497,POS,Travel,US,23,0.13081964986907565,0.254316810058967,0
2614,863,242.27659062640225,Online,Clothing,DE,6,0.11639527349484781,0.3072559622173082,0
4780,478,98.51490385519409,QR,Electronics,FR,10,0.23647320578729875,0.10179188254009096,0
3884,861,104.60460942262765,POS,Grocery,UK,1,0.1287699521135017,0.4265733399336368,0
349,446,38.413229626793736,POS,Grocery,FR,6,0.12186353809495862,0.11601924095274792,0
3495,163,649.6474040525349,POS,Travel,UK,17,0.18123510100747545,0.15300269745336645,0
321,153,3.5650790012685754,POS,Grocery,UK,22,0.04194053887123857,0.13527793237369157,0
4742,235,455.5343584481741,QR,Food,FR,16,0.10331856084863121,0.11459122948173635,0
897,912,496.08251102750387,QR,Clothing,TR,6,0.07209141191600545,0.048302534441349056,0
3653,335,92.23342860161554,Online,Grocery,TR,23,0.048618948598347506,0.06352021982216552,0
8273,946,128.58778824091414,QR,Clothing,DE,12,0.012138894294283834,0.11185773221803647,0
2537,127,97.00193034485618,POS,Electronics,TR,14,0.021739906375090313,0.07389871960173769,0
720,338,16.877434148784673,ATM,Grocery,US,23,0.06202266696350605,0.04458325305757726,0
9766,456,214.56030610582712,ATM,Clothing,UK,19,0.24890398313319295,0.24787603889653734,0
3015,82,173.69187723103198,Online,Clothing,DE,11,0.10816557057054862,0.10663621502083413,0
9944,229,414.6331131832264,ATM,Travel,US,20,0.027961460027710928,0.3831683067553758,0
2444,114,87.90398411534512,POS,Travel,US,19,0.0943569702567332,0.31748268619627257,0
3524,868,130.95526453229468,Online,Food,US,12,0.24271886735469994,0.09797016784419067,0
9661,213,400.5052134862542,Online,Clothing,DE,21,0.2060867138452427,0.1735119107661969,1
4482,540,2.6845668440457557,POS,Travel,TR,4,0.06319003691876045,0.008629019061633804,0
6467,56,76.80709310538322,QR,Food,FR,1,0.08555454453557174,0.2680292176905206,0
3379,719,73.19457399921896,ATM,Food,UK,13,0.21908720973537227,0.411583734691478,0
4347,443,59.557787446567815,ATM,Clothing,US,16,0.06054115091479513,0.19406126670093862,0
2355,186,432.13139393988905,ATM,Electronics,FR,12,0.4280176318535007,0.0997783680848035,0
8046,790,20.719920801034743,Online,Grocery,TR,11,0.1354250115002389,0.1984888149068477,0
5101,370,23.279767970771662,POS,Travel,UK,20,0.21666287791818545,0.0677565559602022,0
2128,167,799.3289638783352,POS,Food,UK,20,0.20846830097996696,0.006980704717604937,1
